# R4-B --movement 真实 Unity DS 权威运动验收证据
# 权威来源：真实 Unity DS（PhysX 隔离物理场景）复制下来的 _movementSnapshotV1 与 owner 可靠事件
# 客户端 AP 碰撞世界：PMMoverTestWorld（AABB 替身，WorldVersion=1）——不是 PhysX
# 输入 dt=16ms；节拍=真实 Stopwatch 墙钟；DS 预算由 DS 自己的墙钟累计

## 客户端 A（本端 uid=301，对手 uid=302）
note: ap=ok sp=ok
note: resync 1→2 旧流帧=92 对照帧=176 边界=395→395
apTicksAccepted=395 apTicksRejected=0
apResyncApplied=0 apStreamVersion=1 apUnacked=2 apSnapshotApplied=391 spInterpAuthorityAccepted=64
apDescribe: PMR4MovementDriver role=AutonomousProxy epoch=1 instance=1 stream=1 pending=395 confirmed=393 unacked=2 journalPending=0 journalSeq=2 journalFailed=False frozen=False
apCounters: snapshotQueued=3128 snapshotApplied=391 snapshotDecodeFailed=0 snapshotRejectedIdentity=0 snapshotRejectedStreamNewer=0 snapshotRejectedWorldVersion=0 snapshotQueueDrops=0 snapshotPublished=0 snapshotStreamRebinds=0 snapshotRebindRejectedRegressing=0 snapshotRebindRejectedFrozen=0 rebindFallbacks=0 inputPayloadsSent=395 inputEntriesSent=791 unackedRetired=393 ticks=395 ticksRejected=0 placeholders=0 eventPayloadsReceived=2 eventBatchesAccepted=2 eventBatchesRejected=0 eventDecodeFailed=0 journalFailed=False journalSeqGaps=0 journalDuplicateEvents=0 journalDispatched=3 journalLateDispatches=1 journalOverflows=0 resyncRequestsSent=0 resyncPayloadsReceived=2 resyncApplied=0 resyncRejectedRegressing=0 resyncRejectedOldStream=0 resyncInlineRejected=0 frozen=False threadViolations=0
# owner 可靠事件（kind 1=ModeChanged, 2=Landed）
event kind=1 value=1 key=2113
event kind=1 value=0 key=2505
event kind=2 value=0 key=2506
# AP 侧收到的真实 DS 权威快照轨迹（wallMs,outputFrame,serverFrame,stream,totalMs,x,y,z,mode,grounded,velX,velY,velZ）
1789904138327,0,0,1,0,-3,1,-0.75,Walking,True,0,0,0
1789904138358,1,5886,1,16,-2.99488,1,-0.75,Walking,True,0.32,0,0
1789904138358,1,5886,1,16,-2.99488,1,-0.75,Walking,True,0.32,0,0
1789904138358,1,5886,1,16,-2.99488,1,-0.75,Walking,True,0.32,0,0
1789904138358,1,5886,1,16,-2.99488,1,-0.75,Walking,True,0.32,0,0
1789904138358,1,5886,1,16,-2.99488,1,-0.75,Walking,True,0.32,0,0
1789904138358,1,5886,1,16,-2.99488,1,-0.75,Walking,True,0.32,0,0
1789904138358,1,5886,1,16,-2.99488,1,-0.75,Walking,True,0.32,0,0
1789904138358,1,5886,1,16,-2.99488,1,-0.75,Walking,True,0.32,0,0
1789904138376,2,7452,1,32,-2.98464,1,-0.75,Walking,True,0.64,0,0
1789904138376,2,7452,1,32,-2.98464,1,-0.75,Walking,True,0.64,0,0
1789904138376,2,7452,1,32,-2.98464,1,-0.75,Walking,True,0.64,0,0
1789904138376,2,7452,1,32,-2.98464,1,-0.75,Walking,True,0.64,0,0
1789904138376,2,7452,1,32,-2.98464,1,-0.75,Walking,True,0.64,0,0
1789904138376,2,7452,1,32,-2.98464,1,-0.75,Walking,True,0.64,0,0
1789904138376,2,7452,1,32,-2.98464,1,-0.75,Walking,True,0.64,0,0
1789904138376,2,7452,1,32,-2.98464,1,-0.75,Walking,True,0.64,0,0
1789904138389,3,9155,1,48,-2.96928,1,-0.75,Walking,True,0.96,0,0
1789904138389,3,9155,1,48,-2.96928,1,-0.75,Walking,True,0.96,0,0
1789904138389,3,9155,1,48,-2.96928,1,-0.75,Walking,True,0.96,0,0
1789904138389,3,9155,1,48,-2.96928,1,-0.75,Walking,True,0.96,0,0
1789904138389,3,9155,1,48,-2.96928,1,-0.75,Walking,True,0.96,0,0
1789904138389,3,9155,1,48,-2.96928,1,-0.75,Walking,True,0.96,0,0
1789904138389,3,9155,1,48,-2.96928,1,-0.75,Walking,True,0.96,0,0
1789904138389,3,9155,1,48,-2.96928,1,-0.75,Walking,True,0.96,0,0
1789904138404,4,10416,1,64,-2.9488,1,-0.75,Walking,True,1.28,0,0
1789904138404,4,10416,1,64,-2.9488,1,-0.75,Walking,True,1.28,0,0
1789904138404,4,10416,1,64,-2.9488,1,-0.75,Walking,True,1.28,0,0
1789904138404,4,10416,1,64,-2.9488,1,-0.75,Walking,True,1.28,0,0
1789904138404,4,10416,1,64,-2.9488,1,-0.75,Walking,True,1.28,0,0
1789904138404,4,10416,1,64,-2.9488,1,-0.75,Walking,True,1.28,0,0
1789904138404,4,10416,1,64,-2.9488,1,-0.75,Walking,True,1.28,0,0
1789904138404,4,10416,1,64,-2.9488,1,-0.75,Walking,True,1.28,0,0
1789904138420,5,11888,1,80,-2.9232,1,-0.75,Walking,True,1.6,0,0
1789904138420,5,11888,1,80,-2.9232,1,-0.75,Walking,True,1.6,0,0
1789904138420,5,11888,1,80,-2.9232,1,-0.75,Walking,True,1.6,0,0
1789904138420,5,11888,1,80,-2.9232,1,-0.75,Walking,True,1.6,0,0
1789904138420,5,11888,1,80,-2.9232,1,-0.75,Walking,True,1.6,0,0
1789904138420,5,11888,1,80,-2.9232,1,-0.75,Walking,True,1.6,0,0
1789904138420,5,11888,1,80,-2.9232,1,-0.75,Walking,True,1.6,0,0
1789904138420,5,11888,1,80,-2.9232,1,-0.75,Walking,True,1.6,0,0
1789904138435,6,13457,1,96,-2.89248,1,-0.75,Walking,True,1.92,0,0
1789904138435,6,13457,1,96,-2.89248,1,-0.75,Walking,True,1.92,0,0
1789904138435,6,13457,1,96,-2.89248,1,-0.75,Walking,True,1.92,0,0
1789904138435,6,13457,1,96,-2.89248,1,-0.75,Walking,True,1.92,0,0
1789904138435,6,13457,1,96,-2.89248,1,-0.75,Walking,True,1.92,0,0
1789904138435,6,13457,1,96,-2.89248,1,-0.75,Walking,True,1.92,0,0
1789904138436,6,13457,1,96,-2.89248,1,-0.75,Walking,True,1.92,0,0
1789904138436,6,13457,1,96,-2.89248,1,-0.75,Walking,True,1.92,0,0
1789904138451,7,14996,1,112,-2.85664,1,-0.75,Walking,True,2.24,0,0
1789904138451,7,14996,1,112,-2.85664,1,-0.75,Walking,True,2.24,0,0
1789904138451,7,14996,1,112,-2.85664,1,-0.75,Walking,True,2.24,0,0
1789904138451,7,14996,1,112,-2.85664,1,-0.75,Walking,True,2.24,0,0
1789904138451,7,14996,1,112,-2.85664,1,-0.75,Walking,True,2.24,0,0
1789904138451,7,14996,1,112,-2.85664,1,-0.75,Walking,True,2.24,0,0
1789904138451,7,14996,1,112,-2.85664,1,-0.75,Walking,True,2.24,0,0
1789904138451,7,14996,1,112,-2.85664,1,-0.75,Walking,True,2.24,0,0
1789904138467,8,16427,1,128,-2.81568,1,-0.75,Walking,True,2.56,0,0
1789904138467,8,16427,1,128,-2.81568,1,-0.75,Walking,True,2.56,0,0
1789904138467,8,16427,1,128,-2.81568,1,-0.75,Walking,True,2.56,0,0
1789904138467,8,16427,1,128,-2.81568,1,-0.75,Walking,True,2.56,0,0
1789904138467,8,16427,1,128,-2.81568,1,-0.75,Walking,True,2.56,0,0
1789904138467,8,16427,1,128,-2.81568,1,-0.75,Walking,True,2.56,0,0
1789904138467,8,16427,1,128,-2.81568,1,-0.75,Walking,True,2.56,0,0
1789904138467,8,16427,1,128,-2.81568,1,-0.75,Walking,True,2.56,0,0
1789904138482,9,18062,1,144,-2.7696,1,-0.75,Walking,True,2.88,0,0
1789904138482,9,18062,1,144,-2.7696,1,-0.75,Walking,True,2.88,0,0
1789904138483,9,18062,1,144,-2.7696,1,-0.75,Walking,True,2.88,0,0
1789904138483,9,18062,1,144,-2.7696,1,-0.75,Walking,True,2.88,0,0
1789904138483,9,18062,1,144,-2.7696,1,-0.75,Walking,True,2.88,0,0
1789904138483,9,18062,1,144,-2.7696,1,-0.75,Walking,True,2.88,0,0
1789904138483,9,18062,1,144,-2.7696,1,-0.75,Walking,True,2.88,0,0
1789904138483,9,18062,1,144,-2.7696,1,-0.75,Walking,True,2.88,0,0
1789904138498,10,19580,1,160,-2.7184,1,-0.75,Walking,True,3.2,0,0
1789904138498,10,19580,1,160,-2.7184,1,-0.75,Walking,True,3.2,0,0
1789904138498,10,19580,1,160,-2.7184,1,-0.75,Walking,True,3.2,0,0
1789904138498,10,19580,1,160,-2.7184,1,-0.75,Walking,True,3.2,0,0
1789904138498,10,19580,1,160,-2.7184,1,-0.75,Walking,True,3.2,0,0
1789904138498,10,19580,1,160,-2.7184,1,-0.75,Walking,True,3.2,0,0
1789904138498,10,19580,1,160,-2.7184,1,-0.75,Walking,True,3.2,0,0
1789904138498,10,19580,1,160,-2.7184,1,-0.75,Walking,True,3.2,0,0
1789904138515,11,21089,1,176,-2.66208,1,-0.75,Walking,True,3.52,0,0
1789904138515,11,21089,1,176,-2.66208,1,-0.75,Walking,True,3.52,0,0
1789904138515,11,21089,1,176,-2.66208,1,-0.75,Walking,True,3.52,0,0
1789904138515,11,21089,1,176,-2.66208,1,-0.75,Walking,True,3.52,0,0
1789904138515,11,21089,1,176,-2.66208,1,-0.75,Walking,True,3.52,0,0
1789904138515,11,21089,1,176,-2.66208,1,-0.75,Walking,True,3.52,0,0
1789904138515,11,21089,1,176,-2.66208,1,-0.75,Walking,True,3.52,0,0
1789904138515,11,21089,1,176,-2.66208,1,-0.75,Walking,True,3.52,0,0
1789904138530,12,22600,1,192,-2.60064,1,-0.75,Walking,True,3.84,0,0
1789904138530,12,22600,1,192,-2.60064,1,-0.75,Walking,True,3.84,0,0
1789904138530,12,22600,1,192,-2.60064,1,-0.75,Walking,True,3.84,0,0
1789904138530,12,22600,1,192,-2.60064,1,-0.75,Walking,True,3.84,0,0
1789904138530,12,22600,1,192,-2.60064,1,-0.75,Walking,True,3.84,0,0
1789904138530,12,22600,1,192,-2.60064,1,-0.75,Walking,True,3.84,0,0
1789904138530,12,22600,1,192,-2.60064,1,-0.75,Walking,True,3.84,0,0
1789904138530,12,22600,1,192,-2.60064,1,-0.75,Walking,True,3.84,0,0
1789904138546,13,23974,1,208,-2.53824,1,-0.75,Walking,True,3.9,0,0
1789904138546,13,23974,1,208,-2.53824,1,-0.75,Walking,True,3.9,0,0
1789904138546,13,23974,1,208,-2.53824,1,-0.75,Walking,True,3.9,0,0
1789904138546,13,23974,1,208,-2.53824,1,-0.75,Walking,True,3.9,0,0
1789904138546,13,23974,1,208,-2.53824,1,-0.75,Walking,True,3.9,0,0
1789904138546,13,23974,1,208,-2.53824,1,-0.75,Walking,True,3.9,0,0
1789904138546,13,23974,1,208,-2.53824,1,-0.75,Walking,True,3.9,0,0
1789904138546,13,23974,1,208,-2.53824,1,-0.75,Walking,True,3.9,0,0
1789904138562,14,25347,1,224,-2.47584,1,-0.75,Walking,True,3.9,0,0
1789904138562,14,25347,1,224,-2.47584,1,-0.75,Walking,True,3.9,0,0
1789904138562,14,25347,1,224,-2.47584,1,-0.75,Walking,True,3.9,0,0
1789904138562,14,25347,1,224,-2.47584,1,-0.75,Walking,True,3.9,0,0
1789904138562,14,25347,1,224,-2.47584,1,-0.75,Walking,True,3.9,0,0
1789904138562,14,25347,1,224,-2.47584,1,-0.75,Walking,True,3.9,0,0
1789904138562,14,25347,1,224,-2.47584,1,-0.75,Walking,True,3.9,0,0
1789904138562,14,25347,1,224,-2.47584,1,-0.75,Walking,True,3.9,0,0
1789904138578,15,26831,1,240,-2.41344,1,-0.75,Walking,True,3.9,0,0
1789904138578,15,26831,1,240,-2.41344,1,-0.75,Walking,True,3.9,0,0
1789904138578,15,26831,1,240,-2.41344,1,-0.75,Walking,True,3.9,0,0
1789904138578,15,26831,1,240,-2.41344,1,-0.75,Walking,True,3.9,0,0
1789904138578,15,26831,1,240,-2.41344,1,-0.75,Walking,True,3.9,0,0
1789904138578,15,26831,1,240,-2.41344,1,-0.75,Walking,True,3.9,0,0
1789904138578,15,26831,1,240,-2.41344,1,-0.75,Walking,True,3.9,0,0
1789904138578,15,26831,1,240,-2.41344,1,-0.75,Walking,True,3.9,0,0
1789904138593,16,28176,1,256,-2.351039,1,-0.75,Walking,True,3.9,0,0
1789904138593,16,28176,1,256,-2.351039,1,-0.75,Walking,True,3.9,0,0
1789904138593,16,28176,1,256,-2.351039,1,-0.75,Walking,True,3.9,0,0
1789904138593,16,28176,1,256,-2.351039,1,-0.75,Walking,True,3.9,0,0
1789904138593,16,28176,1,256,-2.351039,1,-0.75,Walking,True,3.9,0,0
1789904138593,16,28176,1,256,-2.351039,1,-0.75,Walking,True,3.9,0,0
1789904138593,16,28176,1,256,-2.351039,1,-0.75,Walking,True,3.9,0,0
1789904138593,16,28176,1,256,-2.351039,1,-0.75,Walking,True,3.9,0,0
1789904138609,17,29587,1,272,-2.288639,1,-0.75,Walking,True,3.9,0,0
1789904138609,17,29587,1,272,-2.288639,1,-0.75,Walking,True,3.9,0,0
1789904138609,17,29587,1,272,-2.288639,1,-0.75,Walking,True,3.9,0,0
1789904138609,17,29587,1,272,-2.288639,1,-0.75,Walking,True,3.9,0,0
1789904138609,17,29587,1,272,-2.288639,1,-0.75,Walking,True,3.9,0,0
1789904138609,17,29587,1,272,-2.288639,1,-0.75,Walking,True,3.9,0,0
1789904138609,17,29587,1,272,-2.288639,1,-0.75,Walking,True,3.9,0,0
1789904138609,17,29587,1,272,-2.288639,1,-0.75,Walking,True,3.9,0,0
1789904138625,18,31101,1,288,-2.226239,1,-0.75,Walking,True,3.9,0,0
1789904138625,18,31101,1,288,-2.226239,1,-0.75,Walking,True,3.9,0,0
1789904138625,18,31101,1,288,-2.226239,1,-0.75,Walking,True,3.9,0,0
1789904138625,18,31101,1,288,-2.226239,1,-0.75,Walking,True,3.9,0,0
1789904138625,18,31101,1,288,-2.226239,1,-0.75,Walking,True,3.9,0,0
1789904138625,18,31101,1,288,-2.226239,1,-0.75,Walking,True,3.9,0,0
1789904138625,18,31101,1,288,-2.226239,1,-0.75,Walking,True,3.9,0,0
1789904138625,18,31101,1,288,-2.226239,1,-0.75,Walking,True,3.9,0,0
1789904138640,19,32540,1,304,-2.163839,1,-0.75,Walking,True,3.9,0,0
1789904138640,19,32540,1,304,-2.163839,1,-0.75,Walking,True,3.9,0,0
1789904138640,19,32540,1,304,-2.163839,1,-0.75,Walking,True,3.9,0,0
1789904138640,19,32540,1,304,-2.163839,1,-0.75,Walking,True,3.9,0,0
1789904138640,19,32540,1,304,-2.163839,1,-0.75,Walking,True,3.9,0,0
1789904138640,19,32540,1,304,-2.163839,1,-0.75,Walking,True,3.9,0,0
1789904138640,19,32540,1,304,-2.163839,1,-0.75,Walking,True,3.9,0,0
1789904138640,19,32540,1,304,-2.163839,1,-0.75,Walking,True,3.9,0,0
1789904138655,20,33939,1,320,-2.101439,1,-0.75,Walking,True,3.9,0,0
1789904138655,20,33939,1,320,-2.101439,1,-0.75,Walking,True,3.9,0,0
1789904138655,20,33939,1,320,-2.101439,1,-0.75,Walking,True,3.9,0,0
1789904138655,20,33939,1,320,-2.101439,1,-0.75,Walking,True,3.9,0,0
1789904138655,20,33939,1,320,-2.101439,1,-0.75,Walking,True,3.9,0,0
1789904138655,20,33939,1,320,-2.101439,1,-0.75,Walking,True,3.9,0,0
1789904138655,20,33939,1,320,-2.101439,1,-0.75,Walking,True,3.9,0,0
1789904138655,20,33939,1,320,-2.101439,1,-0.75,Walking,True,3.9,0,0
1789904138670,21,35387,1,336,-2.039039,1,-0.75,Walking,True,3.9,0,0
1789904138670,21,35387,1,336,-2.039039,1,-0.75,Walking,True,3.9,0,0
1789904138670,21,35387,1,336,-2.039039,1,-0.75,Walking,True,3.9,0,0
1789904138670,21,35387,1,336,-2.039039,1,-0.75,Walking,True,3.9,0,0
1789904138670,21,35387,1,336,-2.039039,1,-0.75,Walking,True,3.9,0,0
1789904138670,21,35387,1,336,-2.039039,1,-0.75,Walking,True,3.9,0,0
1789904138670,21,35387,1,336,-2.039039,1,-0.75,Walking,True,3.9,0,0
1789904138670,21,35387,1,336,-2.039039,1,-0.75,Walking,True,3.9,0,0
1789904138685,22,36773,1,352,-1.976639,1,-0.75,Walking,True,3.9,0,0
1789904138685,22,36773,1,352,-1.976639,1,-0.75,Walking,True,3.9,0,0
1789904138685,22,36773,1,352,-1.976639,1,-0.75,Walking,True,3.9,0,0
1789904138685,22,36773,1,352,-1.976639,1,-0.75,Walking,True,3.9,0,0
1789904138685,22,36773,1,352,-1.976639,1,-0.75,Walking,True,3.9,0,0
1789904138685,22,36773,1,352,-1.976639,1,-0.75,Walking,True,3.9,0,0
1789904138685,22,36773,1,352,-1.976639,1,-0.75,Walking,True,3.9,0,0
1789904138685,22,36773,1,352,-1.976639,1,-0.75,Walking,True,3.9,0,0
1789904138700,23,38151,1,368,-1.914239,1,-0.75,Walking,True,3.9,0,0
1789904138700,23,38151,1,368,-1.914239,1,-0.75,Walking,True,3.9,0,0
1789904138700,23,38151,1,368,-1.914239,1,-0.75,Walking,True,3.9,0,0
1789904138700,23,38151,1,368,-1.914239,1,-0.75,Walking,True,3.9,0,0
1789904138700,23,38151,1,368,-1.914239,1,-0.75,Walking,True,3.9,0,0
1789904138700,23,38151,1,368,-1.914239,1,-0.75,Walking,True,3.9,0,0
1789904138700,23,38151,1,368,-1.914239,1,-0.75,Walking,True,3.9,0,0
1789904138700,23,38151,1,368,-1.914239,1,-0.75,Walking,True,3.9,0,0
1789904138716,24,39577,1,384,-1.851839,1,-0.75,Walking,True,3.9,0,0
1789904138716,24,39577,1,384,-1.851839,1,-0.75,Walking,True,3.9,0,0
1789904138716,24,39577,1,384,-1.851839,1,-0.75,Walking,True,3.9,0,0
1789904138716,24,39577,1,384,-1.851839,1,-0.75,Walking,True,3.9,0,0
1789904138716,24,39577,1,384,-1.851839,1,-0.75,Walking,True,3.9,0,0
1789904138716,24,39577,1,384,-1.851839,1,-0.75,Walking,True,3.9,0,0
1789904138716,24,39577,1,384,-1.851839,1,-0.75,Walking,True,3.9,0,0
1789904138716,24,39577,1,384,-1.851839,1,-0.75,Walking,True,3.9,0,0
1789904138732,25,41121,1,400,-1.789439,1,-0.75,Walking,True,3.9,0,0
1789904138732,25,41121,1,400,-1.789439,1,-0.75,Walking,True,3.9,0,0
1789904138732,25,41121,1,400,-1.789439,1,-0.75,Walking,True,3.9,0,0
1789904138732,25,41121,1,400,-1.789439,1,-0.75,Walking,True,3.9,0,0
1789904138732,25,41121,1,400,-1.789439,1,-0.75,Walking,True,3.9,0,0
1789904138732,25,41121,1,400,-1.789439,1,-0.75,Walking,True,3.9,0,0
1789904138732,25,41121,1,400,-1.789439,1,-0.75,Walking,True,3.9,0,0
1789904138732,25,41121,1,400,-1.789439,1,-0.75,Walking,True,3.9,0,0
1789904138747,26,42641,1,416,-1.727039,1,-0.75,Walking,True,3.9,0,0
1789904138747,26,42641,1,416,-1.727039,1,-0.75,Walking,True,3.9,0,0
1789904138747,26,42641,1,416,-1.727039,1,-0.75,Walking,True,3.9,0,0
1789904138747,26,42641,1,416,-1.727039,1,-0.75,Walking,True,3.9,0,0
1789904138747,26,42641,1,416,-1.727039,1,-0.75,Walking,True,3.9,0,0
1789904138747,26,42641,1,416,-1.727039,1,-0.75,Walking,True,3.9,0,0
1789904138747,26,42641,1,416,-1.727039,1,-0.75,Walking,True,3.9,0,0
1789904138747,26,42641,1,416,-1.727039,1,-0.75,Walking,True,3.9,0,0
1789904138763,27,44138,1,432,-1.664639,1,-0.75,Walking,True,3.9,0,0
1789904138763,27,44138,1,432,-1.664639,1,-0.75,Walking,True,3.9,0,0
1789904138763,27,44138,1,432,-1.664639,1,-0.75,Walking,True,3.9,0,0
1789904138763,27,44138,1,432,-1.664639,1,-0.75,Walking,True,3.9,0,0
1789904138763,27,44138,1,432,-1.664639,1,-0.75,Walking,True,3.9,0,0
1789904138763,27,44138,1,432,-1.664639,1,-0.75,Walking,True,3.9,0,0
1789904138763,27,44138,1,432,-1.664639,1,-0.75,Walking,True,3.9,0,0
1789904138763,27,44138,1,432,-1.664639,1,-0.75,Walking,True,3.9,0,0
1789904138779,28,45553,1,448,-1.602239,1,-0.75,Walking,True,3.9,0,0
1789904138779,28,45553,1,448,-1.602239,1,-0.75,Walking,True,3.9,0,0
1789904138779,28,45553,1,448,-1.602239,1,-0.75,Walking,True,3.9,0,0
1789904138779,28,45553,1,448,-1.602239,1,-0.75,Walking,True,3.9,0,0
1789904138779,28,45553,1,448,-1.602239,1,-0.75,Walking,True,3.9,0,0
1789904138779,28,45553,1,448,-1.602239,1,-0.75,Walking,True,3.9,0,0
1789904138779,28,45553,1,448,-1.602239,1,-0.75,Walking,True,3.9,0,0
1789904138779,28,45553,1,448,-1.602239,1,-0.75,Walking,True,3.9,0,0
1789904138795,29,47069,1,464,-1.539839,1,-0.75,Walking,True,3.9,0,0
1789904138795,29,47069,1,464,-1.539839,1,-0.75,Walking,True,3.9,0,0
1789904138795,29,47069,1,464,-1.539839,1,-0.75,Walking,True,3.9,0,0
1789904138795,29,47069,1,464,-1.539839,1,-0.75,Walking,True,3.9,0,0
1789904138795,29,47069,1,464,-1.539839,1,-0.75,Walking,True,3.9,0,0
1789904138795,29,47069,1,464,-1.539839,1,-0.75,Walking,True,3.9,0,0
1789904138795,29,47069,1,464,-1.539839,1,-0.75,Walking,True,3.9,0,0
1789904138795,29,47069,1,464,-1.539839,1,-0.75,Walking,True,3.9,0,0
1789904138810,30,48542,1,480,-1.477439,1,-0.75,Walking,True,3.9,0,0
1789904138810,30,48542,1,480,-1.477439,1,-0.75,Walking,True,3.9,0,0
1789904138810,30,48542,1,480,-1.477439,1,-0.75,Walking,True,3.9,0,0
1789904138810,30,48542,1,480,-1.477439,1,-0.75,Walking,True,3.9,0,0
1789904138810,30,48542,1,480,-1.477439,1,-0.75,Walking,True,3.9,0,0
1789904138810,30,48542,1,480,-1.477439,1,-0.75,Walking,True,3.9,0,0
1789904138810,30,48542,1,480,-1.477439,1,-0.75,Walking,True,3.9,0,0
1789904138810,30,48542,1,480,-1.477439,1,-0.75,Walking,True,3.9,0,0
1789904138840,31,49921,1,496,-1.415039,1,-0.75,Walking,True,3.9,0,0
1789904138840,31,49921,1,496,-1.415039,1,-0.75,Walking,True,3.9,0,0
1789904138841,31,49921,1,496,-1.415039,1,-0.75,Walking,True,3.9,0,0
1789904138841,31,49921,1,496,-1.415039,1,-0.75,Walking,True,3.9,0,0
1789904138841,31,49921,1,496,-1.415039,1,-0.75,Walking,True,3.9,0,0
1789904138841,31,49921,1,496,-1.415039,1,-0.75,Walking,True,3.9,0,0
1789904138841,31,49921,1,496,-1.415039,1,-0.75,Walking,True,3.9,0,0
1789904138841,31,49921,1,496,-1.415039,1,-0.75,Walking,True,3.9,0,0
1789904138856,32,52918,1,512,-1.352639,1,-0.75,Walking,True,3.9,0,0
1789904138856,32,52918,1,512,-1.352639,1,-0.75,Walking,True,3.9,0,0
1789904138856,32,52918,1,512,-1.352639,1,-0.75,Walking,True,3.9,0,0
1789904138856,32,52918,1,512,-1.352639,1,-0.75,Walking,True,3.9,0,0
1789904138856,32,52918,1,512,-1.352639,1,-0.75,Walking,True,3.9,0,0
1789904138856,32,52918,1,512,-1.352639,1,-0.75,Walking,True,3.9,0,0
1789904138856,32,52918,1,512,-1.352639,1,-0.75,Walking,True,3.9,0,0
1789904138856,32,52918,1,512,-1.352639,1,-0.75,Walking,True,3.9,0,0
1789904138872,33,54299,1,528,-1.290239,1,-0.75,Walking,True,3.9,0,0
1789904138872,33,54299,1,528,-1.290239,1,-0.75,Walking,True,3.9,0,0
1789904138872,33,54299,1,528,-1.290239,1,-0.75,Walking,True,3.9,0,0
1789904138872,33,54299,1,528,-1.290239,1,-0.75,Walking,True,3.9,0,0
1789904138872,33,54299,1,528,-1.290239,1,-0.75,Walking,True,3.9,0,0
1789904138872,33,54299,1,528,-1.290239,1,-0.75,Walking,True,3.9,0,0
1789904138872,33,54299,1,528,-1.290239,1,-0.75,Walking,True,3.9,0,0
1789904138872,33,54299,1,528,-1.290239,1,-0.75,Walking,True,3.9,0,0
1789904138888,34,55761,1,544,-1.227839,1,-0.75,Walking,True,3.9,0,0
1789904138888,34,55761,1,544,-1.227839,1,-0.75,Walking,True,3.9,0,0
1789904138888,34,55761,1,544,-1.227839,1,-0.75,Walking,True,3.9,0,0
1789904138888,34,55761,1,544,-1.227839,1,-0.75,Walking,True,3.9,0,0
1789904138888,34,55761,1,544,-1.227839,1,-0.75,Walking,True,3.9,0,0
1789904138888,34,55761,1,544,-1.227839,1,-0.75,Walking,True,3.9,0,0
1789904138888,34,55761,1,544,-1.227839,1,-0.75,Walking,True,3.9,0,0
1789904138888,34,55761,1,544,-1.227839,1,-0.75,Walking,True,3.9,0,0
1789904138903,35,57272,1,560,-1.165439,1,-0.75,Walking,True,3.9,0,0
1789904138903,35,57272,1,560,-1.165439,1,-0.75,Walking,True,3.9,0,0
1789904138903,35,57272,1,560,-1.165439,1,-0.75,Walking,True,3.9,0,0
1789904138903,35,57272,1,560,-1.165439,1,-0.75,Walking,True,3.9,0,0
1789904138903,35,57272,1,560,-1.165439,1,-0.75,Walking,True,3.9,0,0
1789904138903,35,57272,1,560,-1.165439,1,-0.75,Walking,True,3.9,0,0
1789904138903,35,57272,1,560,-1.165439,1,-0.75,Walking,True,3.9,0,0
1789904138903,35,57272,1,560,-1.165439,1,-0.75,Walking,True,3.9,0,0
1789904138919,36,58698,1,576,-1.103039,1,-0.75,Walking,True,3.9,0,0
1789904138919,36,58698,1,576,-1.103039,1,-0.75,Walking,True,3.9,0,0
1789904138919,36,58698,1,576,-1.103039,1,-0.75,Walking,True,3.9,0,0
1789904138919,36,58698,1,576,-1.103039,1,-0.75,Walking,True,3.9,0,0
1789904138919,36,58698,1,576,-1.103039,1,-0.75,Walking,True,3.9,0,0
1789904138919,36,58698,1,576,-1.103039,1,-0.75,Walking,True,3.9,0,0
1789904138919,36,58698,1,576,-1.103039,1,-0.75,Walking,True,3.9,0,0
1789904138919,36,58698,1,576,-1.103039,1,-0.75,Walking,True,3.9,0,0
1789904138936,37,60206,1,592,-1.040639,1,-0.75,Walking,True,3.9,0,0
1789904138936,37,60206,1,592,-1.040639,1,-0.75,Walking,True,3.9,0,0
1789904138936,37,60206,1,592,-1.040639,1,-0.75,Walking,True,3.9,0,0
1789904138936,37,60206,1,592,-1.040639,1,-0.75,Walking,True,3.9,0,0
1789904138936,37,60206,1,592,-1.040639,1,-0.75,Walking,True,3.9,0,0
1789904138936,37,60206,1,592,-1.040639,1,-0.75,Walking,True,3.9,0,0
1789904138936,37,60206,1,592,-1.040639,1,-0.75,Walking,True,3.9,0,0
1789904138936,37,60206,1,592,-1.040639,1,-0.75,Walking,True,3.9,0,0
1789904138952,38,61759,1,608,-0.978239,1,-0.75,Walking,True,3.9,0,0
1789904138952,38,61759,1,608,-0.978239,1,-0.75,Walking,True,3.9,0,0
1789904138952,38,61759,1,608,-0.978239,1,-0.75,Walking,True,3.9,0,0
1789904138952,38,61759,1,608,-0.978239,1,-0.75,Walking,True,3.9,0,0
1789904138952,38,61759,1,608,-0.978239,1,-0.75,Walking,True,3.9,0,0
1789904138952,38,61759,1,608,-0.978239,1,-0.75,Walking,True,3.9,0,0
1789904138952,38,61759,1,608,-0.978239,1,-0.75,Walking,True,3.9,0,0
1789904138952,38,61759,1,608,-0.978239,1,-0.75,Walking,True,3.9,0,0
1789904138969,39,63308,1,624,-0.915839,1,-0.75,Walking,True,3.9,0,0
1789904138969,39,63308,1,624,-0.915839,1,-0.75,Walking,True,3.9,0,0
1789904138969,39,63308,1,624,-0.915839,1,-0.75,Walking,True,3.9,0,0
1789904138969,39,63308,1,624,-0.915839,1,-0.75,Walking,True,3.9,0,0
1789904138969,39,63308,1,624,-0.915839,1,-0.75,Walking,True,3.9,0,0
1789904138969,39,63308,1,624,-0.915839,1,-0.75,Walking,True,3.9,0,0
1789904138969,39,63308,1,624,-0.915839,1,-0.75,Walking,True,3.9,0,0
1789904138969,39,63308,1,624,-0.915839,1,-0.75,Walking,True,3.9,0,0
1789904138984,40,64911,1,640,-0.901,1,-0.75,Walking,True,3.9,0,0
1789904138984,40,64911,1,640,-0.901,1,-0.75,Walking,True,3.9,0,0
1789904138984,40,64911,1,640,-0.901,1,-0.75,Walking,True,3.9,0,0
1789904138984,40,64911,1,640,-0.901,1,-0.75,Walking,True,3.9,0,0
1789904138984,40,64911,1,640,-0.901,1,-0.75,Walking,True,3.9,0,0
1789904138984,40,64911,1,640,-0.901,1,-0.75,Walking,True,3.9,0,0
1789904138984,40,64911,1,640,-0.901,1,-0.75,Walking,True,3.9,0,0
1789904138984,40,64911,1,640,-0.901,1,-0.75,Walking,True,3.9,0,0
1789904138999,41,66339,1,656,-0.901,1,-0.75,Walking,True,3.9,0,0
1789904138999,41,66339,1,656,-0.901,1,-0.75,Walking,True,3.9,0,0
1789904138999,41,66339,1,656,-0.901,1,-0.75,Walking,True,3.9,0,0
1789904138999,41,66339,1,656,-0.901,1,-0.75,Walking,True,3.9,0,0
1789904138999,41,66339,1,656,-0.901,1,-0.75,Walking,True,3.9,0,0
1789904138999,41,66339,1,656,-0.901,1,-0.75,Walking,True,3.9,0,0
1789904138999,41,66339,1,656,-0.901,1,-0.75,Walking,True,3.9,0,0
1789904138999,41,66339,1,656,-0.901,1,-0.75,Walking,True,3.9,0,0
1789904139014,42,67617,1,672,-0.901,1,-0.75,Walking,True,3.9,0,0
1789904139014,42,67617,1,672,-0.901,1,-0.75,Walking,True,3.9,0,0
1789904139014,42,67617,1,672,-0.901,1,-0.75,Walking,True,3.9,0,0
1789904139014,42,67617,1,672,-0.901,1,-0.75,Walking,True,3.9,0,0
1789904139014,42,67617,1,672,-0.901,1,-0.75,Walking,True,3.9,0,0
1789904139014,42,67617,1,672,-0.901,1,-0.75,Walking,True,3.9,0,0
1789904139014,42,67617,1,672,-0.901,1,-0.75,Walking,True,3.9,0,0
1789904139014,42,67617,1,672,-0.901,1,-0.75,Walking,True,3.9,0,0
1789904139029,43,68970,1,688,-0.901,1,-0.75,Walking,True,3.9,0,0
1789904139029,43,68970,1,688,-0.901,1,-0.75,Walking,True,3.9,0,0
1789904139029,43,68970,1,688,-0.901,1,-0.75,Walking,True,3.9,0,0
1789904139029,43,68970,1,688,-0.901,1,-0.75,Walking,True,3.9,0,0
1789904139029,43,68970,1,688,-0.901,1,-0.75,Walking,True,3.9,0,0
1789904139029,43,68970,1,688,-0.901,1,-0.75,Walking,True,3.9,0,0
1789904139029,43,68970,1,688,-0.901,1,-0.75,Walking,True,3.9,0,0
1789904139029,43,68970,1,688,-0.901,1,-0.75,Walking,True,3.9,0,0
1789904139045,44,70392,1,704,-0.901,1,-0.75,Walking,True,3.9,0,0
1789904139045,44,70392,1,704,-0.901,1,-0.75,Walking,True,3.9,0,0
1789904139045,44,70392,1,704,-0.901,1,-0.75,Walking,True,3.9,0,0
1789904139045,44,70392,1,704,-0.901,1,-0.75,Walking,True,3.9,0,0
1789904139045,44,70392,1,704,-0.901,1,-0.75,Walking,True,3.9,0,0
1789904139045,44,70392,1,704,-0.901,1,-0.75,Walking,True,3.9,0,0
1789904139045,44,70392,1,704,-0.901,1,-0.75,Walking,True,3.9,0,0
1789904139045,44,70392,1,704,-0.901,1,-0.75,Walking,True,3.9,0,0
1789904139060,45,71847,1,720,-0.901,1,-0.75,Walking,True,3.9,0,0
1789904139060,45,71847,1,720,-0.901,1,-0.75,Walking,True,3.9,0,0
1789904139060,45,71847,1,720,-0.901,1,-0.75,Walking,True,3.9,0,0
1789904139060,45,71847,1,720,-0.901,1,-0.75,Walking,True,3.9,0,0
1789904139060,45,71847,1,720,-0.901,1,-0.75,Walking,True,3.9,0,0
1789904139060,45,71847,1,720,-0.901,1,-0.75,Walking,True,3.9,0,0
1789904139060,45,71847,1,720,-0.901,1,-0.75,Walking,True,3.9,0,0
1789904139060,45,71847,1,720,-0.901,1,-0.75,Walking,True,3.9,0,0
1789904139076,46,73240,1,736,-0.901,1,-0.75,Walking,True,3.9,0,0
1789904139076,46,73240,1,736,-0.901,1,-0.75,Walking,True,3.9,0,0
1789904139076,46,73240,1,736,-0.901,1,-0.75,Walking,True,3.9,0,0
1789904139076,46,73240,1,736,-0.901,1,-0.75,Walking,True,3.9,0,0
1789904139076,46,73240,1,736,-0.901,1,-0.75,Walking,True,3.9,0,0
1789904139076,46,73240,1,736,-0.901,1,-0.75,Walking,True,3.9,0,0
1789904139076,46,73240,1,736,-0.901,1,-0.75,Walking,True,3.9,0,0
1789904139076,46,73240,1,736,-0.901,1,-0.75,Walking,True,3.9,0,0
1789904139091,47,74757,1,752,-0.901,1,-0.75,Walking,True,3.9,0,0
1789904139091,47,74757,1,752,-0.901,1,-0.75,Walking,True,3.9,0,0
1789904139091,47,74757,1,752,-0.901,1,-0.75,Walking,True,3.9,0,0
1789904139091,47,74757,1,752,-0.901,1,-0.75,Walking,True,3.9,0,0
1789904139091,47,74757,1,752,-0.901,1,-0.75,Walking,True,3.9,0,0
1789904139091,47,74757,1,752,-0.901,1,-0.75,Walking,True,3.9,0,0
1789904139092,47,74757,1,752,-0.901,1,-0.75,Walking,True,3.9,0,0
1789904139092,47,74757,1,752,-0.901,1,-0.75,Walking,True,3.9,0,0
1789904139107,48,76338,1,768,-0.901,1,-0.75,Walking,True,3.9,0,0
1789904139107,48,76338,1,768,-0.901,1,-0.75,Walking,True,3.9,0,0
1789904139107,48,76338,1,768,-0.901,1,-0.75,Walking,True,3.9,0,0
1789904139107,48,76338,1,768,-0.901,1,-0.75,Walking,True,3.9,0,0
1789904139107,48,76338,1,768,-0.901,1,-0.75,Walking,True,3.9,0,0
1789904139107,48,76338,1,768,-0.901,1,-0.75,Walking,True,3.9,0,0
1789904139107,48,76338,1,768,-0.901,1,-0.75,Walking,True,3.9,0,0
1789904139107,48,76338,1,768,-0.901,1,-0.75,Walking,True,3.9,0,0
1789904139123,49,77858,1,784,-0.901,1,-0.75,Walking,True,3.9,0,0
1789904139123,49,77858,1,784,-0.901,1,-0.75,Walking,True,3.9,0,0
1789904139123,49,77858,1,784,-0.901,1,-0.75,Walking,True,3.9,0,0
1789904139123,49,77858,1,784,-0.901,1,-0.75,Walking,True,3.9,0,0
1789904139123,49,77858,1,784,-0.901,1,-0.75,Walking,True,3.9,0,0
1789904139123,49,77858,1,784,-0.901,1,-0.75,Walking,True,3.9,0,0
1789904139123,49,77858,1,784,-0.901,1,-0.75,Walking,True,3.9,0,0
1789904139123,49,77858,1,784,-0.901,1,-0.75,Walking,True,3.9,0,0
1789904139139,50,79434,1,800,-0.901,1,-0.75,Walking,True,3.9,0,0
1789904139139,50,79434,1,800,-0.901,1,-0.75,Walking,True,3.9,0,0
1789904139139,50,79434,1,800,-0.901,1,-0.75,Walking,True,3.9,0,0
1789904139139,50,79434,1,800,-0.901,1,-0.75,Walking,True,3.9,0,0
1789904139139,50,79434,1,800,-0.901,1,-0.75,Walking,True,3.9,0,0
1789904139139,50,79434,1,800,-0.901,1,-0.75,Walking,True,3.9,0,0
1789904139139,50,79434,1,800,-0.901,1,-0.75,Walking,True,3.9,0,0
1789904139139,50,79434,1,800,-0.901,1,-0.75,Walking,True,3.9,0,0
1789904139154,51,81002,1,816,-0.901,1,-0.75,Walking,True,3.9,0,0
1789904139154,51,81002,1,816,-0.901,1,-0.75,Walking,True,3.9,0,0
1789904139154,51,81002,1,816,-0.901,1,-0.75,Walking,True,3.9,0,0
1789904139154,51,81002,1,816,-0.901,1,-0.75,Walking,True,3.9,0,0
1789904139154,51,81002,1,816,-0.901,1,-0.75,Walking,True,3.9,0,0
1789904139154,51,81002,1,816,-0.901,1,-0.75,Walking,True,3.9,0,0
1789904139154,51,81002,1,816,-0.901,1,-0.75,Walking,True,3.9,0,0
1789904139154,51,81002,1,816,-0.901,1,-0.75,Walking,True,3.9,0,0
1789904139170,52,82473,1,832,-0.901,1,-0.75,Walking,True,3.9,0,0
1789904139170,52,82473,1,832,-0.901,1,-0.75,Walking,True,3.9,0,0
1789904139170,52,82473,1,832,-0.901,1,-0.75,Walking,True,3.9,0,0
1789904139170,52,82473,1,832,-0.901,1,-0.75,Walking,True,3.9,0,0
1789904139170,52,82473,1,832,-0.901,1,-0.75,Walking,True,3.9,0,0
1789904139170,52,82473,1,832,-0.901,1,-0.75,Walking,True,3.9,0,0
1789904139170,52,82473,1,832,-0.901,1,-0.75,Walking,True,3.9,0,0
1789904139170,52,82473,1,832,-0.901,1,-0.75,Walking,True,3.9,0,0
1789904139184,53,84003,1,848,-0.901,1,-0.75,Walking,True,3.9,0,0
1789904139184,53,84003,1,848,-0.901,1,-0.75,Walking,True,3.9,0,0
1789904139184,53,84003,1,848,-0.901,1,-0.75,Walking,True,3.9,0,0
1789904139184,53,84003,1,848,-0.901,1,-0.75,Walking,True,3.9,0,0
1789904139184,53,84003,1,848,-0.901,1,-0.75,Walking,True,3.9,0,0
1789904139185,53,84003,1,848,-0.901,1,-0.75,Walking,True,3.9,0,0
1789904139185,53,84003,1,848,-0.901,1,-0.75,Walking,True,3.9,0,0
1789904139185,53,84003,1,848,-0.901,1,-0.75,Walking,True,3.9,0,0
1789904139200,54,85353,1,864,-0.901,1,-0.75,Walking,True,3.9,0,0
1789904139200,54,85353,1,864,-0.901,1,-0.75,Walking,True,3.9,0,0
1789904139200,54,85353,1,864,-0.901,1,-0.75,Walking,True,3.9,0,0
1789904139200,54,85353,1,864,-0.901,1,-0.75,Walking,True,3.9,0,0
1789904139200,54,85353,1,864,-0.901,1,-0.75,Walking,True,3.9,0,0
1789904139200,54,85353,1,864,-0.901,1,-0.75,Walking,True,3.9,0,0
1789904139200,54,85353,1,864,-0.901,1,-0.75,Walking,True,3.9,0,0
1789904139200,54,85353,1,864,-0.901,1,-0.75,Walking,True,3.9,0,0
1789904139216,55,86856,1,880,-0.901,1,-0.75,Walking,True,3.9,0,0
1789904139216,55,86856,1,880,-0.901,1,-0.75,Walking,True,3.9,0,0
1789904139216,55,86856,1,880,-0.901,1,-0.75,Walking,True,3.9,0,0
1789904139217,55,86856,1,880,-0.901,1,-0.75,Walking,True,3.9,0,0
1789904139217,55,86856,1,880,-0.901,1,-0.75,Walking,True,3.9,0,0
1789904139217,55,86856,1,880,-0.901,1,-0.75,Walking,True,3.9,0,0
1789904139217,55,86856,1,880,-0.901,1,-0.75,Walking,True,3.9,0,0
1789904139217,55,86856,1,880,-0.901,1,-0.75,Walking,True,3.9,0,0
1789904139233,56,88504,1,896,-0.901,1,-0.75,Walking,True,3.9,0,0
1789904139233,56,88504,1,896,-0.901,1,-0.75,Walking,True,3.9,0,0
1789904139233,56,88504,1,896,-0.901,1,-0.75,Walking,True,3.9,0,0
1789904139233,56,88504,1,896,-0.901,1,-0.75,Walking,True,3.9,0,0
1789904139233,56,88504,1,896,-0.901,1,-0.75,Walking,True,3.9,0,0
1789904139233,56,88504,1,896,-0.901,1,-0.75,Walking,True,3.9,0,0
1789904139233,56,88504,1,896,-0.901,1,-0.75,Walking,True,3.9,0,0
1789904139233,56,88504,1,896,-0.901,1,-0.75,Walking,True,3.9,0,0
1789904139248,57,90115,1,912,-0.901,1,-0.75,Walking,True,3.9,0,0
1789904139248,57,90115,1,912,-0.901,1,-0.75,Walking,True,3.9,0,0
1789904139248,57,90115,1,912,-0.901,1,-0.75,Walking,True,3.9,0,0
1789904139248,57,90115,1,912,-0.901,1,-0.75,Walking,True,3.9,0,0
1789904139248,57,90115,1,912,-0.901,1,-0.75,Walking,True,3.9,0,0
1789904139248,57,90115,1,912,-0.901,1,-0.75,Walking,True,3.9,0,0
1789904139248,57,90115,1,912,-0.901,1,-0.75,Walking,True,3.9,0,0
1789904139248,57,90115,1,912,-0.901,1,-0.75,Walking,True,3.9,0,0
1789904139263,58,91617,1,928,-0.901,1,-0.75,Walking,True,3.9,0,0
1789904139263,58,91617,1,928,-0.901,1,-0.75,Walking,True,3.9,0,0
1789904139263,58,91617,1,928,-0.901,1,-0.75,Walking,True,3.9,0,0
1789904139263,58,91617,1,928,-0.901,1,-0.75,Walking,True,3.9,0,0
1789904139263,58,91617,1,928,-0.901,1,-0.75,Walking,True,3.9,0,0
1789904139263,58,91617,1,928,-0.901,1,-0.75,Walking,True,3.9,0,0
1789904139263,58,91617,1,928,-0.901,1,-0.75,Walking,True,3.9,0,0
1789904139263,58,91617,1,928,-0.901,1,-0.75,Walking,True,3.9,0,0
1789904139279,59,93044,1,944,-0.901,1,-0.75,Walking,True,3.9,0,0
1789904139279,59,93044,1,944,-0.901,1,-0.75,Walking,True,3.9,0,0
1789904139279,59,93044,1,944,-0.901,1,-0.75,Walking,True,3.9,0,0
1789904139279,59,93044,1,944,-0.901,1,-0.75,Walking,True,3.9,0,0
1789904139279,59,93044,1,944,-0.901,1,-0.75,Walking,True,3.9,0,0
1789904139279,59,93044,1,944,-0.901,1,-0.75,Walking,True,3.9,0,0
1789904139279,59,93044,1,944,-0.901,1,-0.75,Walking,True,3.9,0,0
1789904139279,59,93044,1,944,-0.901,1,-0.75,Walking,True,3.9,0,0
1789904139295,60,94509,1,960,-0.901,1,-0.75,Walking,True,3.9,0,0
1789904139295,60,94509,1,960,-0.901,1,-0.75,Walking,True,3.9,0,0
1789904139295,60,94509,1,960,-0.901,1,-0.75,Walking,True,3.9,0,0
1789904139295,60,94509,1,960,-0.901,1,-0.75,Walking,True,3.9,0,0
1789904139295,60,94509,1,960,-0.901,1,-0.75,Walking,True,3.9,0,0
1789904139295,60,94509,1,960,-0.901,1,-0.75,Walking,True,3.9,0,0
1789904139295,60,94509,1,960,-0.901,1,-0.75,Walking,True,3.9,0,0
1789904139295,60,94509,1,960,-0.901,1,-0.75,Walking,True,3.9,0,0
1789904139310,61,96010,1,976,-0.901,1,-0.75,Walking,True,3.9,0,0
1789904139310,61,96010,1,976,-0.901,1,-0.75,Walking,True,3.9,0,0
1789904139310,61,96010,1,976,-0.901,1,-0.75,Walking,True,3.9,0,0
1789904139310,61,96010,1,976,-0.901,1,-0.75,Walking,True,3.9,0,0
1789904139310,61,96010,1,976,-0.901,1,-0.75,Walking,True,3.9,0,0
1789904139310,61,96010,1,976,-0.901,1,-0.75,Walking,True,3.9,0,0
1789904139310,61,96010,1,976,-0.901,1,-0.75,Walking,True,3.9,0,0
1789904139310,61,96010,1,976,-0.901,1,-0.75,Walking,True,3.9,0,0
1789904139327,62,97549,1,992,-0.901,1,-0.75,Walking,True,3.9,0,0
1789904139327,62,97549,1,992,-0.901,1,-0.75,Walking,True,3.9,0,0
1789904139327,62,97549,1,992,-0.901,1,-0.75,Walking,True,3.9,0,0
1789904139327,62,97549,1,992,-0.901,1,-0.75,Walking,True,3.9,0,0
1789904139327,62,97549,1,992,-0.901,1,-0.75,Walking,True,3.9,0,0
1789904139327,62,97549,1,992,-0.901,1,-0.75,Walking,True,3.9,0,0
1789904139327,62,97549,1,992,-0.901,1,-0.75,Walking,True,3.9,0,0
1789904139327,62,97549,1,992,-0.901,1,-0.75,Walking,True,3.9,0,0
1789904139342,63,99083,1,1008,-0.901,1,-0.75,Walking,True,3.9,0,0
1789904139342,63,99083,1,1008,-0.901,1,-0.75,Walking,True,3.9,0,0
1789904139342,63,99083,1,1008,-0.901,1,-0.75,Walking,True,3.9,0,0
1789904139342,63,99083,1,1008,-0.901,1,-0.75,Walking,True,3.9,0,0
1789904139342,63,99083,1,1008,-0.901,1,-0.75,Walking,True,3.9,0,0
1789904139342,63,99083,1,1008,-0.901,1,-0.75,Walking,True,3.9,0,0
1789904139342,63,99083,1,1008,-0.901,1,-0.75,Walking,True,3.9,0,0
1789904139342,63,99083,1,1008,-0.901,1,-0.75,Walking,True,3.9,0,0
1789904139357,64,100577,1,1024,-0.901,1,-0.75,Walking,True,3.9,0,0
1789904139357,64,100577,1,1024,-0.901,1,-0.75,Walking,True,3.9,0,0
1789904139357,64,100577,1,1024,-0.901,1,-0.75,Walking,True,3.9,0,0
1789904139357,64,100577,1,1024,-0.901,1,-0.75,Walking,True,3.9,0,0
1789904139357,64,100577,1,1024,-0.901,1,-0.75,Walking,True,3.9,0,0
1789904139357,64,100577,1,1024,-0.901,1,-0.75,Walking,True,3.9,0,0
1789904139357,64,100577,1,1024,-0.901,1,-0.75,Walking,True,3.9,0,0
1789904139357,64,100577,1,1024,-0.901,1,-0.75,Walking,True,3.9,0,0
1789904139373,65,102057,1,1040,-0.901,1,-0.75,Walking,True,3.9,0,0
1789904139373,65,102057,1,1040,-0.901,1,-0.75,Walking,True,3.9,0,0
1789904139373,65,102057,1,1040,-0.901,1,-0.75,Walking,True,3.9,0,0
1789904139373,65,102057,1,1040,-0.901,1,-0.75,Walking,True,3.9,0,0
1789904139373,65,102057,1,1040,-0.901,1,-0.75,Walking,True,3.9,0,0
1789904139373,65,102057,1,1040,-0.901,1,-0.75,Walking,True,3.9,0,0
1789904139373,65,102057,1,1040,-0.901,1,-0.75,Walking,True,3.9,0,0
1789904139373,65,102057,1,1040,-0.901,1,-0.75,Walking,True,3.9,0,0
1789904139388,66,103569,1,1056,-0.901,1,-0.75,Walking,True,3.9,0,0
1789904139388,66,103569,1,1056,-0.901,1,-0.75,Walking,True,3.9,0,0
1789904139388,66,103569,1,1056,-0.901,1,-0.75,Walking,True,3.9,0,0
1789904139388,66,103569,1,1056,-0.901,1,-0.75,Walking,True,3.9,0,0
1789904139388,66,103569,1,1056,-0.901,1,-0.75,Walking,True,3.9,0,0
1789904139388,66,103569,1,1056,-0.901,1,-0.75,Walking,True,3.9,0,0
1789904139388,66,103569,1,1056,-0.901,1,-0.75,Walking,True,3.9,0,0
1789904139388,66,103569,1,1056,-0.901,1,-0.75,Walking,True,3.9,0,0
1789904139403,67,105088,1,1072,-0.901,1,-0.75,Walking,True,3.9,0,0
1789904139403,67,105088,1,1072,-0.901,1,-0.75,Walking,True,3.9,0,0
1789904139403,67,105088,1,1072,-0.901,1,-0.75,Walking,True,3.9,0,0
1789904139403,67,105088,1,1072,-0.901,1,-0.75,Walking,True,3.9,0,0
1789904139403,67,105088,1,1072,-0.901,1,-0.75,Walking,True,3.9,0,0
1789904139403,67,105088,1,1072,-0.901,1,-0.75,Walking,True,3.9,0,0
1789904139403,67,105088,1,1072,-0.901,1,-0.75,Walking,True,3.9,0,0
1789904139403,67,105088,1,1072,-0.901,1,-0.75,Walking,True,3.9,0,0
1789904139419,68,106563,1,1088,-0.901,1,-0.75,Walking,True,3.9,0,0
1789904139419,68,106563,1,1088,-0.901,1,-0.75,Walking,True,3.9,0,0
1789904139419,68,106563,1,1088,-0.901,1,-0.75,Walking,True,3.9,0,0
1789904139419,68,106563,1,1088,-0.901,1,-0.75,Walking,True,3.9,0,0
1789904139419,68,106563,1,1088,-0.901,1,-0.75,Walking,True,3.9,0,0
1789904139419,68,106563,1,1088,-0.901,1,-0.75,Walking,True,3.9,0,0
1789904139419,68,106563,1,1088,-0.901,1,-0.75,Walking,True,3.9,0,0
1789904139419,68,106563,1,1088,-0.901,1,-0.75,Walking,True,3.9,0,0
1789904139434,69,108115,1,1104,-0.901,1,-0.75,Walking,True,3.9,0,0
1789904139434,69,108115,1,1104,-0.901,1,-0.75,Walking,True,3.9,0,0
1789904139434,69,108115,1,1104,-0.901,1,-0.75,Walking,True,3.9,0,0
1789904139434,69,108115,1,1104,-0.901,1,-0.75,Walking,True,3.9,0,0
1789904139434,69,108115,1,1104,-0.901,1,-0.75,Walking,True,3.9,0,0
1789904139434,69,108115,1,1104,-0.901,1,-0.75,Walking,True,3.9,0,0
1789904139434,69,108115,1,1104,-0.901,1,-0.75,Walking,True,3.9,0,0
1789904139434,69,108115,1,1104,-0.901,1,-0.75,Walking,True,3.9,0,0
1789904139465,70,109563,1,1120,-0.901,1,-0.75,Walking,True,3.9,0,0
1789904139465,70,109563,1,1120,-0.901,1,-0.75,Walking,True,3.9,0,0
1789904139465,70,109563,1,1120,-0.901,1,-0.75,Walking,True,3.9,0,0
1789904139465,70,109563,1,1120,-0.901,1,-0.75,Walking,True,3.9,0,0
1789904139465,70,109563,1,1120,-0.901,1,-0.75,Walking,True,3.9,0,0
1789904139465,70,109563,1,1120,-0.901,1,-0.75,Walking,True,3.9,0,0
1789904139465,70,109563,1,1120,-0.901,1,-0.75,Walking,True,3.9,0,0
1789904139465,70,109563,1,1120,-0.901,1,-0.75,Walking,True,3.9,0,0
1789904139480,71,112463,1,1136,-0.901,1,-0.75,Walking,True,3.9,0,0
1789904139480,71,112463,1,1136,-0.901,1,-0.75,Walking,True,3.9,0,0
1789904139480,71,112463,1,1136,-0.901,1,-0.75,Walking,True,3.9,0,0
1789904139480,71,112463,1,1136,-0.901,1,-0.75,Walking,True,3.9,0,0
1789904139480,71,112463,1,1136,-0.901,1,-0.75,Walking,True,3.9,0,0
1789904139480,71,112463,1,1136,-0.901,1,-0.75,Walking,True,3.9,0,0
1789904139480,71,112463,1,1136,-0.901,1,-0.75,Walking,True,3.9,0,0
1789904139480,71,112463,1,1136,-0.901,1,-0.75,Walking,True,3.9,0,0
1789904139495,72,113905,1,1152,-0.901,1,-0.75,Walking,True,3.9,0,0
1789904139495,72,113905,1,1152,-0.901,1,-0.75,Walking,True,3.9,0,0
1789904139495,72,113905,1,1152,-0.901,1,-0.75,Walking,True,3.9,0,0
1789904139495,72,113905,1,1152,-0.901,1,-0.75,Walking,True,3.9,0,0
1789904139495,72,113905,1,1152,-0.901,1,-0.75,Walking,True,3.9,0,0
1789904139495,72,113905,1,1152,-0.901,1,-0.75,Walking,True,3.9,0,0
1789904139495,72,113905,1,1152,-0.901,1,-0.75,Walking,True,3.9,0,0
1789904139495,72,113905,1,1152,-0.901,1,-0.75,Walking,True,3.9,0,0
1789904139511,73,115298,1,1168,-0.901,1,-0.75,Walking,True,3.9,0,0
1789904139511,73,115298,1,1168,-0.901,1,-0.75,Walking,True,3.9,0,0
1789904139511,73,115298,1,1168,-0.901,1,-0.75,Walking,True,3.9,0,0
1789904139511,73,115298,1,1168,-0.901,1,-0.75,Walking,True,3.9,0,0
1789904139511,73,115298,1,1168,-0.901,1,-0.75,Walking,True,3.9,0,0
1789904139511,73,115298,1,1168,-0.901,1,-0.75,Walking,True,3.9,0,0
1789904139511,73,115298,1,1168,-0.901,1,-0.75,Walking,True,3.9,0,0
1789904139511,73,115298,1,1168,-0.901,1,-0.75,Walking,True,3.9,0,0
1789904139527,74,116815,1,1184,-0.901,1,-0.75,Walking,True,3.9,0,0
1789904139527,74,116815,1,1184,-0.901,1,-0.75,Walking,True,3.9,0,0
1789904139527,74,116815,1,1184,-0.901,1,-0.75,Walking,True,3.9,0,0
1789904139527,74,116815,1,1184,-0.901,1,-0.75,Walking,True,3.9,0,0
1789904139527,74,116815,1,1184,-0.901,1,-0.75,Walking,True,3.9,0,0
1789904139527,74,116815,1,1184,-0.901,1,-0.75,Walking,True,3.9,0,0
1789904139527,74,116815,1,1184,-0.901,1,-0.75,Walking,True,3.9,0,0
1789904139527,74,116815,1,1184,-0.901,1,-0.75,Walking,True,3.9,0,0
1789904139542,75,118354,1,1200,-0.901,1,-0.75,Walking,True,3.9,0,0
1789904139542,75,118354,1,1200,-0.901,1,-0.75,Walking,True,3.9,0,0
1789904139542,75,118354,1,1200,-0.901,1,-0.75,Walking,True,3.9,0,0
1789904139542,75,118354,1,1200,-0.901,1,-0.75,Walking,True,3.9,0,0
1789904139542,75,118354,1,1200,-0.901,1,-0.75,Walking,True,3.9,0,0
1789904139542,75,118354,1,1200,-0.901,1,-0.75,Walking,True,3.9,0,0
1789904139542,75,118354,1,1200,-0.901,1,-0.75,Walking,True,3.9,0,0
1789904139542,75,118354,1,1200,-0.901,1,-0.75,Walking,True,3.9,0,0
1789904139558,76,119698,1,1216,-0.901,1,-0.75,Walking,True,3.9,0,0
1789904139558,76,119698,1,1216,-0.901,1,-0.75,Walking,True,3.9,0,0
1789904139558,76,119698,1,1216,-0.901,1,-0.75,Walking,True,3.9,0,0
1789904139558,76,119698,1,1216,-0.901,1,-0.75,Walking,True,3.9,0,0
1789904139558,76,119698,1,1216,-0.901,1,-0.75,Walking,True,3.9,0,0
1789904139558,76,119698,1,1216,-0.901,1,-0.75,Walking,True,3.9,0,0
1789904139558,76,119698,1,1216,-0.901,1,-0.75,Walking,True,3.9,0,0
1789904139558,76,119698,1,1216,-0.901,1,-0.75,Walking,True,3.9,0,0
1789904139574,77,121062,1,1232,-0.901,1,-0.75,Walking,True,3.9,0,0
1789904139574,77,121062,1,1232,-0.901,1,-0.75,Walking,True,3.9,0,0
1789904139574,77,121062,1,1232,-0.901,1,-0.75,Walking,True,3.9,0,0
1789904139574,77,121062,1,1232,-0.901,1,-0.75,Walking,True,3.9,0,0
1789904139574,77,121062,1,1232,-0.901,1,-0.75,Walking,True,3.9,0,0
1789904139574,77,121062,1,1232,-0.901,1,-0.75,Walking,True,3.9,0,0
1789904139574,77,121062,1,1232,-0.901,1,-0.75,Walking,True,3.9,0,0
1789904139574,77,121062,1,1232,-0.901,1,-0.75,Walking,True,3.9,0,0
1789904139591,78,122433,1,1248,-0.901,1,-0.75,Walking,True,3.9,0,0
1789904139591,78,122433,1,1248,-0.901,1,-0.75,Walking,True,3.9,0,0
1789904139591,78,122433,1,1248,-0.901,1,-0.75,Walking,True,3.9,0,0
1789904139591,78,122433,1,1248,-0.901,1,-0.75,Walking,True,3.9,0,0
1789904139591,78,122433,1,1248,-0.901,1,-0.75,Walking,True,3.9,0,0
1789904139591,78,122433,1,1248,-0.901,1,-0.75,Walking,True,3.9,0,0
1789904139591,78,122433,1,1248,-0.901,1,-0.75,Walking,True,3.9,0,0
1789904139591,78,122433,1,1248,-0.901,1,-0.75,Walking,True,3.9,0,0
1789904139606,79,123854,1,1264,-0.901,1,-0.75,Walking,True,3.9,0,0
1789904139606,79,123854,1,1264,-0.901,1,-0.75,Walking,True,3.9,0,0
1789904139606,79,123854,1,1264,-0.901,1,-0.75,Walking,True,3.9,0,0
1789904139606,79,123854,1,1264,-0.901,1,-0.75,Walking,True,3.9,0,0
1789904139606,79,123854,1,1264,-0.901,1,-0.75,Walking,True,3.9,0,0
1789904139606,79,123854,1,1264,-0.901,1,-0.75,Walking,True,3.9,0,0
1789904139606,79,123854,1,1264,-0.901,1,-0.75,Walking,True,3.9,0,0
1789904139606,79,123854,1,1264,-0.901,1,-0.75,Walking,True,3.9,0,0
1789904139622,80,125353,1,1280,-0.901,1,-0.75,Walking,True,3.9,0,0
1789904139622,80,125353,1,1280,-0.901,1,-0.75,Walking,True,3.9,0,0
1789904139622,80,125353,1,1280,-0.901,1,-0.75,Walking,True,3.9,0,0
1789904139622,80,125353,1,1280,-0.901,1,-0.75,Walking,True,3.9,0,0
1789904139622,80,125353,1,1280,-0.901,1,-0.75,Walking,True,3.9,0,0
1789904139622,80,125353,1,1280,-0.901,1,-0.75,Walking,True,3.9,0,0
1789904139622,80,125353,1,1280,-0.901,1,-0.75,Walking,True,3.9,0,0
1789904139622,80,125353,1,1280,-0.901,1,-0.75,Walking,True,3.9,0,0
1789904139637,81,126771,1,1296,-0.901,1,-0.75,Walking,True,3.9,0,0
1789904139637,81,126771,1,1296,-0.901,1,-0.75,Walking,True,3.9,0,0
1789904139637,81,126771,1,1296,-0.901,1,-0.75,Walking,True,3.9,0,0
1789904139637,81,126771,1,1296,-0.901,1,-0.75,Walking,True,3.9,0,0
1789904139637,81,126771,1,1296,-0.901,1,-0.75,Walking,True,3.9,0,0
1789904139637,81,126771,1,1296,-0.901,1,-0.75,Walking,True,3.9,0,0
1789904139637,81,126771,1,1296,-0.901,1,-0.75,Walking,True,3.9,0,0
1789904139637,81,126771,1,1296,-0.901,1,-0.75,Walking,True,3.9,0,0
1789904139652,82,128020,1,1312,-0.901,1,-0.75,Walking,True,3.9,0,0
1789904139652,82,128020,1,1312,-0.901,1,-0.75,Walking,True,3.9,0,0
1789904139652,82,128020,1,1312,-0.901,1,-0.75,Walking,True,3.9,0,0
1789904139652,82,128020,1,1312,-0.901,1,-0.75,Walking,True,3.9,0,0
1789904139652,82,128020,1,1312,-0.901,1,-0.75,Walking,True,3.9,0,0
1789904139652,82,128020,1,1312,-0.901,1,-0.75,Walking,True,3.9,0,0
1789904139652,82,128020,1,1312,-0.901,1,-0.75,Walking,True,3.9,0,0
1789904139652,82,128020,1,1312,-0.901,1,-0.75,Walking,True,3.9,0,0
1789904139668,83,129102,1,1328,-0.901,1,-0.75,Walking,True,3.9,0,0
1789904139668,83,129102,1,1328,-0.901,1,-0.75,Walking,True,3.9,0,0
1789904139668,83,129102,1,1328,-0.901,1,-0.75,Walking,True,3.9,0,0
1789904139668,83,129102,1,1328,-0.901,1,-0.75,Walking,True,3.9,0,0
1789904139668,83,129102,1,1328,-0.901,1,-0.75,Walking,True,3.9,0,0
1789904139668,83,129102,1,1328,-0.901,1,-0.75,Walking,True,3.9,0,0
1789904139668,83,129102,1,1328,-0.901,1,-0.75,Walking,True,3.9,0,0
1789904139668,83,129102,1,1328,-0.901,1,-0.75,Walking,True,3.9,0,0
1789904139684,84,130375,1,1344,-0.901,1,-0.75,Walking,True,3.9,0,0
1789904139684,84,130375,1,1344,-0.901,1,-0.75,Walking,True,3.9,0,0
1789904139684,84,130375,1,1344,-0.901,1,-0.75,Walking,True,3.9,0,0
1789904139684,84,130375,1,1344,-0.901,1,-0.75,Walking,True,3.9,0,0
1789904139684,84,130375,1,1344,-0.901,1,-0.75,Walking,True,3.9,0,0
1789904139684,84,130375,1,1344,-0.901,1,-0.75,Walking,True,3.9,0,0
1789904139684,84,130375,1,1344,-0.901,1,-0.75,Walking,True,3.9,0,0
1789904139684,84,130375,1,1344,-0.901,1,-0.75,Walking,True,3.9,0,0
1789904139699,85,131676,1,1360,-0.901,1,-0.75,Walking,True,3.9,0,0
1789904139699,85,131676,1,1360,-0.901,1,-0.75,Walking,True,3.9,0,0
1789904139699,85,131676,1,1360,-0.901,1,-0.75,Walking,True,3.9,0,0
1789904139699,85,131676,1,1360,-0.901,1,-0.75,Walking,True,3.9,0,0
1789904139699,85,131676,1,1360,-0.901,1,-0.75,Walking,True,3.9,0,0
1789904139699,85,131676,1,1360,-0.901,1,-0.75,Walking,True,3.9,0,0
1789904139699,85,131676,1,1360,-0.901,1,-0.75,Walking,True,3.9,0,0
1789904139699,85,131676,1,1360,-0.901,1,-0.75,Walking,True,3.9,0,0
1789904139715,86,132977,1,1376,-0.901,1,-0.75,Walking,True,3.9,0,0
1789904139715,86,132977,1,1376,-0.901,1,-0.75,Walking,True,3.9,0,0
1789904139715,86,132977,1,1376,-0.901,1,-0.75,Walking,True,3.9,0,0
1789904139715,86,132977,1,1376,-0.901,1,-0.75,Walking,True,3.9,0,0
1789904139715,86,132977,1,1376,-0.901,1,-0.75,Walking,True,3.9,0,0
1789904139715,86,132977,1,1376,-0.901,1,-0.75,Walking,True,3.9,0,0
1789904139715,86,132977,1,1376,-0.901,1,-0.75,Walking,True,3.9,0,0
1789904139715,86,132977,1,1376,-0.901,1,-0.75,Walking,True,3.9,0,0
1789904139731,87,134355,1,1392,-0.901,1,-0.75,Walking,True,3.9,0,0
1789904139731,87,134355,1,1392,-0.901,1,-0.75,Walking,True,3.9,0,0
1789904139731,87,134355,1,1392,-0.901,1,-0.75,Walking,True,3.9,0,0
1789904139731,87,134355,1,1392,-0.901,1,-0.75,Walking,True,3.9,0,0
1789904139731,87,134355,1,1392,-0.901,1,-0.75,Walking,True,3.9,0,0
1789904139731,87,134355,1,1392,-0.901,1,-0.75,Walking,True,3.9,0,0
1789904139731,87,134355,1,1392,-0.901,1,-0.75,Walking,True,3.9,0,0
1789904139731,87,134355,1,1392,-0.901,1,-0.75,Walking,True,3.9,0,0
1789904139747,88,135888,1,1408,-0.901,1,-0.75,Walking,True,3.9,0,0
1789904139747,88,135888,1,1408,-0.901,1,-0.75,Walking,True,3.9,0,0
1789904139747,88,135888,1,1408,-0.901,1,-0.75,Walking,True,3.9,0,0
1789904139747,88,135888,1,1408,-0.901,1,-0.75,Walking,True,3.9,0,0
1789904139747,88,135888,1,1408,-0.901,1,-0.75,Walking,True,3.9,0,0
1789904139747,88,135888,1,1408,-0.901,1,-0.75,Walking,True,3.9,0,0
1789904139747,88,135888,1,1408,-0.901,1,-0.75,Walking,True,3.9,0,0
1789904139747,88,135888,1,1408,-0.901,1,-0.75,Walking,True,3.9,0,0
1789904139764,89,137344,1,1424,-0.901,1,-0.75,Walking,True,3.9,0,0
1789904139764,89,137344,1,1424,-0.901,1,-0.75,Walking,True,3.9,0,0
1789904139764,89,137344,1,1424,-0.901,1,-0.75,Walking,True,3.9,0,0
1789904139764,89,137344,1,1424,-0.901,1,-0.75,Walking,True,3.9,0,0
1789904139764,89,137344,1,1424,-0.901,1,-0.75,Walking,True,3.9,0,0
1789904139764,89,137344,1,1424,-0.901,1,-0.75,Walking,True,3.9,0,0
1789904139764,89,137344,1,1424,-0.901,1,-0.75,Walking,True,3.9,0,0
1789904139764,89,137344,1,1424,-0.901,1,-0.75,Walking,True,3.9,0,0
1789904139779,90,138826,1,1440,-0.901,1,-0.75,Walking,True,3.9,0,0
1789904139779,90,138826,1,1440,-0.901,1,-0.75,Walking,True,3.9,0,0
1789904139779,90,138826,1,1440,-0.901,1,-0.75,Walking,True,3.9,0,0
1789904139779,90,138826,1,1440,-0.901,1,-0.75,Walking,True,3.9,0,0
1789904139779,90,138826,1,1440,-0.901,1,-0.75,Walking,True,3.9,0,0
1789904139779,90,138826,1,1440,-0.901,1,-0.75,Walking,True,3.9,0,0
1789904139779,90,138826,1,1440,-0.901,1,-0.75,Walking,True,3.9,0,0
1789904139779,90,138826,1,1440,-0.901,1,-0.75,Walking,True,3.9,0,0
1789904139794,91,140232,1,1456,-0.901,1,-0.75,Walking,True,3.9,0,0
1789904139794,91,140232,1,1456,-0.901,1,-0.75,Walking,True,3.9,0,0
1789904139794,91,140232,1,1456,-0.901,1,-0.75,Walking,True,3.9,0,0
1789904139794,91,140232,1,1456,-0.901,1,-0.75,Walking,True,3.9,0,0
1789904139794,91,140232,1,1456,-0.901,1,-0.75,Walking,True,3.9,0,0
1789904139794,91,140232,1,1456,-0.901,1,-0.75,Walking,True,3.9,0,0
1789904139794,91,140232,1,1456,-0.901,1,-0.75,Walking,True,3.9,0,0
1789904139794,91,140232,1,1456,-0.901,1,-0.75,Walking,True,3.9,0,0
1789904139810,92,141624,1,1472,-0.901,1,-0.75,Walking,True,3.9,0,0
1789904139810,92,141624,1,1472,-0.901,1,-0.75,Walking,True,3.9,0,0
1789904139810,92,141624,1,1472,-0.901,1,-0.75,Walking,True,3.9,0,0
1789904139810,92,141624,1,1472,-0.901,1,-0.75,Walking,True,3.9,0,0
1789904139810,92,141624,1,1472,-0.901,1,-0.75,Walking,True,3.9,0,0
1789904139810,92,141624,1,1472,-0.901,1,-0.75,Walking,True,3.9,0,0
1789904139810,92,141624,1,1472,-0.901,1,-0.75,Walking,True,3.9,0,0
1789904139810,92,141624,1,1472,-0.901,1,-0.75,Walking,True,3.9,0,0
1789904139825,93,143105,1,1488,-0.901,1,-0.75,Walking,True,3.9,0,0
1789904139825,93,143105,1,1488,-0.901,1,-0.75,Walking,True,3.9,0,0
1789904139825,93,143105,1,1488,-0.901,1,-0.75,Walking,True,3.9,0,0
1789904139826,93,143105,1,1488,-0.901,1,-0.75,Walking,True,3.9,0,0
1789904139826,93,143105,1,1488,-0.901,1,-0.75,Walking,True,3.9,0,0
1789904139826,93,143105,1,1488,-0.901,1,-0.75,Walking,True,3.9,0,0
1789904139826,93,143105,1,1488,-0.901,1,-0.75,Walking,True,3.9,0,0
1789904139826,93,143105,1,1488,-0.901,1,-0.75,Walking,True,3.9,0,0
1789904139841,94,144534,1,1504,-0.901,1,-0.75,Walking,True,3.9,0,0
1789904139841,94,144534,1,1504,-0.901,1,-0.75,Walking,True,3.9,0,0
1789904139841,94,144534,1,1504,-0.901,1,-0.75,Walking,True,3.9,0,0
1789904139841,94,144534,1,1504,-0.901,1,-0.75,Walking,True,3.9,0,0
1789904139841,94,144534,1,1504,-0.901,1,-0.75,Walking,True,3.9,0,0
1789904139841,94,144534,1,1504,-0.901,1,-0.75,Walking,True,3.9,0,0
1789904139841,94,144534,1,1504,-0.901,1,-0.75,Walking,True,3.9,0,0
1789904139841,94,144534,1,1504,-0.901,1,-0.75,Walking,True,3.9,0,0
1789904139857,95,145966,1,1520,-0.901,1,-0.75,Walking,True,3.9,0,0
1789904139857,95,145966,1,1520,-0.901,1,-0.75,Walking,True,3.9,0,0
1789904139857,95,145966,1,1520,-0.901,1,-0.75,Walking,True,3.9,0,0
1789904139857,95,145966,1,1520,-0.901,1,-0.75,Walking,True,3.9,0,0
1789904139857,95,145966,1,1520,-0.901,1,-0.75,Walking,True,3.9,0,0
1789904139857,95,145966,1,1520,-0.901,1,-0.75,Walking,True,3.9,0,0
1789904139857,95,145966,1,1520,-0.901,1,-0.75,Walking,True,3.9,0,0
1789904139857,95,145966,1,1520,-0.901,1,-0.75,Walking,True,3.9,0,0
1789904139873,96,147506,1,1536,-0.901,1,-0.75,Walking,True,3.9,0,0
1789904139873,96,147506,1,1536,-0.901,1,-0.75,Walking,True,3.9,0,0
1789904139873,96,147506,1,1536,-0.901,1,-0.75,Walking,True,3.9,0,0
1789904139873,96,147506,1,1536,-0.901,1,-0.75,Walking,True,3.9,0,0
1789904139874,96,147506,1,1536,-0.901,1,-0.75,Walking,True,3.9,0,0
1789904139874,96,147506,1,1536,-0.901,1,-0.75,Walking,True,3.9,0,0
1789904139874,96,147506,1,1536,-0.901,1,-0.75,Walking,True,3.9,0,0
1789904139874,96,147506,1,1536,-0.901,1,-0.75,Walking,True,3.9,0,0
1789904139889,97,149001,1,1552,-0.901,1,-0.75,Walking,True,3.9,0,0
1789904139889,97,149001,1,1552,-0.901,1,-0.75,Walking,True,3.9,0,0
1789904139889,97,149001,1,1552,-0.901,1,-0.75,Walking,True,3.9,0,0
1789904139889,97,149001,1,1552,-0.901,1,-0.75,Walking,True,3.9,0,0
1789904139889,97,149001,1,1552,-0.901,1,-0.75,Walking,True,3.9,0,0
1789904139889,97,149001,1,1552,-0.901,1,-0.75,Walking,True,3.9,0,0
1789904139889,97,149001,1,1552,-0.901,1,-0.75,Walking,True,3.9,0,0
1789904139889,97,149001,1,1552,-0.901,1,-0.75,Walking,True,3.9,0,0
1789904139904,98,150404,1,1568,-0.901,1,-0.75,Walking,True,3.9,0,0
1789904139904,98,150404,1,1568,-0.901,1,-0.75,Walking,True,3.9,0,0
1789904139904,98,150404,1,1568,-0.901,1,-0.75,Walking,True,3.9,0,0
1789904139904,98,150404,1,1568,-0.901,1,-0.75,Walking,True,3.9,0,0
1789904139904,98,150404,1,1568,-0.901,1,-0.75,Walking,True,3.9,0,0
1789904139904,98,150404,1,1568,-0.901,1,-0.75,Walking,True,3.9,0,0
1789904139904,98,150404,1,1568,-0.901,1,-0.75,Walking,True,3.9,0,0
1789904139904,98,150404,1,1568,-0.901,1,-0.75,Walking,True,3.9,0,0
1789904139919,99,151778,1,1584,-0.901,1,-0.75,Walking,True,3.9,0,0
1789904139919,99,151778,1,1584,-0.901,1,-0.75,Walking,True,3.9,0,0
1789904139919,99,151778,1,1584,-0.901,1,-0.75,Walking,True,3.9,0,0
1789904139919,99,151778,1,1584,-0.901,1,-0.75,Walking,True,3.9,0,0
1789904139919,99,151778,1,1584,-0.901,1,-0.75,Walking,True,3.9,0,0
1789904139919,99,151778,1,1584,-0.901,1,-0.75,Walking,True,3.9,0,0
1789904139919,99,151778,1,1584,-0.901,1,-0.75,Walking,True,3.9,0,0
1789904139919,99,151778,1,1584,-0.901,1,-0.75,Walking,True,3.9,0,0
1789904139935,100,153155,1,1600,-0.901,1,-0.75,Walking,True,3.9,0,0
1789904139935,100,153155,1,1600,-0.901,1,-0.75,Walking,True,3.9,0,0
1789904139935,100,153155,1,1600,-0.901,1,-0.75,Walking,True,3.9,0,0
1789904139935,100,153155,1,1600,-0.901,1,-0.75,Walking,True,3.9,0,0
1789904139935,100,153155,1,1600,-0.901,1,-0.75,Walking,True,3.9,0,0
1789904139935,100,153155,1,1600,-0.901,1,-0.75,Walking,True,3.9,0,0
1789904139935,100,153155,1,1600,-0.901,1,-0.75,Walking,True,3.9,0,0
1789904139935,100,153155,1,1600,-0.901,1,-0.75,Walking,True,3.9,0,0
1789904139950,101,154514,1,1616,-0.901,1,-0.75,Walking,True,3.9,0,0
1789904139950,101,154514,1,1616,-0.901,1,-0.75,Walking,True,3.9,0,0
1789904139950,101,154514,1,1616,-0.901,1,-0.75,Walking,True,3.9,0,0
1789904139950,101,154514,1,1616,-0.901,1,-0.75,Walking,True,3.9,0,0
1789904139950,101,154514,1,1616,-0.901,1,-0.75,Walking,True,3.9,0,0
1789904139950,101,154514,1,1616,-0.901,1,-0.75,Walking,True,3.9,0,0
1789904139950,101,154514,1,1616,-0.901,1,-0.75,Walking,True,3.9,0,0
1789904139950,101,154514,1,1616,-0.901,1,-0.75,Walking,True,3.9,0,0
1789904139966,102,155963,1,1632,-0.901,1,-0.75,Walking,True,3.9,0,0
1789904139966,102,155963,1,1632,-0.901,1,-0.75,Walking,True,3.9,0,0
1789904139966,102,155963,1,1632,-0.901,1,-0.75,Walking,True,3.9,0,0
1789904139966,102,155963,1,1632,-0.901,1,-0.75,Walking,True,3.9,0,0
1789904139966,102,155963,1,1632,-0.901,1,-0.75,Walking,True,3.9,0,0
1789904139966,102,155963,1,1632,-0.901,1,-0.75,Walking,True,3.9,0,0
1789904139966,102,155963,1,1632,-0.901,1,-0.75,Walking,True,3.9,0,0
1789904139966,102,155963,1,1632,-0.901,1,-0.75,Walking,True,3.9,0,0
1789904139981,103,157419,1,1648,-0.901,1,-0.75,Walking,True,3.9,0,0
1789904139981,103,157419,1,1648,-0.901,1,-0.75,Walking,True,3.9,0,0
1789904139981,103,157419,1,1648,-0.901,1,-0.75,Walking,True,3.9,0,0
1789904139981,103,157419,1,1648,-0.901,1,-0.75,Walking,True,3.9,0,0
1789904139981,103,157419,1,1648,-0.901,1,-0.75,Walking,True,3.9,0,0
1789904139981,103,157419,1,1648,-0.901,1,-0.75,Walking,True,3.9,0,0
1789904139981,103,157419,1,1648,-0.901,1,-0.75,Walking,True,3.9,0,0
1789904139981,103,157419,1,1648,-0.901,1,-0.75,Walking,True,3.9,0,0
1789904139996,104,158768,1,1664,-0.901,1,-0.75,Walking,True,3.9,0,0
1789904139996,104,158768,1,1664,-0.901,1,-0.75,Walking,True,3.9,0,0
1789904139996,104,158768,1,1664,-0.901,1,-0.75,Walking,True,3.9,0,0
1789904139996,104,158768,1,1664,-0.901,1,-0.75,Walking,True,3.9,0,0
1789904139996,104,158768,1,1664,-0.901,1,-0.75,Walking,True,3.9,0,0
1789904139996,104,158768,1,1664,-0.901,1,-0.75,Walking,True,3.9,0,0
1789904139996,104,158768,1,1664,-0.901,1,-0.75,Walking,True,3.9,0,0
1789904139996,104,158768,1,1664,-0.901,1,-0.75,Walking,True,3.9,0,0
1789904140012,105,160226,1,1680,-0.901,1,-0.75,Walking,True,3.9,0,0
1789904140012,105,160226,1,1680,-0.901,1,-0.75,Walking,True,3.9,0,0
1789904140012,105,160226,1,1680,-0.901,1,-0.75,Walking,True,3.9,0,0
1789904140012,105,160226,1,1680,-0.901,1,-0.75,Walking,True,3.9,0,0
1789904140012,105,160226,1,1680,-0.901,1,-0.75,Walking,True,3.9,0,0
1789904140012,105,160226,1,1680,-0.901,1,-0.75,Walking,True,3.9,0,0
1789904140012,105,160226,1,1680,-0.901,1,-0.75,Walking,True,3.9,0,0
1789904140012,105,160226,1,1680,-0.901,1,-0.75,Walking,True,3.9,0,0
1789904140027,106,161734,1,1696,-0.901,1,-0.75,Walking,True,3.9,0,0
1789904140027,106,161734,1,1696,-0.901,1,-0.75,Walking,True,3.9,0,0
1789904140027,106,161734,1,1696,-0.901,1,-0.75,Walking,True,3.9,0,0
1789904140027,106,161734,1,1696,-0.901,1,-0.75,Walking,True,3.9,0,0
1789904140027,106,161734,1,1696,-0.901,1,-0.75,Walking,True,3.9,0,0
1789904140027,106,161734,1,1696,-0.901,1,-0.75,Walking,True,3.9,0,0
1789904140027,106,161734,1,1696,-0.901,1,-0.75,Walking,True,3.9,0,0
1789904140027,106,161734,1,1696,-0.901,1,-0.75,Walking,True,3.9,0,0
1789904140042,107,162991,1,1712,-0.901,1,-0.75,Walking,True,3.9,0,0
1789904140042,107,162991,1,1712,-0.901,1,-0.75,Walking,True,3.9,0,0
1789904140042,107,162991,1,1712,-0.901,1,-0.75,Walking,True,3.9,0,0
1789904140042,107,162991,1,1712,-0.901,1,-0.75,Walking,True,3.9,0,0
1789904140042,107,162991,1,1712,-0.901,1,-0.75,Walking,True,3.9,0,0
1789904140042,107,162991,1,1712,-0.901,1,-0.75,Walking,True,3.9,0,0
1789904140042,107,162991,1,1712,-0.901,1,-0.75,Walking,True,3.9,0,0
1789904140042,107,162991,1,1712,-0.901,1,-0.75,Walking,True,3.9,0,0
1789904140058,108,164422,1,1728,-0.901,1,-0.75,Walking,True,3.9,0,0
1789904140058,108,164422,1,1728,-0.901,1,-0.75,Walking,True,3.9,0,0
1789904140058,108,164422,1,1728,-0.901,1,-0.75,Walking,True,3.9,0,0
1789904140058,108,164422,1,1728,-0.901,1,-0.75,Walking,True,3.9,0,0
1789904140058,108,164422,1,1728,-0.901,1,-0.75,Walking,True,3.9,0,0
1789904140058,108,164422,1,1728,-0.901,1,-0.75,Walking,True,3.9,0,0
1789904140058,108,164422,1,1728,-0.901,1,-0.75,Walking,True,3.9,0,0
1789904140058,108,164422,1,1728,-0.901,1,-0.75,Walking,True,3.9,0,0
1789904140089,109,165940,1,1744,-0.901,1,-0.75,Walking,True,3.9,0,0
1789904140089,109,165940,1,1744,-0.901,1,-0.75,Walking,True,3.9,0,0
1789904140089,109,165940,1,1744,-0.901,1,-0.75,Walking,True,3.9,0,0
1789904140089,109,165940,1,1744,-0.901,1,-0.75,Walking,True,3.9,0,0
1789904140089,109,165940,1,1744,-0.901,1,-0.75,Walking,True,3.9,0,0
1789904140089,109,165940,1,1744,-0.901,1,-0.75,Walking,True,3.9,0,0
1789904140089,109,165940,1,1744,-0.901,1,-0.75,Walking,True,3.9,0,0
1789904140089,109,165940,1,1744,-0.901,1,-0.75,Walking,True,3.9,0,0
1789904140105,110,169035,1,1760,-0.901,1,-0.75,Walking,True,3.9,0,0
1789904140105,110,169035,1,1760,-0.901,1,-0.75,Walking,True,3.9,0,0
1789904140105,110,169035,1,1760,-0.901,1,-0.75,Walking,True,3.9,0,0
1789904140105,110,169035,1,1760,-0.901,1,-0.75,Walking,True,3.9,0,0
1789904140105,110,169035,1,1760,-0.901,1,-0.75,Walking,True,3.9,0,0
1789904140105,110,169035,1,1760,-0.901,1,-0.75,Walking,True,3.9,0,0
1789904140105,110,169035,1,1760,-0.901,1,-0.75,Walking,True,3.9,0,0
1789904140105,110,169035,1,1760,-0.901,1,-0.75,Walking,True,3.9,0,0
1789904140120,111,170451,1,1776,-0.901,1,-0.75,Walking,True,3.9,0,0
1789904140120,111,170451,1,1776,-0.901,1,-0.75,Walking,True,3.9,0,0
1789904140120,111,170451,1,1776,-0.901,1,-0.75,Walking,True,3.9,0,0
1789904140120,111,170451,1,1776,-0.901,1,-0.75,Walking,True,3.9,0,0
1789904140120,111,170451,1,1776,-0.901,1,-0.75,Walking,True,3.9,0,0
1789904140120,111,170451,1,1776,-0.901,1,-0.75,Walking,True,3.9,0,0
1789904140120,111,170451,1,1776,-0.901,1,-0.75,Walking,True,3.9,0,0
1789904140120,111,170451,1,1776,-0.901,1,-0.75,Walking,True,3.9,0,0
1789904140136,112,171862,1,1792,-0.901,1,-0.75,Walking,True,3.9,0,0
1789904140136,112,171862,1,1792,-0.901,1,-0.75,Walking,True,3.9,0,0
1789904140136,112,171862,1,1792,-0.901,1,-0.75,Walking,True,3.9,0,0
1789904140136,112,171862,1,1792,-0.901,1,-0.75,Walking,True,3.9,0,0
1789904140136,112,171862,1,1792,-0.901,1,-0.75,Walking,True,3.9,0,0
1789904140136,112,171862,1,1792,-0.901,1,-0.75,Walking,True,3.9,0,0
1789904140136,112,171862,1,1792,-0.901,1,-0.75,Walking,True,3.9,0,0
1789904140136,112,171862,1,1792,-0.901,1,-0.75,Walking,True,3.9,0,0
1789904140152,113,173422,1,1808,-0.901,1,-0.75,Walking,True,3.9,0,0
1789904140152,113,173422,1,1808,-0.901,1,-0.75,Walking,True,3.9,0,0
1789904140152,113,173422,1,1808,-0.901,1,-0.75,Walking,True,3.9,0,0
1789904140152,113,173422,1,1808,-0.901,1,-0.75,Walking,True,3.9,0,0
1789904140152,113,173422,1,1808,-0.901,1,-0.75,Walking,True,3.9,0,0
1789904140152,113,173422,1,1808,-0.901,1,-0.75,Walking,True,3.9,0,0
1789904140152,113,173422,1,1808,-0.901,1,-0.75,Walking,True,3.9,0,0
1789904140152,113,173422,1,1808,-0.901,1,-0.75,Walking,True,3.9,0,0
1789904140168,114,174969,1,1824,-0.901,1,-0.75,Walking,True,3.9,0,0
1789904140168,114,174969,1,1824,-0.901,1,-0.75,Walking,True,3.9,0,0
1789904140168,114,174969,1,1824,-0.901,1,-0.75,Walking,True,3.9,0,0
1789904140168,114,174969,1,1824,-0.901,1,-0.75,Walking,True,3.9,0,0
1789904140168,114,174969,1,1824,-0.901,1,-0.75,Walking,True,3.9,0,0
1789904140168,114,174969,1,1824,-0.901,1,-0.75,Walking,True,3.9,0,0
1789904140168,114,174969,1,1824,-0.901,1,-0.75,Walking,True,3.9,0,0
1789904140168,114,174969,1,1824,-0.901,1,-0.75,Walking,True,3.9,0,0
1789904140183,115,176551,1,1840,-0.901,1,-0.75,Walking,True,3.9,0,0
1789904140183,115,176551,1,1840,-0.901,1,-0.75,Walking,True,3.9,0,0
1789904140183,115,176551,1,1840,-0.901,1,-0.75,Walking,True,3.9,0,0
1789904140183,115,176551,1,1840,-0.901,1,-0.75,Walking,True,3.9,0,0
1789904140183,115,176551,1,1840,-0.901,1,-0.75,Walking,True,3.9,0,0
1789904140183,115,176551,1,1840,-0.901,1,-0.75,Walking,True,3.9,0,0
1789904140183,115,176551,1,1840,-0.901,1,-0.75,Walking,True,3.9,0,0
1789904140183,115,176551,1,1840,-0.901,1,-0.75,Walking,True,3.9,0,0
1789904140199,116,178045,1,1856,-0.901,1,-0.75,Walking,True,3.9,0,0
1789904140199,116,178045,1,1856,-0.901,1,-0.75,Walking,True,3.9,0,0
1789904140199,116,178045,1,1856,-0.901,1,-0.75,Walking,True,3.9,0,0
1789904140199,116,178045,1,1856,-0.901,1,-0.75,Walking,True,3.9,0,0
1789904140199,116,178045,1,1856,-0.901,1,-0.75,Walking,True,3.9,0,0
1789904140199,116,178045,1,1856,-0.901,1,-0.75,Walking,True,3.9,0,0
1789904140199,116,178045,1,1856,-0.901,1,-0.75,Walking,True,3.9,0,0
1789904140199,116,178045,1,1856,-0.901,1,-0.75,Walking,True,3.9,0,0
1789904140214,117,179658,1,1872,-0.901,1,-0.75,Walking,True,3.9,0,0
1789904140214,117,179658,1,1872,-0.901,1,-0.75,Walking,True,3.9,0,0
1789904140214,117,179658,1,1872,-0.901,1,-0.75,Walking,True,3.9,0,0
1789904140214,117,179658,1,1872,-0.901,1,-0.75,Walking,True,3.9,0,0
1789904140214,117,179658,1,1872,-0.901,1,-0.75,Walking,True,3.9,0,0
1789904140214,117,179658,1,1872,-0.901,1,-0.75,Walking,True,3.9,0,0
1789904140214,117,179658,1,1872,-0.901,1,-0.75,Walking,True,3.9,0,0
1789904140214,117,179658,1,1872,-0.901,1,-0.75,Walking,True,3.9,0,0
1789904140230,118,181219,1,1888,-0.901,1,-0.75,Walking,True,3.9,0,0
1789904140230,118,181219,1,1888,-0.901,1,-0.75,Walking,True,3.9,0,0
1789904140230,118,181219,1,1888,-0.901,1,-0.75,Walking,True,3.9,0,0
1789904140230,118,181219,1,1888,-0.901,1,-0.75,Walking,True,3.9,0,0
1789904140230,118,181219,1,1888,-0.901,1,-0.75,Walking,True,3.9,0,0
1789904140230,118,181219,1,1888,-0.901,1,-0.75,Walking,True,3.9,0,0
1789904140230,118,181219,1,1888,-0.901,1,-0.75,Walking,True,3.9,0,0
1789904140230,118,181219,1,1888,-0.901,1,-0.75,Walking,True,3.9,0,0
1789904140246,119,182745,1,1904,-0.901,1,-0.75,Walking,True,3.9,0,0
1789904140246,119,182745,1,1904,-0.901,1,-0.75,Walking,True,3.9,0,0
1789904140246,119,182745,1,1904,-0.901,1,-0.75,Walking,True,3.9,0,0
1789904140246,119,182745,1,1904,-0.901,1,-0.75,Walking,True,3.9,0,0
1789904140246,119,182745,1,1904,-0.901,1,-0.75,Walking,True,3.9,0,0
1789904140246,119,182745,1,1904,-0.901,1,-0.75,Walking,True,3.9,0,0
1789904140246,119,182745,1,1904,-0.901,1,-0.75,Walking,True,3.9,0,0
1789904140246,119,182745,1,1904,-0.901,1,-0.75,Walking,True,3.9,0,0
1789904140261,120,184398,1,1920,-0.901,1,-0.75,Walking,True,3.9,0,0
1789904140261,120,184398,1,1920,-0.901,1,-0.75,Walking,True,3.9,0,0
1789904140261,120,184398,1,1920,-0.901,1,-0.75,Walking,True,3.9,0,0
1789904140261,120,184398,1,1920,-0.901,1,-0.75,Walking,True,3.9,0,0
1789904140261,120,184398,1,1920,-0.901,1,-0.75,Walking,True,3.9,0,0
1789904140261,120,184398,1,1920,-0.901,1,-0.75,Walking,True,3.9,0,0
1789904140261,120,184398,1,1920,-0.901,1,-0.75,Walking,True,3.9,0,0
1789904140261,120,184398,1,1920,-0.901,1,-0.75,Walking,True,3.9,0,0
1789904140276,121,185890,1,1936,-0.901,1,-0.75,Walking,True,3.9,0,0
1789904140276,121,185890,1,1936,-0.901,1,-0.75,Walking,True,3.9,0,0
1789904140276,121,185890,1,1936,-0.901,1,-0.75,Walking,True,3.9,0,0
1789904140276,121,185890,1,1936,-0.901,1,-0.75,Walking,True,3.9,0,0
1789904140276,121,185890,1,1936,-0.901,1,-0.75,Walking,True,3.9,0,0
1789904140276,121,185890,1,1936,-0.901,1,-0.75,Walking,True,3.9,0,0
1789904140276,121,185890,1,1936,-0.901,1,-0.75,Walking,True,3.9,0,0
1789904140276,121,185890,1,1936,-0.901,1,-0.75,Walking,True,3.9,0,0
1789904140292,122,187415,1,1952,-0.901,1,-0.75,Walking,True,3.9,0,0
1789904140292,122,187415,1,1952,-0.901,1,-0.75,Walking,True,3.9,0,0
1789904140292,122,187415,1,1952,-0.901,1,-0.75,Walking,True,3.9,0,0
1789904140292,122,187415,1,1952,-0.901,1,-0.75,Walking,True,3.9,0,0
1789904140292,122,187415,1,1952,-0.901,1,-0.75,Walking,True,3.9,0,0
1789904140292,122,187415,1,1952,-0.901,1,-0.75,Walking,True,3.9,0,0
1789904140292,122,187415,1,1952,-0.901,1,-0.75,Walking,True,3.9,0,0
1789904140292,122,187415,1,1952,-0.901,1,-0.75,Walking,True,3.9,0,0
1789904140307,123,188978,1,1968,-0.901,1,-0.75,Walking,True,3.9,0,0
1789904140307,123,188978,1,1968,-0.901,1,-0.75,Walking,True,3.9,0,0
1789904140307,123,188978,1,1968,-0.901,1,-0.75,Walking,True,3.9,0,0
1789904140307,123,188978,1,1968,-0.901,1,-0.75,Walking,True,3.9,0,0
1789904140307,123,188978,1,1968,-0.901,1,-0.75,Walking,True,3.9,0,0
1789904140307,123,188978,1,1968,-0.901,1,-0.75,Walking,True,3.9,0,0
1789904140307,123,188978,1,1968,-0.901,1,-0.75,Walking,True,3.9,0,0
1789904140307,123,188978,1,1968,-0.901,1,-0.75,Walking,True,3.9,0,0
1789904140324,124,190609,1,1984,-0.901,1,-0.75,Walking,True,3.9,0,0
1789904140324,124,190609,1,1984,-0.901,1,-0.75,Walking,True,3.9,0,0
1789904140324,124,190609,1,1984,-0.901,1,-0.75,Walking,True,3.9,0,0
1789904140324,124,190609,1,1984,-0.901,1,-0.75,Walking,True,3.9,0,0
1789904140324,124,190609,1,1984,-0.901,1,-0.75,Walking,True,3.9,0,0
1789904140324,124,190609,1,1984,-0.901,1,-0.75,Walking,True,3.9,0,0
1789904140324,124,190609,1,1984,-0.901,1,-0.75,Walking,True,3.9,0,0
1789904140324,124,190609,1,1984,-0.901,1,-0.75,Walking,True,3.9,0,0
1789904140339,125,192246,1,2000,-0.901,1,-0.75,Walking,True,3.9,0,0
1789904140339,125,192246,1,2000,-0.901,1,-0.75,Walking,True,3.9,0,0
1789904140339,125,192246,1,2000,-0.901,1,-0.75,Walking,True,3.9,0,0
1789904140339,125,192246,1,2000,-0.901,1,-0.75,Walking,True,3.9,0,0
1789904140339,125,192246,1,2000,-0.901,1,-0.75,Walking,True,3.9,0,0
1789904140339,125,192246,1,2000,-0.901,1,-0.75,Walking,True,3.9,0,0
1789904140339,125,192246,1,2000,-0.901,1,-0.75,Walking,True,3.9,0,0
1789904140339,125,192246,1,2000,-0.901,1,-0.75,Walking,True,3.9,0,0
1789904140354,126,193702,1,2016,-0.901,1,-0.75,Walking,True,3.9,0,0
1789904140354,126,193702,1,2016,-0.901,1,-0.75,Walking,True,3.9,0,0
1789904140354,126,193702,1,2016,-0.901,1,-0.75,Walking,True,3.9,0,0
1789904140354,126,193702,1,2016,-0.901,1,-0.75,Walking,True,3.9,0,0
1789904140354,126,193702,1,2016,-0.901,1,-0.75,Walking,True,3.9,0,0
1789904140354,126,193702,1,2016,-0.901,1,-0.75,Walking,True,3.9,0,0
1789904140354,126,193702,1,2016,-0.901,1,-0.75,Walking,True,3.9,0,0
1789904140354,126,193702,1,2016,-0.901,1,-0.75,Walking,True,3.9,0,0
1789904140370,127,195261,1,2032,-0.901,1,-0.75,Walking,True,3.9,0,0
1789904140370,127,195261,1,2032,-0.901,1,-0.75,Walking,True,3.9,0,0
1789904140370,127,195261,1,2032,-0.901,1,-0.75,Walking,True,3.9,0,0
1789904140370,127,195261,1,2032,-0.901,1,-0.75,Walking,True,3.9,0,0
1789904140370,127,195261,1,2032,-0.901,1,-0.75,Walking,True,3.9,0,0
1789904140370,127,195261,1,2032,-0.901,1,-0.75,Walking,True,3.9,0,0
1789904140370,127,195261,1,2032,-0.901,1,-0.75,Walking,True,3.9,0,0
1789904140370,127,195261,1,2032,-0.901,1,-0.75,Walking,True,3.9,0,0
1789904140385,128,196856,1,2048,-0.901,1,-0.75,Walking,True,3.9,0,0
1789904140385,128,196856,1,2048,-0.901,1,-0.75,Walking,True,3.9,0,0
1789904140385,128,196856,1,2048,-0.901,1,-0.75,Walking,True,3.9,0,0
1789904140385,128,196856,1,2048,-0.901,1,-0.75,Walking,True,3.9,0,0
1789904140385,128,196856,1,2048,-0.901,1,-0.75,Walking,True,3.9,0,0
1789904140385,128,196856,1,2048,-0.901,1,-0.75,Walking,True,3.9,0,0
1789904140385,128,196856,1,2048,-0.901,1,-0.75,Walking,True,3.9,0,0
1789904140385,128,196856,1,2048,-0.901,1,-0.75,Walking,True,3.9,0,0
1789904140401,129,198481,1,2064,-0.901,1,-0.75,Walking,True,3.9,0,0
1789904140401,129,198481,1,2064,-0.901,1,-0.75,Walking,True,3.9,0,0
1789904140401,129,198481,1,2064,-0.901,1,-0.75,Walking,True,3.9,0,0
1789904140401,129,198481,1,2064,-0.901,1,-0.75,Walking,True,3.9,0,0
1789904140401,129,198481,1,2064,-0.901,1,-0.75,Walking,True,3.9,0,0
1789904140401,129,198481,1,2064,-0.901,1,-0.75,Walking,True,3.9,0,0
1789904140401,129,198481,1,2064,-0.901,1,-0.75,Walking,True,3.9,0,0
1789904140401,129,198481,1,2064,-0.901,1,-0.75,Walking,True,3.9,0,0
1789904140417,130,200023,1,2080,-0.901,1,-0.75,Walking,True,3.9,0,0
1789904140417,130,200023,1,2080,-0.901,1,-0.75,Walking,True,3.9,0,0
1789904140417,130,200023,1,2080,-0.901,1,-0.75,Walking,True,3.9,0,0
1789904140417,130,200023,1,2080,-0.901,1,-0.75,Walking,True,3.9,0,0
1789904140417,130,200023,1,2080,-0.901,1,-0.75,Walking,True,3.9,0,0
1789904140417,130,200023,1,2080,-0.901,1,-0.75,Walking,True,3.9,0,0
1789904140417,130,200023,1,2080,-0.901,1,-0.75,Walking,True,3.9,0,0
1789904140417,130,200023,1,2080,-0.901,1,-0.75,Walking,True,3.9,0,0
1789904140432,131,201659,1,2096,-0.901,1,-0.75,Walking,True,3.9,0,0
1789904140432,131,201659,1,2096,-0.901,1,-0.75,Walking,True,3.9,0,0
1789904140432,131,201659,1,2096,-0.901,1,-0.75,Walking,True,3.9,0,0
1789904140432,131,201659,1,2096,-0.901,1,-0.75,Walking,True,3.9,0,0
1789904140433,131,201659,1,2096,-0.901,1,-0.75,Walking,True,3.9,0,0
1789904140433,131,201659,1,2096,-0.901,1,-0.75,Walking,True,3.9,0,0
1789904140433,131,201659,1,2096,-0.901,1,-0.75,Walking,True,3.9,0,0
1789904140433,131,201659,1,2096,-0.901,1,-0.75,Walking,True,3.9,0,0
1789904140448,132,203191,1,2112,-0.901,1,-0.75,Walking,True,3.9,0,0
1789904140448,132,203191,1,2112,-0.901,1,-0.75,Walking,True,3.9,0,0
1789904140448,132,203191,1,2112,-0.901,1,-0.75,Walking,True,3.9,0,0
1789904140448,132,203191,1,2112,-0.901,1,-0.75,Walking,True,3.9,0,0
1789904140448,132,203191,1,2112,-0.901,1,-0.75,Walking,True,3.9,0,0
1789904140448,132,203191,1,2112,-0.901,1,-0.75,Walking,True,3.9,0,0
1789904140448,132,203191,1,2112,-0.901,1,-0.75,Walking,True,3.9,0,0
1789904140448,132,203191,1,2112,-0.901,1,-0.75,Walking,True,3.9,0,0
1789904140464,133,204721,1,2128,-0.901,1,-0.75,Walking,True,3.9,0,0
1789904140464,133,204721,1,2128,-0.901,1,-0.75,Walking,True,3.9,0,0
1789904140464,133,204721,1,2128,-0.901,1,-0.75,Walking,True,3.9,0,0
1789904140464,133,204721,1,2128,-0.901,1,-0.75,Walking,True,3.9,0,0
1789904140464,133,204721,1,2128,-0.901,1,-0.75,Walking,True,3.9,0,0
1789904140464,133,204721,1,2128,-0.901,1,-0.75,Walking,True,3.9,0,0
1789904140464,133,204721,1,2128,-0.901,1,-0.75,Walking,True,3.9,0,0
1789904140464,133,204721,1,2128,-0.901,1,-0.75,Walking,True,3.9,0,0
1789904140479,134,206371,1,2144,-0.901,1,-0.75,Walking,True,3.9,0,0
1789904140479,134,206371,1,2144,-0.901,1,-0.75,Walking,True,3.9,0,0
1789904140479,134,206371,1,2144,-0.901,1,-0.75,Walking,True,3.9,0,0
1789904140479,134,206371,1,2144,-0.901,1,-0.75,Walking,True,3.9,0,0
1789904140479,134,206371,1,2144,-0.901,1,-0.75,Walking,True,3.9,0,0
1789904140479,134,206371,1,2144,-0.901,1,-0.75,Walking,True,3.9,0,0
1789904140479,134,206371,1,2144,-0.901,1,-0.75,Walking,True,3.9,0,0
1789904140479,134,206371,1,2144,-0.901,1,-0.75,Walking,True,3.9,0,0
1789904140495,135,207800,1,2160,-0.901,1,-0.75,Walking,True,3.9,0,0
1789904140495,135,207800,1,2160,-0.901,1,-0.75,Walking,True,3.9,0,0
1789904140495,135,207800,1,2160,-0.901,1,-0.75,Walking,True,3.9,0,0
1789904140495,135,207800,1,2160,-0.901,1,-0.75,Walking,True,3.9,0,0
1789904140495,135,207800,1,2160,-0.901,1,-0.75,Walking,True,3.9,0,0
1789904140495,135,207800,1,2160,-0.901,1,-0.75,Walking,True,3.9,0,0
1789904140495,135,207800,1,2160,-0.901,1,-0.75,Walking,True,3.9,0,0
1789904140495,135,207800,1,2160,-0.901,1,-0.75,Walking,True,3.9,0,0
1789904140510,136,209313,1,2176,-0.901,1,-0.75,Walking,True,3.9,0,0
1789904140510,136,209313,1,2176,-0.901,1,-0.75,Walking,True,3.9,0,0
1789904140510,136,209313,1,2176,-0.901,1,-0.75,Walking,True,3.9,0,0
1789904140510,136,209313,1,2176,-0.901,1,-0.75,Walking,True,3.9,0,0
1789904140510,136,209313,1,2176,-0.901,1,-0.75,Walking,True,3.9,0,0
1789904140510,136,209313,1,2176,-0.901,1,-0.75,Walking,True,3.9,0,0
1789904140510,136,209313,1,2176,-0.901,1,-0.75,Walking,True,3.9,0,0
1789904140510,136,209313,1,2176,-0.901,1,-0.75,Walking,True,3.9,0,0
1789904140525,137,210820,1,2192,-0.901,1,-0.75,Walking,True,3.9,0,0
1789904140525,137,210820,1,2192,-0.901,1,-0.75,Walking,True,3.9,0,0
1789904140525,137,210820,1,2192,-0.901,1,-0.75,Walking,True,3.9,0,0
1789904140525,137,210820,1,2192,-0.901,1,-0.75,Walking,True,3.9,0,0
1789904140525,137,210820,1,2192,-0.901,1,-0.75,Walking,True,3.9,0,0
1789904140525,137,210820,1,2192,-0.901,1,-0.75,Walking,True,3.9,0,0
1789904140525,137,210820,1,2192,-0.901,1,-0.75,Walking,True,3.9,0,0
1789904140525,137,210820,1,2192,-0.901,1,-0.75,Walking,True,3.9,0,0
1789904140541,138,212178,1,2208,-0.901,1,-0.75,Walking,True,3.9,0,0
1789904140541,138,212178,1,2208,-0.901,1,-0.75,Walking,True,3.9,0,0
1789904140541,138,212178,1,2208,-0.901,1,-0.75,Walking,True,3.9,0,0
1789904140541,138,212178,1,2208,-0.901,1,-0.75,Walking,True,3.9,0,0
1789904140541,138,212178,1,2208,-0.901,1,-0.75,Walking,True,3.9,0,0
1789904140541,138,212178,1,2208,-0.901,1,-0.75,Walking,True,3.9,0,0
1789904140541,138,212178,1,2208,-0.901,1,-0.75,Walking,True,3.9,0,0
1789904140541,138,212178,1,2208,-0.901,1,-0.75,Walking,True,3.9,0,0
1789904140557,139,213703,1,2224,-0.901,1,-0.75,Walking,True,3.9,0,0
1789904140557,139,213703,1,2224,-0.901,1,-0.75,Walking,True,3.9,0,0
1789904140557,139,213703,1,2224,-0.901,1,-0.75,Walking,True,3.9,0,0
1789904140557,139,213703,1,2224,-0.901,1,-0.75,Walking,True,3.9,0,0
1789904140557,139,213703,1,2224,-0.901,1,-0.75,Walking,True,3.9,0,0
1789904140557,139,213703,1,2224,-0.901,1,-0.75,Walking,True,3.9,0,0
1789904140557,139,213703,1,2224,-0.901,1,-0.75,Walking,True,3.9,0,0
1789904140557,139,213703,1,2224,-0.901,1,-0.75,Walking,True,3.9,0,0
1789904140573,140,215161,1,2240,-0.901,1,-0.75,Walking,True,3.9,0,0
1789904140573,140,215161,1,2240,-0.901,1,-0.75,Walking,True,3.9,0,0
1789904140573,140,215161,1,2240,-0.901,1,-0.75,Walking,True,3.9,0,0
1789904140573,140,215161,1,2240,-0.901,1,-0.75,Walking,True,3.9,0,0
1789904140573,140,215161,1,2240,-0.901,1,-0.75,Walking,True,3.9,0,0
1789904140573,140,215161,1,2240,-0.901,1,-0.75,Walking,True,3.9,0,0
1789904140573,140,215161,1,2240,-0.901,1,-0.75,Walking,True,3.9,0,0
1789904140573,140,215161,1,2240,-0.901,1,-0.75,Walking,True,3.9,0,0
1789904140589,141,216728,1,2256,-0.901,1,-0.75,Walking,True,3.9,0,0
1789904140589,141,216728,1,2256,-0.901,1,-0.75,Walking,True,3.9,0,0
1789904140589,141,216728,1,2256,-0.901,1,-0.75,Walking,True,3.9,0,0
1789904140589,141,216728,1,2256,-0.901,1,-0.75,Walking,True,3.9,0,0
1789904140589,141,216728,1,2256,-0.901,1,-0.75,Walking,True,3.9,0,0
1789904140589,141,216728,1,2256,-0.901,1,-0.75,Walking,True,3.9,0,0
1789904140589,141,216728,1,2256,-0.901,1,-0.75,Walking,True,3.9,0,0
1789904140589,141,216728,1,2256,-0.901,1,-0.75,Walking,True,3.9,0,0
1789904140604,142,218310,1,2272,-0.901,1,-0.75,Walking,True,3.9,0,0
1789904140604,142,218310,1,2272,-0.901,1,-0.75,Walking,True,3.9,0,0
1789904140604,142,218310,1,2272,-0.901,1,-0.75,Walking,True,3.9,0,0
1789904140604,142,218310,1,2272,-0.901,1,-0.75,Walking,True,3.9,0,0
1789904140604,142,218310,1,2272,-0.901,1,-0.75,Walking,True,3.9,0,0
1789904140604,142,218310,1,2272,-0.901,1,-0.75,Walking,True,3.9,0,0
1789904140604,142,218310,1,2272,-0.901,1,-0.75,Walking,True,3.9,0,0
1789904140604,142,218310,1,2272,-0.901,1,-0.75,Walking,True,3.9,0,0
1789904140619,143,219866,1,2288,-0.901,1,-0.75,Walking,True,3.9,0,0
1789904140619,143,219866,1,2288,-0.901,1,-0.75,Walking,True,3.9,0,0
1789904140619,143,219866,1,2288,-0.901,1,-0.75,Walking,True,3.9,0,0
1789904140619,143,219866,1,2288,-0.901,1,-0.75,Walking,True,3.9,0,0
1789904140619,143,219866,1,2288,-0.901,1,-0.75,Walking,True,3.9,0,0
1789904140619,143,219866,1,2288,-0.901,1,-0.75,Walking,True,3.9,0,0
1789904140619,143,219866,1,2288,-0.901,1,-0.75,Walking,True,3.9,0,0
1789904140619,143,219866,1,2288,-0.901,1,-0.75,Walking,True,3.9,0,0
1789904140635,144,221396,1,2304,-0.901,1,-0.75,Walking,True,3.9,0,0
1789904140635,144,221396,1,2304,-0.901,1,-0.75,Walking,True,3.9,0,0
1789904140635,144,221396,1,2304,-0.901,1,-0.75,Walking,True,3.9,0,0
1789904140635,144,221396,1,2304,-0.901,1,-0.75,Walking,True,3.9,0,0
1789904140635,144,221396,1,2304,-0.901,1,-0.75,Walking,True,3.9,0,0
1789904140635,144,221396,1,2304,-0.901,1,-0.75,Walking,True,3.9,0,0
1789904140635,144,221396,1,2304,-0.901,1,-0.75,Walking,True,3.9,0,0
1789904140635,144,221396,1,2304,-0.901,1,-0.75,Walking,True,3.9,0,0
1789904140650,145,222923,1,2320,-0.901,1,-0.75,Walking,True,3.9,0,0
1789904140650,145,222923,1,2320,-0.901,1,-0.75,Walking,True,3.9,0,0
1789904140650,145,222923,1,2320,-0.901,1,-0.75,Walking,True,3.9,0,0
1789904140650,145,222923,1,2320,-0.901,1,-0.75,Walking,True,3.9,0,0
1789904140651,145,222923,1,2320,-0.901,1,-0.75,Walking,True,3.9,0,0
1789904140651,145,222923,1,2320,-0.901,1,-0.75,Walking,True,3.9,0,0
1789904140651,145,222923,1,2320,-0.901,1,-0.75,Walking,True,3.9,0,0
1789904140651,145,222923,1,2320,-0.901,1,-0.75,Walking,True,3.9,0,0
1789904140667,146,224485,1,2336,-0.901,1,-0.75,Walking,True,3.9,0,0
1789904140667,146,224485,1,2336,-0.901,1,-0.75,Walking,True,3.9,0,0
1789904140667,146,224485,1,2336,-0.901,1,-0.75,Walking,True,3.9,0,0
1789904140667,146,224485,1,2336,-0.901,1,-0.75,Walking,True,3.9,0,0
1789904140667,146,224485,1,2336,-0.901,1,-0.75,Walking,True,3.9,0,0
1789904140667,146,224485,1,2336,-0.901,1,-0.75,Walking,True,3.9,0,0
1789904140667,146,224485,1,2336,-0.901,1,-0.75,Walking,True,3.9,0,0
1789904140667,146,224485,1,2336,-0.901,1,-0.75,Walking,True,3.9,0,0
1789904140682,147,226118,1,2352,-0.901,1,-0.75,Walking,True,3.9,0,0
1789904140682,147,226118,1,2352,-0.901,1,-0.75,Walking,True,3.9,0,0
1789904140682,147,226118,1,2352,-0.901,1,-0.75,Walking,True,3.9,0,0
1789904140682,147,226118,1,2352,-0.901,1,-0.75,Walking,True,3.9,0,0
1789904140682,147,226118,1,2352,-0.901,1,-0.75,Walking,True,3.9,0,0
1789904140682,147,226118,1,2352,-0.901,1,-0.75,Walking,True,3.9,0,0
1789904140682,147,226118,1,2352,-0.901,1,-0.75,Walking,True,3.9,0,0
1789904140682,147,226118,1,2352,-0.901,1,-0.75,Walking,True,3.9,0,0
1789904140698,148,227590,1,2368,-0.901,1,-0.75,Walking,True,3.9,0,0
1789904140698,148,227590,1,2368,-0.901,1,-0.75,Walking,True,3.9,0,0
1789904140698,148,227590,1,2368,-0.901,1,-0.75,Walking,True,3.9,0,0
1789904140698,148,227590,1,2368,-0.901,1,-0.75,Walking,True,3.9,0,0
1789904140698,148,227590,1,2368,-0.901,1,-0.75,Walking,True,3.9,0,0
1789904140698,148,227590,1,2368,-0.901,1,-0.75,Walking,True,3.9,0,0
1789904140698,148,227590,1,2368,-0.901,1,-0.75,Walking,True,3.9,0,0
1789904140698,148,227590,1,2368,-0.901,1,-0.75,Walking,True,3.9,0,0
1789904140729,149,229107,1,2384,-0.901,1,-0.75,Walking,True,3.9,0,0
1789904140729,149,229107,1,2384,-0.901,1,-0.75,Walking,True,3.9,0,0
1789904140729,149,229107,1,2384,-0.901,1,-0.75,Walking,True,3.9,0,0
1789904140729,149,229107,1,2384,-0.901,1,-0.75,Walking,True,3.9,0,0
1789904140729,149,229107,1,2384,-0.901,1,-0.75,Walking,True,3.9,0,0
1789904140729,149,229107,1,2384,-0.901,1,-0.75,Walking,True,3.9,0,0
1789904140729,149,229107,1,2384,-0.901,1,-0.75,Walking,True,3.9,0,0
1789904140729,149,229107,1,2384,-0.901,1,-0.75,Walking,True,3.9,0,0
1789904140745,150,232191,1,2400,-0.901,1,-0.75,Walking,True,3.9,0,0
1789904140745,150,232191,1,2400,-0.901,1,-0.75,Walking,True,3.9,0,0
1789904140745,150,232191,1,2400,-0.901,1,-0.75,Walking,True,3.9,0,0
1789904140745,150,232191,1,2400,-0.901,1,-0.75,Walking,True,3.9,0,0
1789904140745,150,232191,1,2400,-0.901,1,-0.75,Walking,True,3.9,0,0
1789904140745,150,232191,1,2400,-0.901,1,-0.75,Walking,True,3.9,0,0
1789904140745,150,232191,1,2400,-0.901,1,-0.75,Walking,True,3.9,0,0
1789904140745,150,232191,1,2400,-0.901,1,-0.75,Walking,True,3.9,0,0
1789904140761,151,233728,1,2416,-0.901,1,-0.75,Walking,True,3.58,0,0
1789904140761,151,233728,1,2416,-0.901,1,-0.75,Walking,True,3.58,0,0
1789904140761,151,233728,1,2416,-0.901,1,-0.75,Walking,True,3.58,0,0
1789904140761,151,233728,1,2416,-0.901,1,-0.75,Walking,True,3.58,0,0
1789904140761,151,233728,1,2416,-0.901,1,-0.75,Walking,True,3.58,0,0
1789904140761,151,233728,1,2416,-0.901,1,-0.75,Walking,True,3.58,0,0
1789904140761,151,233728,1,2416,-0.901,1,-0.75,Walking,True,3.58,0,0
1789904140761,151,233728,1,2416,-0.901,1,-0.75,Walking,True,3.58,0,0
1789904140792,152,235382,1,2432,-0.901,1,-0.75,Walking,True,3.26,0,0
1789904140792,152,235382,1,2432,-0.901,1,-0.75,Walking,True,3.26,0,0
1789904140792,152,235382,1,2432,-0.901,1,-0.75,Walking,True,3.26,0,0
1789904140792,152,235382,1,2432,-0.901,1,-0.75,Walking,True,3.26,0,0
1789904140792,152,235382,1,2432,-0.901,1,-0.75,Walking,True,3.26,0,0
1789904140792,152,235382,1,2432,-0.901,1,-0.75,Walking,True,3.26,0,0
1789904140792,152,235382,1,2432,-0.901,1,-0.75,Walking,True,3.26,0,0
1789904140792,152,235382,1,2432,-0.901,1,-0.75,Walking,True,3.26,0,0
1789904140809,153,238599,1,2448,-0.901,1,-0.75,Walking,True,2.94,0,0
1789904140809,153,238599,1,2448,-0.901,1,-0.75,Walking,True,2.94,0,0
1789904140809,153,238599,1,2448,-0.901,1,-0.75,Walking,True,2.94,0,0
1789904140809,153,238599,1,2448,-0.901,1,-0.75,Walking,True,2.94,0,0
1789904140809,153,238599,1,2448,-0.901,1,-0.75,Walking,True,2.94,0,0
1789904140809,153,238599,1,2448,-0.901,1,-0.75,Walking,True,2.94,0,0
1789904140809,153,238599,1,2448,-0.901,1,-0.75,Walking,True,2.94,0,0
1789904140809,153,238599,1,2448,-0.901,1,-0.75,Walking,True,2.94,0,0
1789904140840,155,240139,1,2480,-0.901,1,-0.75,Walking,True,2.3,0,0
1789904140840,155,240139,1,2480,-0.901,1,-0.75,Walking,True,2.3,0,0
1789904140840,155,240139,1,2480,-0.901,1,-0.75,Walking,True,2.3,0,0
1789904140840,155,240139,1,2480,-0.901,1,-0.75,Walking,True,2.3,0,0
1789904140840,155,240139,1,2480,-0.901,1,-0.75,Walking,True,2.3,0,0
1789904140840,155,240139,1,2480,-0.901,1,-0.75,Walking,True,2.3,0,0
1789904140840,155,240139,1,2480,-0.901,1,-0.75,Walking,True,2.3,0,0
1789904140840,155,240139,1,2480,-0.901,1,-0.75,Walking,True,2.3,0,0
1789904140856,156,243228,1,2496,-0.901,1,-0.75,Walking,True,1.98,0,0
1789904140856,156,243228,1,2496,-0.901,1,-0.75,Walking,True,1.98,0,0
1789904140856,156,243228,1,2496,-0.901,1,-0.75,Walking,True,1.98,0,0
1789904140856,156,243228,1,2496,-0.901,1,-0.75,Walking,True,1.98,0,0
1789904140856,156,243228,1,2496,-0.901,1,-0.75,Walking,True,1.98,0,0
1789904140856,156,243228,1,2496,-0.901,1,-0.75,Walking,True,1.98,0,0
1789904140856,156,243228,1,2496,-0.901,1,-0.75,Walking,True,1.98,0,0
1789904140856,156,243228,1,2496,-0.901,1,-0.75,Walking,True,1.98,0,0
1789904140871,157,244819,1,2512,-0.901,1,-0.75,Walking,True,1.66,0,0
1789904140871,157,244819,1,2512,-0.901,1,-0.75,Walking,True,1.66,0,0
1789904140871,157,244819,1,2512,-0.901,1,-0.75,Walking,True,1.66,0,0
1789904140871,157,244819,1,2512,-0.901,1,-0.75,Walking,True,1.66,0,0
1789904140871,157,244819,1,2512,-0.901,1,-0.75,Walking,True,1.66,0,0
1789904140871,157,244819,1,2512,-0.901,1,-0.75,Walking,True,1.66,0,0
1789904140871,157,244819,1,2512,-0.901,1,-0.75,Walking,True,1.66,0,0
1789904140871,157,244819,1,2512,-0.901,1,-0.75,Walking,True,1.66,0,0
1789904140886,158,246343,1,2528,-0.901,1,-0.75,Walking,True,1.34,0,0
1789904140886,158,246343,1,2528,-0.901,1,-0.75,Walking,True,1.34,0,0
1789904140886,158,246343,1,2528,-0.901,1,-0.75,Walking,True,1.34,0,0
1789904140886,158,246343,1,2528,-0.901,1,-0.75,Walking,True,1.34,0,0
1789904140886,158,246343,1,2528,-0.901,1,-0.75,Walking,True,1.34,0,0
1789904140886,158,246343,1,2528,-0.901,1,-0.75,Walking,True,1.34,0,0
1789904140886,158,246343,1,2528,-0.901,1,-0.75,Walking,True,1.34,0,0
1789904140886,158,246343,1,2528,-0.901,1,-0.75,Walking,True,1.34,0,0
1789904140902,159,247892,1,2544,-0.901,1,-0.75,Walking,True,1.02,0,0
1789904140902,159,247892,1,2544,-0.901,1,-0.75,Walking,True,1.02,0,0
1789904140902,159,247892,1,2544,-0.901,1,-0.75,Walking,True,1.02,0,0
1789904140902,159,247892,1,2544,-0.901,1,-0.75,Walking,True,1.02,0,0
1789904140902,159,247892,1,2544,-0.901,1,-0.75,Walking,True,1.02,0,0
1789904140902,159,247892,1,2544,-0.901,1,-0.75,Walking,True,1.02,0,0
1789904140902,159,247892,1,2544,-0.901,1,-0.75,Walking,True,1.02,0,0
1789904140902,159,247892,1,2544,-0.901,1,-0.75,Walking,True,1.02,0,0
1789904140918,160,249443,1,2560,-0.901,1,-0.75,Walking,True,0.7,0,0
1789904140918,160,249443,1,2560,-0.901,1,-0.75,Walking,True,0.7,0,0
1789904140918,160,249443,1,2560,-0.901,1,-0.75,Walking,True,0.7,0,0
1789904140918,160,249443,1,2560,-0.901,1,-0.75,Walking,True,0.7,0,0
1789904140918,160,249443,1,2560,-0.901,1,-0.75,Walking,True,0.7,0,0
1789904140918,160,249443,1,2560,-0.901,1,-0.75,Walking,True,0.7,0,0
1789904140918,160,249443,1,2560,-0.901,1,-0.75,Walking,True,0.7,0,0
1789904140918,160,249443,1,2560,-0.901,1,-0.75,Walking,True,0.7,0,0
1789904140934,161,251035,1,2576,-0.901,1,-0.75,Walking,True,0.38,0,0
1789904140934,161,251035,1,2576,-0.901,1,-0.75,Walking,True,0.38,0,0
1789904140934,161,251035,1,2576,-0.901,1,-0.75,Walking,True,0.38,0,0
1789904140934,161,251035,1,2576,-0.901,1,-0.75,Walking,True,0.38,0,0
1789904140934,161,251035,1,2576,-0.901,1,-0.75,Walking,True,0.38,0,0
1789904140934,161,251035,1,2576,-0.901,1,-0.75,Walking,True,0.38,0,0
1789904140934,161,251035,1,2576,-0.901,1,-0.75,Walking,True,0.38,0,0
1789904140934,161,251035,1,2576,-0.901,1,-0.75,Walking,True,0.38,0,0
1789904140949,162,252621,1,2592,-0.901,1,-0.75,Walking,True,0.06,0,0
1789904140949,162,252621,1,2592,-0.901,1,-0.75,Walking,True,0.06,0,0
1789904140949,162,252621,1,2592,-0.901,1,-0.75,Walking,True,0.06,0,0
1789904140949,162,252621,1,2592,-0.901,1,-0.75,Walking,True,0.06,0,0
1789904140949,162,252621,1,2592,-0.901,1,-0.75,Walking,True,0.06,0,0
1789904140949,162,252621,1,2592,-0.901,1,-0.75,Walking,True,0.06,0,0
1789904140949,162,252621,1,2592,-0.901,1,-0.75,Walking,True,0.06,0,0
1789904140949,162,252621,1,2592,-0.901,1,-0.75,Walking,True,0.06,0,0
1789904140964,163,253963,1,2608,-0.901,1,-0.75,Walking,True,0,0,0
1789904140964,163,253963,1,2608,-0.901,1,-0.75,Walking,True,0,0,0
1789904140964,163,253963,1,2608,-0.901,1,-0.75,Walking,True,0,0,0
1789904140964,163,253963,1,2608,-0.901,1,-0.75,Walking,True,0,0,0
1789904140964,163,253963,1,2608,-0.901,1,-0.75,Walking,True,0,0,0
1789904140964,163,253963,1,2608,-0.901,1,-0.75,Walking,True,0,0,0
1789904140964,163,253963,1,2608,-0.901,1,-0.75,Walking,True,0,0,0
1789904140964,163,253963,1,2608,-0.901,1,-0.75,Walking,True,0,0,0
1789904140979,164,255480,1,2624,-0.901,1,-0.75,Walking,True,0,0,0
1789904140979,164,255480,1,2624,-0.901,1,-0.75,Walking,True,0,0,0
1789904140979,164,255480,1,2624,-0.901,1,-0.75,Walking,True,0,0,0
1789904140980,164,255480,1,2624,-0.901,1,-0.75,Walking,True,0,0,0
1789904140980,164,255480,1,2624,-0.901,1,-0.75,Walking,True,0,0,0
1789904140980,164,255480,1,2624,-0.901,1,-0.75,Walking,True,0,0,0
1789904140980,164,255480,1,2624,-0.901,1,-0.75,Walking,True,0,0,0
1789904140980,164,255480,1,2624,-0.901,1,-0.75,Walking,True,0,0,0
1789904140994,165,256861,1,2640,-0.901,1,-0.75,Walking,True,0,0,0
1789904140995,165,256861,1,2640,-0.901,1,-0.75,Walking,True,0,0,0
1789904140995,165,256861,1,2640,-0.901,1,-0.75,Walking,True,0,0,0
1789904140995,165,256861,1,2640,-0.901,1,-0.75,Walking,True,0,0,0
1789904140995,165,256861,1,2640,-0.901,1,-0.75,Walking,True,0,0,0
1789904140995,165,256861,1,2640,-0.901,1,-0.75,Walking,True,0,0,0
1789904140995,165,256861,1,2640,-0.901,1,-0.75,Walking,True,0,0,0
1789904140995,165,256861,1,2640,-0.901,1,-0.75,Walking,True,0,0,0
1789904141010,166,258344,1,2656,-0.901,1,-0.75,Walking,True,0,0,0
1789904141010,166,258344,1,2656,-0.901,1,-0.75,Walking,True,0,0,0
1789904141010,166,258344,1,2656,-0.901,1,-0.75,Walking,True,0,0,0
1789904141010,166,258344,1,2656,-0.901,1,-0.75,Walking,True,0,0,0
1789904141011,166,258344,1,2656,-0.901,1,-0.75,Walking,True,0,0,0
1789904141011,166,258344,1,2656,-0.901,1,-0.75,Walking,True,0,0,0
1789904141011,166,258344,1,2656,-0.901,1,-0.75,Walking,True,0,0,0
1789904141011,166,258344,1,2656,-0.901,1,-0.75,Walking,True,0,0,0
1789904141026,167,259951,1,2672,-0.901,1,-0.75,Walking,True,0,0,0
1789904141026,167,259951,1,2672,-0.901,1,-0.75,Walking,True,0,0,0
1789904141026,167,259951,1,2672,-0.901,1,-0.75,Walking,True,0,0,0
1789904141026,167,259951,1,2672,-0.901,1,-0.75,Walking,True,0,0,0
1789904141026,167,259951,1,2672,-0.901,1,-0.75,Walking,True,0,0,0
1789904141026,167,259951,1,2672,-0.901,1,-0.75,Walking,True,0,0,0
1789904141026,167,259951,1,2672,-0.901,1,-0.75,Walking,True,0,0,0
1789904141026,167,259951,1,2672,-0.901,1,-0.75,Walking,True,0,0,0
1789904141041,168,261507,1,2688,-0.901,1,-0.75,Walking,True,0,0,0
1789904141041,168,261507,1,2688,-0.901,1,-0.75,Walking,True,0,0,0
1789904141041,168,261507,1,2688,-0.901,1,-0.75,Walking,True,0,0,0
1789904141041,168,261507,1,2688,-0.901,1,-0.75,Walking,True,0,0,0
1789904141041,168,261507,1,2688,-0.901,1,-0.75,Walking,True,0,0,0
1789904141041,168,261507,1,2688,-0.901,1,-0.75,Walking,True,0,0,0
1789904141041,168,261507,1,2688,-0.901,1,-0.75,Walking,True,0,0,0
1789904141041,168,261507,1,2688,-0.901,1,-0.75,Walking,True,0,0,0
1789904141057,169,262997,1,2704,-0.901,1,-0.75,Walking,True,0,0,0
1789904141057,169,262997,1,2704,-0.901,1,-0.75,Walking,True,0,0,0
1789904141057,169,262997,1,2704,-0.901,1,-0.75,Walking,True,0,0,0
1789904141057,169,262997,1,2704,-0.901,1,-0.75,Walking,True,0,0,0
1789904141057,169,262997,1,2704,-0.901,1,-0.75,Walking,True,0,0,0
1789904141057,169,262997,1,2704,-0.901,1,-0.75,Walking,True,0,0,0
1789904141057,169,262997,1,2704,-0.901,1,-0.75,Walking,True,0,0,0
1789904141057,169,262997,1,2704,-0.901,1,-0.75,Walking,True,0,0,0
1789904141074,170,264545,1,2720,-0.901,1,-0.75,Walking,True,0,0,0
1789904141074,170,264545,1,2720,-0.901,1,-0.75,Walking,True,0,0,0
1789904141074,170,264545,1,2720,-0.901,1,-0.75,Walking,True,0,0,0
1789904141074,170,264545,1,2720,-0.901,1,-0.75,Walking,True,0,0,0
1789904141074,170,264545,1,2720,-0.901,1,-0.75,Walking,True,0,0,0
1789904141074,170,264545,1,2720,-0.901,1,-0.75,Walking,True,0,0,0
1789904141074,170,264545,1,2720,-0.901,1,-0.75,Walking,True,0,0,0
1789904141074,170,264545,1,2720,-0.901,1,-0.75,Walking,True,0,0,0
1789904141089,171,266258,1,2736,-0.901,1,-0.75,Walking,True,0,0,0
1789904141089,171,266258,1,2736,-0.901,1,-0.75,Walking,True,0,0,0
1789904141089,171,266258,1,2736,-0.901,1,-0.75,Walking,True,0,0,0
1789904141089,171,266258,1,2736,-0.901,1,-0.75,Walking,True,0,0,0
1789904141089,171,266258,1,2736,-0.901,1,-0.75,Walking,True,0,0,0
1789904141089,171,266258,1,2736,-0.901,1,-0.75,Walking,True,0,0,0
1789904141089,171,266258,1,2736,-0.901,1,-0.75,Walking,True,0,0,0
1789904141089,171,266258,1,2736,-0.901,1,-0.75,Walking,True,0,0,0
1789904141105,172,267815,1,2752,-0.901,1,-0.75,Walking,True,0,0,0
1789904141105,172,267815,1,2752,-0.901,1,-0.75,Walking,True,0,0,0
1789904141105,172,267815,1,2752,-0.901,1,-0.75,Walking,True,0,0,0
1789904141105,172,267815,1,2752,-0.901,1,-0.75,Walking,True,0,0,0
1789904141105,172,267815,1,2752,-0.901,1,-0.75,Walking,True,0,0,0
1789904141105,172,267815,1,2752,-0.901,1,-0.75,Walking,True,0,0,0
1789904141105,172,267815,1,2752,-0.901,1,-0.75,Walking,True,0,0,0
1789904141105,172,267815,1,2752,-0.901,1,-0.75,Walking,True,0,0,0
1789904141120,173,269352,1,2768,-0.901,1,-0.75,Walking,True,0,0,0
1789904141120,173,269352,1,2768,-0.901,1,-0.75,Walking,True,0,0,0
1789904141120,173,269352,1,2768,-0.901,1,-0.75,Walking,True,0,0,0
1789904141120,173,269352,1,2768,-0.901,1,-0.75,Walking,True,0,0,0
1789904141121,173,269352,1,2768,-0.901,1,-0.75,Walking,True,0,0,0
1789904141121,173,269352,1,2768,-0.901,1,-0.75,Walking,True,0,0,0
1789904141121,173,269352,1,2768,-0.901,1,-0.75,Walking,True,0,0,0
1789904141121,173,269352,1,2768,-0.901,1,-0.75,Walking,True,0,0,0
1789904141136,174,270909,1,2784,-0.901,1,-0.75,Walking,True,0,0,0
1789904141136,174,270909,1,2784,-0.901,1,-0.75,Walking,True,0,0,0
1789904141136,174,270909,1,2784,-0.901,1,-0.75,Walking,True,0,0,0
1789904141136,174,270909,1,2784,-0.901,1,-0.75,Walking,True,0,0,0
1789904141136,174,270909,1,2784,-0.901,1,-0.75,Walking,True,0,0,0
1789904141136,174,270909,1,2784,-0.901,1,-0.75,Walking,True,0,0,0
1789904141136,174,270909,1,2784,-0.901,1,-0.75,Walking,True,0,0,0
1789904141136,174,270909,1,2784,-0.901,1,-0.75,Walking,True,0,0,0
1789904141151,175,272476,1,2800,-0.901,1,-0.75,Walking,True,0,0,0
1789904141151,175,272476,1,2800,-0.901,1,-0.75,Walking,True,0,0,0
1789904141151,175,272476,1,2800,-0.901,1,-0.75,Walking,True,0,0,0
1789904141151,175,272476,1,2800,-0.901,1,-0.75,Walking,True,0,0,0
1789904141151,175,272476,1,2800,-0.901,1,-0.75,Walking,True,0,0,0
1789904141151,175,272476,1,2800,-0.901,1,-0.75,Walking,True,0,0,0
1789904141151,175,272476,1,2800,-0.901,1,-0.75,Walking,True,0,0,0
1789904141151,175,272476,1,2800,-0.901,1,-0.75,Walking,True,0,0,0
1789904141166,176,273990,1,2816,-0.901,1,-0.75,Walking,True,0,0,0
1789904141166,176,273990,1,2816,-0.901,1,-0.75,Walking,True,0,0,0
1789904141166,176,273990,1,2816,-0.901,1,-0.75,Walking,True,0,0,0
1789904141166,176,273990,1,2816,-0.901,1,-0.75,Walking,True,0,0,0
1789904141166,176,273990,1,2816,-0.901,1,-0.75,Walking,True,0,0,0
1789904141166,176,273990,1,2816,-0.901,1,-0.75,Walking,True,0,0,0
1789904141166,176,273990,1,2816,-0.901,1,-0.75,Walking,True,0,0,0
1789904141166,176,273990,1,2816,-0.901,1,-0.75,Walking,True,0,0,0
1789904141182,177,275404,1,2832,-0.901,1,-0.75,Walking,True,0,0,0
1789904141182,177,275404,1,2832,-0.901,1,-0.75,Walking,True,0,0,0
1789904141182,177,275404,1,2832,-0.901,1,-0.75,Walking,True,0,0,0
1789904141182,177,275404,1,2832,-0.901,1,-0.75,Walking,True,0,0,0
1789904141182,177,275404,1,2832,-0.901,1,-0.75,Walking,True,0,0,0
1789904141182,177,275404,1,2832,-0.901,1,-0.75,Walking,True,0,0,0
1789904141182,177,275404,1,2832,-0.901,1,-0.75,Walking,True,0,0,0
1789904141182,177,275404,1,2832,-0.901,1,-0.75,Walking,True,0,0,0
1789904141197,178,276937,1,2848,-0.901,1,-0.75,Walking,True,0,0,0
1789904141197,178,276937,1,2848,-0.901,1,-0.75,Walking,True,0,0,0
1789904141197,178,276937,1,2848,-0.901,1,-0.75,Walking,True,0,0,0
1789904141197,178,276937,1,2848,-0.901,1,-0.75,Walking,True,0,0,0
1789904141197,178,276937,1,2848,-0.901,1,-0.75,Walking,True,0,0,0
1789904141197,178,276937,1,2848,-0.901,1,-0.75,Walking,True,0,0,0
1789904141197,178,276937,1,2848,-0.901,1,-0.75,Walking,True,0,0,0
1789904141197,178,276937,1,2848,-0.901,1,-0.75,Walking,True,0,0,0
1789904141213,179,278462,1,2864,-0.901,1,-0.75,Walking,True,0,0,0
1789904141213,179,278462,1,2864,-0.901,1,-0.75,Walking,True,0,0,0
1789904141213,179,278462,1,2864,-0.901,1,-0.75,Walking,True,0,0,0
1789904141213,179,278462,1,2864,-0.901,1,-0.75,Walking,True,0,0,0
1789904141213,179,278462,1,2864,-0.901,1,-0.75,Walking,True,0,0,0
1789904141213,179,278462,1,2864,-0.901,1,-0.75,Walking,True,0,0,0
1789904141213,179,278462,1,2864,-0.901,1,-0.75,Walking,True,0,0,0
1789904141213,179,278462,1,2864,-0.901,1,-0.75,Walking,True,0,0,0
1789904141228,180,279962,1,2880,-0.901,1,-0.75,Walking,True,0,0,0
1789904141228,180,279962,1,2880,-0.901,1,-0.75,Walking,True,0,0,0
1789904141228,180,279962,1,2880,-0.901,1,-0.75,Walking,True,0,0,0
1789904141228,180,279962,1,2880,-0.901,1,-0.75,Walking,True,0,0,0
1789904141228,180,279962,1,2880,-0.901,1,-0.75,Walking,True,0,0,0
1789904141228,180,279962,1,2880,-0.901,1,-0.75,Walking,True,0,0,0
1789904141228,180,279962,1,2880,-0.901,1,-0.75,Walking,True,0,0,0
1789904141228,180,279962,1,2880,-0.901,1,-0.75,Walking,True,0,0,0
1789904141244,181,281473,1,2896,-0.901,1,-0.75,Walking,True,0,0,0
1789904141244,181,281473,1,2896,-0.901,1,-0.75,Walking,True,0,0,0
1789904141244,181,281473,1,2896,-0.901,1,-0.75,Walking,True,0,0,0
1789904141244,181,281473,1,2896,-0.901,1,-0.75,Walking,True,0,0,0
1789904141244,181,281473,1,2896,-0.901,1,-0.75,Walking,True,0,0,0
1789904141244,181,281473,1,2896,-0.901,1,-0.75,Walking,True,0,0,0
1789904141244,181,281473,1,2896,-0.901,1,-0.75,Walking,True,0,0,0
1789904141244,181,281473,1,2896,-0.901,1,-0.75,Walking,True,0,0,0
1789904141260,182,282949,1,2912,-0.901,1,-0.75,Walking,True,0,0,0
1789904141260,182,282949,1,2912,-0.901,1,-0.75,Walking,True,0,0,0
1789904141260,182,282949,1,2912,-0.901,1,-0.75,Walking,True,0,0,0
1789904141260,182,282949,1,2912,-0.901,1,-0.75,Walking,True,0,0,0
1789904141260,182,282949,1,2912,-0.901,1,-0.75,Walking,True,0,0,0
1789904141260,182,282949,1,2912,-0.901,1,-0.75,Walking,True,0,0,0
1789904141260,182,282949,1,2912,-0.901,1,-0.75,Walking,True,0,0,0
1789904141260,182,282949,1,2912,-0.901,1,-0.75,Walking,True,0,0,0
1789904141510,183,317563,1,2928,-0.90612,1,-0.75,Walking,True,-0.32,0,0
1789904141510,183,317563,1,2928,-0.90612,1,-0.75,Walking,True,-0.32,0,0
1789904141510,183,317563,1,2928,-0.90612,1,-0.75,Walking,True,-0.32,0,0
1789904141510,183,317563,1,2928,-0.90612,1,-0.75,Walking,True,-0.32,0,0
1789904141510,183,317563,1,2928,-0.90612,1,-0.75,Walking,True,-0.32,0,0
1789904141510,183,317563,1,2928,-0.90612,1,-0.75,Walking,True,-0.32,0,0
1789904141510,183,317563,1,2928,-0.90612,1,-0.75,Walking,True,-0.32,0,0
1789904141510,183,317563,1,2928,-0.90612,1,-0.75,Walking,True,-0.32,0,0
1789904141525,184,320584,1,2944,-0.91636,1,-0.75,Walking,True,-0.64,0,0
1789904141525,184,320584,1,2944,-0.91636,1,-0.75,Walking,True,-0.64,0,0
1789904141525,184,320584,1,2944,-0.91636,1,-0.75,Walking,True,-0.64,0,0
1789904141525,184,320584,1,2944,-0.91636,1,-0.75,Walking,True,-0.64,0,0
1789904141525,184,320584,1,2944,-0.91636,1,-0.75,Walking,True,-0.64,0,0
1789904141525,184,320584,1,2944,-0.91636,1,-0.75,Walking,True,-0.64,0,0
1789904141525,184,320584,1,2944,-0.91636,1,-0.75,Walking,True,-0.64,0,0
1789904141525,184,320584,1,2944,-0.91636,1,-0.75,Walking,True,-0.64,0,0
1789904141540,185,322019,1,2960,-0.93172,1,-0.75,Walking,True,-0.96,0,0
1789904141540,185,322019,1,2960,-0.93172,1,-0.75,Walking,True,-0.96,0,0
1789904141540,185,322019,1,2960,-0.93172,1,-0.75,Walking,True,-0.96,0,0
1789904141540,185,322019,1,2960,-0.93172,1,-0.75,Walking,True,-0.96,0,0
1789904141540,185,322019,1,2960,-0.93172,1,-0.75,Walking,True,-0.96,0,0
1789904141540,185,322019,1,2960,-0.93172,1,-0.75,Walking,True,-0.96,0,0
1789904141540,185,322019,1,2960,-0.93172,1,-0.75,Walking,True,-0.96,0,0
1789904141540,185,322019,1,2960,-0.93172,1,-0.75,Walking,True,-0.96,0,0
1789904141555,186,323389,1,2976,-0.9522,1,-0.75,Walking,True,-1.28,0,0
1789904141555,186,323389,1,2976,-0.9522,1,-0.75,Walking,True,-1.28,0,0
1789904141555,186,323389,1,2976,-0.9522,1,-0.75,Walking,True,-1.28,0,0
1789904141555,186,323389,1,2976,-0.9522,1,-0.75,Walking,True,-1.28,0,0
1789904141555,186,323389,1,2976,-0.9522,1,-0.75,Walking,True,-1.28,0,0
1789904141555,186,323389,1,2976,-0.9522,1,-0.75,Walking,True,-1.28,0,0
1789904141555,186,323389,1,2976,-0.9522,1,-0.75,Walking,True,-1.28,0,0
1789904141555,186,323389,1,2976,-0.9522,1,-0.75,Walking,True,-1.28,0,0
1789904141570,187,324654,1,2992,-0.9778,1,-0.75,Walking,True,-1.6,0,0
1789904141570,187,324654,1,2992,-0.9778,1,-0.75,Walking,True,-1.6,0,0
1789904141570,187,324654,1,2992,-0.9778,1,-0.75,Walking,True,-1.6,0,0
1789904141570,187,324654,1,2992,-0.9778,1,-0.75,Walking,True,-1.6,0,0
1789904141570,187,324654,1,2992,-0.9778,1,-0.75,Walking,True,-1.6,0,0
1789904141570,187,324654,1,2992,-0.9778,1,-0.75,Walking,True,-1.6,0,0
1789904141570,187,324654,1,2992,-0.9778,1,-0.75,Walking,True,-1.6,0,0
1789904141570,187,324654,1,2992,-0.9778,1,-0.75,Walking,True,-1.6,0,0
1789904141586,188,325979,1,3008,-1.00852,1,-0.75,Walking,True,-1.92,0,0
1789904141586,188,325979,1,3008,-1.00852,1,-0.75,Walking,True,-1.92,0,0
1789904141586,188,325979,1,3008,-1.00852,1,-0.75,Walking,True,-1.92,0,0
1789904141586,188,325979,1,3008,-1.00852,1,-0.75,Walking,True,-1.92,0,0
1789904141586,188,325979,1,3008,-1.00852,1,-0.75,Walking,True,-1.92,0,0
1789904141586,188,325979,1,3008,-1.00852,1,-0.75,Walking,True,-1.92,0,0
1789904141586,188,325979,1,3008,-1.00852,1,-0.75,Walking,True,-1.92,0,0
1789904141586,188,325979,1,3008,-1.00852,1,-0.75,Walking,True,-1.92,0,0
1789904141602,189,327536,1,3024,-1.04436,1,-0.75,Walking,True,-2.24,0,0
1789904141602,189,327536,1,3024,-1.04436,1,-0.75,Walking,True,-2.24,0,0
1789904141602,189,327536,1,3024,-1.04436,1,-0.75,Walking,True,-2.24,0,0
1789904141602,189,327536,1,3024,-1.04436,1,-0.75,Walking,True,-2.24,0,0
1789904141602,189,327536,1,3024,-1.04436,1,-0.75,Walking,True,-2.24,0,0
1789904141602,189,327536,1,3024,-1.04436,1,-0.75,Walking,True,-2.24,0,0
1789904141602,189,327536,1,3024,-1.04436,1,-0.75,Walking,True,-2.24,0,0
1789904141602,189,327536,1,3024,-1.04436,1,-0.75,Walking,True,-2.24,0,0
1789904141618,190,329184,1,3040,-1.08532,1,-0.75,Walking,True,-2.56,0,0
1789904141618,190,329184,1,3040,-1.08532,1,-0.75,Walking,True,-2.56,0,0
1789904141618,190,329184,1,3040,-1.08532,1,-0.75,Walking,True,-2.56,0,0
1789904141618,190,329184,1,3040,-1.08532,1,-0.75,Walking,True,-2.56,0,0
1789904141618,190,329184,1,3040,-1.08532,1,-0.75,Walking,True,-2.56,0,0
1789904141618,190,329184,1,3040,-1.08532,1,-0.75,Walking,True,-2.56,0,0
1789904141618,190,329184,1,3040,-1.08532,1,-0.75,Walking,True,-2.56,0,0
1789904141618,190,329184,1,3040,-1.08532,1,-0.75,Walking,True,-2.56,0,0
1789904141633,191,330605,1,3056,-1.1314,1,-0.75,Walking,True,-2.88,0,0
1789904141633,191,330605,1,3056,-1.1314,1,-0.75,Walking,True,-2.88,0,0
1789904141633,191,330605,1,3056,-1.1314,1,-0.75,Walking,True,-2.88,0,0
1789904141633,191,330605,1,3056,-1.1314,1,-0.75,Walking,True,-2.88,0,0
1789904141633,191,330605,1,3056,-1.1314,1,-0.75,Walking,True,-2.88,0,0
1789904141633,191,330605,1,3056,-1.1314,1,-0.75,Walking,True,-2.88,0,0
1789904141633,191,330605,1,3056,-1.1314,1,-0.75,Walking,True,-2.88,0,0
1789904141633,191,330605,1,3056,-1.1314,1,-0.75,Walking,True,-2.88,0,0
1789904141649,192,332001,1,3072,-1.1826,1,-0.75,Walking,True,-3.2,0,0
1789904141649,192,332001,1,3072,-1.1826,1,-0.75,Walking,True,-3.2,0,0
1789904141649,192,332001,1,3072,-1.1826,1,-0.75,Walking,True,-3.2,0,0
1789904141649,192,332001,1,3072,-1.1826,1,-0.75,Walking,True,-3.2,0,0
1789904141649,192,332001,1,3072,-1.1826,1,-0.75,Walking,True,-3.2,0,0
1789904141649,192,332001,1,3072,-1.1826,1,-0.75,Walking,True,-3.2,0,0
1789904141649,192,332001,1,3072,-1.1826,1,-0.75,Walking,True,-3.2,0,0
1789904141649,192,332001,1,3072,-1.1826,1,-0.75,Walking,True,-3.2,0,0
1789904141664,193,333550,1,3088,-1.23892,1,-0.75,Walking,True,-3.52,0,0
1789904141664,193,333550,1,3088,-1.23892,1,-0.75,Walking,True,-3.52,0,0
1789904141664,193,333550,1,3088,-1.23892,1,-0.75,Walking,True,-3.52,0,0
1789904141664,193,333550,1,3088,-1.23892,1,-0.75,Walking,True,-3.52,0,0
1789904141664,193,333550,1,3088,-1.23892,1,-0.75,Walking,True,-3.52,0,0
1789904141664,193,333550,1,3088,-1.23892,1,-0.75,Walking,True,-3.52,0,0
1789904141664,193,333550,1,3088,-1.23892,1,-0.75,Walking,True,-3.52,0,0
1789904141664,193,333550,1,3088,-1.23892,1,-0.75,Walking,True,-3.52,0,0
1789904141680,194,335046,1,3104,-1.30036,1,-0.75,Walking,True,-3.84,0,0
1789904141680,194,335046,1,3104,-1.30036,1,-0.75,Walking,True,-3.84,0,0
1789904141680,194,335046,1,3104,-1.30036,1,-0.75,Walking,True,-3.84,0,0
1789904141680,194,335046,1,3104,-1.30036,1,-0.75,Walking,True,-3.84,0,0
1789904141680,194,335046,1,3104,-1.30036,1,-0.75,Walking,True,-3.84,0,0
1789904141680,194,335046,1,3104,-1.30036,1,-0.75,Walking,True,-3.84,0,0
1789904141680,194,335046,1,3104,-1.30036,1,-0.75,Walking,True,-3.84,0,0
1789904141680,194,335046,1,3104,-1.30036,1,-0.75,Walking,True,-3.84,0,0
1789904141695,195,336450,1,3120,-1.36276,1,-0.75,Walking,True,-3.9,0,0
1789904141695,195,336450,1,3120,-1.36276,1,-0.75,Walking,True,-3.9,0,0
1789904141695,195,336450,1,3120,-1.36276,1,-0.75,Walking,True,-3.9,0,0
1789904141695,195,336450,1,3120,-1.36276,1,-0.75,Walking,True,-3.9,0,0
1789904141695,195,336450,1,3120,-1.36276,1,-0.75,Walking,True,-3.9,0,0
1789904141695,195,336450,1,3120,-1.36276,1,-0.75,Walking,True,-3.9,0,0
1789904141695,195,336450,1,3120,-1.36276,1,-0.75,Walking,True,-3.9,0,0
1789904141695,195,336450,1,3120,-1.36276,1,-0.75,Walking,True,-3.9,0,0
1789904141711,196,337949,1,3136,-1.42516,1,-0.75,Walking,True,-3.9,0,0
1789904141711,196,337949,1,3136,-1.42516,1,-0.75,Walking,True,-3.9,0,0
1789904141711,196,337949,1,3136,-1.42516,1,-0.75,Walking,True,-3.9,0,0
1789904141711,196,337949,1,3136,-1.42516,1,-0.75,Walking,True,-3.9,0,0
1789904141711,196,337949,1,3136,-1.42516,1,-0.75,Walking,True,-3.9,0,0
1789904141711,196,337949,1,3136,-1.42516,1,-0.75,Walking,True,-3.9,0,0
1789904141711,196,337949,1,3136,-1.42516,1,-0.75,Walking,True,-3.9,0,0
1789904141711,196,337949,1,3136,-1.42516,1,-0.75,Walking,True,-3.9,0,0
1789904141726,197,339489,1,3152,-1.48756,1,-0.75,Walking,True,-3.9,0,0
1789904141726,197,339489,1,3152,-1.48756,1,-0.75,Walking,True,-3.9,0,0
1789904141726,197,339489,1,3152,-1.48756,1,-0.75,Walking,True,-3.9,0,0
1789904141726,197,339489,1,3152,-1.48756,1,-0.75,Walking,True,-3.9,0,0
1789904141726,197,339489,1,3152,-1.48756,1,-0.75,Walking,True,-3.9,0,0
1789904141726,197,339489,1,3152,-1.48756,1,-0.75,Walking,True,-3.9,0,0
1789904141726,197,339489,1,3152,-1.48756,1,-0.75,Walking,True,-3.9,0,0
1789904141726,197,339489,1,3152,-1.48756,1,-0.75,Walking,True,-3.9,0,0
1789904141742,198,340972,1,3168,-1.54996,1,-0.75,Walking,True,-3.9,0,0
1789904141742,198,340972,1,3168,-1.54996,1,-0.75,Walking,True,-3.9,0,0
1789904141742,198,340972,1,3168,-1.54996,1,-0.75,Walking,True,-3.9,0,0
1789904141742,198,340972,1,3168,-1.54996,1,-0.75,Walking,True,-3.9,0,0
1789904141742,198,340972,1,3168,-1.54996,1,-0.75,Walking,True,-3.9,0,0
1789904141742,198,340972,1,3168,-1.54996,1,-0.75,Walking,True,-3.9,0,0
1789904141742,198,340972,1,3168,-1.54996,1,-0.75,Walking,True,-3.9,0,0
1789904141742,198,340972,1,3168,-1.54996,1,-0.75,Walking,True,-3.9,0,0
1789904141757,199,342582,1,3184,-1.61236,1,-0.75,Walking,True,-3.9,0,0
1789904141757,199,342582,1,3184,-1.61236,1,-0.75,Walking,True,-3.9,0,0
1789904141757,199,342582,1,3184,-1.61236,1,-0.75,Walking,True,-3.9,0,0
1789904141757,199,342582,1,3184,-1.61236,1,-0.75,Walking,True,-3.9,0,0
1789904141757,199,342582,1,3184,-1.61236,1,-0.75,Walking,True,-3.9,0,0
1789904141757,199,342582,1,3184,-1.61236,1,-0.75,Walking,True,-3.9,0,0
1789904141757,199,342582,1,3184,-1.61236,1,-0.75,Walking,True,-3.9,0,0
1789904141757,199,342582,1,3184,-1.61236,1,-0.75,Walking,True,-3.9,0,0
1789904141772,200,344040,1,3200,-1.67476,1,-0.75,Walking,True,-3.9,0,0
1789904141772,200,344040,1,3200,-1.67476,1,-0.75,Walking,True,-3.9,0,0
1789904141772,200,344040,1,3200,-1.67476,1,-0.75,Walking,True,-3.9,0,0
1789904141772,200,344040,1,3200,-1.67476,1,-0.75,Walking,True,-3.9,0,0
1789904141772,200,344040,1,3200,-1.67476,1,-0.75,Walking,True,-3.9,0,0
1789904141772,200,344040,1,3200,-1.67476,1,-0.75,Walking,True,-3.9,0,0
1789904141772,200,344040,1,3200,-1.67476,1,-0.75,Walking,True,-3.9,0,0
1789904141772,200,344040,1,3200,-1.67476,1,-0.75,Walking,True,-3.9,0,0
1789904141787,201,345439,1,3216,-1.73716,1,-0.75,Walking,True,-3.9,0,0
1789904141787,201,345439,1,3216,-1.73716,1,-0.75,Walking,True,-3.9,0,0
1789904141787,201,345439,1,3216,-1.73716,1,-0.75,Walking,True,-3.9,0,0
1789904141787,201,345439,1,3216,-1.73716,1,-0.75,Walking,True,-3.9,0,0
1789904141787,201,345439,1,3216,-1.73716,1,-0.75,Walking,True,-3.9,0,0
1789904141787,201,345439,1,3216,-1.73716,1,-0.75,Walking,True,-3.9,0,0
1789904141787,201,345439,1,3216,-1.73716,1,-0.75,Walking,True,-3.9,0,0
1789904141787,201,345439,1,3216,-1.73716,1,-0.75,Walking,True,-3.9,0,0
1789904141803,202,346764,1,3232,-1.79956,1,-0.75,Walking,True,-3.9,0,0
1789904141803,202,346764,1,3232,-1.79956,1,-0.75,Walking,True,-3.9,0,0
1789904141803,202,346764,1,3232,-1.79956,1,-0.75,Walking,True,-3.9,0,0
1789904141803,202,346764,1,3232,-1.79956,1,-0.75,Walking,True,-3.9,0,0
1789904141803,202,346764,1,3232,-1.79956,1,-0.75,Walking,True,-3.9,0,0
1789904141803,202,346764,1,3232,-1.79956,1,-0.75,Walking,True,-3.9,0,0
1789904141803,202,346764,1,3232,-1.79956,1,-0.75,Walking,True,-3.9,0,0
1789904141803,202,346764,1,3232,-1.79956,1,-0.75,Walking,True,-3.9,0,0
1789904141819,203,348284,1,3248,-1.86196,1,-0.75,Walking,True,-3.9,0,0
1789904141819,203,348284,1,3248,-1.86196,1,-0.75,Walking,True,-3.9,0,0
1789904141819,203,348284,1,3248,-1.86196,1,-0.75,Walking,True,-3.9,0,0
1789904141819,203,348284,1,3248,-1.86196,1,-0.75,Walking,True,-3.9,0,0
1789904141819,203,348284,1,3248,-1.86196,1,-0.75,Walking,True,-3.9,0,0
1789904141819,203,348284,1,3248,-1.86196,1,-0.75,Walking,True,-3.9,0,0
1789904141819,203,348284,1,3248,-1.86196,1,-0.75,Walking,True,-3.9,0,0
1789904141819,203,348284,1,3248,-1.86196,1,-0.75,Walking,True,-3.9,0,0
1789904141834,204,349638,1,3264,-1.92436,1,-0.75,Walking,True,-3.9,0,0
1789904141834,204,349638,1,3264,-1.92436,1,-0.75,Walking,True,-3.9,0,0
1789904141834,204,349638,1,3264,-1.92436,1,-0.75,Walking,True,-3.9,0,0
1789904141834,204,349638,1,3264,-1.92436,1,-0.75,Walking,True,-3.9,0,0
1789904141834,204,349638,1,3264,-1.92436,1,-0.75,Walking,True,-3.9,0,0
1789904141834,204,349638,1,3264,-1.92436,1,-0.75,Walking,True,-3.9,0,0
1789904141834,204,349638,1,3264,-1.92436,1,-0.75,Walking,True,-3.9,0,0
1789904141834,204,349638,1,3264,-1.92436,1,-0.75,Walking,True,-3.9,0,0
1789904141851,205,351099,1,3280,-1.98676,1,-0.75,Walking,True,-3.9,0,0
1789904141851,205,351099,1,3280,-1.98676,1,-0.75,Walking,True,-3.9,0,0
1789904141851,205,351099,1,3280,-1.98676,1,-0.75,Walking,True,-3.9,0,0
1789904141851,205,351099,1,3280,-1.98676,1,-0.75,Walking,True,-3.9,0,0
1789904141851,205,351099,1,3280,-1.98676,1,-0.75,Walking,True,-3.9,0,0
1789904141851,205,351099,1,3280,-1.98676,1,-0.75,Walking,True,-3.9,0,0
1789904141851,205,351099,1,3280,-1.98676,1,-0.75,Walking,True,-3.9,0,0
1789904141851,205,351099,1,3280,-1.98676,1,-0.75,Walking,True,-3.9,0,0
1789904141866,206,352623,1,3296,-2.04916,1,-0.75,Walking,True,-3.9,0,0
1789904141866,206,352623,1,3296,-2.04916,1,-0.75,Walking,True,-3.9,0,0
1789904141866,206,352623,1,3296,-2.04916,1,-0.75,Walking,True,-3.9,0,0
1789904141866,206,352623,1,3296,-2.04916,1,-0.75,Walking,True,-3.9,0,0
1789904141866,206,352623,1,3296,-2.04916,1,-0.75,Walking,True,-3.9,0,0
1789904141866,206,352623,1,3296,-2.04916,1,-0.75,Walking,True,-3.9,0,0
1789904141866,206,352623,1,3296,-2.04916,1,-0.75,Walking,True,-3.9,0,0
1789904141866,206,352623,1,3296,-2.04916,1,-0.75,Walking,True,-3.9,0,0
1789904141882,207,354158,1,3312,-2.11156,1,-0.75,Walking,True,-3.9,0,0
1789904141882,207,354158,1,3312,-2.11156,1,-0.75,Walking,True,-3.9,0,0
1789904141882,207,354158,1,3312,-2.11156,1,-0.75,Walking,True,-3.9,0,0
1789904141882,207,354158,1,3312,-2.11156,1,-0.75,Walking,True,-3.9,0,0
1789904141882,207,354158,1,3312,-2.11156,1,-0.75,Walking,True,-3.9,0,0
1789904141882,207,354158,1,3312,-2.11156,1,-0.75,Walking,True,-3.9,0,0
1789904141882,207,354158,1,3312,-2.11156,1,-0.75,Walking,True,-3.9,0,0
1789904141882,207,354158,1,3312,-2.11156,1,-0.75,Walking,True,-3.9,0,0
1789904141897,208,355763,1,3328,-2.17396,1,-0.75,Walking,True,-3.9,0,0
1789904141897,208,355763,1,3328,-2.17396,1,-0.75,Walking,True,-3.9,0,0
1789904141897,208,355763,1,3328,-2.17396,1,-0.75,Walking,True,-3.9,0,0
1789904141897,208,355763,1,3328,-2.17396,1,-0.75,Walking,True,-3.9,0,0
1789904141897,208,355763,1,3328,-2.17396,1,-0.75,Walking,True,-3.9,0,0
1789904141897,208,355763,1,3328,-2.17396,1,-0.75,Walking,True,-3.9,0,0
1789904141897,208,355763,1,3328,-2.17396,1,-0.75,Walking,True,-3.9,0,0
1789904141897,208,355763,1,3328,-2.17396,1,-0.75,Walking,True,-3.9,0,0
1789904141914,209,357292,1,3344,-2.23636,1,-0.75,Walking,True,-3.9,0,0
1789904141914,209,357292,1,3344,-2.23636,1,-0.75,Walking,True,-3.9,0,0
1789904141914,209,357292,1,3344,-2.23636,1,-0.75,Walking,True,-3.9,0,0
1789904141914,209,357292,1,3344,-2.23636,1,-0.75,Walking,True,-3.9,0,0
1789904141914,209,357292,1,3344,-2.23636,1,-0.75,Walking,True,-3.9,0,0
1789904141914,209,357292,1,3344,-2.23636,1,-0.75,Walking,True,-3.9,0,0
1789904141914,209,357292,1,3344,-2.23636,1,-0.75,Walking,True,-3.9,0,0
1789904141914,209,357292,1,3344,-2.23636,1,-0.75,Walking,True,-3.9,0,0
1789904141929,210,358911,1,3360,-2.29876,1,-0.75,Walking,True,-3.9,0,0
1789904141929,210,358911,1,3360,-2.29876,1,-0.75,Walking,True,-3.9,0,0
1789904141929,210,358911,1,3360,-2.29876,1,-0.75,Walking,True,-3.9,0,0
1789904141929,210,358911,1,3360,-2.29876,1,-0.75,Walking,True,-3.9,0,0
1789904141929,210,358911,1,3360,-2.29876,1,-0.75,Walking,True,-3.9,0,0
1789904141929,210,358911,1,3360,-2.29876,1,-0.75,Walking,True,-3.9,0,0
1789904141929,210,358911,1,3360,-2.29876,1,-0.75,Walking,True,-3.9,0,0
1789904141929,210,358911,1,3360,-2.29876,1,-0.75,Walking,True,-3.9,0,0
1789904141945,211,360354,1,3376,-2.361161,1,-0.75,Walking,True,-3.9,0,0
1789904141945,211,360354,1,3376,-2.361161,1,-0.75,Walking,True,-3.9,0,0
1789904141945,211,360354,1,3376,-2.361161,1,-0.75,Walking,True,-3.9,0,0
1789904141945,211,360354,1,3376,-2.361161,1,-0.75,Walking,True,-3.9,0,0
1789904141945,211,360354,1,3376,-2.361161,1,-0.75,Walking,True,-3.9,0,0
1789904141945,211,360354,1,3376,-2.361161,1,-0.75,Walking,True,-3.9,0,0
1789904141945,211,360354,1,3376,-2.361161,1,-0.75,Walking,True,-3.9,0,0
1789904141945,211,360354,1,3376,-2.361161,1,-0.75,Walking,True,-3.9,0,0
1789904141961,212,362019,1,3392,-2.423561,1,-0.75,Walking,True,-3.9,0,0
1789904141961,212,362019,1,3392,-2.423561,1,-0.75,Walking,True,-3.9,0,0
1789904141961,212,362019,1,3392,-2.423561,1,-0.75,Walking,True,-3.9,0,0
1789904141961,212,362019,1,3392,-2.423561,1,-0.75,Walking,True,-3.9,0,0
1789904141961,212,362019,1,3392,-2.423561,1,-0.75,Walking,True,-3.9,0,0
1789904141961,212,362019,1,3392,-2.423561,1,-0.75,Walking,True,-3.9,0,0
1789904141961,212,362019,1,3392,-2.423561,1,-0.75,Walking,True,-3.9,0,0
1789904141961,212,362019,1,3392,-2.423561,1,-0.75,Walking,True,-3.9,0,0
1789904141992,213,363523,1,3408,-2.485961,1,-0.75,Walking,True,-3.9,0,0
1789904141992,213,363523,1,3408,-2.485961,1,-0.75,Walking,True,-3.9,0,0
1789904141992,213,363523,1,3408,-2.485961,1,-0.75,Walking,True,-3.9,0,0
1789904141992,213,363523,1,3408,-2.485961,1,-0.75,Walking,True,-3.9,0,0
1789904141992,213,363523,1,3408,-2.485961,1,-0.75,Walking,True,-3.9,0,0
1789904141992,213,363523,1,3408,-2.485961,1,-0.75,Walking,True,-3.9,0,0
1789904141992,213,363523,1,3408,-2.485961,1,-0.75,Walking,True,-3.9,0,0
1789904141992,213,363523,1,3408,-2.485961,1,-0.75,Walking,True,-3.9,0,0
1789904142022,214,366605,1,3424,-2.548361,1,-0.75,Walking,True,-3.9,0,0
1789904142022,215,366606,1,3440,-2.610761,1,-0.75,Walking,True,-3.9,0,0
1789904142022,215,366606,1,3440,-2.610761,1,-0.75,Walking,True,-3.9,0,0
1789904142022,215,366606,1,3440,-2.610761,1,-0.75,Walking,True,-3.9,0,0
1789904142022,215,366606,1,3440,-2.610761,1,-0.75,Walking,True,-3.9,0,0
1789904142022,215,366606,1,3440,-2.610761,1,-0.75,Walking,True,-3.9,0,0
1789904142022,215,366606,1,3440,-2.610761,1,-0.75,Walking,True,-3.9,0,0
1789904142022,215,366606,1,3440,-2.610761,1,-0.75,Walking,True,-3.9,0,0
1789904142038,216,369648,1,3456,-2.673161,1,-0.75,Walking,True,-3.9,0,0
1789904142038,216,369648,1,3456,-2.673161,1,-0.75,Walking,True,-3.9,0,0
1789904142038,216,369648,1,3456,-2.673161,1,-0.75,Walking,True,-3.9,0,0
1789904142038,216,369648,1,3456,-2.673161,1,-0.75,Walking,True,-3.9,0,0
1789904142038,216,369648,1,3456,-2.673161,1,-0.75,Walking,True,-3.9,0,0
1789904142038,216,369648,1,3456,-2.673161,1,-0.75,Walking,True,-3.9,0,0
1789904142038,216,369648,1,3456,-2.673161,1,-0.75,Walking,True,-3.9,0,0
1789904142038,216,369648,1,3456,-2.673161,1,-0.75,Walking,True,-3.9,0,0
1789904142054,217,371172,1,3472,-2.735561,1,-0.75,Walking,True,-3.9,0,0
1789904142054,217,371172,1,3472,-2.735561,1,-0.75,Walking,True,-3.9,0,0
1789904142054,217,371172,1,3472,-2.735561,1,-0.75,Walking,True,-3.9,0,0
1789904142054,217,371172,1,3472,-2.735561,1,-0.75,Walking,True,-3.9,0,0
1789904142054,217,371172,1,3472,-2.735561,1,-0.75,Walking,True,-3.9,0,0
1789904142054,217,371172,1,3472,-2.735561,1,-0.75,Walking,True,-3.9,0,0
1789904142054,217,371172,1,3472,-2.735561,1,-0.75,Walking,True,-3.9,0,0
1789904142054,217,371172,1,3472,-2.735561,1,-0.75,Walking,True,-3.9,0,0
1789904142070,218,372633,1,3488,-2.797961,1,-0.75,Walking,True,-3.9,0,0
1789904142070,218,372633,1,3488,-2.797961,1,-0.75,Walking,True,-3.9,0,0
1789904142070,218,372633,1,3488,-2.797961,1,-0.75,Walking,True,-3.9,0,0
1789904142070,218,372633,1,3488,-2.797961,1,-0.75,Walking,True,-3.9,0,0
1789904142070,218,372633,1,3488,-2.797961,1,-0.75,Walking,True,-3.9,0,0
1789904142070,218,372633,1,3488,-2.797961,1,-0.75,Walking,True,-3.9,0,0
1789904142070,218,372633,1,3488,-2.797961,1,-0.75,Walking,True,-3.9,0,0
1789904142070,218,372633,1,3488,-2.797961,1,-0.75,Walking,True,-3.9,0,0
1789904142087,219,374206,1,3504,-2.860361,1,-0.75,Walking,True,-3.9,0,0
1789904142087,219,374206,1,3504,-2.860361,1,-0.75,Walking,True,-3.9,0,0
1789904142087,219,374206,1,3504,-2.860361,1,-0.75,Walking,True,-3.9,0,0
1789904142087,219,374206,1,3504,-2.860361,1,-0.75,Walking,True,-3.9,0,0
1789904142087,219,374206,1,3504,-2.860361,1,-0.75,Walking,True,-3.9,0,0
1789904142087,219,374206,1,3504,-2.860361,1,-0.75,Walking,True,-3.9,0,0
1789904142087,219,374206,1,3504,-2.860361,1,-0.75,Walking,True,-3.9,0,0
1789904142087,219,374206,1,3504,-2.860361,1,-0.75,Walking,True,-3.9,0,0
1789904142102,220,375822,1,3520,-2.922761,1,-0.75,Walking,True,-3.9,0,0
1789904142102,220,375822,1,3520,-2.922761,1,-0.75,Walking,True,-3.9,0,0
1789904142102,220,375822,1,3520,-2.922761,1,-0.75,Walking,True,-3.9,0,0
1789904142102,220,375822,1,3520,-2.922761,1,-0.75,Walking,True,-3.9,0,0
1789904142102,220,375822,1,3520,-2.922761,1,-0.75,Walking,True,-3.9,0,0
1789904142102,220,375822,1,3520,-2.922761,1,-0.75,Walking,True,-3.9,0,0
1789904142102,220,375822,1,3520,-2.922761,1,-0.75,Walking,True,-3.9,0,0
1789904142102,220,375822,1,3520,-2.922761,1,-0.75,Walking,True,-3.9,0,0
1789904142117,221,377320,1,3536,-2.985162,1,-0.75,Walking,True,-3.9,0,0
1789904142117,221,377320,1,3536,-2.985162,1,-0.75,Walking,True,-3.9,0,0
1789904142117,221,377320,1,3536,-2.985162,1,-0.75,Walking,True,-3.9,0,0
1789904142117,221,377320,1,3536,-2.985162,1,-0.75,Walking,True,-3.9,0,0
1789904142117,221,377320,1,3536,-2.985162,1,-0.75,Walking,True,-3.9,0,0
1789904142117,221,377320,1,3536,-2.985162,1,-0.75,Walking,True,-3.9,0,0
1789904142117,221,377320,1,3536,-2.985162,1,-0.75,Walking,True,-3.9,0,0
1789904142117,221,377320,1,3536,-2.985162,1,-0.75,Walking,True,-3.9,0,0
1789904142132,222,378764,1,3552,-3.047562,1,-0.75,Walking,True,-3.9,0,0
1789904142132,222,378764,1,3552,-3.047562,1,-0.75,Walking,True,-3.9,0,0
1789904142132,222,378764,1,3552,-3.047562,1,-0.75,Walking,True,-3.9,0,0
1789904142132,222,378764,1,3552,-3.047562,1,-0.75,Walking,True,-3.9,0,0
1789904142132,222,378764,1,3552,-3.047562,1,-0.75,Walking,True,-3.9,0,0
1789904142132,222,378764,1,3552,-3.047562,1,-0.75,Walking,True,-3.9,0,0
1789904142133,222,378764,1,3552,-3.047562,1,-0.75,Walking,True,-3.9,0,0
1789904142133,222,378764,1,3552,-3.047562,1,-0.75,Walking,True,-3.9,0,0
1789904142149,223,380324,1,3568,-3.109962,1,-0.75,Walking,True,-3.9,0,0
1789904142149,223,380324,1,3568,-3.109962,1,-0.75,Walking,True,-3.9,0,0
1789904142149,223,380324,1,3568,-3.109962,1,-0.75,Walking,True,-3.9,0,0
1789904142149,223,380324,1,3568,-3.109962,1,-0.75,Walking,True,-3.9,0,0
1789904142149,223,380324,1,3568,-3.109962,1,-0.75,Walking,True,-3.9,0,0
1789904142149,223,380324,1,3568,-3.109962,1,-0.75,Walking,True,-3.9,0,0
1789904142149,223,380324,1,3568,-3.109962,1,-0.75,Walking,True,-3.9,0,0
1789904142149,223,380324,1,3568,-3.109962,1,-0.75,Walking,True,-3.9,0,0
1789904142164,224,381917,1,3584,-3.172362,1,-0.75,Walking,True,-3.9,0,0
1789904142164,224,381917,1,3584,-3.172362,1,-0.75,Walking,True,-3.9,0,0
1789904142164,224,381917,1,3584,-3.172362,1,-0.75,Walking,True,-3.9,0,0
1789904142164,224,381917,1,3584,-3.172362,1,-0.75,Walking,True,-3.9,0,0
1789904142164,224,381917,1,3584,-3.172362,1,-0.75,Walking,True,-3.9,0,0
1789904142164,224,381917,1,3584,-3.172362,1,-0.75,Walking,True,-3.9,0,0
1789904142164,224,381917,1,3584,-3.172362,1,-0.75,Walking,True,-3.9,0,0
1789904142164,224,381917,1,3584,-3.172362,1,-0.75,Walking,True,-3.9,0,0
1789904142180,225,383394,1,3600,-3.234762,1,-0.75,Walking,True,-3.9,0,0
1789904142180,225,383394,1,3600,-3.234762,1,-0.75,Walking,True,-3.9,0,0
1789904142180,225,383394,1,3600,-3.234762,1,-0.75,Walking,True,-3.9,0,0
1789904142180,225,383394,1,3600,-3.234762,1,-0.75,Walking,True,-3.9,0,0
1789904142180,225,383394,1,3600,-3.234762,1,-0.75,Walking,True,-3.9,0,0
1789904142180,225,383394,1,3600,-3.234762,1,-0.75,Walking,True,-3.9,0,0
1789904142180,225,383394,1,3600,-3.234762,1,-0.75,Walking,True,-3.9,0,0
1789904142180,225,383394,1,3600,-3.234762,1,-0.75,Walking,True,-3.9,0,0
1789904142195,226,384925,1,3616,-3.297162,1,-0.75,Walking,True,-3.9,0,0
1789904142195,226,384925,1,3616,-3.297162,1,-0.75,Walking,True,-3.9,0,0
1789904142195,226,384925,1,3616,-3.297162,1,-0.75,Walking,True,-3.9,0,0
1789904142195,226,384925,1,3616,-3.297162,1,-0.75,Walking,True,-3.9,0,0
1789904142195,226,384925,1,3616,-3.297162,1,-0.75,Walking,True,-3.9,0,0
1789904142195,226,384925,1,3616,-3.297162,1,-0.75,Walking,True,-3.9,0,0
1789904142195,226,384925,1,3616,-3.297162,1,-0.75,Walking,True,-3.9,0,0
1789904142195,226,384925,1,3616,-3.297162,1,-0.75,Walking,True,-3.9,0,0
1789904142210,227,386386,1,3632,-3.359562,1,-0.75,Walking,True,-3.9,0,0
1789904142210,227,386386,1,3632,-3.359562,1,-0.75,Walking,True,-3.9,0,0
1789904142210,227,386386,1,3632,-3.359562,1,-0.75,Walking,True,-3.9,0,0
1789904142210,227,386386,1,3632,-3.359562,1,-0.75,Walking,True,-3.9,0,0
1789904142210,227,386386,1,3632,-3.359562,1,-0.75,Walking,True,-3.9,0,0
1789904142211,227,386386,1,3632,-3.359562,1,-0.75,Walking,True,-3.9,0,0
1789904142211,227,386386,1,3632,-3.359562,1,-0.75,Walking,True,-3.9,0,0
1789904142211,227,386386,1,3632,-3.359562,1,-0.75,Walking,True,-3.9,0,0
1789904142225,228,387924,1,3648,-3.421962,1,-0.75,Walking,True,-3.9,0,0
1789904142225,228,387924,1,3648,-3.421962,1,-0.75,Walking,True,-3.9,0,0
1789904142225,228,387924,1,3648,-3.421962,1,-0.75,Walking,True,-3.9,0,0
1789904142225,228,387924,1,3648,-3.421962,1,-0.75,Walking,True,-3.9,0,0
1789904142225,228,387924,1,3648,-3.421962,1,-0.75,Walking,True,-3.9,0,0
1789904142225,228,387924,1,3648,-3.421962,1,-0.75,Walking,True,-3.9,0,0
1789904142225,228,387924,1,3648,-3.421962,1,-0.75,Walking,True,-3.9,0,0
1789904142225,228,387924,1,3648,-3.421962,1,-0.75,Walking,True,-3.9,0,0
1789904142241,229,389324,1,3664,-3.484362,1,-0.75,Walking,True,-3.9,0,0
1789904142241,229,389324,1,3664,-3.484362,1,-0.75,Walking,True,-3.9,0,0
1789904142241,229,389324,1,3664,-3.484362,1,-0.75,Walking,True,-3.9,0,0
1789904142241,229,389324,1,3664,-3.484362,1,-0.75,Walking,True,-3.9,0,0
1789904142241,229,389324,1,3664,-3.484362,1,-0.75,Walking,True,-3.9,0,0
1789904142241,229,389324,1,3664,-3.484362,1,-0.75,Walking,True,-3.9,0,0
1789904142241,229,389324,1,3664,-3.484362,1,-0.75,Walking,True,-3.9,0,0
1789904142241,229,389324,1,3664,-3.484362,1,-0.75,Walking,True,-3.9,0,0
1789904142258,230,390850,1,3680,-3.546762,1,-0.75,Walking,True,-3.9,0,0
1789904142258,230,390850,1,3680,-3.546762,1,-0.75,Walking,True,-3.9,0,0
1789904142258,230,390850,1,3680,-3.546762,1,-0.75,Walking,True,-3.9,0,0
1789904142258,230,390850,1,3680,-3.546762,1,-0.75,Walking,True,-3.9,0,0
1789904142258,230,390850,1,3680,-3.546762,1,-0.75,Walking,True,-3.9,0,0
1789904142258,230,390850,1,3680,-3.546762,1,-0.75,Walking,True,-3.9,0,0
1789904142258,230,390850,1,3680,-3.546762,1,-0.75,Walking,True,-3.9,0,0
1789904142258,230,390850,1,3680,-3.546762,1,-0.75,Walking,True,-3.9,0,0
1789904142273,231,392456,1,3696,-3.609163,1,-0.75,Walking,True,-3.9,0,0
1789904142273,231,392456,1,3696,-3.609163,1,-0.75,Walking,True,-3.9,0,0
1789904142273,231,392456,1,3696,-3.609163,1,-0.75,Walking,True,-3.9,0,0
1789904142273,231,392456,1,3696,-3.609163,1,-0.75,Walking,True,-3.9,0,0
1789904142273,231,392456,1,3696,-3.609163,1,-0.75,Walking,True,-3.9,0,0
1789904142273,231,392456,1,3696,-3.609163,1,-0.75,Walking,True,-3.9,0,0
1789904142273,231,392456,1,3696,-3.609163,1,-0.75,Walking,True,-3.9,0,0
1789904142273,231,392456,1,3696,-3.609163,1,-0.75,Walking,True,-3.9,0,0
1789904142289,232,393911,1,3712,-3.671563,1,-0.75,Walking,True,-3.9,0,0
1789904142289,232,393911,1,3712,-3.671563,1,-0.75,Walking,True,-3.9,0,0
1789904142289,232,393911,1,3712,-3.671563,1,-0.75,Walking,True,-3.9,0,0
1789904142289,232,393911,1,3712,-3.671563,1,-0.75,Walking,True,-3.9,0,0
1789904142289,232,393911,1,3712,-3.671563,1,-0.75,Walking,True,-3.9,0,0
1789904142289,232,393911,1,3712,-3.671563,1,-0.75,Walking,True,-3.9,0,0
1789904142289,232,393911,1,3712,-3.671563,1,-0.75,Walking,True,-3.9,0,0
1789904142289,232,393911,1,3712,-3.671563,1,-0.75,Walking,True,-3.9,0,0
1789904142320,233,395370,1,3728,-3.728843,1,-0.75,Walking,True,-3.58,0,0
1789904142320,233,395370,1,3728,-3.728843,1,-0.75,Walking,True,-3.58,0,0
1789904142320,233,395370,1,3728,-3.728843,1,-0.75,Walking,True,-3.58,0,0
1789904142320,233,395370,1,3728,-3.728843,1,-0.75,Walking,True,-3.58,0,0
1789904142320,233,395370,1,3728,-3.728843,1,-0.75,Walking,True,-3.58,0,0
1789904142320,233,395370,1,3728,-3.728843,1,-0.75,Walking,True,-3.58,0,0
1789904142320,233,395370,1,3728,-3.728843,1,-0.75,Walking,True,-3.58,0,0
1789904142320,233,395370,1,3728,-3.728843,1,-0.75,Walking,True,-3.58,0,0
1789904142335,234,398369,1,3744,-3.781003,1,-0.75,Walking,True,-3.26,0,0
1789904142335,234,398369,1,3744,-3.781003,1,-0.75,Walking,True,-3.26,0,0
1789904142335,234,398369,1,3744,-3.781003,1,-0.75,Walking,True,-3.26,0,0
1789904142335,234,398369,1,3744,-3.781003,1,-0.75,Walking,True,-3.26,0,0
1789904142335,234,398369,1,3744,-3.781003,1,-0.75,Walking,True,-3.26,0,0
1789904142335,234,398369,1,3744,-3.781003,1,-0.75,Walking,True,-3.26,0,0
1789904142335,234,398369,1,3744,-3.781003,1,-0.75,Walking,True,-3.26,0,0
1789904142335,234,398369,1,3744,-3.781003,1,-0.75,Walking,True,-3.26,0,0
1789904142350,235,399794,1,3760,-3.828043,1,-0.75,Walking,True,-2.94,0,0
1789904142350,235,399794,1,3760,-3.828043,1,-0.75,Walking,True,-2.94,0,0
1789904142350,235,399794,1,3760,-3.828043,1,-0.75,Walking,True,-2.94,0,0
1789904142350,235,399794,1,3760,-3.828043,1,-0.75,Walking,True,-2.94,0,0
1789904142350,235,399794,1,3760,-3.828043,1,-0.75,Walking,True,-2.94,0,0
1789904142350,235,399794,1,3760,-3.828043,1,-0.75,Walking,True,-2.94,0,0
1789904142350,235,399794,1,3760,-3.828043,1,-0.75,Walking,True,-2.94,0,0
1789904142350,235,399794,1,3760,-3.828043,1,-0.75,Walking,True,-2.94,0,0
1789904142365,236,401278,1,3776,-3.869963,1,-0.75,Walking,True,-2.62,0,0
1789904142365,236,401278,1,3776,-3.869963,1,-0.75,Walking,True,-2.62,0,0
1789904142365,236,401278,1,3776,-3.869963,1,-0.75,Walking,True,-2.62,0,0
1789904142365,236,401278,1,3776,-3.869963,1,-0.75,Walking,True,-2.62,0,0
1789904142365,236,401278,1,3776,-3.869963,1,-0.75,Walking,True,-2.62,0,0
1789904142365,236,401278,1,3776,-3.869963,1,-0.75,Walking,True,-2.62,0,0
1789904142365,236,401278,1,3776,-3.869963,1,-0.75,Walking,True,-2.62,0,0
1789904142365,236,401278,1,3776,-3.869963,1,-0.75,Walking,True,-2.62,0,0
1789904142381,237,402853,1,3792,-3.906763,1,-0.75,Walking,True,-2.3,0,0
1789904142381,237,402853,1,3792,-3.906763,1,-0.75,Walking,True,-2.3,0,0
1789904142381,237,402853,1,3792,-3.906763,1,-0.75,Walking,True,-2.3,0,0
1789904142381,237,402853,1,3792,-3.906763,1,-0.75,Walking,True,-2.3,0,0
1789904142381,237,402853,1,3792,-3.906763,1,-0.75,Walking,True,-2.3,0,0
1789904142381,237,402853,1,3792,-3.906763,1,-0.75,Walking,True,-2.3,0,0
1789904142381,237,402853,1,3792,-3.906763,1,-0.75,Walking,True,-2.3,0,0
1789904142381,237,402853,1,3792,-3.906763,1,-0.75,Walking,True,-2.3,0,0
1789904142397,238,404315,1,3808,-3.938443,1,-0.75,Walking,True,-1.98,0,0
1789904142397,238,404315,1,3808,-3.938443,1,-0.75,Walking,True,-1.98,0,0
1789904142397,238,404315,1,3808,-3.938443,1,-0.75,Walking,True,-1.98,0,0
1789904142397,238,404315,1,3808,-3.938443,1,-0.75,Walking,True,-1.98,0,0
1789904142397,238,404315,1,3808,-3.938443,1,-0.75,Walking,True,-1.98,0,0
1789904142397,238,404315,1,3808,-3.938443,1,-0.75,Walking,True,-1.98,0,0
1789904142397,238,404315,1,3808,-3.938443,1,-0.75,Walking,True,-1.98,0,0
1789904142397,238,404315,1,3808,-3.938443,1,-0.75,Walking,True,-1.98,0,0
1789904142412,239,405892,1,3824,-3.965003,1,-0.75,Walking,True,-1.66,0,0
1789904142412,239,405892,1,3824,-3.965003,1,-0.75,Walking,True,-1.66,0,0
1789904142412,239,405892,1,3824,-3.965003,1,-0.75,Walking,True,-1.66,0,0
1789904142412,239,405892,1,3824,-3.965003,1,-0.75,Walking,True,-1.66,0,0
1789904142412,239,405892,1,3824,-3.965003,1,-0.75,Walking,True,-1.66,0,0
1789904142412,239,405892,1,3824,-3.965003,1,-0.75,Walking,True,-1.66,0,0
1789904142413,239,405892,1,3824,-3.965003,1,-0.75,Walking,True,-1.66,0,0
1789904142413,239,405892,1,3824,-3.965003,1,-0.75,Walking,True,-1.66,0,0
1789904142429,240,407437,1,3840,-3.986443,1,-0.75,Walking,True,-1.34,0,0
1789904142429,240,407437,1,3840,-3.986443,1,-0.75,Walking,True,-1.34,0,0
1789904142429,240,407437,1,3840,-3.986443,1,-0.75,Walking,True,-1.34,0,0
1789904142429,240,407437,1,3840,-3.986443,1,-0.75,Walking,True,-1.34,0,0
1789904142429,240,407437,1,3840,-3.986443,1,-0.75,Walking,True,-1.34,0,0
1789904142429,240,407437,1,3840,-3.986443,1,-0.75,Walking,True,-1.34,0,0
1789904142429,240,407437,1,3840,-3.986443,1,-0.75,Walking,True,-1.34,0,0
1789904142429,240,407437,1,3840,-3.986443,1,-0.75,Walking,True,-1.34,0,0
1789904142444,241,409035,1,3856,-4.002763,1,-0.75,Walking,True,-1.02,0,0
1789904142444,241,409035,1,3856,-4.002763,1,-0.75,Walking,True,-1.02,0,0
1789904142444,241,409035,1,3856,-4.002763,1,-0.75,Walking,True,-1.02,0,0
1789904142444,241,409035,1,3856,-4.002763,1,-0.75,Walking,True,-1.02,0,0
1789904142444,241,409035,1,3856,-4.002763,1,-0.75,Walking,True,-1.02,0,0
1789904142444,241,409035,1,3856,-4.002763,1,-0.75,Walking,True,-1.02,0,0
1789904142444,241,409035,1,3856,-4.002763,1,-0.75,Walking,True,-1.02,0,0
1789904142444,241,409035,1,3856,-4.002763,1,-0.75,Walking,True,-1.02,0,0
1789904142460,242,410491,1,3872,-4.013963,1,-0.75,Walking,True,-0.7,0,0
1789904142460,242,410491,1,3872,-4.013963,1,-0.75,Walking,True,-0.7,0,0
1789904142460,242,410491,1,3872,-4.013963,1,-0.75,Walking,True,-0.7,0,0
1789904142460,242,410491,1,3872,-4.013963,1,-0.75,Walking,True,-0.7,0,0
1789904142460,242,410491,1,3872,-4.013963,1,-0.75,Walking,True,-0.7,0,0
1789904142460,242,410491,1,3872,-4.013963,1,-0.75,Walking,True,-0.7,0,0
1789904142460,242,410491,1,3872,-4.013963,1,-0.75,Walking,True,-0.7,0,0
1789904142460,242,410491,1,3872,-4.013963,1,-0.75,Walking,True,-0.7,0,0
1789904142474,243,411913,1,3888,-4.020043,1,-0.75,Walking,True,-0.38,0,0
1789904142474,243,411913,1,3888,-4.020043,1,-0.75,Walking,True,-0.38,0,0
1789904142474,243,411913,1,3888,-4.020043,1,-0.75,Walking,True,-0.38,0,0
1789904142474,243,411913,1,3888,-4.020043,1,-0.75,Walking,True,-0.38,0,0
1789904142474,243,411913,1,3888,-4.020043,1,-0.75,Walking,True,-0.38,0,0
1789904142474,243,411913,1,3888,-4.020043,1,-0.75,Walking,True,-0.38,0,0
1789904142474,243,411913,1,3888,-4.020043,1,-0.75,Walking,True,-0.38,0,0
1789904142474,243,411913,1,3888,-4.020043,1,-0.75,Walking,True,-0.38,0,0
1789904142490,244,413333,1,3904,-4.020043,1,-0.75,Walking,True,-0.06,0,0
1789904142490,244,413333,1,3904,-4.020043,1,-0.75,Walking,True,-0.06,0,0
1789904142490,244,413333,1,3904,-4.020043,1,-0.75,Walking,True,-0.06,0,0
1789904142490,244,413333,1,3904,-4.020043,1,-0.75,Walking,True,-0.06,0,0
1789904142490,244,413333,1,3904,-4.020043,1,-0.75,Walking,True,-0.06,0,0
1789904142490,244,413333,1,3904,-4.020043,1,-0.75,Walking,True,-0.06,0,0
1789904142490,244,413333,1,3904,-4.020043,1,-0.75,Walking,True,-0.06,0,0
1789904142490,244,413333,1,3904,-4.020043,1,-0.75,Walking,True,-0.06,0,0
1789904142505,245,414789,1,3920,-4.020043,1,-0.75,Walking,True,0,0,0
1789904142505,245,414789,1,3920,-4.020043,1,-0.75,Walking,True,0,0,0
1789904142505,245,414789,1,3920,-4.020043,1,-0.75,Walking,True,0,0,0
1789904142505,245,414789,1,3920,-4.020043,1,-0.75,Walking,True,0,0,0
1789904142505,245,414789,1,3920,-4.020043,1,-0.75,Walking,True,0,0,0
1789904142505,245,414789,1,3920,-4.020043,1,-0.75,Walking,True,0,0,0
1789904142505,245,414789,1,3920,-4.020043,1,-0.75,Walking,True,0,0,0
1789904142505,245,414789,1,3920,-4.020043,1,-0.75,Walking,True,0,0,0
1789904142520,246,416238,1,3936,-4.020043,1,-0.75,Walking,True,0,0,0
1789904142520,246,416238,1,3936,-4.020043,1,-0.75,Walking,True,0,0,0
1789904142520,246,416238,1,3936,-4.020043,1,-0.75,Walking,True,0,0,0
1789904142520,246,416238,1,3936,-4.020043,1,-0.75,Walking,True,0,0,0
1789904142520,246,416238,1,3936,-4.020043,1,-0.75,Walking,True,0,0,0
1789904142520,246,416238,1,3936,-4.020043,1,-0.75,Walking,True,0,0,0
1789904142520,246,416238,1,3936,-4.020043,1,-0.75,Walking,True,0,0,0
1789904142520,246,416238,1,3936,-4.020043,1,-0.75,Walking,True,0,0,0
1789904142536,247,417412,1,3952,-4.020043,1,-0.75,Walking,True,0,0,0
1789904142536,247,417412,1,3952,-4.020043,1,-0.75,Walking,True,0,0,0
1789904142536,247,417412,1,3952,-4.020043,1,-0.75,Walking,True,0,0,0
1789904142536,247,417412,1,3952,-4.020043,1,-0.75,Walking,True,0,0,0
1789904142536,247,417412,1,3952,-4.020043,1,-0.75,Walking,True,0,0,0
1789904142536,247,417412,1,3952,-4.020043,1,-0.75,Walking,True,0,0,0
1789904142536,247,417412,1,3952,-4.020043,1,-0.75,Walking,True,0,0,0
1789904142536,247,417412,1,3952,-4.020043,1,-0.75,Walking,True,0,0,0
1789904142551,248,418864,1,3968,-4.020043,1,-0.75,Walking,True,0,0,0
1789904142551,248,418864,1,3968,-4.020043,1,-0.75,Walking,True,0,0,0
1789904142551,248,418864,1,3968,-4.020043,1,-0.75,Walking,True,0,0,0
1789904142551,248,418864,1,3968,-4.020043,1,-0.75,Walking,True,0,0,0
1789904142551,248,418864,1,3968,-4.020043,1,-0.75,Walking,True,0,0,0
1789904142551,248,418864,1,3968,-4.020043,1,-0.75,Walking,True,0,0,0
1789904142551,248,418864,1,3968,-4.020043,1,-0.75,Walking,True,0,0,0
1789904142551,248,418864,1,3968,-4.020043,1,-0.75,Walking,True,0,0,0
1789904142566,249,420170,1,3984,-4.020043,1,-0.75,Walking,True,0,0,0
1789904142566,249,420170,1,3984,-4.020043,1,-0.75,Walking,True,0,0,0
1789904142566,249,420170,1,3984,-4.020043,1,-0.75,Walking,True,0,0,0
1789904142566,249,420170,1,3984,-4.020043,1,-0.75,Walking,True,0,0,0
1789904142566,249,420170,1,3984,-4.020043,1,-0.75,Walking,True,0,0,0
1789904142566,249,420170,1,3984,-4.020043,1,-0.75,Walking,True,0,0,0
1789904142566,249,420170,1,3984,-4.020043,1,-0.75,Walking,True,0,0,0
1789904142566,249,420170,1,3984,-4.020043,1,-0.75,Walking,True,0,0,0
1789904142581,250,421481,1,4000,-4.020043,1,-0.75,Walking,True,0,0,0
1789904142581,250,421481,1,4000,-4.020043,1,-0.75,Walking,True,0,0,0
1789904142581,250,421481,1,4000,-4.020043,1,-0.75,Walking,True,0,0,0
1789904142581,250,421481,1,4000,-4.020043,1,-0.75,Walking,True,0,0,0
1789904142581,250,421481,1,4000,-4.020043,1,-0.75,Walking,True,0,0,0
1789904142581,250,421481,1,4000,-4.020043,1,-0.75,Walking,True,0,0,0
1789904142581,250,421481,1,4000,-4.020043,1,-0.75,Walking,True,0,0,0
1789904142581,250,421481,1,4000,-4.020043,1,-0.75,Walking,True,0,0,0
1789904142596,251,422844,1,4016,-4.020043,1,-0.75,Walking,True,0,0,0
1789904142596,251,422844,1,4016,-4.020043,1,-0.75,Walking,True,0,0,0
1789904142596,251,422844,1,4016,-4.020043,1,-0.75,Walking,True,0,0,0
1789904142596,251,422844,1,4016,-4.020043,1,-0.75,Walking,True,0,0,0
1789904142596,251,422844,1,4016,-4.020043,1,-0.75,Walking,True,0,0,0
1789904142596,251,422844,1,4016,-4.020043,1,-0.75,Walking,True,0,0,0
1789904142596,251,422844,1,4016,-4.020043,1,-0.75,Walking,True,0,0,0
1789904142596,251,422844,1,4016,-4.020043,1,-0.75,Walking,True,0,0,0
1789904142611,252,424245,1,4032,-4.020043,1,-0.75,Walking,True,0,0,0
1789904142611,252,424245,1,4032,-4.020043,1,-0.75,Walking,True,0,0,0
1789904142611,252,424245,1,4032,-4.020043,1,-0.75,Walking,True,0,0,0
1789904142611,252,424245,1,4032,-4.020043,1,-0.75,Walking,True,0,0,0
1789904142611,252,424245,1,4032,-4.020043,1,-0.75,Walking,True,0,0,0
1789904142611,252,424245,1,4032,-4.020043,1,-0.75,Walking,True,0,0,0
1789904142611,252,424245,1,4032,-4.020043,1,-0.75,Walking,True,0,0,0
1789904142611,252,424245,1,4032,-4.020043,1,-0.75,Walking,True,0,0,0
1789904142626,253,425709,1,4048,-4.020043,1,-0.75,Walking,True,0,0,0
1789904142626,253,425709,1,4048,-4.020043,1,-0.75,Walking,True,0,0,0
1789904142626,253,425709,1,4048,-4.020043,1,-0.75,Walking,True,0,0,0
1789904142626,253,425709,1,4048,-4.020043,1,-0.75,Walking,True,0,0,0
1789904142626,253,425709,1,4048,-4.020043,1,-0.75,Walking,True,0,0,0
1789904142626,253,425709,1,4048,-4.020043,1,-0.75,Walking,True,0,0,0
1789904142626,253,425709,1,4048,-4.020043,1,-0.75,Walking,True,0,0,0
1789904142626,253,425709,1,4048,-4.020043,1,-0.75,Walking,True,0,0,0
1789904142642,254,427179,1,4064,-4.020043,1,-0.75,Walking,True,0,0,0
1789904142642,254,427179,1,4064,-4.020043,1,-0.75,Walking,True,0,0,0
1789904142642,254,427179,1,4064,-4.020043,1,-0.75,Walking,True,0,0,0
1789904142642,254,427179,1,4064,-4.020043,1,-0.75,Walking,True,0,0,0
1789904142642,254,427179,1,4064,-4.020043,1,-0.75,Walking,True,0,0,0
1789904142642,254,427179,1,4064,-4.020043,1,-0.75,Walking,True,0,0,0
1789904142642,254,427179,1,4064,-4.020043,1,-0.75,Walking,True,0,0,0
1789904142642,254,427179,1,4064,-4.020043,1,-0.75,Walking,True,0,0,0
1789904142657,255,428680,1,4080,-4.020043,1,-0.75,Walking,True,0,0,0
1789904142657,255,428680,1,4080,-4.020043,1,-0.75,Walking,True,0,0,0
1789904142657,255,428680,1,4080,-4.020043,1,-0.75,Walking,True,0,0,0
1789904142657,255,428680,1,4080,-4.020043,1,-0.75,Walking,True,0,0,0
1789904142657,255,428680,1,4080,-4.020043,1,-0.75,Walking,True,0,0,0
1789904142657,255,428680,1,4080,-4.020043,1,-0.75,Walking,True,0,0,0
1789904142657,255,428680,1,4080,-4.020043,1,-0.75,Walking,True,0,0,0
1789904142657,255,428680,1,4080,-4.020043,1,-0.75,Walking,True,0,0,0
1789904142673,256,430159,1,4096,-4.020043,1,-0.75,Walking,True,0,0,0
1789904142673,256,430159,1,4096,-4.020043,1,-0.75,Walking,True,0,0,0
1789904142673,256,430159,1,4096,-4.020043,1,-0.75,Walking,True,0,0,0
1789904142673,256,430159,1,4096,-4.020043,1,-0.75,Walking,True,0,0,0
1789904142673,256,430159,1,4096,-4.020043,1,-0.75,Walking,True,0,0,0
1789904142673,256,430159,1,4096,-4.020043,1,-0.75,Walking,True,0,0,0
1789904142673,256,430159,1,4096,-4.020043,1,-0.75,Walking,True,0,0,0
1789904142673,256,430159,1,4096,-4.020043,1,-0.75,Walking,True,0,0,0
1789904142689,257,431613,1,4112,-4.020043,1,-0.75,Walking,True,0,0,0
1789904142689,257,431613,1,4112,-4.020043,1,-0.75,Walking,True,0,0,0
1789904142689,257,431613,1,4112,-4.020043,1,-0.75,Walking,True,0,0,0
1789904142689,257,431613,1,4112,-4.020043,1,-0.75,Walking,True,0,0,0
1789904142689,257,431613,1,4112,-4.020043,1,-0.75,Walking,True,0,0,0
1789904142689,257,431613,1,4112,-4.020043,1,-0.75,Walking,True,0,0,0
1789904142689,257,431613,1,4112,-4.020043,1,-0.75,Walking,True,0,0,0
1789904142689,257,431613,1,4112,-4.020043,1,-0.75,Walking,True,0,0,0
1789904142705,258,433124,1,4128,-4.020043,1,-0.75,Walking,True,0,0,0
1789904142705,258,433124,1,4128,-4.020043,1,-0.75,Walking,True,0,0,0
1789904142705,258,433124,1,4128,-4.020043,1,-0.75,Walking,True,0,0,0
1789904142705,258,433124,1,4128,-4.020043,1,-0.75,Walking,True,0,0,0
1789904142705,258,433124,1,4128,-4.020043,1,-0.75,Walking,True,0,0,0
1789904142705,258,433124,1,4128,-4.020043,1,-0.75,Walking,True,0,0,0
1789904142705,258,433124,1,4128,-4.020043,1,-0.75,Walking,True,0,0,0
1789904142705,258,433124,1,4128,-4.020043,1,-0.75,Walking,True,0,0,0
1789904142736,259,434733,1,4144,-4.020043,1,-0.75,Walking,True,0,0,0
1789904142736,259,434733,1,4144,-4.020043,1,-0.75,Walking,True,0,0,0
1789904142736,259,434733,1,4144,-4.020043,1,-0.75,Walking,True,0,0,0
1789904142736,259,434733,1,4144,-4.020043,1,-0.75,Walking,True,0,0,0
1789904142736,259,434733,1,4144,-4.020043,1,-0.75,Walking,True,0,0,0
1789904142736,259,434733,1,4144,-4.020043,1,-0.75,Walking,True,0,0,0
1789904142736,259,434733,1,4144,-4.020043,1,-0.75,Walking,True,0,0,0
1789904142736,259,434733,1,4144,-4.020043,1,-0.75,Walking,True,0,0,0
1789904142751,260,437554,1,4160,-4.020043,1,-0.75,Walking,True,0,0,0
1789904142752,260,437554,1,4160,-4.020043,1,-0.75,Walking,True,0,0,0
1789904142752,260,437554,1,4160,-4.020043,1,-0.75,Walking,True,0,0,0
1789904142752,260,437554,1,4160,-4.020043,1,-0.75,Walking,True,0,0,0
1789904142752,260,437554,1,4160,-4.020043,1,-0.75,Walking,True,0,0,0
1789904142752,260,437554,1,4160,-4.020043,1,-0.75,Walking,True,0,0,0
1789904142752,260,437554,1,4160,-4.020043,1,-0.75,Walking,True,0,0,0
1789904142752,260,437554,1,4160,-4.020043,1,-0.75,Walking,True,0,0,0
1789904142766,261,438985,1,4176,-4.020043,1,-0.75,Walking,True,0,0,0
1789904142766,261,438985,1,4176,-4.020043,1,-0.75,Walking,True,0,0,0
1789904142766,261,438985,1,4176,-4.020043,1,-0.75,Walking,True,0,0,0
1789904142766,261,438985,1,4176,-4.020043,1,-0.75,Walking,True,0,0,0
1789904142766,261,438985,1,4176,-4.020043,1,-0.75,Walking,True,0,0,0
1789904142766,261,438985,1,4176,-4.020043,1,-0.75,Walking,True,0,0,0
1789904142766,261,438985,1,4176,-4.020043,1,-0.75,Walking,True,0,0,0
1789904142766,261,438985,1,4176,-4.020043,1,-0.75,Walking,True,0,0,0
1789904142782,262,440406,1,4192,-4.020043,1,-0.75,Walking,True,0,0,0
1789904142782,262,440406,1,4192,-4.020043,1,-0.75,Walking,True,0,0,0
1789904142782,262,440406,1,4192,-4.020043,1,-0.75,Walking,True,0,0,0
1789904142782,262,440406,1,4192,-4.020043,1,-0.75,Walking,True,0,0,0
1789904142782,262,440406,1,4192,-4.020043,1,-0.75,Walking,True,0,0,0
1789904142782,262,440406,1,4192,-4.020043,1,-0.75,Walking,True,0,0,0
1789904142782,262,440406,1,4192,-4.020043,1,-0.75,Walking,True,0,0,0
1789904142782,262,440406,1,4192,-4.020043,1,-0.75,Walking,True,0,0,0
1789904142798,263,441913,1,4208,-4.020043,1,-0.75,Walking,True,0,0,0
1789904142798,263,441913,1,4208,-4.020043,1,-0.75,Walking,True,0,0,0
1789904142798,263,441913,1,4208,-4.020043,1,-0.75,Walking,True,0,0,0
1789904142798,263,441913,1,4208,-4.020043,1,-0.75,Walking,True,0,0,0
1789904142798,263,441913,1,4208,-4.020043,1,-0.75,Walking,True,0,0,0
1789904142798,263,441913,1,4208,-4.020043,1,-0.75,Walking,True,0,0,0
1789904142798,263,441913,1,4208,-4.020043,1,-0.75,Walking,True,0,0,0
1789904142798,263,441913,1,4208,-4.020043,1,-0.75,Walking,True,0,0,0
1789904143047,264,475128,1,4224,-4.020043,1.061489,-0.75,Falling,False,0,3.84304,0
1789904143047,264,475128,1,4224,-4.020043,1.061489,-0.75,Falling,False,0,3.84304,0
1789904143047,264,475128,1,4224,-4.020043,1.061489,-0.75,Falling,False,0,3.84304,0
1789904143047,264,475128,1,4224,-4.020043,1.061489,-0.75,Falling,False,0,3.84304,0
1789904143047,264,475128,1,4224,-4.020043,1.061489,-0.75,Falling,False,0,3.84304,0
1789904143047,264,475128,1,4224,-4.020043,1.061489,-0.75,Falling,False,0,3.84304,0
1789904143047,264,475128,1,4224,-4.020043,1.061489,-0.75,Falling,False,0,3.84304,0
1789904143047,264,475128,1,4224,-4.020043,1.061489,-0.75,Falling,False,0,3.84304,0
1789904143064,265,478125,1,4240,-4.020043,1.120466,-0.75,Falling,False,0,3.68608,0
1789904143064,265,478125,1,4240,-4.020043,1.120466,-0.75,Falling,False,0,3.68608,0
1789904143064,265,478125,1,4240,-4.020043,1.120466,-0.75,Falling,False,0,3.68608,0
1789904143064,265,478125,1,4240,-4.020043,1.120466,-0.75,Falling,False,0,3.68608,0
1789904143064,265,478125,1,4240,-4.020043,1.120466,-0.75,Falling,False,0,3.68608,0
1789904143064,265,478125,1,4240,-4.020043,1.120466,-0.75,Falling,False,0,3.68608,0
1789904143064,265,478125,1,4240,-4.020043,1.120466,-0.75,Falling,False,0,3.68608,0
1789904143064,265,478125,1,4240,-4.020043,1.120466,-0.75,Falling,False,0,3.68608,0
1789904143094,266,479773,1,4256,-4.020043,1.176932,-0.75,Falling,False,0,3.52912,0
1789904143094,266,479773,1,4256,-4.020043,1.176932,-0.75,Falling,False,0,3.52912,0
1789904143094,267,479775,1,4272,-4.020043,1.230886,-0.75,Falling,False,0,3.37216,0
1789904143094,267,479775,1,4272,-4.020043,1.230886,-0.75,Falling,False,0,3.37216,0
1789904143094,267,479775,1,4272,-4.020043,1.230886,-0.75,Falling,False,0,3.37216,0
1789904143094,267,479775,1,4272,-4.020043,1.230886,-0.75,Falling,False,0,3.37216,0
1789904143094,267,479775,1,4272,-4.020043,1.230886,-0.75,Falling,False,0,3.37216,0
1789904143094,267,479775,1,4272,-4.020043,1.230886,-0.75,Falling,False,0,3.37216,0
1789904143110,268,482984,1,4288,-4.020043,1.28233,-0.75,Falling,False,0,3.2152,0
1789904143110,268,482984,1,4288,-4.020043,1.28233,-0.75,Falling,False,0,3.2152,0
1789904143110,268,482984,1,4288,-4.020043,1.28233,-0.75,Falling,False,0,3.2152,0
1789904143110,268,482984,1,4288,-4.020043,1.28233,-0.75,Falling,False,0,3.2152,0
1789904143110,268,482984,1,4288,-4.020043,1.28233,-0.75,Falling,False,0,3.2152,0
1789904143110,268,482984,1,4288,-4.020043,1.28233,-0.75,Falling,False,0,3.2152,0
1789904143110,268,482984,1,4288,-4.020043,1.28233,-0.75,Falling,False,0,3.2152,0
1789904143110,268,482984,1,4288,-4.020043,1.28233,-0.75,Falling,False,0,3.2152,0
1789904143125,269,484536,1,4304,-4.020043,1.331262,-0.75,Falling,False,0,3.05824,0
1789904143125,269,484536,1,4304,-4.020043,1.331262,-0.75,Falling,False,0,3.05824,0
1789904143125,269,484536,1,4304,-4.020043,1.331262,-0.75,Falling,False,0,3.05824,0
1789904143125,269,484536,1,4304,-4.020043,1.331262,-0.75,Falling,False,0,3.05824,0
1789904143125,269,484536,1,4304,-4.020043,1.331262,-0.75,Falling,False,0,3.05824,0
1789904143125,269,484536,1,4304,-4.020043,1.331262,-0.75,Falling,False,0,3.05824,0
1789904143125,269,484536,1,4304,-4.020043,1.331262,-0.75,Falling,False,0,3.05824,0
1789904143125,269,484536,1,4304,-4.020043,1.331262,-0.75,Falling,False,0,3.05824,0
1789904143142,270,486106,1,4320,-4.020043,1.377682,-0.75,Falling,False,0,2.90128,0
1789904143142,270,486106,1,4320,-4.020043,1.377682,-0.75,Falling,False,0,2.90128,0
1789904143142,270,486106,1,4320,-4.020043,1.377682,-0.75,Falling,False,0,2.90128,0
1789904143142,270,486106,1,4320,-4.020043,1.377682,-0.75,Falling,False,0,2.90128,0
1789904143142,270,486106,1,4320,-4.020043,1.377682,-0.75,Falling,False,0,2.90128,0
1789904143142,270,486106,1,4320,-4.020043,1.377682,-0.75,Falling,False,0,2.90128,0
1789904143142,270,486106,1,4320,-4.020043,1.377682,-0.75,Falling,False,0,2.90128,0
1789904143142,270,486106,1,4320,-4.020043,1.377682,-0.75,Falling,False,0,2.90128,0
1789904143156,271,487794,1,4336,-4.020043,1.421591,-0.75,Falling,False,0,2.74432,0
1789904143156,271,487794,1,4336,-4.020043,1.421591,-0.75,Falling,False,0,2.74432,0
1789904143157,271,487794,1,4336,-4.020043,1.421591,-0.75,Falling,False,0,2.74432,0
1789904143157,271,487794,1,4336,-4.020043,1.421591,-0.75,Falling,False,0,2.74432,0
1789904143157,271,487794,1,4336,-4.020043,1.421591,-0.75,Falling,False,0,2.74432,0
1789904143157,271,487794,1,4336,-4.020043,1.421591,-0.75,Falling,False,0,2.74432,0
1789904143157,271,487794,1,4336,-4.020043,1.421591,-0.75,Falling,False,0,2.74432,0
1789904143157,271,487794,1,4336,-4.020043,1.421591,-0.75,Falling,False,0,2.74432,0
1789904143172,272,489279,1,4352,-4.020043,1.462989,-0.75,Falling,False,0,2.58736,0
1789904143172,272,489279,1,4352,-4.020043,1.462989,-0.75,Falling,False,0,2.58736,0
1789904143172,272,489279,1,4352,-4.020043,1.462989,-0.75,Falling,False,0,2.58736,0
1789904143172,272,489279,1,4352,-4.020043,1.462989,-0.75,Falling,False,0,2.58736,0
1789904143172,272,489279,1,4352,-4.020043,1.462989,-0.75,Falling,False,0,2.58736,0
1789904143172,272,489279,1,4352,-4.020043,1.462989,-0.75,Falling,False,0,2.58736,0
1789904143172,272,489279,1,4352,-4.020043,1.462989,-0.75,Falling,False,0,2.58736,0
1789904143172,272,489279,1,4352,-4.020043,1.462989,-0.75,Falling,False,0,2.58736,0
1789904143188,273,490803,1,4368,-4.020043,1.501875,-0.75,Falling,False,0,2.4304,0
1789904143188,273,490803,1,4368,-4.020043,1.501875,-0.75,Falling,False,0,2.4304,0
1789904143188,273,490803,1,4368,-4.020043,1.501875,-0.75,Falling,False,0,2.4304,0
1789904143188,273,490803,1,4368,-4.020043,1.501875,-0.75,Falling,False,0,2.4304,0
1789904143188,273,490803,1,4368,-4.020043,1.501875,-0.75,Falling,False,0,2.4304,0
1789904143188,273,490803,1,4368,-4.020043,1.501875,-0.75,Falling,False,0,2.4304,0
1789904143188,273,490803,1,4368,-4.020043,1.501875,-0.75,Falling,False,0,2.4304,0
1789904143188,273,490803,1,4368,-4.020043,1.501875,-0.75,Falling,False,0,2.4304,0
1789904143203,274,492481,1,4384,-4.020043,1.53825,-0.75,Falling,False,0,2.27344,0
1789904143203,274,492481,1,4384,-4.020043,1.53825,-0.75,Falling,False,0,2.27344,0
1789904143203,274,492481,1,4384,-4.020043,1.53825,-0.75,Falling,False,0,2.27344,0
1789904143203,274,492481,1,4384,-4.020043,1.53825,-0.75,Falling,False,0,2.27344,0
1789904143203,274,492481,1,4384,-4.020043,1.53825,-0.75,Falling,False,0,2.27344,0
1789904143203,274,492481,1,4384,-4.020043,1.53825,-0.75,Falling,False,0,2.27344,0
1789904143204,274,492481,1,4384,-4.020043,1.53825,-0.75,Falling,False,0,2.27344,0
1789904143204,274,492481,1,4384,-4.020043,1.53825,-0.75,Falling,False,0,2.27344,0
1789904143219,275,494077,1,4400,-4.020043,1.572114,-0.75,Falling,False,0,2.11648,0
1789904143219,275,494077,1,4400,-4.020043,1.572114,-0.75,Falling,False,0,2.11648,0
1789904143219,275,494077,1,4400,-4.020043,1.572114,-0.75,Falling,False,0,2.11648,0
1789904143219,275,494077,1,4400,-4.020043,1.572114,-0.75,Falling,False,0,2.11648,0
1789904143219,275,494077,1,4400,-4.020043,1.572114,-0.75,Falling,False,0,2.11648,0
1789904143219,275,494077,1,4400,-4.020043,1.572114,-0.75,Falling,False,0,2.11648,0
1789904143219,275,494077,1,4400,-4.020043,1.572114,-0.75,Falling,False,0,2.11648,0
1789904143219,275,494077,1,4400,-4.020043,1.572114,-0.75,Falling,False,0,2.11648,0
1789904143234,276,495671,1,4416,-4.020043,1.603466,-0.75,Falling,False,0,1.95952,0
1789904143234,276,495671,1,4416,-4.020043,1.603466,-0.75,Falling,False,0,1.95952,0
1789904143234,276,495671,1,4416,-4.020043,1.603466,-0.75,Falling,False,0,1.95952,0
1789904143234,276,495671,1,4416,-4.020043,1.603466,-0.75,Falling,False,0,1.95952,0
1789904143234,276,495671,1,4416,-4.020043,1.603466,-0.75,Falling,False,0,1.95952,0
1789904143234,276,495671,1,4416,-4.020043,1.603466,-0.75,Falling,False,0,1.95952,0
1789904143234,276,495671,1,4416,-4.020043,1.603466,-0.75,Falling,False,0,1.95952,0
1789904143234,276,495671,1,4416,-4.020043,1.603466,-0.75,Falling,False,0,1.95952,0
1789904143250,277,497236,1,4432,-4.020043,1.632307,-0.75,Falling,False,0,1.80256,0
1789904143250,277,497236,1,4432,-4.020043,1.632307,-0.75,Falling,False,0,1.80256,0
1789904143250,277,497236,1,4432,-4.020043,1.632307,-0.75,Falling,False,0,1.80256,0
1789904143250,277,497236,1,4432,-4.020043,1.632307,-0.75,Falling,False,0,1.80256,0
1789904143250,277,497236,1,4432,-4.020043,1.632307,-0.75,Falling,False,0,1.80256,0
1789904143250,277,497236,1,4432,-4.020043,1.632307,-0.75,Falling,False,0,1.80256,0
1789904143250,277,497236,1,4432,-4.020043,1.632307,-0.75,Falling,False,0,1.80256,0
1789904143250,277,497236,1,4432,-4.020043,1.632307,-0.75,Falling,False,0,1.80256,0
1789904143265,278,498796,1,4448,-4.020043,1.658637,-0.75,Falling,False,0,1.6456,0
1789904143265,278,498796,1,4448,-4.020043,1.658637,-0.75,Falling,False,0,1.6456,0
1789904143265,278,498796,1,4448,-4.020043,1.658637,-0.75,Falling,False,0,1.6456,0
1789904143265,278,498796,1,4448,-4.020043,1.658637,-0.75,Falling,False,0,1.6456,0
1789904143265,278,498796,1,4448,-4.020043,1.658637,-0.75,Falling,False,0,1.6456,0
1789904143265,278,498796,1,4448,-4.020043,1.658637,-0.75,Falling,False,0,1.6456,0
1789904143265,278,498796,1,4448,-4.020043,1.658637,-0.75,Falling,False,0,1.6456,0
1789904143265,278,498796,1,4448,-4.020043,1.658637,-0.75,Falling,False,0,1.6456,0
1789904143281,279,500355,1,4464,-4.020043,1.682455,-0.75,Falling,False,0,1.48864,0
1789904143281,279,500355,1,4464,-4.020043,1.682455,-0.75,Falling,False,0,1.48864,0
1789904143281,279,500355,1,4464,-4.020043,1.682455,-0.75,Falling,False,0,1.48864,0
1789904143281,279,500355,1,4464,-4.020043,1.682455,-0.75,Falling,False,0,1.48864,0
1789904143281,279,500355,1,4464,-4.020043,1.682455,-0.75,Falling,False,0,1.48864,0
1789904143281,279,500355,1,4464,-4.020043,1.682455,-0.75,Falling,False,0,1.48864,0
1789904143281,279,500355,1,4464,-4.020043,1.682455,-0.75,Falling,False,0,1.48864,0
1789904143281,279,500355,1,4464,-4.020043,1.682455,-0.75,Falling,False,0,1.48864,0
1789904143297,280,502007,1,4480,-4.020043,1.703762,-0.75,Falling,False,0,1.33168,0
1789904143297,280,502007,1,4480,-4.020043,1.703762,-0.75,Falling,False,0,1.33168,0
1789904143297,280,502007,1,4480,-4.020043,1.703762,-0.75,Falling,False,0,1.33168,0
1789904143297,280,502007,1,4480,-4.020043,1.703762,-0.75,Falling,False,0,1.33168,0
1789904143297,280,502007,1,4480,-4.020043,1.703762,-0.75,Falling,False,0,1.33168,0
1789904143297,280,502007,1,4480,-4.020043,1.703762,-0.75,Falling,False,0,1.33168,0
1789904143297,280,502007,1,4480,-4.020043,1.703762,-0.75,Falling,False,0,1.33168,0
1789904143297,280,502007,1,4480,-4.020043,1.703762,-0.75,Falling,False,0,1.33168,0
1789904143313,281,503663,1,4496,-4.020043,1.722558,-0.75,Falling,False,0,1.17472,0
1789904143313,281,503663,1,4496,-4.020043,1.722558,-0.75,Falling,False,0,1.17472,0
1789904143313,281,503663,1,4496,-4.020043,1.722558,-0.75,Falling,False,0,1.17472,0
1789904143313,281,503663,1,4496,-4.020043,1.722558,-0.75,Falling,False,0,1.17472,0
1789904143313,281,503663,1,4496,-4.020043,1.722558,-0.75,Falling,False,0,1.17472,0
1789904143313,281,503663,1,4496,-4.020043,1.722558,-0.75,Falling,False,0,1.17472,0
1789904143313,281,503663,1,4496,-4.020043,1.722558,-0.75,Falling,False,0,1.17472,0
1789904143313,281,503663,1,4496,-4.020043,1.722558,-0.75,Falling,False,0,1.17472,0
1789904143329,282,505217,1,4512,-4.020043,1.738842,-0.75,Falling,False,0,1.01776,0
1789904143329,282,505217,1,4512,-4.020043,1.738842,-0.75,Falling,False,0,1.01776,0
1789904143329,282,505217,1,4512,-4.020043,1.738842,-0.75,Falling,False,0,1.01776,0
1789904143329,282,505217,1,4512,-4.020043,1.738842,-0.75,Falling,False,0,1.01776,0
1789904143329,282,505217,1,4512,-4.020043,1.738842,-0.75,Falling,False,0,1.01776,0
1789904143329,282,505217,1,4512,-4.020043,1.738842,-0.75,Falling,False,0,1.01776,0
1789904143329,282,505217,1,4512,-4.020043,1.738842,-0.75,Falling,False,0,1.01776,0
1789904143329,282,505217,1,4512,-4.020043,1.738842,-0.75,Falling,False,0,1.01776,0
1789904143344,283,506736,1,4528,-4.020043,1.752614,-0.75,Falling,False,0,0.8608,0
1789904143344,283,506736,1,4528,-4.020043,1.752614,-0.75,Falling,False,0,0.8608,0
1789904143344,283,506736,1,4528,-4.020043,1.752614,-0.75,Falling,False,0,0.8608,0
1789904143344,283,506736,1,4528,-4.020043,1.752614,-0.75,Falling,False,0,0.8608,0
1789904143344,283,506736,1,4528,-4.020043,1.752614,-0.75,Falling,False,0,0.8608,0
1789904143344,283,506736,1,4528,-4.020043,1.752614,-0.75,Falling,False,0,0.8608,0
1789904143344,283,506736,1,4528,-4.020043,1.752614,-0.75,Falling,False,0,0.8608,0
1789904143344,283,506736,1,4528,-4.020043,1.752614,-0.75,Falling,False,0,0.8608,0
1789904143360,284,508322,1,4544,-4.020043,1.763876,-0.75,Falling,False,0,0.70384,0
1789904143360,284,508322,1,4544,-4.020043,1.763876,-0.75,Falling,False,0,0.70384,0
1789904143360,284,508322,1,4544,-4.020043,1.763876,-0.75,Falling,False,0,0.70384,0
1789904143360,284,508322,1,4544,-4.020043,1.763876,-0.75,Falling,False,0,0.70384,0
1789904143360,284,508322,1,4544,-4.020043,1.763876,-0.75,Falling,False,0,0.70384,0
1789904143360,284,508322,1,4544,-4.020043,1.763876,-0.75,Falling,False,0,0.70384,0
1789904143360,284,508322,1,4544,-4.020043,1.763876,-0.75,Falling,False,0,0.70384,0
1789904143360,284,508322,1,4544,-4.020043,1.763876,-0.75,Falling,False,0,0.70384,0
1789904143375,285,509936,1,4560,-4.020043,1.772626,-0.75,Falling,False,0,0.54688,0
1789904143375,285,509936,1,4560,-4.020043,1.772626,-0.75,Falling,False,0,0.54688,0
1789904143375,285,509936,1,4560,-4.020043,1.772626,-0.75,Falling,False,0,0.54688,0
1789904143375,285,509936,1,4560,-4.020043,1.772626,-0.75,Falling,False,0,0.54688,0
1789904143375,285,509936,1,4560,-4.020043,1.772626,-0.75,Falling,False,0,0.54688,0
1789904143375,285,509936,1,4560,-4.020043,1.772626,-0.75,Falling,False,0,0.54688,0
1789904143375,285,509936,1,4560,-4.020043,1.772626,-0.75,Falling,False,0,0.54688,0
1789904143375,285,509936,1,4560,-4.020043,1.772626,-0.75,Falling,False,0,0.54688,0
1789904143391,286,511349,1,4576,-4.020043,1.778865,-0.75,Falling,False,0,0.38992,0
1789904143391,286,511349,1,4576,-4.020043,1.778865,-0.75,Falling,False,0,0.38992,0
1789904143391,286,511349,1,4576,-4.020043,1.778865,-0.75,Falling,False,0,0.38992,0
1789904143391,286,511349,1,4576,-4.020043,1.778865,-0.75,Falling,False,0,0.38992,0
1789904143391,286,511349,1,4576,-4.020043,1.778865,-0.75,Falling,False,0,0.38992,0
1789904143391,286,511349,1,4576,-4.020043,1.778865,-0.75,Falling,False,0,0.38992,0
1789904143391,286,511349,1,4576,-4.020043,1.778865,-0.75,Falling,False,0,0.38992,0
1789904143391,286,511349,1,4576,-4.020043,1.778865,-0.75,Falling,False,0,0.38992,0
1789904143408,287,513040,1,4592,-4.020043,1.782592,-0.75,Falling,False,0,0.23296,0
1789904143408,287,513040,1,4592,-4.020043,1.782592,-0.75,Falling,False,0,0.23296,0
1789904143408,287,513040,1,4592,-4.020043,1.782592,-0.75,Falling,False,0,0.23296,0
1789904143408,287,513040,1,4592,-4.020043,1.782592,-0.75,Falling,False,0,0.23296,0
1789904143408,287,513040,1,4592,-4.020043,1.782592,-0.75,Falling,False,0,0.23296,0
1789904143408,287,513040,1,4592,-4.020043,1.782592,-0.75,Falling,False,0,0.23296,0
1789904143408,287,513040,1,4592,-4.020043,1.782592,-0.75,Falling,False,0,0.23296,0
1789904143408,287,513040,1,4592,-4.020043,1.782592,-0.75,Falling,False,0,0.23296,0
1789904143424,288,514731,1,4608,-4.020043,1.783808,-0.75,Falling,False,0,0.076,0
1789904143424,288,514731,1,4608,-4.020043,1.783808,-0.75,Falling,False,0,0.076,0
1789904143424,288,514731,1,4608,-4.020043,1.783808,-0.75,Falling,False,0,0.076,0
1789904143424,288,514731,1,4608,-4.020043,1.783808,-0.75,Falling,False,0,0.076,0
1789904143424,288,514731,1,4608,-4.020043,1.783808,-0.75,Falling,False,0,0.076,0
1789904143424,288,514731,1,4608,-4.020043,1.783808,-0.75,Falling,False,0,0.076,0
1789904143424,288,514731,1,4608,-4.020043,1.783808,-0.75,Falling,False,0,0.076,0
1789904143424,288,514731,1,4608,-4.020043,1.783808,-0.75,Falling,False,0,0.076,0
1789904143439,289,516303,1,4624,-4.020043,1.782513,-0.75,Falling,False,0,-0.08096,0
1789904143439,289,516303,1,4624,-4.020043,1.782513,-0.75,Falling,False,0,-0.08096,0
1789904143439,289,516303,1,4624,-4.020043,1.782513,-0.75,Falling,False,0,-0.08096,0
1789904143439,289,516303,1,4624,-4.020043,1.782513,-0.75,Falling,False,0,-0.08096,0
1789904143439,289,516303,1,4624,-4.020043,1.782513,-0.75,Falling,False,0,-0.08096,0
1789904143439,289,516303,1,4624,-4.020043,1.782513,-0.75,Falling,False,0,-0.08096,0
1789904143439,289,516303,1,4624,-4.020043,1.782513,-0.75,Falling,False,0,-0.08096,0
1789904143439,289,516303,1,4624,-4.020043,1.782513,-0.75,Falling,False,0,-0.08096,0
1789904143455,290,517840,1,4640,-4.020043,1.778706,-0.75,Falling,False,0,-0.23792,0
1789904143455,290,517840,1,4640,-4.020043,1.778706,-0.75,Falling,False,0,-0.23792,0
1789904143455,290,517840,1,4640,-4.020043,1.778706,-0.75,Falling,False,0,-0.23792,0
1789904143455,290,517840,1,4640,-4.020043,1.778706,-0.75,Falling,False,0,-0.23792,0
1789904143455,290,517840,1,4640,-4.020043,1.778706,-0.75,Falling,False,0,-0.23792,0
1789904143455,290,517840,1,4640,-4.020043,1.778706,-0.75,Falling,False,0,-0.23792,0
1789904143455,290,517840,1,4640,-4.020043,1.778706,-0.75,Falling,False,0,-0.23792,0
1789904143455,290,517840,1,4640,-4.020043,1.778706,-0.75,Falling,False,0,-0.23792,0
1789904143470,291,519390,1,4656,-4.020043,1.772388,-0.75,Falling,False,0,-0.39488,0
1789904143470,291,519390,1,4656,-4.020043,1.772388,-0.75,Falling,False,0,-0.39488,0
1789904143470,291,519390,1,4656,-4.020043,1.772388,-0.75,Falling,False,0,-0.39488,0
1789904143470,291,519390,1,4656,-4.020043,1.772388,-0.75,Falling,False,0,-0.39488,0
1789904143470,291,519390,1,4656,-4.020043,1.772388,-0.75,Falling,False,0,-0.39488,0
1789904143470,291,519390,1,4656,-4.020043,1.772388,-0.75,Falling,False,0,-0.39488,0
1789904143470,291,519390,1,4656,-4.020043,1.772388,-0.75,Falling,False,0,-0.39488,0
1789904143470,291,519390,1,4656,-4.020043,1.772388,-0.75,Falling,False,0,-0.39488,0
1789904143486,292,520874,1,4672,-4.020043,1.763559,-0.75,Falling,False,0,-0.55184,0
1789904143486,292,520874,1,4672,-4.020043,1.763559,-0.75,Falling,False,0,-0.55184,0
1789904143486,292,520874,1,4672,-4.020043,1.763559,-0.75,Falling,False,0,-0.55184,0
1789904143486,292,520874,1,4672,-4.020043,1.763559,-0.75,Falling,False,0,-0.55184,0
1789904143486,292,520874,1,4672,-4.020043,1.763559,-0.75,Falling,False,0,-0.55184,0
1789904143486,292,520874,1,4672,-4.020043,1.763559,-0.75,Falling,False,0,-0.55184,0
1789904143486,292,520874,1,4672,-4.020043,1.763559,-0.75,Falling,False,0,-0.55184,0
1789904143486,292,520874,1,4672,-4.020043,1.763559,-0.75,Falling,False,0,-0.55184,0
1789904143501,293,522444,1,4688,-4.020043,1.752218,-0.75,Falling,False,0,-0.7088,0
1789904143501,293,522444,1,4688,-4.020043,1.752218,-0.75,Falling,False,0,-0.7088,0
1789904143501,293,522444,1,4688,-4.020043,1.752218,-0.75,Falling,False,0,-0.7088,0
1789904143501,293,522444,1,4688,-4.020043,1.752218,-0.75,Falling,False,0,-0.7088,0
1789904143501,293,522444,1,4688,-4.020043,1.752218,-0.75,Falling,False,0,-0.7088,0
1789904143501,293,522444,1,4688,-4.020043,1.752218,-0.75,Falling,False,0,-0.7088,0
1789904143501,293,522444,1,4688,-4.020043,1.752218,-0.75,Falling,False,0,-0.7088,0
1789904143501,293,522444,1,4688,-4.020043,1.752218,-0.75,Falling,False,0,-0.7088,0
1789904143516,294,523935,1,4704,-4.020043,1.738366,-0.75,Falling,False,0,-0.86576,0
1789904143516,294,523935,1,4704,-4.020043,1.738366,-0.75,Falling,False,0,-0.86576,0
1789904143516,294,523935,1,4704,-4.020043,1.738366,-0.75,Falling,False,0,-0.86576,0
1789904143516,294,523935,1,4704,-4.020043,1.738366,-0.75,Falling,False,0,-0.86576,0
1789904143516,294,523935,1,4704,-4.020043,1.738366,-0.75,Falling,False,0,-0.86576,0
1789904143516,294,523935,1,4704,-4.020043,1.738366,-0.75,Falling,False,0,-0.86576,0
1789904143516,294,523935,1,4704,-4.020043,1.738366,-0.75,Falling,False,0,-0.86576,0
1789904143516,294,523935,1,4704,-4.020043,1.738366,-0.75,Falling,False,0,-0.86576,0
1789904143532,295,525376,1,4720,-4.020043,1.722002,-0.75,Falling,False,0,-1.02272,0
1789904143532,295,525376,1,4720,-4.020043,1.722002,-0.75,Falling,False,0,-1.02272,0
1789904143532,295,525376,1,4720,-4.020043,1.722002,-0.75,Falling,False,0,-1.02272,0
1789904143532,295,525376,1,4720,-4.020043,1.722002,-0.75,Falling,False,0,-1.02272,0
1789904143532,295,525376,1,4720,-4.020043,1.722002,-0.75,Falling,False,0,-1.02272,0
1789904143532,295,525376,1,4720,-4.020043,1.722002,-0.75,Falling,False,0,-1.02272,0
1789904143532,295,525376,1,4720,-4.020043,1.722002,-0.75,Falling,False,0,-1.02272,0
1789904143532,295,525376,1,4720,-4.020043,1.722002,-0.75,Falling,False,0,-1.02272,0
1789904143549,296,526894,1,4736,-4.020043,1.703127,-0.75,Falling,False,0,-1.17968,0
1789904143549,296,526894,1,4736,-4.020043,1.703127,-0.75,Falling,False,0,-1.17968,0
1789904143549,296,526894,1,4736,-4.020043,1.703127,-0.75,Falling,False,0,-1.17968,0
1789904143549,296,526894,1,4736,-4.020043,1.703127,-0.75,Falling,False,0,-1.17968,0
1789904143549,296,526894,1,4736,-4.020043,1.703127,-0.75,Falling,False,0,-1.17968,0
1789904143549,296,526894,1,4736,-4.020043,1.703127,-0.75,Falling,False,0,-1.17968,0
1789904143549,296,526894,1,4736,-4.020043,1.703127,-0.75,Falling,False,0,-1.17968,0
1789904143549,296,526894,1,4736,-4.020043,1.703127,-0.75,Falling,False,0,-1.17968,0
1789904143564,297,528499,1,4752,-4.020043,1.681741,-0.75,Falling,False,0,-1.33664,0
1789904143564,297,528499,1,4752,-4.020043,1.681741,-0.75,Falling,False,0,-1.33664,0
1789904143564,297,528499,1,4752,-4.020043,1.681741,-0.75,Falling,False,0,-1.33664,0
1789904143564,297,528499,1,4752,-4.020043,1.681741,-0.75,Falling,False,0,-1.33664,0
1789904143564,297,528499,1,4752,-4.020043,1.681741,-0.75,Falling,False,0,-1.33664,0
1789904143564,297,528499,1,4752,-4.020043,1.681741,-0.75,Falling,False,0,-1.33664,0
1789904143564,297,528499,1,4752,-4.020043,1.681741,-0.75,Falling,False,0,-1.33664,0
1789904143564,297,528499,1,4752,-4.020043,1.681741,-0.75,Falling,False,0,-1.33664,0
1789904143580,298,530067,1,4768,-4.020043,1.657843,-0.75,Falling,False,0,-1.4936,0
1789904143580,298,530067,1,4768,-4.020043,1.657843,-0.75,Falling,False,0,-1.4936,0
1789904143580,298,530067,1,4768,-4.020043,1.657843,-0.75,Falling,False,0,-1.4936,0
1789904143580,298,530067,1,4768,-4.020043,1.657843,-0.75,Falling,False,0,-1.4936,0
1789904143580,298,530067,1,4768,-4.020043,1.657843,-0.75,Falling,False,0,-1.4936,0
1789904143580,298,530067,1,4768,-4.020043,1.657843,-0.75,Falling,False,0,-1.4936,0
1789904143580,298,530067,1,4768,-4.020043,1.657843,-0.75,Falling,False,0,-1.4936,0
1789904143580,298,530067,1,4768,-4.020043,1.657843,-0.75,Falling,False,0,-1.4936,0
1789904143595,299,531636,1,4784,-4.020043,1.631434,-0.75,Falling,False,0,-1.65056,0
1789904143595,299,531636,1,4784,-4.020043,1.631434,-0.75,Falling,False,0,-1.65056,0
1789904143595,299,531636,1,4784,-4.020043,1.631434,-0.75,Falling,False,0,-1.65056,0
1789904143595,299,531636,1,4784,-4.020043,1.631434,-0.75,Falling,False,0,-1.65056,0
1789904143595,299,531636,1,4784,-4.020043,1.631434,-0.75,Falling,False,0,-1.65056,0
1789904143595,299,531636,1,4784,-4.020043,1.631434,-0.75,Falling,False,0,-1.65056,0
1789904143595,299,531636,1,4784,-4.020043,1.631434,-0.75,Falling,False,0,-1.65056,0
1789904143595,299,531636,1,4784,-4.020043,1.631434,-0.75,Falling,False,0,-1.65056,0
1789904143611,300,533078,1,4800,-4.020043,1.602514,-0.75,Falling,False,0,-1.80752,0
1789904143611,300,533078,1,4800,-4.020043,1.602514,-0.75,Falling,False,0,-1.80752,0
1789904143611,300,533078,1,4800,-4.020043,1.602514,-0.75,Falling,False,0,-1.80752,0
1789904143611,300,533078,1,4800,-4.020043,1.602514,-0.75,Falling,False,0,-1.80752,0
1789904143611,300,533078,1,4800,-4.020043,1.602514,-0.75,Falling,False,0,-1.80752,0
1789904143611,300,533078,1,4800,-4.020043,1.602514,-0.75,Falling,False,0,-1.80752,0
1789904143611,300,533078,1,4800,-4.020043,1.602514,-0.75,Falling,False,0,-1.80752,0
1789904143611,300,533078,1,4800,-4.020043,1.602514,-0.75,Falling,False,0,-1.80752,0
1789904143626,301,534559,1,4816,-4.020043,1.571082,-0.75,Falling,False,0,-1.96448,0
1789904143626,301,534559,1,4816,-4.020043,1.571082,-0.75,Falling,False,0,-1.96448,0
1789904143626,301,534559,1,4816,-4.020043,1.571082,-0.75,Falling,False,0,-1.96448,0
1789904143626,301,534559,1,4816,-4.020043,1.571082,-0.75,Falling,False,0,-1.96448,0
1789904143626,301,534559,1,4816,-4.020043,1.571082,-0.75,Falling,False,0,-1.96448,0
1789904143626,301,534559,1,4816,-4.020043,1.571082,-0.75,Falling,False,0,-1.96448,0
1789904143626,301,534559,1,4816,-4.020043,1.571082,-0.75,Falling,False,0,-1.96448,0
1789904143626,301,534559,1,4816,-4.020043,1.571082,-0.75,Falling,False,0,-1.96448,0
1789904143642,302,536032,1,4832,-4.020043,1.537139,-0.75,Falling,False,0,-2.12144,0
1789904143642,302,536032,1,4832,-4.020043,1.537139,-0.75,Falling,False,0,-2.12144,0
1789904143642,302,536032,1,4832,-4.020043,1.537139,-0.75,Falling,False,0,-2.12144,0
1789904143642,302,536032,1,4832,-4.020043,1.537139,-0.75,Falling,False,0,-2.12144,0
1789904143642,302,536032,1,4832,-4.020043,1.537139,-0.75,Falling,False,0,-2.12144,0
1789904143642,302,536032,1,4832,-4.020043,1.537139,-0.75,Falling,False,0,-2.12144,0
1789904143642,302,536032,1,4832,-4.020043,1.537139,-0.75,Falling,False,0,-2.12144,0
1789904143642,302,536032,1,4832,-4.020043,1.537139,-0.75,Falling,False,0,-2.12144,0
1789904143659,303,537582,1,4848,-4.020043,1.500685,-0.75,Falling,False,0,-2.2784,0
1789904143659,303,537582,1,4848,-4.020043,1.500685,-0.75,Falling,False,0,-2.2784,0
1789904143659,303,537582,1,4848,-4.020043,1.500685,-0.75,Falling,False,0,-2.2784,0
1789904143659,303,537582,1,4848,-4.020043,1.500685,-0.75,Falling,False,0,-2.2784,0
1789904143659,303,537582,1,4848,-4.020043,1.500685,-0.75,Falling,False,0,-2.2784,0
1789904143659,303,537582,1,4848,-4.020043,1.500685,-0.75,Falling,False,0,-2.2784,0
1789904143659,303,537582,1,4848,-4.020043,1.500685,-0.75,Falling,False,0,-2.2784,0
1789904143659,303,537582,1,4848,-4.020043,1.500685,-0.75,Falling,False,0,-2.2784,0
1789904143675,304,539195,1,4864,-4.020043,1.461719,-0.75,Falling,False,0,-2.43536,0
1789904143675,304,539195,1,4864,-4.020043,1.461719,-0.75,Falling,False,0,-2.43536,0
1789904143675,304,539195,1,4864,-4.020043,1.461719,-0.75,Falling,False,0,-2.43536,0
1789904143675,304,539195,1,4864,-4.020043,1.461719,-0.75,Falling,False,0,-2.43536,0
1789904143675,304,539195,1,4864,-4.020043,1.461719,-0.75,Falling,False,0,-2.43536,0
1789904143675,304,539195,1,4864,-4.020043,1.461719,-0.75,Falling,False,0,-2.43536,0
1789904143675,304,539195,1,4864,-4.020043,1.461719,-0.75,Falling,False,0,-2.43536,0
1789904143675,304,539195,1,4864,-4.020043,1.461719,-0.75,Falling,False,0,-2.43536,0
1789904143691,305,540799,1,4880,-4.020043,1.420242,-0.75,Falling,False,0,-2.59232,0
1789904143691,305,540799,1,4880,-4.020043,1.420242,-0.75,Falling,False,0,-2.59232,0
1789904143691,305,540799,1,4880,-4.020043,1.420242,-0.75,Falling,False,0,-2.59232,0
1789904143691,305,540799,1,4880,-4.020043,1.420242,-0.75,Falling,False,0,-2.59232,0
1789904143691,305,540799,1,4880,-4.020043,1.420242,-0.75,Falling,False,0,-2.59232,0
1789904143691,305,540799,1,4880,-4.020043,1.420242,-0.75,Falling,False,0,-2.59232,0
1789904143691,305,540799,1,4880,-4.020043,1.420242,-0.75,Falling,False,0,-2.59232,0
1789904143691,305,540799,1,4880,-4.020043,1.420242,-0.75,Falling,False,0,-2.59232,0
1789904143706,306,542352,1,4896,-4.020043,1.376253,-0.75,Falling,False,0,-2.74928,0
1789904143706,306,542352,1,4896,-4.020043,1.376253,-0.75,Falling,False,0,-2.74928,0
1789904143706,306,542352,1,4896,-4.020043,1.376253,-0.75,Falling,False,0,-2.74928,0
1789904143706,306,542352,1,4896,-4.020043,1.376253,-0.75,Falling,False,0,-2.74928,0
1789904143706,306,542352,1,4896,-4.020043,1.376253,-0.75,Falling,False,0,-2.74928,0
1789904143706,306,542352,1,4896,-4.020043,1.376253,-0.75,Falling,False,0,-2.74928,0
1789904143706,306,542352,1,4896,-4.020043,1.376253,-0.75,Falling,False,0,-2.74928,0
1789904143706,306,542352,1,4896,-4.020043,1.376253,-0.75,Falling,False,0,-2.74928,0
1789904143722,307,543834,1,4912,-4.020043,1.329754,-0.75,Falling,False,0,-2.90624,0
1789904143722,307,543834,1,4912,-4.020043,1.329754,-0.75,Falling,False,0,-2.90624,0
1789904143722,307,543834,1,4912,-4.020043,1.329754,-0.75,Falling,False,0,-2.90624,0
1789904143722,307,543834,1,4912,-4.020043,1.329754,-0.75,Falling,False,0,-2.90624,0
1789904143722,307,543834,1,4912,-4.020043,1.329754,-0.75,Falling,False,0,-2.90624,0
1789904143722,307,543834,1,4912,-4.020043,1.329754,-0.75,Falling,False,0,-2.90624,0
1789904143722,307,543834,1,4912,-4.020043,1.329754,-0.75,Falling,False,0,-2.90624,0
1789904143722,307,543834,1,4912,-4.020043,1.329754,-0.75,Falling,False,0,-2.90624,0
1789904143737,308,545343,1,4928,-4.020043,1.280742,-0.75,Falling,False,0,-3.0632,0
1789904143737,308,545343,1,4928,-4.020043,1.280742,-0.75,Falling,False,0,-3.0632,0
1789904143737,308,545343,1,4928,-4.020043,1.280742,-0.75,Falling,False,0,-3.0632,0
1789904143737,308,545343,1,4928,-4.020043,1.280742,-0.75,Falling,False,0,-3.0632,0
1789904143737,308,545343,1,4928,-4.020043,1.280742,-0.75,Falling,False,0,-3.0632,0
1789904143737,308,545343,1,4928,-4.020043,1.280742,-0.75,Falling,False,0,-3.0632,0
1789904143737,308,545343,1,4928,-4.020043,1.280742,-0.75,Falling,False,0,-3.0632,0
1789904143737,308,545343,1,4928,-4.020043,1.280742,-0.75,Falling,False,0,-3.0632,0
1789904143753,309,546785,1,4944,-4.020043,1.22922,-0.75,Falling,False,0,-3.22016,0
1789904143753,309,546785,1,4944,-4.020043,1.22922,-0.75,Falling,False,0,-3.22016,0
1789904143753,309,546785,1,4944,-4.020043,1.22922,-0.75,Falling,False,0,-3.22016,0
1789904143753,309,546785,1,4944,-4.020043,1.22922,-0.75,Falling,False,0,-3.22016,0
1789904143753,309,546785,1,4944,-4.020043,1.22922,-0.75,Falling,False,0,-3.22016,0
1789904143753,309,546785,1,4944,-4.020043,1.22922,-0.75,Falling,False,0,-3.22016,0
1789904143753,309,546785,1,4944,-4.020043,1.22922,-0.75,Falling,False,0,-3.22016,0
1789904143753,309,546785,1,4944,-4.020043,1.22922,-0.75,Falling,False,0,-3.22016,0
1789904143769,310,548293,1,4960,-4.020043,1.175186,-0.75,Falling,False,0,-3.37712,0
1789904143769,310,548293,1,4960,-4.020043,1.175186,-0.75,Falling,False,0,-3.37712,0
1789904143769,310,548293,1,4960,-4.020043,1.175186,-0.75,Falling,False,0,-3.37712,0
1789904143769,310,548293,1,4960,-4.020043,1.175186,-0.75,Falling,False,0,-3.37712,0
1789904143769,310,548293,1,4960,-4.020043,1.175186,-0.75,Falling,False,0,-3.37712,0
1789904143769,310,548293,1,4960,-4.020043,1.175186,-0.75,Falling,False,0,-3.37712,0
1789904143769,310,548293,1,4960,-4.020043,1.175186,-0.75,Falling,False,0,-3.37712,0
1789904143769,310,548293,1,4960,-4.020043,1.175186,-0.75,Falling,False,0,-3.37712,0
1789904143785,311,549848,1,4976,-4.020043,1.118641,-0.75,Falling,False,0,-3.534081,0
1789904143785,311,549848,1,4976,-4.020043,1.118641,-0.75,Falling,False,0,-3.534081,0
1789904143785,311,549848,1,4976,-4.020043,1.118641,-0.75,Falling,False,0,-3.534081,0
1789904143785,311,549848,1,4976,-4.020043,1.118641,-0.75,Falling,False,0,-3.534081,0
1789904143785,311,549848,1,4976,-4.020043,1.118641,-0.75,Falling,False,0,-3.534081,0
1789904143785,311,549848,1,4976,-4.020043,1.118641,-0.75,Falling,False,0,-3.534081,0
1789904143785,311,549848,1,4976,-4.020043,1.118641,-0.75,Falling,False,0,-3.534081,0
1789904143785,311,549848,1,4976,-4.020043,1.118641,-0.75,Falling,False,0,-3.534081,0
1789904143817,312,551394,1,4992,-4.020043,1.059584,-0.75,Falling,False,0,-3.691041,0
1789904143817,312,551394,1,4992,-4.020043,1.059584,-0.75,Falling,False,0,-3.691041,0
1789904143817,312,551394,1,4992,-4.020043,1.059584,-0.75,Falling,False,0,-3.691041,0
1789904143817,312,551394,1,4992,-4.020043,1.059584,-0.75,Falling,False,0,-3.691041,0
1789904143817,312,551394,1,4992,-4.020043,1.059584,-0.75,Falling,False,0,-3.691041,0
1789904143817,312,551394,1,4992,-4.020043,1.059584,-0.75,Falling,False,0,-3.691041,0
1789904143817,312,551394,1,4992,-4.020043,1.059584,-0.75,Falling,False,0,-3.691041,0
1789904143817,312,551394,1,4992,-4.020043,1.059584,-0.75,Falling,False,0,-3.691041,0
1789904143847,314,554324,1,5024,-4.020043,1,-0.75,Walking,True,0,0,0
1789904143847,314,554324,1,5024,-4.020043,1,-0.75,Walking,True,0,0,0
1789904143847,314,554324,1,5024,-4.020043,1,-0.75,Walking,True,0,0,0
1789904143847,314,554324,1,5024,-4.020043,1,-0.75,Walking,True,0,0,0
1789904143847,314,554324,1,5024,-4.020043,1,-0.75,Walking,True,0,0,0
1789904143847,314,554324,1,5024,-4.020043,1,-0.75,Walking,True,0,0,0
1789904143847,314,554324,1,5024,-4.020043,1,-0.75,Walking,True,0,0,0
1789904143847,314,554324,1,5024,-4.020043,1,-0.75,Walking,True,0,0,0
1789904143863,315,556541,1,5040,-4.020043,1,-0.75,Walking,True,0,0,0
1789904143863,315,556541,1,5040,-4.020043,1,-0.75,Walking,True,0,0,0
1789904143863,315,556541,1,5040,-4.020043,1,-0.75,Walking,True,0,0,0
1789904143863,315,556541,1,5040,-4.020043,1,-0.75,Walking,True,0,0,0
1789904143863,315,556541,1,5040,-4.020043,1,-0.75,Walking,True,0,0,0
1789904143863,315,556541,1,5040,-4.020043,1,-0.75,Walking,True,0,0,0
1789904143863,315,556541,1,5040,-4.020043,1,-0.75,Walking,True,0,0,0
1789904143863,315,556541,1,5040,-4.020043,1,-0.75,Walking,True,0,0,0
1789904143878,316,557836,1,5056,-4.020043,1,-0.75,Walking,True,0,0,0
1789904143878,316,557836,1,5056,-4.020043,1,-0.75,Walking,True,0,0,0
1789904143878,316,557836,1,5056,-4.020043,1,-0.75,Walking,True,0,0,0
1789904143878,316,557836,1,5056,-4.020043,1,-0.75,Walking,True,0,0,0
1789904143878,316,557836,1,5056,-4.020043,1,-0.75,Walking,True,0,0,0
1789904143878,316,557836,1,5056,-4.020043,1,-0.75,Walking,True,0,0,0
1789904143878,316,557836,1,5056,-4.020043,1,-0.75,Walking,True,0,0,0
1789904143878,316,557836,1,5056,-4.020043,1,-0.75,Walking,True,0,0,0
1789904143893,317,559075,1,5072,-4.020043,1,-0.75,Walking,True,0,0,0
1789904143893,317,559075,1,5072,-4.020043,1,-0.75,Walking,True,0,0,0
1789904143893,317,559075,1,5072,-4.020043,1,-0.75,Walking,True,0,0,0
1789904143893,317,559075,1,5072,-4.020043,1,-0.75,Walking,True,0,0,0
1789904143893,317,559075,1,5072,-4.020043,1,-0.75,Walking,True,0,0,0
1789904143893,317,559075,1,5072,-4.020043,1,-0.75,Walking,True,0,0,0
1789904143893,317,559075,1,5072,-4.020043,1,-0.75,Walking,True,0,0,0
1789904143893,317,559075,1,5072,-4.020043,1,-0.75,Walking,True,0,0,0
1789904143909,318,560427,1,5088,-4.020043,1,-0.75,Walking,True,0,0,0
1789904143909,318,560427,1,5088,-4.020043,1,-0.75,Walking,True,0,0,0
1789904143909,318,560427,1,5088,-4.020043,1,-0.75,Walking,True,0,0,0
1789904143909,318,560427,1,5088,-4.020043,1,-0.75,Walking,True,0,0,0
1789904143909,318,560427,1,5088,-4.020043,1,-0.75,Walking,True,0,0,0
1789904143909,318,560427,1,5088,-4.020043,1,-0.75,Walking,True,0,0,0
1789904143909,318,560427,1,5088,-4.020043,1,-0.75,Walking,True,0,0,0
1789904143909,318,560427,1,5088,-4.020043,1,-0.75,Walking,True,0,0,0
1789904143924,319,561888,1,5104,-4.020043,1,-0.75,Walking,True,0,0,0
1789904143924,319,561888,1,5104,-4.020043,1,-0.75,Walking,True,0,0,0
1789904143924,319,561888,1,5104,-4.020043,1,-0.75,Walking,True,0,0,0
1789904143924,319,561888,1,5104,-4.020043,1,-0.75,Walking,True,0,0,0
1789904143924,319,561888,1,5104,-4.020043,1,-0.75,Walking,True,0,0,0
1789904143924,319,561888,1,5104,-4.020043,1,-0.75,Walking,True,0,0,0
1789904143924,319,561888,1,5104,-4.020043,1,-0.75,Walking,True,0,0,0
1789904143924,319,561888,1,5104,-4.020043,1,-0.75,Walking,True,0,0,0
1789904143940,320,563022,1,5120,-4.020043,1,-0.75,Walking,True,0,0,0
1789904143940,320,563022,1,5120,-4.020043,1,-0.75,Walking,True,0,0,0
1789904143940,320,563022,1,5120,-4.020043,1,-0.75,Walking,True,0,0,0
1789904143940,320,563022,1,5120,-4.020043,1,-0.75,Walking,True,0,0,0
1789904143940,320,563022,1,5120,-4.020043,1,-0.75,Walking,True,0,0,0
1789904143940,320,563022,1,5120,-4.020043,1,-0.75,Walking,True,0,0,0
1789904143940,320,563022,1,5120,-4.020043,1,-0.75,Walking,True,0,0,0
1789904143940,320,563022,1,5120,-4.020043,1,-0.75,Walking,True,0,0,0
1789904143955,321,564209,1,5136,-4.020043,1,-0.75,Walking,True,0,0,0
1789904143955,321,564209,1,5136,-4.020043,1,-0.75,Walking,True,0,0,0
1789904143955,321,564209,1,5136,-4.020043,1,-0.75,Walking,True,0,0,0
1789904143955,321,564209,1,5136,-4.020043,1,-0.75,Walking,True,0,0,0
1789904143955,321,564209,1,5136,-4.020043,1,-0.75,Walking,True,0,0,0
1789904143955,321,564209,1,5136,-4.020043,1,-0.75,Walking,True,0,0,0
1789904143955,321,564209,1,5136,-4.020043,1,-0.75,Walking,True,0,0,0
1789904143955,321,564209,1,5136,-4.020043,1,-0.75,Walking,True,0,0,0
1789904143971,322,565363,1,5152,-4.020043,1,-0.75,Walking,True,0,0,0
1789904143971,322,565363,1,5152,-4.020043,1,-0.75,Walking,True,0,0,0
1789904143971,322,565363,1,5152,-4.020043,1,-0.75,Walking,True,0,0,0
1789904143971,322,565363,1,5152,-4.020043,1,-0.75,Walking,True,0,0,0
1789904143971,322,565363,1,5152,-4.020043,1,-0.75,Walking,True,0,0,0
1789904143971,322,565363,1,5152,-4.020043,1,-0.75,Walking,True,0,0,0
1789904143971,322,565363,1,5152,-4.020043,1,-0.75,Walking,True,0,0,0
1789904143971,322,565363,1,5152,-4.020043,1,-0.75,Walking,True,0,0,0
1789904143986,323,566535,1,5168,-4.020043,1,-0.75,Walking,True,0,0,0
1789904143986,323,566535,1,5168,-4.020043,1,-0.75,Walking,True,0,0,0
1789904143986,323,566535,1,5168,-4.020043,1,-0.75,Walking,True,0,0,0
1789904143986,323,566535,1,5168,-4.020043,1,-0.75,Walking,True,0,0,0
1789904143986,323,566535,1,5168,-4.020043,1,-0.75,Walking,True,0,0,0
1789904143986,323,566535,1,5168,-4.020043,1,-0.75,Walking,True,0,0,0
1789904143986,323,566535,1,5168,-4.020043,1,-0.75,Walking,True,0,0,0
1789904143986,323,566535,1,5168,-4.020043,1,-0.75,Walking,True,0,0,0
1789904144001,324,567769,1,5184,-4.020043,1,-0.75,Walking,True,0,0,0
1789904144001,324,567769,1,5184,-4.020043,1,-0.75,Walking,True,0,0,0
1789904144001,324,567769,1,5184,-4.020043,1,-0.75,Walking,True,0,0,0
1789904144001,324,567769,1,5184,-4.020043,1,-0.75,Walking,True,0,0,0
1789904144001,324,567769,1,5184,-4.020043,1,-0.75,Walking,True,0,0,0
1789904144001,324,567769,1,5184,-4.020043,1,-0.75,Walking,True,0,0,0
1789904144001,324,567769,1,5184,-4.020043,1,-0.75,Walking,True,0,0,0
1789904144001,324,567769,1,5184,-4.020043,1,-0.75,Walking,True,0,0,0
1789904144016,325,568973,1,5200,-4.020043,1,-0.75,Walking,True,0,0,0
1789904144016,325,568973,1,5200,-4.020043,1,-0.75,Walking,True,0,0,0
1789904144016,325,568973,1,5200,-4.020043,1,-0.75,Walking,True,0,0,0
1789904144016,325,568973,1,5200,-4.020043,1,-0.75,Walking,True,0,0,0
1789904144016,325,568973,1,5200,-4.020043,1,-0.75,Walking,True,0,0,0
1789904144016,325,568973,1,5200,-4.020043,1,-0.75,Walking,True,0,0,0
1789904144016,325,568973,1,5200,-4.020043,1,-0.75,Walking,True,0,0,0
1789904144016,325,568973,1,5200,-4.020043,1,-0.75,Walking,True,0,0,0
1789904144031,326,570117,1,5216,-4.020043,1,-0.75,Walking,True,0,0,0
1789904144031,326,570117,1,5216,-4.020043,1,-0.75,Walking,True,0,0,0
1789904144031,326,570117,1,5216,-4.020043,1,-0.75,Walking,True,0,0,0
1789904144031,326,570117,1,5216,-4.020043,1,-0.75,Walking,True,0,0,0
1789904144031,326,570117,1,5216,-4.020043,1,-0.75,Walking,True,0,0,0
1789904144031,326,570117,1,5216,-4.020043,1,-0.75,Walking,True,0,0,0
1789904144031,326,570117,1,5216,-4.020043,1,-0.75,Walking,True,0,0,0
1789904144031,326,570117,1,5216,-4.020043,1,-0.75,Walking,True,0,0,0
1789904144046,327,571276,1,5232,-4.020043,1,-0.75,Walking,True,0,0,0
1789904144046,327,571276,1,5232,-4.020043,1,-0.75,Walking,True,0,0,0
1789904144046,327,571276,1,5232,-4.020043,1,-0.75,Walking,True,0,0,0
1789904144046,327,571276,1,5232,-4.020043,1,-0.75,Walking,True,0,0,0
1789904144046,327,571276,1,5232,-4.020043,1,-0.75,Walking,True,0,0,0
1789904144046,327,571276,1,5232,-4.020043,1,-0.75,Walking,True,0,0,0
1789904144046,327,571276,1,5232,-4.020043,1,-0.75,Walking,True,0,0,0
1789904144046,327,571276,1,5232,-4.020043,1,-0.75,Walking,True,0,0,0
1789904144061,328,572450,1,5248,-4.020043,1,-0.75,Walking,True,0,0,0
1789904144061,328,572450,1,5248,-4.020043,1,-0.75,Walking,True,0,0,0
1789904144062,328,572450,1,5248,-4.020043,1,-0.75,Walking,True,0,0,0
1789904144062,328,572450,1,5248,-4.020043,1,-0.75,Walking,True,0,0,0
1789904144062,328,572450,1,5248,-4.020043,1,-0.75,Walking,True,0,0,0
1789904144062,328,572450,1,5248,-4.020043,1,-0.75,Walking,True,0,0,0
1789904144062,328,572450,1,5248,-4.020043,1,-0.75,Walking,True,0,0,0
1789904144062,328,572450,1,5248,-4.020043,1,-0.75,Walking,True,0,0,0
1789904144077,329,573605,1,5264,-4.020043,1,-0.75,Walking,True,0,0,0
1789904144077,329,573605,1,5264,-4.020043,1,-0.75,Walking,True,0,0,0
1789904144077,329,573605,1,5264,-4.020043,1,-0.75,Walking,True,0,0,0
1789904144077,329,573605,1,5264,-4.020043,1,-0.75,Walking,True,0,0,0
1789904144077,329,573605,1,5264,-4.020043,1,-0.75,Walking,True,0,0,0
1789904144077,329,573605,1,5264,-4.020043,1,-0.75,Walking,True,0,0,0
1789904144077,329,573605,1,5264,-4.020043,1,-0.75,Walking,True,0,0,0
1789904144077,329,573605,1,5264,-4.020043,1,-0.75,Walking,True,0,0,0
1789904144093,330,574740,1,5280,-4.020043,1,-0.75,Walking,True,0,0,0
1789904144093,330,574740,1,5280,-4.020043,1,-0.75,Walking,True,0,0,0
1789904144093,330,574740,1,5280,-4.020043,1,-0.75,Walking,True,0,0,0
1789904144093,330,574740,1,5280,-4.020043,1,-0.75,Walking,True,0,0,0
1789904144093,330,574740,1,5280,-4.020043,1,-0.75,Walking,True,0,0,0
1789904144093,330,574740,1,5280,-4.020043,1,-0.75,Walking,True,0,0,0
1789904144093,330,574740,1,5280,-4.020043,1,-0.75,Walking,True,0,0,0
1789904144093,330,574740,1,5280,-4.020043,1,-0.75,Walking,True,0,0,0
1789904144109,331,576069,1,5296,-4.020043,1,-0.75,Walking,True,0,0,0
1789904144109,331,576069,1,5296,-4.020043,1,-0.75,Walking,True,0,0,0
1789904144109,331,576069,1,5296,-4.020043,1,-0.75,Walking,True,0,0,0
1789904144109,331,576069,1,5296,-4.020043,1,-0.75,Walking,True,0,0,0
1789904144109,331,576069,1,5296,-4.020043,1,-0.75,Walking,True,0,0,0
1789904144109,331,576069,1,5296,-4.020043,1,-0.75,Walking,True,0,0,0
1789904144109,331,576069,1,5296,-4.020043,1,-0.75,Walking,True,0,0,0
1789904144109,331,576069,1,5296,-4.020043,1,-0.75,Walking,True,0,0,0
1789904144125,332,577230,1,5312,-4.020043,1,-0.75,Walking,True,0,0,0
1789904144125,332,577230,1,5312,-4.020043,1,-0.75,Walking,True,0,0,0
1789904144125,332,577230,1,5312,-4.020043,1,-0.75,Walking,True,0,0,0
1789904144125,332,577230,1,5312,-4.020043,1,-0.75,Walking,True,0,0,0
1789904144125,332,577230,1,5312,-4.020043,1,-0.75,Walking,True,0,0,0
1789904144125,332,577230,1,5312,-4.020043,1,-0.75,Walking,True,0,0,0
1789904144125,332,577230,1,5312,-4.020043,1,-0.75,Walking,True,0,0,0
1789904144125,332,577230,1,5312,-4.020043,1,-0.75,Walking,True,0,0,0
1789904144140,333,578357,1,5328,-4.020043,1,-0.75,Walking,True,0,0,0
1789904144140,333,578357,1,5328,-4.020043,1,-0.75,Walking,True,0,0,0
1789904144140,333,578357,1,5328,-4.020043,1,-0.75,Walking,True,0,0,0
1789904144140,333,578357,1,5328,-4.020043,1,-0.75,Walking,True,0,0,0
1789904144140,333,578357,1,5328,-4.020043,1,-0.75,Walking,True,0,0,0
1789904144140,333,578357,1,5328,-4.020043,1,-0.75,Walking,True,0,0,0
1789904144140,333,578357,1,5328,-4.020043,1,-0.75,Walking,True,0,0,0
1789904144140,333,578357,1,5328,-4.020043,1,-0.75,Walking,True,0,0,0
1789904144156,334,579571,1,5344,-4.020043,1,-0.75,Walking,True,0,0,0
1789904144156,334,579571,1,5344,-4.020043,1,-0.75,Walking,True,0,0,0
1789904144156,334,579571,1,5344,-4.020043,1,-0.75,Walking,True,0,0,0
1789904144156,334,579571,1,5344,-4.020043,1,-0.75,Walking,True,0,0,0
1789904144156,334,579571,1,5344,-4.020043,1,-0.75,Walking,True,0,0,0
1789904144156,334,579571,1,5344,-4.020043,1,-0.75,Walking,True,0,0,0
1789904144156,334,579571,1,5344,-4.020043,1,-0.75,Walking,True,0,0,0
1789904144156,334,579571,1,5344,-4.020043,1,-0.75,Walking,True,0,0,0
1789904144171,335,580731,1,5360,-4.020043,1,-0.75,Walking,True,0,0,0
1789904144171,335,580731,1,5360,-4.020043,1,-0.75,Walking,True,0,0,0
1789904144171,335,580731,1,5360,-4.020043,1,-0.75,Walking,True,0,0,0
1789904144171,335,580731,1,5360,-4.020043,1,-0.75,Walking,True,0,0,0
1789904144171,335,580731,1,5360,-4.020043,1,-0.75,Walking,True,0,0,0
1789904144171,335,580731,1,5360,-4.020043,1,-0.75,Walking,True,0,0,0
1789904144171,335,580731,1,5360,-4.020043,1,-0.75,Walking,True,0,0,0
1789904144171,335,580731,1,5360,-4.020043,1,-0.75,Walking,True,0,0,0
1789904144187,336,581971,1,5376,-4.020043,1,-0.75,Walking,True,0,0,0
1789904144187,336,581971,1,5376,-4.020043,1,-0.75,Walking,True,0,0,0
1789904144187,336,581971,1,5376,-4.020043,1,-0.75,Walking,True,0,0,0
1789904144187,336,581971,1,5376,-4.020043,1,-0.75,Walking,True,0,0,0
1789904144187,336,581971,1,5376,-4.020043,1,-0.75,Walking,True,0,0,0
1789904144187,336,581971,1,5376,-4.020043,1,-0.75,Walking,True,0,0,0
1789904144187,336,581971,1,5376,-4.020043,1,-0.75,Walking,True,0,0,0
1789904144187,336,581971,1,5376,-4.020043,1,-0.75,Walking,True,0,0,0
1789904144202,337,583214,1,5392,-4.020043,1,-0.75,Walking,True,0,0,0
1789904144202,337,583214,1,5392,-4.020043,1,-0.75,Walking,True,0,0,0
1789904144202,337,583214,1,5392,-4.020043,1,-0.75,Walking,True,0,0,0
1789904144202,337,583214,1,5392,-4.020043,1,-0.75,Walking,True,0,0,0
1789904144202,337,583214,1,5392,-4.020043,1,-0.75,Walking,True,0,0,0
1789904144202,337,583214,1,5392,-4.020043,1,-0.75,Walking,True,0,0,0
1789904144202,337,583214,1,5392,-4.020043,1,-0.75,Walking,True,0,0,0
1789904144202,337,583214,1,5392,-4.020043,1,-0.75,Walking,True,0,0,0
1789904144217,338,584429,1,5408,-4.020043,1,-0.75,Walking,True,0,0,0
1789904144217,338,584429,1,5408,-4.020043,1,-0.75,Walking,True,0,0,0
1789904144217,338,584429,1,5408,-4.020043,1,-0.75,Walking,True,0,0,0
1789904144217,338,584429,1,5408,-4.020043,1,-0.75,Walking,True,0,0,0
1789904144217,338,584429,1,5408,-4.020043,1,-0.75,Walking,True,0,0,0
1789904144217,338,584429,1,5408,-4.020043,1,-0.75,Walking,True,0,0,0
1789904144217,338,584429,1,5408,-4.020043,1,-0.75,Walking,True,0,0,0
1789904144217,338,584429,1,5408,-4.020043,1,-0.75,Walking,True,0,0,0
1789904144232,339,585591,1,5424,-4.020043,1,-0.75,Walking,True,0,0,0
1789904144232,339,585591,1,5424,-4.020043,1,-0.75,Walking,True,0,0,0
1789904144232,339,585591,1,5424,-4.020043,1,-0.75,Walking,True,0,0,0
1789904144232,339,585591,1,5424,-4.020043,1,-0.75,Walking,True,0,0,0
1789904144232,339,585591,1,5424,-4.020043,1,-0.75,Walking,True,0,0,0
1789904144232,339,585591,1,5424,-4.020043,1,-0.75,Walking,True,0,0,0
1789904144232,339,585591,1,5424,-4.020043,1,-0.75,Walking,True,0,0,0
1789904144232,339,585591,1,5424,-4.020043,1,-0.75,Walking,True,0,0,0
1789904144248,340,586817,1,5440,-4.020043,1,-0.75,Walking,True,0,0,0
1789904144248,340,586817,1,5440,-4.020043,1,-0.75,Walking,True,0,0,0
1789904144248,340,586817,1,5440,-4.020043,1,-0.75,Walking,True,0,0,0
1789904144248,340,586817,1,5440,-4.020043,1,-0.75,Walking,True,0,0,0
1789904144248,340,586817,1,5440,-4.020043,1,-0.75,Walking,True,0,0,0
1789904144248,340,586817,1,5440,-4.020043,1,-0.75,Walking,True,0,0,0
1789904144248,340,586817,1,5440,-4.020043,1,-0.75,Walking,True,0,0,0
1789904144248,340,586817,1,5440,-4.020043,1,-0.75,Walking,True,0,0,0
1789904144264,341,587991,1,5456,-4.020043,1,-0.75,Walking,True,0,0,0
1789904144264,341,587991,1,5456,-4.020043,1,-0.75,Walking,True,0,0,0
1789904144264,341,587991,1,5456,-4.020043,1,-0.75,Walking,True,0,0,0
1789904144264,341,587991,1,5456,-4.020043,1,-0.75,Walking,True,0,0,0
1789904144264,341,587991,1,5456,-4.020043,1,-0.75,Walking,True,0,0,0
1789904144264,341,587991,1,5456,-4.020043,1,-0.75,Walking,True,0,0,0
1789904144264,341,587991,1,5456,-4.020043,1,-0.75,Walking,True,0,0,0
1789904144264,341,587991,1,5456,-4.020043,1,-0.75,Walking,True,0,0,0
1789904144296,342,589268,1,5472,-4.020043,1,-0.75,Walking,True,0,0,0
1789904144296,342,589268,1,5472,-4.020043,1,-0.75,Walking,True,0,0,0
1789904144296,342,589268,1,5472,-4.020043,1,-0.75,Walking,True,0,0,0
1789904144296,342,589268,1,5472,-4.020043,1,-0.75,Walking,True,0,0,0
1789904144296,342,589268,1,5472,-4.020043,1,-0.75,Walking,True,0,0,0
1789904144296,342,589268,1,5472,-4.020043,1,-0.75,Walking,True,0,0,0
1789904144296,342,589268,1,5472,-4.020043,1,-0.75,Walking,True,0,0,0
1789904144296,342,589268,1,5472,-4.020043,1,-0.75,Walking,True,0,0,0
1789904144326,343,591765,1,5488,-4.020043,1,-0.75,Walking,True,0,0,0
1789904144326,344,591766,1,5504,-4.020043,1,-0.75,Walking,True,0,0,0
1789904144326,344,591766,1,5504,-4.020043,1,-0.75,Walking,True,0,0,0
1789904144326,344,591766,1,5504,-4.020043,1,-0.75,Walking,True,0,0,0
1789904144326,344,591766,1,5504,-4.020043,1,-0.75,Walking,True,0,0,0
1789904144326,344,591766,1,5504,-4.020043,1,-0.75,Walking,True,0,0,0
1789904144326,344,591766,1,5504,-4.020043,1,-0.75,Walking,True,0,0,0
1789904144326,344,591766,1,5504,-4.020043,1,-0.75,Walking,True,0,0,0
1789904144341,345,594110,1,5520,-4.020043,1,-0.75,Walking,True,0,0,0
1789904144341,345,594110,1,5520,-4.020043,1,-0.75,Walking,True,0,0,0
1789904144341,345,594110,1,5520,-4.020043,1,-0.75,Walking,True,0,0,0
1789904144341,345,594110,1,5520,-4.020043,1,-0.75,Walking,True,0,0,0
1789904144341,345,594110,1,5520,-4.020043,1,-0.75,Walking,True,0,0,0
1789904144341,345,594110,1,5520,-4.020043,1,-0.75,Walking,True,0,0,0
1789904144341,345,594110,1,5520,-4.020043,1,-0.75,Walking,True,0,0,0
1789904144341,345,594110,1,5520,-4.020043,1,-0.75,Walking,True,0,0,0
1789904144357,346,595285,1,5536,-4.020043,1,-0.75,Walking,True,0,0,0
1789904144357,346,595285,1,5536,-4.020043,1,-0.75,Walking,True,0,0,0
1789904144357,346,595285,1,5536,-4.020043,1,-0.75,Walking,True,0,0,0
1789904144357,346,595285,1,5536,-4.020043,1,-0.75,Walking,True,0,0,0
1789904144357,346,595285,1,5536,-4.020043,1,-0.75,Walking,True,0,0,0
1789904144357,346,595285,1,5536,-4.020043,1,-0.75,Walking,True,0,0,0
1789904144357,346,595285,1,5536,-4.020043,1,-0.75,Walking,True,0,0,0
1789904144357,346,595285,1,5536,-4.020043,1,-0.75,Walking,True,0,0,0
1789904144373,347,596445,1,5552,-4.020043,1,-0.75,Walking,True,0,0,0
1789904144373,347,596445,1,5552,-4.020043,1,-0.75,Walking,True,0,0,0
1789904144373,347,596445,1,5552,-4.020043,1,-0.75,Walking,True,0,0,0
1789904144373,347,596445,1,5552,-4.020043,1,-0.75,Walking,True,0,0,0
1789904144373,347,596445,1,5552,-4.020043,1,-0.75,Walking,True,0,0,0
1789904144373,347,596445,1,5552,-4.020043,1,-0.75,Walking,True,0,0,0
1789904144373,347,596445,1,5552,-4.020043,1,-0.75,Walking,True,0,0,0
1789904144373,347,596445,1,5552,-4.020043,1,-0.75,Walking,True,0,0,0
1789904144389,348,597924,1,5568,-4.020043,1,-0.75,Walking,True,0,0,0
1789904144389,348,597924,1,5568,-4.020043,1,-0.75,Walking,True,0,0,0
1789904144389,348,597924,1,5568,-4.020043,1,-0.75,Walking,True,0,0,0
1789904144389,348,597924,1,5568,-4.020043,1,-0.75,Walking,True,0,0,0
1789904144389,348,597924,1,5568,-4.020043,1,-0.75,Walking,True,0,0,0
1789904144389,348,597924,1,5568,-4.020043,1,-0.75,Walking,True,0,0,0
1789904144389,348,597924,1,5568,-4.020043,1,-0.75,Walking,True,0,0,0
1789904144389,348,597924,1,5568,-4.020043,1,-0.75,Walking,True,0,0,0
1789904144404,349,599335,1,5584,-4.020043,1,-0.75,Walking,True,0,0,0
1789904144404,349,599335,1,5584,-4.020043,1,-0.75,Walking,True,0,0,0
1789904144404,349,599335,1,5584,-4.020043,1,-0.75,Walking,True,0,0,0
1789904144404,349,599335,1,5584,-4.020043,1,-0.75,Walking,True,0,0,0
1789904144404,349,599335,1,5584,-4.020043,1,-0.75,Walking,True,0,0,0
1789904144404,349,599335,1,5584,-4.020043,1,-0.75,Walking,True,0,0,0
1789904144404,349,599335,1,5584,-4.020043,1,-0.75,Walking,True,0,0,0
1789904144404,349,599335,1,5584,-4.020043,1,-0.75,Walking,True,0,0,0
1789904144420,350,600658,1,5600,-4.020043,1,-0.75,Walking,True,0,0,0
1789904144420,350,600658,1,5600,-4.020043,1,-0.75,Walking,True,0,0,0
1789904144420,350,600658,1,5600,-4.020043,1,-0.75,Walking,True,0,0,0
1789904144420,350,600658,1,5600,-4.020043,1,-0.75,Walking,True,0,0,0
1789904144420,350,600658,1,5600,-4.020043,1,-0.75,Walking,True,0,0,0
1789904144420,350,600658,1,5600,-4.020043,1,-0.75,Walking,True,0,0,0
1789904144420,350,600658,1,5600,-4.020043,1,-0.75,Walking,True,0,0,0
1789904144420,350,600658,1,5600,-4.020043,1,-0.75,Walking,True,0,0,0
1789904144435,351,601854,1,5616,-4.020043,1,-0.75,Walking,True,0,0,0
1789904144435,351,601854,1,5616,-4.020043,1,-0.75,Walking,True,0,0,0
1789904144435,351,601854,1,5616,-4.020043,1,-0.75,Walking,True,0,0,0
1789904144435,351,601854,1,5616,-4.020043,1,-0.75,Walking,True,0,0,0
1789904144435,351,601854,1,5616,-4.020043,1,-0.75,Walking,True,0,0,0
1789904144435,351,601854,1,5616,-4.020043,1,-0.75,Walking,True,0,0,0
1789904144435,351,601854,1,5616,-4.020043,1,-0.75,Walking,True,0,0,0
1789904144435,351,601854,1,5616,-4.020043,1,-0.75,Walking,True,0,0,0
1789904144451,352,603147,1,5632,-4.020043,1,-0.75,Walking,True,0,0,0
1789904144451,352,603147,1,5632,-4.020043,1,-0.75,Walking,True,0,0,0
1789904144451,352,603147,1,5632,-4.020043,1,-0.75,Walking,True,0,0,0
1789904144451,352,603147,1,5632,-4.020043,1,-0.75,Walking,True,0,0,0
1789904144451,352,603147,1,5632,-4.020043,1,-0.75,Walking,True,0,0,0
1789904144451,352,603147,1,5632,-4.020043,1,-0.75,Walking,True,0,0,0
1789904144451,352,603147,1,5632,-4.020043,1,-0.75,Walking,True,0,0,0
1789904144451,352,603147,1,5632,-4.020043,1,-0.75,Walking,True,0,0,0
1789904144466,353,604442,1,5648,-4.020043,1,-0.75,Walking,True,0,0,0
1789904144466,353,604442,1,5648,-4.020043,1,-0.75,Walking,True,0,0,0
1789904144466,353,604442,1,5648,-4.020043,1,-0.75,Walking,True,0,0,0
1789904144466,353,604442,1,5648,-4.020043,1,-0.75,Walking,True,0,0,0
1789904144466,353,604442,1,5648,-4.020043,1,-0.75,Walking,True,0,0,0
1789904144466,353,604442,1,5648,-4.020043,1,-0.75,Walking,True,0,0,0
1789904144466,353,604442,1,5648,-4.020043,1,-0.75,Walking,True,0,0,0
1789904144466,353,604442,1,5648,-4.020043,1,-0.75,Walking,True,0,0,0
1789904144481,354,605681,1,5664,-4.020043,1,-0.75,Walking,True,0,0,0
1789904144481,354,605681,1,5664,-4.020043,1,-0.75,Walking,True,0,0,0
1789904144481,354,605681,1,5664,-4.020043,1,-0.75,Walking,True,0,0,0
1789904144481,354,605681,1,5664,-4.020043,1,-0.75,Walking,True,0,0,0
1789904144481,354,605681,1,5664,-4.020043,1,-0.75,Walking,True,0,0,0
1789904144481,354,605681,1,5664,-4.020043,1,-0.75,Walking,True,0,0,0
1789904144481,354,605681,1,5664,-4.020043,1,-0.75,Walking,True,0,0,0
1789904144481,354,605681,1,5664,-4.020043,1,-0.75,Walking,True,0,0,0
1789904144497,355,606936,1,5680,-4.020043,1,-0.75,Walking,True,0,0,0
1789904144497,355,606936,1,5680,-4.020043,1,-0.75,Walking,True,0,0,0
1789904144497,355,606936,1,5680,-4.020043,1,-0.75,Walking,True,0,0,0
1789904144497,355,606936,1,5680,-4.020043,1,-0.75,Walking,True,0,0,0
1789904144497,355,606936,1,5680,-4.020043,1,-0.75,Walking,True,0,0,0
1789904144497,355,606936,1,5680,-4.020043,1,-0.75,Walking,True,0,0,0
1789904144497,355,606936,1,5680,-4.020043,1,-0.75,Walking,True,0,0,0
1789904144497,355,606936,1,5680,-4.020043,1,-0.75,Walking,True,0,0,0
1789904144512,356,608215,1,5696,-4.020043,1,-0.75,Walking,True,0,0,0
1789904144512,356,608215,1,5696,-4.020043,1,-0.75,Walking,True,0,0,0
1789904144512,356,608215,1,5696,-4.020043,1,-0.75,Walking,True,0,0,0
1789904144512,356,608215,1,5696,-4.020043,1,-0.75,Walking,True,0,0,0
1789904144512,356,608215,1,5696,-4.020043,1,-0.75,Walking,True,0,0,0
1789904144512,356,608215,1,5696,-4.020043,1,-0.75,Walking,True,0,0,0
1789904144512,356,608215,1,5696,-4.020043,1,-0.75,Walking,True,0,0,0
1789904144512,356,608215,1,5696,-4.020043,1,-0.75,Walking,True,0,0,0
1789904144527,357,609419,1,5712,-4.020043,1,-0.75,Walking,True,0,0,0
1789904144527,357,609419,1,5712,-4.020043,1,-0.75,Walking,True,0,0,0
1789904144527,357,609419,1,5712,-4.020043,1,-0.75,Walking,True,0,0,0
1789904144527,357,609419,1,5712,-4.020043,1,-0.75,Walking,True,0,0,0
1789904144527,357,609419,1,5712,-4.020043,1,-0.75,Walking,True,0,0,0
1789904144527,357,609419,1,5712,-4.020043,1,-0.75,Walking,True,0,0,0
1789904144527,357,609419,1,5712,-4.020043,1,-0.75,Walking,True,0,0,0
1789904144527,357,609419,1,5712,-4.020043,1,-0.75,Walking,True,0,0,0
1789904144918,358,659450,1,5728,-4.020043,1,-0.75,Walking,True,0,0,0
1789904144918,358,659450,1,5728,-4.020043,1,-0.75,Walking,True,0,0,0
1789904144918,358,659450,1,5728,-4.020043,1,-0.75,Walking,True,0,0,0
1789904144918,358,659450,1,5728,-4.020043,1,-0.75,Walking,True,0,0,0
1789904144918,358,659450,1,5728,-4.020043,1,-0.75,Walking,True,0,0,0
1789904144918,358,659450,1,5728,-4.020043,1,-0.75,Walking,True,0,0,0
1789904144918,358,659450,1,5728,-4.020043,1,-0.75,Walking,True,0,0,0
1789904144918,358,659450,1,5728,-4.020043,1,-0.75,Walking,True,0,0,0
1789904144934,359,662191,1,5744,-4.020043,1,-0.75,Walking,True,0,0,0
1789904144934,359,662191,1,5744,-4.020043,1,-0.75,Walking,True,0,0,0
1789904144934,359,662191,1,5744,-4.020043,1,-0.75,Walking,True,0,0,0
1789904144934,359,662191,1,5744,-4.020043,1,-0.75,Walking,True,0,0,0
1789904144934,359,662191,1,5744,-4.020043,1,-0.75,Walking,True,0,0,0
1789904144934,359,662191,1,5744,-4.020043,1,-0.75,Walking,True,0,0,0
1789904144934,359,662191,1,5744,-4.020043,1,-0.75,Walking,True,0,0,0
1789904144934,359,662191,1,5744,-4.020043,1,-0.75,Walking,True,0,0,0
1789904144948,360,663665,1,5760,-4.020043,1,-0.75,Walking,True,0,0,0
1789904144948,360,663665,1,5760,-4.020043,1,-0.75,Walking,True,0,0,0
1789904144948,360,663665,1,5760,-4.020043,1,-0.75,Walking,True,0,0,0
1789904144948,360,663665,1,5760,-4.020043,1,-0.75,Walking,True,0,0,0
1789904144948,360,663665,1,5760,-4.020043,1,-0.75,Walking,True,0,0,0
1789904144948,360,663665,1,5760,-4.020043,1,-0.75,Walking,True,0,0,0
1789904144948,360,663665,1,5760,-4.020043,1,-0.75,Walking,True,0,0,0
1789904144948,360,663665,1,5760,-4.020043,1,-0.75,Walking,True,0,0,0
1789904144964,361,664973,1,5776,-4.020043,1,-0.75,Walking,True,0,0,0
1789904144964,361,664973,1,5776,-4.020043,1,-0.75,Walking,True,0,0,0
1789904144964,361,664973,1,5776,-4.020043,1,-0.75,Walking,True,0,0,0
1789904144964,361,664973,1,5776,-4.020043,1,-0.75,Walking,True,0,0,0
1789904144964,361,664973,1,5776,-4.020043,1,-0.75,Walking,True,0,0,0
1789904144964,361,664973,1,5776,-4.020043,1,-0.75,Walking,True,0,0,0
1789904144964,361,664973,1,5776,-4.020043,1,-0.75,Walking,True,0,0,0
1789904144964,361,664973,1,5776,-4.020043,1,-0.75,Walking,True,0,0,0
1789904144979,362,666401,1,5792,-4.020043,1,-0.75,Walking,True,0,0,0
1789904144979,362,666401,1,5792,-4.020043,1,-0.75,Walking,True,0,0,0
1789904144979,362,666401,1,5792,-4.020043,1,-0.75,Walking,True,0,0,0
1789904144979,362,666401,1,5792,-4.020043,1,-0.75,Walking,True,0,0,0
1789904144979,362,666401,1,5792,-4.020043,1,-0.75,Walking,True,0,0,0
1789904144979,362,666401,1,5792,-4.020043,1,-0.75,Walking,True,0,0,0
1789904144979,362,666401,1,5792,-4.020043,1,-0.75,Walking,True,0,0,0
1789904144979,362,666401,1,5792,-4.020043,1,-0.75,Walking,True,0,0,0
1789904144995,363,667652,1,5808,-4.020043,1,-0.75,Walking,True,0,0,0
1789904144995,363,667652,1,5808,-4.020043,1,-0.75,Walking,True,0,0,0
1789904144995,363,667652,1,5808,-4.020043,1,-0.75,Walking,True,0,0,0
1789904144995,363,667652,1,5808,-4.020043,1,-0.75,Walking,True,0,0,0
1789904144995,363,667652,1,5808,-4.020043,1,-0.75,Walking,True,0,0,0
1789904144995,363,667652,1,5808,-4.020043,1,-0.75,Walking,True,0,0,0
1789904144995,363,667652,1,5808,-4.020043,1,-0.75,Walking,True,0,0,0
1789904144995,363,667652,1,5808,-4.020043,1,-0.75,Walking,True,0,0,0
1789904145012,364,669097,1,5824,-4.020043,1,-0.75,Walking,True,0,0,0
1789904145012,364,669097,1,5824,-4.020043,1,-0.75,Walking,True,0,0,0
1789904145012,364,669097,1,5824,-4.020043,1,-0.75,Walking,True,0,0,0
1789904145012,364,669097,1,5824,-4.020043,1,-0.75,Walking,True,0,0,0
1789904145012,364,669097,1,5824,-4.020043,1,-0.75,Walking,True,0,0,0
1789904145012,364,669097,1,5824,-4.020043,1,-0.75,Walking,True,0,0,0
1789904145012,364,669097,1,5824,-4.020043,1,-0.75,Walking,True,0,0,0
1789904145012,364,669097,1,5824,-4.020043,1,-0.75,Walking,True,0,0,0
1789904145028,365,670678,1,5840,-4.020043,1,-0.75,Walking,True,0,0,0
1789904145028,365,670678,1,5840,-4.020043,1,-0.75,Walking,True,0,0,0
1789904145028,365,670678,1,5840,-4.020043,1,-0.75,Walking,True,0,0,0
1789904145028,365,670678,1,5840,-4.020043,1,-0.75,Walking,True,0,0,0
1789904145028,365,670678,1,5840,-4.020043,1,-0.75,Walking,True,0,0,0
1789904145028,365,670678,1,5840,-4.020043,1,-0.75,Walking,True,0,0,0
1789904145028,365,670678,1,5840,-4.020043,1,-0.75,Walking,True,0,0,0
1789904145028,365,670678,1,5840,-4.020043,1,-0.75,Walking,True,0,0,0
1789904145044,366,672218,1,5856,-4.020043,1,-0.75,Walking,True,0,0,0
1789904145044,366,672218,1,5856,-4.020043,1,-0.75,Walking,True,0,0,0
1789904145044,366,672218,1,5856,-4.020043,1,-0.75,Walking,True,0,0,0
1789904145044,366,672218,1,5856,-4.020043,1,-0.75,Walking,True,0,0,0
1789904145044,366,672218,1,5856,-4.020043,1,-0.75,Walking,True,0,0,0
1789904145044,366,672218,1,5856,-4.020043,1,-0.75,Walking,True,0,0,0
1789904145044,366,672218,1,5856,-4.020043,1,-0.75,Walking,True,0,0,0
1789904145044,366,672218,1,5856,-4.020043,1,-0.75,Walking,True,0,0,0
1789904145059,367,673842,1,5872,-4.020043,1,-0.75,Walking,True,0,0,0
1789904145059,367,673842,1,5872,-4.020043,1,-0.75,Walking,True,0,0,0
1789904145059,367,673842,1,5872,-4.020043,1,-0.75,Walking,True,0,0,0
1789904145059,367,673842,1,5872,-4.020043,1,-0.75,Walking,True,0,0,0
1789904145059,367,673842,1,5872,-4.020043,1,-0.75,Walking,True,0,0,0
1789904145059,367,673842,1,5872,-4.020043,1,-0.75,Walking,True,0,0,0
1789904145059,367,673842,1,5872,-4.020043,1,-0.75,Walking,True,0,0,0
1789904145059,367,673842,1,5872,-4.020043,1,-0.75,Walking,True,0,0,0
1789904145074,368,675255,1,5888,-4.020043,1,-0.75,Walking,True,0,0,0
1789904145074,368,675255,1,5888,-4.020043,1,-0.75,Walking,True,0,0,0
1789904145074,368,675255,1,5888,-4.020043,1,-0.75,Walking,True,0,0,0
1789904145074,368,675255,1,5888,-4.020043,1,-0.75,Walking,True,0,0,0
1789904145074,368,675255,1,5888,-4.020043,1,-0.75,Walking,True,0,0,0
1789904145074,368,675255,1,5888,-4.020043,1,-0.75,Walking,True,0,0,0
1789904145074,368,675255,1,5888,-4.020043,1,-0.75,Walking,True,0,0,0
1789904145074,368,675255,1,5888,-4.020043,1,-0.75,Walking,True,0,0,0
1789904145090,369,676698,1,5904,-4.020043,1,-0.75,Walking,True,0,0,0
1789904145090,369,676698,1,5904,-4.020043,1,-0.75,Walking,True,0,0,0
1789904145090,369,676698,1,5904,-4.020043,1,-0.75,Walking,True,0,0,0
1789904145090,369,676698,1,5904,-4.020043,1,-0.75,Walking,True,0,0,0
1789904145090,369,676698,1,5904,-4.020043,1,-0.75,Walking,True,0,0,0
1789904145090,369,676698,1,5904,-4.020043,1,-0.75,Walking,True,0,0,0
1789904145090,369,676698,1,5904,-4.020043,1,-0.75,Walking,True,0,0,0
1789904145090,369,676698,1,5904,-4.020043,1,-0.75,Walking,True,0,0,0
1789904145106,370,678318,1,5920,-4.020043,1,-0.75,Walking,True,0,0,0
1789904145106,370,678318,1,5920,-4.020043,1,-0.75,Walking,True,0,0,0
1789904145106,370,678318,1,5920,-4.020043,1,-0.75,Walking,True,0,0,0
1789904145106,370,678318,1,5920,-4.020043,1,-0.75,Walking,True,0,0,0
1789904145106,370,678318,1,5920,-4.020043,1,-0.75,Walking,True,0,0,0
1789904145106,370,678318,1,5920,-4.020043,1,-0.75,Walking,True,0,0,0
1789904145107,370,678318,1,5920,-4.020043,1,-0.75,Walking,True,0,0,0
1789904145107,370,678318,1,5920,-4.020043,1,-0.75,Walking,True,0,0,0
1789904145122,371,679977,1,5936,-4.020043,1,-0.75,Walking,True,0,0,0
1789904145122,371,679977,1,5936,-4.020043,1,-0.75,Walking,True,0,0,0
1789904145122,371,679977,1,5936,-4.020043,1,-0.75,Walking,True,0,0,0
1789904145122,371,679977,1,5936,-4.020043,1,-0.75,Walking,True,0,0,0
1789904145122,371,679977,1,5936,-4.020043,1,-0.75,Walking,True,0,0,0
1789904145122,371,679977,1,5936,-4.020043,1,-0.75,Walking,True,0,0,0
1789904145122,371,679977,1,5936,-4.020043,1,-0.75,Walking,True,0,0,0
1789904145122,371,679977,1,5936,-4.020043,1,-0.75,Walking,True,0,0,0
1789904145137,372,681428,1,5952,-4.020043,1,-0.75,Walking,True,0,0,0
1789904145137,372,681428,1,5952,-4.020043,1,-0.75,Walking,True,0,0,0
1789904145137,372,681428,1,5952,-4.020043,1,-0.75,Walking,True,0,0,0
1789904145137,372,681428,1,5952,-4.020043,1,-0.75,Walking,True,0,0,0
1789904145137,372,681428,1,5952,-4.020043,1,-0.75,Walking,True,0,0,0
1789904145137,372,681428,1,5952,-4.020043,1,-0.75,Walking,True,0,0,0
1789904145137,372,681428,1,5952,-4.020043,1,-0.75,Walking,True,0,0,0
1789904145137,372,681428,1,5952,-4.020043,1,-0.75,Walking,True,0,0,0
1789904145153,373,682919,1,5968,-4.020043,1,-0.75,Walking,True,0,0,0
1789904145153,373,682919,1,5968,-4.020043,1,-0.75,Walking,True,0,0,0
1789904145153,373,682919,1,5968,-4.020043,1,-0.75,Walking,True,0,0,0
1789904145153,373,682919,1,5968,-4.020043,1,-0.75,Walking,True,0,0,0
1789904145153,373,682919,1,5968,-4.020043,1,-0.75,Walking,True,0,0,0
1789904145153,373,682919,1,5968,-4.020043,1,-0.75,Walking,True,0,0,0
1789904145153,373,682919,1,5968,-4.020043,1,-0.75,Walking,True,0,0,0
1789904145153,373,682919,1,5968,-4.020043,1,-0.75,Walking,True,0,0,0
1789904145169,374,684456,1,5984,-4.020043,1,-0.75,Walking,True,0,0,0
1789904145169,374,684456,1,5984,-4.020043,1,-0.75,Walking,True,0,0,0
1789904145169,374,684456,1,5984,-4.020043,1,-0.75,Walking,True,0,0,0
1789904145169,374,684456,1,5984,-4.020043,1,-0.75,Walking,True,0,0,0
1789904145169,374,684456,1,5984,-4.020043,1,-0.75,Walking,True,0,0,0
1789904145169,374,684456,1,5984,-4.020043,1,-0.75,Walking,True,0,0,0
1789904145169,374,684456,1,5984,-4.020043,1,-0.75,Walking,True,0,0,0
1789904145169,374,684456,1,5984,-4.020043,1,-0.75,Walking,True,0,0,0
1789904145184,375,685844,1,6000,-4.020043,1,-0.75,Walking,True,0,0,0
1789904145184,375,685844,1,6000,-4.020043,1,-0.75,Walking,True,0,0,0
1789904145184,375,685844,1,6000,-4.020043,1,-0.75,Walking,True,0,0,0
1789904145185,375,685844,1,6000,-4.020043,1,-0.75,Walking,True,0,0,0
1789904145185,375,685844,1,6000,-4.020043,1,-0.75,Walking,True,0,0,0
1789904145185,375,685844,1,6000,-4.020043,1,-0.75,Walking,True,0,0,0
1789904145185,375,685844,1,6000,-4.020043,1,-0.75,Walking,True,0,0,0
1789904145185,375,685844,1,6000,-4.020043,1,-0.75,Walking,True,0,0,0
1789904145199,376,687322,1,6016,-4.020043,1,-0.75,Walking,True,0,0,0
1789904145199,376,687322,1,6016,-4.020043,1,-0.75,Walking,True,0,0,0
1789904145199,376,687322,1,6016,-4.020043,1,-0.75,Walking,True,0,0,0
1789904145199,376,687322,1,6016,-4.020043,1,-0.75,Walking,True,0,0,0
1789904145199,376,687322,1,6016,-4.020043,1,-0.75,Walking,True,0,0,0
1789904145199,376,687322,1,6016,-4.020043,1,-0.75,Walking,True,0,0,0
1789904145199,376,687322,1,6016,-4.020043,1,-0.75,Walking,True,0,0,0
1789904145199,376,687322,1,6016,-4.020043,1,-0.75,Walking,True,0,0,0
1789904145215,377,688730,1,6032,-4.020043,1,-0.75,Walking,True,0,0,0
1789904145215,377,688730,1,6032,-4.020043,1,-0.75,Walking,True,0,0,0
1789904145215,377,688730,1,6032,-4.020043,1,-0.75,Walking,True,0,0,0
1789904145215,377,688730,1,6032,-4.020043,1,-0.75,Walking,True,0,0,0
1789904145215,377,688730,1,6032,-4.020043,1,-0.75,Walking,True,0,0,0
1789904145215,377,688730,1,6032,-4.020043,1,-0.75,Walking,True,0,0,0
1789904145215,377,688730,1,6032,-4.020043,1,-0.75,Walking,True,0,0,0
1789904145215,377,688730,1,6032,-4.020043,1,-0.75,Walking,True,0,0,0
1789904145231,378,690159,1,6048,-4.020043,1,-0.75,Walking,True,0,0,0
1789904145231,378,690159,1,6048,-4.020043,1,-0.75,Walking,True,0,0,0
1789904145231,378,690159,1,6048,-4.020043,1,-0.75,Walking,True,0,0,0
1789904145231,378,690159,1,6048,-4.020043,1,-0.75,Walking,True,0,0,0
1789904145231,378,690159,1,6048,-4.020043,1,-0.75,Walking,True,0,0,0
1789904145231,378,690159,1,6048,-4.020043,1,-0.75,Walking,True,0,0,0
1789904145231,378,690159,1,6048,-4.020043,1,-0.75,Walking,True,0,0,0
1789904145231,378,690159,1,6048,-4.020043,1,-0.75,Walking,True,0,0,0
1789904145248,379,691734,1,6064,-4.020043,1,-0.75,Walking,True,0,0,0
1789904145248,379,691734,1,6064,-4.020043,1,-0.75,Walking,True,0,0,0
1789904145248,379,691734,1,6064,-4.020043,1,-0.75,Walking,True,0,0,0
1789904145248,379,691734,1,6064,-4.020043,1,-0.75,Walking,True,0,0,0
1789904145248,379,691734,1,6064,-4.020043,1,-0.75,Walking,True,0,0,0
1789904145248,379,691734,1,6064,-4.020043,1,-0.75,Walking,True,0,0,0
1789904145248,379,691734,1,6064,-4.020043,1,-0.75,Walking,True,0,0,0
1789904145248,379,691734,1,6064,-4.020043,1,-0.75,Walking,True,0,0,0
1789904145263,380,693373,1,6080,-4.020043,1,-0.75,Walking,True,0,0,0
1789904145264,380,693373,1,6080,-4.020043,1,-0.75,Walking,True,0,0,0
1789904145264,380,693373,1,6080,-4.020043,1,-0.75,Walking,True,0,0,0
1789904145264,380,693373,1,6080,-4.020043,1,-0.75,Walking,True,0,0,0
1789904145264,380,693373,1,6080,-4.020043,1,-0.75,Walking,True,0,0,0
1789904145264,380,693373,1,6080,-4.020043,1,-0.75,Walking,True,0,0,0
1789904145264,380,693373,1,6080,-4.020043,1,-0.75,Walking,True,0,0,0
1789904145264,380,693373,1,6080,-4.020043,1,-0.75,Walking,True,0,0,0
1789904145279,381,694834,1,6096,-4.020043,1,-0.75,Walking,True,0,0,0
1789904145279,381,694834,1,6096,-4.020043,1,-0.75,Walking,True,0,0,0
1789904145279,381,694834,1,6096,-4.020043,1,-0.75,Walking,True,0,0,0
1789904145279,381,694834,1,6096,-4.020043,1,-0.75,Walking,True,0,0,0
1789904145279,381,694834,1,6096,-4.020043,1,-0.75,Walking,True,0,0,0
1789904145279,381,694834,1,6096,-4.020043,1,-0.75,Walking,True,0,0,0
1789904145279,381,694834,1,6096,-4.020043,1,-0.75,Walking,True,0,0,0
1789904145279,381,694834,1,6096,-4.020043,1,-0.75,Walking,True,0,0,0
1789904145295,382,696336,1,6112,-4.020043,1,-0.75,Walking,True,0,0,0
1789904145295,382,696336,1,6112,-4.020043,1,-0.75,Walking,True,0,0,0
1789904145295,382,696336,1,6112,-4.020043,1,-0.75,Walking,True,0,0,0
1789904145295,382,696336,1,6112,-4.020043,1,-0.75,Walking,True,0,0,0
1789904145295,382,696336,1,6112,-4.020043,1,-0.75,Walking,True,0,0,0
1789904145295,382,696336,1,6112,-4.020043,1,-0.75,Walking,True,0,0,0
1789904145295,382,696336,1,6112,-4.020043,1,-0.75,Walking,True,0,0,0
1789904145295,382,696336,1,6112,-4.020043,1,-0.75,Walking,True,0,0,0
1789904145310,383,697786,1,6128,-4.020043,1,-0.75,Walking,True,0,0,0
1789904145310,383,697786,1,6128,-4.020043,1,-0.75,Walking,True,0,0,0
1789904145310,383,697786,1,6128,-4.020043,1,-0.75,Walking,True,0,0,0
1789904145310,383,697786,1,6128,-4.020043,1,-0.75,Walking,True,0,0,0
1789904145310,383,697786,1,6128,-4.020043,1,-0.75,Walking,True,0,0,0
1789904145310,383,697786,1,6128,-4.020043,1,-0.75,Walking,True,0,0,0
1789904145310,383,697786,1,6128,-4.020043,1,-0.75,Walking,True,0,0,0
1789904145310,383,697786,1,6128,-4.020043,1,-0.75,Walking,True,0,0,0
1789904145327,384,699176,1,6144,-4.020043,1,-0.75,Walking,True,0,0,0
1789904145327,384,699176,1,6144,-4.020043,1,-0.75,Walking,True,0,0,0
1789904145327,384,699176,1,6144,-4.020043,1,-0.75,Walking,True,0,0,0
1789904145327,384,699176,1,6144,-4.020043,1,-0.75,Walking,True,0,0,0
1789904145327,384,699176,1,6144,-4.020043,1,-0.75,Walking,True,0,0,0
1789904145327,384,699176,1,6144,-4.020043,1,-0.75,Walking,True,0,0,0
1789904145327,384,699176,1,6144,-4.020043,1,-0.75,Walking,True,0,0,0
1789904145327,384,699176,1,6144,-4.020043,1,-0.75,Walking,True,0,0,0
1789904145341,385,700631,1,6160,-4.020043,1,-0.75,Walking,True,0,0,0
1789904145341,385,700631,1,6160,-4.020043,1,-0.75,Walking,True,0,0,0
1789904145341,385,700631,1,6160,-4.020043,1,-0.75,Walking,True,0,0,0
1789904145341,385,700631,1,6160,-4.020043,1,-0.75,Walking,True,0,0,0
1789904145341,385,700631,1,6160,-4.020043,1,-0.75,Walking,True,0,0,0
1789904145341,385,700631,1,6160,-4.020043,1,-0.75,Walking,True,0,0,0
1789904145341,385,700631,1,6160,-4.020043,1,-0.75,Walking,True,0,0,0
1789904145341,385,700631,1,6160,-4.020043,1,-0.75,Walking,True,0,0,0
1789904145356,386,701927,1,6176,-4.020043,1,-0.75,Walking,True,0,0,0
1789904145356,386,701927,1,6176,-4.020043,1,-0.75,Walking,True,0,0,0
1789904145356,386,701927,1,6176,-4.020043,1,-0.75,Walking,True,0,0,0
1789904145356,386,701927,1,6176,-4.020043,1,-0.75,Walking,True,0,0,0
1789904145356,386,701927,1,6176,-4.020043,1,-0.75,Walking,True,0,0,0
1789904145356,386,701927,1,6176,-4.020043,1,-0.75,Walking,True,0,0,0
1789904145356,386,701927,1,6176,-4.020043,1,-0.75,Walking,True,0,0,0
1789904145356,386,701927,1,6176,-4.020043,1,-0.75,Walking,True,0,0,0
1789904145371,387,703350,1,6192,-4.020043,1,-0.75,Walking,True,0,0,0
1789904145371,387,703350,1,6192,-4.020043,1,-0.75,Walking,True,0,0,0
1789904145371,387,703350,1,6192,-4.020043,1,-0.75,Walking,True,0,0,0
1789904145371,387,703350,1,6192,-4.020043,1,-0.75,Walking,True,0,0,0
1789904145371,387,703350,1,6192,-4.020043,1,-0.75,Walking,True,0,0,0
1789904145371,387,703350,1,6192,-4.020043,1,-0.75,Walking,True,0,0,0
1789904145371,387,703350,1,6192,-4.020043,1,-0.75,Walking,True,0,0,0
1789904145371,387,703350,1,6192,-4.020043,1,-0.75,Walking,True,0,0,0
1789904145387,388,704757,1,6208,-4.020043,1,-0.75,Walking,True,0,0,0
1789904145387,388,704757,1,6208,-4.020043,1,-0.75,Walking,True,0,0,0
1789904145387,388,704757,1,6208,-4.020043,1,-0.75,Walking,True,0,0,0
1789904145387,388,704757,1,6208,-4.020043,1,-0.75,Walking,True,0,0,0
1789904145387,388,704757,1,6208,-4.020043,1,-0.75,Walking,True,0,0,0
1789904145387,388,704757,1,6208,-4.020043,1,-0.75,Walking,True,0,0,0
1789904145387,388,704757,1,6208,-4.020043,1,-0.75,Walking,True,0,0,0
1789904145387,388,704757,1,6208,-4.020043,1,-0.75,Walking,True,0,0,0
1789904145403,389,706155,1,6224,-4.020043,1,-0.75,Walking,True,0,0,0
1789904145403,389,706155,1,6224,-4.020043,1,-0.75,Walking,True,0,0,0
1789904145403,389,706155,1,6224,-4.020043,1,-0.75,Walking,True,0,0,0
1789904145403,389,706155,1,6224,-4.020043,1,-0.75,Walking,True,0,0,0
1789904145403,389,706155,1,6224,-4.020043,1,-0.75,Walking,True,0,0,0
1789904145403,389,706155,1,6224,-4.020043,1,-0.75,Walking,True,0,0,0
1789904145403,389,706155,1,6224,-4.020043,1,-0.75,Walking,True,0,0,0
1789904145403,389,706155,1,6224,-4.020043,1,-0.75,Walking,True,0,0,0
1789904145419,390,707721,1,6240,-4.020043,1,-0.75,Walking,True,0,0,0
1789904145419,390,707721,1,6240,-4.020043,1,-0.75,Walking,True,0,0,0
1789904145419,390,707721,1,6240,-4.020043,1,-0.75,Walking,True,0,0,0
1789904145419,390,707721,1,6240,-4.020043,1,-0.75,Walking,True,0,0,0
1789904145419,390,707721,1,6240,-4.020043,1,-0.75,Walking,True,0,0,0
1789904145419,390,707721,1,6240,-4.020043,1,-0.75,Walking,True,0,0,0
1789904145419,390,707721,1,6240,-4.020043,1,-0.75,Walking,True,0,0,0
1789904145419,390,707721,1,6240,-4.020043,1,-0.75,Walking,True,0,0,0
1789904145434,391,709336,1,6256,-4.020043,1,-0.75,Walking,True,0,0,0
1789904145434,391,709336,1,6256,-4.020043,1,-0.75,Walking,True,0,0,0
1789904145434,391,709336,1,6256,-4.020043,1,-0.75,Walking,True,0,0,0
1789904145434,391,709336,1,6256,-4.020043,1,-0.75,Walking,True,0,0,0
1789904145434,391,709336,1,6256,-4.020043,1,-0.75,Walking,True,0,0,0
1789904145434,391,709336,1,6256,-4.020043,1,-0.75,Walking,True,0,0,0
1789904145434,391,709336,1,6256,-4.020043,1,-0.75,Walking,True,0,0,0
1789904145434,391,709336,1,6256,-4.020043,1,-0.75,Walking,True,0,0,0
1789904145449,392,710766,1,6272,-4.020043,1,-0.75,Walking,True,0,0,0
1789904145449,392,710766,1,6272,-4.020043,1,-0.75,Walking,True,0,0,0
1789904145449,392,710766,1,6272,-4.020043,1,-0.75,Walking,True,0,0,0
1789904145449,392,710766,1,6272,-4.020043,1,-0.75,Walking,True,0,0,0
1789904145449,392,710766,1,6272,-4.020043,1,-0.75,Walking,True,0,0,0
1789904145449,392,710766,1,6272,-4.020043,1,-0.75,Walking,True,0,0,0
1789904145449,392,710766,1,6272,-4.020043,1,-0.75,Walking,True,0,0,0
1789904145449,392,710766,1,6272,-4.020043,1,-0.75,Walking,True,0,0,0
1789904145481,393,712196,1,6288,-4.020043,1,-0.75,Walking,True,0,0,0
1789904145481,393,712196,1,6288,-4.020043,1,-0.75,Walking,True,0,0,0
1789904145481,393,712196,1,6288,-4.020043,1,-0.75,Walking,True,0,0,0
1789904145481,393,712196,1,6288,-4.020043,1,-0.75,Walking,True,0,0,0
1789904145481,393,712196,1,6288,-4.020043,1,-0.75,Walking,True,0,0,0
1789904145481,393,712196,1,6288,-4.020043,1,-0.75,Walking,True,0,0,0
1789904145481,393,712196,1,6288,-4.020043,1,-0.75,Walking,True,0,0,0
1789904145481,393,712196,1,6288,-4.020043,1,-0.75,Walking,True,0,0,0
1789904145511,394,715315,1,6304,-4.020043,1,-0.75,Walking,True,0,0,0
1789904145511,395,715316,1,6320,-4.020043,1,-0.75,Walking,True,0,0,0
1789904145511,395,715316,1,6320,-4.020043,1,-0.75,Walking,True,0,0,0
1789904145511,395,715316,1,6320,-4.020043,1,-0.75,Walking,True,0,0,0
1789904145511,395,715316,1,6320,-4.020043,1,-0.75,Walking,True,0,0,0
1789904145511,395,715316,1,6320,-4.020043,1,-0.75,Walking,True,0,0,0
1789904145511,395,715316,1,6320,-4.020043,1,-0.75,Walking,True,0,0,0
1789904145511,395,715316,1,6320,-4.020043,1,-0.75,Walking,True,0,0,0
1789904145828,395,749197,2,6320,-4.020043,1,-0.75,Walking,True,0,0,0
1789904145828,395,749197,2,6320,-4.020043,1,-0.75,Walking,True,0,0,0
1789904145828,395,749197,2,6320,-4.020043,1,-0.75,Walking,True,0,0,0
1789904145828,395,749197,2,6320,-4.020043,1,-0.75,Walking,True,0,0,0
1789904145828,395,749197,2,6320,-4.020043,1,-0.75,Walking,True,0,0,0
1789904145828,395,749197,2,6320,-4.020043,1,-0.75,Walking,True,0,0,0
1789904145828,395,749197,2,6320,-4.020043,1,-0.75,Walking,True,0,0,0
1789904145828,395,749197,2,6320,-4.020043,1,-0.75,Walking,True,0,0,0
1789904153027,395,1814207,3,6320,-4.020043,1,-0.75,Walking,True,0,0,0
1789904153027,395,1814207,3,6320,-4.020043,1,-0.75,Walking,True,0,0,0
1789904153027,395,1814207,3,6320,-4.020043,1,-0.75,Walking,True,0,0,0
1789904153027,395,1814207,3,6320,-4.020043,1,-0.75,Walking,True,0,0,0
1789904153027,395,1814207,3,6320,-4.020043,1,-0.75,Walking,True,0,0,0
1789904153027,395,1814207,3,6320,-4.020043,1,-0.75,Walking,True,0,0,0
1789904153027,395,1814207,3,6320,-4.020043,1,-0.75,Walking,True,0,0,0
1789904153027,395,1814207,3,6320,-4.020043,1,-0.75,Walking,True,0,0,0
# 对手 SP 侧收到的真实 DS 权威快照轨迹
1789904138328,0,0,1,0,-3,1,0.75,Walking,True,0,0,0
1789904138358,1,5887,1,16,-2.99488,1,0.75,Walking,True,0.32,0,0
1789904138358,1,5887,1,16,-2.99488,1,0.75,Walking,True,0.32,0,0
1789904138358,1,5887,1,16,-2.99488,1,0.75,Walking,True,0.32,0,0
1789904138358,1,5887,1,16,-2.99488,1,0.75,Walking,True,0.32,0,0
1789904138358,1,5887,1,16,-2.99488,1,0.75,Walking,True,0.32,0,0
1789904138358,1,5887,1,16,-2.99488,1,0.75,Walking,True,0.32,0,0
1789904138358,1,5887,1,16,-2.99488,1,0.75,Walking,True,0.32,0,0
1789904138358,1,5887,1,16,-2.99488,1,0.75,Walking,True,0.32,0,0
1789904138376,2,7461,1,32,-2.98464,1,0.75,Walking,True,0.64,0,0
1789904138376,2,7461,1,32,-2.98464,1,0.75,Walking,True,0.64,0,0
1789904138376,2,7461,1,32,-2.98464,1,0.75,Walking,True,0.64,0,0
1789904138376,2,7461,1,32,-2.98464,1,0.75,Walking,True,0.64,0,0
1789904138376,2,7461,1,32,-2.98464,1,0.75,Walking,True,0.64,0,0
1789904138376,2,7461,1,32,-2.98464,1,0.75,Walking,True,0.64,0,0
1789904138376,2,7461,1,32,-2.98464,1,0.75,Walking,True,0.64,0,0
1789904138376,2,7461,1,32,-2.98464,1,0.75,Walking,True,0.64,0,0
1789904138389,3,9160,1,48,-2.96928,1,0.75,Walking,True,0.96,0,0
1789904138389,3,9160,1,48,-2.96928,1,0.75,Walking,True,0.96,0,0
1789904138389,3,9160,1,48,-2.96928,1,0.75,Walking,True,0.96,0,0
1789904138389,3,9160,1,48,-2.96928,1,0.75,Walking,True,0.96,0,0
1789904138389,3,9160,1,48,-2.96928,1,0.75,Walking,True,0.96,0,0
1789904138389,3,9160,1,48,-2.96928,1,0.75,Walking,True,0.96,0,0
1789904138389,3,9160,1,48,-2.96928,1,0.75,Walking,True,0.96,0,0
1789904138389,3,9160,1,48,-2.96928,1,0.75,Walking,True,0.96,0,0
1789904138404,4,10419,1,64,-2.9488,1,0.75,Walking,True,1.28,0,0
1789904138404,4,10419,1,64,-2.9488,1,0.75,Walking,True,1.28,0,0
1789904138404,4,10419,1,64,-2.9488,1,0.75,Walking,True,1.28,0,0
1789904138404,4,10419,1,64,-2.9488,1,0.75,Walking,True,1.28,0,0
1789904138404,4,10419,1,64,-2.9488,1,0.75,Walking,True,1.28,0,0
1789904138405,4,10419,1,64,-2.9488,1,0.75,Walking,True,1.28,0,0
1789904138405,4,10419,1,64,-2.9488,1,0.75,Walking,True,1.28,0,0
1789904138405,4,10419,1,64,-2.9488,1,0.75,Walking,True,1.28,0,0
1789904138420,5,11903,1,80,-2.9232,1,0.75,Walking,True,1.6,0,0
1789904138420,5,11903,1,80,-2.9232,1,0.75,Walking,True,1.6,0,0
1789904138420,5,11903,1,80,-2.9232,1,0.75,Walking,True,1.6,0,0
1789904138420,5,11903,1,80,-2.9232,1,0.75,Walking,True,1.6,0,0
1789904138420,5,11903,1,80,-2.9232,1,0.75,Walking,True,1.6,0,0
1789904138420,5,11903,1,80,-2.9232,1,0.75,Walking,True,1.6,0,0
1789904138420,5,11903,1,80,-2.9232,1,0.75,Walking,True,1.6,0,0
1789904138420,5,11903,1,80,-2.9232,1,0.75,Walking,True,1.6,0,0
1789904138436,6,13473,1,96,-2.89248,1,0.75,Walking,True,1.92,0,0
1789904138436,6,13473,1,96,-2.89248,1,0.75,Walking,True,1.92,0,0
1789904138436,6,13473,1,96,-2.89248,1,0.75,Walking,True,1.92,0,0
1789904138436,6,13473,1,96,-2.89248,1,0.75,Walking,True,1.92,0,0
1789904138436,6,13473,1,96,-2.89248,1,0.75,Walking,True,1.92,0,0
1789904138436,6,13473,1,96,-2.89248,1,0.75,Walking,True,1.92,0,0
1789904138436,6,13473,1,96,-2.89248,1,0.75,Walking,True,1.92,0,0
1789904138436,6,13473,1,96,-2.89248,1,0.75,Walking,True,1.92,0,0
1789904138451,7,15008,1,112,-2.85664,1,0.75,Walking,True,2.24,0,0
1789904138451,7,15008,1,112,-2.85664,1,0.75,Walking,True,2.24,0,0
1789904138451,7,15008,1,112,-2.85664,1,0.75,Walking,True,2.24,0,0
1789904138451,7,15008,1,112,-2.85664,1,0.75,Walking,True,2.24,0,0
1789904138451,7,15008,1,112,-2.85664,1,0.75,Walking,True,2.24,0,0
1789904138451,7,15008,1,112,-2.85664,1,0.75,Walking,True,2.24,0,0
1789904138451,7,15008,1,112,-2.85664,1,0.75,Walking,True,2.24,0,0
1789904138451,7,15008,1,112,-2.85664,1,0.75,Walking,True,2.24,0,0
1789904138467,8,16430,1,128,-2.81568,1,0.75,Walking,True,2.56,0,0
1789904138467,8,16430,1,128,-2.81568,1,0.75,Walking,True,2.56,0,0
1789904138467,8,16430,1,128,-2.81568,1,0.75,Walking,True,2.56,0,0
1789904138467,8,16430,1,128,-2.81568,1,0.75,Walking,True,2.56,0,0
1789904138467,8,16430,1,128,-2.81568,1,0.75,Walking,True,2.56,0,0
1789904138467,8,16430,1,128,-2.81568,1,0.75,Walking,True,2.56,0,0
1789904138467,8,16430,1,128,-2.81568,1,0.75,Walking,True,2.56,0,0
1789904138467,8,16430,1,128,-2.81568,1,0.75,Walking,True,2.56,0,0
1789904138483,9,18065,1,144,-2.7696,1,0.75,Walking,True,2.88,0,0
1789904138483,9,18065,1,144,-2.7696,1,0.75,Walking,True,2.88,0,0
1789904138483,9,18065,1,144,-2.7696,1,0.75,Walking,True,2.88,0,0
1789904138483,9,18065,1,144,-2.7696,1,0.75,Walking,True,2.88,0,0
1789904138483,9,18065,1,144,-2.7696,1,0.75,Walking,True,2.88,0,0
1789904138483,9,18065,1,144,-2.7696,1,0.75,Walking,True,2.88,0,0
1789904138483,9,18065,1,144,-2.7696,1,0.75,Walking,True,2.88,0,0
1789904138483,9,18065,1,144,-2.7696,1,0.75,Walking,True,2.88,0,0
1789904138498,10,19582,1,160,-2.7184,1,0.75,Walking,True,3.2,0,0
1789904138498,10,19582,1,160,-2.7184,1,0.75,Walking,True,3.2,0,0
1789904138498,10,19582,1,160,-2.7184,1,0.75,Walking,True,3.2,0,0
1789904138498,10,19582,1,160,-2.7184,1,0.75,Walking,True,3.2,0,0
1789904138498,10,19582,1,160,-2.7184,1,0.75,Walking,True,3.2,0,0
1789904138498,10,19582,1,160,-2.7184,1,0.75,Walking,True,3.2,0,0
1789904138498,10,19582,1,160,-2.7184,1,0.75,Walking,True,3.2,0,0
1789904138498,10,19582,1,160,-2.7184,1,0.75,Walking,True,3.2,0,0
1789904138515,11,21091,1,176,-2.66208,1,0.75,Walking,True,3.52,0,0
1789904138515,11,21091,1,176,-2.66208,1,0.75,Walking,True,3.52,0,0
1789904138515,11,21091,1,176,-2.66208,1,0.75,Walking,True,3.52,0,0
1789904138515,11,21091,1,176,-2.66208,1,0.75,Walking,True,3.52,0,0
1789904138515,11,21091,1,176,-2.66208,1,0.75,Walking,True,3.52,0,0
1789904138515,11,21091,1,176,-2.66208,1,0.75,Walking,True,3.52,0,0
1789904138515,11,21091,1,176,-2.66208,1,0.75,Walking,True,3.52,0,0
1789904138515,11,21091,1,176,-2.66208,1,0.75,Walking,True,3.52,0,0
1789904138530,12,22607,1,192,-2.60064,1,0.75,Walking,True,3.84,0,0
1789904138530,12,22607,1,192,-2.60064,1,0.75,Walking,True,3.84,0,0
1789904138530,12,22607,1,192,-2.60064,1,0.75,Walking,True,3.84,0,0
1789904138530,12,22607,1,192,-2.60064,1,0.75,Walking,True,3.84,0,0
1789904138530,12,22607,1,192,-2.60064,1,0.75,Walking,True,3.84,0,0
1789904138530,12,22607,1,192,-2.60064,1,0.75,Walking,True,3.84,0,0
1789904138530,12,22607,1,192,-2.60064,1,0.75,Walking,True,3.84,0,0
1789904138530,12,22607,1,192,-2.60064,1,0.75,Walking,True,3.84,0,0
1789904138546,13,24009,1,208,-2.53824,1,0.75,Walking,True,3.9,0,0
1789904138546,13,24009,1,208,-2.53824,1,0.75,Walking,True,3.9,0,0
1789904138546,13,24009,1,208,-2.53824,1,0.75,Walking,True,3.9,0,0
1789904138546,13,24009,1,208,-2.53824,1,0.75,Walking,True,3.9,0,0
1789904138546,13,24009,1,208,-2.53824,1,0.75,Walking,True,3.9,0,0
1789904138546,13,24009,1,208,-2.53824,1,0.75,Walking,True,3.9,0,0
1789904138546,13,24009,1,208,-2.53824,1,0.75,Walking,True,3.9,0,0
1789904138546,13,24009,1,208,-2.53824,1,0.75,Walking,True,3.9,0,0
1789904138562,14,25368,1,224,-2.47584,1,0.75,Walking,True,3.9,0,0
1789904138562,14,25368,1,224,-2.47584,1,0.75,Walking,True,3.9,0,0
1789904138562,14,25368,1,224,-2.47584,1,0.75,Walking,True,3.9,0,0
1789904138562,14,25368,1,224,-2.47584,1,0.75,Walking,True,3.9,0,0
1789904138562,14,25368,1,224,-2.47584,1,0.75,Walking,True,3.9,0,0
1789904138562,14,25368,1,224,-2.47584,1,0.75,Walking,True,3.9,0,0
1789904138562,14,25368,1,224,-2.47584,1,0.75,Walking,True,3.9,0,0
1789904138562,14,25368,1,224,-2.47584,1,0.75,Walking,True,3.9,0,0
1789904138578,15,26834,1,240,-2.41344,1,0.75,Walking,True,3.9,0,0
1789904138578,15,26834,1,240,-2.41344,1,0.75,Walking,True,3.9,0,0
1789904138578,15,26834,1,240,-2.41344,1,0.75,Walking,True,3.9,0,0
1789904138578,15,26834,1,240,-2.41344,1,0.75,Walking,True,3.9,0,0
1789904138578,15,26834,1,240,-2.41344,1,0.75,Walking,True,3.9,0,0
1789904138578,15,26834,1,240,-2.41344,1,0.75,Walking,True,3.9,0,0
1789904138578,15,26834,1,240,-2.41344,1,0.75,Walking,True,3.9,0,0
1789904138578,15,26834,1,240,-2.41344,1,0.75,Walking,True,3.9,0,0
1789904138593,16,28187,1,256,-2.351039,1,0.75,Walking,True,3.9,0,0
1789904138593,16,28187,1,256,-2.351039,1,0.75,Walking,True,3.9,0,0
1789904138593,16,28187,1,256,-2.351039,1,0.75,Walking,True,3.9,0,0
1789904138593,16,28187,1,256,-2.351039,1,0.75,Walking,True,3.9,0,0
1789904138593,16,28187,1,256,-2.351039,1,0.75,Walking,True,3.9,0,0
1789904138593,16,28187,1,256,-2.351039,1,0.75,Walking,True,3.9,0,0
1789904138593,16,28187,1,256,-2.351039,1,0.75,Walking,True,3.9,0,0
1789904138593,16,28187,1,256,-2.351039,1,0.75,Walking,True,3.9,0,0
1789904138609,17,29594,1,272,-2.288639,1,0.75,Walking,True,3.9,0,0
1789904138609,17,29594,1,272,-2.288639,1,0.75,Walking,True,3.9,0,0
1789904138609,17,29594,1,272,-2.288639,1,0.75,Walking,True,3.9,0,0
1789904138609,17,29594,1,272,-2.288639,1,0.75,Walking,True,3.9,0,0
1789904138609,17,29594,1,272,-2.288639,1,0.75,Walking,True,3.9,0,0
1789904138609,17,29594,1,272,-2.288639,1,0.75,Walking,True,3.9,0,0
1789904138609,17,29594,1,272,-2.288639,1,0.75,Walking,True,3.9,0,0
1789904138609,17,29594,1,272,-2.288639,1,0.75,Walking,True,3.9,0,0
1789904138625,18,31103,1,288,-2.226239,1,0.75,Walking,True,3.9,0,0
1789904138625,18,31103,1,288,-2.226239,1,0.75,Walking,True,3.9,0,0
1789904138625,18,31103,1,288,-2.226239,1,0.75,Walking,True,3.9,0,0
1789904138625,18,31103,1,288,-2.226239,1,0.75,Walking,True,3.9,0,0
1789904138625,18,31103,1,288,-2.226239,1,0.75,Walking,True,3.9,0,0
1789904138625,18,31103,1,288,-2.226239,1,0.75,Walking,True,3.9,0,0
1789904138625,18,31103,1,288,-2.226239,1,0.75,Walking,True,3.9,0,0
1789904138625,18,31103,1,288,-2.226239,1,0.75,Walking,True,3.9,0,0
1789904138640,19,32540,1,304,-2.163839,1,0.75,Walking,True,3.9,0,0
1789904138640,19,32540,1,304,-2.163839,1,0.75,Walking,True,3.9,0,0
1789904138640,19,32540,1,304,-2.163839,1,0.75,Walking,True,3.9,0,0
1789904138640,19,32540,1,304,-2.163839,1,0.75,Walking,True,3.9,0,0
1789904138640,19,32540,1,304,-2.163839,1,0.75,Walking,True,3.9,0,0
1789904138640,19,32540,1,304,-2.163839,1,0.75,Walking,True,3.9,0,0
1789904138640,19,32540,1,304,-2.163839,1,0.75,Walking,True,3.9,0,0
1789904138640,19,32540,1,304,-2.163839,1,0.75,Walking,True,3.9,0,0
1789904138655,20,33945,1,320,-2.101439,1,0.75,Walking,True,3.9,0,0
1789904138655,20,33945,1,320,-2.101439,1,0.75,Walking,True,3.9,0,0
1789904138655,20,33945,1,320,-2.101439,1,0.75,Walking,True,3.9,0,0
1789904138655,20,33945,1,320,-2.101439,1,0.75,Walking,True,3.9,0,0
1789904138655,20,33945,1,320,-2.101439,1,0.75,Walking,True,3.9,0,0
1789904138655,20,33945,1,320,-2.101439,1,0.75,Walking,True,3.9,0,0
1789904138655,20,33945,1,320,-2.101439,1,0.75,Walking,True,3.9,0,0
1789904138655,20,33945,1,320,-2.101439,1,0.75,Walking,True,3.9,0,0
1789904138670,21,35396,1,336,-2.039039,1,0.75,Walking,True,3.9,0,0
1789904138670,21,35396,1,336,-2.039039,1,0.75,Walking,True,3.9,0,0
1789904138670,21,35396,1,336,-2.039039,1,0.75,Walking,True,3.9,0,0
1789904138670,21,35396,1,336,-2.039039,1,0.75,Walking,True,3.9,0,0
1789904138670,21,35396,1,336,-2.039039,1,0.75,Walking,True,3.9,0,0
1789904138670,21,35396,1,336,-2.039039,1,0.75,Walking,True,3.9,0,0
1789904138670,21,35396,1,336,-2.039039,1,0.75,Walking,True,3.9,0,0
1789904138670,21,35396,1,336,-2.039039,1,0.75,Walking,True,3.9,0,0
1789904138685,22,36782,1,352,-1.976639,1,0.75,Walking,True,3.9,0,0
1789904138685,22,36782,1,352,-1.976639,1,0.75,Walking,True,3.9,0,0
1789904138685,22,36782,1,352,-1.976639,1,0.75,Walking,True,3.9,0,0
1789904138685,22,36782,1,352,-1.976639,1,0.75,Walking,True,3.9,0,0
1789904138685,22,36782,1,352,-1.976639,1,0.75,Walking,True,3.9,0,0
1789904138685,22,36782,1,352,-1.976639,1,0.75,Walking,True,3.9,0,0
1789904138685,22,36782,1,352,-1.976639,1,0.75,Walking,True,3.9,0,0
1789904138685,22,36782,1,352,-1.976639,1,0.75,Walking,True,3.9,0,0
1789904138700,23,38153,1,368,-1.914239,1,0.75,Walking,True,3.9,0,0
1789904138700,23,38153,1,368,-1.914239,1,0.75,Walking,True,3.9,0,0
1789904138700,23,38153,1,368,-1.914239,1,0.75,Walking,True,3.9,0,0
1789904138700,23,38153,1,368,-1.914239,1,0.75,Walking,True,3.9,0,0
1789904138700,23,38153,1,368,-1.914239,1,0.75,Walking,True,3.9,0,0
1789904138700,23,38153,1,368,-1.914239,1,0.75,Walking,True,3.9,0,0
1789904138700,23,38153,1,368,-1.914239,1,0.75,Walking,True,3.9,0,0
1789904138700,23,38153,1,368,-1.914239,1,0.75,Walking,True,3.9,0,0
1789904138716,24,39579,1,384,-1.851839,1,0.75,Walking,True,3.9,0,0
1789904138716,24,39579,1,384,-1.851839,1,0.75,Walking,True,3.9,0,0
1789904138716,24,39579,1,384,-1.851839,1,0.75,Walking,True,3.9,0,0
1789904138716,24,39579,1,384,-1.851839,1,0.75,Walking,True,3.9,0,0
1789904138716,24,39579,1,384,-1.851839,1,0.75,Walking,True,3.9,0,0
1789904138716,24,39579,1,384,-1.851839,1,0.75,Walking,True,3.9,0,0
1789904138716,24,39579,1,384,-1.851839,1,0.75,Walking,True,3.9,0,0
1789904138716,24,39579,1,384,-1.851839,1,0.75,Walking,True,3.9,0,0
1789904138732,25,41127,1,400,-1.789439,1,0.75,Walking,True,3.9,0,0
1789904138732,25,41127,1,400,-1.789439,1,0.75,Walking,True,3.9,0,0
1789904138732,25,41127,1,400,-1.789439,1,0.75,Walking,True,3.9,0,0
1789904138732,25,41127,1,400,-1.789439,1,0.75,Walking,True,3.9,0,0
1789904138732,25,41127,1,400,-1.789439,1,0.75,Walking,True,3.9,0,0
1789904138732,25,41127,1,400,-1.789439,1,0.75,Walking,True,3.9,0,0
1789904138732,25,41127,1,400,-1.789439,1,0.75,Walking,True,3.9,0,0
1789904138732,25,41127,1,400,-1.789439,1,0.75,Walking,True,3.9,0,0
1789904138747,26,42648,1,416,-1.727039,1,0.75,Walking,True,3.9,0,0
1789904138747,26,42648,1,416,-1.727039,1,0.75,Walking,True,3.9,0,0
1789904138747,26,42648,1,416,-1.727039,1,0.75,Walking,True,3.9,0,0
1789904138747,26,42648,1,416,-1.727039,1,0.75,Walking,True,3.9,0,0
1789904138747,26,42648,1,416,-1.727039,1,0.75,Walking,True,3.9,0,0
1789904138747,26,42648,1,416,-1.727039,1,0.75,Walking,True,3.9,0,0
1789904138747,26,42648,1,416,-1.727039,1,0.75,Walking,True,3.9,0,0
1789904138747,26,42648,1,416,-1.727039,1,0.75,Walking,True,3.9,0,0
1789904138763,27,44143,1,432,-1.664639,1,0.75,Walking,True,3.9,0,0
1789904138763,27,44143,1,432,-1.664639,1,0.75,Walking,True,3.9,0,0
1789904138763,27,44143,1,432,-1.664639,1,0.75,Walking,True,3.9,0,0
1789904138763,27,44143,1,432,-1.664639,1,0.75,Walking,True,3.9,0,0
1789904138763,27,44143,1,432,-1.664639,1,0.75,Walking,True,3.9,0,0
1789904138763,27,44143,1,432,-1.664639,1,0.75,Walking,True,3.9,0,0
1789904138763,27,44143,1,432,-1.664639,1,0.75,Walking,True,3.9,0,0
1789904138763,27,44143,1,432,-1.664639,1,0.75,Walking,True,3.9,0,0
1789904138779,28,45561,1,448,-1.602239,1,0.75,Walking,True,3.9,0,0
1789904138779,28,45561,1,448,-1.602239,1,0.75,Walking,True,3.9,0,0
1789904138779,28,45561,1,448,-1.602239,1,0.75,Walking,True,3.9,0,0
1789904138779,28,45561,1,448,-1.602239,1,0.75,Walking,True,3.9,0,0
1789904138779,28,45561,1,448,-1.602239,1,0.75,Walking,True,3.9,0,0
1789904138779,28,45561,1,448,-1.602239,1,0.75,Walking,True,3.9,0,0
1789904138779,28,45561,1,448,-1.602239,1,0.75,Walking,True,3.9,0,0
1789904138779,28,45561,1,448,-1.602239,1,0.75,Walking,True,3.9,0,0
1789904138795,29,47070,1,464,-1.539839,1,0.75,Walking,True,3.9,0,0
1789904138795,29,47070,1,464,-1.539839,1,0.75,Walking,True,3.9,0,0
1789904138795,29,47070,1,464,-1.539839,1,0.75,Walking,True,3.9,0,0
1789904138795,29,47070,1,464,-1.539839,1,0.75,Walking,True,3.9,0,0
1789904138795,29,47070,1,464,-1.539839,1,0.75,Walking,True,3.9,0,0
1789904138795,29,47070,1,464,-1.539839,1,0.75,Walking,True,3.9,0,0
1789904138795,29,47070,1,464,-1.539839,1,0.75,Walking,True,3.9,0,0
1789904138795,29,47070,1,464,-1.539839,1,0.75,Walking,True,3.9,0,0
1789904138810,30,48544,1,480,-1.477439,1,0.75,Walking,True,3.9,0,0
1789904138810,30,48544,1,480,-1.477439,1,0.75,Walking,True,3.9,0,0
1789904138810,30,48544,1,480,-1.477439,1,0.75,Walking,True,3.9,0,0
1789904138810,30,48544,1,480,-1.477439,1,0.75,Walking,True,3.9,0,0
1789904138810,30,48544,1,480,-1.477439,1,0.75,Walking,True,3.9,0,0
1789904138810,30,48544,1,480,-1.477439,1,0.75,Walking,True,3.9,0,0
1789904138810,30,48544,1,480,-1.477439,1,0.75,Walking,True,3.9,0,0
1789904138810,30,48544,1,480,-1.477439,1,0.75,Walking,True,3.9,0,0
1789904138841,31,49922,1,496,-1.415039,1,0.75,Walking,True,3.9,0,0
1789904138841,31,49922,1,496,-1.415039,1,0.75,Walking,True,3.9,0,0
1789904138841,31,49922,1,496,-1.415039,1,0.75,Walking,True,3.9,0,0
1789904138841,31,49922,1,496,-1.415039,1,0.75,Walking,True,3.9,0,0
1789904138841,31,49922,1,496,-1.415039,1,0.75,Walking,True,3.9,0,0
1789904138841,31,49922,1,496,-1.415039,1,0.75,Walking,True,3.9,0,0
1789904138841,31,49922,1,496,-1.415039,1,0.75,Walking,True,3.9,0,0
1789904138841,31,49922,1,496,-1.415039,1,0.75,Walking,True,3.9,0,0
1789904138856,32,52919,1,512,-1.352639,1,0.75,Walking,True,3.9,0,0
1789904138856,32,52919,1,512,-1.352639,1,0.75,Walking,True,3.9,0,0
1789904138856,32,52919,1,512,-1.352639,1,0.75,Walking,True,3.9,0,0
1789904138856,32,52919,1,512,-1.352639,1,0.75,Walking,True,3.9,0,0
1789904138856,32,52919,1,512,-1.352639,1,0.75,Walking,True,3.9,0,0
1789904138856,32,52919,1,512,-1.352639,1,0.75,Walking,True,3.9,0,0
1789904138856,32,52919,1,512,-1.352639,1,0.75,Walking,True,3.9,0,0
1789904138856,32,52919,1,512,-1.352639,1,0.75,Walking,True,3.9,0,0
1789904138872,33,54300,1,528,-1.290239,1,0.75,Walking,True,3.9,0,0
1789904138872,33,54300,1,528,-1.290239,1,0.75,Walking,True,3.9,0,0
1789904138872,33,54300,1,528,-1.290239,1,0.75,Walking,True,3.9,0,0
1789904138872,33,54300,1,528,-1.290239,1,0.75,Walking,True,3.9,0,0
1789904138872,33,54300,1,528,-1.290239,1,0.75,Walking,True,3.9,0,0
1789904138872,33,54300,1,528,-1.290239,1,0.75,Walking,True,3.9,0,0
1789904138872,33,54300,1,528,-1.290239,1,0.75,Walking,True,3.9,0,0
1789904138872,33,54300,1,528,-1.290239,1,0.75,Walking,True,3.9,0,0
1789904138888,34,55762,1,544,-1.227839,1,0.75,Walking,True,3.9,0,0
1789904138888,34,55762,1,544,-1.227839,1,0.75,Walking,True,3.9,0,0
1789904138888,34,55762,1,544,-1.227839,1,0.75,Walking,True,3.9,0,0
1789904138888,34,55762,1,544,-1.227839,1,0.75,Walking,True,3.9,0,0
1789904138888,34,55762,1,544,-1.227839,1,0.75,Walking,True,3.9,0,0
1789904138888,34,55762,1,544,-1.227839,1,0.75,Walking,True,3.9,0,0
1789904138888,34,55762,1,544,-1.227839,1,0.75,Walking,True,3.9,0,0
1789904138888,34,55762,1,544,-1.227839,1,0.75,Walking,True,3.9,0,0
1789904138903,35,57276,1,560,-1.165439,1,0.75,Walking,True,3.9,0,0
1789904138903,35,57276,1,560,-1.165439,1,0.75,Walking,True,3.9,0,0
1789904138903,35,57276,1,560,-1.165439,1,0.75,Walking,True,3.9,0,0
1789904138903,35,57276,1,560,-1.165439,1,0.75,Walking,True,3.9,0,0
1789904138903,35,57276,1,560,-1.165439,1,0.75,Walking,True,3.9,0,0
1789904138903,35,57276,1,560,-1.165439,1,0.75,Walking,True,3.9,0,0
1789904138903,35,57276,1,560,-1.165439,1,0.75,Walking,True,3.9,0,0
1789904138903,35,57276,1,560,-1.165439,1,0.75,Walking,True,3.9,0,0
1789904138919,36,58699,1,576,-1.103039,1,0.75,Walking,True,3.9,0,0
1789904138919,36,58699,1,576,-1.103039,1,0.75,Walking,True,3.9,0,0
1789904138919,36,58699,1,576,-1.103039,1,0.75,Walking,True,3.9,0,0
1789904138919,36,58699,1,576,-1.103039,1,0.75,Walking,True,3.9,0,0
1789904138919,36,58699,1,576,-1.103039,1,0.75,Walking,True,3.9,0,0
1789904138919,36,58699,1,576,-1.103039,1,0.75,Walking,True,3.9,0,0
1789904138919,36,58699,1,576,-1.103039,1,0.75,Walking,True,3.9,0,0
1789904138919,36,58699,1,576,-1.103039,1,0.75,Walking,True,3.9,0,0
1789904138936,37,60206,1,592,-1.040639,1,0.75,Walking,True,3.9,0,0
1789904138936,37,60206,1,592,-1.040639,1,0.75,Walking,True,3.9,0,0
1789904138936,37,60206,1,592,-1.040639,1,0.75,Walking,True,3.9,0,0
1789904138936,37,60206,1,592,-1.040639,1,0.75,Walking,True,3.9,0,0
1789904138936,37,60206,1,592,-1.040639,1,0.75,Walking,True,3.9,0,0
1789904138936,37,60206,1,592,-1.040639,1,0.75,Walking,True,3.9,0,0
1789904138936,37,60206,1,592,-1.040639,1,0.75,Walking,True,3.9,0,0
1789904138936,37,60206,1,592,-1.040639,1,0.75,Walking,True,3.9,0,0
1789904138952,38,61760,1,608,-0.978239,1,0.75,Walking,True,3.9,0,0
1789904138952,38,61760,1,608,-0.978239,1,0.75,Walking,True,3.9,0,0
1789904138952,38,61760,1,608,-0.978239,1,0.75,Walking,True,3.9,0,0
1789904138952,38,61760,1,608,-0.978239,1,0.75,Walking,True,3.9,0,0
1789904138952,38,61760,1,608,-0.978239,1,0.75,Walking,True,3.9,0,0
1789904138952,38,61760,1,608,-0.978239,1,0.75,Walking,True,3.9,0,0
1789904138952,38,61760,1,608,-0.978239,1,0.75,Walking,True,3.9,0,0
1789904138952,38,61760,1,608,-0.978239,1,0.75,Walking,True,3.9,0,0
1789904138969,39,63310,1,624,-0.915839,1,0.75,Walking,True,3.9,0,0
1789904138969,39,63310,1,624,-0.915839,1,0.75,Walking,True,3.9,0,0
1789904138969,39,63310,1,624,-0.915839,1,0.75,Walking,True,3.9,0,0
1789904138969,39,63310,1,624,-0.915839,1,0.75,Walking,True,3.9,0,0
1789904138969,39,63310,1,624,-0.915839,1,0.75,Walking,True,3.9,0,0
1789904138969,39,63310,1,624,-0.915839,1,0.75,Walking,True,3.9,0,0
1789904138969,39,63310,1,624,-0.915839,1,0.75,Walking,True,3.9,0,0
1789904138969,39,63310,1,624,-0.915839,1,0.75,Walking,True,3.9,0,0
1789904138984,40,64912,1,640,-0.901,1,0.75,Walking,True,3.9,0,0
1789904138984,40,64912,1,640,-0.901,1,0.75,Walking,True,3.9,0,0
1789904138984,40,64912,1,640,-0.901,1,0.75,Walking,True,3.9,0,0
1789904138984,40,64912,1,640,-0.901,1,0.75,Walking,True,3.9,0,0
1789904138984,40,64912,1,640,-0.901,1,0.75,Walking,True,3.9,0,0
1789904138984,40,64912,1,640,-0.901,1,0.75,Walking,True,3.9,0,0
1789904138984,40,64912,1,640,-0.901,1,0.75,Walking,True,3.9,0,0
1789904138984,40,64912,1,640,-0.901,1,0.75,Walking,True,3.9,0,0
1789904138999,41,66341,1,656,-0.901,1,0.75,Walking,True,3.9,0,0
1789904138999,41,66341,1,656,-0.901,1,0.75,Walking,True,3.9,0,0
1789904138999,41,66341,1,656,-0.901,1,0.75,Walking,True,3.9,0,0
1789904138999,41,66341,1,656,-0.901,1,0.75,Walking,True,3.9,0,0
1789904138999,41,66341,1,656,-0.901,1,0.75,Walking,True,3.9,0,0
1789904138999,41,66341,1,656,-0.901,1,0.75,Walking,True,3.9,0,0
1789904138999,41,66341,1,656,-0.901,1,0.75,Walking,True,3.9,0,0
1789904138999,41,66341,1,656,-0.901,1,0.75,Walking,True,3.9,0,0
1789904139014,42,67622,1,672,-0.901,1,0.75,Walking,True,3.9,0,0
1789904139014,42,67622,1,672,-0.901,1,0.75,Walking,True,3.9,0,0
1789904139014,42,67622,1,672,-0.901,1,0.75,Walking,True,3.9,0,0
1789904139014,42,67622,1,672,-0.901,1,0.75,Walking,True,3.9,0,0
1789904139014,42,67622,1,672,-0.901,1,0.75,Walking,True,3.9,0,0
1789904139014,42,67622,1,672,-0.901,1,0.75,Walking,True,3.9,0,0
1789904139014,42,67622,1,672,-0.901,1,0.75,Walking,True,3.9,0,0
1789904139014,42,67622,1,672,-0.901,1,0.75,Walking,True,3.9,0,0
1789904139029,43,68971,1,688,-0.901,1,0.75,Walking,True,3.9,0,0
1789904139029,43,68971,1,688,-0.901,1,0.75,Walking,True,3.9,0,0
1789904139029,43,68971,1,688,-0.901,1,0.75,Walking,True,3.9,0,0
1789904139029,43,68971,1,688,-0.901,1,0.75,Walking,True,3.9,0,0
1789904139029,43,68971,1,688,-0.901,1,0.75,Walking,True,3.9,0,0
1789904139029,43,68971,1,688,-0.901,1,0.75,Walking,True,3.9,0,0
1789904139029,43,68971,1,688,-0.901,1,0.75,Walking,True,3.9,0,0
1789904139029,43,68971,1,688,-0.901,1,0.75,Walking,True,3.9,0,0
1789904139045,44,70393,1,704,-0.901,1,0.75,Walking,True,3.9,0,0
1789904139045,44,70393,1,704,-0.901,1,0.75,Walking,True,3.9,0,0
1789904139045,44,70393,1,704,-0.901,1,0.75,Walking,True,3.9,0,0
1789904139045,44,70393,1,704,-0.901,1,0.75,Walking,True,3.9,0,0
1789904139045,44,70393,1,704,-0.901,1,0.75,Walking,True,3.9,0,0
1789904139045,44,70393,1,704,-0.901,1,0.75,Walking,True,3.9,0,0
1789904139045,44,70393,1,704,-0.901,1,0.75,Walking,True,3.9,0,0
1789904139045,44,70393,1,704,-0.901,1,0.75,Walking,True,3.9,0,0
1789904139060,45,71848,1,720,-0.901,1,0.75,Walking,True,3.9,0,0
1789904139060,45,71848,1,720,-0.901,1,0.75,Walking,True,3.9,0,0
1789904139060,45,71848,1,720,-0.901,1,0.75,Walking,True,3.9,0,0
1789904139060,45,71848,1,720,-0.901,1,0.75,Walking,True,3.9,0,0
1789904139060,45,71848,1,720,-0.901,1,0.75,Walking,True,3.9,0,0
1789904139060,45,71848,1,720,-0.901,1,0.75,Walking,True,3.9,0,0
1789904139060,45,71848,1,720,-0.901,1,0.75,Walking,True,3.9,0,0
1789904139060,45,71848,1,720,-0.901,1,0.75,Walking,True,3.9,0,0
1789904139076,46,73241,1,736,-0.901,1,0.75,Walking,True,3.9,0,0
1789904139076,46,73241,1,736,-0.901,1,0.75,Walking,True,3.9,0,0
1789904139076,46,73241,1,736,-0.901,1,0.75,Walking,True,3.9,0,0
1789904139076,46,73241,1,736,-0.901,1,0.75,Walking,True,3.9,0,0
1789904139076,46,73241,1,736,-0.901,1,0.75,Walking,True,3.9,0,0
1789904139076,46,73241,1,736,-0.901,1,0.75,Walking,True,3.9,0,0
1789904139076,46,73241,1,736,-0.901,1,0.75,Walking,True,3.9,0,0
1789904139076,46,73241,1,736,-0.901,1,0.75,Walking,True,3.9,0,0
1789904139091,47,74757,1,752,-0.901,1,0.75,Walking,True,3.9,0,0
1789904139091,47,74757,1,752,-0.901,1,0.75,Walking,True,3.9,0,0
1789904139091,47,74757,1,752,-0.901,1,0.75,Walking,True,3.9,0,0
1789904139091,47,74757,1,752,-0.901,1,0.75,Walking,True,3.9,0,0
1789904139091,47,74757,1,752,-0.901,1,0.75,Walking,True,3.9,0,0
1789904139092,47,74757,1,752,-0.901,1,0.75,Walking,True,3.9,0,0
1789904139092,47,74757,1,752,-0.901,1,0.75,Walking,True,3.9,0,0
1789904139092,47,74757,1,752,-0.901,1,0.75,Walking,True,3.9,0,0
1789904139107,48,76339,1,768,-0.901,1,0.75,Walking,True,3.9,0,0
1789904139107,48,76339,1,768,-0.901,1,0.75,Walking,True,3.9,0,0
1789904139107,48,76339,1,768,-0.901,1,0.75,Walking,True,3.9,0,0
1789904139107,48,76339,1,768,-0.901,1,0.75,Walking,True,3.9,0,0
1789904139107,48,76339,1,768,-0.901,1,0.75,Walking,True,3.9,0,0
1789904139107,48,76339,1,768,-0.901,1,0.75,Walking,True,3.9,0,0
1789904139107,48,76339,1,768,-0.901,1,0.75,Walking,True,3.9,0,0
1789904139107,48,76339,1,768,-0.901,1,0.75,Walking,True,3.9,0,0
1789904139123,49,77860,1,784,-0.901,1,0.75,Walking,True,3.9,0,0
1789904139123,49,77860,1,784,-0.901,1,0.75,Walking,True,3.9,0,0
1789904139123,49,77860,1,784,-0.901,1,0.75,Walking,True,3.9,0,0
1789904139123,49,77860,1,784,-0.901,1,0.75,Walking,True,3.9,0,0
1789904139123,49,77860,1,784,-0.901,1,0.75,Walking,True,3.9,0,0
1789904139123,49,77860,1,784,-0.901,1,0.75,Walking,True,3.9,0,0
1789904139123,49,77860,1,784,-0.901,1,0.75,Walking,True,3.9,0,0
1789904139123,49,77860,1,784,-0.901,1,0.75,Walking,True,3.9,0,0
1789904139139,50,79438,1,800,-0.901,1,0.75,Walking,True,3.9,0,0
1789904139139,50,79438,1,800,-0.901,1,0.75,Walking,True,3.9,0,0
1789904139139,50,79438,1,800,-0.901,1,0.75,Walking,True,3.9,0,0
1789904139139,50,79438,1,800,-0.901,1,0.75,Walking,True,3.9,0,0
1789904139139,50,79438,1,800,-0.901,1,0.75,Walking,True,3.9,0,0
1789904139139,50,79438,1,800,-0.901,1,0.75,Walking,True,3.9,0,0
1789904139139,50,79438,1,800,-0.901,1,0.75,Walking,True,3.9,0,0
1789904139139,50,79438,1,800,-0.901,1,0.75,Walking,True,3.9,0,0
1789904139154,51,81003,1,816,-0.901,1,0.75,Walking,True,3.9,0,0
1789904139154,51,81003,1,816,-0.901,1,0.75,Walking,True,3.9,0,0
1789904139154,51,81003,1,816,-0.901,1,0.75,Walking,True,3.9,0,0
1789904139154,51,81003,1,816,-0.901,1,0.75,Walking,True,3.9,0,0
1789904139154,51,81003,1,816,-0.901,1,0.75,Walking,True,3.9,0,0
1789904139154,51,81003,1,816,-0.901,1,0.75,Walking,True,3.9,0,0
1789904139154,51,81003,1,816,-0.901,1,0.75,Walking,True,3.9,0,0
1789904139154,51,81003,1,816,-0.901,1,0.75,Walking,True,3.9,0,0
1789904139170,52,82475,1,832,-0.901,1,0.75,Walking,True,3.9,0,0
1789904139170,52,82475,1,832,-0.901,1,0.75,Walking,True,3.9,0,0
1789904139170,52,82475,1,832,-0.901,1,0.75,Walking,True,3.9,0,0
1789904139170,52,82475,1,832,-0.901,1,0.75,Walking,True,3.9,0,0
1789904139170,52,82475,1,832,-0.901,1,0.75,Walking,True,3.9,0,0
1789904139170,52,82475,1,832,-0.901,1,0.75,Walking,True,3.9,0,0
1789904139170,52,82475,1,832,-0.901,1,0.75,Walking,True,3.9,0,0
1789904139170,52,82475,1,832,-0.901,1,0.75,Walking,True,3.9,0,0
1789904139184,53,84004,1,848,-0.901,1,0.75,Walking,True,3.9,0,0
1789904139184,53,84004,1,848,-0.901,1,0.75,Walking,True,3.9,0,0
1789904139184,53,84004,1,848,-0.901,1,0.75,Walking,True,3.9,0,0
1789904139185,53,84004,1,848,-0.901,1,0.75,Walking,True,3.9,0,0
1789904139185,53,84004,1,848,-0.901,1,0.75,Walking,True,3.9,0,0
1789904139185,53,84004,1,848,-0.901,1,0.75,Walking,True,3.9,0,0
1789904139185,53,84004,1,848,-0.901,1,0.75,Walking,True,3.9,0,0
1789904139185,53,84004,1,848,-0.901,1,0.75,Walking,True,3.9,0,0
1789904139200,54,85354,1,864,-0.901,1,0.75,Walking,True,3.9,0,0
1789904139200,54,85354,1,864,-0.901,1,0.75,Walking,True,3.9,0,0
1789904139200,54,85354,1,864,-0.901,1,0.75,Walking,True,3.9,0,0
1789904139200,54,85354,1,864,-0.901,1,0.75,Walking,True,3.9,0,0
1789904139200,54,85354,1,864,-0.901,1,0.75,Walking,True,3.9,0,0
1789904139200,54,85354,1,864,-0.901,1,0.75,Walking,True,3.9,0,0
1789904139200,54,85354,1,864,-0.901,1,0.75,Walking,True,3.9,0,0
1789904139200,54,85354,1,864,-0.901,1,0.75,Walking,True,3.9,0,0
1789904139216,55,86857,1,880,-0.901,1,0.75,Walking,True,3.9,0,0
1789904139217,55,86857,1,880,-0.901,1,0.75,Walking,True,3.9,0,0
1789904139217,55,86857,1,880,-0.901,1,0.75,Walking,True,3.9,0,0
1789904139217,55,86857,1,880,-0.901,1,0.75,Walking,True,3.9,0,0
1789904139217,55,86857,1,880,-0.901,1,0.75,Walking,True,3.9,0,0
1789904139217,55,86857,1,880,-0.901,1,0.75,Walking,True,3.9,0,0
1789904139217,55,86857,1,880,-0.901,1,0.75,Walking,True,3.9,0,0
1789904139217,55,86857,1,880,-0.901,1,0.75,Walking,True,3.9,0,0
1789904139233,56,88505,1,896,-0.901,1,0.75,Walking,True,3.9,0,0
1789904139233,56,88505,1,896,-0.901,1,0.75,Walking,True,3.9,0,0
1789904139233,56,88505,1,896,-0.901,1,0.75,Walking,True,3.9,0,0
1789904139233,56,88505,1,896,-0.901,1,0.75,Walking,True,3.9,0,0
1789904139233,56,88505,1,896,-0.901,1,0.75,Walking,True,3.9,0,0
1789904139233,56,88505,1,896,-0.901,1,0.75,Walking,True,3.9,0,0
1789904139233,56,88505,1,896,-0.901,1,0.75,Walking,True,3.9,0,0
1789904139233,56,88505,1,896,-0.901,1,0.75,Walking,True,3.9,0,0
1789904139248,57,90117,1,912,-0.901,1,0.75,Walking,True,3.9,0,0
1789904139248,57,90117,1,912,-0.901,1,0.75,Walking,True,3.9,0,0
1789904139248,57,90117,1,912,-0.901,1,0.75,Walking,True,3.9,0,0
1789904139248,57,90117,1,912,-0.901,1,0.75,Walking,True,3.9,0,0
1789904139248,57,90117,1,912,-0.901,1,0.75,Walking,True,3.9,0,0
1789904139248,57,90117,1,912,-0.901,1,0.75,Walking,True,3.9,0,0
1789904139248,57,90117,1,912,-0.901,1,0.75,Walking,True,3.9,0,0
1789904139248,57,90117,1,912,-0.901,1,0.75,Walking,True,3.9,0,0
1789904139263,58,91618,1,928,-0.901,1,0.75,Walking,True,3.9,0,0
1789904139263,58,91618,1,928,-0.901,1,0.75,Walking,True,3.9,0,0
1789904139263,58,91618,1,928,-0.901,1,0.75,Walking,True,3.9,0,0
1789904139263,58,91618,1,928,-0.901,1,0.75,Walking,True,3.9,0,0
1789904139263,58,91618,1,928,-0.901,1,0.75,Walking,True,3.9,0,0
1789904139263,58,91618,1,928,-0.901,1,0.75,Walking,True,3.9,0,0
1789904139263,58,91618,1,928,-0.901,1,0.75,Walking,True,3.9,0,0
1789904139263,58,91618,1,928,-0.901,1,0.75,Walking,True,3.9,0,0
1789904139279,59,93045,1,944,-0.901,1,0.75,Walking,True,3.9,0,0
1789904139279,59,93045,1,944,-0.901,1,0.75,Walking,True,3.9,0,0
1789904139279,59,93045,1,944,-0.901,1,0.75,Walking,True,3.9,0,0
1789904139279,59,93045,1,944,-0.901,1,0.75,Walking,True,3.9,0,0
1789904139279,59,93045,1,944,-0.901,1,0.75,Walking,True,3.9,0,0
1789904139279,59,93045,1,944,-0.901,1,0.75,Walking,True,3.9,0,0
1789904139279,59,93045,1,944,-0.901,1,0.75,Walking,True,3.9,0,0
1789904139279,59,93045,1,944,-0.901,1,0.75,Walking,True,3.9,0,0
1789904139295,60,94510,1,960,-0.901,1,0.75,Walking,True,3.9,0,0
1789904139295,60,94510,1,960,-0.901,1,0.75,Walking,True,3.9,0,0
1789904139295,60,94510,1,960,-0.901,1,0.75,Walking,True,3.9,0,0
1789904139295,60,94510,1,960,-0.901,1,0.75,Walking,True,3.9,0,0
1789904139295,60,94510,1,960,-0.901,1,0.75,Walking,True,3.9,0,0
1789904139295,60,94510,1,960,-0.901,1,0.75,Walking,True,3.9,0,0
1789904139295,60,94510,1,960,-0.901,1,0.75,Walking,True,3.9,0,0
1789904139295,60,94510,1,960,-0.901,1,0.75,Walking,True,3.9,0,0
1789904139310,61,96011,1,976,-0.901,1,0.75,Walking,True,3.9,0,0
1789904139310,61,96011,1,976,-0.901,1,0.75,Walking,True,3.9,0,0
1789904139310,61,96011,1,976,-0.901,1,0.75,Walking,True,3.9,0,0
1789904139310,61,96011,1,976,-0.901,1,0.75,Walking,True,3.9,0,0
1789904139310,61,96011,1,976,-0.901,1,0.75,Walking,True,3.9,0,0
1789904139310,61,96011,1,976,-0.901,1,0.75,Walking,True,3.9,0,0
1789904139310,61,96011,1,976,-0.901,1,0.75,Walking,True,3.9,0,0
1789904139310,61,96011,1,976,-0.901,1,0.75,Walking,True,3.9,0,0
1789904139327,62,97550,1,992,-0.901,1,0.75,Walking,True,3.9,0,0
1789904139327,62,97550,1,992,-0.901,1,0.75,Walking,True,3.9,0,0
1789904139327,62,97550,1,992,-0.901,1,0.75,Walking,True,3.9,0,0
1789904139327,62,97550,1,992,-0.901,1,0.75,Walking,True,3.9,0,0
1789904139327,62,97550,1,992,-0.901,1,0.75,Walking,True,3.9,0,0
1789904139327,62,97550,1,992,-0.901,1,0.75,Walking,True,3.9,0,0
1789904139327,62,97550,1,992,-0.901,1,0.75,Walking,True,3.9,0,0
1789904139327,62,97550,1,992,-0.901,1,0.75,Walking,True,3.9,0,0
1789904139342,63,99084,1,1008,-0.901,1,0.75,Walking,True,3.9,0,0
1789904139342,63,99084,1,1008,-0.901,1,0.75,Walking,True,3.9,0,0
1789904139342,63,99084,1,1008,-0.901,1,0.75,Walking,True,3.9,0,0
1789904139342,63,99084,1,1008,-0.901,1,0.75,Walking,True,3.9,0,0
1789904139342,63,99084,1,1008,-0.901,1,0.75,Walking,True,3.9,0,0
1789904139342,63,99084,1,1008,-0.901,1,0.75,Walking,True,3.9,0,0
1789904139342,63,99084,1,1008,-0.901,1,0.75,Walking,True,3.9,0,0
1789904139342,63,99084,1,1008,-0.901,1,0.75,Walking,True,3.9,0,0
1789904139357,64,100580,1,1024,-0.901,1,0.75,Walking,True,3.9,0,0
1789904139357,64,100580,1,1024,-0.901,1,0.75,Walking,True,3.9,0,0
1789904139357,64,100580,1,1024,-0.901,1,0.75,Walking,True,3.9,0,0
1789904139357,64,100580,1,1024,-0.901,1,0.75,Walking,True,3.9,0,0
1789904139357,64,100580,1,1024,-0.901,1,0.75,Walking,True,3.9,0,0
1789904139357,64,100580,1,1024,-0.901,1,0.75,Walking,True,3.9,0,0
1789904139357,64,100580,1,1024,-0.901,1,0.75,Walking,True,3.9,0,0
1789904139357,64,100580,1,1024,-0.901,1,0.75,Walking,True,3.9,0,0
1789904139373,65,102059,1,1040,-0.901,1,0.75,Walking,True,3.9,0,0
1789904139373,65,102059,1,1040,-0.901,1,0.75,Walking,True,3.9,0,0
1789904139373,65,102059,1,1040,-0.901,1,0.75,Walking,True,3.9,0,0
1789904139373,65,102059,1,1040,-0.901,1,0.75,Walking,True,3.9,0,0
1789904139373,65,102059,1,1040,-0.901,1,0.75,Walking,True,3.9,0,0
1789904139373,65,102059,1,1040,-0.901,1,0.75,Walking,True,3.9,0,0
1789904139373,65,102059,1,1040,-0.901,1,0.75,Walking,True,3.9,0,0
1789904139373,65,102059,1,1040,-0.901,1,0.75,Walking,True,3.9,0,0
1789904139388,66,103573,1,1056,-0.901,1,0.75,Walking,True,3.9,0,0
1789904139388,66,103573,1,1056,-0.901,1,0.75,Walking,True,3.9,0,0
1789904139388,66,103573,1,1056,-0.901,1,0.75,Walking,True,3.9,0,0
1789904139388,66,103573,1,1056,-0.901,1,0.75,Walking,True,3.9,0,0
1789904139388,66,103573,1,1056,-0.901,1,0.75,Walking,True,3.9,0,0
1789904139388,66,103573,1,1056,-0.901,1,0.75,Walking,True,3.9,0,0
1789904139388,66,103573,1,1056,-0.901,1,0.75,Walking,True,3.9,0,0
1789904139388,66,103573,1,1056,-0.901,1,0.75,Walking,True,3.9,0,0
1789904139403,67,105089,1,1072,-0.901,1,0.75,Walking,True,3.9,0,0
1789904139403,67,105089,1,1072,-0.901,1,0.75,Walking,True,3.9,0,0
1789904139403,67,105089,1,1072,-0.901,1,0.75,Walking,True,3.9,0,0
1789904139403,67,105089,1,1072,-0.901,1,0.75,Walking,True,3.9,0,0
1789904139403,67,105089,1,1072,-0.901,1,0.75,Walking,True,3.9,0,0
1789904139403,67,105089,1,1072,-0.901,1,0.75,Walking,True,3.9,0,0
1789904139403,67,105089,1,1072,-0.901,1,0.75,Walking,True,3.9,0,0
1789904139403,67,105089,1,1072,-0.901,1,0.75,Walking,True,3.9,0,0
1789904139419,68,106563,1,1088,-0.901,1,0.75,Walking,True,3.9,0,0
1789904139419,68,106563,1,1088,-0.901,1,0.75,Walking,True,3.9,0,0
1789904139419,68,106563,1,1088,-0.901,1,0.75,Walking,True,3.9,0,0
1789904139419,68,106563,1,1088,-0.901,1,0.75,Walking,True,3.9,0,0
1789904139419,68,106563,1,1088,-0.901,1,0.75,Walking,True,3.9,0,0
1789904139419,68,106563,1,1088,-0.901,1,0.75,Walking,True,3.9,0,0
1789904139419,68,106563,1,1088,-0.901,1,0.75,Walking,True,3.9,0,0
1789904139419,68,106563,1,1088,-0.901,1,0.75,Walking,True,3.9,0,0
1789904139434,69,108116,1,1104,-0.901,1,0.75,Walking,True,3.9,0,0
1789904139434,69,108116,1,1104,-0.901,1,0.75,Walking,True,3.9,0,0
1789904139434,69,108116,1,1104,-0.901,1,0.75,Walking,True,3.9,0,0
1789904139434,69,108116,1,1104,-0.901,1,0.75,Walking,True,3.9,0,0
1789904139434,69,108116,1,1104,-0.901,1,0.75,Walking,True,3.9,0,0
1789904139434,69,108116,1,1104,-0.901,1,0.75,Walking,True,3.9,0,0
1789904139434,69,108116,1,1104,-0.901,1,0.75,Walking,True,3.9,0,0
1789904139434,69,108116,1,1104,-0.901,1,0.75,Walking,True,3.9,0,0
1789904139465,70,109564,1,1120,-0.901,1,0.75,Walking,True,3.9,0,0
1789904139465,70,109564,1,1120,-0.901,1,0.75,Walking,True,3.9,0,0
1789904139465,70,109564,1,1120,-0.901,1,0.75,Walking,True,3.9,0,0
1789904139465,70,109564,1,1120,-0.901,1,0.75,Walking,True,3.9,0,0
1789904139465,70,109564,1,1120,-0.901,1,0.75,Walking,True,3.9,0,0
1789904139465,70,109564,1,1120,-0.901,1,0.75,Walking,True,3.9,0,0
1789904139465,70,109564,1,1120,-0.901,1,0.75,Walking,True,3.9,0,0
1789904139465,70,109564,1,1120,-0.901,1,0.75,Walking,True,3.9,0,0
1789904139480,71,112464,1,1136,-0.901,1,0.75,Walking,True,3.9,0,0
1789904139480,71,112464,1,1136,-0.901,1,0.75,Walking,True,3.9,0,0
1789904139480,71,112464,1,1136,-0.901,1,0.75,Walking,True,3.9,0,0
1789904139480,71,112464,1,1136,-0.901,1,0.75,Walking,True,3.9,0,0
1789904139480,71,112464,1,1136,-0.901,1,0.75,Walking,True,3.9,0,0
1789904139480,71,112464,1,1136,-0.901,1,0.75,Walking,True,3.9,0,0
1789904139480,71,112464,1,1136,-0.901,1,0.75,Walking,True,3.9,0,0
1789904139480,71,112464,1,1136,-0.901,1,0.75,Walking,True,3.9,0,0
1789904139495,72,113906,1,1152,-0.901,1,0.75,Walking,True,3.9,0,0
1789904139495,72,113906,1,1152,-0.901,1,0.75,Walking,True,3.9,0,0
1789904139495,72,113906,1,1152,-0.901,1,0.75,Walking,True,3.9,0,0
1789904139495,72,113906,1,1152,-0.901,1,0.75,Walking,True,3.9,0,0
1789904139495,72,113906,1,1152,-0.901,1,0.75,Walking,True,3.9,0,0
1789904139495,72,113906,1,1152,-0.901,1,0.75,Walking,True,3.9,0,0
1789904139495,72,113906,1,1152,-0.901,1,0.75,Walking,True,3.9,0,0
1789904139495,72,113906,1,1152,-0.901,1,0.75,Walking,True,3.9,0,0
1789904139511,73,115299,1,1168,-0.901,1,0.75,Walking,True,3.9,0,0
1789904139511,73,115299,1,1168,-0.901,1,0.75,Walking,True,3.9,0,0
1789904139511,73,115299,1,1168,-0.901,1,0.75,Walking,True,3.9,0,0
1789904139511,73,115299,1,1168,-0.901,1,0.75,Walking,True,3.9,0,0
1789904139511,73,115299,1,1168,-0.901,1,0.75,Walking,True,3.9,0,0
1789904139511,73,115299,1,1168,-0.901,1,0.75,Walking,True,3.9,0,0
1789904139511,73,115299,1,1168,-0.901,1,0.75,Walking,True,3.9,0,0
1789904139511,73,115299,1,1168,-0.901,1,0.75,Walking,True,3.9,0,0
1789904139527,74,116816,1,1184,-0.901,1,0.75,Walking,True,3.9,0,0
1789904139527,74,116816,1,1184,-0.901,1,0.75,Walking,True,3.9,0,0
1789904139527,74,116816,1,1184,-0.901,1,0.75,Walking,True,3.9,0,0
1789904139527,74,116816,1,1184,-0.901,1,0.75,Walking,True,3.9,0,0
1789904139527,74,116816,1,1184,-0.901,1,0.75,Walking,True,3.9,0,0
1789904139527,74,116816,1,1184,-0.901,1,0.75,Walking,True,3.9,0,0
1789904139527,74,116816,1,1184,-0.901,1,0.75,Walking,True,3.9,0,0
1789904139527,74,116816,1,1184,-0.901,1,0.75,Walking,True,3.9,0,0
1789904139542,75,118355,1,1200,-0.901,1,0.75,Walking,True,3.9,0,0
1789904139542,75,118355,1,1200,-0.901,1,0.75,Walking,True,3.9,0,0
1789904139542,75,118355,1,1200,-0.901,1,0.75,Walking,True,3.9,0,0
1789904139542,75,118355,1,1200,-0.901,1,0.75,Walking,True,3.9,0,0
1789904139542,75,118355,1,1200,-0.901,1,0.75,Walking,True,3.9,0,0
1789904139542,75,118355,1,1200,-0.901,1,0.75,Walking,True,3.9,0,0
1789904139542,75,118355,1,1200,-0.901,1,0.75,Walking,True,3.9,0,0
1789904139542,75,118355,1,1200,-0.901,1,0.75,Walking,True,3.9,0,0
1789904139558,76,119700,1,1216,-0.901,1,0.75,Walking,True,3.9,0,0
1789904139558,76,119700,1,1216,-0.901,1,0.75,Walking,True,3.9,0,0
1789904139558,76,119700,1,1216,-0.901,1,0.75,Walking,True,3.9,0,0
1789904139558,76,119700,1,1216,-0.901,1,0.75,Walking,True,3.9,0,0
1789904139558,76,119700,1,1216,-0.901,1,0.75,Walking,True,3.9,0,0
1789904139558,76,119700,1,1216,-0.901,1,0.75,Walking,True,3.9,0,0
1789904139558,76,119700,1,1216,-0.901,1,0.75,Walking,True,3.9,0,0
1789904139558,76,119700,1,1216,-0.901,1,0.75,Walking,True,3.9,0,0
1789904139574,77,121062,1,1232,-0.901,1,0.75,Walking,True,3.9,0,0
1789904139574,77,121062,1,1232,-0.901,1,0.75,Walking,True,3.9,0,0
1789904139574,77,121062,1,1232,-0.901,1,0.75,Walking,True,3.9,0,0
1789904139574,77,121062,1,1232,-0.901,1,0.75,Walking,True,3.9,0,0
1789904139574,77,121062,1,1232,-0.901,1,0.75,Walking,True,3.9,0,0
1789904139574,77,121062,1,1232,-0.901,1,0.75,Walking,True,3.9,0,0
1789904139574,77,121062,1,1232,-0.901,1,0.75,Walking,True,3.9,0,0
1789904139574,77,121062,1,1232,-0.901,1,0.75,Walking,True,3.9,0,0
1789904139591,78,122434,1,1248,-0.901,1,0.75,Walking,True,3.9,0,0
1789904139591,78,122434,1,1248,-0.901,1,0.75,Walking,True,3.9,0,0
1789904139591,78,122434,1,1248,-0.901,1,0.75,Walking,True,3.9,0,0
1789904139591,78,122434,1,1248,-0.901,1,0.75,Walking,True,3.9,0,0
1789904139591,78,122434,1,1248,-0.901,1,0.75,Walking,True,3.9,0,0
1789904139591,78,122434,1,1248,-0.901,1,0.75,Walking,True,3.9,0,0
1789904139591,78,122434,1,1248,-0.901,1,0.75,Walking,True,3.9,0,0
1789904139591,78,122434,1,1248,-0.901,1,0.75,Walking,True,3.9,0,0
1789904139606,79,123856,1,1264,-0.901,1,0.75,Walking,True,3.9,0,0
1789904139606,79,123856,1,1264,-0.901,1,0.75,Walking,True,3.9,0,0
1789904139606,79,123856,1,1264,-0.901,1,0.75,Walking,True,3.9,0,0
1789904139606,79,123856,1,1264,-0.901,1,0.75,Walking,True,3.9,0,0
1789904139606,79,123856,1,1264,-0.901,1,0.75,Walking,True,3.9,0,0
1789904139606,79,123856,1,1264,-0.901,1,0.75,Walking,True,3.9,0,0
1789904139606,79,123856,1,1264,-0.901,1,0.75,Walking,True,3.9,0,0
1789904139606,79,123856,1,1264,-0.901,1,0.75,Walking,True,3.9,0,0
1789904139622,80,125354,1,1280,-0.901,1,0.75,Walking,True,3.9,0,0
1789904139622,80,125354,1,1280,-0.901,1,0.75,Walking,True,3.9,0,0
1789904139622,80,125354,1,1280,-0.901,1,0.75,Walking,True,3.9,0,0
1789904139622,80,125354,1,1280,-0.901,1,0.75,Walking,True,3.9,0,0
1789904139622,80,125354,1,1280,-0.901,1,0.75,Walking,True,3.9,0,0
1789904139622,80,125354,1,1280,-0.901,1,0.75,Walking,True,3.9,0,0
1789904139622,80,125354,1,1280,-0.901,1,0.75,Walking,True,3.9,0,0
1789904139622,80,125354,1,1280,-0.901,1,0.75,Walking,True,3.9,0,0
1789904139637,81,126772,1,1296,-0.901,1,0.75,Walking,True,3.9,0,0
1789904139637,81,126772,1,1296,-0.901,1,0.75,Walking,True,3.9,0,0
1789904139637,81,126772,1,1296,-0.901,1,0.75,Walking,True,3.9,0,0
1789904139637,81,126772,1,1296,-0.901,1,0.75,Walking,True,3.9,0,0
1789904139637,81,126772,1,1296,-0.901,1,0.75,Walking,True,3.9,0,0
1789904139637,81,126772,1,1296,-0.901,1,0.75,Walking,True,3.9,0,0
1789904139637,81,126772,1,1296,-0.901,1,0.75,Walking,True,3.9,0,0
1789904139637,81,126772,1,1296,-0.901,1,0.75,Walking,True,3.9,0,0
1789904139652,82,128021,1,1312,-0.901,1,0.75,Walking,True,3.9,0,0
1789904139652,82,128021,1,1312,-0.901,1,0.75,Walking,True,3.9,0,0
1789904139652,82,128021,1,1312,-0.901,1,0.75,Walking,True,3.9,0,0
1789904139652,82,128021,1,1312,-0.901,1,0.75,Walking,True,3.9,0,0
1789904139652,82,128021,1,1312,-0.901,1,0.75,Walking,True,3.9,0,0
1789904139652,82,128021,1,1312,-0.901,1,0.75,Walking,True,3.9,0,0
1789904139652,82,128021,1,1312,-0.901,1,0.75,Walking,True,3.9,0,0
1789904139652,82,128021,1,1312,-0.901,1,0.75,Walking,True,3.9,0,0
1789904139668,83,129103,1,1328,-0.901,1,0.75,Walking,True,3.9,0,0
1789904139668,83,129103,1,1328,-0.901,1,0.75,Walking,True,3.9,0,0
1789904139668,83,129103,1,1328,-0.901,1,0.75,Walking,True,3.9,0,0
1789904139668,83,129103,1,1328,-0.901,1,0.75,Walking,True,3.9,0,0
1789904139668,83,129103,1,1328,-0.901,1,0.75,Walking,True,3.9,0,0
1789904139668,83,129103,1,1328,-0.901,1,0.75,Walking,True,3.9,0,0
1789904139668,83,129103,1,1328,-0.901,1,0.75,Walking,True,3.9,0,0
1789904139668,83,129103,1,1328,-0.901,1,0.75,Walking,True,3.9,0,0
1789904139684,84,130376,1,1344,-0.901,1,0.75,Walking,True,3.9,0,0
1789904139684,84,130376,1,1344,-0.901,1,0.75,Walking,True,3.9,0,0
1789904139684,84,130376,1,1344,-0.901,1,0.75,Walking,True,3.9,0,0
1789904139684,84,130376,1,1344,-0.901,1,0.75,Walking,True,3.9,0,0
1789904139684,84,130376,1,1344,-0.901,1,0.75,Walking,True,3.9,0,0
1789904139684,84,130376,1,1344,-0.901,1,0.75,Walking,True,3.9,0,0
1789904139684,84,130376,1,1344,-0.901,1,0.75,Walking,True,3.9,0,0
1789904139684,84,130376,1,1344,-0.901,1,0.75,Walking,True,3.9,0,0
1789904139699,85,131677,1,1360,-0.901,1,0.75,Walking,True,3.9,0,0
1789904139699,85,131677,1,1360,-0.901,1,0.75,Walking,True,3.9,0,0
1789904139699,85,131677,1,1360,-0.901,1,0.75,Walking,True,3.9,0,0
1789904139699,85,131677,1,1360,-0.901,1,0.75,Walking,True,3.9,0,0
1789904139699,85,131677,1,1360,-0.901,1,0.75,Walking,True,3.9,0,0
1789904139699,85,131677,1,1360,-0.901,1,0.75,Walking,True,3.9,0,0
1789904139699,85,131677,1,1360,-0.901,1,0.75,Walking,True,3.9,0,0
1789904139699,85,131677,1,1360,-0.901,1,0.75,Walking,True,3.9,0,0
1789904139715,86,132977,1,1376,-0.901,1,0.75,Walking,True,3.9,0,0
1789904139715,86,132977,1,1376,-0.901,1,0.75,Walking,True,3.9,0,0
1789904139715,86,132977,1,1376,-0.901,1,0.75,Walking,True,3.9,0,0
1789904139715,86,132977,1,1376,-0.901,1,0.75,Walking,True,3.9,0,0
1789904139715,86,132977,1,1376,-0.901,1,0.75,Walking,True,3.9,0,0
1789904139715,86,132977,1,1376,-0.901,1,0.75,Walking,True,3.9,0,0
1789904139715,86,132977,1,1376,-0.901,1,0.75,Walking,True,3.9,0,0
1789904139715,86,132977,1,1376,-0.901,1,0.75,Walking,True,3.9,0,0
1789904139731,87,134356,1,1392,-0.901,1,0.75,Walking,True,3.9,0,0
1789904139731,87,134356,1,1392,-0.901,1,0.75,Walking,True,3.9,0,0
1789904139731,87,134356,1,1392,-0.901,1,0.75,Walking,True,3.9,0,0
1789904139731,87,134356,1,1392,-0.901,1,0.75,Walking,True,3.9,0,0
1789904139731,87,134356,1,1392,-0.901,1,0.75,Walking,True,3.9,0,0
1789904139731,87,134356,1,1392,-0.901,1,0.75,Walking,True,3.9,0,0
1789904139731,87,134356,1,1392,-0.901,1,0.75,Walking,True,3.9,0,0
1789904139731,87,134356,1,1392,-0.901,1,0.75,Walking,True,3.9,0,0
1789904139747,88,135888,1,1408,-0.901,1,0.75,Walking,True,3.9,0,0
1789904139747,88,135888,1,1408,-0.901,1,0.75,Walking,True,3.9,0,0
1789904139747,88,135888,1,1408,-0.901,1,0.75,Walking,True,3.9,0,0
1789904139747,88,135888,1,1408,-0.901,1,0.75,Walking,True,3.9,0,0
1789904139747,88,135888,1,1408,-0.901,1,0.75,Walking,True,3.9,0,0
1789904139747,88,135888,1,1408,-0.901,1,0.75,Walking,True,3.9,0,0
1789904139747,88,135888,1,1408,-0.901,1,0.75,Walking,True,3.9,0,0
1789904139747,88,135888,1,1408,-0.901,1,0.75,Walking,True,3.9,0,0
1789904139764,89,137344,1,1424,-0.901,1,0.75,Walking,True,3.9,0,0
1789904139764,89,137344,1,1424,-0.901,1,0.75,Walking,True,3.9,0,0
1789904139764,89,137344,1,1424,-0.901,1,0.75,Walking,True,3.9,0,0
1789904139764,89,137344,1,1424,-0.901,1,0.75,Walking,True,3.9,0,0
1789904139764,89,137344,1,1424,-0.901,1,0.75,Walking,True,3.9,0,0
1789904139764,89,137344,1,1424,-0.901,1,0.75,Walking,True,3.9,0,0
1789904139764,89,137344,1,1424,-0.901,1,0.75,Walking,True,3.9,0,0
1789904139764,89,137344,1,1424,-0.901,1,0.75,Walking,True,3.9,0,0
1789904139779,90,138827,1,1440,-0.901,1,0.75,Walking,True,3.9,0,0
1789904139779,90,138827,1,1440,-0.901,1,0.75,Walking,True,3.9,0,0
1789904139779,90,138827,1,1440,-0.901,1,0.75,Walking,True,3.9,0,0
1789904139779,90,138827,1,1440,-0.901,1,0.75,Walking,True,3.9,0,0
1789904139779,90,138827,1,1440,-0.901,1,0.75,Walking,True,3.9,0,0
1789904139779,90,138827,1,1440,-0.901,1,0.75,Walking,True,3.9,0,0
1789904139779,90,138827,1,1440,-0.901,1,0.75,Walking,True,3.9,0,0
1789904139779,90,138827,1,1440,-0.901,1,0.75,Walking,True,3.9,0,0
1789904139794,91,140233,1,1456,-0.901,1,0.75,Walking,True,3.9,0,0
1789904139794,91,140233,1,1456,-0.901,1,0.75,Walking,True,3.9,0,0
1789904139794,91,140233,1,1456,-0.901,1,0.75,Walking,True,3.9,0,0
1789904139794,91,140233,1,1456,-0.901,1,0.75,Walking,True,3.9,0,0
1789904139794,91,140233,1,1456,-0.901,1,0.75,Walking,True,3.9,0,0
1789904139794,91,140233,1,1456,-0.901,1,0.75,Walking,True,3.9,0,0
1789904139794,91,140233,1,1456,-0.901,1,0.75,Walking,True,3.9,0,0
1789904139794,91,140233,1,1456,-0.901,1,0.75,Walking,True,3.9,0,0
1789904139810,92,141625,1,1472,-0.901,1,0.75,Walking,True,3.9,0,0
1789904139810,92,141625,1,1472,-0.901,1,0.75,Walking,True,3.9,0,0
1789904139810,92,141625,1,1472,-0.901,1,0.75,Walking,True,3.9,0,0
1789904139810,92,141625,1,1472,-0.901,1,0.75,Walking,True,3.9,0,0
1789904139810,92,141625,1,1472,-0.901,1,0.75,Walking,True,3.9,0,0
1789904139810,92,141625,1,1472,-0.901,1,0.75,Walking,True,3.9,0,0
1789904139810,92,141625,1,1472,-0.901,1,0.75,Walking,True,3.9,0,0
1789904139810,92,141625,1,1472,-0.901,1,0.75,Walking,True,3.9,0,0
1789904139826,93,143107,1,1488,-0.901,1,0.75,Walking,True,3.9,0,0
1789904139826,93,143107,1,1488,-0.901,1,0.75,Walking,True,3.9,0,0
1789904139826,93,143107,1,1488,-0.901,1,0.75,Walking,True,3.9,0,0
1789904139826,93,143107,1,1488,-0.901,1,0.75,Walking,True,3.9,0,0
1789904139826,93,143107,1,1488,-0.901,1,0.75,Walking,True,3.9,0,0
1789904139826,93,143107,1,1488,-0.901,1,0.75,Walking,True,3.9,0,0
1789904139826,93,143107,1,1488,-0.901,1,0.75,Walking,True,3.9,0,0
1789904139826,93,143107,1,1488,-0.901,1,0.75,Walking,True,3.9,0,0
1789904139841,94,144535,1,1504,-0.901,1,0.75,Walking,True,3.9,0,0
1789904139841,94,144535,1,1504,-0.901,1,0.75,Walking,True,3.9,0,0
1789904139841,94,144535,1,1504,-0.901,1,0.75,Walking,True,3.9,0,0
1789904139841,94,144535,1,1504,-0.901,1,0.75,Walking,True,3.9,0,0
1789904139841,94,144535,1,1504,-0.901,1,0.75,Walking,True,3.9,0,0
1789904139841,94,144535,1,1504,-0.901,1,0.75,Walking,True,3.9,0,0
1789904139841,94,144535,1,1504,-0.901,1,0.75,Walking,True,3.9,0,0
1789904139841,94,144535,1,1504,-0.901,1,0.75,Walking,True,3.9,0,0
1789904139857,95,145967,1,1520,-0.901,1,0.75,Walking,True,3.9,0,0
1789904139857,95,145967,1,1520,-0.901,1,0.75,Walking,True,3.9,0,0
1789904139857,95,145967,1,1520,-0.901,1,0.75,Walking,True,3.9,0,0
1789904139857,95,145967,1,1520,-0.901,1,0.75,Walking,True,3.9,0,0
1789904139857,95,145967,1,1520,-0.901,1,0.75,Walking,True,3.9,0,0
1789904139857,95,145967,1,1520,-0.901,1,0.75,Walking,True,3.9,0,0
1789904139857,95,145967,1,1520,-0.901,1,0.75,Walking,True,3.9,0,0
1789904139857,95,145967,1,1520,-0.901,1,0.75,Walking,True,3.9,0,0
1789904139873,96,147507,1,1536,-0.901,1,0.75,Walking,True,3.9,0,0
1789904139873,96,147507,1,1536,-0.901,1,0.75,Walking,True,3.9,0,0
1789904139873,96,147507,1,1536,-0.901,1,0.75,Walking,True,3.9,0,0
1789904139874,96,147507,1,1536,-0.901,1,0.75,Walking,True,3.9,0,0
1789904139874,96,147507,1,1536,-0.901,1,0.75,Walking,True,3.9,0,0
1789904139874,96,147507,1,1536,-0.901,1,0.75,Walking,True,3.9,0,0
1789904139874,96,147507,1,1536,-0.901,1,0.75,Walking,True,3.9,0,0
1789904139874,96,147507,1,1536,-0.901,1,0.75,Walking,True,3.9,0,0
1789904139889,97,149003,1,1552,-0.901,1,0.75,Walking,True,3.9,0,0
1789904139889,97,149003,1,1552,-0.901,1,0.75,Walking,True,3.9,0,0
1789904139889,97,149003,1,1552,-0.901,1,0.75,Walking,True,3.9,0,0
1789904139889,97,149003,1,1552,-0.901,1,0.75,Walking,True,3.9,0,0
1789904139889,97,149003,1,1552,-0.901,1,0.75,Walking,True,3.9,0,0
1789904139889,97,149003,1,1552,-0.901,1,0.75,Walking,True,3.9,0,0
1789904139889,97,149003,1,1552,-0.901,1,0.75,Walking,True,3.9,0,0
1789904139889,97,149003,1,1552,-0.901,1,0.75,Walking,True,3.9,0,0
1789904139904,98,150405,1,1568,-0.901,1,0.75,Walking,True,3.9,0,0
1789904139904,98,150405,1,1568,-0.901,1,0.75,Walking,True,3.9,0,0
1789904139904,98,150405,1,1568,-0.901,1,0.75,Walking,True,3.9,0,0
1789904139904,98,150405,1,1568,-0.901,1,0.75,Walking,True,3.9,0,0
1789904139904,98,150405,1,1568,-0.901,1,0.75,Walking,True,3.9,0,0
1789904139904,98,150405,1,1568,-0.901,1,0.75,Walking,True,3.9,0,0
1789904139904,98,150405,1,1568,-0.901,1,0.75,Walking,True,3.9,0,0
1789904139904,98,150405,1,1568,-0.901,1,0.75,Walking,True,3.9,0,0
1789904139919,99,151779,1,1584,-0.901,1,0.75,Walking,True,3.9,0,0
1789904139919,99,151779,1,1584,-0.901,1,0.75,Walking,True,3.9,0,0
1789904139919,99,151779,1,1584,-0.901,1,0.75,Walking,True,3.9,0,0
1789904139919,99,151779,1,1584,-0.901,1,0.75,Walking,True,3.9,0,0
1789904139919,99,151779,1,1584,-0.901,1,0.75,Walking,True,3.9,0,0
1789904139919,99,151779,1,1584,-0.901,1,0.75,Walking,True,3.9,0,0
1789904139919,99,151779,1,1584,-0.901,1,0.75,Walking,True,3.9,0,0
1789904139919,99,151779,1,1584,-0.901,1,0.75,Walking,True,3.9,0,0
1789904139935,100,153156,1,1600,-0.901,1,0.75,Walking,True,3.9,0,0
1789904139935,100,153156,1,1600,-0.901,1,0.75,Walking,True,3.9,0,0
1789904139935,100,153156,1,1600,-0.901,1,0.75,Walking,True,3.9,0,0
1789904139935,100,153156,1,1600,-0.901,1,0.75,Walking,True,3.9,0,0
1789904139935,100,153156,1,1600,-0.901,1,0.75,Walking,True,3.9,0,0
1789904139935,100,153156,1,1600,-0.901,1,0.75,Walking,True,3.9,0,0
1789904139935,100,153156,1,1600,-0.901,1,0.75,Walking,True,3.9,0,0
1789904139935,100,153156,1,1600,-0.901,1,0.75,Walking,True,3.9,0,0
1789904139950,101,154515,1,1616,-0.901,1,0.75,Walking,True,3.9,0,0
1789904139950,101,154515,1,1616,-0.901,1,0.75,Walking,True,3.9,0,0
1789904139950,101,154515,1,1616,-0.901,1,0.75,Walking,True,3.9,0,0
1789904139950,101,154515,1,1616,-0.901,1,0.75,Walking,True,3.9,0,0
1789904139950,101,154515,1,1616,-0.901,1,0.75,Walking,True,3.9,0,0
1789904139950,101,154515,1,1616,-0.901,1,0.75,Walking,True,3.9,0,0
1789904139950,101,154515,1,1616,-0.901,1,0.75,Walking,True,3.9,0,0
1789904139950,101,154515,1,1616,-0.901,1,0.75,Walking,True,3.9,0,0
1789904139966,102,155964,1,1632,-0.901,1,0.75,Walking,True,3.9,0,0
1789904139966,102,155964,1,1632,-0.901,1,0.75,Walking,True,3.9,0,0
1789904139966,102,155964,1,1632,-0.901,1,0.75,Walking,True,3.9,0,0
1789904139966,102,155964,1,1632,-0.901,1,0.75,Walking,True,3.9,0,0
1789904139966,102,155964,1,1632,-0.901,1,0.75,Walking,True,3.9,0,0
1789904139966,102,155964,1,1632,-0.901,1,0.75,Walking,True,3.9,0,0
1789904139966,102,155964,1,1632,-0.901,1,0.75,Walking,True,3.9,0,0
1789904139966,102,155964,1,1632,-0.901,1,0.75,Walking,True,3.9,0,0
1789904139981,103,157420,1,1648,-0.901,1,0.75,Walking,True,3.9,0,0
1789904139981,103,157420,1,1648,-0.901,1,0.75,Walking,True,3.9,0,0
1789904139981,103,157420,1,1648,-0.901,1,0.75,Walking,True,3.9,0,0
1789904139981,103,157420,1,1648,-0.901,1,0.75,Walking,True,3.9,0,0
1789904139981,103,157420,1,1648,-0.901,1,0.75,Walking,True,3.9,0,0
1789904139981,103,157420,1,1648,-0.901,1,0.75,Walking,True,3.9,0,0
1789904139981,103,157420,1,1648,-0.901,1,0.75,Walking,True,3.9,0,0
1789904139981,103,157420,1,1648,-0.901,1,0.75,Walking,True,3.9,0,0
1789904139996,104,158769,1,1664,-0.901,1,0.75,Walking,True,3.9,0,0
1789904139996,104,158769,1,1664,-0.901,1,0.75,Walking,True,3.9,0,0
1789904139996,104,158769,1,1664,-0.901,1,0.75,Walking,True,3.9,0,0
1789904139996,104,158769,1,1664,-0.901,1,0.75,Walking,True,3.9,0,0
1789904139996,104,158769,1,1664,-0.901,1,0.75,Walking,True,3.9,0,0
1789904139996,104,158769,1,1664,-0.901,1,0.75,Walking,True,3.9,0,0
1789904139996,104,158769,1,1664,-0.901,1,0.75,Walking,True,3.9,0,0
1789904139996,104,158769,1,1664,-0.901,1,0.75,Walking,True,3.9,0,0
1789904140012,105,160227,1,1680,-0.901,1,0.75,Walking,True,3.9,0,0
1789904140012,105,160227,1,1680,-0.901,1,0.75,Walking,True,3.9,0,0
1789904140012,105,160227,1,1680,-0.901,1,0.75,Walking,True,3.9,0,0
1789904140012,105,160227,1,1680,-0.901,1,0.75,Walking,True,3.9,0,0
1789904140012,105,160227,1,1680,-0.901,1,0.75,Walking,True,3.9,0,0
1789904140012,105,160227,1,1680,-0.901,1,0.75,Walking,True,3.9,0,0
1789904140012,105,160227,1,1680,-0.901,1,0.75,Walking,True,3.9,0,0
1789904140012,105,160227,1,1680,-0.901,1,0.75,Walking,True,3.9,0,0
1789904140027,106,161735,1,1696,-0.901,1,0.75,Walking,True,3.9,0,0
1789904140027,106,161735,1,1696,-0.901,1,0.75,Walking,True,3.9,0,0
1789904140027,106,161735,1,1696,-0.901,1,0.75,Walking,True,3.9,0,0
1789904140027,106,161735,1,1696,-0.901,1,0.75,Walking,True,3.9,0,0
1789904140027,106,161735,1,1696,-0.901,1,0.75,Walking,True,3.9,0,0
1789904140027,106,161735,1,1696,-0.901,1,0.75,Walking,True,3.9,0,0
1789904140027,106,161735,1,1696,-0.901,1,0.75,Walking,True,3.9,0,0
1789904140027,106,161735,1,1696,-0.901,1,0.75,Walking,True,3.9,0,0
1789904140042,107,162992,1,1712,-0.901,1,0.75,Walking,True,3.9,0,0
1789904140042,107,162992,1,1712,-0.901,1,0.75,Walking,True,3.9,0,0
1789904140042,107,162992,1,1712,-0.901,1,0.75,Walking,True,3.9,0,0
1789904140042,107,162992,1,1712,-0.901,1,0.75,Walking,True,3.9,0,0
1789904140042,107,162992,1,1712,-0.901,1,0.75,Walking,True,3.9,0,0
1789904140042,107,162992,1,1712,-0.901,1,0.75,Walking,True,3.9,0,0
1789904140042,107,162992,1,1712,-0.901,1,0.75,Walking,True,3.9,0,0
1789904140042,107,162992,1,1712,-0.901,1,0.75,Walking,True,3.9,0,0
1789904140058,108,164425,1,1728,-0.901,1,0.75,Walking,True,3.9,0,0
1789904140058,108,164425,1,1728,-0.901,1,0.75,Walking,True,3.9,0,0
1789904140058,108,164425,1,1728,-0.901,1,0.75,Walking,True,3.9,0,0
1789904140058,108,164425,1,1728,-0.901,1,0.75,Walking,True,3.9,0,0
1789904140058,108,164425,1,1728,-0.901,1,0.75,Walking,True,3.9,0,0
1789904140058,108,164425,1,1728,-0.901,1,0.75,Walking,True,3.9,0,0
1789904140058,108,164425,1,1728,-0.901,1,0.75,Walking,True,3.9,0,0
1789904140058,108,164425,1,1728,-0.901,1,0.75,Walking,True,3.9,0,0
1789904140089,109,165941,1,1744,-0.901,1,0.75,Walking,True,3.9,0,0
1789904140089,109,165941,1,1744,-0.901,1,0.75,Walking,True,3.9,0,0
1789904140089,109,165941,1,1744,-0.901,1,0.75,Walking,True,3.9,0,0
1789904140089,109,165941,1,1744,-0.901,1,0.75,Walking,True,3.9,0,0
1789904140089,109,165941,1,1744,-0.901,1,0.75,Walking,True,3.9,0,0
1789904140089,109,165941,1,1744,-0.901,1,0.75,Walking,True,3.9,0,0
1789904140089,109,165941,1,1744,-0.901,1,0.75,Walking,True,3.9,0,0
1789904140089,109,165941,1,1744,-0.901,1,0.75,Walking,True,3.9,0,0
1789904140105,110,169036,1,1760,-0.901,1,0.75,Walking,True,3.9,0,0
1789904140105,110,169036,1,1760,-0.901,1,0.75,Walking,True,3.9,0,0
1789904140105,110,169036,1,1760,-0.901,1,0.75,Walking,True,3.9,0,0
1789904140105,110,169036,1,1760,-0.901,1,0.75,Walking,True,3.9,0,0
1789904140105,110,169036,1,1760,-0.901,1,0.75,Walking,True,3.9,0,0
1789904140105,110,169036,1,1760,-0.901,1,0.75,Walking,True,3.9,0,0
1789904140105,110,169036,1,1760,-0.901,1,0.75,Walking,True,3.9,0,0
1789904140105,110,169036,1,1760,-0.901,1,0.75,Walking,True,3.9,0,0
1789904140120,111,170452,1,1776,-0.901,1,0.75,Walking,True,3.9,0,0
1789904140120,111,170452,1,1776,-0.901,1,0.75,Walking,True,3.9,0,0
1789904140120,111,170452,1,1776,-0.901,1,0.75,Walking,True,3.9,0,0
1789904140120,111,170452,1,1776,-0.901,1,0.75,Walking,True,3.9,0,0
1789904140120,111,170452,1,1776,-0.901,1,0.75,Walking,True,3.9,0,0
1789904140120,111,170452,1,1776,-0.901,1,0.75,Walking,True,3.9,0,0
1789904140120,111,170452,1,1776,-0.901,1,0.75,Walking,True,3.9,0,0
1789904140120,111,170452,1,1776,-0.901,1,0.75,Walking,True,3.9,0,0
1789904140136,112,171863,1,1792,-0.901,1,0.75,Walking,True,3.9,0,0
1789904140136,112,171863,1,1792,-0.901,1,0.75,Walking,True,3.9,0,0
1789904140136,112,171863,1,1792,-0.901,1,0.75,Walking,True,3.9,0,0
1789904140136,112,171863,1,1792,-0.901,1,0.75,Walking,True,3.9,0,0
1789904140136,112,171863,1,1792,-0.901,1,0.75,Walking,True,3.9,0,0
1789904140136,112,171863,1,1792,-0.901,1,0.75,Walking,True,3.9,0,0
1789904140136,112,171863,1,1792,-0.901,1,0.75,Walking,True,3.9,0,0
1789904140136,112,171863,1,1792,-0.901,1,0.75,Walking,True,3.9,0,0
1789904140152,113,173423,1,1808,-0.901,1,0.75,Walking,True,3.9,0,0
1789904140152,113,173423,1,1808,-0.901,1,0.75,Walking,True,3.9,0,0
1789904140152,113,173423,1,1808,-0.901,1,0.75,Walking,True,3.9,0,0
1789904140152,113,173423,1,1808,-0.901,1,0.75,Walking,True,3.9,0,0
1789904140152,113,173423,1,1808,-0.901,1,0.75,Walking,True,3.9,0,0
1789904140152,113,173423,1,1808,-0.901,1,0.75,Walking,True,3.9,0,0
1789904140152,113,173423,1,1808,-0.901,1,0.75,Walking,True,3.9,0,0
1789904140152,113,173423,1,1808,-0.901,1,0.75,Walking,True,3.9,0,0
1789904140168,114,174971,1,1824,-0.901,1,0.75,Walking,True,3.9,0,0
1789904140168,114,174971,1,1824,-0.901,1,0.75,Walking,True,3.9,0,0
1789904140168,114,174971,1,1824,-0.901,1,0.75,Walking,True,3.9,0,0
1789904140168,114,174971,1,1824,-0.901,1,0.75,Walking,True,3.9,0,0
1789904140168,114,174971,1,1824,-0.901,1,0.75,Walking,True,3.9,0,0
1789904140168,114,174971,1,1824,-0.901,1,0.75,Walking,True,3.9,0,0
1789904140168,114,174971,1,1824,-0.901,1,0.75,Walking,True,3.9,0,0
1789904140168,114,174971,1,1824,-0.901,1,0.75,Walking,True,3.9,0,0
1789904140183,115,176552,1,1840,-0.901,1,0.75,Walking,True,3.9,0,0
1789904140183,115,176552,1,1840,-0.901,1,0.75,Walking,True,3.9,0,0
1789904140183,115,176552,1,1840,-0.901,1,0.75,Walking,True,3.9,0,0
1789904140183,115,176552,1,1840,-0.901,1,0.75,Walking,True,3.9,0,0
1789904140183,115,176552,1,1840,-0.901,1,0.75,Walking,True,3.9,0,0
1789904140183,115,176552,1,1840,-0.901,1,0.75,Walking,True,3.9,0,0
1789904140183,115,176552,1,1840,-0.901,1,0.75,Walking,True,3.9,0,0
1789904140183,115,176552,1,1840,-0.901,1,0.75,Walking,True,3.9,0,0
1789904140199,116,178046,1,1856,-0.901,1,0.75,Walking,True,3.9,0,0
1789904140199,116,178046,1,1856,-0.901,1,0.75,Walking,True,3.9,0,0
1789904140199,116,178046,1,1856,-0.901,1,0.75,Walking,True,3.9,0,0
1789904140199,116,178046,1,1856,-0.901,1,0.75,Walking,True,3.9,0,0
1789904140199,116,178046,1,1856,-0.901,1,0.75,Walking,True,3.9,0,0
1789904140199,116,178046,1,1856,-0.901,1,0.75,Walking,True,3.9,0,0
1789904140199,116,178046,1,1856,-0.901,1,0.75,Walking,True,3.9,0,0
1789904140199,116,178046,1,1856,-0.901,1,0.75,Walking,True,3.9,0,0
1789904140214,117,179660,1,1872,-0.901,1,0.75,Walking,True,3.9,0,0
1789904140214,117,179660,1,1872,-0.901,1,0.75,Walking,True,3.9,0,0
1789904140214,117,179660,1,1872,-0.901,1,0.75,Walking,True,3.9,0,0
1789904140214,117,179660,1,1872,-0.901,1,0.75,Walking,True,3.9,0,0
1789904140214,117,179660,1,1872,-0.901,1,0.75,Walking,True,3.9,0,0
1789904140214,117,179660,1,1872,-0.901,1,0.75,Walking,True,3.9,0,0
1789904140214,117,179660,1,1872,-0.901,1,0.75,Walking,True,3.9,0,0
1789904140214,117,179660,1,1872,-0.901,1,0.75,Walking,True,3.9,0,0
1789904140230,118,181220,1,1888,-0.901,1,0.75,Walking,True,3.9,0,0
1789904140230,118,181220,1,1888,-0.901,1,0.75,Walking,True,3.9,0,0
1789904140230,118,181220,1,1888,-0.901,1,0.75,Walking,True,3.9,0,0
1789904140230,118,181220,1,1888,-0.901,1,0.75,Walking,True,3.9,0,0
1789904140230,118,181220,1,1888,-0.901,1,0.75,Walking,True,3.9,0,0
1789904140230,118,181220,1,1888,-0.901,1,0.75,Walking,True,3.9,0,0
1789904140230,118,181220,1,1888,-0.901,1,0.75,Walking,True,3.9,0,0
1789904140230,118,181220,1,1888,-0.901,1,0.75,Walking,True,3.9,0,0
1789904140246,119,182747,1,1904,-0.901,1,0.75,Walking,True,3.9,0,0
1789904140246,119,182747,1,1904,-0.901,1,0.75,Walking,True,3.9,0,0
1789904140246,119,182747,1,1904,-0.901,1,0.75,Walking,True,3.9,0,0
1789904140246,119,182747,1,1904,-0.901,1,0.75,Walking,True,3.9,0,0
1789904140246,119,182747,1,1904,-0.901,1,0.75,Walking,True,3.9,0,0
1789904140246,119,182747,1,1904,-0.901,1,0.75,Walking,True,3.9,0,0
1789904140246,119,182747,1,1904,-0.901,1,0.75,Walking,True,3.9,0,0
1789904140246,119,182747,1,1904,-0.901,1,0.75,Walking,True,3.9,0,0
1789904140261,120,184400,1,1920,-0.901,1,0.75,Walking,True,3.9,0,0
1789904140261,120,184400,1,1920,-0.901,1,0.75,Walking,True,3.9,0,0
1789904140261,120,184400,1,1920,-0.901,1,0.75,Walking,True,3.9,0,0
1789904140261,120,184400,1,1920,-0.901,1,0.75,Walking,True,3.9,0,0
1789904140261,120,184400,1,1920,-0.901,1,0.75,Walking,True,3.9,0,0
1789904140261,120,184400,1,1920,-0.901,1,0.75,Walking,True,3.9,0,0
1789904140261,120,184400,1,1920,-0.901,1,0.75,Walking,True,3.9,0,0
1789904140261,120,184400,1,1920,-0.901,1,0.75,Walking,True,3.9,0,0
1789904140276,121,185892,1,1936,-0.901,1,0.75,Walking,True,3.9,0,0
1789904140276,121,185892,1,1936,-0.901,1,0.75,Walking,True,3.9,0,0
1789904140276,121,185892,1,1936,-0.901,1,0.75,Walking,True,3.9,0,0
1789904140276,121,185892,1,1936,-0.901,1,0.75,Walking,True,3.9,0,0
1789904140276,121,185892,1,1936,-0.901,1,0.75,Walking,True,3.9,0,0
1789904140276,121,185892,1,1936,-0.901,1,0.75,Walking,True,3.9,0,0
1789904140276,121,185892,1,1936,-0.901,1,0.75,Walking,True,3.9,0,0
1789904140276,121,185892,1,1936,-0.901,1,0.75,Walking,True,3.9,0,0
1789904140292,122,187417,1,1952,-0.901,1,0.75,Walking,True,3.9,0,0
1789904140292,122,187417,1,1952,-0.901,1,0.75,Walking,True,3.9,0,0
1789904140292,122,187417,1,1952,-0.901,1,0.75,Walking,True,3.9,0,0
1789904140292,122,187417,1,1952,-0.901,1,0.75,Walking,True,3.9,0,0
1789904140292,122,187417,1,1952,-0.901,1,0.75,Walking,True,3.9,0,0
1789904140292,122,187417,1,1952,-0.901,1,0.75,Walking,True,3.9,0,0
1789904140292,122,187417,1,1952,-0.901,1,0.75,Walking,True,3.9,0,0
1789904140292,122,187417,1,1952,-0.901,1,0.75,Walking,True,3.9,0,0
1789904140307,123,188980,1,1968,-0.901,1,0.75,Walking,True,3.9,0,0
1789904140307,123,188980,1,1968,-0.901,1,0.75,Walking,True,3.9,0,0
1789904140307,123,188980,1,1968,-0.901,1,0.75,Walking,True,3.9,0,0
1789904140307,123,188980,1,1968,-0.901,1,0.75,Walking,True,3.9,0,0
1789904140307,123,188980,1,1968,-0.901,1,0.75,Walking,True,3.9,0,0
1789904140307,123,188980,1,1968,-0.901,1,0.75,Walking,True,3.9,0,0
1789904140307,123,188980,1,1968,-0.901,1,0.75,Walking,True,3.9,0,0
1789904140307,123,188980,1,1968,-0.901,1,0.75,Walking,True,3.9,0,0
1789904140324,124,190609,1,1984,-0.901,1,0.75,Walking,True,3.9,0,0
1789904140324,124,190609,1,1984,-0.901,1,0.75,Walking,True,3.9,0,0
1789904140324,124,190609,1,1984,-0.901,1,0.75,Walking,True,3.9,0,0
1789904140324,124,190609,1,1984,-0.901,1,0.75,Walking,True,3.9,0,0
1789904140324,124,190609,1,1984,-0.901,1,0.75,Walking,True,3.9,0,0
1789904140324,124,190609,1,1984,-0.901,1,0.75,Walking,True,3.9,0,0
1789904140324,124,190609,1,1984,-0.901,1,0.75,Walking,True,3.9,0,0
1789904140324,124,190609,1,1984,-0.901,1,0.75,Walking,True,3.9,0,0
1789904140339,125,192247,1,2000,-0.901,1,0.75,Walking,True,3.9,0,0
1789904140339,125,192247,1,2000,-0.901,1,0.75,Walking,True,3.9,0,0
1789904140339,125,192247,1,2000,-0.901,1,0.75,Walking,True,3.9,0,0
1789904140339,125,192247,1,2000,-0.901,1,0.75,Walking,True,3.9,0,0
1789904140339,125,192247,1,2000,-0.901,1,0.75,Walking,True,3.9,0,0
1789904140339,125,192247,1,2000,-0.901,1,0.75,Walking,True,3.9,0,0
1789904140339,125,192247,1,2000,-0.901,1,0.75,Walking,True,3.9,0,0
1789904140339,125,192247,1,2000,-0.901,1,0.75,Walking,True,3.9,0,0
1789904140354,126,193705,1,2016,-0.901,1,0.75,Walking,True,3.9,0,0
1789904140354,126,193705,1,2016,-0.901,1,0.75,Walking,True,3.9,0,0
1789904140354,126,193705,1,2016,-0.901,1,0.75,Walking,True,3.9,0,0
1789904140354,126,193705,1,2016,-0.901,1,0.75,Walking,True,3.9,0,0
1789904140354,126,193705,1,2016,-0.901,1,0.75,Walking,True,3.9,0,0
1789904140354,126,193705,1,2016,-0.901,1,0.75,Walking,True,3.9,0,0
1789904140354,126,193705,1,2016,-0.901,1,0.75,Walking,True,3.9,0,0
1789904140354,126,193705,1,2016,-0.901,1,0.75,Walking,True,3.9,0,0
1789904140370,127,195262,1,2032,-0.901,1,0.75,Walking,True,3.9,0,0
1789904140370,127,195262,1,2032,-0.901,1,0.75,Walking,True,3.9,0,0
1789904140370,127,195262,1,2032,-0.901,1,0.75,Walking,True,3.9,0,0
1789904140370,127,195262,1,2032,-0.901,1,0.75,Walking,True,3.9,0,0
1789904140370,127,195262,1,2032,-0.901,1,0.75,Walking,True,3.9,0,0
1789904140370,127,195262,1,2032,-0.901,1,0.75,Walking,True,3.9,0,0
1789904140370,127,195262,1,2032,-0.901,1,0.75,Walking,True,3.9,0,0
1789904140370,127,195262,1,2032,-0.901,1,0.75,Walking,True,3.9,0,0
1789904140385,128,196857,1,2048,-0.901,1,0.75,Walking,True,3.9,0,0
1789904140385,128,196857,1,2048,-0.901,1,0.75,Walking,True,3.9,0,0
1789904140385,128,196857,1,2048,-0.901,1,0.75,Walking,True,3.9,0,0
1789904140385,128,196857,1,2048,-0.901,1,0.75,Walking,True,3.9,0,0
1789904140385,128,196857,1,2048,-0.901,1,0.75,Walking,True,3.9,0,0
1789904140385,128,196857,1,2048,-0.901,1,0.75,Walking,True,3.9,0,0
1789904140386,128,196857,1,2048,-0.901,1,0.75,Walking,True,3.9,0,0
1789904140386,128,196857,1,2048,-0.901,1,0.75,Walking,True,3.9,0,0
1789904140401,129,198481,1,2064,-0.901,1,0.75,Walking,True,3.9,0,0
1789904140401,129,198481,1,2064,-0.901,1,0.75,Walking,True,3.9,0,0
1789904140401,129,198481,1,2064,-0.901,1,0.75,Walking,True,3.9,0,0
1789904140401,129,198481,1,2064,-0.901,1,0.75,Walking,True,3.9,0,0
1789904140401,129,198481,1,2064,-0.901,1,0.75,Walking,True,3.9,0,0
1789904140401,129,198481,1,2064,-0.901,1,0.75,Walking,True,3.9,0,0
1789904140401,129,198481,1,2064,-0.901,1,0.75,Walking,True,3.9,0,0
1789904140401,129,198481,1,2064,-0.901,1,0.75,Walking,True,3.9,0,0
1789904140417,130,200025,1,2080,-0.901,1,0.75,Walking,True,3.9,0,0
1789904140417,130,200025,1,2080,-0.901,1,0.75,Walking,True,3.9,0,0
1789904140417,130,200025,1,2080,-0.901,1,0.75,Walking,True,3.9,0,0
1789904140417,130,200025,1,2080,-0.901,1,0.75,Walking,True,3.9,0,0
1789904140417,130,200025,1,2080,-0.901,1,0.75,Walking,True,3.9,0,0
1789904140417,130,200025,1,2080,-0.901,1,0.75,Walking,True,3.9,0,0
1789904140417,130,200025,1,2080,-0.901,1,0.75,Walking,True,3.9,0,0
1789904140417,130,200025,1,2080,-0.901,1,0.75,Walking,True,3.9,0,0
1789904140432,131,201660,1,2096,-0.901,1,0.75,Walking,True,3.9,0,0
1789904140432,131,201660,1,2096,-0.901,1,0.75,Walking,True,3.9,0,0
1789904140433,131,201660,1,2096,-0.901,1,0.75,Walking,True,3.9,0,0
1789904140433,131,201660,1,2096,-0.901,1,0.75,Walking,True,3.9,0,0
1789904140433,131,201660,1,2096,-0.901,1,0.75,Walking,True,3.9,0,0
1789904140433,131,201660,1,2096,-0.901,1,0.75,Walking,True,3.9,0,0
1789904140433,131,201660,1,2096,-0.901,1,0.75,Walking,True,3.9,0,0
1789904140433,131,201660,1,2096,-0.901,1,0.75,Walking,True,3.9,0,0
1789904140448,132,203193,1,2112,-0.901,1,0.75,Walking,True,3.9,0,0
1789904140448,132,203193,1,2112,-0.901,1,0.75,Walking,True,3.9,0,0
1789904140448,132,203193,1,2112,-0.901,1,0.75,Walking,True,3.9,0,0
1789904140448,132,203193,1,2112,-0.901,1,0.75,Walking,True,3.9,0,0
1789904140448,132,203193,1,2112,-0.901,1,0.75,Walking,True,3.9,0,0
1789904140448,132,203193,1,2112,-0.901,1,0.75,Walking,True,3.9,0,0
1789904140448,132,203193,1,2112,-0.901,1,0.75,Walking,True,3.9,0,0
1789904140448,132,203193,1,2112,-0.901,1,0.75,Walking,True,3.9,0,0
1789904140464,133,204722,1,2128,-0.901,1,0.75,Walking,True,3.9,0,0
1789904140464,133,204722,1,2128,-0.901,1,0.75,Walking,True,3.9,0,0
1789904140464,133,204722,1,2128,-0.901,1,0.75,Walking,True,3.9,0,0
1789904140464,133,204722,1,2128,-0.901,1,0.75,Walking,True,3.9,0,0
1789904140464,133,204722,1,2128,-0.901,1,0.75,Walking,True,3.9,0,0
1789904140464,133,204722,1,2128,-0.901,1,0.75,Walking,True,3.9,0,0
1789904140464,133,204722,1,2128,-0.901,1,0.75,Walking,True,3.9,0,0
1789904140464,133,204722,1,2128,-0.901,1,0.75,Walking,True,3.9,0,0
1789904140479,134,206372,1,2144,-0.901,1,0.75,Walking,True,3.9,0,0
1789904140479,134,206372,1,2144,-0.901,1,0.75,Walking,True,3.9,0,0
1789904140479,134,206372,1,2144,-0.901,1,0.75,Walking,True,3.9,0,0
1789904140479,134,206372,1,2144,-0.901,1,0.75,Walking,True,3.9,0,0
1789904140479,134,206372,1,2144,-0.901,1,0.75,Walking,True,3.9,0,0
1789904140479,134,206372,1,2144,-0.901,1,0.75,Walking,True,3.9,0,0
1789904140479,134,206372,1,2144,-0.901,1,0.75,Walking,True,3.9,0,0
1789904140479,134,206372,1,2144,-0.901,1,0.75,Walking,True,3.9,0,0
1789904140495,135,207801,1,2160,-0.901,1,0.75,Walking,True,3.9,0,0
1789904140495,135,207801,1,2160,-0.901,1,0.75,Walking,True,3.9,0,0
1789904140495,135,207801,1,2160,-0.901,1,0.75,Walking,True,3.9,0,0
1789904140495,135,207801,1,2160,-0.901,1,0.75,Walking,True,3.9,0,0
1789904140495,135,207801,1,2160,-0.901,1,0.75,Walking,True,3.9,0,0
1789904140495,135,207801,1,2160,-0.901,1,0.75,Walking,True,3.9,0,0
1789904140495,135,207801,1,2160,-0.901,1,0.75,Walking,True,3.9,0,0
1789904140495,135,207801,1,2160,-0.901,1,0.75,Walking,True,3.9,0,0
1789904140510,136,209314,1,2176,-0.901,1,0.75,Walking,True,3.9,0,0
1789904140510,136,209314,1,2176,-0.901,1,0.75,Walking,True,3.9,0,0
1789904140510,136,209314,1,2176,-0.901,1,0.75,Walking,True,3.9,0,0
1789904140510,136,209314,1,2176,-0.901,1,0.75,Walking,True,3.9,0,0
1789904140510,136,209314,1,2176,-0.901,1,0.75,Walking,True,3.9,0,0
1789904140510,136,209314,1,2176,-0.901,1,0.75,Walking,True,3.9,0,0
1789904140510,136,209314,1,2176,-0.901,1,0.75,Walking,True,3.9,0,0
1789904140510,136,209314,1,2176,-0.901,1,0.75,Walking,True,3.9,0,0
1789904140525,137,210821,1,2192,-0.901,1,0.75,Walking,True,3.9,0,0
1789904140525,137,210821,1,2192,-0.901,1,0.75,Walking,True,3.9,0,0
1789904140525,137,210821,1,2192,-0.901,1,0.75,Walking,True,3.9,0,0
1789904140525,137,210821,1,2192,-0.901,1,0.75,Walking,True,3.9,0,0
1789904140525,137,210821,1,2192,-0.901,1,0.75,Walking,True,3.9,0,0
1789904140525,137,210821,1,2192,-0.901,1,0.75,Walking,True,3.9,0,0
1789904140525,137,210821,1,2192,-0.901,1,0.75,Walking,True,3.9,0,0
1789904140525,137,210821,1,2192,-0.901,1,0.75,Walking,True,3.9,0,0
1789904140541,138,212179,1,2208,-0.901,1,0.75,Walking,True,3.9,0,0
1789904140541,138,212179,1,2208,-0.901,1,0.75,Walking,True,3.9,0,0
1789904140541,138,212179,1,2208,-0.901,1,0.75,Walking,True,3.9,0,0
1789904140541,138,212179,1,2208,-0.901,1,0.75,Walking,True,3.9,0,0
1789904140541,138,212179,1,2208,-0.901,1,0.75,Walking,True,3.9,0,0
1789904140541,138,212179,1,2208,-0.901,1,0.75,Walking,True,3.9,0,0
1789904140541,138,212179,1,2208,-0.901,1,0.75,Walking,True,3.9,0,0
1789904140541,138,212179,1,2208,-0.901,1,0.75,Walking,True,3.9,0,0
1789904140557,139,213704,1,2224,-0.901,1,0.75,Walking,True,3.9,0,0
1789904140557,139,213704,1,2224,-0.901,1,0.75,Walking,True,3.9,0,0
1789904140557,139,213704,1,2224,-0.901,1,0.75,Walking,True,3.9,0,0
1789904140557,139,213704,1,2224,-0.901,1,0.75,Walking,True,3.9,0,0
1789904140557,139,213704,1,2224,-0.901,1,0.75,Walking,True,3.9,0,0
1789904140557,139,213704,1,2224,-0.901,1,0.75,Walking,True,3.9,0,0
1789904140557,139,213704,1,2224,-0.901,1,0.75,Walking,True,3.9,0,0
1789904140557,139,213704,1,2224,-0.901,1,0.75,Walking,True,3.9,0,0
1789904140573,140,215162,1,2240,-0.901,1,0.75,Walking,True,3.9,0,0
1789904140573,140,215162,1,2240,-0.901,1,0.75,Walking,True,3.9,0,0
1789904140573,140,215162,1,2240,-0.901,1,0.75,Walking,True,3.9,0,0
1789904140573,140,215162,1,2240,-0.901,1,0.75,Walking,True,3.9,0,0
1789904140573,140,215162,1,2240,-0.901,1,0.75,Walking,True,3.9,0,0
1789904140573,140,215162,1,2240,-0.901,1,0.75,Walking,True,3.9,0,0
1789904140573,140,215162,1,2240,-0.901,1,0.75,Walking,True,3.9,0,0
1789904140573,140,215162,1,2240,-0.901,1,0.75,Walking,True,3.9,0,0
1789904140589,141,216729,1,2256,-0.901,1,0.75,Walking,True,3.9,0,0
1789904140589,141,216729,1,2256,-0.901,1,0.75,Walking,True,3.9,0,0
1789904140589,141,216729,1,2256,-0.901,1,0.75,Walking,True,3.9,0,0
1789904140589,141,216729,1,2256,-0.901,1,0.75,Walking,True,3.9,0,0
1789904140589,141,216729,1,2256,-0.901,1,0.75,Walking,True,3.9,0,0
1789904140589,141,216729,1,2256,-0.901,1,0.75,Walking,True,3.9,0,0
1789904140589,141,216729,1,2256,-0.901,1,0.75,Walking,True,3.9,0,0
1789904140589,141,216729,1,2256,-0.901,1,0.75,Walking,True,3.9,0,0
1789904140604,142,218321,1,2272,-0.901,1,0.75,Walking,True,3.9,0,0
1789904140604,142,218321,1,2272,-0.901,1,0.75,Walking,True,3.9,0,0
1789904140604,142,218321,1,2272,-0.901,1,0.75,Walking,True,3.9,0,0
1789904140604,142,218321,1,2272,-0.901,1,0.75,Walking,True,3.9,0,0
1789904140604,142,218321,1,2272,-0.901,1,0.75,Walking,True,3.9,0,0
1789904140604,142,218321,1,2272,-0.901,1,0.75,Walking,True,3.9,0,0
1789904140604,142,218321,1,2272,-0.901,1,0.75,Walking,True,3.9,0,0
1789904140604,142,218321,1,2272,-0.901,1,0.75,Walking,True,3.9,0,0
1789904140619,143,219867,1,2288,-0.901,1,0.75,Walking,True,3.9,0,0
1789904140619,143,219867,1,2288,-0.901,1,0.75,Walking,True,3.9,0,0
1789904140619,143,219867,1,2288,-0.901,1,0.75,Walking,True,3.9,0,0
1789904140619,143,219867,1,2288,-0.901,1,0.75,Walking,True,3.9,0,0
1789904140619,143,219867,1,2288,-0.901,1,0.75,Walking,True,3.9,0,0
1789904140619,143,219867,1,2288,-0.901,1,0.75,Walking,True,3.9,0,0
1789904140619,143,219867,1,2288,-0.901,1,0.75,Walking,True,3.9,0,0
1789904140619,143,219867,1,2288,-0.901,1,0.75,Walking,True,3.9,0,0
1789904140635,144,221397,1,2304,-0.901,1,0.75,Walking,True,3.9,0,0
1789904140635,144,221397,1,2304,-0.901,1,0.75,Walking,True,3.9,0,0
1789904140635,144,221397,1,2304,-0.901,1,0.75,Walking,True,3.9,0,0
1789904140635,144,221397,1,2304,-0.901,1,0.75,Walking,True,3.9,0,0
1789904140635,144,221397,1,2304,-0.901,1,0.75,Walking,True,3.9,0,0
1789904140635,144,221397,1,2304,-0.901,1,0.75,Walking,True,3.9,0,0
1789904140635,144,221397,1,2304,-0.901,1,0.75,Walking,True,3.9,0,0
1789904140635,144,221397,1,2304,-0.901,1,0.75,Walking,True,3.9,0,0
1789904140650,145,222924,1,2320,-0.901,1,0.75,Walking,True,3.9,0,0
1789904140650,145,222924,1,2320,-0.901,1,0.75,Walking,True,3.9,0,0
1789904140650,145,222924,1,2320,-0.901,1,0.75,Walking,True,3.9,0,0
1789904140651,145,222924,1,2320,-0.901,1,0.75,Walking,True,3.9,0,0
1789904140651,145,222924,1,2320,-0.901,1,0.75,Walking,True,3.9,0,0
1789904140651,145,222924,1,2320,-0.901,1,0.75,Walking,True,3.9,0,0
1789904140651,145,222924,1,2320,-0.901,1,0.75,Walking,True,3.9,0,0
1789904140651,145,222924,1,2320,-0.901,1,0.75,Walking,True,3.9,0,0
1789904140667,146,224486,1,2336,-0.901,1,0.75,Walking,True,3.9,0,0
1789904140667,146,224486,1,2336,-0.901,1,0.75,Walking,True,3.9,0,0
1789904140667,146,224486,1,2336,-0.901,1,0.75,Walking,True,3.9,0,0
1789904140667,146,224486,1,2336,-0.901,1,0.75,Walking,True,3.9,0,0
1789904140667,146,224486,1,2336,-0.901,1,0.75,Walking,True,3.9,0,0
1789904140667,146,224486,1,2336,-0.901,1,0.75,Walking,True,3.9,0,0
1789904140667,146,224486,1,2336,-0.901,1,0.75,Walking,True,3.9,0,0
1789904140667,146,224486,1,2336,-0.901,1,0.75,Walking,True,3.9,0,0
1789904140682,147,226119,1,2352,-0.901,1,0.75,Walking,True,3.9,0,0
1789904140682,147,226119,1,2352,-0.901,1,0.75,Walking,True,3.9,0,0
1789904140682,147,226119,1,2352,-0.901,1,0.75,Walking,True,3.9,0,0
1789904140682,147,226119,1,2352,-0.901,1,0.75,Walking,True,3.9,0,0
1789904140682,147,226119,1,2352,-0.901,1,0.75,Walking,True,3.9,0,0
1789904140682,147,226119,1,2352,-0.901,1,0.75,Walking,True,3.9,0,0
1789904140682,147,226119,1,2352,-0.901,1,0.75,Walking,True,3.9,0,0
1789904140682,147,226119,1,2352,-0.901,1,0.75,Walking,True,3.9,0,0
1789904140698,148,227590,1,2368,-0.901,1,0.75,Walking,True,3.9,0,0
1789904140698,148,227590,1,2368,-0.901,1,0.75,Walking,True,3.9,0,0
1789904140698,148,227590,1,2368,-0.901,1,0.75,Walking,True,3.9,0,0
1789904140698,148,227590,1,2368,-0.901,1,0.75,Walking,True,3.9,0,0
1789904140698,148,227590,1,2368,-0.901,1,0.75,Walking,True,3.9,0,0
1789904140698,148,227590,1,2368,-0.901,1,0.75,Walking,True,3.9,0,0
1789904140698,148,227590,1,2368,-0.901,1,0.75,Walking,True,3.9,0,0
1789904140698,148,227590,1,2368,-0.901,1,0.75,Walking,True,3.9,0,0
1789904140729,149,229108,1,2384,-0.901,1,0.75,Walking,True,3.9,0,0
1789904140729,149,229108,1,2384,-0.901,1,0.75,Walking,True,3.9,0,0
1789904140729,149,229108,1,2384,-0.901,1,0.75,Walking,True,3.9,0,0
1789904140729,149,229108,1,2384,-0.901,1,0.75,Walking,True,3.9,0,0
1789904140729,149,229108,1,2384,-0.901,1,0.75,Walking,True,3.9,0,0
1789904140729,149,229108,1,2384,-0.901,1,0.75,Walking,True,3.9,0,0
1789904140729,149,229108,1,2384,-0.901,1,0.75,Walking,True,3.9,0,0
1789904140729,149,229108,1,2384,-0.901,1,0.75,Walking,True,3.9,0,0
1789904140745,150,232191,1,2400,-0.901,1,0.75,Walking,True,3.9,0,0
1789904140745,150,232191,1,2400,-0.901,1,0.75,Walking,True,3.9,0,0
1789904140745,150,232191,1,2400,-0.901,1,0.75,Walking,True,3.9,0,0
1789904140745,150,232191,1,2400,-0.901,1,0.75,Walking,True,3.9,0,0
1789904140745,150,232191,1,2400,-0.901,1,0.75,Walking,True,3.9,0,0
1789904140745,150,232191,1,2400,-0.901,1,0.75,Walking,True,3.9,0,0
1789904140745,150,232191,1,2400,-0.901,1,0.75,Walking,True,3.9,0,0
1789904140745,150,232191,1,2400,-0.901,1,0.75,Walking,True,3.9,0,0
1789904140761,151,233729,1,2416,-0.901,1,0.75,Walking,True,3.58,0,0
1789904140761,151,233729,1,2416,-0.901,1,0.75,Walking,True,3.58,0,0
1789904140761,151,233729,1,2416,-0.901,1,0.75,Walking,True,3.58,0,0
1789904140761,151,233729,1,2416,-0.901,1,0.75,Walking,True,3.58,0,0
1789904140761,151,233729,1,2416,-0.901,1,0.75,Walking,True,3.58,0,0
1789904140761,151,233729,1,2416,-0.901,1,0.75,Walking,True,3.58,0,0
1789904140761,151,233729,1,2416,-0.901,1,0.75,Walking,True,3.58,0,0
1789904140761,151,233729,1,2416,-0.901,1,0.75,Walking,True,3.58,0,0
1789904140792,152,235383,1,2432,-0.901,1,0.75,Walking,True,3.26,0,0
1789904140792,152,235383,1,2432,-0.901,1,0.75,Walking,True,3.26,0,0
1789904140792,152,235383,1,2432,-0.901,1,0.75,Walking,True,3.26,0,0
1789904140792,152,235383,1,2432,-0.901,1,0.75,Walking,True,3.26,0,0
1789904140792,152,235383,1,2432,-0.901,1,0.75,Walking,True,3.26,0,0
1789904140792,152,235383,1,2432,-0.901,1,0.75,Walking,True,3.26,0,0
1789904140792,152,235383,1,2432,-0.901,1,0.75,Walking,True,3.26,0,0
1789904140792,152,235383,1,2432,-0.901,1,0.75,Walking,True,3.26,0,0
1789904140809,153,238600,1,2448,-0.901,1,0.75,Walking,True,2.94,0,0
1789904140809,153,238600,1,2448,-0.901,1,0.75,Walking,True,2.94,0,0
1789904140809,153,238600,1,2448,-0.901,1,0.75,Walking,True,2.94,0,0
1789904140809,153,238600,1,2448,-0.901,1,0.75,Walking,True,2.94,0,0
1789904140809,153,238600,1,2448,-0.901,1,0.75,Walking,True,2.94,0,0
1789904140809,153,238600,1,2448,-0.901,1,0.75,Walking,True,2.94,0,0
1789904140809,153,238600,1,2448,-0.901,1,0.75,Walking,True,2.94,0,0
1789904140809,153,238600,1,2448,-0.901,1,0.75,Walking,True,2.94,0,0
1789904140840,155,240139,1,2480,-0.901,1,0.75,Walking,True,2.3,0,0
1789904140840,155,240139,1,2480,-0.901,1,0.75,Walking,True,2.3,0,0
1789904140840,155,240139,1,2480,-0.901,1,0.75,Walking,True,2.3,0,0
1789904140840,155,240139,1,2480,-0.901,1,0.75,Walking,True,2.3,0,0
1789904140840,155,240139,1,2480,-0.901,1,0.75,Walking,True,2.3,0,0
1789904140840,155,240139,1,2480,-0.901,1,0.75,Walking,True,2.3,0,0
1789904140840,155,240139,1,2480,-0.901,1,0.75,Walking,True,2.3,0,0
1789904140840,155,240139,1,2480,-0.901,1,0.75,Walking,True,2.3,0,0
1789904140856,156,243229,1,2496,-0.901,1,0.75,Walking,True,1.98,0,0
1789904140856,156,243229,1,2496,-0.901,1,0.75,Walking,True,1.98,0,0
1789904140856,156,243229,1,2496,-0.901,1,0.75,Walking,True,1.98,0,0
1789904140856,156,243229,1,2496,-0.901,1,0.75,Walking,True,1.98,0,0
1789904140856,156,243229,1,2496,-0.901,1,0.75,Walking,True,1.98,0,0
1789904140856,156,243229,1,2496,-0.901,1,0.75,Walking,True,1.98,0,0
1789904140856,156,243229,1,2496,-0.901,1,0.75,Walking,True,1.98,0,0
1789904140856,156,243229,1,2496,-0.901,1,0.75,Walking,True,1.98,0,0
1789904140871,157,244819,1,2512,-0.901,1,0.75,Walking,True,1.66,0,0
1789904140871,157,244819,1,2512,-0.901,1,0.75,Walking,True,1.66,0,0
1789904140871,157,244819,1,2512,-0.901,1,0.75,Walking,True,1.66,0,0
1789904140871,157,244819,1,2512,-0.901,1,0.75,Walking,True,1.66,0,0
1789904140871,157,244819,1,2512,-0.901,1,0.75,Walking,True,1.66,0,0
1789904140871,157,244819,1,2512,-0.901,1,0.75,Walking,True,1.66,0,0
1789904140871,157,244819,1,2512,-0.901,1,0.75,Walking,True,1.66,0,0
1789904140871,157,244819,1,2512,-0.901,1,0.75,Walking,True,1.66,0,0
1789904140886,158,246344,1,2528,-0.901,1,0.75,Walking,True,1.34,0,0
1789904140886,158,246344,1,2528,-0.901,1,0.75,Walking,True,1.34,0,0
1789904140886,158,246344,1,2528,-0.901,1,0.75,Walking,True,1.34,0,0
1789904140886,158,246344,1,2528,-0.901,1,0.75,Walking,True,1.34,0,0
1789904140886,158,246344,1,2528,-0.901,1,0.75,Walking,True,1.34,0,0
1789904140886,158,246344,1,2528,-0.901,1,0.75,Walking,True,1.34,0,0
1789904140886,158,246344,1,2528,-0.901,1,0.75,Walking,True,1.34,0,0
1789904140886,158,246344,1,2528,-0.901,1,0.75,Walking,True,1.34,0,0
1789904140902,159,247893,1,2544,-0.901,1,0.75,Walking,True,1.02,0,0
1789904140902,159,247893,1,2544,-0.901,1,0.75,Walking,True,1.02,0,0
1789904140902,159,247893,1,2544,-0.901,1,0.75,Walking,True,1.02,0,0
1789904140902,159,247893,1,2544,-0.901,1,0.75,Walking,True,1.02,0,0
1789904140902,159,247893,1,2544,-0.901,1,0.75,Walking,True,1.02,0,0
1789904140902,159,247893,1,2544,-0.901,1,0.75,Walking,True,1.02,0,0
1789904140902,159,247893,1,2544,-0.901,1,0.75,Walking,True,1.02,0,0
1789904140902,159,247893,1,2544,-0.901,1,0.75,Walking,True,1.02,0,0
1789904140918,160,249444,1,2560,-0.901,1,0.75,Walking,True,0.7,0,0
1789904140918,160,249444,1,2560,-0.901,1,0.75,Walking,True,0.7,0,0
1789904140918,160,249444,1,2560,-0.901,1,0.75,Walking,True,0.7,0,0
1789904140918,160,249444,1,2560,-0.901,1,0.75,Walking,True,0.7,0,0
1789904140918,160,249444,1,2560,-0.901,1,0.75,Walking,True,0.7,0,0
1789904140918,160,249444,1,2560,-0.901,1,0.75,Walking,True,0.7,0,0
1789904140918,160,249444,1,2560,-0.901,1,0.75,Walking,True,0.7,0,0
1789904140918,160,249444,1,2560,-0.901,1,0.75,Walking,True,0.7,0,0
1789904140934,161,251036,1,2576,-0.901,1,0.75,Walking,True,0.38,0,0
1789904140934,161,251036,1,2576,-0.901,1,0.75,Walking,True,0.38,0,0
1789904140934,161,251036,1,2576,-0.901,1,0.75,Walking,True,0.38,0,0
1789904140934,161,251036,1,2576,-0.901,1,0.75,Walking,True,0.38,0,0
1789904140934,161,251036,1,2576,-0.901,1,0.75,Walking,True,0.38,0,0
1789904140934,161,251036,1,2576,-0.901,1,0.75,Walking,True,0.38,0,0
1789904140934,161,251036,1,2576,-0.901,1,0.75,Walking,True,0.38,0,0
1789904140934,161,251036,1,2576,-0.901,1,0.75,Walking,True,0.38,0,0
1789904140949,162,252624,1,2592,-0.901,1,0.75,Walking,True,0.06,0,0
1789904140949,162,252624,1,2592,-0.901,1,0.75,Walking,True,0.06,0,0
1789904140949,162,252624,1,2592,-0.901,1,0.75,Walking,True,0.06,0,0
1789904140949,162,252624,1,2592,-0.901,1,0.75,Walking,True,0.06,0,0
1789904140949,162,252624,1,2592,-0.901,1,0.75,Walking,True,0.06,0,0
1789904140949,162,252624,1,2592,-0.901,1,0.75,Walking,True,0.06,0,0
1789904140949,162,252624,1,2592,-0.901,1,0.75,Walking,True,0.06,0,0
1789904140949,162,252624,1,2592,-0.901,1,0.75,Walking,True,0.06,0,0
1789904140964,163,253965,1,2608,-0.901,1,0.75,Walking,True,0,0,0
1789904140964,163,253965,1,2608,-0.901,1,0.75,Walking,True,0,0,0
1789904140964,163,253965,1,2608,-0.901,1,0.75,Walking,True,0,0,0
1789904140964,163,253965,1,2608,-0.901,1,0.75,Walking,True,0,0,0
1789904140964,163,253965,1,2608,-0.901,1,0.75,Walking,True,0,0,0
1789904140964,163,253965,1,2608,-0.901,1,0.75,Walking,True,0,0,0
1789904140964,163,253965,1,2608,-0.901,1,0.75,Walking,True,0,0,0
1789904140964,163,253965,1,2608,-0.901,1,0.75,Walking,True,0,0,0
1789904140979,164,255481,1,2624,-0.901,1,0.75,Walking,True,0,0,0
1789904140980,164,255481,1,2624,-0.901,1,0.75,Walking,True,0,0,0
1789904140980,164,255481,1,2624,-0.901,1,0.75,Walking,True,0,0,0
1789904140980,164,255481,1,2624,-0.901,1,0.75,Walking,True,0,0,0
1789904140980,164,255481,1,2624,-0.901,1,0.75,Walking,True,0,0,0
1789904140980,164,255481,1,2624,-0.901,1,0.75,Walking,True,0,0,0
1789904140980,164,255481,1,2624,-0.901,1,0.75,Walking,True,0,0,0
1789904140980,164,255481,1,2624,-0.901,1,0.75,Walking,True,0,0,0
1789904140995,165,256863,1,2640,-0.901,1,0.75,Walking,True,0,0,0
1789904140995,165,256863,1,2640,-0.901,1,0.75,Walking,True,0,0,0
1789904140995,165,256863,1,2640,-0.901,1,0.75,Walking,True,0,0,0
1789904140995,165,256863,1,2640,-0.901,1,0.75,Walking,True,0,0,0
1789904140995,165,256863,1,2640,-0.901,1,0.75,Walking,True,0,0,0
1789904140995,165,256863,1,2640,-0.901,1,0.75,Walking,True,0,0,0
1789904140995,165,256863,1,2640,-0.901,1,0.75,Walking,True,0,0,0
1789904140995,165,256863,1,2640,-0.901,1,0.75,Walking,True,0,0,0
1789904141010,166,258347,1,2656,-0.901,1,0.75,Walking,True,0,0,0
1789904141011,166,258347,1,2656,-0.901,1,0.75,Walking,True,0,0,0
1789904141011,166,258347,1,2656,-0.901,1,0.75,Walking,True,0,0,0
1789904141011,166,258347,1,2656,-0.901,1,0.75,Walking,True,0,0,0
1789904141011,166,258347,1,2656,-0.901,1,0.75,Walking,True,0,0,0
1789904141011,166,258347,1,2656,-0.901,1,0.75,Walking,True,0,0,0
1789904141011,166,258347,1,2656,-0.901,1,0.75,Walking,True,0,0,0
1789904141011,166,258347,1,2656,-0.901,1,0.75,Walking,True,0,0,0
1789904141026,167,259952,1,2672,-0.901,1,0.75,Walking,True,0,0,0
1789904141026,167,259952,1,2672,-0.901,1,0.75,Walking,True,0,0,0
1789904141026,167,259952,1,2672,-0.901,1,0.75,Walking,True,0,0,0
1789904141026,167,259952,1,2672,-0.901,1,0.75,Walking,True,0,0,0
1789904141026,167,259952,1,2672,-0.901,1,0.75,Walking,True,0,0,0
1789904141026,167,259952,1,2672,-0.901,1,0.75,Walking,True,0,0,0
1789904141026,167,259952,1,2672,-0.901,1,0.75,Walking,True,0,0,0
1789904141026,167,259952,1,2672,-0.901,1,0.75,Walking,True,0,0,0
1789904141041,168,261509,1,2688,-0.901,1,0.75,Walking,True,0,0,0
1789904141041,168,261509,1,2688,-0.901,1,0.75,Walking,True,0,0,0
1789904141041,168,261509,1,2688,-0.901,1,0.75,Walking,True,0,0,0
1789904141041,168,261509,1,2688,-0.901,1,0.75,Walking,True,0,0,0
1789904141041,168,261509,1,2688,-0.901,1,0.75,Walking,True,0,0,0
1789904141041,168,261509,1,2688,-0.901,1,0.75,Walking,True,0,0,0
1789904141041,168,261509,1,2688,-0.901,1,0.75,Walking,True,0,0,0
1789904141041,168,261509,1,2688,-0.901,1,0.75,Walking,True,0,0,0
1789904141057,169,262998,1,2704,-0.901,1,0.75,Walking,True,0,0,0
1789904141057,169,262998,1,2704,-0.901,1,0.75,Walking,True,0,0,0
1789904141057,169,262998,1,2704,-0.901,1,0.75,Walking,True,0,0,0
1789904141057,169,262998,1,2704,-0.901,1,0.75,Walking,True,0,0,0
1789904141057,169,262998,1,2704,-0.901,1,0.75,Walking,True,0,0,0
1789904141057,169,262998,1,2704,-0.901,1,0.75,Walking,True,0,0,0
1789904141057,169,262998,1,2704,-0.901,1,0.75,Walking,True,0,0,0
1789904141057,169,262998,1,2704,-0.901,1,0.75,Walking,True,0,0,0
1789904141074,170,264547,1,2720,-0.901,1,0.75,Walking,True,0,0,0
1789904141074,170,264547,1,2720,-0.901,1,0.75,Walking,True,0,0,0
1789904141074,170,264547,1,2720,-0.901,1,0.75,Walking,True,0,0,0
1789904141074,170,264547,1,2720,-0.901,1,0.75,Walking,True,0,0,0
1789904141074,170,264547,1,2720,-0.901,1,0.75,Walking,True,0,0,0
1789904141074,170,264547,1,2720,-0.901,1,0.75,Walking,True,0,0,0
1789904141074,170,264547,1,2720,-0.901,1,0.75,Walking,True,0,0,0
1789904141074,170,264547,1,2720,-0.901,1,0.75,Walking,True,0,0,0
1789904141089,171,266259,1,2736,-0.901,1,0.75,Walking,True,0,0,0
1789904141089,171,266259,1,2736,-0.901,1,0.75,Walking,True,0,0,0
1789904141089,171,266259,1,2736,-0.901,1,0.75,Walking,True,0,0,0
1789904141089,171,266259,1,2736,-0.901,1,0.75,Walking,True,0,0,0
1789904141089,171,266259,1,2736,-0.901,1,0.75,Walking,True,0,0,0
1789904141089,171,266259,1,2736,-0.901,1,0.75,Walking,True,0,0,0
1789904141089,171,266259,1,2736,-0.901,1,0.75,Walking,True,0,0,0
1789904141089,171,266259,1,2736,-0.901,1,0.75,Walking,True,0,0,0
1789904141105,172,267815,1,2752,-0.901,1,0.75,Walking,True,0,0,0
1789904141105,172,267815,1,2752,-0.901,1,0.75,Walking,True,0,0,0
1789904141105,172,267815,1,2752,-0.901,1,0.75,Walking,True,0,0,0
1789904141105,172,267815,1,2752,-0.901,1,0.75,Walking,True,0,0,0
1789904141105,172,267815,1,2752,-0.901,1,0.75,Walking,True,0,0,0
1789904141105,172,267815,1,2752,-0.901,1,0.75,Walking,True,0,0,0
1789904141105,172,267815,1,2752,-0.901,1,0.75,Walking,True,0,0,0
1789904141105,172,267815,1,2752,-0.901,1,0.75,Walking,True,0,0,0
1789904141120,173,269354,1,2768,-0.901,1,0.75,Walking,True,0,0,0
1789904141120,173,269354,1,2768,-0.901,1,0.75,Walking,True,0,0,0
1789904141121,173,269354,1,2768,-0.901,1,0.75,Walking,True,0,0,0
1789904141121,173,269354,1,2768,-0.901,1,0.75,Walking,True,0,0,0
1789904141121,173,269354,1,2768,-0.901,1,0.75,Walking,True,0,0,0
1789904141121,173,269354,1,2768,-0.901,1,0.75,Walking,True,0,0,0
1789904141121,173,269354,1,2768,-0.901,1,0.75,Walking,True,0,0,0
1789904141121,173,269354,1,2768,-0.901,1,0.75,Walking,True,0,0,0
1789904141136,174,270911,1,2784,-0.901,1,0.75,Walking,True,0,0,0
1789904141136,174,270911,1,2784,-0.901,1,0.75,Walking,True,0,0,0
1789904141136,174,270911,1,2784,-0.901,1,0.75,Walking,True,0,0,0
1789904141136,174,270911,1,2784,-0.901,1,0.75,Walking,True,0,0,0
1789904141136,174,270911,1,2784,-0.901,1,0.75,Walking,True,0,0,0
1789904141136,174,270911,1,2784,-0.901,1,0.75,Walking,True,0,0,0
1789904141136,174,270911,1,2784,-0.901,1,0.75,Walking,True,0,0,0
1789904141136,174,270911,1,2784,-0.901,1,0.75,Walking,True,0,0,0
1789904141151,175,272476,1,2800,-0.901,1,0.75,Walking,True,0,0,0
1789904141151,175,272476,1,2800,-0.901,1,0.75,Walking,True,0,0,0
1789904141151,175,272476,1,2800,-0.901,1,0.75,Walking,True,0,0,0
1789904141151,175,272476,1,2800,-0.901,1,0.75,Walking,True,0,0,0
1789904141151,175,272476,1,2800,-0.901,1,0.75,Walking,True,0,0,0
1789904141151,175,272476,1,2800,-0.901,1,0.75,Walking,True,0,0,0
1789904141151,175,272476,1,2800,-0.901,1,0.75,Walking,True,0,0,0
1789904141151,175,272476,1,2800,-0.901,1,0.75,Walking,True,0,0,0
1789904141166,176,273992,1,2816,-0.901,1,0.75,Walking,True,0,0,0
1789904141166,176,273992,1,2816,-0.901,1,0.75,Walking,True,0,0,0
1789904141166,176,273992,1,2816,-0.901,1,0.75,Walking,True,0,0,0
1789904141166,176,273992,1,2816,-0.901,1,0.75,Walking,True,0,0,0
1789904141166,176,273992,1,2816,-0.901,1,0.75,Walking,True,0,0,0
1789904141166,176,273992,1,2816,-0.901,1,0.75,Walking,True,0,0,0
1789904141166,176,273992,1,2816,-0.901,1,0.75,Walking,True,0,0,0
1789904141166,176,273992,1,2816,-0.901,1,0.75,Walking,True,0,0,0
1789904141182,177,275405,1,2832,-0.901,1,0.75,Walking,True,0,0,0
1789904141182,177,275405,1,2832,-0.901,1,0.75,Walking,True,0,0,0
1789904141182,177,275405,1,2832,-0.901,1,0.75,Walking,True,0,0,0
1789904141182,177,275405,1,2832,-0.901,1,0.75,Walking,True,0,0,0
1789904141182,177,275405,1,2832,-0.901,1,0.75,Walking,True,0,0,0
1789904141182,177,275405,1,2832,-0.901,1,0.75,Walking,True,0,0,0
1789904141182,177,275405,1,2832,-0.901,1,0.75,Walking,True,0,0,0
1789904141182,177,275405,1,2832,-0.901,1,0.75,Walking,True,0,0,0
1789904141197,178,276938,1,2848,-0.901,1,0.75,Walking,True,0,0,0
1789904141197,178,276938,1,2848,-0.901,1,0.75,Walking,True,0,0,0
1789904141197,178,276938,1,2848,-0.901,1,0.75,Walking,True,0,0,0
1789904141197,178,276938,1,2848,-0.901,1,0.75,Walking,True,0,0,0
1789904141197,178,276938,1,2848,-0.901,1,0.75,Walking,True,0,0,0
1789904141197,178,276938,1,2848,-0.901,1,0.75,Walking,True,0,0,0
1789904141197,178,276938,1,2848,-0.901,1,0.75,Walking,True,0,0,0
1789904141197,178,276938,1,2848,-0.901,1,0.75,Walking,True,0,0,0
1789904141213,179,278463,1,2864,-0.901,1,0.75,Walking,True,0,0,0
1789904141213,179,278463,1,2864,-0.901,1,0.75,Walking,True,0,0,0
1789904141213,179,278463,1,2864,-0.901,1,0.75,Walking,True,0,0,0
1789904141213,179,278463,1,2864,-0.901,1,0.75,Walking,True,0,0,0
1789904141213,179,278463,1,2864,-0.901,1,0.75,Walking,True,0,0,0
1789904141213,179,278463,1,2864,-0.901,1,0.75,Walking,True,0,0,0
1789904141213,179,278463,1,2864,-0.901,1,0.75,Walking,True,0,0,0
1789904141213,179,278463,1,2864,-0.901,1,0.75,Walking,True,0,0,0
1789904141228,180,279966,1,2880,-0.901,1,0.75,Walking,True,0,0,0
1789904141228,180,279966,1,2880,-0.901,1,0.75,Walking,True,0,0,0
1789904141228,180,279966,1,2880,-0.901,1,0.75,Walking,True,0,0,0
1789904141228,180,279966,1,2880,-0.901,1,0.75,Walking,True,0,0,0
1789904141228,180,279966,1,2880,-0.901,1,0.75,Walking,True,0,0,0
1789904141228,180,279966,1,2880,-0.901,1,0.75,Walking,True,0,0,0
1789904141228,180,279966,1,2880,-0.901,1,0.75,Walking,True,0,0,0
1789904141228,180,279966,1,2880,-0.901,1,0.75,Walking,True,0,0,0
1789904141244,181,281474,1,2896,-0.901,1,0.75,Walking,True,0,0,0
1789904141244,181,281474,1,2896,-0.901,1,0.75,Walking,True,0,0,0
1789904141244,181,281474,1,2896,-0.901,1,0.75,Walking,True,0,0,0
1789904141244,181,281474,1,2896,-0.901,1,0.75,Walking,True,0,0,0
1789904141244,181,281474,1,2896,-0.901,1,0.75,Walking,True,0,0,0
1789904141244,181,281474,1,2896,-0.901,1,0.75,Walking,True,0,0,0
1789904141244,181,281474,1,2896,-0.901,1,0.75,Walking,True,0,0,0
1789904141244,181,281474,1,2896,-0.901,1,0.75,Walking,True,0,0,0
1789904141260,182,282949,1,2912,-0.901,1,0.75,Walking,True,0,0,0
1789904141260,182,282949,1,2912,-0.901,1,0.75,Walking,True,0,0,0
1789904141260,182,282949,1,2912,-0.901,1,0.75,Walking,True,0,0,0
1789904141260,182,282949,1,2912,-0.901,1,0.75,Walking,True,0,0,0
1789904141260,182,282949,1,2912,-0.901,1,0.75,Walking,True,0,0,0
1789904141260,182,282949,1,2912,-0.901,1,0.75,Walking,True,0,0,0
1789904141260,182,282949,1,2912,-0.901,1,0.75,Walking,True,0,0,0
1789904141260,182,282949,1,2912,-0.901,1,0.75,Walking,True,0,0,0
1789904141510,183,317564,1,2928,-0.90612,1,0.75,Walking,True,-0.32,0,0
1789904141510,183,317564,1,2928,-0.90612,1,0.75,Walking,True,-0.32,0,0
1789904141510,183,317564,1,2928,-0.90612,1,0.75,Walking,True,-0.32,0,0
1789904141510,183,317564,1,2928,-0.90612,1,0.75,Walking,True,-0.32,0,0
1789904141510,183,317564,1,2928,-0.90612,1,0.75,Walking,True,-0.32,0,0
1789904141510,183,317564,1,2928,-0.90612,1,0.75,Walking,True,-0.32,0,0
1789904141510,183,317564,1,2928,-0.90612,1,0.75,Walking,True,-0.32,0,0
1789904141510,183,317564,1,2928,-0.90612,1,0.75,Walking,True,-0.32,0,0
1789904141525,184,320586,1,2944,-0.91636,1,0.75,Walking,True,-0.64,0,0
1789904141525,184,320586,1,2944,-0.91636,1,0.75,Walking,True,-0.64,0,0
1789904141525,184,320586,1,2944,-0.91636,1,0.75,Walking,True,-0.64,0,0
1789904141525,184,320586,1,2944,-0.91636,1,0.75,Walking,True,-0.64,0,0
1789904141525,184,320586,1,2944,-0.91636,1,0.75,Walking,True,-0.64,0,0
1789904141525,184,320586,1,2944,-0.91636,1,0.75,Walking,True,-0.64,0,0
1789904141525,184,320586,1,2944,-0.91636,1,0.75,Walking,True,-0.64,0,0
1789904141525,184,320586,1,2944,-0.91636,1,0.75,Walking,True,-0.64,0,0
1789904141540,185,322020,1,2960,-0.93172,1,0.75,Walking,True,-0.96,0,0
1789904141540,185,322020,1,2960,-0.93172,1,0.75,Walking,True,-0.96,0,0
1789904141540,185,322020,1,2960,-0.93172,1,0.75,Walking,True,-0.96,0,0
1789904141540,185,322020,1,2960,-0.93172,1,0.75,Walking,True,-0.96,0,0
1789904141540,185,322020,1,2960,-0.93172,1,0.75,Walking,True,-0.96,0,0
1789904141540,185,322020,1,2960,-0.93172,1,0.75,Walking,True,-0.96,0,0
1789904141540,185,322020,1,2960,-0.93172,1,0.75,Walking,True,-0.96,0,0
1789904141540,185,322020,1,2960,-0.93172,1,0.75,Walking,True,-0.96,0,0
1789904141555,186,323390,1,2976,-0.9522,1,0.75,Walking,True,-1.28,0,0
1789904141555,186,323390,1,2976,-0.9522,1,0.75,Walking,True,-1.28,0,0
1789904141555,186,323390,1,2976,-0.9522,1,0.75,Walking,True,-1.28,0,0
1789904141555,186,323390,1,2976,-0.9522,1,0.75,Walking,True,-1.28,0,0
1789904141555,186,323390,1,2976,-0.9522,1,0.75,Walking,True,-1.28,0,0
1789904141555,186,323390,1,2976,-0.9522,1,0.75,Walking,True,-1.28,0,0
1789904141555,186,323390,1,2976,-0.9522,1,0.75,Walking,True,-1.28,0,0
1789904141555,186,323390,1,2976,-0.9522,1,0.75,Walking,True,-1.28,0,0
1789904141570,187,324655,1,2992,-0.9778,1,0.75,Walking,True,-1.6,0,0
1789904141570,187,324655,1,2992,-0.9778,1,0.75,Walking,True,-1.6,0,0
1789904141570,187,324655,1,2992,-0.9778,1,0.75,Walking,True,-1.6,0,0
1789904141570,187,324655,1,2992,-0.9778,1,0.75,Walking,True,-1.6,0,0
1789904141570,187,324655,1,2992,-0.9778,1,0.75,Walking,True,-1.6,0,0
1789904141570,187,324655,1,2992,-0.9778,1,0.75,Walking,True,-1.6,0,0
1789904141570,187,324655,1,2992,-0.9778,1,0.75,Walking,True,-1.6,0,0
1789904141570,187,324655,1,2992,-0.9778,1,0.75,Walking,True,-1.6,0,0
1789904141586,188,325980,1,3008,-1.00852,1,0.75,Walking,True,-1.92,0,0
1789904141586,188,325980,1,3008,-1.00852,1,0.75,Walking,True,-1.92,0,0
1789904141586,188,325980,1,3008,-1.00852,1,0.75,Walking,True,-1.92,0,0
1789904141586,188,325980,1,3008,-1.00852,1,0.75,Walking,True,-1.92,0,0
1789904141586,188,325980,1,3008,-1.00852,1,0.75,Walking,True,-1.92,0,0
1789904141586,188,325980,1,3008,-1.00852,1,0.75,Walking,True,-1.92,0,0
1789904141586,188,325980,1,3008,-1.00852,1,0.75,Walking,True,-1.92,0,0
1789904141586,188,325980,1,3008,-1.00852,1,0.75,Walking,True,-1.92,0,0
1789904141602,189,327538,1,3024,-1.04436,1,0.75,Walking,True,-2.24,0,0
1789904141602,189,327538,1,3024,-1.04436,1,0.75,Walking,True,-2.24,0,0
1789904141602,189,327538,1,3024,-1.04436,1,0.75,Walking,True,-2.24,0,0
1789904141602,189,327538,1,3024,-1.04436,1,0.75,Walking,True,-2.24,0,0
1789904141602,189,327538,1,3024,-1.04436,1,0.75,Walking,True,-2.24,0,0
1789904141602,189,327538,1,3024,-1.04436,1,0.75,Walking,True,-2.24,0,0
1789904141602,189,327538,1,3024,-1.04436,1,0.75,Walking,True,-2.24,0,0
1789904141602,189,327538,1,3024,-1.04436,1,0.75,Walking,True,-2.24,0,0
1789904141618,190,329184,1,3040,-1.08532,1,0.75,Walking,True,-2.56,0,0
1789904141618,190,329184,1,3040,-1.08532,1,0.75,Walking,True,-2.56,0,0
1789904141618,190,329184,1,3040,-1.08532,1,0.75,Walking,True,-2.56,0,0
1789904141618,190,329184,1,3040,-1.08532,1,0.75,Walking,True,-2.56,0,0
1789904141618,190,329184,1,3040,-1.08532,1,0.75,Walking,True,-2.56,0,0
1789904141618,190,329184,1,3040,-1.08532,1,0.75,Walking,True,-2.56,0,0
1789904141618,190,329184,1,3040,-1.08532,1,0.75,Walking,True,-2.56,0,0
1789904141618,190,329184,1,3040,-1.08532,1,0.75,Walking,True,-2.56,0,0
1789904141633,191,330606,1,3056,-1.1314,1,0.75,Walking,True,-2.88,0,0
1789904141633,191,330606,1,3056,-1.1314,1,0.75,Walking,True,-2.88,0,0
1789904141633,191,330606,1,3056,-1.1314,1,0.75,Walking,True,-2.88,0,0
1789904141633,191,330606,1,3056,-1.1314,1,0.75,Walking,True,-2.88,0,0
1789904141633,191,330606,1,3056,-1.1314,1,0.75,Walking,True,-2.88,0,0
1789904141633,191,330606,1,3056,-1.1314,1,0.75,Walking,True,-2.88,0,0
1789904141633,191,330606,1,3056,-1.1314,1,0.75,Walking,True,-2.88,0,0
1789904141633,191,330606,1,3056,-1.1314,1,0.75,Walking,True,-2.88,0,0
1789904141649,192,332002,1,3072,-1.1826,1,0.75,Walking,True,-3.2,0,0
1789904141649,192,332002,1,3072,-1.1826,1,0.75,Walking,True,-3.2,0,0
1789904141649,192,332002,1,3072,-1.1826,1,0.75,Walking,True,-3.2,0,0
1789904141649,192,332002,1,3072,-1.1826,1,0.75,Walking,True,-3.2,0,0
1789904141649,192,332002,1,3072,-1.1826,1,0.75,Walking,True,-3.2,0,0
1789904141649,192,332002,1,3072,-1.1826,1,0.75,Walking,True,-3.2,0,0
1789904141649,192,332002,1,3072,-1.1826,1,0.75,Walking,True,-3.2,0,0
1789904141649,192,332002,1,3072,-1.1826,1,0.75,Walking,True,-3.2,0,0
1789904141664,193,333552,1,3088,-1.23892,1,0.75,Walking,True,-3.52,0,0
1789904141664,193,333552,1,3088,-1.23892,1,0.75,Walking,True,-3.52,0,0
1789904141664,193,333552,1,3088,-1.23892,1,0.75,Walking,True,-3.52,0,0
1789904141664,193,333552,1,3088,-1.23892,1,0.75,Walking,True,-3.52,0,0
1789904141664,193,333552,1,3088,-1.23892,1,0.75,Walking,True,-3.52,0,0
1789904141664,193,333552,1,3088,-1.23892,1,0.75,Walking,True,-3.52,0,0
1789904141664,193,333552,1,3088,-1.23892,1,0.75,Walking,True,-3.52,0,0
1789904141664,193,333552,1,3088,-1.23892,1,0.75,Walking,True,-3.52,0,0
1789904141680,194,335047,1,3104,-1.30036,1,0.75,Walking,True,-3.84,0,0
1789904141680,194,335047,1,3104,-1.30036,1,0.75,Walking,True,-3.84,0,0
1789904141680,194,335047,1,3104,-1.30036,1,0.75,Walking,True,-3.84,0,0
1789904141680,194,335047,1,3104,-1.30036,1,0.75,Walking,True,-3.84,0,0
1789904141680,194,335047,1,3104,-1.30036,1,0.75,Walking,True,-3.84,0,0
1789904141680,194,335047,1,3104,-1.30036,1,0.75,Walking,True,-3.84,0,0
1789904141680,194,335047,1,3104,-1.30036,1,0.75,Walking,True,-3.84,0,0
1789904141680,194,335047,1,3104,-1.30036,1,0.75,Walking,True,-3.84,0,0
1789904141695,195,336451,1,3120,-1.36276,1,0.75,Walking,True,-3.9,0,0
1789904141695,195,336451,1,3120,-1.36276,1,0.75,Walking,True,-3.9,0,0
1789904141695,195,336451,1,3120,-1.36276,1,0.75,Walking,True,-3.9,0,0
1789904141695,195,336451,1,3120,-1.36276,1,0.75,Walking,True,-3.9,0,0
1789904141695,195,336451,1,3120,-1.36276,1,0.75,Walking,True,-3.9,0,0
1789904141695,195,336451,1,3120,-1.36276,1,0.75,Walking,True,-3.9,0,0
1789904141695,195,336451,1,3120,-1.36276,1,0.75,Walking,True,-3.9,0,0
1789904141695,195,336451,1,3120,-1.36276,1,0.75,Walking,True,-3.9,0,0
1789904141711,196,337951,1,3136,-1.42516,1,0.75,Walking,True,-3.9,0,0
1789904141711,196,337951,1,3136,-1.42516,1,0.75,Walking,True,-3.9,0,0
1789904141711,196,337951,1,3136,-1.42516,1,0.75,Walking,True,-3.9,0,0
1789904141711,196,337951,1,3136,-1.42516,1,0.75,Walking,True,-3.9,0,0
1789904141711,196,337951,1,3136,-1.42516,1,0.75,Walking,True,-3.9,0,0
1789904141711,196,337951,1,3136,-1.42516,1,0.75,Walking,True,-3.9,0,0
1789904141711,196,337951,1,3136,-1.42516,1,0.75,Walking,True,-3.9,0,0
1789904141711,196,337951,1,3136,-1.42516,1,0.75,Walking,True,-3.9,0,0
1789904141726,197,339491,1,3152,-1.48756,1,0.75,Walking,True,-3.9,0,0
1789904141726,197,339491,1,3152,-1.48756,1,0.75,Walking,True,-3.9,0,0
1789904141726,197,339491,1,3152,-1.48756,1,0.75,Walking,True,-3.9,0,0
1789904141726,197,339491,1,3152,-1.48756,1,0.75,Walking,True,-3.9,0,0
1789904141726,197,339491,1,3152,-1.48756,1,0.75,Walking,True,-3.9,0,0
1789904141726,197,339491,1,3152,-1.48756,1,0.75,Walking,True,-3.9,0,0
1789904141726,197,339491,1,3152,-1.48756,1,0.75,Walking,True,-3.9,0,0
1789904141726,197,339491,1,3152,-1.48756,1,0.75,Walking,True,-3.9,0,0
1789904141742,198,340974,1,3168,-1.54996,1,0.75,Walking,True,-3.9,0,0
1789904141742,198,340974,1,3168,-1.54996,1,0.75,Walking,True,-3.9,0,0
1789904141742,198,340974,1,3168,-1.54996,1,0.75,Walking,True,-3.9,0,0
1789904141742,198,340974,1,3168,-1.54996,1,0.75,Walking,True,-3.9,0,0
1789904141742,198,340974,1,3168,-1.54996,1,0.75,Walking,True,-3.9,0,0
1789904141742,198,340974,1,3168,-1.54996,1,0.75,Walking,True,-3.9,0,0
1789904141742,198,340974,1,3168,-1.54996,1,0.75,Walking,True,-3.9,0,0
1789904141742,198,340974,1,3168,-1.54996,1,0.75,Walking,True,-3.9,0,0
1789904141757,199,342583,1,3184,-1.61236,1,0.75,Walking,True,-3.9,0,0
1789904141757,199,342583,1,3184,-1.61236,1,0.75,Walking,True,-3.9,0,0
1789904141757,199,342583,1,3184,-1.61236,1,0.75,Walking,True,-3.9,0,0
1789904141757,199,342583,1,3184,-1.61236,1,0.75,Walking,True,-3.9,0,0
1789904141757,199,342583,1,3184,-1.61236,1,0.75,Walking,True,-3.9,0,0
1789904141757,199,342583,1,3184,-1.61236,1,0.75,Walking,True,-3.9,0,0
1789904141757,199,342583,1,3184,-1.61236,1,0.75,Walking,True,-3.9,0,0
1789904141757,199,342583,1,3184,-1.61236,1,0.75,Walking,True,-3.9,0,0
1789904141772,200,344042,1,3200,-1.67476,1,0.75,Walking,True,-3.9,0,0
1789904141772,200,344042,1,3200,-1.67476,1,0.75,Walking,True,-3.9,0,0
1789904141772,200,344042,1,3200,-1.67476,1,0.75,Walking,True,-3.9,0,0
1789904141772,200,344042,1,3200,-1.67476,1,0.75,Walking,True,-3.9,0,0
1789904141772,200,344042,1,3200,-1.67476,1,0.75,Walking,True,-3.9,0,0
1789904141772,200,344042,1,3200,-1.67476,1,0.75,Walking,True,-3.9,0,0
1789904141772,200,344042,1,3200,-1.67476,1,0.75,Walking,True,-3.9,0,0
1789904141772,200,344042,1,3200,-1.67476,1,0.75,Walking,True,-3.9,0,0
1789904141787,201,345441,1,3216,-1.73716,1,0.75,Walking,True,-3.9,0,0
1789904141787,201,345441,1,3216,-1.73716,1,0.75,Walking,True,-3.9,0,0
1789904141787,201,345441,1,3216,-1.73716,1,0.75,Walking,True,-3.9,0,0
1789904141787,201,345441,1,3216,-1.73716,1,0.75,Walking,True,-3.9,0,0
1789904141787,201,345441,1,3216,-1.73716,1,0.75,Walking,True,-3.9,0,0
1789904141787,201,345441,1,3216,-1.73716,1,0.75,Walking,True,-3.9,0,0
1789904141787,201,345441,1,3216,-1.73716,1,0.75,Walking,True,-3.9,0,0
1789904141788,201,345441,1,3216,-1.73716,1,0.75,Walking,True,-3.9,0,0
1789904141803,202,346766,1,3232,-1.79956,1,0.75,Walking,True,-3.9,0,0
1789904141803,202,346766,1,3232,-1.79956,1,0.75,Walking,True,-3.9,0,0
1789904141803,202,346766,1,3232,-1.79956,1,0.75,Walking,True,-3.9,0,0
1789904141803,202,346766,1,3232,-1.79956,1,0.75,Walking,True,-3.9,0,0
1789904141803,202,346766,1,3232,-1.79956,1,0.75,Walking,True,-3.9,0,0
1789904141803,202,346766,1,3232,-1.79956,1,0.75,Walking,True,-3.9,0,0
1789904141803,202,346766,1,3232,-1.79956,1,0.75,Walking,True,-3.9,0,0
1789904141803,202,346766,1,3232,-1.79956,1,0.75,Walking,True,-3.9,0,0
1789904141819,203,348285,1,3248,-1.86196,1,0.75,Walking,True,-3.9,0,0
1789904141819,203,348285,1,3248,-1.86196,1,0.75,Walking,True,-3.9,0,0
1789904141819,203,348285,1,3248,-1.86196,1,0.75,Walking,True,-3.9,0,0
1789904141819,203,348285,1,3248,-1.86196,1,0.75,Walking,True,-3.9,0,0
1789904141819,203,348285,1,3248,-1.86196,1,0.75,Walking,True,-3.9,0,0
1789904141819,203,348285,1,3248,-1.86196,1,0.75,Walking,True,-3.9,0,0
1789904141819,203,348285,1,3248,-1.86196,1,0.75,Walking,True,-3.9,0,0
1789904141819,203,348285,1,3248,-1.86196,1,0.75,Walking,True,-3.9,0,0
1789904141834,204,349721,1,3264,-1.92436,1,0.75,Walking,True,-3.9,0,0
1789904141834,204,349721,1,3264,-1.92436,1,0.75,Walking,True,-3.9,0,0
1789904141834,204,349721,1,3264,-1.92436,1,0.75,Walking,True,-3.9,0,0
1789904141834,204,349721,1,3264,-1.92436,1,0.75,Walking,True,-3.9,0,0
1789904141834,204,349721,1,3264,-1.92436,1,0.75,Walking,True,-3.9,0,0
1789904141834,204,349721,1,3264,-1.92436,1,0.75,Walking,True,-3.9,0,0
1789904141834,204,349721,1,3264,-1.92436,1,0.75,Walking,True,-3.9,0,0
1789904141834,204,349721,1,3264,-1.92436,1,0.75,Walking,True,-3.9,0,0
1789904141851,205,351100,1,3280,-1.98676,1,0.75,Walking,True,-3.9,0,0
1789904141851,205,351100,1,3280,-1.98676,1,0.75,Walking,True,-3.9,0,0
1789904141851,205,351100,1,3280,-1.98676,1,0.75,Walking,True,-3.9,0,0
1789904141851,205,351100,1,3280,-1.98676,1,0.75,Walking,True,-3.9,0,0
1789904141851,205,351100,1,3280,-1.98676,1,0.75,Walking,True,-3.9,0,0
1789904141851,205,351100,1,3280,-1.98676,1,0.75,Walking,True,-3.9,0,0
1789904141851,205,351100,1,3280,-1.98676,1,0.75,Walking,True,-3.9,0,0
1789904141851,205,351100,1,3280,-1.98676,1,0.75,Walking,True,-3.9,0,0
1789904141866,206,352624,1,3296,-2.04916,1,0.75,Walking,True,-3.9,0,0
1789904141866,206,352624,1,3296,-2.04916,1,0.75,Walking,True,-3.9,0,0
1789904141866,206,352624,1,3296,-2.04916,1,0.75,Walking,True,-3.9,0,0
1789904141866,206,352624,1,3296,-2.04916,1,0.75,Walking,True,-3.9,0,0
1789904141866,206,352624,1,3296,-2.04916,1,0.75,Walking,True,-3.9,0,0
1789904141866,206,352624,1,3296,-2.04916,1,0.75,Walking,True,-3.9,0,0
1789904141866,206,352624,1,3296,-2.04916,1,0.75,Walking,True,-3.9,0,0
1789904141866,206,352624,1,3296,-2.04916,1,0.75,Walking,True,-3.9,0,0
1789904141882,207,354160,1,3312,-2.11156,1,0.75,Walking,True,-3.9,0,0
1789904141882,207,354160,1,3312,-2.11156,1,0.75,Walking,True,-3.9,0,0
1789904141882,207,354160,1,3312,-2.11156,1,0.75,Walking,True,-3.9,0,0
1789904141882,207,354160,1,3312,-2.11156,1,0.75,Walking,True,-3.9,0,0
1789904141882,207,354160,1,3312,-2.11156,1,0.75,Walking,True,-3.9,0,0
1789904141882,207,354160,1,3312,-2.11156,1,0.75,Walking,True,-3.9,0,0
1789904141882,207,354160,1,3312,-2.11156,1,0.75,Walking,True,-3.9,0,0
1789904141882,207,354160,1,3312,-2.11156,1,0.75,Walking,True,-3.9,0,0
1789904141897,208,355766,1,3328,-2.17396,1,0.75,Walking,True,-3.9,0,0
1789904141897,208,355766,1,3328,-2.17396,1,0.75,Walking,True,-3.9,0,0
1789904141897,208,355766,1,3328,-2.17396,1,0.75,Walking,True,-3.9,0,0
1789904141897,208,355766,1,3328,-2.17396,1,0.75,Walking,True,-3.9,0,0
1789904141897,208,355766,1,3328,-2.17396,1,0.75,Walking,True,-3.9,0,0
1789904141897,208,355766,1,3328,-2.17396,1,0.75,Walking,True,-3.9,0,0
1789904141897,208,355766,1,3328,-2.17396,1,0.75,Walking,True,-3.9,0,0
1789904141897,208,355766,1,3328,-2.17396,1,0.75,Walking,True,-3.9,0,0
1789904141914,209,357297,1,3344,-2.23636,1,0.75,Walking,True,-3.9,0,0
1789904141914,209,357297,1,3344,-2.23636,1,0.75,Walking,True,-3.9,0,0
1789904141914,209,357297,1,3344,-2.23636,1,0.75,Walking,True,-3.9,0,0
1789904141914,209,357297,1,3344,-2.23636,1,0.75,Walking,True,-3.9,0,0
1789904141914,209,357297,1,3344,-2.23636,1,0.75,Walking,True,-3.9,0,0
1789904141914,209,357297,1,3344,-2.23636,1,0.75,Walking,True,-3.9,0,0
1789904141914,209,357297,1,3344,-2.23636,1,0.75,Walking,True,-3.9,0,0
1789904141914,209,357297,1,3344,-2.23636,1,0.75,Walking,True,-3.9,0,0
1789904141929,210,358912,1,3360,-2.29876,1,0.75,Walking,True,-3.9,0,0
1789904141929,210,358912,1,3360,-2.29876,1,0.75,Walking,True,-3.9,0,0
1789904141929,210,358912,1,3360,-2.29876,1,0.75,Walking,True,-3.9,0,0
1789904141929,210,358912,1,3360,-2.29876,1,0.75,Walking,True,-3.9,0,0
1789904141929,210,358912,1,3360,-2.29876,1,0.75,Walking,True,-3.9,0,0
1789904141929,210,358912,1,3360,-2.29876,1,0.75,Walking,True,-3.9,0,0
1789904141929,210,358912,1,3360,-2.29876,1,0.75,Walking,True,-3.9,0,0
1789904141929,210,358912,1,3360,-2.29876,1,0.75,Walking,True,-3.9,0,0
1789904141945,211,360355,1,3376,-2.361161,1,0.75,Walking,True,-3.9,0,0
1789904141945,211,360355,1,3376,-2.361161,1,0.75,Walking,True,-3.9,0,0
1789904141945,211,360355,1,3376,-2.361161,1,0.75,Walking,True,-3.9,0,0
1789904141945,211,360355,1,3376,-2.361161,1,0.75,Walking,True,-3.9,0,0
1789904141945,211,360355,1,3376,-2.361161,1,0.75,Walking,True,-3.9,0,0
1789904141945,211,360355,1,3376,-2.361161,1,0.75,Walking,True,-3.9,0,0
1789904141945,211,360355,1,3376,-2.361161,1,0.75,Walking,True,-3.9,0,0
1789904141945,211,360355,1,3376,-2.361161,1,0.75,Walking,True,-3.9,0,0
1789904141961,212,362020,1,3392,-2.423561,1,0.75,Walking,True,-3.9,0,0
1789904141961,212,362020,1,3392,-2.423561,1,0.75,Walking,True,-3.9,0,0
1789904141961,212,362020,1,3392,-2.423561,1,0.75,Walking,True,-3.9,0,0
1789904141961,212,362020,1,3392,-2.423561,1,0.75,Walking,True,-3.9,0,0
1789904141961,212,362020,1,3392,-2.423561,1,0.75,Walking,True,-3.9,0,0
1789904141961,212,362020,1,3392,-2.423561,1,0.75,Walking,True,-3.9,0,0
1789904141961,212,362020,1,3392,-2.423561,1,0.75,Walking,True,-3.9,0,0
1789904141961,212,362020,1,3392,-2.423561,1,0.75,Walking,True,-3.9,0,0
1789904141992,213,363523,1,3408,-2.485961,1,0.75,Walking,True,-3.9,0,0
1789904141992,213,363523,1,3408,-2.485961,1,0.75,Walking,True,-3.9,0,0
1789904141992,213,363523,1,3408,-2.485961,1,0.75,Walking,True,-3.9,0,0
1789904141992,213,363523,1,3408,-2.485961,1,0.75,Walking,True,-3.9,0,0
1789904141992,213,363523,1,3408,-2.485961,1,0.75,Walking,True,-3.9,0,0
1789904141992,213,363523,1,3408,-2.485961,1,0.75,Walking,True,-3.9,0,0
1789904141992,213,363523,1,3408,-2.485961,1,0.75,Walking,True,-3.9,0,0
1789904141992,213,363523,1,3408,-2.485961,1,0.75,Walking,True,-3.9,0,0
1789904142022,214,366606,1,3424,-2.548361,1,0.75,Walking,True,-3.9,0,0
1789904142022,215,366607,1,3440,-2.610761,1,0.75,Walking,True,-3.9,0,0
1789904142022,215,366607,1,3440,-2.610761,1,0.75,Walking,True,-3.9,0,0
1789904142022,215,366607,1,3440,-2.610761,1,0.75,Walking,True,-3.9,0,0
1789904142022,215,366607,1,3440,-2.610761,1,0.75,Walking,True,-3.9,0,0
1789904142022,215,366607,1,3440,-2.610761,1,0.75,Walking,True,-3.9,0,0
1789904142022,215,366607,1,3440,-2.610761,1,0.75,Walking,True,-3.9,0,0
1789904142022,215,366607,1,3440,-2.610761,1,0.75,Walking,True,-3.9,0,0
1789904142038,216,369650,1,3456,-2.673161,1,0.75,Walking,True,-3.9,0,0
1789904142038,216,369650,1,3456,-2.673161,1,0.75,Walking,True,-3.9,0,0
1789904142038,216,369650,1,3456,-2.673161,1,0.75,Walking,True,-3.9,0,0
1789904142038,216,369650,1,3456,-2.673161,1,0.75,Walking,True,-3.9,0,0
1789904142038,216,369650,1,3456,-2.673161,1,0.75,Walking,True,-3.9,0,0
1789904142038,216,369650,1,3456,-2.673161,1,0.75,Walking,True,-3.9,0,0
1789904142038,216,369650,1,3456,-2.673161,1,0.75,Walking,True,-3.9,0,0
1789904142038,216,369650,1,3456,-2.673161,1,0.75,Walking,True,-3.9,0,0
1789904142054,217,371175,1,3472,-2.735561,1,0.75,Walking,True,-3.9,0,0
1789904142054,217,371175,1,3472,-2.735561,1,0.75,Walking,True,-3.9,0,0
1789904142054,217,371175,1,3472,-2.735561,1,0.75,Walking,True,-3.9,0,0
1789904142054,217,371175,1,3472,-2.735561,1,0.75,Walking,True,-3.9,0,0
1789904142054,217,371175,1,3472,-2.735561,1,0.75,Walking,True,-3.9,0,0
1789904142054,217,371175,1,3472,-2.735561,1,0.75,Walking,True,-3.9,0,0
1789904142054,217,371175,1,3472,-2.735561,1,0.75,Walking,True,-3.9,0,0
1789904142054,217,371175,1,3472,-2.735561,1,0.75,Walking,True,-3.9,0,0
1789904142070,218,372635,1,3488,-2.797961,1,0.75,Walking,True,-3.9,0,0
1789904142070,218,372635,1,3488,-2.797961,1,0.75,Walking,True,-3.9,0,0
1789904142070,218,372635,1,3488,-2.797961,1,0.75,Walking,True,-3.9,0,0
1789904142070,218,372635,1,3488,-2.797961,1,0.75,Walking,True,-3.9,0,0
1789904142070,218,372635,1,3488,-2.797961,1,0.75,Walking,True,-3.9,0,0
1789904142070,218,372635,1,3488,-2.797961,1,0.75,Walking,True,-3.9,0,0
1789904142070,218,372635,1,3488,-2.797961,1,0.75,Walking,True,-3.9,0,0
1789904142070,218,372635,1,3488,-2.797961,1,0.75,Walking,True,-3.9,0,0
1789904142087,219,374207,1,3504,-2.860361,1,0.75,Walking,True,-3.9,0,0
1789904142087,219,374207,1,3504,-2.860361,1,0.75,Walking,True,-3.9,0,0
1789904142087,219,374207,1,3504,-2.860361,1,0.75,Walking,True,-3.9,0,0
1789904142087,219,374207,1,3504,-2.860361,1,0.75,Walking,True,-3.9,0,0
1789904142087,219,374207,1,3504,-2.860361,1,0.75,Walking,True,-3.9,0,0
1789904142087,219,374207,1,3504,-2.860361,1,0.75,Walking,True,-3.9,0,0
1789904142087,219,374207,1,3504,-2.860361,1,0.75,Walking,True,-3.9,0,0
1789904142087,219,374207,1,3504,-2.860361,1,0.75,Walking,True,-3.9,0,0
1789904142102,220,375823,1,3520,-2.922761,1,0.75,Walking,True,-3.9,0,0
1789904142102,220,375823,1,3520,-2.922761,1,0.75,Walking,True,-3.9,0,0
1789904142102,220,375823,1,3520,-2.922761,1,0.75,Walking,True,-3.9,0,0
1789904142102,220,375823,1,3520,-2.922761,1,0.75,Walking,True,-3.9,0,0
1789904142102,220,375823,1,3520,-2.922761,1,0.75,Walking,True,-3.9,0,0
1789904142102,220,375823,1,3520,-2.922761,1,0.75,Walking,True,-3.9,0,0
1789904142102,220,375823,1,3520,-2.922761,1,0.75,Walking,True,-3.9,0,0
1789904142102,220,375823,1,3520,-2.922761,1,0.75,Walking,True,-3.9,0,0
1789904142117,221,377321,1,3536,-2.985162,1,0.75,Walking,True,-3.9,0,0
1789904142117,221,377321,1,3536,-2.985162,1,0.75,Walking,True,-3.9,0,0
1789904142117,221,377321,1,3536,-2.985162,1,0.75,Walking,True,-3.9,0,0
1789904142117,221,377321,1,3536,-2.985162,1,0.75,Walking,True,-3.9,0,0
1789904142117,221,377321,1,3536,-2.985162,1,0.75,Walking,True,-3.9,0,0
1789904142117,221,377321,1,3536,-2.985162,1,0.75,Walking,True,-3.9,0,0
1789904142117,221,377321,1,3536,-2.985162,1,0.75,Walking,True,-3.9,0,0
1789904142117,221,377321,1,3536,-2.985162,1,0.75,Walking,True,-3.9,0,0
1789904142132,222,378766,1,3552,-3.047562,1,0.75,Walking,True,-3.9,0,0
1789904142132,222,378766,1,3552,-3.047562,1,0.75,Walking,True,-3.9,0,0
1789904142132,222,378766,1,3552,-3.047562,1,0.75,Walking,True,-3.9,0,0
1789904142133,222,378766,1,3552,-3.047562,1,0.75,Walking,True,-3.9,0,0
1789904142133,222,378766,1,3552,-3.047562,1,0.75,Walking,True,-3.9,0,0
1789904142133,222,378766,1,3552,-3.047562,1,0.75,Walking,True,-3.9,0,0
1789904142133,222,378766,1,3552,-3.047562,1,0.75,Walking,True,-3.9,0,0
1789904142133,222,378766,1,3552,-3.047562,1,0.75,Walking,True,-3.9,0,0
1789904142149,223,380326,1,3568,-3.109962,1,0.75,Walking,True,-3.9,0,0
1789904142149,223,380326,1,3568,-3.109962,1,0.75,Walking,True,-3.9,0,0
1789904142149,223,380326,1,3568,-3.109962,1,0.75,Walking,True,-3.9,0,0
1789904142149,223,380326,1,3568,-3.109962,1,0.75,Walking,True,-3.9,0,0
1789904142149,223,380326,1,3568,-3.109962,1,0.75,Walking,True,-3.9,0,0
1789904142149,223,380326,1,3568,-3.109962,1,0.75,Walking,True,-3.9,0,0
1789904142149,223,380326,1,3568,-3.109962,1,0.75,Walking,True,-3.9,0,0
1789904142149,223,380326,1,3568,-3.109962,1,0.75,Walking,True,-3.9,0,0
1789904142164,224,381919,1,3584,-3.172362,1,0.75,Walking,True,-3.9,0,0
1789904142164,224,381919,1,3584,-3.172362,1,0.75,Walking,True,-3.9,0,0
1789904142164,224,381919,1,3584,-3.172362,1,0.75,Walking,True,-3.9,0,0
1789904142164,224,381919,1,3584,-3.172362,1,0.75,Walking,True,-3.9,0,0
1789904142164,224,381919,1,3584,-3.172362,1,0.75,Walking,True,-3.9,0,0
1789904142164,224,381919,1,3584,-3.172362,1,0.75,Walking,True,-3.9,0,0
1789904142164,224,381919,1,3584,-3.172362,1,0.75,Walking,True,-3.9,0,0
1789904142164,224,381919,1,3584,-3.172362,1,0.75,Walking,True,-3.9,0,0
1789904142180,225,383395,1,3600,-3.234762,1,0.75,Walking,True,-3.9,0,0
1789904142180,225,383395,1,3600,-3.234762,1,0.75,Walking,True,-3.9,0,0
1789904142180,225,383395,1,3600,-3.234762,1,0.75,Walking,True,-3.9,0,0
1789904142180,225,383395,1,3600,-3.234762,1,0.75,Walking,True,-3.9,0,0
1789904142180,225,383395,1,3600,-3.234762,1,0.75,Walking,True,-3.9,0,0
1789904142180,225,383395,1,3600,-3.234762,1,0.75,Walking,True,-3.9,0,0
1789904142180,225,383395,1,3600,-3.234762,1,0.75,Walking,True,-3.9,0,0
1789904142180,225,383395,1,3600,-3.234762,1,0.75,Walking,True,-3.9,0,0
1789904142195,226,384926,1,3616,-3.297162,1,0.75,Walking,True,-3.9,0,0
1789904142195,226,384926,1,3616,-3.297162,1,0.75,Walking,True,-3.9,0,0
1789904142195,226,384926,1,3616,-3.297162,1,0.75,Walking,True,-3.9,0,0
1789904142195,226,384926,1,3616,-3.297162,1,0.75,Walking,True,-3.9,0,0
1789904142195,226,384926,1,3616,-3.297162,1,0.75,Walking,True,-3.9,0,0
1789904142195,226,384926,1,3616,-3.297162,1,0.75,Walking,True,-3.9,0,0
1789904142195,226,384926,1,3616,-3.297162,1,0.75,Walking,True,-3.9,0,0
1789904142195,226,384926,1,3616,-3.297162,1,0.75,Walking,True,-3.9,0,0
1789904142210,227,386388,1,3632,-3.359562,1,0.75,Walking,True,-3.9,0,0
1789904142210,227,386388,1,3632,-3.359562,1,0.75,Walking,True,-3.9,0,0
1789904142211,227,386388,1,3632,-3.359562,1,0.75,Walking,True,-3.9,0,0
1789904142211,227,386388,1,3632,-3.359562,1,0.75,Walking,True,-3.9,0,0
1789904142211,227,386388,1,3632,-3.359562,1,0.75,Walking,True,-3.9,0,0
1789904142211,227,386388,1,3632,-3.359562,1,0.75,Walking,True,-3.9,0,0
1789904142211,227,386388,1,3632,-3.359562,1,0.75,Walking,True,-3.9,0,0
1789904142211,227,386388,1,3632,-3.359562,1,0.75,Walking,True,-3.9,0,0
1789904142225,228,387927,1,3648,-3.421962,1,0.75,Walking,True,-3.9,0,0
1789904142225,228,387927,1,3648,-3.421962,1,0.75,Walking,True,-3.9,0,0
1789904142225,228,387927,1,3648,-3.421962,1,0.75,Walking,True,-3.9,0,0
1789904142225,228,387927,1,3648,-3.421962,1,0.75,Walking,True,-3.9,0,0
1789904142225,228,387927,1,3648,-3.421962,1,0.75,Walking,True,-3.9,0,0
1789904142225,228,387927,1,3648,-3.421962,1,0.75,Walking,True,-3.9,0,0
1789904142225,228,387927,1,3648,-3.421962,1,0.75,Walking,True,-3.9,0,0
1789904142225,228,387927,1,3648,-3.421962,1,0.75,Walking,True,-3.9,0,0
1789904142241,229,389326,1,3664,-3.484362,1,0.75,Walking,True,-3.9,0,0
1789904142241,229,389326,1,3664,-3.484362,1,0.75,Walking,True,-3.9,0,0
1789904142241,229,389326,1,3664,-3.484362,1,0.75,Walking,True,-3.9,0,0
1789904142241,229,389326,1,3664,-3.484362,1,0.75,Walking,True,-3.9,0,0
1789904142241,229,389326,1,3664,-3.484362,1,0.75,Walking,True,-3.9,0,0
1789904142241,229,389326,1,3664,-3.484362,1,0.75,Walking,True,-3.9,0,0
1789904142241,229,389326,1,3664,-3.484362,1,0.75,Walking,True,-3.9,0,0
1789904142241,229,389326,1,3664,-3.484362,1,0.75,Walking,True,-3.9,0,0
1789904142258,230,390853,1,3680,-3.546762,1,0.75,Walking,True,-3.9,0,0
1789904142258,230,390853,1,3680,-3.546762,1,0.75,Walking,True,-3.9,0,0
1789904142258,230,390853,1,3680,-3.546762,1,0.75,Walking,True,-3.9,0,0
1789904142258,230,390853,1,3680,-3.546762,1,0.75,Walking,True,-3.9,0,0
1789904142258,230,390853,1,3680,-3.546762,1,0.75,Walking,True,-3.9,0,0
1789904142258,230,390853,1,3680,-3.546762,1,0.75,Walking,True,-3.9,0,0
1789904142258,230,390853,1,3680,-3.546762,1,0.75,Walking,True,-3.9,0,0
1789904142258,230,390853,1,3680,-3.546762,1,0.75,Walking,True,-3.9,0,0
1789904142273,231,392458,1,3696,-3.609163,1,0.75,Walking,True,-3.9,0,0
1789904142273,231,392458,1,3696,-3.609163,1,0.75,Walking,True,-3.9,0,0
1789904142273,231,392458,1,3696,-3.609163,1,0.75,Walking,True,-3.9,0,0
1789904142273,231,392458,1,3696,-3.609163,1,0.75,Walking,True,-3.9,0,0
1789904142273,231,392458,1,3696,-3.609163,1,0.75,Walking,True,-3.9,0,0
1789904142273,231,392458,1,3696,-3.609163,1,0.75,Walking,True,-3.9,0,0
1789904142273,231,392458,1,3696,-3.609163,1,0.75,Walking,True,-3.9,0,0
1789904142273,231,392458,1,3696,-3.609163,1,0.75,Walking,True,-3.9,0,0
1789904142289,232,393912,1,3712,-3.671563,1,0.75,Walking,True,-3.9,0,0
1789904142289,232,393912,1,3712,-3.671563,1,0.75,Walking,True,-3.9,0,0
1789904142289,232,393912,1,3712,-3.671563,1,0.75,Walking,True,-3.9,0,0
1789904142289,232,393912,1,3712,-3.671563,1,0.75,Walking,True,-3.9,0,0
1789904142289,232,393912,1,3712,-3.671563,1,0.75,Walking,True,-3.9,0,0
1789904142289,232,393912,1,3712,-3.671563,1,0.75,Walking,True,-3.9,0,0
1789904142289,232,393912,1,3712,-3.671563,1,0.75,Walking,True,-3.9,0,0
1789904142289,232,393912,1,3712,-3.671563,1,0.75,Walking,True,-3.9,0,0
1789904142320,233,395373,1,3728,-3.728843,1,0.75,Walking,True,-3.58,0,0
1789904142320,233,395373,1,3728,-3.728843,1,0.75,Walking,True,-3.58,0,0
1789904142320,233,395373,1,3728,-3.728843,1,0.75,Walking,True,-3.58,0,0
1789904142320,233,395373,1,3728,-3.728843,1,0.75,Walking,True,-3.58,0,0
1789904142320,233,395373,1,3728,-3.728843,1,0.75,Walking,True,-3.58,0,0
1789904142320,233,395373,1,3728,-3.728843,1,0.75,Walking,True,-3.58,0,0
1789904142320,233,395373,1,3728,-3.728843,1,0.75,Walking,True,-3.58,0,0
1789904142320,233,395373,1,3728,-3.728843,1,0.75,Walking,True,-3.58,0,0
1789904142335,234,398370,1,3744,-3.781003,1,0.75,Walking,True,-3.26,0,0
1789904142335,234,398370,1,3744,-3.781003,1,0.75,Walking,True,-3.26,0,0
1789904142335,234,398370,1,3744,-3.781003,1,0.75,Walking,True,-3.26,0,0
1789904142335,234,398370,1,3744,-3.781003,1,0.75,Walking,True,-3.26,0,0
1789904142335,234,398370,1,3744,-3.781003,1,0.75,Walking,True,-3.26,0,0
1789904142335,234,398370,1,3744,-3.781003,1,0.75,Walking,True,-3.26,0,0
1789904142335,234,398370,1,3744,-3.781003,1,0.75,Walking,True,-3.26,0,0
1789904142335,234,398370,1,3744,-3.781003,1,0.75,Walking,True,-3.26,0,0
1789904142350,235,399795,1,3760,-3.828043,1,0.75,Walking,True,-2.94,0,0
1789904142350,235,399795,1,3760,-3.828043,1,0.75,Walking,True,-2.94,0,0
1789904142350,235,399795,1,3760,-3.828043,1,0.75,Walking,True,-2.94,0,0
1789904142350,235,399795,1,3760,-3.828043,1,0.75,Walking,True,-2.94,0,0
1789904142350,235,399795,1,3760,-3.828043,1,0.75,Walking,True,-2.94,0,0
1789904142350,235,399795,1,3760,-3.828043,1,0.75,Walking,True,-2.94,0,0
1789904142350,235,399795,1,3760,-3.828043,1,0.75,Walking,True,-2.94,0,0
1789904142350,235,399795,1,3760,-3.828043,1,0.75,Walking,True,-2.94,0,0
1789904142365,236,401280,1,3776,-3.869963,1,0.75,Walking,True,-2.62,0,0
1789904142365,236,401280,1,3776,-3.869963,1,0.75,Walking,True,-2.62,0,0
1789904142365,236,401280,1,3776,-3.869963,1,0.75,Walking,True,-2.62,0,0
1789904142365,236,401280,1,3776,-3.869963,1,0.75,Walking,True,-2.62,0,0
1789904142365,236,401280,1,3776,-3.869963,1,0.75,Walking,True,-2.62,0,0
1789904142365,236,401280,1,3776,-3.869963,1,0.75,Walking,True,-2.62,0,0
1789904142365,236,401280,1,3776,-3.869963,1,0.75,Walking,True,-2.62,0,0
1789904142365,236,401280,1,3776,-3.869963,1,0.75,Walking,True,-2.62,0,0
1789904142381,237,402855,1,3792,-3.906763,1,0.75,Walking,True,-2.3,0,0
1789904142381,237,402855,1,3792,-3.906763,1,0.75,Walking,True,-2.3,0,0
1789904142381,237,402855,1,3792,-3.906763,1,0.75,Walking,True,-2.3,0,0
1789904142381,237,402855,1,3792,-3.906763,1,0.75,Walking,True,-2.3,0,0
1789904142381,237,402855,1,3792,-3.906763,1,0.75,Walking,True,-2.3,0,0
1789904142381,237,402855,1,3792,-3.906763,1,0.75,Walking,True,-2.3,0,0
1789904142381,237,402855,1,3792,-3.906763,1,0.75,Walking,True,-2.3,0,0
1789904142381,237,402855,1,3792,-3.906763,1,0.75,Walking,True,-2.3,0,0
1789904142397,238,404315,1,3808,-3.938443,1,0.75,Walking,True,-1.98,0,0
1789904142397,238,404315,1,3808,-3.938443,1,0.75,Walking,True,-1.98,0,0
1789904142397,238,404315,1,3808,-3.938443,1,0.75,Walking,True,-1.98,0,0
1789904142397,238,404315,1,3808,-3.938443,1,0.75,Walking,True,-1.98,0,0
1789904142397,238,404315,1,3808,-3.938443,1,0.75,Walking,True,-1.98,0,0
1789904142397,238,404315,1,3808,-3.938443,1,0.75,Walking,True,-1.98,0,0
1789904142397,238,404315,1,3808,-3.938443,1,0.75,Walking,True,-1.98,0,0
1789904142397,238,404315,1,3808,-3.938443,1,0.75,Walking,True,-1.98,0,0
1789904142412,239,405893,1,3824,-3.965003,1,0.75,Walking,True,-1.66,0,0
1789904142412,239,405893,1,3824,-3.965003,1,0.75,Walking,True,-1.66,0,0
1789904142412,239,405893,1,3824,-3.965003,1,0.75,Walking,True,-1.66,0,0
1789904142412,239,405893,1,3824,-3.965003,1,0.75,Walking,True,-1.66,0,0
1789904142413,239,405893,1,3824,-3.965003,1,0.75,Walking,True,-1.66,0,0
1789904142413,239,405893,1,3824,-3.965003,1,0.75,Walking,True,-1.66,0,0
1789904142413,239,405893,1,3824,-3.965003,1,0.75,Walking,True,-1.66,0,0
1789904142413,239,405893,1,3824,-3.965003,1,0.75,Walking,True,-1.66,0,0
1789904142429,240,407441,1,3840,-3.986443,1,0.75,Walking,True,-1.34,0,0
1789904142429,240,407441,1,3840,-3.986443,1,0.75,Walking,True,-1.34,0,0
1789904142429,240,407441,1,3840,-3.986443,1,0.75,Walking,True,-1.34,0,0
1789904142429,240,407441,1,3840,-3.986443,1,0.75,Walking,True,-1.34,0,0
1789904142429,240,407441,1,3840,-3.986443,1,0.75,Walking,True,-1.34,0,0
1789904142429,240,407441,1,3840,-3.986443,1,0.75,Walking,True,-1.34,0,0
1789904142429,240,407441,1,3840,-3.986443,1,0.75,Walking,True,-1.34,0,0
1789904142429,240,407441,1,3840,-3.986443,1,0.75,Walking,True,-1.34,0,0
1789904142444,241,409036,1,3856,-4.002763,1,0.75,Walking,True,-1.02,0,0
1789904142444,241,409036,1,3856,-4.002763,1,0.75,Walking,True,-1.02,0,0
1789904142444,241,409036,1,3856,-4.002763,1,0.75,Walking,True,-1.02,0,0
1789904142444,241,409036,1,3856,-4.002763,1,0.75,Walking,True,-1.02,0,0
1789904142444,241,409036,1,3856,-4.002763,1,0.75,Walking,True,-1.02,0,0
1789904142444,241,409036,1,3856,-4.002763,1,0.75,Walking,True,-1.02,0,0
1789904142444,241,409036,1,3856,-4.002763,1,0.75,Walking,True,-1.02,0,0
1789904142444,241,409036,1,3856,-4.002763,1,0.75,Walking,True,-1.02,0,0
1789904142460,242,410494,1,3872,-4.013963,1,0.75,Walking,True,-0.7,0,0
1789904142460,242,410494,1,3872,-4.013963,1,0.75,Walking,True,-0.7,0,0
1789904142460,242,410494,1,3872,-4.013963,1,0.75,Walking,True,-0.7,0,0
1789904142460,242,410494,1,3872,-4.013963,1,0.75,Walking,True,-0.7,0,0
1789904142460,242,410494,1,3872,-4.013963,1,0.75,Walking,True,-0.7,0,0
1789904142460,242,410494,1,3872,-4.013963,1,0.75,Walking,True,-0.7,0,0
1789904142460,242,410494,1,3872,-4.013963,1,0.75,Walking,True,-0.7,0,0
1789904142460,242,410494,1,3872,-4.013963,1,0.75,Walking,True,-0.7,0,0
1789904142474,243,411916,1,3888,-4.020043,1,0.75,Walking,True,-0.38,0,0
1789904142474,243,411916,1,3888,-4.020043,1,0.75,Walking,True,-0.38,0,0
1789904142474,243,411916,1,3888,-4.020043,1,0.75,Walking,True,-0.38,0,0
1789904142474,243,411916,1,3888,-4.020043,1,0.75,Walking,True,-0.38,0,0
1789904142474,243,411916,1,3888,-4.020043,1,0.75,Walking,True,-0.38,0,0
1789904142474,243,411916,1,3888,-4.020043,1,0.75,Walking,True,-0.38,0,0
1789904142474,243,411916,1,3888,-4.020043,1,0.75,Walking,True,-0.38,0,0
1789904142474,243,411916,1,3888,-4.020043,1,0.75,Walking,True,-0.38,0,0
1789904142490,244,413333,1,3904,-4.020043,1,0.75,Walking,True,-0.06,0,0
1789904142490,244,413333,1,3904,-4.020043,1,0.75,Walking,True,-0.06,0,0
1789904142490,244,413333,1,3904,-4.020043,1,0.75,Walking,True,-0.06,0,0
1789904142490,244,413333,1,3904,-4.020043,1,0.75,Walking,True,-0.06,0,0
1789904142490,244,413333,1,3904,-4.020043,1,0.75,Walking,True,-0.06,0,0
1789904142490,244,413333,1,3904,-4.020043,1,0.75,Walking,True,-0.06,0,0
1789904142490,244,413333,1,3904,-4.020043,1,0.75,Walking,True,-0.06,0,0
1789904142490,244,413333,1,3904,-4.020043,1,0.75,Walking,True,-0.06,0,0
1789904142505,245,414792,1,3920,-4.020043,1,0.75,Walking,True,0,0,0
1789904142505,245,414792,1,3920,-4.020043,1,0.75,Walking,True,0,0,0
1789904142505,245,414792,1,3920,-4.020043,1,0.75,Walking,True,0,0,0
1789904142505,245,414792,1,3920,-4.020043,1,0.75,Walking,True,0,0,0
1789904142505,245,414792,1,3920,-4.020043,1,0.75,Walking,True,0,0,0
1789904142505,245,414792,1,3920,-4.020043,1,0.75,Walking,True,0,0,0
1789904142505,245,414792,1,3920,-4.020043,1,0.75,Walking,True,0,0,0
1789904142505,245,414792,1,3920,-4.020043,1,0.75,Walking,True,0,0,0
1789904142520,246,416239,1,3936,-4.020043,1,0.75,Walking,True,0,0,0
1789904142520,246,416239,1,3936,-4.020043,1,0.75,Walking,True,0,0,0
1789904142520,246,416239,1,3936,-4.020043,1,0.75,Walking,True,0,0,0
1789904142520,246,416239,1,3936,-4.020043,1,0.75,Walking,True,0,0,0
1789904142520,246,416239,1,3936,-4.020043,1,0.75,Walking,True,0,0,0
1789904142520,246,416239,1,3936,-4.020043,1,0.75,Walking,True,0,0,0
1789904142520,246,416239,1,3936,-4.020043,1,0.75,Walking,True,0,0,0
1789904142520,246,416239,1,3936,-4.020043,1,0.75,Walking,True,0,0,0
1789904142536,247,417413,1,3952,-4.020043,1,0.75,Walking,True,0,0,0
1789904142536,247,417413,1,3952,-4.020043,1,0.75,Walking,True,0,0,0
1789904142536,247,417413,1,3952,-4.020043,1,0.75,Walking,True,0,0,0
1789904142536,247,417413,1,3952,-4.020043,1,0.75,Walking,True,0,0,0
1789904142536,247,417413,1,3952,-4.020043,1,0.75,Walking,True,0,0,0
1789904142536,247,417413,1,3952,-4.020043,1,0.75,Walking,True,0,0,0
1789904142536,247,417413,1,3952,-4.020043,1,0.75,Walking,True,0,0,0
1789904142536,247,417413,1,3952,-4.020043,1,0.75,Walking,True,0,0,0
1789904142551,248,418864,1,3968,-4.020043,1,0.75,Walking,True,0,0,0
1789904142551,248,418864,1,3968,-4.020043,1,0.75,Walking,True,0,0,0
1789904142551,248,418864,1,3968,-4.020043,1,0.75,Walking,True,0,0,0
1789904142551,248,418864,1,3968,-4.020043,1,0.75,Walking,True,0,0,0
1789904142551,248,418864,1,3968,-4.020043,1,0.75,Walking,True,0,0,0
1789904142551,248,418864,1,3968,-4.020043,1,0.75,Walking,True,0,0,0
1789904142551,248,418864,1,3968,-4.020043,1,0.75,Walking,True,0,0,0
1789904142551,248,418864,1,3968,-4.020043,1,0.75,Walking,True,0,0,0
1789904142566,249,420171,1,3984,-4.020043,1,0.75,Walking,True,0,0,0
1789904142566,249,420171,1,3984,-4.020043,1,0.75,Walking,True,0,0,0
1789904142566,249,420171,1,3984,-4.020043,1,0.75,Walking,True,0,0,0
1789904142566,249,420171,1,3984,-4.020043,1,0.75,Walking,True,0,0,0
1789904142566,249,420171,1,3984,-4.020043,1,0.75,Walking,True,0,0,0
1789904142566,249,420171,1,3984,-4.020043,1,0.75,Walking,True,0,0,0
1789904142566,249,420171,1,3984,-4.020043,1,0.75,Walking,True,0,0,0
1789904142566,249,420171,1,3984,-4.020043,1,0.75,Walking,True,0,0,0
1789904142581,250,421482,1,4000,-4.020043,1,0.75,Walking,True,0,0,0
1789904142581,250,421482,1,4000,-4.020043,1,0.75,Walking,True,0,0,0
1789904142581,250,421482,1,4000,-4.020043,1,0.75,Walking,True,0,0,0
1789904142581,250,421482,1,4000,-4.020043,1,0.75,Walking,True,0,0,0
1789904142581,250,421482,1,4000,-4.020043,1,0.75,Walking,True,0,0,0
1789904142581,250,421482,1,4000,-4.020043,1,0.75,Walking,True,0,0,0
1789904142581,250,421482,1,4000,-4.020043,1,0.75,Walking,True,0,0,0
1789904142581,250,421482,1,4000,-4.020043,1,0.75,Walking,True,0,0,0
1789904142596,251,422847,1,4016,-4.020043,1,0.75,Walking,True,0,0,0
1789904142596,251,422847,1,4016,-4.020043,1,0.75,Walking,True,0,0,0
1789904142596,251,422847,1,4016,-4.020043,1,0.75,Walking,True,0,0,0
1789904142596,251,422847,1,4016,-4.020043,1,0.75,Walking,True,0,0,0
1789904142596,251,422847,1,4016,-4.020043,1,0.75,Walking,True,0,0,0
1789904142596,251,422847,1,4016,-4.020043,1,0.75,Walking,True,0,0,0
1789904142596,251,422847,1,4016,-4.020043,1,0.75,Walking,True,0,0,0
1789904142596,251,422847,1,4016,-4.020043,1,0.75,Walking,True,0,0,0
1789904142611,252,424246,1,4032,-4.020043,1,0.75,Walking,True,0,0,0
1789904142611,252,424246,1,4032,-4.020043,1,0.75,Walking,True,0,0,0
1789904142611,252,424246,1,4032,-4.020043,1,0.75,Walking,True,0,0,0
1789904142611,252,424246,1,4032,-4.020043,1,0.75,Walking,True,0,0,0
1789904142611,252,424246,1,4032,-4.020043,1,0.75,Walking,True,0,0,0
1789904142611,252,424246,1,4032,-4.020043,1,0.75,Walking,True,0,0,0
1789904142611,252,424246,1,4032,-4.020043,1,0.75,Walking,True,0,0,0
1789904142611,252,424246,1,4032,-4.020043,1,0.75,Walking,True,0,0,0
1789904142626,253,425710,1,4048,-4.020043,1,0.75,Walking,True,0,0,0
1789904142626,253,425710,1,4048,-4.020043,1,0.75,Walking,True,0,0,0
1789904142626,253,425710,1,4048,-4.020043,1,0.75,Walking,True,0,0,0
1789904142626,253,425710,1,4048,-4.020043,1,0.75,Walking,True,0,0,0
1789904142626,253,425710,1,4048,-4.020043,1,0.75,Walking,True,0,0,0
1789904142626,253,425710,1,4048,-4.020043,1,0.75,Walking,True,0,0,0
1789904142626,253,425710,1,4048,-4.020043,1,0.75,Walking,True,0,0,0
1789904142626,253,425710,1,4048,-4.020043,1,0.75,Walking,True,0,0,0
1789904142642,254,427182,1,4064,-4.020043,1,0.75,Walking,True,0,0,0
1789904142642,254,427182,1,4064,-4.020043,1,0.75,Walking,True,0,0,0
1789904142642,254,427182,1,4064,-4.020043,1,0.75,Walking,True,0,0,0
1789904142642,254,427182,1,4064,-4.020043,1,0.75,Walking,True,0,0,0
1789904142642,254,427182,1,4064,-4.020043,1,0.75,Walking,True,0,0,0
1789904142642,254,427182,1,4064,-4.020043,1,0.75,Walking,True,0,0,0
1789904142642,254,427182,1,4064,-4.020043,1,0.75,Walking,True,0,0,0
1789904142642,254,427182,1,4064,-4.020043,1,0.75,Walking,True,0,0,0
1789904142657,255,428681,1,4080,-4.020043,1,0.75,Walking,True,0,0,0
1789904142657,255,428681,1,4080,-4.020043,1,0.75,Walking,True,0,0,0
1789904142657,255,428681,1,4080,-4.020043,1,0.75,Walking,True,0,0,0
1789904142657,255,428681,1,4080,-4.020043,1,0.75,Walking,True,0,0,0
1789904142657,255,428681,1,4080,-4.020043,1,0.75,Walking,True,0,0,0
1789904142657,255,428681,1,4080,-4.020043,1,0.75,Walking,True,0,0,0
1789904142657,255,428681,1,4080,-4.020043,1,0.75,Walking,True,0,0,0
1789904142657,255,428681,1,4080,-4.020043,1,0.75,Walking,True,0,0,0
1789904142673,256,430160,1,4096,-4.020043,1,0.75,Walking,True,0,0,0
1789904142673,256,430160,1,4096,-4.020043,1,0.75,Walking,True,0,0,0
1789904142673,256,430160,1,4096,-4.020043,1,0.75,Walking,True,0,0,0
1789904142673,256,430160,1,4096,-4.020043,1,0.75,Walking,True,0,0,0
1789904142673,256,430160,1,4096,-4.020043,1,0.75,Walking,True,0,0,0
1789904142673,256,430160,1,4096,-4.020043,1,0.75,Walking,True,0,0,0
1789904142673,256,430160,1,4096,-4.020043,1,0.75,Walking,True,0,0,0
1789904142673,256,430160,1,4096,-4.020043,1,0.75,Walking,True,0,0,0
1789904142689,257,431615,1,4112,-4.020043,1,0.75,Walking,True,0,0,0
1789904142689,257,431615,1,4112,-4.020043,1,0.75,Walking,True,0,0,0
1789904142689,257,431615,1,4112,-4.020043,1,0.75,Walking,True,0,0,0
1789904142689,257,431615,1,4112,-4.020043,1,0.75,Walking,True,0,0,0
1789904142689,257,431615,1,4112,-4.020043,1,0.75,Walking,True,0,0,0
1789904142689,257,431615,1,4112,-4.020043,1,0.75,Walking,True,0,0,0
1789904142689,257,431615,1,4112,-4.020043,1,0.75,Walking,True,0,0,0
1789904142689,257,431615,1,4112,-4.020043,1,0.75,Walking,True,0,0,0
1789904142705,258,433126,1,4128,-4.020043,1,0.75,Walking,True,0,0,0
1789904142705,258,433126,1,4128,-4.020043,1,0.75,Walking,True,0,0,0
1789904142705,258,433126,1,4128,-4.020043,1,0.75,Walking,True,0,0,0
1789904142705,258,433126,1,4128,-4.020043,1,0.75,Walking,True,0,0,0
1789904142705,258,433126,1,4128,-4.020043,1,0.75,Walking,True,0,0,0
1789904142705,258,433126,1,4128,-4.020043,1,0.75,Walking,True,0,0,0
1789904142705,258,433126,1,4128,-4.020043,1,0.75,Walking,True,0,0,0
1789904142705,258,433126,1,4128,-4.020043,1,0.75,Walking,True,0,0,0
1789904142736,259,434734,1,4144,-4.020043,1,0.75,Walking,True,0,0,0
1789904142736,259,434734,1,4144,-4.020043,1,0.75,Walking,True,0,0,0
1789904142736,259,434734,1,4144,-4.020043,1,0.75,Walking,True,0,0,0
1789904142736,259,434734,1,4144,-4.020043,1,0.75,Walking,True,0,0,0
1789904142736,259,434734,1,4144,-4.020043,1,0.75,Walking,True,0,0,0
1789904142736,259,434734,1,4144,-4.020043,1,0.75,Walking,True,0,0,0
1789904142736,259,434734,1,4144,-4.020043,1,0.75,Walking,True,0,0,0
1789904142736,259,434734,1,4144,-4.020043,1,0.75,Walking,True,0,0,0
1789904142752,260,437555,1,4160,-4.020043,1,0.75,Walking,True,0,0,0
1789904142752,260,437555,1,4160,-4.020043,1,0.75,Walking,True,0,0,0
1789904142752,260,437555,1,4160,-4.020043,1,0.75,Walking,True,0,0,0
1789904142752,260,437555,1,4160,-4.020043,1,0.75,Walking,True,0,0,0
1789904142752,260,437555,1,4160,-4.020043,1,0.75,Walking,True,0,0,0
1789904142752,260,437555,1,4160,-4.020043,1,0.75,Walking,True,0,0,0
1789904142752,260,437555,1,4160,-4.020043,1,0.75,Walking,True,0,0,0
1789904142752,260,437555,1,4160,-4.020043,1,0.75,Walking,True,0,0,0
1789904142766,261,438986,1,4176,-4.020043,1,0.75,Walking,True,0,0,0
1789904142766,261,438986,1,4176,-4.020043,1,0.75,Walking,True,0,0,0
1789904142766,261,438986,1,4176,-4.020043,1,0.75,Walking,True,0,0,0
1789904142766,261,438986,1,4176,-4.020043,1,0.75,Walking,True,0,0,0
1789904142766,261,438986,1,4176,-4.020043,1,0.75,Walking,True,0,0,0
1789904142766,261,438986,1,4176,-4.020043,1,0.75,Walking,True,0,0,0
1789904142766,261,438986,1,4176,-4.020043,1,0.75,Walking,True,0,0,0
1789904142766,261,438986,1,4176,-4.020043,1,0.75,Walking,True,0,0,0
1789904142782,262,440407,1,4192,-4.020043,1,0.75,Walking,True,0,0,0
1789904142782,262,440407,1,4192,-4.020043,1,0.75,Walking,True,0,0,0
1789904142782,262,440407,1,4192,-4.020043,1,0.75,Walking,True,0,0,0
1789904142782,262,440407,1,4192,-4.020043,1,0.75,Walking,True,0,0,0
1789904142782,262,440407,1,4192,-4.020043,1,0.75,Walking,True,0,0,0
1789904142782,262,440407,1,4192,-4.020043,1,0.75,Walking,True,0,0,0
1789904142782,262,440407,1,4192,-4.020043,1,0.75,Walking,True,0,0,0
1789904142782,262,440407,1,4192,-4.020043,1,0.75,Walking,True,0,0,0
1789904142798,263,441914,1,4208,-4.020043,1,0.75,Walking,True,0,0,0
1789904142798,263,441914,1,4208,-4.020043,1,0.75,Walking,True,0,0,0
1789904142798,263,441914,1,4208,-4.020043,1,0.75,Walking,True,0,0,0
1789904142798,263,441914,1,4208,-4.020043,1,0.75,Walking,True,0,0,0
1789904142798,263,441914,1,4208,-4.020043,1,0.75,Walking,True,0,0,0
1789904142798,263,441914,1,4208,-4.020043,1,0.75,Walking,True,0,0,0
1789904142798,263,441914,1,4208,-4.020043,1,0.75,Walking,True,0,0,0
1789904142798,263,441914,1,4208,-4.020043,1,0.75,Walking,True,0,0,0
1789904143047,264,475129,1,4224,-4.020043,1.061489,0.75,Falling,False,0,3.84304,0
1789904143047,264,475129,1,4224,-4.020043,1.061489,0.75,Falling,False,0,3.84304,0
1789904143047,264,475129,1,4224,-4.020043,1.061489,0.75,Falling,False,0,3.84304,0
1789904143047,264,475129,1,4224,-4.020043,1.061489,0.75,Falling,False,0,3.84304,0
1789904143047,264,475129,1,4224,-4.020043,1.061489,0.75,Falling,False,0,3.84304,0
1789904143047,264,475129,1,4224,-4.020043,1.061489,0.75,Falling,False,0,3.84304,0
1789904143047,264,475129,1,4224,-4.020043,1.061489,0.75,Falling,False,0,3.84304,0
1789904143047,264,475129,1,4224,-4.020043,1.061489,0.75,Falling,False,0,3.84304,0
1789904143064,265,478126,1,4240,-4.020043,1.120466,0.75,Falling,False,0,3.68608,0
1789904143064,265,478126,1,4240,-4.020043,1.120466,0.75,Falling,False,0,3.68608,0
1789904143064,265,478126,1,4240,-4.020043,1.120466,0.75,Falling,False,0,3.68608,0
1789904143064,265,478126,1,4240,-4.020043,1.120466,0.75,Falling,False,0,3.68608,0
1789904143064,265,478126,1,4240,-4.020043,1.120466,0.75,Falling,False,0,3.68608,0
1789904143064,265,478126,1,4240,-4.020043,1.120466,0.75,Falling,False,0,3.68608,0
1789904143064,265,478126,1,4240,-4.020043,1.120466,0.75,Falling,False,0,3.68608,0
1789904143064,265,478126,1,4240,-4.020043,1.120466,0.75,Falling,False,0,3.68608,0
1789904143094,266,479774,1,4256,-4.020043,1.176932,0.75,Falling,False,0,3.52912,0
1789904143094,267,479775,1,4272,-4.020043,1.230886,0.75,Falling,False,0,3.37216,0
1789904143094,267,479775,1,4272,-4.020043,1.230886,0.75,Falling,False,0,3.37216,0
1789904143094,267,479775,1,4272,-4.020043,1.230886,0.75,Falling,False,0,3.37216,0
1789904143094,267,479775,1,4272,-4.020043,1.230886,0.75,Falling,False,0,3.37216,0
1789904143094,267,479775,1,4272,-4.020043,1.230886,0.75,Falling,False,0,3.37216,0
1789904143094,267,479775,1,4272,-4.020043,1.230886,0.75,Falling,False,0,3.37216,0
1789904143094,267,479775,1,4272,-4.020043,1.230886,0.75,Falling,False,0,3.37216,0
1789904143110,268,482985,1,4288,-4.020043,1.28233,0.75,Falling,False,0,3.2152,0
1789904143110,268,482985,1,4288,-4.020043,1.28233,0.75,Falling,False,0,3.2152,0
1789904143110,268,482985,1,4288,-4.020043,1.28233,0.75,Falling,False,0,3.2152,0
1789904143110,268,482985,1,4288,-4.020043,1.28233,0.75,Falling,False,0,3.2152,0
1789904143110,268,482985,1,4288,-4.020043,1.28233,0.75,Falling,False,0,3.2152,0
1789904143110,268,482985,1,4288,-4.020043,1.28233,0.75,Falling,False,0,3.2152,0
1789904143110,268,482985,1,4288,-4.020043,1.28233,0.75,Falling,False,0,3.2152,0
1789904143110,268,482985,1,4288,-4.020043,1.28233,0.75,Falling,False,0,3.2152,0
1789904143125,269,484538,1,4304,-4.020043,1.331262,0.75,Falling,False,0,3.05824,0
1789904143125,269,484538,1,4304,-4.020043,1.331262,0.75,Falling,False,0,3.05824,0
1789904143125,269,484538,1,4304,-4.020043,1.331262,0.75,Falling,False,0,3.05824,0
1789904143125,269,484538,1,4304,-4.020043,1.331262,0.75,Falling,False,0,3.05824,0
1789904143125,269,484538,1,4304,-4.020043,1.331262,0.75,Falling,False,0,3.05824,0
1789904143125,269,484538,1,4304,-4.020043,1.331262,0.75,Falling,False,0,3.05824,0
1789904143125,269,484538,1,4304,-4.020043,1.331262,0.75,Falling,False,0,3.05824,0
1789904143125,269,484538,1,4304,-4.020043,1.331262,0.75,Falling,False,0,3.05824,0
1789904143142,270,486107,1,4320,-4.020043,1.377682,0.75,Falling,False,0,2.90128,0
1789904143142,270,486107,1,4320,-4.020043,1.377682,0.75,Falling,False,0,2.90128,0
1789904143142,270,486107,1,4320,-4.020043,1.377682,0.75,Falling,False,0,2.90128,0
1789904143142,270,486107,1,4320,-4.020043,1.377682,0.75,Falling,False,0,2.90128,0
1789904143142,270,486107,1,4320,-4.020043,1.377682,0.75,Falling,False,0,2.90128,0
1789904143142,270,486107,1,4320,-4.020043,1.377682,0.75,Falling,False,0,2.90128,0
1789904143142,270,486107,1,4320,-4.020043,1.377682,0.75,Falling,False,0,2.90128,0
1789904143142,270,486107,1,4320,-4.020043,1.377682,0.75,Falling,False,0,2.90128,0
1789904143157,271,487796,1,4336,-4.020043,1.421591,0.75,Falling,False,0,2.74432,0
1789904143157,271,487796,1,4336,-4.020043,1.421591,0.75,Falling,False,0,2.74432,0
1789904143157,271,487796,1,4336,-4.020043,1.421591,0.75,Falling,False,0,2.74432,0
1789904143157,271,487796,1,4336,-4.020043,1.421591,0.75,Falling,False,0,2.74432,0
1789904143157,271,487796,1,4336,-4.020043,1.421591,0.75,Falling,False,0,2.74432,0
1789904143157,271,487796,1,4336,-4.020043,1.421591,0.75,Falling,False,0,2.74432,0
1789904143157,271,487796,1,4336,-4.020043,1.421591,0.75,Falling,False,0,2.74432,0
1789904143157,271,487796,1,4336,-4.020043,1.421591,0.75,Falling,False,0,2.74432,0
1789904143172,272,489280,1,4352,-4.020043,1.462989,0.75,Falling,False,0,2.58736,0
1789904143172,272,489280,1,4352,-4.020043,1.462989,0.75,Falling,False,0,2.58736,0
1789904143172,272,489280,1,4352,-4.020043,1.462989,0.75,Falling,False,0,2.58736,0
1789904143172,272,489280,1,4352,-4.020043,1.462989,0.75,Falling,False,0,2.58736,0
1789904143172,272,489280,1,4352,-4.020043,1.462989,0.75,Falling,False,0,2.58736,0
1789904143172,272,489280,1,4352,-4.020043,1.462989,0.75,Falling,False,0,2.58736,0
1789904143172,272,489280,1,4352,-4.020043,1.462989,0.75,Falling,False,0,2.58736,0
1789904143172,272,489280,1,4352,-4.020043,1.462989,0.75,Falling,False,0,2.58736,0
1789904143188,273,490804,1,4368,-4.020043,1.501875,0.75,Falling,False,0,2.4304,0
1789904143188,273,490804,1,4368,-4.020043,1.501875,0.75,Falling,False,0,2.4304,0
1789904143188,273,490804,1,4368,-4.020043,1.501875,0.75,Falling,False,0,2.4304,0
1789904143188,273,490804,1,4368,-4.020043,1.501875,0.75,Falling,False,0,2.4304,0
1789904143188,273,490804,1,4368,-4.020043,1.501875,0.75,Falling,False,0,2.4304,0
1789904143188,273,490804,1,4368,-4.020043,1.501875,0.75,Falling,False,0,2.4304,0
1789904143188,273,490804,1,4368,-4.020043,1.501875,0.75,Falling,False,0,2.4304,0
1789904143188,273,490804,1,4368,-4.020043,1.501875,0.75,Falling,False,0,2.4304,0
1789904143203,274,492485,1,4384,-4.020043,1.53825,0.75,Falling,False,0,2.27344,0
1789904143204,274,492485,1,4384,-4.020043,1.53825,0.75,Falling,False,0,2.27344,0
1789904143204,274,492485,1,4384,-4.020043,1.53825,0.75,Falling,False,0,2.27344,0
1789904143204,274,492485,1,4384,-4.020043,1.53825,0.75,Falling,False,0,2.27344,0
1789904143204,274,492485,1,4384,-4.020043,1.53825,0.75,Falling,False,0,2.27344,0
1789904143204,274,492485,1,4384,-4.020043,1.53825,0.75,Falling,False,0,2.27344,0
1789904143204,274,492485,1,4384,-4.020043,1.53825,0.75,Falling,False,0,2.27344,0
1789904143204,274,492485,1,4384,-4.020043,1.53825,0.75,Falling,False,0,2.27344,0
1789904143219,275,494079,1,4400,-4.020043,1.572114,0.75,Falling,False,0,2.11648,0
1789904143219,275,494079,1,4400,-4.020043,1.572114,0.75,Falling,False,0,2.11648,0
1789904143219,275,494079,1,4400,-4.020043,1.572114,0.75,Falling,False,0,2.11648,0
1789904143219,275,494079,1,4400,-4.020043,1.572114,0.75,Falling,False,0,2.11648,0
1789904143219,275,494079,1,4400,-4.020043,1.572114,0.75,Falling,False,0,2.11648,0
1789904143219,275,494079,1,4400,-4.020043,1.572114,0.75,Falling,False,0,2.11648,0
1789904143219,275,494079,1,4400,-4.020043,1.572114,0.75,Falling,False,0,2.11648,0
1789904143219,275,494079,1,4400,-4.020043,1.572114,0.75,Falling,False,0,2.11648,0
1789904143234,276,495672,1,4416,-4.020043,1.603466,0.75,Falling,False,0,1.95952,0
1789904143234,276,495672,1,4416,-4.020043,1.603466,0.75,Falling,False,0,1.95952,0
1789904143234,276,495672,1,4416,-4.020043,1.603466,0.75,Falling,False,0,1.95952,0
1789904143234,276,495672,1,4416,-4.020043,1.603466,0.75,Falling,False,0,1.95952,0
1789904143234,276,495672,1,4416,-4.020043,1.603466,0.75,Falling,False,0,1.95952,0
1789904143234,276,495672,1,4416,-4.020043,1.603466,0.75,Falling,False,0,1.95952,0
1789904143234,276,495672,1,4416,-4.020043,1.603466,0.75,Falling,False,0,1.95952,0
1789904143234,276,495672,1,4416,-4.020043,1.603466,0.75,Falling,False,0,1.95952,0
1789904143250,277,497237,1,4432,-4.020043,1.632307,0.75,Falling,False,0,1.80256,0
1789904143250,277,497237,1,4432,-4.020043,1.632307,0.75,Falling,False,0,1.80256,0
1789904143250,277,497237,1,4432,-4.020043,1.632307,0.75,Falling,False,0,1.80256,0
1789904143250,277,497237,1,4432,-4.020043,1.632307,0.75,Falling,False,0,1.80256,0
1789904143250,277,497237,1,4432,-4.020043,1.632307,0.75,Falling,False,0,1.80256,0
1789904143250,277,497237,1,4432,-4.020043,1.632307,0.75,Falling,False,0,1.80256,0
1789904143250,277,497237,1,4432,-4.020043,1.632307,0.75,Falling,False,0,1.80256,0
1789904143250,277,497237,1,4432,-4.020043,1.632307,0.75,Falling,False,0,1.80256,0
1789904143265,278,498798,1,4448,-4.020043,1.658637,0.75,Falling,False,0,1.6456,0
1789904143265,278,498798,1,4448,-4.020043,1.658637,0.75,Falling,False,0,1.6456,0
1789904143265,278,498798,1,4448,-4.020043,1.658637,0.75,Falling,False,0,1.6456,0
1789904143265,278,498798,1,4448,-4.020043,1.658637,0.75,Falling,False,0,1.6456,0
1789904143265,278,498798,1,4448,-4.020043,1.658637,0.75,Falling,False,0,1.6456,0
1789904143265,278,498798,1,4448,-4.020043,1.658637,0.75,Falling,False,0,1.6456,0
1789904143265,278,498798,1,4448,-4.020043,1.658637,0.75,Falling,False,0,1.6456,0
1789904143265,278,498798,1,4448,-4.020043,1.658637,0.75,Falling,False,0,1.6456,0
1789904143281,279,500356,1,4464,-4.020043,1.682455,0.75,Falling,False,0,1.48864,0
1789904143281,279,500356,1,4464,-4.020043,1.682455,0.75,Falling,False,0,1.48864,0
1789904143281,279,500356,1,4464,-4.020043,1.682455,0.75,Falling,False,0,1.48864,0
1789904143281,279,500356,1,4464,-4.020043,1.682455,0.75,Falling,False,0,1.48864,0
1789904143281,279,500356,1,4464,-4.020043,1.682455,0.75,Falling,False,0,1.48864,0
1789904143281,279,500356,1,4464,-4.020043,1.682455,0.75,Falling,False,0,1.48864,0
1789904143281,279,500356,1,4464,-4.020043,1.682455,0.75,Falling,False,0,1.48864,0
1789904143281,279,500356,1,4464,-4.020043,1.682455,0.75,Falling,False,0,1.48864,0
1789904143297,280,502008,1,4480,-4.020043,1.703762,0.75,Falling,False,0,1.33168,0
1789904143297,280,502008,1,4480,-4.020043,1.703762,0.75,Falling,False,0,1.33168,0
1789904143297,280,502008,1,4480,-4.020043,1.703762,0.75,Falling,False,0,1.33168,0
1789904143297,280,502008,1,4480,-4.020043,1.703762,0.75,Falling,False,0,1.33168,0
1789904143297,280,502008,1,4480,-4.020043,1.703762,0.75,Falling,False,0,1.33168,0
1789904143297,280,502008,1,4480,-4.020043,1.703762,0.75,Falling,False,0,1.33168,0
1789904143297,280,502008,1,4480,-4.020043,1.703762,0.75,Falling,False,0,1.33168,0
1789904143297,280,502008,1,4480,-4.020043,1.703762,0.75,Falling,False,0,1.33168,0
1789904143313,281,503663,1,4496,-4.020043,1.722558,0.75,Falling,False,0,1.17472,0
1789904143313,281,503663,1,4496,-4.020043,1.722558,0.75,Falling,False,0,1.17472,0
1789904143313,281,503663,1,4496,-4.020043,1.722558,0.75,Falling,False,0,1.17472,0
1789904143313,281,503663,1,4496,-4.020043,1.722558,0.75,Falling,False,0,1.17472,0
1789904143313,281,503663,1,4496,-4.020043,1.722558,0.75,Falling,False,0,1.17472,0
1789904143313,281,503663,1,4496,-4.020043,1.722558,0.75,Falling,False,0,1.17472,0
1789904143313,281,503663,1,4496,-4.020043,1.722558,0.75,Falling,False,0,1.17472,0
1789904143313,281,503663,1,4496,-4.020043,1.722558,0.75,Falling,False,0,1.17472,0
1789904143329,282,505218,1,4512,-4.020043,1.738842,0.75,Falling,False,0,1.01776,0
1789904143329,282,505218,1,4512,-4.020043,1.738842,0.75,Falling,False,0,1.01776,0
1789904143329,282,505218,1,4512,-4.020043,1.738842,0.75,Falling,False,0,1.01776,0
1789904143329,282,505218,1,4512,-4.020043,1.738842,0.75,Falling,False,0,1.01776,0
1789904143329,282,505218,1,4512,-4.020043,1.738842,0.75,Falling,False,0,1.01776,0
1789904143329,282,505218,1,4512,-4.020043,1.738842,0.75,Falling,False,0,1.01776,0
1789904143329,282,505218,1,4512,-4.020043,1.738842,0.75,Falling,False,0,1.01776,0
1789904143329,282,505218,1,4512,-4.020043,1.738842,0.75,Falling,False,0,1.01776,0
1789904143344,283,506737,1,4528,-4.020043,1.752614,0.75,Falling,False,0,0.8608,0
1789904143344,283,506737,1,4528,-4.020043,1.752614,0.75,Falling,False,0,0.8608,0
1789904143344,283,506737,1,4528,-4.020043,1.752614,0.75,Falling,False,0,0.8608,0
1789904143344,283,506737,1,4528,-4.020043,1.752614,0.75,Falling,False,0,0.8608,0
1789904143344,283,506737,1,4528,-4.020043,1.752614,0.75,Falling,False,0,0.8608,0
1789904143344,283,506737,1,4528,-4.020043,1.752614,0.75,Falling,False,0,0.8608,0
1789904143344,283,506737,1,4528,-4.020043,1.752614,0.75,Falling,False,0,0.8608,0
1789904143344,283,506737,1,4528,-4.020043,1.752614,0.75,Falling,False,0,0.8608,0
1789904143360,284,508322,1,4544,-4.020043,1.763876,0.75,Falling,False,0,0.70384,0
1789904143360,284,508322,1,4544,-4.020043,1.763876,0.75,Falling,False,0,0.70384,0
1789904143360,284,508322,1,4544,-4.020043,1.763876,0.75,Falling,False,0,0.70384,0
1789904143360,284,508322,1,4544,-4.020043,1.763876,0.75,Falling,False,0,0.70384,0
1789904143360,284,508322,1,4544,-4.020043,1.763876,0.75,Falling,False,0,0.70384,0
1789904143360,284,508322,1,4544,-4.020043,1.763876,0.75,Falling,False,0,0.70384,0
1789904143360,284,508322,1,4544,-4.020043,1.763876,0.75,Falling,False,0,0.70384,0
1789904143360,284,508322,1,4544,-4.020043,1.763876,0.75,Falling,False,0,0.70384,0
1789904143375,285,509937,1,4560,-4.020043,1.772626,0.75,Falling,False,0,0.54688,0
1789904143375,285,509937,1,4560,-4.020043,1.772626,0.75,Falling,False,0,0.54688,0
1789904143375,285,509937,1,4560,-4.020043,1.772626,0.75,Falling,False,0,0.54688,0
1789904143375,285,509937,1,4560,-4.020043,1.772626,0.75,Falling,False,0,0.54688,0
1789904143375,285,509937,1,4560,-4.020043,1.772626,0.75,Falling,False,0,0.54688,0
1789904143375,285,509937,1,4560,-4.020043,1.772626,0.75,Falling,False,0,0.54688,0
1789904143375,285,509937,1,4560,-4.020043,1.772626,0.75,Falling,False,0,0.54688,0
1789904143375,285,509937,1,4560,-4.020043,1.772626,0.75,Falling,False,0,0.54688,0
1789904143391,286,511350,1,4576,-4.020043,1.778865,0.75,Falling,False,0,0.38992,0
1789904143391,286,511350,1,4576,-4.020043,1.778865,0.75,Falling,False,0,0.38992,0
1789904143391,286,511350,1,4576,-4.020043,1.778865,0.75,Falling,False,0,0.38992,0
1789904143391,286,511350,1,4576,-4.020043,1.778865,0.75,Falling,False,0,0.38992,0
1789904143391,286,511350,1,4576,-4.020043,1.778865,0.75,Falling,False,0,0.38992,0
1789904143391,286,511350,1,4576,-4.020043,1.778865,0.75,Falling,False,0,0.38992,0
1789904143391,286,511350,1,4576,-4.020043,1.778865,0.75,Falling,False,0,0.38992,0
1789904143391,286,511350,1,4576,-4.020043,1.778865,0.75,Falling,False,0,0.38992,0
1789904143408,287,513044,1,4592,-4.020043,1.782592,0.75,Falling,False,0,0.23296,0
1789904143408,287,513044,1,4592,-4.020043,1.782592,0.75,Falling,False,0,0.23296,0
1789904143408,287,513044,1,4592,-4.020043,1.782592,0.75,Falling,False,0,0.23296,0
1789904143408,287,513044,1,4592,-4.020043,1.782592,0.75,Falling,False,0,0.23296,0
1789904143408,287,513044,1,4592,-4.020043,1.782592,0.75,Falling,False,0,0.23296,0
1789904143408,287,513044,1,4592,-4.020043,1.782592,0.75,Falling,False,0,0.23296,0
1789904143408,287,513044,1,4592,-4.020043,1.782592,0.75,Falling,False,0,0.23296,0
1789904143408,287,513044,1,4592,-4.020043,1.782592,0.75,Falling,False,0,0.23296,0
1789904143424,288,514732,1,4608,-4.020043,1.783808,0.75,Falling,False,0,0.076,0
1789904143424,288,514732,1,4608,-4.020043,1.783808,0.75,Falling,False,0,0.076,0
1789904143424,288,514732,1,4608,-4.020043,1.783808,0.75,Falling,False,0,0.076,0
1789904143424,288,514732,1,4608,-4.020043,1.783808,0.75,Falling,False,0,0.076,0
1789904143424,288,514732,1,4608,-4.020043,1.783808,0.75,Falling,False,0,0.076,0
1789904143424,288,514732,1,4608,-4.020043,1.783808,0.75,Falling,False,0,0.076,0
1789904143424,288,514732,1,4608,-4.020043,1.783808,0.75,Falling,False,0,0.076,0
1789904143424,288,514732,1,4608,-4.020043,1.783808,0.75,Falling,False,0,0.076,0
1789904143439,289,516304,1,4624,-4.020043,1.782513,0.75,Falling,False,0,-0.08096,0
1789904143439,289,516304,1,4624,-4.020043,1.782513,0.75,Falling,False,0,-0.08096,0
1789904143439,289,516304,1,4624,-4.020043,1.782513,0.75,Falling,False,0,-0.08096,0
1789904143439,289,516304,1,4624,-4.020043,1.782513,0.75,Falling,False,0,-0.08096,0
1789904143439,289,516304,1,4624,-4.020043,1.782513,0.75,Falling,False,0,-0.08096,0
1789904143439,289,516304,1,4624,-4.020043,1.782513,0.75,Falling,False,0,-0.08096,0
1789904143439,289,516304,1,4624,-4.020043,1.782513,0.75,Falling,False,0,-0.08096,0
1789904143439,289,516304,1,4624,-4.020043,1.782513,0.75,Falling,False,0,-0.08096,0
1789904143455,290,517840,1,4640,-4.020043,1.778706,0.75,Falling,False,0,-0.23792,0
1789904143455,290,517840,1,4640,-4.020043,1.778706,0.75,Falling,False,0,-0.23792,0
1789904143455,290,517840,1,4640,-4.020043,1.778706,0.75,Falling,False,0,-0.23792,0
1789904143455,290,517840,1,4640,-4.020043,1.778706,0.75,Falling,False,0,-0.23792,0
1789904143455,290,517840,1,4640,-4.020043,1.778706,0.75,Falling,False,0,-0.23792,0
1789904143455,290,517840,1,4640,-4.020043,1.778706,0.75,Falling,False,0,-0.23792,0
1789904143455,290,517840,1,4640,-4.020043,1.778706,0.75,Falling,False,0,-0.23792,0
1789904143455,290,517840,1,4640,-4.020043,1.778706,0.75,Falling,False,0,-0.23792,0
1789904143470,291,519391,1,4656,-4.020043,1.772388,0.75,Falling,False,0,-0.39488,0
1789904143470,291,519391,1,4656,-4.020043,1.772388,0.75,Falling,False,0,-0.39488,0
1789904143470,291,519391,1,4656,-4.020043,1.772388,0.75,Falling,False,0,-0.39488,0
1789904143470,291,519391,1,4656,-4.020043,1.772388,0.75,Falling,False,0,-0.39488,0
1789904143470,291,519391,1,4656,-4.020043,1.772388,0.75,Falling,False,0,-0.39488,0
1789904143470,291,519391,1,4656,-4.020043,1.772388,0.75,Falling,False,0,-0.39488,0
1789904143470,291,519391,1,4656,-4.020043,1.772388,0.75,Falling,False,0,-0.39488,0
1789904143470,291,519391,1,4656,-4.020043,1.772388,0.75,Falling,False,0,-0.39488,0
1789904143486,292,520879,1,4672,-4.020043,1.763559,0.75,Falling,False,0,-0.55184,0
1789904143486,292,520879,1,4672,-4.020043,1.763559,0.75,Falling,False,0,-0.55184,0
1789904143486,292,520879,1,4672,-4.020043,1.763559,0.75,Falling,False,0,-0.55184,0
1789904143486,292,520879,1,4672,-4.020043,1.763559,0.75,Falling,False,0,-0.55184,0
1789904143486,292,520879,1,4672,-4.020043,1.763559,0.75,Falling,False,0,-0.55184,0
1789904143486,292,520879,1,4672,-4.020043,1.763559,0.75,Falling,False,0,-0.55184,0
1789904143486,292,520879,1,4672,-4.020043,1.763559,0.75,Falling,False,0,-0.55184,0
1789904143486,292,520879,1,4672,-4.020043,1.763559,0.75,Falling,False,0,-0.55184,0
1789904143501,293,522446,1,4688,-4.020043,1.752218,0.75,Falling,False,0,-0.7088,0
1789904143501,293,522446,1,4688,-4.020043,1.752218,0.75,Falling,False,0,-0.7088,0
1789904143501,293,522446,1,4688,-4.020043,1.752218,0.75,Falling,False,0,-0.7088,0
1789904143501,293,522446,1,4688,-4.020043,1.752218,0.75,Falling,False,0,-0.7088,0
1789904143501,293,522446,1,4688,-4.020043,1.752218,0.75,Falling,False,0,-0.7088,0
1789904143501,293,522446,1,4688,-4.020043,1.752218,0.75,Falling,False,0,-0.7088,0
1789904143501,293,522446,1,4688,-4.020043,1.752218,0.75,Falling,False,0,-0.7088,0
1789904143501,293,522446,1,4688,-4.020043,1.752218,0.75,Falling,False,0,-0.7088,0
1789904143516,294,523936,1,4704,-4.020043,1.738366,0.75,Falling,False,0,-0.86576,0
1789904143516,294,523936,1,4704,-4.020043,1.738366,0.75,Falling,False,0,-0.86576,0
1789904143516,294,523936,1,4704,-4.020043,1.738366,0.75,Falling,False,0,-0.86576,0
1789904143516,294,523936,1,4704,-4.020043,1.738366,0.75,Falling,False,0,-0.86576,0
1789904143516,294,523936,1,4704,-4.020043,1.738366,0.75,Falling,False,0,-0.86576,0
1789904143516,294,523936,1,4704,-4.020043,1.738366,0.75,Falling,False,0,-0.86576,0
1789904143516,294,523936,1,4704,-4.020043,1.738366,0.75,Falling,False,0,-0.86576,0
1789904143516,294,523936,1,4704,-4.020043,1.738366,0.75,Falling,False,0,-0.86576,0
1789904143532,295,525377,1,4720,-4.020043,1.722002,0.75,Falling,False,0,-1.02272,0
1789904143532,295,525377,1,4720,-4.020043,1.722002,0.75,Falling,False,0,-1.02272,0
1789904143532,295,525377,1,4720,-4.020043,1.722002,0.75,Falling,False,0,-1.02272,0
1789904143532,295,525377,1,4720,-4.020043,1.722002,0.75,Falling,False,0,-1.02272,0
1789904143532,295,525377,1,4720,-4.020043,1.722002,0.75,Falling,False,0,-1.02272,0
1789904143532,295,525377,1,4720,-4.020043,1.722002,0.75,Falling,False,0,-1.02272,0
1789904143532,295,525377,1,4720,-4.020043,1.722002,0.75,Falling,False,0,-1.02272,0
1789904143532,295,525377,1,4720,-4.020043,1.722002,0.75,Falling,False,0,-1.02272,0
1789904143549,296,526894,1,4736,-4.020043,1.703127,0.75,Falling,False,0,-1.17968,0
1789904143549,296,526894,1,4736,-4.020043,1.703127,0.75,Falling,False,0,-1.17968,0
1789904143549,296,526894,1,4736,-4.020043,1.703127,0.75,Falling,False,0,-1.17968,0
1789904143549,296,526894,1,4736,-4.020043,1.703127,0.75,Falling,False,0,-1.17968,0
1789904143549,296,526894,1,4736,-4.020043,1.703127,0.75,Falling,False,0,-1.17968,0
1789904143549,296,526894,1,4736,-4.020043,1.703127,0.75,Falling,False,0,-1.17968,0
1789904143549,296,526894,1,4736,-4.020043,1.703127,0.75,Falling,False,0,-1.17968,0
1789904143549,296,526894,1,4736,-4.020043,1.703127,0.75,Falling,False,0,-1.17968,0
1789904143564,297,528500,1,4752,-4.020043,1.681741,0.75,Falling,False,0,-1.33664,0
1789904143564,297,528500,1,4752,-4.020043,1.681741,0.75,Falling,False,0,-1.33664,0
1789904143564,297,528500,1,4752,-4.020043,1.681741,0.75,Falling,False,0,-1.33664,0
1789904143564,297,528500,1,4752,-4.020043,1.681741,0.75,Falling,False,0,-1.33664,0
1789904143564,297,528500,1,4752,-4.020043,1.681741,0.75,Falling,False,0,-1.33664,0
1789904143564,297,528500,1,4752,-4.020043,1.681741,0.75,Falling,False,0,-1.33664,0
1789904143564,297,528500,1,4752,-4.020043,1.681741,0.75,Falling,False,0,-1.33664,0
1789904143564,297,528500,1,4752,-4.020043,1.681741,0.75,Falling,False,0,-1.33664,0
1789904143580,298,530068,1,4768,-4.020043,1.657843,0.75,Falling,False,0,-1.4936,0
1789904143580,298,530068,1,4768,-4.020043,1.657843,0.75,Falling,False,0,-1.4936,0
1789904143580,298,530068,1,4768,-4.020043,1.657843,0.75,Falling,False,0,-1.4936,0
1789904143580,298,530068,1,4768,-4.020043,1.657843,0.75,Falling,False,0,-1.4936,0
1789904143580,298,530068,1,4768,-4.020043,1.657843,0.75,Falling,False,0,-1.4936,0
1789904143580,298,530068,1,4768,-4.020043,1.657843,0.75,Falling,False,0,-1.4936,0
1789904143580,298,530068,1,4768,-4.020043,1.657843,0.75,Falling,False,0,-1.4936,0
1789904143580,298,530068,1,4768,-4.020043,1.657843,0.75,Falling,False,0,-1.4936,0
1789904143595,299,531641,1,4784,-4.020043,1.631434,0.75,Falling,False,0,-1.65056,0
1789904143595,299,531641,1,4784,-4.020043,1.631434,0.75,Falling,False,0,-1.65056,0
1789904143595,299,531641,1,4784,-4.020043,1.631434,0.75,Falling,False,0,-1.65056,0
1789904143595,299,531641,1,4784,-4.020043,1.631434,0.75,Falling,False,0,-1.65056,0
1789904143595,299,531641,1,4784,-4.020043,1.631434,0.75,Falling,False,0,-1.65056,0
1789904143595,299,531641,1,4784,-4.020043,1.631434,0.75,Falling,False,0,-1.65056,0
1789904143595,299,531641,1,4784,-4.020043,1.631434,0.75,Falling,False,0,-1.65056,0
1789904143595,299,531641,1,4784,-4.020043,1.631434,0.75,Falling,False,0,-1.65056,0
1789904143611,300,533079,1,4800,-4.020043,1.602514,0.75,Falling,False,0,-1.80752,0
1789904143611,300,533079,1,4800,-4.020043,1.602514,0.75,Falling,False,0,-1.80752,0
1789904143611,300,533079,1,4800,-4.020043,1.602514,0.75,Falling,False,0,-1.80752,0
1789904143611,300,533079,1,4800,-4.020043,1.602514,0.75,Falling,False,0,-1.80752,0
1789904143611,300,533079,1,4800,-4.020043,1.602514,0.75,Falling,False,0,-1.80752,0
1789904143611,300,533079,1,4800,-4.020043,1.602514,0.75,Falling,False,0,-1.80752,0
1789904143611,300,533079,1,4800,-4.020043,1.602514,0.75,Falling,False,0,-1.80752,0
1789904143611,300,533079,1,4800,-4.020043,1.602514,0.75,Falling,False,0,-1.80752,0
1789904143626,301,534562,1,4816,-4.020043,1.571082,0.75,Falling,False,0,-1.96448,0
1789904143626,301,534562,1,4816,-4.020043,1.571082,0.75,Falling,False,0,-1.96448,0
1789904143626,301,534562,1,4816,-4.020043,1.571082,0.75,Falling,False,0,-1.96448,0
1789904143626,301,534562,1,4816,-4.020043,1.571082,0.75,Falling,False,0,-1.96448,0
1789904143626,301,534562,1,4816,-4.020043,1.571082,0.75,Falling,False,0,-1.96448,0
1789904143626,301,534562,1,4816,-4.020043,1.571082,0.75,Falling,False,0,-1.96448,0
1789904143626,301,534562,1,4816,-4.020043,1.571082,0.75,Falling,False,0,-1.96448,0
1789904143626,301,534562,1,4816,-4.020043,1.571082,0.75,Falling,False,0,-1.96448,0
1789904143642,302,536034,1,4832,-4.020043,1.537139,0.75,Falling,False,0,-2.12144,0
1789904143642,302,536034,1,4832,-4.020043,1.537139,0.75,Falling,False,0,-2.12144,0
1789904143642,302,536034,1,4832,-4.020043,1.537139,0.75,Falling,False,0,-2.12144,0
1789904143642,302,536034,1,4832,-4.020043,1.537139,0.75,Falling,False,0,-2.12144,0
1789904143642,302,536034,1,4832,-4.020043,1.537139,0.75,Falling,False,0,-2.12144,0
1789904143642,302,536034,1,4832,-4.020043,1.537139,0.75,Falling,False,0,-2.12144,0
1789904143642,302,536034,1,4832,-4.020043,1.537139,0.75,Falling,False,0,-2.12144,0
1789904143642,302,536034,1,4832,-4.020043,1.537139,0.75,Falling,False,0,-2.12144,0
1789904143659,303,537585,1,4848,-4.020043,1.500685,0.75,Falling,False,0,-2.2784,0
1789904143659,303,537585,1,4848,-4.020043,1.500685,0.75,Falling,False,0,-2.2784,0
1789904143659,303,537585,1,4848,-4.020043,1.500685,0.75,Falling,False,0,-2.2784,0
1789904143659,303,537585,1,4848,-4.020043,1.500685,0.75,Falling,False,0,-2.2784,0
1789904143659,303,537585,1,4848,-4.020043,1.500685,0.75,Falling,False,0,-2.2784,0
1789904143659,303,537585,1,4848,-4.020043,1.500685,0.75,Falling,False,0,-2.2784,0
1789904143659,303,537585,1,4848,-4.020043,1.500685,0.75,Falling,False,0,-2.2784,0
1789904143659,303,537585,1,4848,-4.020043,1.500685,0.75,Falling,False,0,-2.2784,0
1789904143675,304,539197,1,4864,-4.020043,1.461719,0.75,Falling,False,0,-2.43536,0
1789904143675,304,539197,1,4864,-4.020043,1.461719,0.75,Falling,False,0,-2.43536,0
1789904143675,304,539197,1,4864,-4.020043,1.461719,0.75,Falling,False,0,-2.43536,0
1789904143675,304,539197,1,4864,-4.020043,1.461719,0.75,Falling,False,0,-2.43536,0
1789904143675,304,539197,1,4864,-4.020043,1.461719,0.75,Falling,False,0,-2.43536,0
1789904143675,304,539197,1,4864,-4.020043,1.461719,0.75,Falling,False,0,-2.43536,0
1789904143675,304,539197,1,4864,-4.020043,1.461719,0.75,Falling,False,0,-2.43536,0
1789904143675,304,539197,1,4864,-4.020043,1.461719,0.75,Falling,False,0,-2.43536,0
1789904143691,305,540800,1,4880,-4.020043,1.420242,0.75,Falling,False,0,-2.59232,0
1789904143691,305,540800,1,4880,-4.020043,1.420242,0.75,Falling,False,0,-2.59232,0
1789904143691,305,540800,1,4880,-4.020043,1.420242,0.75,Falling,False,0,-2.59232,0
1789904143691,305,540800,1,4880,-4.020043,1.420242,0.75,Falling,False,0,-2.59232,0
1789904143691,305,540800,1,4880,-4.020043,1.420242,0.75,Falling,False,0,-2.59232,0
1789904143691,305,540800,1,4880,-4.020043,1.420242,0.75,Falling,False,0,-2.59232,0
1789904143691,305,540800,1,4880,-4.020043,1.420242,0.75,Falling,False,0,-2.59232,0
1789904143691,305,540800,1,4880,-4.020043,1.420242,0.75,Falling,False,0,-2.59232,0
1789904143706,306,542354,1,4896,-4.020043,1.376253,0.75,Falling,False,0,-2.74928,0
1789904143706,306,542354,1,4896,-4.020043,1.376253,0.75,Falling,False,0,-2.74928,0
1789904143706,306,542354,1,4896,-4.020043,1.376253,0.75,Falling,False,0,-2.74928,0
1789904143706,306,542354,1,4896,-4.020043,1.376253,0.75,Falling,False,0,-2.74928,0
1789904143706,306,542354,1,4896,-4.020043,1.376253,0.75,Falling,False,0,-2.74928,0
1789904143706,306,542354,1,4896,-4.020043,1.376253,0.75,Falling,False,0,-2.74928,0
1789904143706,306,542354,1,4896,-4.020043,1.376253,0.75,Falling,False,0,-2.74928,0
1789904143706,306,542354,1,4896,-4.020043,1.376253,0.75,Falling,False,0,-2.74928,0
1789904143722,307,543834,1,4912,-4.020043,1.329754,0.75,Falling,False,0,-2.90624,0
1789904143722,307,543834,1,4912,-4.020043,1.329754,0.75,Falling,False,0,-2.90624,0
1789904143722,307,543834,1,4912,-4.020043,1.329754,0.75,Falling,False,0,-2.90624,0
1789904143722,307,543834,1,4912,-4.020043,1.329754,0.75,Falling,False,0,-2.90624,0
1789904143722,307,543834,1,4912,-4.020043,1.329754,0.75,Falling,False,0,-2.90624,0
1789904143722,307,543834,1,4912,-4.020043,1.329754,0.75,Falling,False,0,-2.90624,0
1789904143722,307,543834,1,4912,-4.020043,1.329754,0.75,Falling,False,0,-2.90624,0
1789904143722,307,543834,1,4912,-4.020043,1.329754,0.75,Falling,False,0,-2.90624,0
1789904143737,308,545351,1,4928,-4.020043,1.280742,0.75,Falling,False,0,-3.0632,0
1789904143737,308,545351,1,4928,-4.020043,1.280742,0.75,Falling,False,0,-3.0632,0
1789904143737,308,545351,1,4928,-4.020043,1.280742,0.75,Falling,False,0,-3.0632,0
1789904143737,308,545351,1,4928,-4.020043,1.280742,0.75,Falling,False,0,-3.0632,0
1789904143737,308,545351,1,4928,-4.020043,1.280742,0.75,Falling,False,0,-3.0632,0
1789904143737,308,545351,1,4928,-4.020043,1.280742,0.75,Falling,False,0,-3.0632,0
1789904143737,308,545351,1,4928,-4.020043,1.280742,0.75,Falling,False,0,-3.0632,0
1789904143738,308,545351,1,4928,-4.020043,1.280742,0.75,Falling,False,0,-3.0632,0
1789904143753,309,546788,1,4944,-4.020043,1.22922,0.75,Falling,False,0,-3.22016,0
1789904143753,309,546788,1,4944,-4.020043,1.22922,0.75,Falling,False,0,-3.22016,0
1789904143753,309,546788,1,4944,-4.020043,1.22922,0.75,Falling,False,0,-3.22016,0
1789904143753,309,546788,1,4944,-4.020043,1.22922,0.75,Falling,False,0,-3.22016,0
1789904143753,309,546788,1,4944,-4.020043,1.22922,0.75,Falling,False,0,-3.22016,0
1789904143753,309,546788,1,4944,-4.020043,1.22922,0.75,Falling,False,0,-3.22016,0
1789904143753,309,546788,1,4944,-4.020043,1.22922,0.75,Falling,False,0,-3.22016,0
1789904143753,309,546788,1,4944,-4.020043,1.22922,0.75,Falling,False,0,-3.22016,0
1789904143769,310,548294,1,4960,-4.020043,1.175186,0.75,Falling,False,0,-3.37712,0
1789904143769,310,548294,1,4960,-4.020043,1.175186,0.75,Falling,False,0,-3.37712,0
1789904143769,310,548294,1,4960,-4.020043,1.175186,0.75,Falling,False,0,-3.37712,0
1789904143769,310,548294,1,4960,-4.020043,1.175186,0.75,Falling,False,0,-3.37712,0
1789904143769,310,548294,1,4960,-4.020043,1.175186,0.75,Falling,False,0,-3.37712,0
1789904143769,310,548294,1,4960,-4.020043,1.175186,0.75,Falling,False,0,-3.37712,0
1789904143769,310,548294,1,4960,-4.020043,1.175186,0.75,Falling,False,0,-3.37712,0
1789904143769,310,548294,1,4960,-4.020043,1.175186,0.75,Falling,False,0,-3.37712,0
1789904143785,311,549850,1,4976,-4.020043,1.118641,0.75,Falling,False,0,-3.534081,0
1789904143785,311,549850,1,4976,-4.020043,1.118641,0.75,Falling,False,0,-3.534081,0
1789904143785,311,549850,1,4976,-4.020043,1.118641,0.75,Falling,False,0,-3.534081,0
1789904143785,311,549850,1,4976,-4.020043,1.118641,0.75,Falling,False,0,-3.534081,0
1789904143785,311,549850,1,4976,-4.020043,1.118641,0.75,Falling,False,0,-3.534081,0
1789904143785,311,549850,1,4976,-4.020043,1.118641,0.75,Falling,False,0,-3.534081,0
1789904143785,311,549850,1,4976,-4.020043,1.118641,0.75,Falling,False,0,-3.534081,0
1789904143785,311,549850,1,4976,-4.020043,1.118641,0.75,Falling,False,0,-3.534081,0
1789904143817,312,551394,1,4992,-4.020043,1.059584,0.75,Falling,False,0,-3.691041,0
1789904143817,312,551394,1,4992,-4.020043,1.059584,0.75,Falling,False,0,-3.691041,0
1789904143817,312,551394,1,4992,-4.020043,1.059584,0.75,Falling,False,0,-3.691041,0
1789904143817,312,551394,1,4992,-4.020043,1.059584,0.75,Falling,False,0,-3.691041,0
1789904143817,312,551394,1,4992,-4.020043,1.059584,0.75,Falling,False,0,-3.691041,0
1789904143817,312,551394,1,4992,-4.020043,1.059584,0.75,Falling,False,0,-3.691041,0
1789904143817,312,551394,1,4992,-4.020043,1.059584,0.75,Falling,False,0,-3.691041,0
1789904143817,312,551394,1,4992,-4.020043,1.059584,0.75,Falling,False,0,-3.691041,0
1789904143847,314,554324,1,5024,-4.020043,1,0.75,Walking,True,0,0,0
1789904143847,314,554324,1,5024,-4.020043,1,0.75,Walking,True,0,0,0
1789904143847,314,554324,1,5024,-4.020043,1,0.75,Walking,True,0,0,0
1789904143847,314,554324,1,5024,-4.020043,1,0.75,Walking,True,0,0,0
1789904143847,314,554324,1,5024,-4.020043,1,0.75,Walking,True,0,0,0
1789904143847,314,554324,1,5024,-4.020043,1,0.75,Walking,True,0,0,0
1789904143847,314,554324,1,5024,-4.020043,1,0.75,Walking,True,0,0,0
1789904143847,314,554324,1,5024,-4.020043,1,0.75,Walking,True,0,0,0
1789904143863,315,556543,1,5040,-4.020043,1,0.75,Walking,True,0,0,0
1789904143863,315,556543,1,5040,-4.020043,1,0.75,Walking,True,0,0,0
1789904143863,315,556543,1,5040,-4.020043,1,0.75,Walking,True,0,0,0
1789904143863,315,556543,1,5040,-4.020043,1,0.75,Walking,True,0,0,0
1789904143863,315,556543,1,5040,-4.020043,1,0.75,Walking,True,0,0,0
1789904143863,315,556543,1,5040,-4.020043,1,0.75,Walking,True,0,0,0
1789904143863,315,556543,1,5040,-4.020043,1,0.75,Walking,True,0,0,0
1789904143863,315,556543,1,5040,-4.020043,1,0.75,Walking,True,0,0,0
1789904143878,316,557837,1,5056,-4.020043,1,0.75,Walking,True,0,0,0
1789904143878,316,557837,1,5056,-4.020043,1,0.75,Walking,True,0,0,0
1789904143878,316,557837,1,5056,-4.020043,1,0.75,Walking,True,0,0,0
1789904143878,316,557837,1,5056,-4.020043,1,0.75,Walking,True,0,0,0
1789904143878,316,557837,1,5056,-4.020043,1,0.75,Walking,True,0,0,0
1789904143878,316,557837,1,5056,-4.020043,1,0.75,Walking,True,0,0,0
1789904143878,316,557837,1,5056,-4.020043,1,0.75,Walking,True,0,0,0
1789904143878,316,557837,1,5056,-4.020043,1,0.75,Walking,True,0,0,0
1789904143893,317,559076,1,5072,-4.020043,1,0.75,Walking,True,0,0,0
1789904143893,317,559076,1,5072,-4.020043,1,0.75,Walking,True,0,0,0
1789904143893,317,559076,1,5072,-4.020043,1,0.75,Walking,True,0,0,0
1789904143893,317,559076,1,5072,-4.020043,1,0.75,Walking,True,0,0,0
1789904143893,317,559076,1,5072,-4.020043,1,0.75,Walking,True,0,0,0
1789904143893,317,559076,1,5072,-4.020043,1,0.75,Walking,True,0,0,0
1789904143893,317,559076,1,5072,-4.020043,1,0.75,Walking,True,0,0,0
1789904143893,317,559076,1,5072,-4.020043,1,0.75,Walking,True,0,0,0
1789904143909,318,560429,1,5088,-4.020043,1,0.75,Walking,True,0,0,0
1789904143909,318,560429,1,5088,-4.020043,1,0.75,Walking,True,0,0,0
1789904143909,318,560429,1,5088,-4.020043,1,0.75,Walking,True,0,0,0
1789904143909,318,560429,1,5088,-4.020043,1,0.75,Walking,True,0,0,0
1789904143909,318,560429,1,5088,-4.020043,1,0.75,Walking,True,0,0,0
1789904143909,318,560429,1,5088,-4.020043,1,0.75,Walking,True,0,0,0
1789904143909,318,560429,1,5088,-4.020043,1,0.75,Walking,True,0,0,0
1789904143909,318,560429,1,5088,-4.020043,1,0.75,Walking,True,0,0,0
1789904143924,319,561888,1,5104,-4.020043,1,0.75,Walking,True,0,0,0
1789904143924,319,561888,1,5104,-4.020043,1,0.75,Walking,True,0,0,0
1789904143924,319,561888,1,5104,-4.020043,1,0.75,Walking,True,0,0,0
1789904143924,319,561888,1,5104,-4.020043,1,0.75,Walking,True,0,0,0
1789904143924,319,561888,1,5104,-4.020043,1,0.75,Walking,True,0,0,0
1789904143924,319,561888,1,5104,-4.020043,1,0.75,Walking,True,0,0,0
1789904143924,319,561888,1,5104,-4.020043,1,0.75,Walking,True,0,0,0
1789904143924,319,561888,1,5104,-4.020043,1,0.75,Walking,True,0,0,0
1789904143940,320,563023,1,5120,-4.020043,1,0.75,Walking,True,0,0,0
1789904143940,320,563023,1,5120,-4.020043,1,0.75,Walking,True,0,0,0
1789904143940,320,563023,1,5120,-4.020043,1,0.75,Walking,True,0,0,0
1789904143940,320,563023,1,5120,-4.020043,1,0.75,Walking,True,0,0,0
1789904143940,320,563023,1,5120,-4.020043,1,0.75,Walking,True,0,0,0
1789904143940,320,563023,1,5120,-4.020043,1,0.75,Walking,True,0,0,0
1789904143940,320,563023,1,5120,-4.020043,1,0.75,Walking,True,0,0,0
1789904143940,320,563023,1,5120,-4.020043,1,0.75,Walking,True,0,0,0
1789904143955,321,564210,1,5136,-4.020043,1,0.75,Walking,True,0,0,0
1789904143955,321,564210,1,5136,-4.020043,1,0.75,Walking,True,0,0,0
1789904143955,321,564210,1,5136,-4.020043,1,0.75,Walking,True,0,0,0
1789904143955,321,564210,1,5136,-4.020043,1,0.75,Walking,True,0,0,0
1789904143955,321,564210,1,5136,-4.020043,1,0.75,Walking,True,0,0,0
1789904143955,321,564210,1,5136,-4.020043,1,0.75,Walking,True,0,0,0
1789904143955,321,564210,1,5136,-4.020043,1,0.75,Walking,True,0,0,0
1789904143955,321,564210,1,5136,-4.020043,1,0.75,Walking,True,0,0,0
1789904143971,322,565363,1,5152,-4.020043,1,0.75,Walking,True,0,0,0
1789904143971,322,565363,1,5152,-4.020043,1,0.75,Walking,True,0,0,0
1789904143971,322,565363,1,5152,-4.020043,1,0.75,Walking,True,0,0,0
1789904143971,322,565363,1,5152,-4.020043,1,0.75,Walking,True,0,0,0
1789904143971,322,565363,1,5152,-4.020043,1,0.75,Walking,True,0,0,0
1789904143971,322,565363,1,5152,-4.020043,1,0.75,Walking,True,0,0,0
1789904143971,322,565363,1,5152,-4.020043,1,0.75,Walking,True,0,0,0
1789904143971,322,565363,1,5152,-4.020043,1,0.75,Walking,True,0,0,0
1789904143986,323,566536,1,5168,-4.020043,1,0.75,Walking,True,0,0,0
1789904143986,323,566536,1,5168,-4.020043,1,0.75,Walking,True,0,0,0
1789904143986,323,566536,1,5168,-4.020043,1,0.75,Walking,True,0,0,0
1789904143986,323,566536,1,5168,-4.020043,1,0.75,Walking,True,0,0,0
1789904143986,323,566536,1,5168,-4.020043,1,0.75,Walking,True,0,0,0
1789904143986,323,566536,1,5168,-4.020043,1,0.75,Walking,True,0,0,0
1789904143986,323,566536,1,5168,-4.020043,1,0.75,Walking,True,0,0,0
1789904143986,323,566536,1,5168,-4.020043,1,0.75,Walking,True,0,0,0
1789904144001,324,567770,1,5184,-4.020043,1,0.75,Walking,True,0,0,0
1789904144001,324,567770,1,5184,-4.020043,1,0.75,Walking,True,0,0,0
1789904144001,324,567770,1,5184,-4.020043,1,0.75,Walking,True,0,0,0
1789904144001,324,567770,1,5184,-4.020043,1,0.75,Walking,True,0,0,0
1789904144001,324,567770,1,5184,-4.020043,1,0.75,Walking,True,0,0,0
1789904144001,324,567770,1,5184,-4.020043,1,0.75,Walking,True,0,0,0
1789904144001,324,567770,1,5184,-4.020043,1,0.75,Walking,True,0,0,0
1789904144001,324,567770,1,5184,-4.020043,1,0.75,Walking,True,0,0,0
1789904144016,325,568974,1,5200,-4.020043,1,0.75,Walking,True,0,0,0
1789904144016,325,568974,1,5200,-4.020043,1,0.75,Walking,True,0,0,0
1789904144016,325,568974,1,5200,-4.020043,1,0.75,Walking,True,0,0,0
1789904144016,325,568974,1,5200,-4.020043,1,0.75,Walking,True,0,0,0
1789904144016,325,568974,1,5200,-4.020043,1,0.75,Walking,True,0,0,0
1789904144016,325,568974,1,5200,-4.020043,1,0.75,Walking,True,0,0,0
1789904144016,325,568974,1,5200,-4.020043,1,0.75,Walking,True,0,0,0
1789904144016,325,568974,1,5200,-4.020043,1,0.75,Walking,True,0,0,0
1789904144031,326,570119,1,5216,-4.020043,1,0.75,Walking,True,0,0,0
1789904144031,326,570119,1,5216,-4.020043,1,0.75,Walking,True,0,0,0
1789904144031,326,570119,1,5216,-4.020043,1,0.75,Walking,True,0,0,0
1789904144031,326,570119,1,5216,-4.020043,1,0.75,Walking,True,0,0,0
1789904144031,326,570119,1,5216,-4.020043,1,0.75,Walking,True,0,0,0
1789904144031,326,570119,1,5216,-4.020043,1,0.75,Walking,True,0,0,0
1789904144031,326,570119,1,5216,-4.020043,1,0.75,Walking,True,0,0,0
1789904144031,326,570119,1,5216,-4.020043,1,0.75,Walking,True,0,0,0
1789904144046,327,571277,1,5232,-4.020043,1,0.75,Walking,True,0,0,0
1789904144046,327,571277,1,5232,-4.020043,1,0.75,Walking,True,0,0,0
1789904144046,327,571277,1,5232,-4.020043,1,0.75,Walking,True,0,0,0
1789904144046,327,571277,1,5232,-4.020043,1,0.75,Walking,True,0,0,0
1789904144046,327,571277,1,5232,-4.020043,1,0.75,Walking,True,0,0,0
1789904144046,327,571277,1,5232,-4.020043,1,0.75,Walking,True,0,0,0
1789904144046,327,571277,1,5232,-4.020043,1,0.75,Walking,True,0,0,0
1789904144046,327,571277,1,5232,-4.020043,1,0.75,Walking,True,0,0,0
1789904144061,328,572451,1,5248,-4.020043,1,0.75,Walking,True,0,0,0
1789904144062,328,572451,1,5248,-4.020043,1,0.75,Walking,True,0,0,0
1789904144062,328,572451,1,5248,-4.020043,1,0.75,Walking,True,0,0,0
1789904144062,328,572451,1,5248,-4.020043,1,0.75,Walking,True,0,0,0
1789904144062,328,572451,1,5248,-4.020043,1,0.75,Walking,True,0,0,0
1789904144062,328,572451,1,5248,-4.020043,1,0.75,Walking,True,0,0,0
1789904144062,328,572451,1,5248,-4.020043,1,0.75,Walking,True,0,0,0
1789904144062,328,572451,1,5248,-4.020043,1,0.75,Walking,True,0,0,0
1789904144077,329,573607,1,5264,-4.020043,1,0.75,Walking,True,0,0,0
1789904144077,329,573607,1,5264,-4.020043,1,0.75,Walking,True,0,0,0
1789904144077,329,573607,1,5264,-4.020043,1,0.75,Walking,True,0,0,0
1789904144077,329,573607,1,5264,-4.020043,1,0.75,Walking,True,0,0,0
1789904144077,329,573607,1,5264,-4.020043,1,0.75,Walking,True,0,0,0
1789904144077,329,573607,1,5264,-4.020043,1,0.75,Walking,True,0,0,0
1789904144077,329,573607,1,5264,-4.020043,1,0.75,Walking,True,0,0,0
1789904144077,329,573607,1,5264,-4.020043,1,0.75,Walking,True,0,0,0
1789904144093,330,574741,1,5280,-4.020043,1,0.75,Walking,True,0,0,0
1789904144093,330,574741,1,5280,-4.020043,1,0.75,Walking,True,0,0,0
1789904144093,330,574741,1,5280,-4.020043,1,0.75,Walking,True,0,0,0
1789904144093,330,574741,1,5280,-4.020043,1,0.75,Walking,True,0,0,0
1789904144093,330,574741,1,5280,-4.020043,1,0.75,Walking,True,0,0,0
1789904144093,330,574741,1,5280,-4.020043,1,0.75,Walking,True,0,0,0
1789904144093,330,574741,1,5280,-4.020043,1,0.75,Walking,True,0,0,0
1789904144093,330,574741,1,5280,-4.020043,1,0.75,Walking,True,0,0,0
1789904144109,331,576071,1,5296,-4.020043,1,0.75,Walking,True,0,0,0
1789904144109,331,576071,1,5296,-4.020043,1,0.75,Walking,True,0,0,0
1789904144109,331,576071,1,5296,-4.020043,1,0.75,Walking,True,0,0,0
1789904144109,331,576071,1,5296,-4.020043,1,0.75,Walking,True,0,0,0
1789904144109,331,576071,1,5296,-4.020043,1,0.75,Walking,True,0,0,0
1789904144109,331,576071,1,5296,-4.020043,1,0.75,Walking,True,0,0,0
1789904144109,331,576071,1,5296,-4.020043,1,0.75,Walking,True,0,0,0
1789904144109,331,576071,1,5296,-4.020043,1,0.75,Walking,True,0,0,0
1789904144125,332,577231,1,5312,-4.020043,1,0.75,Walking,True,0,0,0
1789904144125,332,577231,1,5312,-4.020043,1,0.75,Walking,True,0,0,0
1789904144125,332,577231,1,5312,-4.020043,1,0.75,Walking,True,0,0,0
1789904144125,332,577231,1,5312,-4.020043,1,0.75,Walking,True,0,0,0
1789904144125,332,577231,1,5312,-4.020043,1,0.75,Walking,True,0,0,0
1789904144125,332,577231,1,5312,-4.020043,1,0.75,Walking,True,0,0,0
1789904144125,332,577231,1,5312,-4.020043,1,0.75,Walking,True,0,0,0
1789904144125,332,577231,1,5312,-4.020043,1,0.75,Walking,True,0,0,0
1789904144140,333,578358,1,5328,-4.020043,1,0.75,Walking,True,0,0,0
1789904144140,333,578358,1,5328,-4.020043,1,0.75,Walking,True,0,0,0
1789904144140,333,578358,1,5328,-4.020043,1,0.75,Walking,True,0,0,0
1789904144140,333,578358,1,5328,-4.020043,1,0.75,Walking,True,0,0,0
1789904144140,333,578358,1,5328,-4.020043,1,0.75,Walking,True,0,0,0
1789904144140,333,578358,1,5328,-4.020043,1,0.75,Walking,True,0,0,0
1789904144140,333,578358,1,5328,-4.020043,1,0.75,Walking,True,0,0,0
1789904144140,333,578358,1,5328,-4.020043,1,0.75,Walking,True,0,0,0
1789904144156,334,579571,1,5344,-4.020043,1,0.75,Walking,True,0,0,0
1789904144156,334,579571,1,5344,-4.020043,1,0.75,Walking,True,0,0,0
1789904144156,334,579571,1,5344,-4.020043,1,0.75,Walking,True,0,0,0
1789904144156,334,579571,1,5344,-4.020043,1,0.75,Walking,True,0,0,0
1789904144156,334,579571,1,5344,-4.020043,1,0.75,Walking,True,0,0,0
1789904144156,334,579571,1,5344,-4.020043,1,0.75,Walking,True,0,0,0
1789904144156,334,579571,1,5344,-4.020043,1,0.75,Walking,True,0,0,0
1789904144156,334,579571,1,5344,-4.020043,1,0.75,Walking,True,0,0,0
1789904144171,335,580731,1,5360,-4.020043,1,0.75,Walking,True,0,0,0
1789904144171,335,580731,1,5360,-4.020043,1,0.75,Walking,True,0,0,0
1789904144171,335,580731,1,5360,-4.020043,1,0.75,Walking,True,0,0,0
1789904144171,335,580731,1,5360,-4.020043,1,0.75,Walking,True,0,0,0
1789904144171,335,580731,1,5360,-4.020043,1,0.75,Walking,True,0,0,0
1789904144171,335,580731,1,5360,-4.020043,1,0.75,Walking,True,0,0,0
1789904144171,335,580731,1,5360,-4.020043,1,0.75,Walking,True,0,0,0
1789904144171,335,580731,1,5360,-4.020043,1,0.75,Walking,True,0,0,0
1789904144187,336,581972,1,5376,-4.020043,1,0.75,Walking,True,0,0,0
1789904144187,336,581972,1,5376,-4.020043,1,0.75,Walking,True,0,0,0
1789904144187,336,581972,1,5376,-4.020043,1,0.75,Walking,True,0,0,0
1789904144187,336,581972,1,5376,-4.020043,1,0.75,Walking,True,0,0,0
1789904144187,336,581972,1,5376,-4.020043,1,0.75,Walking,True,0,0,0
1789904144187,336,581972,1,5376,-4.020043,1,0.75,Walking,True,0,0,0
1789904144187,336,581972,1,5376,-4.020043,1,0.75,Walking,True,0,0,0
1789904144187,336,581972,1,5376,-4.020043,1,0.75,Walking,True,0,0,0
1789904144202,337,583215,1,5392,-4.020043,1,0.75,Walking,True,0,0,0
1789904144202,337,583215,1,5392,-4.020043,1,0.75,Walking,True,0,0,0
1789904144202,337,583215,1,5392,-4.020043,1,0.75,Walking,True,0,0,0
1789904144202,337,583215,1,5392,-4.020043,1,0.75,Walking,True,0,0,0
1789904144202,337,583215,1,5392,-4.020043,1,0.75,Walking,True,0,0,0
1789904144202,337,583215,1,5392,-4.020043,1,0.75,Walking,True,0,0,0
1789904144202,337,583215,1,5392,-4.020043,1,0.75,Walking,True,0,0,0
1789904144202,337,583215,1,5392,-4.020043,1,0.75,Walking,True,0,0,0
1789904144217,338,584431,1,5408,-4.020043,1,0.75,Walking,True,0,0,0
1789904144217,338,584431,1,5408,-4.020043,1,0.75,Walking,True,0,0,0
1789904144217,338,584431,1,5408,-4.020043,1,0.75,Walking,True,0,0,0
1789904144217,338,584431,1,5408,-4.020043,1,0.75,Walking,True,0,0,0
1789904144217,338,584431,1,5408,-4.020043,1,0.75,Walking,True,0,0,0
1789904144217,338,584431,1,5408,-4.020043,1,0.75,Walking,True,0,0,0
1789904144217,338,584431,1,5408,-4.020043,1,0.75,Walking,True,0,0,0
1789904144217,338,584431,1,5408,-4.020043,1,0.75,Walking,True,0,0,0
1789904144232,339,585592,1,5424,-4.020043,1,0.75,Walking,True,0,0,0
1789904144232,339,585592,1,5424,-4.020043,1,0.75,Walking,True,0,0,0
1789904144232,339,585592,1,5424,-4.020043,1,0.75,Walking,True,0,0,0
1789904144232,339,585592,1,5424,-4.020043,1,0.75,Walking,True,0,0,0
1789904144232,339,585592,1,5424,-4.020043,1,0.75,Walking,True,0,0,0
1789904144232,339,585592,1,5424,-4.020043,1,0.75,Walking,True,0,0,0
1789904144232,339,585592,1,5424,-4.020043,1,0.75,Walking,True,0,0,0
1789904144232,339,585592,1,5424,-4.020043,1,0.75,Walking,True,0,0,0
1789904144248,340,586818,1,5440,-4.020043,1,0.75,Walking,True,0,0,0
1789904144248,340,586818,1,5440,-4.020043,1,0.75,Walking,True,0,0,0
1789904144248,340,586818,1,5440,-4.020043,1,0.75,Walking,True,0,0,0
1789904144248,340,586818,1,5440,-4.020043,1,0.75,Walking,True,0,0,0
1789904144248,340,586818,1,5440,-4.020043,1,0.75,Walking,True,0,0,0
1789904144248,340,586818,1,5440,-4.020043,1,0.75,Walking,True,0,0,0
1789904144248,340,586818,1,5440,-4.020043,1,0.75,Walking,True,0,0,0
1789904144248,340,586818,1,5440,-4.020043,1,0.75,Walking,True,0,0,0
1789904144264,341,587991,1,5456,-4.020043,1,0.75,Walking,True,0,0,0
1789904144264,341,587991,1,5456,-4.020043,1,0.75,Walking,True,0,0,0
1789904144264,341,587991,1,5456,-4.020043,1,0.75,Walking,True,0,0,0
1789904144264,341,587991,1,5456,-4.020043,1,0.75,Walking,True,0,0,0
1789904144264,341,587991,1,5456,-4.020043,1,0.75,Walking,True,0,0,0
1789904144264,341,587991,1,5456,-4.020043,1,0.75,Walking,True,0,0,0
1789904144264,341,587991,1,5456,-4.020043,1,0.75,Walking,True,0,0,0
1789904144264,341,587991,1,5456,-4.020043,1,0.75,Walking,True,0,0,0
1789904144296,342,589269,1,5472,-4.020043,1,0.75,Walking,True,0,0,0
1789904144296,342,589269,1,5472,-4.020043,1,0.75,Walking,True,0,0,0
1789904144296,342,589269,1,5472,-4.020043,1,0.75,Walking,True,0,0,0
1789904144296,342,589269,1,5472,-4.020043,1,0.75,Walking,True,0,0,0
1789904144296,342,589269,1,5472,-4.020043,1,0.75,Walking,True,0,0,0
1789904144296,342,589269,1,5472,-4.020043,1,0.75,Walking,True,0,0,0
1789904144296,342,589269,1,5472,-4.020043,1,0.75,Walking,True,0,0,0
1789904144296,342,589269,1,5472,-4.020043,1,0.75,Walking,True,0,0,0
1789904144326,344,591766,1,5504,-4.020043,1,0.75,Walking,True,0,0,0
1789904144326,344,591766,1,5504,-4.020043,1,0.75,Walking,True,0,0,0
1789904144326,344,591766,1,5504,-4.020043,1,0.75,Walking,True,0,0,0
1789904144326,344,591766,1,5504,-4.020043,1,0.75,Walking,True,0,0,0
1789904144326,344,591766,1,5504,-4.020043,1,0.75,Walking,True,0,0,0
1789904144326,344,591766,1,5504,-4.020043,1,0.75,Walking,True,0,0,0
1789904144326,344,591766,1,5504,-4.020043,1,0.75,Walking,True,0,0,0
1789904144326,344,591766,1,5504,-4.020043,1,0.75,Walking,True,0,0,0
1789904144341,345,594111,1,5520,-4.020043,1,0.75,Walking,True,0,0,0
1789904144341,345,594111,1,5520,-4.020043,1,0.75,Walking,True,0,0,0
1789904144341,345,594111,1,5520,-4.020043,1,0.75,Walking,True,0,0,0
1789904144341,345,594111,1,5520,-4.020043,1,0.75,Walking,True,0,0,0
1789904144341,345,594111,1,5520,-4.020043,1,0.75,Walking,True,0,0,0
1789904144341,345,594111,1,5520,-4.020043,1,0.75,Walking,True,0,0,0
1789904144341,345,594111,1,5520,-4.020043,1,0.75,Walking,True,0,0,0
1789904144341,345,594111,1,5520,-4.020043,1,0.75,Walking,True,0,0,0
1789904144357,346,595285,1,5536,-4.020043,1,0.75,Walking,True,0,0,0
1789904144357,346,595285,1,5536,-4.020043,1,0.75,Walking,True,0,0,0
1789904144357,346,595285,1,5536,-4.020043,1,0.75,Walking,True,0,0,0
1789904144357,346,595285,1,5536,-4.020043,1,0.75,Walking,True,0,0,0
1789904144357,346,595285,1,5536,-4.020043,1,0.75,Walking,True,0,0,0
1789904144357,346,595285,1,5536,-4.020043,1,0.75,Walking,True,0,0,0
1789904144357,346,595285,1,5536,-4.020043,1,0.75,Walking,True,0,0,0
1789904144357,346,595285,1,5536,-4.020043,1,0.75,Walking,True,0,0,0
1789904144373,347,596447,1,5552,-4.020043,1,0.75,Walking,True,0,0,0
1789904144373,347,596447,1,5552,-4.020043,1,0.75,Walking,True,0,0,0
1789904144373,347,596447,1,5552,-4.020043,1,0.75,Walking,True,0,0,0
1789904144373,347,596447,1,5552,-4.020043,1,0.75,Walking,True,0,0,0
1789904144373,347,596447,1,5552,-4.020043,1,0.75,Walking,True,0,0,0
1789904144373,347,596447,1,5552,-4.020043,1,0.75,Walking,True,0,0,0
1789904144373,347,596447,1,5552,-4.020043,1,0.75,Walking,True,0,0,0
1789904144373,347,596447,1,5552,-4.020043,1,0.75,Walking,True,0,0,0
1789904144389,348,597925,1,5568,-4.020043,1,0.75,Walking,True,0,0,0
1789904144389,348,597925,1,5568,-4.020043,1,0.75,Walking,True,0,0,0
1789904144389,348,597925,1,5568,-4.020043,1,0.75,Walking,True,0,0,0
1789904144389,348,597925,1,5568,-4.020043,1,0.75,Walking,True,0,0,0
1789904144389,348,597925,1,5568,-4.020043,1,0.75,Walking,True,0,0,0
1789904144389,348,597925,1,5568,-4.020043,1,0.75,Walking,True,0,0,0
1789904144389,348,597925,1,5568,-4.020043,1,0.75,Walking,True,0,0,0
1789904144389,348,597925,1,5568,-4.020043,1,0.75,Walking,True,0,0,0
1789904144404,349,599337,1,5584,-4.020043,1,0.75,Walking,True,0,0,0
1789904144404,349,599337,1,5584,-4.020043,1,0.75,Walking,True,0,0,0
1789904144404,349,599337,1,5584,-4.020043,1,0.75,Walking,True,0,0,0
1789904144404,349,599337,1,5584,-4.020043,1,0.75,Walking,True,0,0,0
1789904144404,349,599337,1,5584,-4.020043,1,0.75,Walking,True,0,0,0
1789904144404,349,599337,1,5584,-4.020043,1,0.75,Walking,True,0,0,0
1789904144404,349,599337,1,5584,-4.020043,1,0.75,Walking,True,0,0,0
1789904144404,349,599337,1,5584,-4.020043,1,0.75,Walking,True,0,0,0
1789904144420,350,600659,1,5600,-4.020043,1,0.75,Walking,True,0,0,0
1789904144420,350,600659,1,5600,-4.020043,1,0.75,Walking,True,0,0,0
1789904144420,350,600659,1,5600,-4.020043,1,0.75,Walking,True,0,0,0
1789904144420,350,600659,1,5600,-4.020043,1,0.75,Walking,True,0,0,0
1789904144420,350,600659,1,5600,-4.020043,1,0.75,Walking,True,0,0,0
1789904144420,350,600659,1,5600,-4.020043,1,0.75,Walking,True,0,0,0
1789904144420,350,600659,1,5600,-4.020043,1,0.75,Walking,True,0,0,0
1789904144420,350,600659,1,5600,-4.020043,1,0.75,Walking,True,0,0,0
1789904144435,351,601855,1,5616,-4.020043,1,0.75,Walking,True,0,0,0
1789904144435,351,601855,1,5616,-4.020043,1,0.75,Walking,True,0,0,0
1789904144435,351,601855,1,5616,-4.020043,1,0.75,Walking,True,0,0,0
1789904144435,351,601855,1,5616,-4.020043,1,0.75,Walking,True,0,0,0
1789904144435,351,601855,1,5616,-4.020043,1,0.75,Walking,True,0,0,0
1789904144435,351,601855,1,5616,-4.020043,1,0.75,Walking,True,0,0,0
1789904144435,351,601855,1,5616,-4.020043,1,0.75,Walking,True,0,0,0
1789904144435,351,601855,1,5616,-4.020043,1,0.75,Walking,True,0,0,0
1789904144451,352,603148,1,5632,-4.020043,1,0.75,Walking,True,0,0,0
1789904144451,352,603148,1,5632,-4.020043,1,0.75,Walking,True,0,0,0
1789904144451,352,603148,1,5632,-4.020043,1,0.75,Walking,True,0,0,0
1789904144451,352,603148,1,5632,-4.020043,1,0.75,Walking,True,0,0,0
1789904144451,352,603148,1,5632,-4.020043,1,0.75,Walking,True,0,0,0
1789904144451,352,603148,1,5632,-4.020043,1,0.75,Walking,True,0,0,0
1789904144451,352,603148,1,5632,-4.020043,1,0.75,Walking,True,0,0,0
1789904144451,352,603148,1,5632,-4.020043,1,0.75,Walking,True,0,0,0
1789904144466,353,604443,1,5648,-4.020043,1,0.75,Walking,True,0,0,0
1789904144466,353,604443,1,5648,-4.020043,1,0.75,Walking,True,0,0,0
1789904144466,353,604443,1,5648,-4.020043,1,0.75,Walking,True,0,0,0
1789904144466,353,604443,1,5648,-4.020043,1,0.75,Walking,True,0,0,0
1789904144466,353,604443,1,5648,-4.020043,1,0.75,Walking,True,0,0,0
1789904144466,353,604443,1,5648,-4.020043,1,0.75,Walking,True,0,0,0
1789904144466,353,604443,1,5648,-4.020043,1,0.75,Walking,True,0,0,0
1789904144466,353,604443,1,5648,-4.020043,1,0.75,Walking,True,0,0,0
1789904144481,354,605682,1,5664,-4.020043,1,0.75,Walking,True,0,0,0
1789904144481,354,605682,1,5664,-4.020043,1,0.75,Walking,True,0,0,0
1789904144481,354,605682,1,5664,-4.020043,1,0.75,Walking,True,0,0,0
1789904144481,354,605682,1,5664,-4.020043,1,0.75,Walking,True,0,0,0
1789904144481,354,605682,1,5664,-4.020043,1,0.75,Walking,True,0,0,0
1789904144481,354,605682,1,5664,-4.020043,1,0.75,Walking,True,0,0,0
1789904144481,354,605682,1,5664,-4.020043,1,0.75,Walking,True,0,0,0
1789904144481,354,605682,1,5664,-4.020043,1,0.75,Walking,True,0,0,0
1789904144497,355,606937,1,5680,-4.020043,1,0.75,Walking,True,0,0,0
1789904144497,355,606937,1,5680,-4.020043,1,0.75,Walking,True,0,0,0
1789904144497,355,606937,1,5680,-4.020043,1,0.75,Walking,True,0,0,0
1789904144497,355,606937,1,5680,-4.020043,1,0.75,Walking,True,0,0,0
1789904144497,355,606937,1,5680,-4.020043,1,0.75,Walking,True,0,0,0
1789904144497,355,606937,1,5680,-4.020043,1,0.75,Walking,True,0,0,0
1789904144497,355,606937,1,5680,-4.020043,1,0.75,Walking,True,0,0,0
1789904144497,355,606937,1,5680,-4.020043,1,0.75,Walking,True,0,0,0
1789904144512,356,608216,1,5696,-4.020043,1,0.75,Walking,True,0,0,0
1789904144512,356,608216,1,5696,-4.020043,1,0.75,Walking,True,0,0,0
1789904144512,356,608216,1,5696,-4.020043,1,0.75,Walking,True,0,0,0
1789904144512,356,608216,1,5696,-4.020043,1,0.75,Walking,True,0,0,0
1789904144512,356,608216,1,5696,-4.020043,1,0.75,Walking,True,0,0,0
1789904144512,356,608216,1,5696,-4.020043,1,0.75,Walking,True,0,0,0
1789904144512,356,608216,1,5696,-4.020043,1,0.75,Walking,True,0,0,0
1789904144512,356,608216,1,5696,-4.020043,1,0.75,Walking,True,0,0,0
1789904144527,357,609420,1,5712,-4.020043,1,0.75,Walking,True,0,0,0
1789904144527,357,609420,1,5712,-4.020043,1,0.75,Walking,True,0,0,0
1789904144527,357,609420,1,5712,-4.020043,1,0.75,Walking,True,0,0,0
1789904144527,357,609420,1,5712,-4.020043,1,0.75,Walking,True,0,0,0
1789904144527,357,609420,1,5712,-4.020043,1,0.75,Walking,True,0,0,0
1789904144527,357,609420,1,5712,-4.020043,1,0.75,Walking,True,0,0,0
1789904144527,357,609420,1,5712,-4.020043,1,0.75,Walking,True,0,0,0
1789904144527,357,609420,1,5712,-4.020043,1,0.75,Walking,True,0,0,0
1789904144918,358,659451,1,5728,-4.020043,1,0.75,Walking,True,0,0,0
1789904144918,358,659451,1,5728,-4.020043,1,0.75,Walking,True,0,0,0
1789904144918,358,659451,1,5728,-4.020043,1,0.75,Walking,True,0,0,0
1789904144918,358,659451,1,5728,-4.020043,1,0.75,Walking,True,0,0,0
1789904144918,358,659451,1,5728,-4.020043,1,0.75,Walking,True,0,0,0
1789904144918,358,659451,1,5728,-4.020043,1,0.75,Walking,True,0,0,0
1789904144918,358,659451,1,5728,-4.020043,1,0.75,Walking,True,0,0,0
1789904144918,358,659451,1,5728,-4.020043,1,0.75,Walking,True,0,0,0
1789904144934,359,662193,1,5744,-4.020043,1,0.75,Walking,True,0,0,0
1789904144934,359,662193,1,5744,-4.020043,1,0.75,Walking,True,0,0,0
1789904144934,359,662193,1,5744,-4.020043,1,0.75,Walking,True,0,0,0
1789904144934,359,662193,1,5744,-4.020043,1,0.75,Walking,True,0,0,0
1789904144934,359,662193,1,5744,-4.020043,1,0.75,Walking,True,0,0,0
1789904144934,359,662193,1,5744,-4.020043,1,0.75,Walking,True,0,0,0
1789904144934,359,662193,1,5744,-4.020043,1,0.75,Walking,True,0,0,0
1789904144934,359,662193,1,5744,-4.020043,1,0.75,Walking,True,0,0,0
1789904144948,360,663665,1,5760,-4.020043,1,0.75,Walking,True,0,0,0
1789904144948,360,663665,1,5760,-4.020043,1,0.75,Walking,True,0,0,0
1789904144948,360,663665,1,5760,-4.020043,1,0.75,Walking,True,0,0,0
1789904144948,360,663665,1,5760,-4.020043,1,0.75,Walking,True,0,0,0
1789904144948,360,663665,1,5760,-4.020043,1,0.75,Walking,True,0,0,0
1789904144948,360,663665,1,5760,-4.020043,1,0.75,Walking,True,0,0,0
1789904144948,360,663665,1,5760,-4.020043,1,0.75,Walking,True,0,0,0
1789904144948,360,663665,1,5760,-4.020043,1,0.75,Walking,True,0,0,0
1789904144964,361,664974,1,5776,-4.020043,1,0.75,Walking,True,0,0,0
1789904144964,361,664974,1,5776,-4.020043,1,0.75,Walking,True,0,0,0
1789904144964,361,664974,1,5776,-4.020043,1,0.75,Walking,True,0,0,0
1789904144964,361,664974,1,5776,-4.020043,1,0.75,Walking,True,0,0,0
1789904144964,361,664974,1,5776,-4.020043,1,0.75,Walking,True,0,0,0
1789904144964,361,664974,1,5776,-4.020043,1,0.75,Walking,True,0,0,0
1789904144964,361,664974,1,5776,-4.020043,1,0.75,Walking,True,0,0,0
1789904144964,361,664974,1,5776,-4.020043,1,0.75,Walking,True,0,0,0
1789904144979,362,666402,1,5792,-4.020043,1,0.75,Walking,True,0,0,0
1789904144979,362,666402,1,5792,-4.020043,1,0.75,Walking,True,0,0,0
1789904144979,362,666402,1,5792,-4.020043,1,0.75,Walking,True,0,0,0
1789904144979,362,666402,1,5792,-4.020043,1,0.75,Walking,True,0,0,0
1789904144979,362,666402,1,5792,-4.020043,1,0.75,Walking,True,0,0,0
1789904144979,362,666402,1,5792,-4.020043,1,0.75,Walking,True,0,0,0
1789904144979,362,666402,1,5792,-4.020043,1,0.75,Walking,True,0,0,0
1789904144979,362,666402,1,5792,-4.020043,1,0.75,Walking,True,0,0,0
1789904144995,363,667653,1,5808,-4.020043,1,0.75,Walking,True,0,0,0
1789904144995,363,667653,1,5808,-4.020043,1,0.75,Walking,True,0,0,0
1789904144995,363,667653,1,5808,-4.020043,1,0.75,Walking,True,0,0,0
1789904144995,363,667653,1,5808,-4.020043,1,0.75,Walking,True,0,0,0
1789904144995,363,667653,1,5808,-4.020043,1,0.75,Walking,True,0,0,0
1789904144995,363,667653,1,5808,-4.020043,1,0.75,Walking,True,0,0,0
1789904144995,363,667653,1,5808,-4.020043,1,0.75,Walking,True,0,0,0
1789904144995,363,667653,1,5808,-4.020043,1,0.75,Walking,True,0,0,0
1789904145012,364,669098,1,5824,-4.020043,1,0.75,Walking,True,0,0,0
1789904145012,364,669098,1,5824,-4.020043,1,0.75,Walking,True,0,0,0
1789904145012,364,669098,1,5824,-4.020043,1,0.75,Walking,True,0,0,0
1789904145012,364,669098,1,5824,-4.020043,1,0.75,Walking,True,0,0,0
1789904145012,364,669098,1,5824,-4.020043,1,0.75,Walking,True,0,0,0
1789904145012,364,669098,1,5824,-4.020043,1,0.75,Walking,True,0,0,0
1789904145012,364,669098,1,5824,-4.020043,1,0.75,Walking,True,0,0,0
1789904145012,364,669098,1,5824,-4.020043,1,0.75,Walking,True,0,0,0
1789904145028,365,670679,1,5840,-4.020043,1,0.75,Walking,True,0,0,0
1789904145028,365,670679,1,5840,-4.020043,1,0.75,Walking,True,0,0,0
1789904145028,365,670679,1,5840,-4.020043,1,0.75,Walking,True,0,0,0
1789904145028,365,670679,1,5840,-4.020043,1,0.75,Walking,True,0,0,0
1789904145028,365,670679,1,5840,-4.020043,1,0.75,Walking,True,0,0,0
1789904145028,365,670679,1,5840,-4.020043,1,0.75,Walking,True,0,0,0
1789904145028,365,670679,1,5840,-4.020043,1,0.75,Walking,True,0,0,0
1789904145028,365,670679,1,5840,-4.020043,1,0.75,Walking,True,0,0,0
1789904145044,366,672220,1,5856,-4.020043,1,0.75,Walking,True,0,0,0
1789904145044,366,672220,1,5856,-4.020043,1,0.75,Walking,True,0,0,0
1789904145044,366,672220,1,5856,-4.020043,1,0.75,Walking,True,0,0,0
1789904145044,366,672220,1,5856,-4.020043,1,0.75,Walking,True,0,0,0
1789904145044,366,672220,1,5856,-4.020043,1,0.75,Walking,True,0,0,0
1789904145044,366,672220,1,5856,-4.020043,1,0.75,Walking,True,0,0,0
1789904145044,366,672220,1,5856,-4.020043,1,0.75,Walking,True,0,0,0
1789904145044,366,672220,1,5856,-4.020043,1,0.75,Walking,True,0,0,0
1789904145059,367,673843,1,5872,-4.020043,1,0.75,Walking,True,0,0,0
1789904145059,367,673843,1,5872,-4.020043,1,0.75,Walking,True,0,0,0
1789904145059,367,673843,1,5872,-4.020043,1,0.75,Walking,True,0,0,0
1789904145059,367,673843,1,5872,-4.020043,1,0.75,Walking,True,0,0,0
1789904145059,367,673843,1,5872,-4.020043,1,0.75,Walking,True,0,0,0
1789904145059,367,673843,1,5872,-4.020043,1,0.75,Walking,True,0,0,0
1789904145059,367,673843,1,5872,-4.020043,1,0.75,Walking,True,0,0,0
1789904145059,367,673843,1,5872,-4.020043,1,0.75,Walking,True,0,0,0
1789904145074,368,675256,1,5888,-4.020043,1,0.75,Walking,True,0,0,0
1789904145074,368,675256,1,5888,-4.020043,1,0.75,Walking,True,0,0,0
1789904145074,368,675256,1,5888,-4.020043,1,0.75,Walking,True,0,0,0
1789904145074,368,675256,1,5888,-4.020043,1,0.75,Walking,True,0,0,0
1789904145074,368,675256,1,5888,-4.020043,1,0.75,Walking,True,0,0,0
1789904145074,368,675256,1,5888,-4.020043,1,0.75,Walking,True,0,0,0
1789904145074,368,675256,1,5888,-4.020043,1,0.75,Walking,True,0,0,0
1789904145074,368,675256,1,5888,-4.020043,1,0.75,Walking,True,0,0,0
1789904145090,369,676699,1,5904,-4.020043,1,0.75,Walking,True,0,0,0
1789904145090,369,676699,1,5904,-4.020043,1,0.75,Walking,True,0,0,0
1789904145090,369,676699,1,5904,-4.020043,1,0.75,Walking,True,0,0,0
1789904145090,369,676699,1,5904,-4.020043,1,0.75,Walking,True,0,0,0
1789904145090,369,676699,1,5904,-4.020043,1,0.75,Walking,True,0,0,0
1789904145090,369,676699,1,5904,-4.020043,1,0.75,Walking,True,0,0,0
1789904145090,369,676699,1,5904,-4.020043,1,0.75,Walking,True,0,0,0
1789904145090,369,676699,1,5904,-4.020043,1,0.75,Walking,True,0,0,0
1789904145106,370,678321,1,5920,-4.020043,1,0.75,Walking,True,0,0,0
1789904145106,370,678321,1,5920,-4.020043,1,0.75,Walking,True,0,0,0
1789904145107,370,678321,1,5920,-4.020043,1,0.75,Walking,True,0,0,0
1789904145107,370,678321,1,5920,-4.020043,1,0.75,Walking,True,0,0,0
1789904145107,370,678321,1,5920,-4.020043,1,0.75,Walking,True,0,0,0
1789904145107,370,678321,1,5920,-4.020043,1,0.75,Walking,True,0,0,0
1789904145107,370,678321,1,5920,-4.020043,1,0.75,Walking,True,0,0,0
1789904145107,370,678321,1,5920,-4.020043,1,0.75,Walking,True,0,0,0
1789904145122,371,679977,1,5936,-4.020043,1,0.75,Walking,True,0,0,0
1789904145122,371,679977,1,5936,-4.020043,1,0.75,Walking,True,0,0,0
1789904145122,371,679977,1,5936,-4.020043,1,0.75,Walking,True,0,0,0
1789904145122,371,679977,1,5936,-4.020043,1,0.75,Walking,True,0,0,0
1789904145122,371,679977,1,5936,-4.020043,1,0.75,Walking,True,0,0,0
1789904145122,371,679977,1,5936,-4.020043,1,0.75,Walking,True,0,0,0
1789904145122,371,679977,1,5936,-4.020043,1,0.75,Walking,True,0,0,0
1789904145122,371,679977,1,5936,-4.020043,1,0.75,Walking,True,0,0,0
1789904145137,372,681429,1,5952,-4.020043,1,0.75,Walking,True,0,0,0
1789904145137,372,681429,1,5952,-4.020043,1,0.75,Walking,True,0,0,0
1789904145137,372,681429,1,5952,-4.020043,1,0.75,Walking,True,0,0,0
1789904145137,372,681429,1,5952,-4.020043,1,0.75,Walking,True,0,0,0
1789904145137,372,681429,1,5952,-4.020043,1,0.75,Walking,True,0,0,0
1789904145137,372,681429,1,5952,-4.020043,1,0.75,Walking,True,0,0,0
1789904145137,372,681429,1,5952,-4.020043,1,0.75,Walking,True,0,0,0
1789904145137,372,681429,1,5952,-4.020043,1,0.75,Walking,True,0,0,0
1789904145153,373,682920,1,5968,-4.020043,1,0.75,Walking,True,0,0,0
1789904145153,373,682920,1,5968,-4.020043,1,0.75,Walking,True,0,0,0
1789904145153,373,682920,1,5968,-4.020043,1,0.75,Walking,True,0,0,0
1789904145153,373,682920,1,5968,-4.020043,1,0.75,Walking,True,0,0,0
1789904145153,373,682920,1,5968,-4.020043,1,0.75,Walking,True,0,0,0
1789904145153,373,682920,1,5968,-4.020043,1,0.75,Walking,True,0,0,0
1789904145153,373,682920,1,5968,-4.020043,1,0.75,Walking,True,0,0,0
1789904145153,373,682920,1,5968,-4.020043,1,0.75,Walking,True,0,0,0
1789904145169,374,684458,1,5984,-4.020043,1,0.75,Walking,True,0,0,0
1789904145169,374,684458,1,5984,-4.020043,1,0.75,Walking,True,0,0,0
1789904145169,374,684458,1,5984,-4.020043,1,0.75,Walking,True,0,0,0
1789904145169,374,684458,1,5984,-4.020043,1,0.75,Walking,True,0,0,0
1789904145169,374,684458,1,5984,-4.020043,1,0.75,Walking,True,0,0,0
1789904145169,374,684458,1,5984,-4.020043,1,0.75,Walking,True,0,0,0
1789904145169,374,684458,1,5984,-4.020043,1,0.75,Walking,True,0,0,0
1789904145169,374,684458,1,5984,-4.020043,1,0.75,Walking,True,0,0,0
1789904145184,375,685845,1,6000,-4.020043,1,0.75,Walking,True,0,0,0
1789904145184,375,685845,1,6000,-4.020043,1,0.75,Walking,True,0,0,0
1789904145185,375,685845,1,6000,-4.020043,1,0.75,Walking,True,0,0,0
1789904145185,375,685845,1,6000,-4.020043,1,0.75,Walking,True,0,0,0
1789904145185,375,685845,1,6000,-4.020043,1,0.75,Walking,True,0,0,0
1789904145185,375,685845,1,6000,-4.020043,1,0.75,Walking,True,0,0,0
1789904145185,375,685845,1,6000,-4.020043,1,0.75,Walking,True,0,0,0
1789904145185,375,685845,1,6000,-4.020043,1,0.75,Walking,True,0,0,0
1789904145199,376,687324,1,6016,-4.020043,1,0.75,Walking,True,0,0,0
1789904145199,376,687324,1,6016,-4.020043,1,0.75,Walking,True,0,0,0
1789904145199,376,687324,1,6016,-4.020043,1,0.75,Walking,True,0,0,0
1789904145199,376,687324,1,6016,-4.020043,1,0.75,Walking,True,0,0,0
1789904145199,376,687324,1,6016,-4.020043,1,0.75,Walking,True,0,0,0
1789904145199,376,687324,1,6016,-4.020043,1,0.75,Walking,True,0,0,0
1789904145199,376,687324,1,6016,-4.020043,1,0.75,Walking,True,0,0,0
1789904145199,376,687324,1,6016,-4.020043,1,0.75,Walking,True,0,0,0
1789904145215,377,688731,1,6032,-4.020043,1,0.75,Walking,True,0,0,0
1789904145215,377,688731,1,6032,-4.020043,1,0.75,Walking,True,0,0,0
1789904145215,377,688731,1,6032,-4.020043,1,0.75,Walking,True,0,0,0
1789904145215,377,688731,1,6032,-4.020043,1,0.75,Walking,True,0,0,0
1789904145215,377,688731,1,6032,-4.020043,1,0.75,Walking,True,0,0,0
1789904145215,377,688731,1,6032,-4.020043,1,0.75,Walking,True,0,0,0
1789904145215,377,688731,1,6032,-4.020043,1,0.75,Walking,True,0,0,0
1789904145215,377,688731,1,6032,-4.020043,1,0.75,Walking,True,0,0,0
1789904145231,378,690159,1,6048,-4.020043,1,0.75,Walking,True,0,0,0
1789904145231,378,690159,1,6048,-4.020043,1,0.75,Walking,True,0,0,0
1789904145231,378,690159,1,6048,-4.020043,1,0.75,Walking,True,0,0,0
1789904145231,378,690159,1,6048,-4.020043,1,0.75,Walking,True,0,0,0
1789904145231,378,690159,1,6048,-4.020043,1,0.75,Walking,True,0,0,0
1789904145231,378,690159,1,6048,-4.020043,1,0.75,Walking,True,0,0,0
1789904145231,378,690159,1,6048,-4.020043,1,0.75,Walking,True,0,0,0
1789904145231,378,690159,1,6048,-4.020043,1,0.75,Walking,True,0,0,0
1789904145248,379,691735,1,6064,-4.020043,1,0.75,Walking,True,0,0,0
1789904145248,379,691735,1,6064,-4.020043,1,0.75,Walking,True,0,0,0
1789904145248,379,691735,1,6064,-4.020043,1,0.75,Walking,True,0,0,0
1789904145248,379,691735,1,6064,-4.020043,1,0.75,Walking,True,0,0,0
1789904145248,379,691735,1,6064,-4.020043,1,0.75,Walking,True,0,0,0
1789904145248,379,691735,1,6064,-4.020043,1,0.75,Walking,True,0,0,0
1789904145248,379,691735,1,6064,-4.020043,1,0.75,Walking,True,0,0,0
1789904145248,379,691735,1,6064,-4.020043,1,0.75,Walking,True,0,0,0
1789904145263,380,693373,1,6080,-4.020043,1,0.75,Walking,True,0,0,0
1789904145264,380,693373,1,6080,-4.020043,1,0.75,Walking,True,0,0,0
1789904145264,380,693373,1,6080,-4.020043,1,0.75,Walking,True,0,0,0
1789904145264,380,693373,1,6080,-4.020043,1,0.75,Walking,True,0,0,0
1789904145264,380,693373,1,6080,-4.020043,1,0.75,Walking,True,0,0,0
1789904145264,380,693373,1,6080,-4.020043,1,0.75,Walking,True,0,0,0
1789904145264,380,693373,1,6080,-4.020043,1,0.75,Walking,True,0,0,0
1789904145264,380,693373,1,6080,-4.020043,1,0.75,Walking,True,0,0,0
1789904145279,381,694835,1,6096,-4.020043,1,0.75,Walking,True,0,0,0
1789904145279,381,694835,1,6096,-4.020043,1,0.75,Walking,True,0,0,0
1789904145279,381,694835,1,6096,-4.020043,1,0.75,Walking,True,0,0,0
1789904145279,381,694835,1,6096,-4.020043,1,0.75,Walking,True,0,0,0
1789904145279,381,694835,1,6096,-4.020043,1,0.75,Walking,True,0,0,0
1789904145279,381,694835,1,6096,-4.020043,1,0.75,Walking,True,0,0,0
1789904145279,381,694835,1,6096,-4.020043,1,0.75,Walking,True,0,0,0
1789904145279,381,694835,1,6096,-4.020043,1,0.75,Walking,True,0,0,0
1789904145295,382,696337,1,6112,-4.020043,1,0.75,Walking,True,0,0,0
1789904145295,382,696337,1,6112,-4.020043,1,0.75,Walking,True,0,0,0
1789904145295,382,696337,1,6112,-4.020043,1,0.75,Walking,True,0,0,0
1789904145295,382,696337,1,6112,-4.020043,1,0.75,Walking,True,0,0,0
1789904145295,382,696337,1,6112,-4.020043,1,0.75,Walking,True,0,0,0
1789904145295,382,696337,1,6112,-4.020043,1,0.75,Walking,True,0,0,0
1789904145295,382,696337,1,6112,-4.020043,1,0.75,Walking,True,0,0,0
1789904145295,382,696337,1,6112,-4.020043,1,0.75,Walking,True,0,0,0
1789904145310,383,697787,1,6128,-4.020043,1,0.75,Walking,True,0,0,0
1789904145310,383,697787,1,6128,-4.020043,1,0.75,Walking,True,0,0,0
1789904145310,383,697787,1,6128,-4.020043,1,0.75,Walking,True,0,0,0
1789904145310,383,697787,1,6128,-4.020043,1,0.75,Walking,True,0,0,0
1789904145310,383,697787,1,6128,-4.020043,1,0.75,Walking,True,0,0,0
1789904145310,383,697787,1,6128,-4.020043,1,0.75,Walking,True,0,0,0
1789904145310,383,697787,1,6128,-4.020043,1,0.75,Walking,True,0,0,0
1789904145310,383,697787,1,6128,-4.020043,1,0.75,Walking,True,0,0,0
1789904145327,384,699176,1,6144,-4.020043,1,0.75,Walking,True,0,0,0
1789904145327,384,699176,1,6144,-4.020043,1,0.75,Walking,True,0,0,0
1789904145327,384,699176,1,6144,-4.020043,1,0.75,Walking,True,0,0,0
1789904145327,384,699176,1,6144,-4.020043,1,0.75,Walking,True,0,0,0
1789904145327,384,699176,1,6144,-4.020043,1,0.75,Walking,True,0,0,0
1789904145327,384,699176,1,6144,-4.020043,1,0.75,Walking,True,0,0,0
1789904145327,384,699176,1,6144,-4.020043,1,0.75,Walking,True,0,0,0
1789904145327,384,699176,1,6144,-4.020043,1,0.75,Walking,True,0,0,0
1789904145341,385,700631,1,6160,-4.020043,1,0.75,Walking,True,0,0,0
1789904145341,385,700631,1,6160,-4.020043,1,0.75,Walking,True,0,0,0
1789904145341,385,700631,1,6160,-4.020043,1,0.75,Walking,True,0,0,0
1789904145341,385,700631,1,6160,-4.020043,1,0.75,Walking,True,0,0,0
1789904145341,385,700631,1,6160,-4.020043,1,0.75,Walking,True,0,0,0
1789904145341,385,700631,1,6160,-4.020043,1,0.75,Walking,True,0,0,0
1789904145341,385,700631,1,6160,-4.020043,1,0.75,Walking,True,0,0,0
1789904145341,385,700631,1,6160,-4.020043,1,0.75,Walking,True,0,0,0
1789904145356,386,701928,1,6176,-4.020043,1,0.75,Walking,True,0,0,0
1789904145356,386,701928,1,6176,-4.020043,1,0.75,Walking,True,0,0,0
1789904145356,386,701928,1,6176,-4.020043,1,0.75,Walking,True,0,0,0
1789904145356,386,701928,1,6176,-4.020043,1,0.75,Walking,True,0,0,0
1789904145356,386,701928,1,6176,-4.020043,1,0.75,Walking,True,0,0,0
1789904145356,386,701928,1,6176,-4.020043,1,0.75,Walking,True,0,0,0
1789904145356,386,701928,1,6176,-4.020043,1,0.75,Walking,True,0,0,0
1789904145356,386,701928,1,6176,-4.020043,1,0.75,Walking,True,0,0,0
1789904145371,387,703372,1,6192,-4.020043,1,0.75,Walking,True,0,0,0
1789904145371,387,703372,1,6192,-4.020043,1,0.75,Walking,True,0,0,0
1789904145371,387,703372,1,6192,-4.020043,1,0.75,Walking,True,0,0,0
1789904145371,387,703372,1,6192,-4.020043,1,0.75,Walking,True,0,0,0
1789904145371,387,703372,1,6192,-4.020043,1,0.75,Walking,True,0,0,0
1789904145371,387,703372,1,6192,-4.020043,1,0.75,Walking,True,0,0,0
1789904145371,387,703372,1,6192,-4.020043,1,0.75,Walking,True,0,0,0
1789904145371,387,703372,1,6192,-4.020043,1,0.75,Walking,True,0,0,0
1789904145387,388,704758,1,6208,-4.020043,1,0.75,Walking,True,0,0,0
1789904145387,388,704758,1,6208,-4.020043,1,0.75,Walking,True,0,0,0
1789904145387,388,704758,1,6208,-4.020043,1,0.75,Walking,True,0,0,0
1789904145387,388,704758,1,6208,-4.020043,1,0.75,Walking,True,0,0,0
1789904145387,388,704758,1,6208,-4.020043,1,0.75,Walking,True,0,0,0
1789904145387,388,704758,1,6208,-4.020043,1,0.75,Walking,True,0,0,0
1789904145387,388,704758,1,6208,-4.020043,1,0.75,Walking,True,0,0,0
1789904145387,388,704758,1,6208,-4.020043,1,0.75,Walking,True,0,0,0
1789904145403,389,706156,1,6224,-4.020043,1,0.75,Walking,True,0,0,0
1789904145403,389,706156,1,6224,-4.020043,1,0.75,Walking,True,0,0,0
1789904145403,389,706156,1,6224,-4.020043,1,0.75,Walking,True,0,0,0
1789904145403,389,706156,1,6224,-4.020043,1,0.75,Walking,True,0,0,0
1789904145403,389,706156,1,6224,-4.020043,1,0.75,Walking,True,0,0,0
1789904145403,389,706156,1,6224,-4.020043,1,0.75,Walking,True,0,0,0
1789904145403,389,706156,1,6224,-4.020043,1,0.75,Walking,True,0,0,0
1789904145403,389,706156,1,6224,-4.020043,1,0.75,Walking,True,0,0,0
1789904145419,390,707723,1,6240,-4.020043,1,0.75,Walking,True,0,0,0
1789904145419,390,707723,1,6240,-4.020043,1,0.75,Walking,True,0,0,0
1789904145419,390,707723,1,6240,-4.020043,1,0.75,Walking,True,0,0,0
1789904145419,390,707723,1,6240,-4.020043,1,0.75,Walking,True,0,0,0
1789904145419,390,707723,1,6240,-4.020043,1,0.75,Walking,True,0,0,0
1789904145419,390,707723,1,6240,-4.020043,1,0.75,Walking,True,0,0,0
1789904145419,390,707723,1,6240,-4.020043,1,0.75,Walking,True,0,0,0
1789904145419,390,707723,1,6240,-4.020043,1,0.75,Walking,True,0,0,0
1789904145434,391,709338,1,6256,-4.020043,1,0.75,Walking,True,0,0,0
1789904145434,391,709338,1,6256,-4.020043,1,0.75,Walking,True,0,0,0
1789904145434,391,709338,1,6256,-4.020043,1,0.75,Walking,True,0,0,0
1789904145434,391,709338,1,6256,-4.020043,1,0.75,Walking,True,0,0,0
1789904145434,391,709338,1,6256,-4.020043,1,0.75,Walking,True,0,0,0
1789904145434,391,709338,1,6256,-4.020043,1,0.75,Walking,True,0,0,0
1789904145435,391,709338,1,6256,-4.020043,1,0.75,Walking,True,0,0,0
1789904145435,391,709338,1,6256,-4.020043,1,0.75,Walking,True,0,0,0
1789904145449,392,710768,1,6272,-4.020043,1,0.75,Walking,True,0,0,0
1789904145449,392,710768,1,6272,-4.020043,1,0.75,Walking,True,0,0,0
1789904145449,392,710768,1,6272,-4.020043,1,0.75,Walking,True,0,0,0
1789904145449,392,710768,1,6272,-4.020043,1,0.75,Walking,True,0,0,0
1789904145449,392,710768,1,6272,-4.020043,1,0.75,Walking,True,0,0,0
1789904145449,392,710768,1,6272,-4.020043,1,0.75,Walking,True,0,0,0
1789904145449,392,710768,1,6272,-4.020043,1,0.75,Walking,True,0,0,0
1789904145449,392,710768,1,6272,-4.020043,1,0.75,Walking,True,0,0,0
1789904145481,393,712205,1,6288,-4.020043,1,0.75,Walking,True,0,0,0
1789904145481,393,712205,1,6288,-4.020043,1,0.75,Walking,True,0,0,0
1789904145481,393,712205,1,6288,-4.020043,1,0.75,Walking,True,0,0,0
1789904145481,393,712205,1,6288,-4.020043,1,0.75,Walking,True,0,0,0
1789904145481,393,712205,1,6288,-4.020043,1,0.75,Walking,True,0,0,0
1789904145481,393,712205,1,6288,-4.020043,1,0.75,Walking,True,0,0,0
1789904145481,393,712205,1,6288,-4.020043,1,0.75,Walking,True,0,0,0
1789904145481,393,712205,1,6288,-4.020043,1,0.75,Walking,True,0,0,0
1789904145511,395,715316,1,6320,-4.020043,1,0.75,Walking,True,0,0,0
1789904145511,395,715316,1,6320,-4.020043,1,0.75,Walking,True,0,0,0
1789904145511,395,715316,1,6320,-4.020043,1,0.75,Walking,True,0,0,0
1789904145511,395,715316,1,6320,-4.020043,1,0.75,Walking,True,0,0,0
1789904145511,395,715316,1,6320,-4.020043,1,0.75,Walking,True,0,0,0
1789904145511,395,715316,1,6320,-4.020043,1,0.75,Walking,True,0,0,0
1789904145511,395,715316,1,6320,-4.020043,1,0.75,Walking,True,0,0,0
1789904145511,395,715316,1,6320,-4.020043,1,0.75,Walking,True,0,0,0
1789904153506,395,1875390,2,6320,-4.020043,1,0.75,Walking,True,0,0,0
1789904153506,395,1875390,2,6320,-4.020043,1,0.75,Walking,True,0,0,0
1789904153506,395,1875390,2,6320,-4.020043,1,0.75,Walking,True,0,0,0
1789904153506,395,1875390,2,6320,-4.020043,1,0.75,Walking,True,0,0,0
1789904153506,395,1875390,2,6320,-4.020043,1,0.75,Walking,True,0,0,0
1789904153506,395,1875390,2,6320,-4.020043,1,0.75,Walking,True,0,0,0
1789904153506,395,1875390,2,6320,-4.020043,1,0.75,Walking,True,0,0,0
1789904153506,395,1875390,2,6320,-4.020043,1,0.75,Walking,True,0,0,0
1789904160679,395,2898299,3,6320,-4.020043,1,0.75,Walking,True,0,0,0
1789904160679,395,2898299,3,6320,-4.020043,1,0.75,Walking,True,0,0,0
1789904160679,395,2898299,3,6320,-4.020043,1,0.75,Walking,True,0,0,0
1789904160679,395,2898299,3,6320,-4.020043,1,0.75,Walking,True,0,0,0
1789904160679,395,2898299,3,6320,-4.020043,1,0.75,Walking,True,0,0,0
1789904160679,395,2898299,3,6320,-4.020043,1,0.75,Walking,True,0,0,0
1789904160679,395,2898299,3,6320,-4.020043,1,0.75,Walking,True,0,0,0
1789904160679,395,2898299,3,6320,-4.020043,1,0.75,Walking,True,0,0,0

## 客户端 B（本端 uid=302，对手 uid=301）
note: ap=ok sp=ok
note: resync 1→2 旧流帧=92 对照帧=172 边界=395→395
apTicksAccepted=395 apTicksRejected=0
apResyncApplied=0 apStreamVersion=1 apUnacked=2 apSnapshotApplied=390 spInterpAuthorityAccepted=64
apDescribe: PMR4MovementDriver role=AutonomousProxy epoch=1 instance=2 stream=1 pending=395 confirmed=393 unacked=2 journalPending=0 journalSeq=2 journalFailed=False frozen=False
apCounters: snapshotQueued=3128 snapshotApplied=390 snapshotDecodeFailed=0 snapshotRejectedIdentity=0 snapshotRejectedStreamNewer=0 snapshotRejectedWorldVersion=0 snapshotQueueDrops=0 snapshotPublished=0 snapshotStreamRebinds=0 snapshotRebindRejectedRegressing=0 snapshotRebindRejectedFrozen=0 rebindFallbacks=0 inputPayloadsSent=395 inputEntriesSent=791 unackedRetired=393 ticks=395 ticksRejected=0 placeholders=0 eventPayloadsReceived=2 eventBatchesAccepted=2 eventBatchesRejected=0 eventDecodeFailed=0 journalFailed=False journalSeqGaps=0 journalDuplicateEvents=0 journalDispatched=3 journalLateDispatches=1 journalOverflows=0 resyncRequestsSent=0 resyncPayloadsReceived=2 resyncApplied=0 resyncRejectedRegressing=0 resyncRejectedOldStream=0 resyncInlineRejected=0 frozen=False threadViolations=0
# owner 可靠事件（kind 1=ModeChanged, 2=Landed）
event kind=1 value=1 key=2113
event kind=1 value=0 key=2505
event kind=2 value=0 key=2506
# AP 侧收到的真实 DS 权威快照轨迹（wallMs,outputFrame,serverFrame,stream,totalMs,x,y,z,mode,grounded,velX,velY,velZ）
1789904138328,0,0,1,0,-3,1,0.75,Walking,True,0,0,0
1789904138359,1,5887,1,16,-2.99488,1,0.75,Walking,True,0.32,0,0
1789904138359,1,5887,1,16,-2.99488,1,0.75,Walking,True,0.32,0,0
1789904138359,1,5887,1,16,-2.99488,1,0.75,Walking,True,0.32,0,0
1789904138359,1,5887,1,16,-2.99488,1,0.75,Walking,True,0.32,0,0
1789904138359,1,5887,1,16,-2.99488,1,0.75,Walking,True,0.32,0,0
1789904138359,1,5887,1,16,-2.99488,1,0.75,Walking,True,0.32,0,0
1789904138359,1,5887,1,16,-2.99488,1,0.75,Walking,True,0.32,0,0
1789904138359,1,5887,1,16,-2.99488,1,0.75,Walking,True,0.32,0,0
1789904138376,2,7461,1,32,-2.98464,1,0.75,Walking,True,0.64,0,0
1789904138376,2,7461,1,32,-2.98464,1,0.75,Walking,True,0.64,0,0
1789904138376,2,7461,1,32,-2.98464,1,0.75,Walking,True,0.64,0,0
1789904138376,2,7461,1,32,-2.98464,1,0.75,Walking,True,0.64,0,0
1789904138376,2,7461,1,32,-2.98464,1,0.75,Walking,True,0.64,0,0
1789904138376,2,7461,1,32,-2.98464,1,0.75,Walking,True,0.64,0,0
1789904138376,2,7461,1,32,-2.98464,1,0.75,Walking,True,0.64,0,0
1789904138376,2,7461,1,32,-2.98464,1,0.75,Walking,True,0.64,0,0
1789904138389,3,9160,1,48,-2.96928,1,0.75,Walking,True,0.96,0,0
1789904138389,3,9160,1,48,-2.96928,1,0.75,Walking,True,0.96,0,0
1789904138389,3,9160,1,48,-2.96928,1,0.75,Walking,True,0.96,0,0
1789904138389,3,9160,1,48,-2.96928,1,0.75,Walking,True,0.96,0,0
1789904138389,3,9160,1,48,-2.96928,1,0.75,Walking,True,0.96,0,0
1789904138389,3,9160,1,48,-2.96928,1,0.75,Walking,True,0.96,0,0
1789904138389,3,9160,1,48,-2.96928,1,0.75,Walking,True,0.96,0,0
1789904138389,3,9160,1,48,-2.96928,1,0.75,Walking,True,0.96,0,0
1789904138405,4,10419,1,64,-2.9488,1,0.75,Walking,True,1.28,0,0
1789904138405,4,10419,1,64,-2.9488,1,0.75,Walking,True,1.28,0,0
1789904138405,4,10419,1,64,-2.9488,1,0.75,Walking,True,1.28,0,0
1789904138405,4,10419,1,64,-2.9488,1,0.75,Walking,True,1.28,0,0
1789904138405,4,10419,1,64,-2.9488,1,0.75,Walking,True,1.28,0,0
1789904138405,4,10419,1,64,-2.9488,1,0.75,Walking,True,1.28,0,0
1789904138405,4,10419,1,64,-2.9488,1,0.75,Walking,True,1.28,0,0
1789904138405,4,10419,1,64,-2.9488,1,0.75,Walking,True,1.28,0,0
1789904138420,5,11903,1,80,-2.9232,1,0.75,Walking,True,1.6,0,0
1789904138420,5,11903,1,80,-2.9232,1,0.75,Walking,True,1.6,0,0
1789904138421,5,11903,1,80,-2.9232,1,0.75,Walking,True,1.6,0,0
1789904138421,5,11903,1,80,-2.9232,1,0.75,Walking,True,1.6,0,0
1789904138421,5,11903,1,80,-2.9232,1,0.75,Walking,True,1.6,0,0
1789904138421,5,11903,1,80,-2.9232,1,0.75,Walking,True,1.6,0,0
1789904138421,5,11903,1,80,-2.9232,1,0.75,Walking,True,1.6,0,0
1789904138421,5,11903,1,80,-2.9232,1,0.75,Walking,True,1.6,0,0
1789904138436,6,13473,1,96,-2.89248,1,0.75,Walking,True,1.92,0,0
1789904138436,6,13473,1,96,-2.89248,1,0.75,Walking,True,1.92,0,0
1789904138436,6,13473,1,96,-2.89248,1,0.75,Walking,True,1.92,0,0
1789904138436,6,13473,1,96,-2.89248,1,0.75,Walking,True,1.92,0,0
1789904138436,6,13473,1,96,-2.89248,1,0.75,Walking,True,1.92,0,0
1789904138436,6,13473,1,96,-2.89248,1,0.75,Walking,True,1.92,0,0
1789904138436,6,13473,1,96,-2.89248,1,0.75,Walking,True,1.92,0,0
1789904138436,6,13473,1,96,-2.89248,1,0.75,Walking,True,1.92,0,0
1789904138451,7,15008,1,112,-2.85664,1,0.75,Walking,True,2.24,0,0
1789904138451,7,15008,1,112,-2.85664,1,0.75,Walking,True,2.24,0,0
1789904138451,7,15008,1,112,-2.85664,1,0.75,Walking,True,2.24,0,0
1789904138451,7,15008,1,112,-2.85664,1,0.75,Walking,True,2.24,0,0
1789904138451,7,15008,1,112,-2.85664,1,0.75,Walking,True,2.24,0,0
1789904138451,7,15008,1,112,-2.85664,1,0.75,Walking,True,2.24,0,0
1789904138451,7,15008,1,112,-2.85664,1,0.75,Walking,True,2.24,0,0
1789904138451,7,15008,1,112,-2.85664,1,0.75,Walking,True,2.24,0,0
1789904138467,8,16430,1,128,-2.81568,1,0.75,Walking,True,2.56,0,0
1789904138467,8,16430,1,128,-2.81568,1,0.75,Walking,True,2.56,0,0
1789904138467,8,16430,1,128,-2.81568,1,0.75,Walking,True,2.56,0,0
1789904138467,8,16430,1,128,-2.81568,1,0.75,Walking,True,2.56,0,0
1789904138467,8,16430,1,128,-2.81568,1,0.75,Walking,True,2.56,0,0
1789904138467,8,16430,1,128,-2.81568,1,0.75,Walking,True,2.56,0,0
1789904138467,8,16430,1,128,-2.81568,1,0.75,Walking,True,2.56,0,0
1789904138467,8,16430,1,128,-2.81568,1,0.75,Walking,True,2.56,0,0
1789904138483,9,18065,1,144,-2.7696,1,0.75,Walking,True,2.88,0,0
1789904138483,9,18065,1,144,-2.7696,1,0.75,Walking,True,2.88,0,0
1789904138483,9,18065,1,144,-2.7696,1,0.75,Walking,True,2.88,0,0
1789904138483,9,18065,1,144,-2.7696,1,0.75,Walking,True,2.88,0,0
1789904138483,9,18065,1,144,-2.7696,1,0.75,Walking,True,2.88,0,0
1789904138483,9,18065,1,144,-2.7696,1,0.75,Walking,True,2.88,0,0
1789904138483,9,18065,1,144,-2.7696,1,0.75,Walking,True,2.88,0,0
1789904138483,9,18065,1,144,-2.7696,1,0.75,Walking,True,2.88,0,0
1789904138498,10,19582,1,160,-2.7184,1,0.75,Walking,True,3.2,0,0
1789904138498,10,19582,1,160,-2.7184,1,0.75,Walking,True,3.2,0,0
1789904138498,10,19582,1,160,-2.7184,1,0.75,Walking,True,3.2,0,0
1789904138499,10,19582,1,160,-2.7184,1,0.75,Walking,True,3.2,0,0
1789904138499,10,19582,1,160,-2.7184,1,0.75,Walking,True,3.2,0,0
1789904138499,10,19582,1,160,-2.7184,1,0.75,Walking,True,3.2,0,0
1789904138499,10,19582,1,160,-2.7184,1,0.75,Walking,True,3.2,0,0
1789904138499,10,19582,1,160,-2.7184,1,0.75,Walking,True,3.2,0,0
1789904138515,11,21091,1,176,-2.66208,1,0.75,Walking,True,3.52,0,0
1789904138515,11,21091,1,176,-2.66208,1,0.75,Walking,True,3.52,0,0
1789904138515,11,21091,1,176,-2.66208,1,0.75,Walking,True,3.52,0,0
1789904138515,11,21091,1,176,-2.66208,1,0.75,Walking,True,3.52,0,0
1789904138515,11,21091,1,176,-2.66208,1,0.75,Walking,True,3.52,0,0
1789904138515,11,21091,1,176,-2.66208,1,0.75,Walking,True,3.52,0,0
1789904138515,11,21091,1,176,-2.66208,1,0.75,Walking,True,3.52,0,0
1789904138515,11,21091,1,176,-2.66208,1,0.75,Walking,True,3.52,0,0
1789904138531,12,22607,1,192,-2.60064,1,0.75,Walking,True,3.84,0,0
1789904138531,12,22607,1,192,-2.60064,1,0.75,Walking,True,3.84,0,0
1789904138531,12,22607,1,192,-2.60064,1,0.75,Walking,True,3.84,0,0
1789904138531,12,22607,1,192,-2.60064,1,0.75,Walking,True,3.84,0,0
1789904138531,12,22607,1,192,-2.60064,1,0.75,Walking,True,3.84,0,0
1789904138531,12,22607,1,192,-2.60064,1,0.75,Walking,True,3.84,0,0
1789904138531,12,22607,1,192,-2.60064,1,0.75,Walking,True,3.84,0,0
1789904138531,12,22607,1,192,-2.60064,1,0.75,Walking,True,3.84,0,0
1789904138546,13,24009,1,208,-2.53824,1,0.75,Walking,True,3.9,0,0
1789904138546,13,24009,1,208,-2.53824,1,0.75,Walking,True,3.9,0,0
1789904138546,13,24009,1,208,-2.53824,1,0.75,Walking,True,3.9,0,0
1789904138546,13,24009,1,208,-2.53824,1,0.75,Walking,True,3.9,0,0
1789904138546,13,24009,1,208,-2.53824,1,0.75,Walking,True,3.9,0,0
1789904138546,13,24009,1,208,-2.53824,1,0.75,Walking,True,3.9,0,0
1789904138546,13,24009,1,208,-2.53824,1,0.75,Walking,True,3.9,0,0
1789904138546,13,24009,1,208,-2.53824,1,0.75,Walking,True,3.9,0,0
1789904138562,14,25368,1,224,-2.47584,1,0.75,Walking,True,3.9,0,0
1789904138562,14,25368,1,224,-2.47584,1,0.75,Walking,True,3.9,0,0
1789904138562,14,25368,1,224,-2.47584,1,0.75,Walking,True,3.9,0,0
1789904138562,14,25368,1,224,-2.47584,1,0.75,Walking,True,3.9,0,0
1789904138562,14,25368,1,224,-2.47584,1,0.75,Walking,True,3.9,0,0
1789904138562,14,25368,1,224,-2.47584,1,0.75,Walking,True,3.9,0,0
1789904138562,14,25368,1,224,-2.47584,1,0.75,Walking,True,3.9,0,0
1789904138562,14,25368,1,224,-2.47584,1,0.75,Walking,True,3.9,0,0
1789904138578,15,26834,1,240,-2.41344,1,0.75,Walking,True,3.9,0,0
1789904138578,15,26834,1,240,-2.41344,1,0.75,Walking,True,3.9,0,0
1789904138578,15,26834,1,240,-2.41344,1,0.75,Walking,True,3.9,0,0
1789904138578,15,26834,1,240,-2.41344,1,0.75,Walking,True,3.9,0,0
1789904138578,15,26834,1,240,-2.41344,1,0.75,Walking,True,3.9,0,0
1789904138578,15,26834,1,240,-2.41344,1,0.75,Walking,True,3.9,0,0
1789904138578,15,26834,1,240,-2.41344,1,0.75,Walking,True,3.9,0,0
1789904138578,15,26834,1,240,-2.41344,1,0.75,Walking,True,3.9,0,0
1789904138593,16,28187,1,256,-2.351039,1,0.75,Walking,True,3.9,0,0
1789904138593,16,28187,1,256,-2.351039,1,0.75,Walking,True,3.9,0,0
1789904138593,16,28187,1,256,-2.351039,1,0.75,Walking,True,3.9,0,0
1789904138593,16,28187,1,256,-2.351039,1,0.75,Walking,True,3.9,0,0
1789904138593,16,28187,1,256,-2.351039,1,0.75,Walking,True,3.9,0,0
1789904138593,16,28187,1,256,-2.351039,1,0.75,Walking,True,3.9,0,0
1789904138593,16,28187,1,256,-2.351039,1,0.75,Walking,True,3.9,0,0
1789904138593,16,28187,1,256,-2.351039,1,0.75,Walking,True,3.9,0,0
1789904138610,17,29594,1,272,-2.288639,1,0.75,Walking,True,3.9,0,0
1789904138610,17,29594,1,272,-2.288639,1,0.75,Walking,True,3.9,0,0
1789904138610,17,29594,1,272,-2.288639,1,0.75,Walking,True,3.9,0,0
1789904138610,17,29594,1,272,-2.288639,1,0.75,Walking,True,3.9,0,0
1789904138610,17,29594,1,272,-2.288639,1,0.75,Walking,True,3.9,0,0
1789904138610,17,29594,1,272,-2.288639,1,0.75,Walking,True,3.9,0,0
1789904138610,17,29594,1,272,-2.288639,1,0.75,Walking,True,3.9,0,0
1789904138610,17,29594,1,272,-2.288639,1,0.75,Walking,True,3.9,0,0
1789904138625,18,31103,1,288,-2.226239,1,0.75,Walking,True,3.9,0,0
1789904138625,18,31103,1,288,-2.226239,1,0.75,Walking,True,3.9,0,0
1789904138625,18,31103,1,288,-2.226239,1,0.75,Walking,True,3.9,0,0
1789904138625,18,31103,1,288,-2.226239,1,0.75,Walking,True,3.9,0,0
1789904138625,18,31103,1,288,-2.226239,1,0.75,Walking,True,3.9,0,0
1789904138625,18,31103,1,288,-2.226239,1,0.75,Walking,True,3.9,0,0
1789904138625,18,31103,1,288,-2.226239,1,0.75,Walking,True,3.9,0,0
1789904138625,18,31103,1,288,-2.226239,1,0.75,Walking,True,3.9,0,0
1789904138640,19,32540,1,304,-2.163839,1,0.75,Walking,True,3.9,0,0
1789904138640,19,32540,1,304,-2.163839,1,0.75,Walking,True,3.9,0,0
1789904138640,19,32540,1,304,-2.163839,1,0.75,Walking,True,3.9,0,0
1789904138640,19,32540,1,304,-2.163839,1,0.75,Walking,True,3.9,0,0
1789904138640,19,32540,1,304,-2.163839,1,0.75,Walking,True,3.9,0,0
1789904138640,19,32540,1,304,-2.163839,1,0.75,Walking,True,3.9,0,0
1789904138640,19,32540,1,304,-2.163839,1,0.75,Walking,True,3.9,0,0
1789904138640,19,32540,1,304,-2.163839,1,0.75,Walking,True,3.9,0,0
1789904138655,20,33945,1,320,-2.101439,1,0.75,Walking,True,3.9,0,0
1789904138655,20,33945,1,320,-2.101439,1,0.75,Walking,True,3.9,0,0
1789904138655,20,33945,1,320,-2.101439,1,0.75,Walking,True,3.9,0,0
1789904138655,20,33945,1,320,-2.101439,1,0.75,Walking,True,3.9,0,0
1789904138655,20,33945,1,320,-2.101439,1,0.75,Walking,True,3.9,0,0
1789904138655,20,33945,1,320,-2.101439,1,0.75,Walking,True,3.9,0,0
1789904138655,20,33945,1,320,-2.101439,1,0.75,Walking,True,3.9,0,0
1789904138655,20,33945,1,320,-2.101439,1,0.75,Walking,True,3.9,0,0
1789904138671,21,35396,1,336,-2.039039,1,0.75,Walking,True,3.9,0,0
1789904138671,21,35396,1,336,-2.039039,1,0.75,Walking,True,3.9,0,0
1789904138671,21,35396,1,336,-2.039039,1,0.75,Walking,True,3.9,0,0
1789904138671,21,35396,1,336,-2.039039,1,0.75,Walking,True,3.9,0,0
1789904138671,21,35396,1,336,-2.039039,1,0.75,Walking,True,3.9,0,0
1789904138671,21,35396,1,336,-2.039039,1,0.75,Walking,True,3.9,0,0
1789904138671,21,35396,1,336,-2.039039,1,0.75,Walking,True,3.9,0,0
1789904138671,21,35396,1,336,-2.039039,1,0.75,Walking,True,3.9,0,0
1789904138685,22,36782,1,352,-1.976639,1,0.75,Walking,True,3.9,0,0
1789904138685,22,36782,1,352,-1.976639,1,0.75,Walking,True,3.9,0,0
1789904138686,22,36782,1,352,-1.976639,1,0.75,Walking,True,3.9,0,0
1789904138686,22,36782,1,352,-1.976639,1,0.75,Walking,True,3.9,0,0
1789904138686,22,36782,1,352,-1.976639,1,0.75,Walking,True,3.9,0,0
1789904138686,22,36782,1,352,-1.976639,1,0.75,Walking,True,3.9,0,0
1789904138686,22,36782,1,352,-1.976639,1,0.75,Walking,True,3.9,0,0
1789904138686,22,36782,1,352,-1.976639,1,0.75,Walking,True,3.9,0,0
1789904138700,23,38153,1,368,-1.914239,1,0.75,Walking,True,3.9,0,0
1789904138700,23,38153,1,368,-1.914239,1,0.75,Walking,True,3.9,0,0
1789904138700,23,38153,1,368,-1.914239,1,0.75,Walking,True,3.9,0,0
1789904138700,23,38153,1,368,-1.914239,1,0.75,Walking,True,3.9,0,0
1789904138700,23,38153,1,368,-1.914239,1,0.75,Walking,True,3.9,0,0
1789904138700,23,38153,1,368,-1.914239,1,0.75,Walking,True,3.9,0,0
1789904138701,23,38153,1,368,-1.914239,1,0.75,Walking,True,3.9,0,0
1789904138701,23,38153,1,368,-1.914239,1,0.75,Walking,True,3.9,0,0
1789904138716,24,39579,1,384,-1.851839,1,0.75,Walking,True,3.9,0,0
1789904138716,24,39579,1,384,-1.851839,1,0.75,Walking,True,3.9,0,0
1789904138716,24,39579,1,384,-1.851839,1,0.75,Walking,True,3.9,0,0
1789904138716,24,39579,1,384,-1.851839,1,0.75,Walking,True,3.9,0,0
1789904138716,24,39579,1,384,-1.851839,1,0.75,Walking,True,3.9,0,0
1789904138716,24,39579,1,384,-1.851839,1,0.75,Walking,True,3.9,0,0
1789904138716,24,39579,1,384,-1.851839,1,0.75,Walking,True,3.9,0,0
1789904138717,24,39579,1,384,-1.851839,1,0.75,Walking,True,3.9,0,0
1789904138732,25,41127,1,400,-1.789439,1,0.75,Walking,True,3.9,0,0
1789904138732,25,41127,1,400,-1.789439,1,0.75,Walking,True,3.9,0,0
1789904138732,25,41127,1,400,-1.789439,1,0.75,Walking,True,3.9,0,0
1789904138732,25,41127,1,400,-1.789439,1,0.75,Walking,True,3.9,0,0
1789904138732,25,41127,1,400,-1.789439,1,0.75,Walking,True,3.9,0,0
1789904138732,25,41127,1,400,-1.789439,1,0.75,Walking,True,3.9,0,0
1789904138732,25,41127,1,400,-1.789439,1,0.75,Walking,True,3.9,0,0
1789904138732,25,41127,1,400,-1.789439,1,0.75,Walking,True,3.9,0,0
1789904138747,26,42648,1,416,-1.727039,1,0.75,Walking,True,3.9,0,0
1789904138747,26,42648,1,416,-1.727039,1,0.75,Walking,True,3.9,0,0
1789904138747,26,42648,1,416,-1.727039,1,0.75,Walking,True,3.9,0,0
1789904138747,26,42648,1,416,-1.727039,1,0.75,Walking,True,3.9,0,0
1789904138747,26,42648,1,416,-1.727039,1,0.75,Walking,True,3.9,0,0
1789904138747,26,42648,1,416,-1.727039,1,0.75,Walking,True,3.9,0,0
1789904138747,26,42648,1,416,-1.727039,1,0.75,Walking,True,3.9,0,0
1789904138747,26,42648,1,416,-1.727039,1,0.75,Walking,True,3.9,0,0
1789904138763,27,44143,1,432,-1.664639,1,0.75,Walking,True,3.9,0,0
1789904138763,27,44143,1,432,-1.664639,1,0.75,Walking,True,3.9,0,0
1789904138763,27,44143,1,432,-1.664639,1,0.75,Walking,True,3.9,0,0
1789904138763,27,44143,1,432,-1.664639,1,0.75,Walking,True,3.9,0,0
1789904138763,27,44143,1,432,-1.664639,1,0.75,Walking,True,3.9,0,0
1789904138763,27,44143,1,432,-1.664639,1,0.75,Walking,True,3.9,0,0
1789904138763,27,44143,1,432,-1.664639,1,0.75,Walking,True,3.9,0,0
1789904138763,27,44143,1,432,-1.664639,1,0.75,Walking,True,3.9,0,0
1789904138779,28,45561,1,448,-1.602239,1,0.75,Walking,True,3.9,0,0
1789904138779,28,45561,1,448,-1.602239,1,0.75,Walking,True,3.9,0,0
1789904138779,28,45561,1,448,-1.602239,1,0.75,Walking,True,3.9,0,0
1789904138780,28,45561,1,448,-1.602239,1,0.75,Walking,True,3.9,0,0
1789904138780,28,45561,1,448,-1.602239,1,0.75,Walking,True,3.9,0,0
1789904138780,28,45561,1,448,-1.602239,1,0.75,Walking,True,3.9,0,0
1789904138780,28,45561,1,448,-1.602239,1,0.75,Walking,True,3.9,0,0
1789904138780,28,45561,1,448,-1.602239,1,0.75,Walking,True,3.9,0,0
1789904138795,29,47070,1,464,-1.539839,1,0.75,Walking,True,3.9,0,0
1789904138795,29,47070,1,464,-1.539839,1,0.75,Walking,True,3.9,0,0
1789904138795,29,47070,1,464,-1.539839,1,0.75,Walking,True,3.9,0,0
1789904138795,29,47070,1,464,-1.539839,1,0.75,Walking,True,3.9,0,0
1789904138795,29,47070,1,464,-1.539839,1,0.75,Walking,True,3.9,0,0
1789904138795,29,47070,1,464,-1.539839,1,0.75,Walking,True,3.9,0,0
1789904138795,29,47070,1,464,-1.539839,1,0.75,Walking,True,3.9,0,0
1789904138795,29,47070,1,464,-1.539839,1,0.75,Walking,True,3.9,0,0
1789904138810,30,48544,1,480,-1.477439,1,0.75,Walking,True,3.9,0,0
1789904138810,30,48544,1,480,-1.477439,1,0.75,Walking,True,3.9,0,0
1789904138810,30,48544,1,480,-1.477439,1,0.75,Walking,True,3.9,0,0
1789904138810,30,48544,1,480,-1.477439,1,0.75,Walking,True,3.9,0,0
1789904138810,30,48544,1,480,-1.477439,1,0.75,Walking,True,3.9,0,0
1789904138810,30,48544,1,480,-1.477439,1,0.75,Walking,True,3.9,0,0
1789904138810,30,48544,1,480,-1.477439,1,0.75,Walking,True,3.9,0,0
1789904138810,30,48544,1,480,-1.477439,1,0.75,Walking,True,3.9,0,0
1789904138841,31,49922,1,496,-1.415039,1,0.75,Walking,True,3.9,0,0
1789904138841,31,49922,1,496,-1.415039,1,0.75,Walking,True,3.9,0,0
1789904138841,31,49922,1,496,-1.415039,1,0.75,Walking,True,3.9,0,0
1789904138841,31,49922,1,496,-1.415039,1,0.75,Walking,True,3.9,0,0
1789904138841,31,49922,1,496,-1.415039,1,0.75,Walking,True,3.9,0,0
1789904138841,31,49922,1,496,-1.415039,1,0.75,Walking,True,3.9,0,0
1789904138841,31,49922,1,496,-1.415039,1,0.75,Walking,True,3.9,0,0
1789904138841,31,49922,1,496,-1.415039,1,0.75,Walking,True,3.9,0,0
1789904138856,32,52919,1,512,-1.352639,1,0.75,Walking,True,3.9,0,0
1789904138856,32,52919,1,512,-1.352639,1,0.75,Walking,True,3.9,0,0
1789904138856,32,52919,1,512,-1.352639,1,0.75,Walking,True,3.9,0,0
1789904138856,32,52919,1,512,-1.352639,1,0.75,Walking,True,3.9,0,0
1789904138856,32,52919,1,512,-1.352639,1,0.75,Walking,True,3.9,0,0
1789904138856,32,52919,1,512,-1.352639,1,0.75,Walking,True,3.9,0,0
1789904138856,32,52919,1,512,-1.352639,1,0.75,Walking,True,3.9,0,0
1789904138856,32,52919,1,512,-1.352639,1,0.75,Walking,True,3.9,0,0
1789904138872,33,54300,1,528,-1.290239,1,0.75,Walking,True,3.9,0,0
1789904138872,33,54300,1,528,-1.290239,1,0.75,Walking,True,3.9,0,0
1789904138872,33,54300,1,528,-1.290239,1,0.75,Walking,True,3.9,0,0
1789904138872,33,54300,1,528,-1.290239,1,0.75,Walking,True,3.9,0,0
1789904138872,33,54300,1,528,-1.290239,1,0.75,Walking,True,3.9,0,0
1789904138872,33,54300,1,528,-1.290239,1,0.75,Walking,True,3.9,0,0
1789904138872,33,54300,1,528,-1.290239,1,0.75,Walking,True,3.9,0,0
1789904138872,33,54300,1,528,-1.290239,1,0.75,Walking,True,3.9,0,0
1789904138888,34,55762,1,544,-1.227839,1,0.75,Walking,True,3.9,0,0
1789904138888,34,55762,1,544,-1.227839,1,0.75,Walking,True,3.9,0,0
1789904138888,34,55762,1,544,-1.227839,1,0.75,Walking,True,3.9,0,0
1789904138888,34,55762,1,544,-1.227839,1,0.75,Walking,True,3.9,0,0
1789904138888,34,55762,1,544,-1.227839,1,0.75,Walking,True,3.9,0,0
1789904138888,34,55762,1,544,-1.227839,1,0.75,Walking,True,3.9,0,0
1789904138888,34,55762,1,544,-1.227839,1,0.75,Walking,True,3.9,0,0
1789904138888,34,55762,1,544,-1.227839,1,0.75,Walking,True,3.9,0,0
1789904138904,35,57276,1,560,-1.165439,1,0.75,Walking,True,3.9,0,0
1789904138904,35,57276,1,560,-1.165439,1,0.75,Walking,True,3.9,0,0
1789904138904,35,57276,1,560,-1.165439,1,0.75,Walking,True,3.9,0,0
1789904138904,35,57276,1,560,-1.165439,1,0.75,Walking,True,3.9,0,0
1789904138904,35,57276,1,560,-1.165439,1,0.75,Walking,True,3.9,0,0
1789904138904,35,57276,1,560,-1.165439,1,0.75,Walking,True,3.9,0,0
1789904138904,35,57276,1,560,-1.165439,1,0.75,Walking,True,3.9,0,0
1789904138904,35,57276,1,560,-1.165439,1,0.75,Walking,True,3.9,0,0
1789904138919,36,58699,1,576,-1.103039,1,0.75,Walking,True,3.9,0,0
1789904138919,36,58699,1,576,-1.103039,1,0.75,Walking,True,3.9,0,0
1789904138919,36,58699,1,576,-1.103039,1,0.75,Walking,True,3.9,0,0
1789904138919,36,58699,1,576,-1.103039,1,0.75,Walking,True,3.9,0,0
1789904138919,36,58699,1,576,-1.103039,1,0.75,Walking,True,3.9,0,0
1789904138919,36,58699,1,576,-1.103039,1,0.75,Walking,True,3.9,0,0
1789904138919,36,58699,1,576,-1.103039,1,0.75,Walking,True,3.9,0,0
1789904138919,36,58699,1,576,-1.103039,1,0.75,Walking,True,3.9,0,0
1789904138936,37,60206,1,592,-1.040639,1,0.75,Walking,True,3.9,0,0
1789904138936,37,60206,1,592,-1.040639,1,0.75,Walking,True,3.9,0,0
1789904138936,37,60206,1,592,-1.040639,1,0.75,Walking,True,3.9,0,0
1789904138936,37,60206,1,592,-1.040639,1,0.75,Walking,True,3.9,0,0
1789904138936,37,60206,1,592,-1.040639,1,0.75,Walking,True,3.9,0,0
1789904138936,37,60206,1,592,-1.040639,1,0.75,Walking,True,3.9,0,0
1789904138936,37,60206,1,592,-1.040639,1,0.75,Walking,True,3.9,0,0
1789904138936,37,60206,1,592,-1.040639,1,0.75,Walking,True,3.9,0,0
1789904138952,38,61760,1,608,-0.978239,1,0.75,Walking,True,3.9,0,0
1789904138952,38,61760,1,608,-0.978239,1,0.75,Walking,True,3.9,0,0
1789904138952,38,61760,1,608,-0.978239,1,0.75,Walking,True,3.9,0,0
1789904138952,38,61760,1,608,-0.978239,1,0.75,Walking,True,3.9,0,0
1789904138952,38,61760,1,608,-0.978239,1,0.75,Walking,True,3.9,0,0
1789904138952,38,61760,1,608,-0.978239,1,0.75,Walking,True,3.9,0,0
1789904138952,38,61760,1,608,-0.978239,1,0.75,Walking,True,3.9,0,0
1789904138952,38,61760,1,608,-0.978239,1,0.75,Walking,True,3.9,0,0
1789904138969,39,63310,1,624,-0.915839,1,0.75,Walking,True,3.9,0,0
1789904138969,39,63310,1,624,-0.915839,1,0.75,Walking,True,3.9,0,0
1789904138969,39,63310,1,624,-0.915839,1,0.75,Walking,True,3.9,0,0
1789904138969,39,63310,1,624,-0.915839,1,0.75,Walking,True,3.9,0,0
1789904138969,39,63310,1,624,-0.915839,1,0.75,Walking,True,3.9,0,0
1789904138969,39,63310,1,624,-0.915839,1,0.75,Walking,True,3.9,0,0
1789904138969,39,63310,1,624,-0.915839,1,0.75,Walking,True,3.9,0,0
1789904138969,39,63310,1,624,-0.915839,1,0.75,Walking,True,3.9,0,0
1789904138984,40,64912,1,640,-0.901,1,0.75,Walking,True,3.9,0,0
1789904138984,40,64912,1,640,-0.901,1,0.75,Walking,True,3.9,0,0
1789904138984,40,64912,1,640,-0.901,1,0.75,Walking,True,3.9,0,0
1789904138984,40,64912,1,640,-0.901,1,0.75,Walking,True,3.9,0,0
1789904138984,40,64912,1,640,-0.901,1,0.75,Walking,True,3.9,0,0
1789904138984,40,64912,1,640,-0.901,1,0.75,Walking,True,3.9,0,0
1789904138984,40,64912,1,640,-0.901,1,0.75,Walking,True,3.9,0,0
1789904138984,40,64912,1,640,-0.901,1,0.75,Walking,True,3.9,0,0
1789904138999,41,66341,1,656,-0.901,1,0.75,Walking,True,3.9,0,0
1789904138999,41,66341,1,656,-0.901,1,0.75,Walking,True,3.9,0,0
1789904138999,41,66341,1,656,-0.901,1,0.75,Walking,True,3.9,0,0
1789904138999,41,66341,1,656,-0.901,1,0.75,Walking,True,3.9,0,0
1789904138999,41,66341,1,656,-0.901,1,0.75,Walking,True,3.9,0,0
1789904138999,41,66341,1,656,-0.901,1,0.75,Walking,True,3.9,0,0
1789904138999,41,66341,1,656,-0.901,1,0.75,Walking,True,3.9,0,0
1789904138999,41,66341,1,656,-0.901,1,0.75,Walking,True,3.9,0,0
1789904139014,42,67622,1,672,-0.901,1,0.75,Walking,True,3.9,0,0
1789904139014,42,67622,1,672,-0.901,1,0.75,Walking,True,3.9,0,0
1789904139014,42,67622,1,672,-0.901,1,0.75,Walking,True,3.9,0,0
1789904139014,42,67622,1,672,-0.901,1,0.75,Walking,True,3.9,0,0
1789904139014,42,67622,1,672,-0.901,1,0.75,Walking,True,3.9,0,0
1789904139014,42,67622,1,672,-0.901,1,0.75,Walking,True,3.9,0,0
1789904139014,42,67622,1,672,-0.901,1,0.75,Walking,True,3.9,0,0
1789904139014,42,67622,1,672,-0.901,1,0.75,Walking,True,3.9,0,0
1789904139029,43,68971,1,688,-0.901,1,0.75,Walking,True,3.9,0,0
1789904139029,43,68971,1,688,-0.901,1,0.75,Walking,True,3.9,0,0
1789904139029,43,68971,1,688,-0.901,1,0.75,Walking,True,3.9,0,0
1789904139029,43,68971,1,688,-0.901,1,0.75,Walking,True,3.9,0,0
1789904139029,43,68971,1,688,-0.901,1,0.75,Walking,True,3.9,0,0
1789904139029,43,68971,1,688,-0.901,1,0.75,Walking,True,3.9,0,0
1789904139029,43,68971,1,688,-0.901,1,0.75,Walking,True,3.9,0,0
1789904139029,43,68971,1,688,-0.901,1,0.75,Walking,True,3.9,0,0
1789904139045,44,70393,1,704,-0.901,1,0.75,Walking,True,3.9,0,0
1789904139045,44,70393,1,704,-0.901,1,0.75,Walking,True,3.9,0,0
1789904139045,44,70393,1,704,-0.901,1,0.75,Walking,True,3.9,0,0
1789904139045,44,70393,1,704,-0.901,1,0.75,Walking,True,3.9,0,0
1789904139045,44,70393,1,704,-0.901,1,0.75,Walking,True,3.9,0,0
1789904139045,44,70393,1,704,-0.901,1,0.75,Walking,True,3.9,0,0
1789904139045,44,70393,1,704,-0.901,1,0.75,Walking,True,3.9,0,0
1789904139045,44,70393,1,704,-0.901,1,0.75,Walking,True,3.9,0,0
1789904139061,45,71848,1,720,-0.901,1,0.75,Walking,True,3.9,0,0
1789904139061,45,71848,1,720,-0.901,1,0.75,Walking,True,3.9,0,0
1789904139061,45,71848,1,720,-0.901,1,0.75,Walking,True,3.9,0,0
1789904139061,45,71848,1,720,-0.901,1,0.75,Walking,True,3.9,0,0
1789904139061,45,71848,1,720,-0.901,1,0.75,Walking,True,3.9,0,0
1789904139061,45,71848,1,720,-0.901,1,0.75,Walking,True,3.9,0,0
1789904139061,45,71848,1,720,-0.901,1,0.75,Walking,True,3.9,0,0
1789904139061,45,71848,1,720,-0.901,1,0.75,Walking,True,3.9,0,0
1789904139076,46,73241,1,736,-0.901,1,0.75,Walking,True,3.9,0,0
1789904139076,46,73241,1,736,-0.901,1,0.75,Walking,True,3.9,0,0
1789904139076,46,73241,1,736,-0.901,1,0.75,Walking,True,3.9,0,0
1789904139076,46,73241,1,736,-0.901,1,0.75,Walking,True,3.9,0,0
1789904139076,46,73241,1,736,-0.901,1,0.75,Walking,True,3.9,0,0
1789904139076,46,73241,1,736,-0.901,1,0.75,Walking,True,3.9,0,0
1789904139076,46,73241,1,736,-0.901,1,0.75,Walking,True,3.9,0,0
1789904139076,46,73241,1,736,-0.901,1,0.75,Walking,True,3.9,0,0
1789904139092,47,74757,1,752,-0.901,1,0.75,Walking,True,3.9,0,0
1789904139092,47,74757,1,752,-0.901,1,0.75,Walking,True,3.9,0,0
1789904139092,47,74757,1,752,-0.901,1,0.75,Walking,True,3.9,0,0
1789904139092,47,74757,1,752,-0.901,1,0.75,Walking,True,3.9,0,0
1789904139092,47,74757,1,752,-0.901,1,0.75,Walking,True,3.9,0,0
1789904139092,47,74757,1,752,-0.901,1,0.75,Walking,True,3.9,0,0
1789904139092,47,74757,1,752,-0.901,1,0.75,Walking,True,3.9,0,0
1789904139092,47,74757,1,752,-0.901,1,0.75,Walking,True,3.9,0,0
1789904139107,48,76339,1,768,-0.901,1,0.75,Walking,True,3.9,0,0
1789904139107,48,76339,1,768,-0.901,1,0.75,Walking,True,3.9,0,0
1789904139107,48,76339,1,768,-0.901,1,0.75,Walking,True,3.9,0,0
1789904139107,48,76339,1,768,-0.901,1,0.75,Walking,True,3.9,0,0
1789904139107,48,76339,1,768,-0.901,1,0.75,Walking,True,3.9,0,0
1789904139107,48,76339,1,768,-0.901,1,0.75,Walking,True,3.9,0,0
1789904139107,48,76339,1,768,-0.901,1,0.75,Walking,True,3.9,0,0
1789904139107,48,76339,1,768,-0.901,1,0.75,Walking,True,3.9,0,0
1789904139123,49,77860,1,784,-0.901,1,0.75,Walking,True,3.9,0,0
1789904139123,49,77860,1,784,-0.901,1,0.75,Walking,True,3.9,0,0
1789904139123,49,77860,1,784,-0.901,1,0.75,Walking,True,3.9,0,0
1789904139123,49,77860,1,784,-0.901,1,0.75,Walking,True,3.9,0,0
1789904139123,49,77860,1,784,-0.901,1,0.75,Walking,True,3.9,0,0
1789904139123,49,77860,1,784,-0.901,1,0.75,Walking,True,3.9,0,0
1789904139123,49,77860,1,784,-0.901,1,0.75,Walking,True,3.9,0,0
1789904139123,49,77860,1,784,-0.901,1,0.75,Walking,True,3.9,0,0
1789904139139,50,79438,1,800,-0.901,1,0.75,Walking,True,3.9,0,0
1789904139139,50,79438,1,800,-0.901,1,0.75,Walking,True,3.9,0,0
1789904139139,50,79438,1,800,-0.901,1,0.75,Walking,True,3.9,0,0
1789904139139,50,79438,1,800,-0.901,1,0.75,Walking,True,3.9,0,0
1789904139139,50,79438,1,800,-0.901,1,0.75,Walking,True,3.9,0,0
1789904139139,50,79438,1,800,-0.901,1,0.75,Walking,True,3.9,0,0
1789904139139,50,79438,1,800,-0.901,1,0.75,Walking,True,3.9,0,0
1789904139139,50,79438,1,800,-0.901,1,0.75,Walking,True,3.9,0,0
1789904139155,51,81003,1,816,-0.901,1,0.75,Walking,True,3.9,0,0
1789904139155,51,81003,1,816,-0.901,1,0.75,Walking,True,3.9,0,0
1789904139155,51,81003,1,816,-0.901,1,0.75,Walking,True,3.9,0,0
1789904139155,51,81003,1,816,-0.901,1,0.75,Walking,True,3.9,0,0
1789904139155,51,81003,1,816,-0.901,1,0.75,Walking,True,3.9,0,0
1789904139155,51,81003,1,816,-0.901,1,0.75,Walking,True,3.9,0,0
1789904139155,51,81003,1,816,-0.901,1,0.75,Walking,True,3.9,0,0
1789904139155,51,81003,1,816,-0.901,1,0.75,Walking,True,3.9,0,0
1789904139170,52,82475,1,832,-0.901,1,0.75,Walking,True,3.9,0,0
1789904139170,52,82475,1,832,-0.901,1,0.75,Walking,True,3.9,0,0
1789904139170,52,82475,1,832,-0.901,1,0.75,Walking,True,3.9,0,0
1789904139170,52,82475,1,832,-0.901,1,0.75,Walking,True,3.9,0,0
1789904139170,52,82475,1,832,-0.901,1,0.75,Walking,True,3.9,0,0
1789904139170,52,82475,1,832,-0.901,1,0.75,Walking,True,3.9,0,0
1789904139170,52,82475,1,832,-0.901,1,0.75,Walking,True,3.9,0,0
1789904139170,52,82475,1,832,-0.901,1,0.75,Walking,True,3.9,0,0
1789904139185,53,84004,1,848,-0.901,1,0.75,Walking,True,3.9,0,0
1789904139185,53,84004,1,848,-0.901,1,0.75,Walking,True,3.9,0,0
1789904139185,53,84004,1,848,-0.901,1,0.75,Walking,True,3.9,0,0
1789904139185,53,84004,1,848,-0.901,1,0.75,Walking,True,3.9,0,0
1789904139185,53,84004,1,848,-0.901,1,0.75,Walking,True,3.9,0,0
1789904139185,53,84004,1,848,-0.901,1,0.75,Walking,True,3.9,0,0
1789904139185,53,84004,1,848,-0.901,1,0.75,Walking,True,3.9,0,0
1789904139185,53,84004,1,848,-0.901,1,0.75,Walking,True,3.9,0,0
1789904139200,54,85354,1,864,-0.901,1,0.75,Walking,True,3.9,0,0
1789904139200,54,85354,1,864,-0.901,1,0.75,Walking,True,3.9,0,0
1789904139200,54,85354,1,864,-0.901,1,0.75,Walking,True,3.9,0,0
1789904139200,54,85354,1,864,-0.901,1,0.75,Walking,True,3.9,0,0
1789904139200,54,85354,1,864,-0.901,1,0.75,Walking,True,3.9,0,0
1789904139200,54,85354,1,864,-0.901,1,0.75,Walking,True,3.9,0,0
1789904139200,54,85354,1,864,-0.901,1,0.75,Walking,True,3.9,0,0
1789904139200,54,85354,1,864,-0.901,1,0.75,Walking,True,3.9,0,0
1789904139217,55,86857,1,880,-0.901,1,0.75,Walking,True,3.9,0,0
1789904139217,55,86857,1,880,-0.901,1,0.75,Walking,True,3.9,0,0
1789904139217,55,86857,1,880,-0.901,1,0.75,Walking,True,3.9,0,0
1789904139217,55,86857,1,880,-0.901,1,0.75,Walking,True,3.9,0,0
1789904139217,55,86857,1,880,-0.901,1,0.75,Walking,True,3.9,0,0
1789904139217,55,86857,1,880,-0.901,1,0.75,Walking,True,3.9,0,0
1789904139217,55,86857,1,880,-0.901,1,0.75,Walking,True,3.9,0,0
1789904139217,55,86857,1,880,-0.901,1,0.75,Walking,True,3.9,0,0
1789904139233,56,88505,1,896,-0.901,1,0.75,Walking,True,3.9,0,0
1789904139233,56,88505,1,896,-0.901,1,0.75,Walking,True,3.9,0,0
1789904139233,56,88505,1,896,-0.901,1,0.75,Walking,True,3.9,0,0
1789904139233,56,88505,1,896,-0.901,1,0.75,Walking,True,3.9,0,0
1789904139233,56,88505,1,896,-0.901,1,0.75,Walking,True,3.9,0,0
1789904139233,56,88505,1,896,-0.901,1,0.75,Walking,True,3.9,0,0
1789904139233,56,88505,1,896,-0.901,1,0.75,Walking,True,3.9,0,0
1789904139233,56,88505,1,896,-0.901,1,0.75,Walking,True,3.9,0,0
1789904139248,57,90117,1,912,-0.901,1,0.75,Walking,True,3.9,0,0
1789904139248,57,90117,1,912,-0.901,1,0.75,Walking,True,3.9,0,0
1789904139248,57,90117,1,912,-0.901,1,0.75,Walking,True,3.9,0,0
1789904139248,57,90117,1,912,-0.901,1,0.75,Walking,True,3.9,0,0
1789904139248,57,90117,1,912,-0.901,1,0.75,Walking,True,3.9,0,0
1789904139248,57,90117,1,912,-0.901,1,0.75,Walking,True,3.9,0,0
1789904139248,57,90117,1,912,-0.901,1,0.75,Walking,True,3.9,0,0
1789904139248,57,90117,1,912,-0.901,1,0.75,Walking,True,3.9,0,0
1789904139263,58,91618,1,928,-0.901,1,0.75,Walking,True,3.9,0,0
1789904139263,58,91618,1,928,-0.901,1,0.75,Walking,True,3.9,0,0
1789904139263,58,91618,1,928,-0.901,1,0.75,Walking,True,3.9,0,0
1789904139263,58,91618,1,928,-0.901,1,0.75,Walking,True,3.9,0,0
1789904139263,58,91618,1,928,-0.901,1,0.75,Walking,True,3.9,0,0
1789904139263,58,91618,1,928,-0.901,1,0.75,Walking,True,3.9,0,0
1789904139263,58,91618,1,928,-0.901,1,0.75,Walking,True,3.9,0,0
1789904139263,58,91618,1,928,-0.901,1,0.75,Walking,True,3.9,0,0
1789904139279,59,93045,1,944,-0.901,1,0.75,Walking,True,3.9,0,0
1789904139279,59,93045,1,944,-0.901,1,0.75,Walking,True,3.9,0,0
1789904139279,59,93045,1,944,-0.901,1,0.75,Walking,True,3.9,0,0
1789904139279,59,93045,1,944,-0.901,1,0.75,Walking,True,3.9,0,0
1789904139279,59,93045,1,944,-0.901,1,0.75,Walking,True,3.9,0,0
1789904139279,59,93045,1,944,-0.901,1,0.75,Walking,True,3.9,0,0
1789904139279,59,93045,1,944,-0.901,1,0.75,Walking,True,3.9,0,0
1789904139279,59,93045,1,944,-0.901,1,0.75,Walking,True,3.9,0,0
1789904139295,60,94510,1,960,-0.901,1,0.75,Walking,True,3.9,0,0
1789904139295,60,94510,1,960,-0.901,1,0.75,Walking,True,3.9,0,0
1789904139295,60,94510,1,960,-0.901,1,0.75,Walking,True,3.9,0,0
1789904139295,60,94510,1,960,-0.901,1,0.75,Walking,True,3.9,0,0
1789904139295,60,94510,1,960,-0.901,1,0.75,Walking,True,3.9,0,0
1789904139295,60,94510,1,960,-0.901,1,0.75,Walking,True,3.9,0,0
1789904139295,60,94510,1,960,-0.901,1,0.75,Walking,True,3.9,0,0
1789904139295,60,94510,1,960,-0.901,1,0.75,Walking,True,3.9,0,0
1789904139311,61,96011,1,976,-0.901,1,0.75,Walking,True,3.9,0,0
1789904139311,61,96011,1,976,-0.901,1,0.75,Walking,True,3.9,0,0
1789904139311,61,96011,1,976,-0.901,1,0.75,Walking,True,3.9,0,0
1789904139311,61,96011,1,976,-0.901,1,0.75,Walking,True,3.9,0,0
1789904139311,61,96011,1,976,-0.901,1,0.75,Walking,True,3.9,0,0
1789904139311,61,96011,1,976,-0.901,1,0.75,Walking,True,3.9,0,0
1789904139311,61,96011,1,976,-0.901,1,0.75,Walking,True,3.9,0,0
1789904139311,61,96011,1,976,-0.901,1,0.75,Walking,True,3.9,0,0
1789904139327,62,97550,1,992,-0.901,1,0.75,Walking,True,3.9,0,0
1789904139327,62,97550,1,992,-0.901,1,0.75,Walking,True,3.9,0,0
1789904139327,62,97550,1,992,-0.901,1,0.75,Walking,True,3.9,0,0
1789904139327,62,97550,1,992,-0.901,1,0.75,Walking,True,3.9,0,0
1789904139327,62,97550,1,992,-0.901,1,0.75,Walking,True,3.9,0,0
1789904139327,62,97550,1,992,-0.901,1,0.75,Walking,True,3.9,0,0
1789904139327,62,97550,1,992,-0.901,1,0.75,Walking,True,3.9,0,0
1789904139327,62,97550,1,992,-0.901,1,0.75,Walking,True,3.9,0,0
1789904139342,63,99084,1,1008,-0.901,1,0.75,Walking,True,3.9,0,0
1789904139342,63,99084,1,1008,-0.901,1,0.75,Walking,True,3.9,0,0
1789904139342,63,99084,1,1008,-0.901,1,0.75,Walking,True,3.9,0,0
1789904139342,63,99084,1,1008,-0.901,1,0.75,Walking,True,3.9,0,0
1789904139342,63,99084,1,1008,-0.901,1,0.75,Walking,True,3.9,0,0
1789904139342,63,99084,1,1008,-0.901,1,0.75,Walking,True,3.9,0,0
1789904139342,63,99084,1,1008,-0.901,1,0.75,Walking,True,3.9,0,0
1789904139342,63,99084,1,1008,-0.901,1,0.75,Walking,True,3.9,0,0
1789904139357,64,100580,1,1024,-0.901,1,0.75,Walking,True,3.9,0,0
1789904139357,64,100580,1,1024,-0.901,1,0.75,Walking,True,3.9,0,0
1789904139357,64,100580,1,1024,-0.901,1,0.75,Walking,True,3.9,0,0
1789904139357,64,100580,1,1024,-0.901,1,0.75,Walking,True,3.9,0,0
1789904139357,64,100580,1,1024,-0.901,1,0.75,Walking,True,3.9,0,0
1789904139357,64,100580,1,1024,-0.901,1,0.75,Walking,True,3.9,0,0
1789904139357,64,100580,1,1024,-0.901,1,0.75,Walking,True,3.9,0,0
1789904139357,64,100580,1,1024,-0.901,1,0.75,Walking,True,3.9,0,0
1789904139373,65,102059,1,1040,-0.901,1,0.75,Walking,True,3.9,0,0
1789904139373,65,102059,1,1040,-0.901,1,0.75,Walking,True,3.9,0,0
1789904139373,65,102059,1,1040,-0.901,1,0.75,Walking,True,3.9,0,0
1789904139373,65,102059,1,1040,-0.901,1,0.75,Walking,True,3.9,0,0
1789904139373,65,102059,1,1040,-0.901,1,0.75,Walking,True,3.9,0,0
1789904139373,65,102059,1,1040,-0.901,1,0.75,Walking,True,3.9,0,0
1789904139373,65,102059,1,1040,-0.901,1,0.75,Walking,True,3.9,0,0
1789904139373,65,102059,1,1040,-0.901,1,0.75,Walking,True,3.9,0,0
1789904139388,66,103573,1,1056,-0.901,1,0.75,Walking,True,3.9,0,0
1789904139388,66,103573,1,1056,-0.901,1,0.75,Walking,True,3.9,0,0
1789904139388,66,103573,1,1056,-0.901,1,0.75,Walking,True,3.9,0,0
1789904139388,66,103573,1,1056,-0.901,1,0.75,Walking,True,3.9,0,0
1789904139388,66,103573,1,1056,-0.901,1,0.75,Walking,True,3.9,0,0
1789904139388,66,103573,1,1056,-0.901,1,0.75,Walking,True,3.9,0,0
1789904139388,66,103573,1,1056,-0.901,1,0.75,Walking,True,3.9,0,0
1789904139388,66,103573,1,1056,-0.901,1,0.75,Walking,True,3.9,0,0
1789904139403,67,105089,1,1072,-0.901,1,0.75,Walking,True,3.9,0,0
1789904139403,67,105089,1,1072,-0.901,1,0.75,Walking,True,3.9,0,0
1789904139403,67,105089,1,1072,-0.901,1,0.75,Walking,True,3.9,0,0
1789904139403,67,105089,1,1072,-0.901,1,0.75,Walking,True,3.9,0,0
1789904139403,67,105089,1,1072,-0.901,1,0.75,Walking,True,3.9,0,0
1789904139403,67,105089,1,1072,-0.901,1,0.75,Walking,True,3.9,0,0
1789904139403,67,105089,1,1072,-0.901,1,0.75,Walking,True,3.9,0,0
1789904139403,67,105089,1,1072,-0.901,1,0.75,Walking,True,3.9,0,0
1789904139419,68,106563,1,1088,-0.901,1,0.75,Walking,True,3.9,0,0
1789904139419,68,106563,1,1088,-0.901,1,0.75,Walking,True,3.9,0,0
1789904139419,68,106563,1,1088,-0.901,1,0.75,Walking,True,3.9,0,0
1789904139419,68,106563,1,1088,-0.901,1,0.75,Walking,True,3.9,0,0
1789904139419,68,106563,1,1088,-0.901,1,0.75,Walking,True,3.9,0,0
1789904139419,68,106563,1,1088,-0.901,1,0.75,Walking,True,3.9,0,0
1789904139419,68,106563,1,1088,-0.901,1,0.75,Walking,True,3.9,0,0
1789904139419,68,106563,1,1088,-0.901,1,0.75,Walking,True,3.9,0,0
1789904139434,69,108116,1,1104,-0.901,1,0.75,Walking,True,3.9,0,0
1789904139434,69,108116,1,1104,-0.901,1,0.75,Walking,True,3.9,0,0
1789904139434,69,108116,1,1104,-0.901,1,0.75,Walking,True,3.9,0,0
1789904139434,69,108116,1,1104,-0.901,1,0.75,Walking,True,3.9,0,0
1789904139434,69,108116,1,1104,-0.901,1,0.75,Walking,True,3.9,0,0
1789904139434,69,108116,1,1104,-0.901,1,0.75,Walking,True,3.9,0,0
1789904139434,69,108116,1,1104,-0.901,1,0.75,Walking,True,3.9,0,0
1789904139434,69,108116,1,1104,-0.901,1,0.75,Walking,True,3.9,0,0
1789904139465,70,109564,1,1120,-0.901,1,0.75,Walking,True,3.9,0,0
1789904139465,70,109564,1,1120,-0.901,1,0.75,Walking,True,3.9,0,0
1789904139465,70,109564,1,1120,-0.901,1,0.75,Walking,True,3.9,0,0
1789904139465,70,109564,1,1120,-0.901,1,0.75,Walking,True,3.9,0,0
1789904139465,70,109564,1,1120,-0.901,1,0.75,Walking,True,3.9,0,0
1789904139465,70,109564,1,1120,-0.901,1,0.75,Walking,True,3.9,0,0
1789904139465,70,109564,1,1120,-0.901,1,0.75,Walking,True,3.9,0,0
1789904139465,70,109564,1,1120,-0.901,1,0.75,Walking,True,3.9,0,0
1789904139480,71,112464,1,1136,-0.901,1,0.75,Walking,True,3.9,0,0
1789904139480,71,112464,1,1136,-0.901,1,0.75,Walking,True,3.9,0,0
1789904139480,71,112464,1,1136,-0.901,1,0.75,Walking,True,3.9,0,0
1789904139480,71,112464,1,1136,-0.901,1,0.75,Walking,True,3.9,0,0
1789904139480,71,112464,1,1136,-0.901,1,0.75,Walking,True,3.9,0,0
1789904139480,71,112464,1,1136,-0.901,1,0.75,Walking,True,3.9,0,0
1789904139480,71,112464,1,1136,-0.901,1,0.75,Walking,True,3.9,0,0
1789904139480,71,112464,1,1136,-0.901,1,0.75,Walking,True,3.9,0,0
1789904139495,72,113906,1,1152,-0.901,1,0.75,Walking,True,3.9,0,0
1789904139495,72,113906,1,1152,-0.901,1,0.75,Walking,True,3.9,0,0
1789904139495,72,113906,1,1152,-0.901,1,0.75,Walking,True,3.9,0,0
1789904139495,72,113906,1,1152,-0.901,1,0.75,Walking,True,3.9,0,0
1789904139495,72,113906,1,1152,-0.901,1,0.75,Walking,True,3.9,0,0
1789904139495,72,113906,1,1152,-0.901,1,0.75,Walking,True,3.9,0,0
1789904139495,72,113906,1,1152,-0.901,1,0.75,Walking,True,3.9,0,0
1789904139495,72,113906,1,1152,-0.901,1,0.75,Walking,True,3.9,0,0
1789904139511,73,115299,1,1168,-0.901,1,0.75,Walking,True,3.9,0,0
1789904139511,73,115299,1,1168,-0.901,1,0.75,Walking,True,3.9,0,0
1789904139511,73,115299,1,1168,-0.901,1,0.75,Walking,True,3.9,0,0
1789904139511,73,115299,1,1168,-0.901,1,0.75,Walking,True,3.9,0,0
1789904139511,73,115299,1,1168,-0.901,1,0.75,Walking,True,3.9,0,0
1789904139511,73,115299,1,1168,-0.901,1,0.75,Walking,True,3.9,0,0
1789904139511,73,115299,1,1168,-0.901,1,0.75,Walking,True,3.9,0,0
1789904139511,73,115299,1,1168,-0.901,1,0.75,Walking,True,3.9,0,0
1789904139527,74,116816,1,1184,-0.901,1,0.75,Walking,True,3.9,0,0
1789904139527,74,116816,1,1184,-0.901,1,0.75,Walking,True,3.9,0,0
1789904139527,74,116816,1,1184,-0.901,1,0.75,Walking,True,3.9,0,0
1789904139527,74,116816,1,1184,-0.901,1,0.75,Walking,True,3.9,0,0
1789904139527,74,116816,1,1184,-0.901,1,0.75,Walking,True,3.9,0,0
1789904139527,74,116816,1,1184,-0.901,1,0.75,Walking,True,3.9,0,0
1789904139527,74,116816,1,1184,-0.901,1,0.75,Walking,True,3.9,0,0
1789904139527,74,116816,1,1184,-0.901,1,0.75,Walking,True,3.9,0,0
1789904139543,75,118355,1,1200,-0.901,1,0.75,Walking,True,3.9,0,0
1789904139543,75,118355,1,1200,-0.901,1,0.75,Walking,True,3.9,0,0
1789904139543,75,118355,1,1200,-0.901,1,0.75,Walking,True,3.9,0,0
1789904139543,75,118355,1,1200,-0.901,1,0.75,Walking,True,3.9,0,0
1789904139543,75,118355,1,1200,-0.901,1,0.75,Walking,True,3.9,0,0
1789904139543,75,118355,1,1200,-0.901,1,0.75,Walking,True,3.9,0,0
1789904139543,75,118355,1,1200,-0.901,1,0.75,Walking,True,3.9,0,0
1789904139543,75,118355,1,1200,-0.901,1,0.75,Walking,True,3.9,0,0
1789904139558,76,119700,1,1216,-0.901,1,0.75,Walking,True,3.9,0,0
1789904139558,76,119700,1,1216,-0.901,1,0.75,Walking,True,3.9,0,0
1789904139558,76,119700,1,1216,-0.901,1,0.75,Walking,True,3.9,0,0
1789904139558,76,119700,1,1216,-0.901,1,0.75,Walking,True,3.9,0,0
1789904139558,76,119700,1,1216,-0.901,1,0.75,Walking,True,3.9,0,0
1789904139558,76,119700,1,1216,-0.901,1,0.75,Walking,True,3.9,0,0
1789904139558,76,119700,1,1216,-0.901,1,0.75,Walking,True,3.9,0,0
1789904139558,76,119700,1,1216,-0.901,1,0.75,Walking,True,3.9,0,0
1789904139574,77,121062,1,1232,-0.901,1,0.75,Walking,True,3.9,0,0
1789904139574,77,121062,1,1232,-0.901,1,0.75,Walking,True,3.9,0,0
1789904139574,77,121062,1,1232,-0.901,1,0.75,Walking,True,3.9,0,0
1789904139574,77,121062,1,1232,-0.901,1,0.75,Walking,True,3.9,0,0
1789904139574,77,121062,1,1232,-0.901,1,0.75,Walking,True,3.9,0,0
1789904139574,77,121062,1,1232,-0.901,1,0.75,Walking,True,3.9,0,0
1789904139574,77,121062,1,1232,-0.901,1,0.75,Walking,True,3.9,0,0
1789904139574,77,121062,1,1232,-0.901,1,0.75,Walking,True,3.9,0,0
1789904139591,78,122434,1,1248,-0.901,1,0.75,Walking,True,3.9,0,0
1789904139591,78,122434,1,1248,-0.901,1,0.75,Walking,True,3.9,0,0
1789904139591,78,122434,1,1248,-0.901,1,0.75,Walking,True,3.9,0,0
1789904139591,78,122434,1,1248,-0.901,1,0.75,Walking,True,3.9,0,0
1789904139591,78,122434,1,1248,-0.901,1,0.75,Walking,True,3.9,0,0
1789904139591,78,122434,1,1248,-0.901,1,0.75,Walking,True,3.9,0,0
1789904139591,78,122434,1,1248,-0.901,1,0.75,Walking,True,3.9,0,0
1789904139591,78,122434,1,1248,-0.901,1,0.75,Walking,True,3.9,0,0
1789904139606,79,123856,1,1264,-0.901,1,0.75,Walking,True,3.9,0,0
1789904139606,79,123856,1,1264,-0.901,1,0.75,Walking,True,3.9,0,0
1789904139606,79,123856,1,1264,-0.901,1,0.75,Walking,True,3.9,0,0
1789904139606,79,123856,1,1264,-0.901,1,0.75,Walking,True,3.9,0,0
1789904139606,79,123856,1,1264,-0.901,1,0.75,Walking,True,3.9,0,0
1789904139606,79,123856,1,1264,-0.901,1,0.75,Walking,True,3.9,0,0
1789904139606,79,123856,1,1264,-0.901,1,0.75,Walking,True,3.9,0,0
1789904139606,79,123856,1,1264,-0.901,1,0.75,Walking,True,3.9,0,0
1789904139622,80,125354,1,1280,-0.901,1,0.75,Walking,True,3.9,0,0
1789904139622,80,125354,1,1280,-0.901,1,0.75,Walking,True,3.9,0,0
1789904139622,80,125354,1,1280,-0.901,1,0.75,Walking,True,3.9,0,0
1789904139622,80,125354,1,1280,-0.901,1,0.75,Walking,True,3.9,0,0
1789904139622,80,125354,1,1280,-0.901,1,0.75,Walking,True,3.9,0,0
1789904139622,80,125354,1,1280,-0.901,1,0.75,Walking,True,3.9,0,0
1789904139622,80,125354,1,1280,-0.901,1,0.75,Walking,True,3.9,0,0
1789904139622,80,125354,1,1280,-0.901,1,0.75,Walking,True,3.9,0,0
1789904139637,81,126772,1,1296,-0.901,1,0.75,Walking,True,3.9,0,0
1789904139637,81,126772,1,1296,-0.901,1,0.75,Walking,True,3.9,0,0
1789904139637,81,126772,1,1296,-0.901,1,0.75,Walking,True,3.9,0,0
1789904139637,81,126772,1,1296,-0.901,1,0.75,Walking,True,3.9,0,0
1789904139637,81,126772,1,1296,-0.901,1,0.75,Walking,True,3.9,0,0
1789904139637,81,126772,1,1296,-0.901,1,0.75,Walking,True,3.9,0,0
1789904139637,81,126772,1,1296,-0.901,1,0.75,Walking,True,3.9,0,0
1789904139637,81,126772,1,1296,-0.901,1,0.75,Walking,True,3.9,0,0
1789904139653,82,128021,1,1312,-0.901,1,0.75,Walking,True,3.9,0,0
1789904139653,82,128021,1,1312,-0.901,1,0.75,Walking,True,3.9,0,0
1789904139653,82,128021,1,1312,-0.901,1,0.75,Walking,True,3.9,0,0
1789904139653,82,128021,1,1312,-0.901,1,0.75,Walking,True,3.9,0,0
1789904139653,82,128021,1,1312,-0.901,1,0.75,Walking,True,3.9,0,0
1789904139653,82,128021,1,1312,-0.901,1,0.75,Walking,True,3.9,0,0
1789904139653,82,128021,1,1312,-0.901,1,0.75,Walking,True,3.9,0,0
1789904139653,82,128021,1,1312,-0.901,1,0.75,Walking,True,3.9,0,0
1789904139668,83,129103,1,1328,-0.901,1,0.75,Walking,True,3.9,0,0
1789904139668,83,129103,1,1328,-0.901,1,0.75,Walking,True,3.9,0,0
1789904139668,83,129103,1,1328,-0.901,1,0.75,Walking,True,3.9,0,0
1789904139668,83,129103,1,1328,-0.901,1,0.75,Walking,True,3.9,0,0
1789904139668,83,129103,1,1328,-0.901,1,0.75,Walking,True,3.9,0,0
1789904139668,83,129103,1,1328,-0.901,1,0.75,Walking,True,3.9,0,0
1789904139668,83,129103,1,1328,-0.901,1,0.75,Walking,True,3.9,0,0
1789904139668,83,129103,1,1328,-0.901,1,0.75,Walking,True,3.9,0,0
1789904139684,84,130376,1,1344,-0.901,1,0.75,Walking,True,3.9,0,0
1789904139684,84,130376,1,1344,-0.901,1,0.75,Walking,True,3.9,0,0
1789904139684,84,130376,1,1344,-0.901,1,0.75,Walking,True,3.9,0,0
1789904139684,84,130376,1,1344,-0.901,1,0.75,Walking,True,3.9,0,0
1789904139684,84,130376,1,1344,-0.901,1,0.75,Walking,True,3.9,0,0
1789904139684,84,130376,1,1344,-0.901,1,0.75,Walking,True,3.9,0,0
1789904139684,84,130376,1,1344,-0.901,1,0.75,Walking,True,3.9,0,0
1789904139684,84,130376,1,1344,-0.901,1,0.75,Walking,True,3.9,0,0
1789904139699,85,131677,1,1360,-0.901,1,0.75,Walking,True,3.9,0,0
1789904139699,85,131677,1,1360,-0.901,1,0.75,Walking,True,3.9,0,0
1789904139699,85,131677,1,1360,-0.901,1,0.75,Walking,True,3.9,0,0
1789904139699,85,131677,1,1360,-0.901,1,0.75,Walking,True,3.9,0,0
1789904139699,85,131677,1,1360,-0.901,1,0.75,Walking,True,3.9,0,0
1789904139699,85,131677,1,1360,-0.901,1,0.75,Walking,True,3.9,0,0
1789904139699,85,131677,1,1360,-0.901,1,0.75,Walking,True,3.9,0,0
1789904139699,85,131677,1,1360,-0.901,1,0.75,Walking,True,3.9,0,0
1789904139715,86,132977,1,1376,-0.901,1,0.75,Walking,True,3.9,0,0
1789904139715,86,132977,1,1376,-0.901,1,0.75,Walking,True,3.9,0,0
1789904139715,86,132977,1,1376,-0.901,1,0.75,Walking,True,3.9,0,0
1789904139715,86,132977,1,1376,-0.901,1,0.75,Walking,True,3.9,0,0
1789904139715,86,132977,1,1376,-0.901,1,0.75,Walking,True,3.9,0,0
1789904139715,86,132977,1,1376,-0.901,1,0.75,Walking,True,3.9,0,0
1789904139715,86,132977,1,1376,-0.901,1,0.75,Walking,True,3.9,0,0
1789904139715,86,132977,1,1376,-0.901,1,0.75,Walking,True,3.9,0,0
1789904139732,87,134356,1,1392,-0.901,1,0.75,Walking,True,3.9,0,0
1789904139732,87,134356,1,1392,-0.901,1,0.75,Walking,True,3.9,0,0
1789904139732,87,134356,1,1392,-0.901,1,0.75,Walking,True,3.9,0,0
1789904139732,87,134356,1,1392,-0.901,1,0.75,Walking,True,3.9,0,0
1789904139732,87,134356,1,1392,-0.901,1,0.75,Walking,True,3.9,0,0
1789904139732,87,134356,1,1392,-0.901,1,0.75,Walking,True,3.9,0,0
1789904139732,87,134356,1,1392,-0.901,1,0.75,Walking,True,3.9,0,0
1789904139732,87,134356,1,1392,-0.901,1,0.75,Walking,True,3.9,0,0
1789904139747,88,135888,1,1408,-0.901,1,0.75,Walking,True,3.9,0,0
1789904139747,88,135888,1,1408,-0.901,1,0.75,Walking,True,3.9,0,0
1789904139747,88,135888,1,1408,-0.901,1,0.75,Walking,True,3.9,0,0
1789904139747,88,135888,1,1408,-0.901,1,0.75,Walking,True,3.9,0,0
1789904139747,88,135888,1,1408,-0.901,1,0.75,Walking,True,3.9,0,0
1789904139747,88,135888,1,1408,-0.901,1,0.75,Walking,True,3.9,0,0
1789904139747,88,135888,1,1408,-0.901,1,0.75,Walking,True,3.9,0,0
1789904139747,88,135888,1,1408,-0.901,1,0.75,Walking,True,3.9,0,0
1789904139764,89,137344,1,1424,-0.901,1,0.75,Walking,True,3.9,0,0
1789904139764,89,137344,1,1424,-0.901,1,0.75,Walking,True,3.9,0,0
1789904139764,89,137344,1,1424,-0.901,1,0.75,Walking,True,3.9,0,0
1789904139764,89,137344,1,1424,-0.901,1,0.75,Walking,True,3.9,0,0
1789904139764,89,137344,1,1424,-0.901,1,0.75,Walking,True,3.9,0,0
1789904139764,89,137344,1,1424,-0.901,1,0.75,Walking,True,3.9,0,0
1789904139764,89,137344,1,1424,-0.901,1,0.75,Walking,True,3.9,0,0
1789904139764,89,137344,1,1424,-0.901,1,0.75,Walking,True,3.9,0,0
1789904139779,90,138827,1,1440,-0.901,1,0.75,Walking,True,3.9,0,0
1789904139779,90,138827,1,1440,-0.901,1,0.75,Walking,True,3.9,0,0
1789904139779,90,138827,1,1440,-0.901,1,0.75,Walking,True,3.9,0,0
1789904139779,90,138827,1,1440,-0.901,1,0.75,Walking,True,3.9,0,0
1789904139779,90,138827,1,1440,-0.901,1,0.75,Walking,True,3.9,0,0
1789904139779,90,138827,1,1440,-0.901,1,0.75,Walking,True,3.9,0,0
1789904139779,90,138827,1,1440,-0.901,1,0.75,Walking,True,3.9,0,0
1789904139779,90,138827,1,1440,-0.901,1,0.75,Walking,True,3.9,0,0
1789904139795,91,140233,1,1456,-0.901,1,0.75,Walking,True,3.9,0,0
1789904139795,91,140233,1,1456,-0.901,1,0.75,Walking,True,3.9,0,0
1789904139795,91,140233,1,1456,-0.901,1,0.75,Walking,True,3.9,0,0
1789904139795,91,140233,1,1456,-0.901,1,0.75,Walking,True,3.9,0,0
1789904139795,91,140233,1,1456,-0.901,1,0.75,Walking,True,3.9,0,0
1789904139795,91,140233,1,1456,-0.901,1,0.75,Walking,True,3.9,0,0
1789904139795,91,140233,1,1456,-0.901,1,0.75,Walking,True,3.9,0,0
1789904139795,91,140233,1,1456,-0.901,1,0.75,Walking,True,3.9,0,0
1789904139810,92,141625,1,1472,-0.901,1,0.75,Walking,True,3.9,0,0
1789904139810,92,141625,1,1472,-0.901,1,0.75,Walking,True,3.9,0,0
1789904139810,92,141625,1,1472,-0.901,1,0.75,Walking,True,3.9,0,0
1789904139810,92,141625,1,1472,-0.901,1,0.75,Walking,True,3.9,0,0
1789904139810,92,141625,1,1472,-0.901,1,0.75,Walking,True,3.9,0,0
1789904139810,92,141625,1,1472,-0.901,1,0.75,Walking,True,3.9,0,0
1789904139810,92,141625,1,1472,-0.901,1,0.75,Walking,True,3.9,0,0
1789904139810,92,141625,1,1472,-0.901,1,0.75,Walking,True,3.9,0,0
1789904139826,93,143107,1,1488,-0.901,1,0.75,Walking,True,3.9,0,0
1789904139826,93,143107,1,1488,-0.901,1,0.75,Walking,True,3.9,0,0
1789904139826,93,143107,1,1488,-0.901,1,0.75,Walking,True,3.9,0,0
1789904139826,93,143107,1,1488,-0.901,1,0.75,Walking,True,3.9,0,0
1789904139826,93,143107,1,1488,-0.901,1,0.75,Walking,True,3.9,0,0
1789904139826,93,143107,1,1488,-0.901,1,0.75,Walking,True,3.9,0,0
1789904139826,93,143107,1,1488,-0.901,1,0.75,Walking,True,3.9,0,0
1789904139826,93,143107,1,1488,-0.901,1,0.75,Walking,True,3.9,0,0
1789904139841,94,144535,1,1504,-0.901,1,0.75,Walking,True,3.9,0,0
1789904139841,94,144535,1,1504,-0.901,1,0.75,Walking,True,3.9,0,0
1789904139841,94,144535,1,1504,-0.901,1,0.75,Walking,True,3.9,0,0
1789904139841,94,144535,1,1504,-0.901,1,0.75,Walking,True,3.9,0,0
1789904139841,94,144535,1,1504,-0.901,1,0.75,Walking,True,3.9,0,0
1789904139841,94,144535,1,1504,-0.901,1,0.75,Walking,True,3.9,0,0
1789904139841,94,144535,1,1504,-0.901,1,0.75,Walking,True,3.9,0,0
1789904139841,94,144535,1,1504,-0.901,1,0.75,Walking,True,3.9,0,0
1789904139857,95,145967,1,1520,-0.901,1,0.75,Walking,True,3.9,0,0
1789904139857,95,145967,1,1520,-0.901,1,0.75,Walking,True,3.9,0,0
1789904139857,95,145967,1,1520,-0.901,1,0.75,Walking,True,3.9,0,0
1789904139857,95,145967,1,1520,-0.901,1,0.75,Walking,True,3.9,0,0
1789904139857,95,145967,1,1520,-0.901,1,0.75,Walking,True,3.9,0,0
1789904139857,95,145967,1,1520,-0.901,1,0.75,Walking,True,3.9,0,0
1789904139857,95,145967,1,1520,-0.901,1,0.75,Walking,True,3.9,0,0
1789904139857,95,145967,1,1520,-0.901,1,0.75,Walking,True,3.9,0,0
1789904139874,96,147507,1,1536,-0.901,1,0.75,Walking,True,3.9,0,0
1789904139874,96,147507,1,1536,-0.901,1,0.75,Walking,True,3.9,0,0
1789904139874,96,147507,1,1536,-0.901,1,0.75,Walking,True,3.9,0,0
1789904139874,96,147507,1,1536,-0.901,1,0.75,Walking,True,3.9,0,0
1789904139874,96,147507,1,1536,-0.901,1,0.75,Walking,True,3.9,0,0
1789904139874,96,147507,1,1536,-0.901,1,0.75,Walking,True,3.9,0,0
1789904139874,96,147507,1,1536,-0.901,1,0.75,Walking,True,3.9,0,0
1789904139874,96,147507,1,1536,-0.901,1,0.75,Walking,True,3.9,0,0
1789904139889,97,149003,1,1552,-0.901,1,0.75,Walking,True,3.9,0,0
1789904139889,97,149003,1,1552,-0.901,1,0.75,Walking,True,3.9,0,0
1789904139889,97,149003,1,1552,-0.901,1,0.75,Walking,True,3.9,0,0
1789904139889,97,149003,1,1552,-0.901,1,0.75,Walking,True,3.9,0,0
1789904139889,97,149003,1,1552,-0.901,1,0.75,Walking,True,3.9,0,0
1789904139889,97,149003,1,1552,-0.901,1,0.75,Walking,True,3.9,0,0
1789904139889,97,149003,1,1552,-0.901,1,0.75,Walking,True,3.9,0,0
1789904139889,97,149003,1,1552,-0.901,1,0.75,Walking,True,3.9,0,0
1789904139905,98,150405,1,1568,-0.901,1,0.75,Walking,True,3.9,0,0
1789904139905,98,150405,1,1568,-0.901,1,0.75,Walking,True,3.9,0,0
1789904139905,98,150405,1,1568,-0.901,1,0.75,Walking,True,3.9,0,0
1789904139905,98,150405,1,1568,-0.901,1,0.75,Walking,True,3.9,0,0
1789904139905,98,150405,1,1568,-0.901,1,0.75,Walking,True,3.9,0,0
1789904139905,98,150405,1,1568,-0.901,1,0.75,Walking,True,3.9,0,0
1789904139905,98,150405,1,1568,-0.901,1,0.75,Walking,True,3.9,0,0
1789904139905,98,150405,1,1568,-0.901,1,0.75,Walking,True,3.9,0,0
1789904139919,99,151779,1,1584,-0.901,1,0.75,Walking,True,3.9,0,0
1789904139919,99,151779,1,1584,-0.901,1,0.75,Walking,True,3.9,0,0
1789904139919,99,151779,1,1584,-0.901,1,0.75,Walking,True,3.9,0,0
1789904139919,99,151779,1,1584,-0.901,1,0.75,Walking,True,3.9,0,0
1789904139919,99,151779,1,1584,-0.901,1,0.75,Walking,True,3.9,0,0
1789904139919,99,151779,1,1584,-0.901,1,0.75,Walking,True,3.9,0,0
1789904139919,99,151779,1,1584,-0.901,1,0.75,Walking,True,3.9,0,0
1789904139919,99,151779,1,1584,-0.901,1,0.75,Walking,True,3.9,0,0
1789904139935,100,153156,1,1600,-0.901,1,0.75,Walking,True,3.9,0,0
1789904139935,100,153156,1,1600,-0.901,1,0.75,Walking,True,3.9,0,0
1789904139935,100,153156,1,1600,-0.901,1,0.75,Walking,True,3.9,0,0
1789904139935,100,153156,1,1600,-0.901,1,0.75,Walking,True,3.9,0,0
1789904139935,100,153156,1,1600,-0.901,1,0.75,Walking,True,3.9,0,0
1789904139935,100,153156,1,1600,-0.901,1,0.75,Walking,True,3.9,0,0
1789904139935,100,153156,1,1600,-0.901,1,0.75,Walking,True,3.9,0,0
1789904139935,100,153156,1,1600,-0.901,1,0.75,Walking,True,3.9,0,0
1789904139950,101,154515,1,1616,-0.901,1,0.75,Walking,True,3.9,0,0
1789904139950,101,154515,1,1616,-0.901,1,0.75,Walking,True,3.9,0,0
1789904139950,101,154515,1,1616,-0.901,1,0.75,Walking,True,3.9,0,0
1789904139950,101,154515,1,1616,-0.901,1,0.75,Walking,True,3.9,0,0
1789904139950,101,154515,1,1616,-0.901,1,0.75,Walking,True,3.9,0,0
1789904139950,101,154515,1,1616,-0.901,1,0.75,Walking,True,3.9,0,0
1789904139950,101,154515,1,1616,-0.901,1,0.75,Walking,True,3.9,0,0
1789904139950,101,154515,1,1616,-0.901,1,0.75,Walking,True,3.9,0,0
1789904139966,102,155964,1,1632,-0.901,1,0.75,Walking,True,3.9,0,0
1789904139966,102,155964,1,1632,-0.901,1,0.75,Walking,True,3.9,0,0
1789904139966,102,155964,1,1632,-0.901,1,0.75,Walking,True,3.9,0,0
1789904139966,102,155964,1,1632,-0.901,1,0.75,Walking,True,3.9,0,0
1789904139966,102,155964,1,1632,-0.901,1,0.75,Walking,True,3.9,0,0
1789904139966,102,155964,1,1632,-0.901,1,0.75,Walking,True,3.9,0,0
1789904139966,102,155964,1,1632,-0.901,1,0.75,Walking,True,3.9,0,0
1789904139966,102,155964,1,1632,-0.901,1,0.75,Walking,True,3.9,0,0
1789904139981,103,157420,1,1648,-0.901,1,0.75,Walking,True,3.9,0,0
1789904139981,103,157420,1,1648,-0.901,1,0.75,Walking,True,3.9,0,0
1789904139981,103,157420,1,1648,-0.901,1,0.75,Walking,True,3.9,0,0
1789904139981,103,157420,1,1648,-0.901,1,0.75,Walking,True,3.9,0,0
1789904139981,103,157420,1,1648,-0.901,1,0.75,Walking,True,3.9,0,0
1789904139981,103,157420,1,1648,-0.901,1,0.75,Walking,True,3.9,0,0
1789904139981,103,157420,1,1648,-0.901,1,0.75,Walking,True,3.9,0,0
1789904139981,103,157420,1,1648,-0.901,1,0.75,Walking,True,3.9,0,0
1789904139997,104,158769,1,1664,-0.901,1,0.75,Walking,True,3.9,0,0
1789904139997,104,158769,1,1664,-0.901,1,0.75,Walking,True,3.9,0,0
1789904139997,104,158769,1,1664,-0.901,1,0.75,Walking,True,3.9,0,0
1789904139997,104,158769,1,1664,-0.901,1,0.75,Walking,True,3.9,0,0
1789904139997,104,158769,1,1664,-0.901,1,0.75,Walking,True,3.9,0,0
1789904139997,104,158769,1,1664,-0.901,1,0.75,Walking,True,3.9,0,0
1789904139997,104,158769,1,1664,-0.901,1,0.75,Walking,True,3.9,0,0
1789904139997,104,158769,1,1664,-0.901,1,0.75,Walking,True,3.9,0,0
1789904140012,105,160227,1,1680,-0.901,1,0.75,Walking,True,3.9,0,0
1789904140012,105,160227,1,1680,-0.901,1,0.75,Walking,True,3.9,0,0
1789904140012,105,160227,1,1680,-0.901,1,0.75,Walking,True,3.9,0,0
1789904140012,105,160227,1,1680,-0.901,1,0.75,Walking,True,3.9,0,0
1789904140012,105,160227,1,1680,-0.901,1,0.75,Walking,True,3.9,0,0
1789904140012,105,160227,1,1680,-0.901,1,0.75,Walking,True,3.9,0,0
1789904140012,105,160227,1,1680,-0.901,1,0.75,Walking,True,3.9,0,0
1789904140012,105,160227,1,1680,-0.901,1,0.75,Walking,True,3.9,0,0
1789904140027,106,161735,1,1696,-0.901,1,0.75,Walking,True,3.9,0,0
1789904140027,106,161735,1,1696,-0.901,1,0.75,Walking,True,3.9,0,0
1789904140027,106,161735,1,1696,-0.901,1,0.75,Walking,True,3.9,0,0
1789904140027,106,161735,1,1696,-0.901,1,0.75,Walking,True,3.9,0,0
1789904140027,106,161735,1,1696,-0.901,1,0.75,Walking,True,3.9,0,0
1789904140027,106,161735,1,1696,-0.901,1,0.75,Walking,True,3.9,0,0
1789904140027,106,161735,1,1696,-0.901,1,0.75,Walking,True,3.9,0,0
1789904140027,106,161735,1,1696,-0.901,1,0.75,Walking,True,3.9,0,0
1789904140043,107,162992,1,1712,-0.901,1,0.75,Walking,True,3.9,0,0
1789904140043,107,162992,1,1712,-0.901,1,0.75,Walking,True,3.9,0,0
1789904140043,107,162992,1,1712,-0.901,1,0.75,Walking,True,3.9,0,0
1789904140043,107,162992,1,1712,-0.901,1,0.75,Walking,True,3.9,0,0
1789904140043,107,162992,1,1712,-0.901,1,0.75,Walking,True,3.9,0,0
1789904140043,107,162992,1,1712,-0.901,1,0.75,Walking,True,3.9,0,0
1789904140043,107,162992,1,1712,-0.901,1,0.75,Walking,True,3.9,0,0
1789904140043,107,162992,1,1712,-0.901,1,0.75,Walking,True,3.9,0,0
1789904140058,108,164425,1,1728,-0.901,1,0.75,Walking,True,3.9,0,0
1789904140058,108,164425,1,1728,-0.901,1,0.75,Walking,True,3.9,0,0
1789904140058,108,164425,1,1728,-0.901,1,0.75,Walking,True,3.9,0,0
1789904140058,108,164425,1,1728,-0.901,1,0.75,Walking,True,3.9,0,0
1789904140058,108,164425,1,1728,-0.901,1,0.75,Walking,True,3.9,0,0
1789904140058,108,164425,1,1728,-0.901,1,0.75,Walking,True,3.9,0,0
1789904140058,108,164425,1,1728,-0.901,1,0.75,Walking,True,3.9,0,0
1789904140058,108,164425,1,1728,-0.901,1,0.75,Walking,True,3.9,0,0
1789904140089,109,165941,1,1744,-0.901,1,0.75,Walking,True,3.9,0,0
1789904140089,109,165941,1,1744,-0.901,1,0.75,Walking,True,3.9,0,0
1789904140089,109,165941,1,1744,-0.901,1,0.75,Walking,True,3.9,0,0
1789904140089,109,165941,1,1744,-0.901,1,0.75,Walking,True,3.9,0,0
1789904140089,109,165941,1,1744,-0.901,1,0.75,Walking,True,3.9,0,0
1789904140089,109,165941,1,1744,-0.901,1,0.75,Walking,True,3.9,0,0
1789904140089,109,165941,1,1744,-0.901,1,0.75,Walking,True,3.9,0,0
1789904140089,109,165941,1,1744,-0.901,1,0.75,Walking,True,3.9,0,0
1789904140105,110,169036,1,1760,-0.901,1,0.75,Walking,True,3.9,0,0
1789904140105,110,169036,1,1760,-0.901,1,0.75,Walking,True,3.9,0,0
1789904140105,110,169036,1,1760,-0.901,1,0.75,Walking,True,3.9,0,0
1789904140105,110,169036,1,1760,-0.901,1,0.75,Walking,True,3.9,0,0
1789904140105,110,169036,1,1760,-0.901,1,0.75,Walking,True,3.9,0,0
1789904140105,110,169036,1,1760,-0.901,1,0.75,Walking,True,3.9,0,0
1789904140105,110,169036,1,1760,-0.901,1,0.75,Walking,True,3.9,0,0
1789904140105,110,169036,1,1760,-0.901,1,0.75,Walking,True,3.9,0,0
1789904140120,111,170452,1,1776,-0.901,1,0.75,Walking,True,3.9,0,0
1789904140120,111,170452,1,1776,-0.901,1,0.75,Walking,True,3.9,0,0
1789904140120,111,170452,1,1776,-0.901,1,0.75,Walking,True,3.9,0,0
1789904140120,111,170452,1,1776,-0.901,1,0.75,Walking,True,3.9,0,0
1789904140120,111,170452,1,1776,-0.901,1,0.75,Walking,True,3.9,0,0
1789904140120,111,170452,1,1776,-0.901,1,0.75,Walking,True,3.9,0,0
1789904140120,111,170452,1,1776,-0.901,1,0.75,Walking,True,3.9,0,0
1789904140120,111,170452,1,1776,-0.901,1,0.75,Walking,True,3.9,0,0
1789904140136,112,171863,1,1792,-0.901,1,0.75,Walking,True,3.9,0,0
1789904140136,112,171863,1,1792,-0.901,1,0.75,Walking,True,3.9,0,0
1789904140136,112,171863,1,1792,-0.901,1,0.75,Walking,True,3.9,0,0
1789904140136,112,171863,1,1792,-0.901,1,0.75,Walking,True,3.9,0,0
1789904140136,112,171863,1,1792,-0.901,1,0.75,Walking,True,3.9,0,0
1789904140136,112,171863,1,1792,-0.901,1,0.75,Walking,True,3.9,0,0
1789904140136,112,171863,1,1792,-0.901,1,0.75,Walking,True,3.9,0,0
1789904140136,112,171863,1,1792,-0.901,1,0.75,Walking,True,3.9,0,0
1789904140152,113,173423,1,1808,-0.901,1,0.75,Walking,True,3.9,0,0
1789904140152,113,173423,1,1808,-0.901,1,0.75,Walking,True,3.9,0,0
1789904140152,113,173423,1,1808,-0.901,1,0.75,Walking,True,3.9,0,0
1789904140152,113,173423,1,1808,-0.901,1,0.75,Walking,True,3.9,0,0
1789904140152,113,173423,1,1808,-0.901,1,0.75,Walking,True,3.9,0,0
1789904140152,113,173423,1,1808,-0.901,1,0.75,Walking,True,3.9,0,0
1789904140152,113,173423,1,1808,-0.901,1,0.75,Walking,True,3.9,0,0
1789904140152,113,173423,1,1808,-0.901,1,0.75,Walking,True,3.9,0,0
1789904140168,114,174971,1,1824,-0.901,1,0.75,Walking,True,3.9,0,0
1789904140168,114,174971,1,1824,-0.901,1,0.75,Walking,True,3.9,0,0
1789904140168,114,174971,1,1824,-0.901,1,0.75,Walking,True,3.9,0,0
1789904140168,114,174971,1,1824,-0.901,1,0.75,Walking,True,3.9,0,0
1789904140168,114,174971,1,1824,-0.901,1,0.75,Walking,True,3.9,0,0
1789904140168,114,174971,1,1824,-0.901,1,0.75,Walking,True,3.9,0,0
1789904140168,114,174971,1,1824,-0.901,1,0.75,Walking,True,3.9,0,0
1789904140168,114,174971,1,1824,-0.901,1,0.75,Walking,True,3.9,0,0
1789904140183,115,176552,1,1840,-0.901,1,0.75,Walking,True,3.9,0,0
1789904140183,115,176552,1,1840,-0.901,1,0.75,Walking,True,3.9,0,0
1789904140183,115,176552,1,1840,-0.901,1,0.75,Walking,True,3.9,0,0
1789904140183,115,176552,1,1840,-0.901,1,0.75,Walking,True,3.9,0,0
1789904140183,115,176552,1,1840,-0.901,1,0.75,Walking,True,3.9,0,0
1789904140183,115,176552,1,1840,-0.901,1,0.75,Walking,True,3.9,0,0
1789904140183,115,176552,1,1840,-0.901,1,0.75,Walking,True,3.9,0,0
1789904140183,115,176552,1,1840,-0.901,1,0.75,Walking,True,3.9,0,0
1789904140199,116,178046,1,1856,-0.901,1,0.75,Walking,True,3.9,0,0
1789904140199,116,178046,1,1856,-0.901,1,0.75,Walking,True,3.9,0,0
1789904140199,116,178046,1,1856,-0.901,1,0.75,Walking,True,3.9,0,0
1789904140199,116,178046,1,1856,-0.901,1,0.75,Walking,True,3.9,0,0
1789904140199,116,178046,1,1856,-0.901,1,0.75,Walking,True,3.9,0,0
1789904140199,116,178046,1,1856,-0.901,1,0.75,Walking,True,3.9,0,0
1789904140199,116,178046,1,1856,-0.901,1,0.75,Walking,True,3.9,0,0
1789904140199,116,178046,1,1856,-0.901,1,0.75,Walking,True,3.9,0,0
1789904140214,117,179660,1,1872,-0.901,1,0.75,Walking,True,3.9,0,0
1789904140214,117,179660,1,1872,-0.901,1,0.75,Walking,True,3.9,0,0
1789904140214,117,179660,1,1872,-0.901,1,0.75,Walking,True,3.9,0,0
1789904140214,117,179660,1,1872,-0.901,1,0.75,Walking,True,3.9,0,0
1789904140214,117,179660,1,1872,-0.901,1,0.75,Walking,True,3.9,0,0
1789904140214,117,179660,1,1872,-0.901,1,0.75,Walking,True,3.9,0,0
1789904140214,117,179660,1,1872,-0.901,1,0.75,Walking,True,3.9,0,0
1789904140214,117,179660,1,1872,-0.901,1,0.75,Walking,True,3.9,0,0
1789904140230,118,181220,1,1888,-0.901,1,0.75,Walking,True,3.9,0,0
1789904140230,118,181220,1,1888,-0.901,1,0.75,Walking,True,3.9,0,0
1789904140230,118,181220,1,1888,-0.901,1,0.75,Walking,True,3.9,0,0
1789904140230,118,181220,1,1888,-0.901,1,0.75,Walking,True,3.9,0,0
1789904140230,118,181220,1,1888,-0.901,1,0.75,Walking,True,3.9,0,0
1789904140230,118,181220,1,1888,-0.901,1,0.75,Walking,True,3.9,0,0
1789904140230,118,181220,1,1888,-0.901,1,0.75,Walking,True,3.9,0,0
1789904140230,118,181220,1,1888,-0.901,1,0.75,Walking,True,3.9,0,0
1789904140246,119,182747,1,1904,-0.901,1,0.75,Walking,True,3.9,0,0
1789904140246,119,182747,1,1904,-0.901,1,0.75,Walking,True,3.9,0,0
1789904140246,119,182747,1,1904,-0.901,1,0.75,Walking,True,3.9,0,0
1789904140246,119,182747,1,1904,-0.901,1,0.75,Walking,True,3.9,0,0
1789904140246,119,182747,1,1904,-0.901,1,0.75,Walking,True,3.9,0,0
1789904140246,119,182747,1,1904,-0.901,1,0.75,Walking,True,3.9,0,0
1789904140246,119,182747,1,1904,-0.901,1,0.75,Walking,True,3.9,0,0
1789904140246,119,182747,1,1904,-0.901,1,0.75,Walking,True,3.9,0,0
1789904140261,120,184400,1,1920,-0.901,1,0.75,Walking,True,3.9,0,0
1789904140261,120,184400,1,1920,-0.901,1,0.75,Walking,True,3.9,0,0
1789904140261,120,184400,1,1920,-0.901,1,0.75,Walking,True,3.9,0,0
1789904140261,120,184400,1,1920,-0.901,1,0.75,Walking,True,3.9,0,0
1789904140261,120,184400,1,1920,-0.901,1,0.75,Walking,True,3.9,0,0
1789904140261,120,184400,1,1920,-0.901,1,0.75,Walking,True,3.9,0,0
1789904140262,120,184400,1,1920,-0.901,1,0.75,Walking,True,3.9,0,0
1789904140262,120,184400,1,1920,-0.901,1,0.75,Walking,True,3.9,0,0
1789904140277,121,185892,1,1936,-0.901,1,0.75,Walking,True,3.9,0,0
1789904140277,121,185892,1,1936,-0.901,1,0.75,Walking,True,3.9,0,0
1789904140277,121,185892,1,1936,-0.901,1,0.75,Walking,True,3.9,0,0
1789904140277,121,185892,1,1936,-0.901,1,0.75,Walking,True,3.9,0,0
1789904140277,121,185892,1,1936,-0.901,1,0.75,Walking,True,3.9,0,0
1789904140277,121,185892,1,1936,-0.901,1,0.75,Walking,True,3.9,0,0
1789904140277,121,185892,1,1936,-0.901,1,0.75,Walking,True,3.9,0,0
1789904140277,121,185892,1,1936,-0.901,1,0.75,Walking,True,3.9,0,0
1789904140292,122,187417,1,1952,-0.901,1,0.75,Walking,True,3.9,0,0
1789904140292,122,187417,1,1952,-0.901,1,0.75,Walking,True,3.9,0,0
1789904140292,122,187417,1,1952,-0.901,1,0.75,Walking,True,3.9,0,0
1789904140292,122,187417,1,1952,-0.901,1,0.75,Walking,True,3.9,0,0
1789904140292,122,187417,1,1952,-0.901,1,0.75,Walking,True,3.9,0,0
1789904140292,122,187417,1,1952,-0.901,1,0.75,Walking,True,3.9,0,0
1789904140292,122,187417,1,1952,-0.901,1,0.75,Walking,True,3.9,0,0
1789904140292,122,187417,1,1952,-0.901,1,0.75,Walking,True,3.9,0,0
1789904140308,123,188980,1,1968,-0.901,1,0.75,Walking,True,3.9,0,0
1789904140308,123,188980,1,1968,-0.901,1,0.75,Walking,True,3.9,0,0
1789904140308,123,188980,1,1968,-0.901,1,0.75,Walking,True,3.9,0,0
1789904140308,123,188980,1,1968,-0.901,1,0.75,Walking,True,3.9,0,0
1789904140308,123,188980,1,1968,-0.901,1,0.75,Walking,True,3.9,0,0
1789904140308,123,188980,1,1968,-0.901,1,0.75,Walking,True,3.9,0,0
1789904140308,123,188980,1,1968,-0.901,1,0.75,Walking,True,3.9,0,0
1789904140308,123,188980,1,1968,-0.901,1,0.75,Walking,True,3.9,0,0
1789904140324,124,190609,1,1984,-0.901,1,0.75,Walking,True,3.9,0,0
1789904140324,124,190609,1,1984,-0.901,1,0.75,Walking,True,3.9,0,0
1789904140324,124,190609,1,1984,-0.901,1,0.75,Walking,True,3.9,0,0
1789904140324,124,190609,1,1984,-0.901,1,0.75,Walking,True,3.9,0,0
1789904140324,124,190609,1,1984,-0.901,1,0.75,Walking,True,3.9,0,0
1789904140324,124,190609,1,1984,-0.901,1,0.75,Walking,True,3.9,0,0
1789904140324,124,190609,1,1984,-0.901,1,0.75,Walking,True,3.9,0,0
1789904140324,124,190609,1,1984,-0.901,1,0.75,Walking,True,3.9,0,0
1789904140339,125,192247,1,2000,-0.901,1,0.75,Walking,True,3.9,0,0
1789904140339,125,192247,1,2000,-0.901,1,0.75,Walking,True,3.9,0,0
1789904140339,125,192247,1,2000,-0.901,1,0.75,Walking,True,3.9,0,0
1789904140339,125,192247,1,2000,-0.901,1,0.75,Walking,True,3.9,0,0
1789904140339,125,192247,1,2000,-0.901,1,0.75,Walking,True,3.9,0,0
1789904140339,125,192247,1,2000,-0.901,1,0.75,Walking,True,3.9,0,0
1789904140339,125,192247,1,2000,-0.901,1,0.75,Walking,True,3.9,0,0
1789904140339,125,192247,1,2000,-0.901,1,0.75,Walking,True,3.9,0,0
1789904140354,126,193705,1,2016,-0.901,1,0.75,Walking,True,3.9,0,0
1789904140354,126,193705,1,2016,-0.901,1,0.75,Walking,True,3.9,0,0
1789904140354,126,193705,1,2016,-0.901,1,0.75,Walking,True,3.9,0,0
1789904140354,126,193705,1,2016,-0.901,1,0.75,Walking,True,3.9,0,0
1789904140354,126,193705,1,2016,-0.901,1,0.75,Walking,True,3.9,0,0
1789904140354,126,193705,1,2016,-0.901,1,0.75,Walking,True,3.9,0,0
1789904140354,126,193705,1,2016,-0.901,1,0.75,Walking,True,3.9,0,0
1789904140354,126,193705,1,2016,-0.901,1,0.75,Walking,True,3.9,0,0
1789904140370,127,195262,1,2032,-0.901,1,0.75,Walking,True,3.9,0,0
1789904140370,127,195262,1,2032,-0.901,1,0.75,Walking,True,3.9,0,0
1789904140370,127,195262,1,2032,-0.901,1,0.75,Walking,True,3.9,0,0
1789904140370,127,195262,1,2032,-0.901,1,0.75,Walking,True,3.9,0,0
1789904140370,127,195262,1,2032,-0.901,1,0.75,Walking,True,3.9,0,0
1789904140370,127,195262,1,2032,-0.901,1,0.75,Walking,True,3.9,0,0
1789904140370,127,195262,1,2032,-0.901,1,0.75,Walking,True,3.9,0,0
1789904140370,127,195262,1,2032,-0.901,1,0.75,Walking,True,3.9,0,0
1789904140386,128,196857,1,2048,-0.901,1,0.75,Walking,True,3.9,0,0
1789904140386,128,196857,1,2048,-0.901,1,0.75,Walking,True,3.9,0,0
1789904140386,128,196857,1,2048,-0.901,1,0.75,Walking,True,3.9,0,0
1789904140386,128,196857,1,2048,-0.901,1,0.75,Walking,True,3.9,0,0
1789904140386,128,196857,1,2048,-0.901,1,0.75,Walking,True,3.9,0,0
1789904140386,128,196857,1,2048,-0.901,1,0.75,Walking,True,3.9,0,0
1789904140386,128,196857,1,2048,-0.901,1,0.75,Walking,True,3.9,0,0
1789904140386,128,196857,1,2048,-0.901,1,0.75,Walking,True,3.9,0,0
1789904140401,129,198481,1,2064,-0.901,1,0.75,Walking,True,3.9,0,0
1789904140401,129,198481,1,2064,-0.901,1,0.75,Walking,True,3.9,0,0
1789904140401,129,198481,1,2064,-0.901,1,0.75,Walking,True,3.9,0,0
1789904140401,129,198481,1,2064,-0.901,1,0.75,Walking,True,3.9,0,0
1789904140401,129,198481,1,2064,-0.901,1,0.75,Walking,True,3.9,0,0
1789904140401,129,198481,1,2064,-0.901,1,0.75,Walking,True,3.9,0,0
1789904140401,129,198481,1,2064,-0.901,1,0.75,Walking,True,3.9,0,0
1789904140401,129,198481,1,2064,-0.901,1,0.75,Walking,True,3.9,0,0
1789904140417,130,200025,1,2080,-0.901,1,0.75,Walking,True,3.9,0,0
1789904140417,130,200025,1,2080,-0.901,1,0.75,Walking,True,3.9,0,0
1789904140417,130,200025,1,2080,-0.901,1,0.75,Walking,True,3.9,0,0
1789904140417,130,200025,1,2080,-0.901,1,0.75,Walking,True,3.9,0,0
1789904140417,130,200025,1,2080,-0.901,1,0.75,Walking,True,3.9,0,0
1789904140417,130,200025,1,2080,-0.901,1,0.75,Walking,True,3.9,0,0
1789904140417,130,200025,1,2080,-0.901,1,0.75,Walking,True,3.9,0,0
1789904140417,130,200025,1,2080,-0.901,1,0.75,Walking,True,3.9,0,0
1789904140433,131,201660,1,2096,-0.901,1,0.75,Walking,True,3.9,0,0
1789904140433,131,201660,1,2096,-0.901,1,0.75,Walking,True,3.9,0,0
1789904140433,131,201660,1,2096,-0.901,1,0.75,Walking,True,3.9,0,0
1789904140433,131,201660,1,2096,-0.901,1,0.75,Walking,True,3.9,0,0
1789904140433,131,201660,1,2096,-0.901,1,0.75,Walking,True,3.9,0,0
1789904140433,131,201660,1,2096,-0.901,1,0.75,Walking,True,3.9,0,0
1789904140433,131,201660,1,2096,-0.901,1,0.75,Walking,True,3.9,0,0
1789904140433,131,201660,1,2096,-0.901,1,0.75,Walking,True,3.9,0,0
1789904140448,132,203193,1,2112,-0.901,1,0.75,Walking,True,3.9,0,0
1789904140448,132,203193,1,2112,-0.901,1,0.75,Walking,True,3.9,0,0
1789904140448,132,203193,1,2112,-0.901,1,0.75,Walking,True,3.9,0,0
1789904140448,132,203193,1,2112,-0.901,1,0.75,Walking,True,3.9,0,0
1789904140448,132,203193,1,2112,-0.901,1,0.75,Walking,True,3.9,0,0
1789904140448,132,203193,1,2112,-0.901,1,0.75,Walking,True,3.9,0,0
1789904140448,132,203193,1,2112,-0.901,1,0.75,Walking,True,3.9,0,0
1789904140448,132,203193,1,2112,-0.901,1,0.75,Walking,True,3.9,0,0
1789904140464,133,204722,1,2128,-0.901,1,0.75,Walking,True,3.9,0,0
1789904140464,133,204722,1,2128,-0.901,1,0.75,Walking,True,3.9,0,0
1789904140464,133,204722,1,2128,-0.901,1,0.75,Walking,True,3.9,0,0
1789904140464,133,204722,1,2128,-0.901,1,0.75,Walking,True,3.9,0,0
1789904140464,133,204722,1,2128,-0.901,1,0.75,Walking,True,3.9,0,0
1789904140464,133,204722,1,2128,-0.901,1,0.75,Walking,True,3.9,0,0
1789904140464,133,204722,1,2128,-0.901,1,0.75,Walking,True,3.9,0,0
1789904140464,133,204722,1,2128,-0.901,1,0.75,Walking,True,3.9,0,0
1789904140480,134,206372,1,2144,-0.901,1,0.75,Walking,True,3.9,0,0
1789904140480,134,206372,1,2144,-0.901,1,0.75,Walking,True,3.9,0,0
1789904140480,134,206372,1,2144,-0.901,1,0.75,Walking,True,3.9,0,0
1789904140480,134,206372,1,2144,-0.901,1,0.75,Walking,True,3.9,0,0
1789904140480,134,206372,1,2144,-0.901,1,0.75,Walking,True,3.9,0,0
1789904140480,134,206372,1,2144,-0.901,1,0.75,Walking,True,3.9,0,0
1789904140480,134,206372,1,2144,-0.901,1,0.75,Walking,True,3.9,0,0
1789904140480,134,206372,1,2144,-0.901,1,0.75,Walking,True,3.9,0,0
1789904140495,135,207801,1,2160,-0.901,1,0.75,Walking,True,3.9,0,0
1789904140495,135,207801,1,2160,-0.901,1,0.75,Walking,True,3.9,0,0
1789904140495,135,207801,1,2160,-0.901,1,0.75,Walking,True,3.9,0,0
1789904140495,135,207801,1,2160,-0.901,1,0.75,Walking,True,3.9,0,0
1789904140495,135,207801,1,2160,-0.901,1,0.75,Walking,True,3.9,0,0
1789904140495,135,207801,1,2160,-0.901,1,0.75,Walking,True,3.9,0,0
1789904140495,135,207801,1,2160,-0.901,1,0.75,Walking,True,3.9,0,0
1789904140495,135,207801,1,2160,-0.901,1,0.75,Walking,True,3.9,0,0
1789904140510,136,209314,1,2176,-0.901,1,0.75,Walking,True,3.9,0,0
1789904140510,136,209314,1,2176,-0.901,1,0.75,Walking,True,3.9,0,0
1789904140510,136,209314,1,2176,-0.901,1,0.75,Walking,True,3.9,0,0
1789904140510,136,209314,1,2176,-0.901,1,0.75,Walking,True,3.9,0,0
1789904140510,136,209314,1,2176,-0.901,1,0.75,Walking,True,3.9,0,0
1789904140510,136,209314,1,2176,-0.901,1,0.75,Walking,True,3.9,0,0
1789904140510,136,209314,1,2176,-0.901,1,0.75,Walking,True,3.9,0,0
1789904140510,136,209314,1,2176,-0.901,1,0.75,Walking,True,3.9,0,0
1789904140525,137,210821,1,2192,-0.901,1,0.75,Walking,True,3.9,0,0
1789904140525,137,210821,1,2192,-0.901,1,0.75,Walking,True,3.9,0,0
1789904140525,137,210821,1,2192,-0.901,1,0.75,Walking,True,3.9,0,0
1789904140525,137,210821,1,2192,-0.901,1,0.75,Walking,True,3.9,0,0
1789904140525,137,210821,1,2192,-0.901,1,0.75,Walking,True,3.9,0,0
1789904140525,137,210821,1,2192,-0.901,1,0.75,Walking,True,3.9,0,0
1789904140525,137,210821,1,2192,-0.901,1,0.75,Walking,True,3.9,0,0
1789904140525,137,210821,1,2192,-0.901,1,0.75,Walking,True,3.9,0,0
1789904140541,138,212179,1,2208,-0.901,1,0.75,Walking,True,3.9,0,0
1789904140541,138,212179,1,2208,-0.901,1,0.75,Walking,True,3.9,0,0
1789904140541,138,212179,1,2208,-0.901,1,0.75,Walking,True,3.9,0,0
1789904140541,138,212179,1,2208,-0.901,1,0.75,Walking,True,3.9,0,0
1789904140541,138,212179,1,2208,-0.901,1,0.75,Walking,True,3.9,0,0
1789904140541,138,212179,1,2208,-0.901,1,0.75,Walking,True,3.9,0,0
1789904140541,138,212179,1,2208,-0.901,1,0.75,Walking,True,3.9,0,0
1789904140541,138,212179,1,2208,-0.901,1,0.75,Walking,True,3.9,0,0
1789904140557,139,213704,1,2224,-0.901,1,0.75,Walking,True,3.9,0,0
1789904140557,139,213704,1,2224,-0.901,1,0.75,Walking,True,3.9,0,0
1789904140557,139,213704,1,2224,-0.901,1,0.75,Walking,True,3.9,0,0
1789904140557,139,213704,1,2224,-0.901,1,0.75,Walking,True,3.9,0,0
1789904140557,139,213704,1,2224,-0.901,1,0.75,Walking,True,3.9,0,0
1789904140557,139,213704,1,2224,-0.901,1,0.75,Walking,True,3.9,0,0
1789904140557,139,213704,1,2224,-0.901,1,0.75,Walking,True,3.9,0,0
1789904140557,139,213704,1,2224,-0.901,1,0.75,Walking,True,3.9,0,0
1789904140573,140,215162,1,2240,-0.901,1,0.75,Walking,True,3.9,0,0
1789904140573,140,215162,1,2240,-0.901,1,0.75,Walking,True,3.9,0,0
1789904140573,140,215162,1,2240,-0.901,1,0.75,Walking,True,3.9,0,0
1789904140573,140,215162,1,2240,-0.901,1,0.75,Walking,True,3.9,0,0
1789904140573,140,215162,1,2240,-0.901,1,0.75,Walking,True,3.9,0,0
1789904140573,140,215162,1,2240,-0.901,1,0.75,Walking,True,3.9,0,0
1789904140573,140,215162,1,2240,-0.901,1,0.75,Walking,True,3.9,0,0
1789904140573,140,215162,1,2240,-0.901,1,0.75,Walking,True,3.9,0,0
1789904140589,141,216729,1,2256,-0.901,1,0.75,Walking,True,3.9,0,0
1789904140589,141,216729,1,2256,-0.901,1,0.75,Walking,True,3.9,0,0
1789904140589,141,216729,1,2256,-0.901,1,0.75,Walking,True,3.9,0,0
1789904140589,141,216729,1,2256,-0.901,1,0.75,Walking,True,3.9,0,0
1789904140589,141,216729,1,2256,-0.901,1,0.75,Walking,True,3.9,0,0
1789904140589,141,216729,1,2256,-0.901,1,0.75,Walking,True,3.9,0,0
1789904140589,141,216729,1,2256,-0.901,1,0.75,Walking,True,3.9,0,0
1789904140589,141,216729,1,2256,-0.901,1,0.75,Walking,True,3.9,0,0
1789904140604,142,218321,1,2272,-0.901,1,0.75,Walking,True,3.9,0,0
1789904140604,142,218321,1,2272,-0.901,1,0.75,Walking,True,3.9,0,0
1789904140604,142,218321,1,2272,-0.901,1,0.75,Walking,True,3.9,0,0
1789904140604,142,218321,1,2272,-0.901,1,0.75,Walking,True,3.9,0,0
1789904140604,142,218321,1,2272,-0.901,1,0.75,Walking,True,3.9,0,0
1789904140604,142,218321,1,2272,-0.901,1,0.75,Walking,True,3.9,0,0
1789904140604,142,218321,1,2272,-0.901,1,0.75,Walking,True,3.9,0,0
1789904140604,142,218321,1,2272,-0.901,1,0.75,Walking,True,3.9,0,0
1789904140619,143,219867,1,2288,-0.901,1,0.75,Walking,True,3.9,0,0
1789904140619,143,219867,1,2288,-0.901,1,0.75,Walking,True,3.9,0,0
1789904140619,143,219867,1,2288,-0.901,1,0.75,Walking,True,3.9,0,0
1789904140619,143,219867,1,2288,-0.901,1,0.75,Walking,True,3.9,0,0
1789904140619,143,219867,1,2288,-0.901,1,0.75,Walking,True,3.9,0,0
1789904140619,143,219867,1,2288,-0.901,1,0.75,Walking,True,3.9,0,0
1789904140619,143,219867,1,2288,-0.901,1,0.75,Walking,True,3.9,0,0
1789904140619,143,219867,1,2288,-0.901,1,0.75,Walking,True,3.9,0,0
1789904140635,144,221397,1,2304,-0.901,1,0.75,Walking,True,3.9,0,0
1789904140635,144,221397,1,2304,-0.901,1,0.75,Walking,True,3.9,0,0
1789904140635,144,221397,1,2304,-0.901,1,0.75,Walking,True,3.9,0,0
1789904140635,144,221397,1,2304,-0.901,1,0.75,Walking,True,3.9,0,0
1789904140635,144,221397,1,2304,-0.901,1,0.75,Walking,True,3.9,0,0
1789904140635,144,221397,1,2304,-0.901,1,0.75,Walking,True,3.9,0,0
1789904140635,144,221397,1,2304,-0.901,1,0.75,Walking,True,3.9,0,0
1789904140635,144,221397,1,2304,-0.901,1,0.75,Walking,True,3.9,0,0
1789904140651,145,222924,1,2320,-0.901,1,0.75,Walking,True,3.9,0,0
1789904140651,145,222924,1,2320,-0.901,1,0.75,Walking,True,3.9,0,0
1789904140651,145,222924,1,2320,-0.901,1,0.75,Walking,True,3.9,0,0
1789904140651,145,222924,1,2320,-0.901,1,0.75,Walking,True,3.9,0,0
1789904140651,145,222924,1,2320,-0.901,1,0.75,Walking,True,3.9,0,0
1789904140651,145,222924,1,2320,-0.901,1,0.75,Walking,True,3.9,0,0
1789904140651,145,222924,1,2320,-0.901,1,0.75,Walking,True,3.9,0,0
1789904140651,145,222924,1,2320,-0.901,1,0.75,Walking,True,3.9,0,0
1789904140667,146,224486,1,2336,-0.901,1,0.75,Walking,True,3.9,0,0
1789904140667,146,224486,1,2336,-0.901,1,0.75,Walking,True,3.9,0,0
1789904140667,146,224486,1,2336,-0.901,1,0.75,Walking,True,3.9,0,0
1789904140667,146,224486,1,2336,-0.901,1,0.75,Walking,True,3.9,0,0
1789904140667,146,224486,1,2336,-0.901,1,0.75,Walking,True,3.9,0,0
1789904140667,146,224486,1,2336,-0.901,1,0.75,Walking,True,3.9,0,0
1789904140667,146,224486,1,2336,-0.901,1,0.75,Walking,True,3.9,0,0
1789904140667,146,224486,1,2336,-0.901,1,0.75,Walking,True,3.9,0,0
1789904140682,147,226119,1,2352,-0.901,1,0.75,Walking,True,3.9,0,0
1789904140682,147,226119,1,2352,-0.901,1,0.75,Walking,True,3.9,0,0
1789904140682,147,226119,1,2352,-0.901,1,0.75,Walking,True,3.9,0,0
1789904140682,147,226119,1,2352,-0.901,1,0.75,Walking,True,3.9,0,0
1789904140682,147,226119,1,2352,-0.901,1,0.75,Walking,True,3.9,0,0
1789904140682,147,226119,1,2352,-0.901,1,0.75,Walking,True,3.9,0,0
1789904140682,147,226119,1,2352,-0.901,1,0.75,Walking,True,3.9,0,0
1789904140682,147,226119,1,2352,-0.901,1,0.75,Walking,True,3.9,0,0
1789904140698,148,227590,1,2368,-0.901,1,0.75,Walking,True,3.9,0,0
1789904140698,148,227590,1,2368,-0.901,1,0.75,Walking,True,3.9,0,0
1789904140698,148,227590,1,2368,-0.901,1,0.75,Walking,True,3.9,0,0
1789904140698,148,227590,1,2368,-0.901,1,0.75,Walking,True,3.9,0,0
1789904140698,148,227590,1,2368,-0.901,1,0.75,Walking,True,3.9,0,0
1789904140698,148,227590,1,2368,-0.901,1,0.75,Walking,True,3.9,0,0
1789904140698,148,227590,1,2368,-0.901,1,0.75,Walking,True,3.9,0,0
1789904140698,148,227590,1,2368,-0.901,1,0.75,Walking,True,3.9,0,0
1789904140729,149,229108,1,2384,-0.901,1,0.75,Walking,True,3.9,0,0
1789904140729,149,229108,1,2384,-0.901,1,0.75,Walking,True,3.9,0,0
1789904140729,149,229108,1,2384,-0.901,1,0.75,Walking,True,3.9,0,0
1789904140729,149,229108,1,2384,-0.901,1,0.75,Walking,True,3.9,0,0
1789904140729,149,229108,1,2384,-0.901,1,0.75,Walking,True,3.9,0,0
1789904140729,149,229108,1,2384,-0.901,1,0.75,Walking,True,3.9,0,0
1789904140729,149,229108,1,2384,-0.901,1,0.75,Walking,True,3.9,0,0
1789904140729,149,229108,1,2384,-0.901,1,0.75,Walking,True,3.9,0,0
1789904140745,150,232191,1,2400,-0.901,1,0.75,Walking,True,3.9,0,0
1789904140745,150,232191,1,2400,-0.901,1,0.75,Walking,True,3.9,0,0
1789904140745,150,232191,1,2400,-0.901,1,0.75,Walking,True,3.9,0,0
1789904140745,150,232191,1,2400,-0.901,1,0.75,Walking,True,3.9,0,0
1789904140745,150,232191,1,2400,-0.901,1,0.75,Walking,True,3.9,0,0
1789904140745,150,232191,1,2400,-0.901,1,0.75,Walking,True,3.9,0,0
1789904140745,150,232191,1,2400,-0.901,1,0.75,Walking,True,3.9,0,0
1789904140745,150,232191,1,2400,-0.901,1,0.75,Walking,True,3.9,0,0
1789904140761,151,233729,1,2416,-0.901,1,0.75,Walking,True,3.58,0,0
1789904140761,151,233729,1,2416,-0.901,1,0.75,Walking,True,3.58,0,0
1789904140761,151,233729,1,2416,-0.901,1,0.75,Walking,True,3.58,0,0
1789904140761,151,233729,1,2416,-0.901,1,0.75,Walking,True,3.58,0,0
1789904140761,151,233729,1,2416,-0.901,1,0.75,Walking,True,3.58,0,0
1789904140761,151,233729,1,2416,-0.901,1,0.75,Walking,True,3.58,0,0
1789904140761,151,233729,1,2416,-0.901,1,0.75,Walking,True,3.58,0,0
1789904140761,151,233729,1,2416,-0.901,1,0.75,Walking,True,3.58,0,0
1789904140793,152,235383,1,2432,-0.901,1,0.75,Walking,True,3.26,0,0
1789904140793,152,235383,1,2432,-0.901,1,0.75,Walking,True,3.26,0,0
1789904140793,152,235383,1,2432,-0.901,1,0.75,Walking,True,3.26,0,0
1789904140793,152,235383,1,2432,-0.901,1,0.75,Walking,True,3.26,0,0
1789904140793,152,235383,1,2432,-0.901,1,0.75,Walking,True,3.26,0,0
1789904140793,152,235383,1,2432,-0.901,1,0.75,Walking,True,3.26,0,0
1789904140793,152,235383,1,2432,-0.901,1,0.75,Walking,True,3.26,0,0
1789904140793,152,235383,1,2432,-0.901,1,0.75,Walking,True,3.26,0,0
1789904140809,153,238600,1,2448,-0.901,1,0.75,Walking,True,2.94,0,0
1789904140809,153,238600,1,2448,-0.901,1,0.75,Walking,True,2.94,0,0
1789904140809,153,238600,1,2448,-0.901,1,0.75,Walking,True,2.94,0,0
1789904140809,153,238600,1,2448,-0.901,1,0.75,Walking,True,2.94,0,0
1789904140809,153,238600,1,2448,-0.901,1,0.75,Walking,True,2.94,0,0
1789904140809,153,238600,1,2448,-0.901,1,0.75,Walking,True,2.94,0,0
1789904140809,153,238600,1,2448,-0.901,1,0.75,Walking,True,2.94,0,0
1789904140809,153,238600,1,2448,-0.901,1,0.75,Walking,True,2.94,0,0
1789904140840,155,240139,1,2480,-0.901,1,0.75,Walking,True,2.3,0,0
1789904140840,155,240139,1,2480,-0.901,1,0.75,Walking,True,2.3,0,0
1789904140840,155,240139,1,2480,-0.901,1,0.75,Walking,True,2.3,0,0
1789904140840,155,240139,1,2480,-0.901,1,0.75,Walking,True,2.3,0,0
1789904140840,155,240139,1,2480,-0.901,1,0.75,Walking,True,2.3,0,0
1789904140840,155,240139,1,2480,-0.901,1,0.75,Walking,True,2.3,0,0
1789904140840,155,240139,1,2480,-0.901,1,0.75,Walking,True,2.3,0,0
1789904140840,155,240139,1,2480,-0.901,1,0.75,Walking,True,2.3,0,0
1789904140856,156,243229,1,2496,-0.901,1,0.75,Walking,True,1.98,0,0
1789904140856,156,243229,1,2496,-0.901,1,0.75,Walking,True,1.98,0,0
1789904140856,156,243229,1,2496,-0.901,1,0.75,Walking,True,1.98,0,0
1789904140856,156,243229,1,2496,-0.901,1,0.75,Walking,True,1.98,0,0
1789904140856,156,243229,1,2496,-0.901,1,0.75,Walking,True,1.98,0,0
1789904140856,156,243229,1,2496,-0.901,1,0.75,Walking,True,1.98,0,0
1789904140856,156,243229,1,2496,-0.901,1,0.75,Walking,True,1.98,0,0
1789904140856,156,243229,1,2496,-0.901,1,0.75,Walking,True,1.98,0,0
1789904140871,157,244819,1,2512,-0.901,1,0.75,Walking,True,1.66,0,0
1789904140871,157,244819,1,2512,-0.901,1,0.75,Walking,True,1.66,0,0
1789904140871,157,244819,1,2512,-0.901,1,0.75,Walking,True,1.66,0,0
1789904140871,157,244819,1,2512,-0.901,1,0.75,Walking,True,1.66,0,0
1789904140871,157,244819,1,2512,-0.901,1,0.75,Walking,True,1.66,0,0
1789904140871,157,244819,1,2512,-0.901,1,0.75,Walking,True,1.66,0,0
1789904140871,157,244819,1,2512,-0.901,1,0.75,Walking,True,1.66,0,0
1789904140871,157,244819,1,2512,-0.901,1,0.75,Walking,True,1.66,0,0
1789904140887,158,246344,1,2528,-0.901,1,0.75,Walking,True,1.34,0,0
1789904140887,158,246344,1,2528,-0.901,1,0.75,Walking,True,1.34,0,0
1789904140887,158,246344,1,2528,-0.901,1,0.75,Walking,True,1.34,0,0
1789904140887,158,246344,1,2528,-0.901,1,0.75,Walking,True,1.34,0,0
1789904140887,158,246344,1,2528,-0.901,1,0.75,Walking,True,1.34,0,0
1789904140887,158,246344,1,2528,-0.901,1,0.75,Walking,True,1.34,0,0
1789904140887,158,246344,1,2528,-0.901,1,0.75,Walking,True,1.34,0,0
1789904140887,158,246344,1,2528,-0.901,1,0.75,Walking,True,1.34,0,0
1789904140902,159,247893,1,2544,-0.901,1,0.75,Walking,True,1.02,0,0
1789904140902,159,247893,1,2544,-0.901,1,0.75,Walking,True,1.02,0,0
1789904140902,159,247893,1,2544,-0.901,1,0.75,Walking,True,1.02,0,0
1789904140902,159,247893,1,2544,-0.901,1,0.75,Walking,True,1.02,0,0
1789904140902,159,247893,1,2544,-0.901,1,0.75,Walking,True,1.02,0,0
1789904140902,159,247893,1,2544,-0.901,1,0.75,Walking,True,1.02,0,0
1789904140902,159,247893,1,2544,-0.901,1,0.75,Walking,True,1.02,0,0
1789904140902,159,247893,1,2544,-0.901,1,0.75,Walking,True,1.02,0,0
1789904140918,160,249444,1,2560,-0.901,1,0.75,Walking,True,0.7,0,0
1789904140918,160,249444,1,2560,-0.901,1,0.75,Walking,True,0.7,0,0
1789904140918,160,249444,1,2560,-0.901,1,0.75,Walking,True,0.7,0,0
1789904140918,160,249444,1,2560,-0.901,1,0.75,Walking,True,0.7,0,0
1789904140918,160,249444,1,2560,-0.901,1,0.75,Walking,True,0.7,0,0
1789904140918,160,249444,1,2560,-0.901,1,0.75,Walking,True,0.7,0,0
1789904140918,160,249444,1,2560,-0.901,1,0.75,Walking,True,0.7,0,0
1789904140918,160,249444,1,2560,-0.901,1,0.75,Walking,True,0.7,0,0
1789904140934,161,251036,1,2576,-0.901,1,0.75,Walking,True,0.38,0,0
1789904140934,161,251036,1,2576,-0.901,1,0.75,Walking,True,0.38,0,0
1789904140934,161,251036,1,2576,-0.901,1,0.75,Walking,True,0.38,0,0
1789904140934,161,251036,1,2576,-0.901,1,0.75,Walking,True,0.38,0,0
1789904140934,161,251036,1,2576,-0.901,1,0.75,Walking,True,0.38,0,0
1789904140934,161,251036,1,2576,-0.901,1,0.75,Walking,True,0.38,0,0
1789904140934,161,251036,1,2576,-0.901,1,0.75,Walking,True,0.38,0,0
1789904140934,161,251036,1,2576,-0.901,1,0.75,Walking,True,0.38,0,0
1789904140949,162,252624,1,2592,-0.901,1,0.75,Walking,True,0.06,0,0
1789904140949,162,252624,1,2592,-0.901,1,0.75,Walking,True,0.06,0,0
1789904140949,162,252624,1,2592,-0.901,1,0.75,Walking,True,0.06,0,0
1789904140949,162,252624,1,2592,-0.901,1,0.75,Walking,True,0.06,0,0
1789904140949,162,252624,1,2592,-0.901,1,0.75,Walking,True,0.06,0,0
1789904140949,162,252624,1,2592,-0.901,1,0.75,Walking,True,0.06,0,0
1789904140949,162,252624,1,2592,-0.901,1,0.75,Walking,True,0.06,0,0
1789904140949,162,252624,1,2592,-0.901,1,0.75,Walking,True,0.06,0,0
1789904140965,163,253965,1,2608,-0.901,1,0.75,Walking,True,0,0,0
1789904140965,163,253965,1,2608,-0.901,1,0.75,Walking,True,0,0,0
1789904140965,163,253965,1,2608,-0.901,1,0.75,Walking,True,0,0,0
1789904140965,163,253965,1,2608,-0.901,1,0.75,Walking,True,0,0,0
1789904140965,163,253965,1,2608,-0.901,1,0.75,Walking,True,0,0,0
1789904140965,163,253965,1,2608,-0.901,1,0.75,Walking,True,0,0,0
1789904140965,163,253965,1,2608,-0.901,1,0.75,Walking,True,0,0,0
1789904140965,163,253965,1,2608,-0.901,1,0.75,Walking,True,0,0,0
1789904140980,164,255481,1,2624,-0.901,1,0.75,Walking,True,0,0,0
1789904140980,164,255481,1,2624,-0.901,1,0.75,Walking,True,0,0,0
1789904140980,164,255481,1,2624,-0.901,1,0.75,Walking,True,0,0,0
1789904140980,164,255481,1,2624,-0.901,1,0.75,Walking,True,0,0,0
1789904140980,164,255481,1,2624,-0.901,1,0.75,Walking,True,0,0,0
1789904140980,164,255481,1,2624,-0.901,1,0.75,Walking,True,0,0,0
1789904140980,164,255481,1,2624,-0.901,1,0.75,Walking,True,0,0,0
1789904140980,164,255481,1,2624,-0.901,1,0.75,Walking,True,0,0,0
1789904140995,165,256863,1,2640,-0.901,1,0.75,Walking,True,0,0,0
1789904140995,165,256863,1,2640,-0.901,1,0.75,Walking,True,0,0,0
1789904140995,165,256863,1,2640,-0.901,1,0.75,Walking,True,0,0,0
1789904140995,165,256863,1,2640,-0.901,1,0.75,Walking,True,0,0,0
1789904140995,165,256863,1,2640,-0.901,1,0.75,Walking,True,0,0,0
1789904140995,165,256863,1,2640,-0.901,1,0.75,Walking,True,0,0,0
1789904140995,165,256863,1,2640,-0.901,1,0.75,Walking,True,0,0,0
1789904140995,165,256863,1,2640,-0.901,1,0.75,Walking,True,0,0,0
1789904141011,166,258347,1,2656,-0.901,1,0.75,Walking,True,0,0,0
1789904141011,166,258347,1,2656,-0.901,1,0.75,Walking,True,0,0,0
1789904141011,166,258347,1,2656,-0.901,1,0.75,Walking,True,0,0,0
1789904141011,166,258347,1,2656,-0.901,1,0.75,Walking,True,0,0,0
1789904141011,166,258347,1,2656,-0.901,1,0.75,Walking,True,0,0,0
1789904141011,166,258347,1,2656,-0.901,1,0.75,Walking,True,0,0,0
1789904141011,166,258347,1,2656,-0.901,1,0.75,Walking,True,0,0,0
1789904141011,166,258347,1,2656,-0.901,1,0.75,Walking,True,0,0,0
1789904141026,167,259952,1,2672,-0.901,1,0.75,Walking,True,0,0,0
1789904141026,167,259952,1,2672,-0.901,1,0.75,Walking,True,0,0,0
1789904141026,167,259952,1,2672,-0.901,1,0.75,Walking,True,0,0,0
1789904141026,167,259952,1,2672,-0.901,1,0.75,Walking,True,0,0,0
1789904141026,167,259952,1,2672,-0.901,1,0.75,Walking,True,0,0,0
1789904141026,167,259952,1,2672,-0.901,1,0.75,Walking,True,0,0,0
1789904141026,167,259952,1,2672,-0.901,1,0.75,Walking,True,0,0,0
1789904141026,167,259952,1,2672,-0.901,1,0.75,Walking,True,0,0,0
1789904141041,168,261509,1,2688,-0.901,1,0.75,Walking,True,0,0,0
1789904141041,168,261509,1,2688,-0.901,1,0.75,Walking,True,0,0,0
1789904141041,168,261509,1,2688,-0.901,1,0.75,Walking,True,0,0,0
1789904141041,168,261509,1,2688,-0.901,1,0.75,Walking,True,0,0,0
1789904141041,168,261509,1,2688,-0.901,1,0.75,Walking,True,0,0,0
1789904141041,168,261509,1,2688,-0.901,1,0.75,Walking,True,0,0,0
1789904141041,168,261509,1,2688,-0.901,1,0.75,Walking,True,0,0,0
1789904141041,168,261509,1,2688,-0.901,1,0.75,Walking,True,0,0,0
1789904141057,169,262998,1,2704,-0.901,1,0.75,Walking,True,0,0,0
1789904141057,169,262998,1,2704,-0.901,1,0.75,Walking,True,0,0,0
1789904141057,169,262998,1,2704,-0.901,1,0.75,Walking,True,0,0,0
1789904141057,169,262998,1,2704,-0.901,1,0.75,Walking,True,0,0,0
1789904141057,169,262998,1,2704,-0.901,1,0.75,Walking,True,0,0,0
1789904141057,169,262998,1,2704,-0.901,1,0.75,Walking,True,0,0,0
1789904141057,169,262998,1,2704,-0.901,1,0.75,Walking,True,0,0,0
1789904141057,169,262998,1,2704,-0.901,1,0.75,Walking,True,0,0,0
1789904141074,170,264547,1,2720,-0.901,1,0.75,Walking,True,0,0,0
1789904141074,170,264547,1,2720,-0.901,1,0.75,Walking,True,0,0,0
1789904141074,170,264547,1,2720,-0.901,1,0.75,Walking,True,0,0,0
1789904141074,170,264547,1,2720,-0.901,1,0.75,Walking,True,0,0,0
1789904141074,170,264547,1,2720,-0.901,1,0.75,Walking,True,0,0,0
1789904141074,170,264547,1,2720,-0.901,1,0.75,Walking,True,0,0,0
1789904141074,170,264547,1,2720,-0.901,1,0.75,Walking,True,0,0,0
1789904141074,170,264547,1,2720,-0.901,1,0.75,Walking,True,0,0,0
1789904141089,171,266259,1,2736,-0.901,1,0.75,Walking,True,0,0,0
1789904141089,171,266259,1,2736,-0.901,1,0.75,Walking,True,0,0,0
1789904141089,171,266259,1,2736,-0.901,1,0.75,Walking,True,0,0,0
1789904141089,171,266259,1,2736,-0.901,1,0.75,Walking,True,0,0,0
1789904141089,171,266259,1,2736,-0.901,1,0.75,Walking,True,0,0,0
1789904141089,171,266259,1,2736,-0.901,1,0.75,Walking,True,0,0,0
1789904141089,171,266259,1,2736,-0.901,1,0.75,Walking,True,0,0,0
1789904141089,171,266259,1,2736,-0.901,1,0.75,Walking,True,0,0,0
1789904141105,172,267815,1,2752,-0.901,1,0.75,Walking,True,0,0,0
1789904141105,172,267815,1,2752,-0.901,1,0.75,Walking,True,0,0,0
1789904141105,172,267815,1,2752,-0.901,1,0.75,Walking,True,0,0,0
1789904141105,172,267815,1,2752,-0.901,1,0.75,Walking,True,0,0,0
1789904141105,172,267815,1,2752,-0.901,1,0.75,Walking,True,0,0,0
1789904141105,172,267815,1,2752,-0.901,1,0.75,Walking,True,0,0,0
1789904141105,172,267815,1,2752,-0.901,1,0.75,Walking,True,0,0,0
1789904141105,172,267815,1,2752,-0.901,1,0.75,Walking,True,0,0,0
1789904141121,173,269354,1,2768,-0.901,1,0.75,Walking,True,0,0,0
1789904141121,173,269354,1,2768,-0.901,1,0.75,Walking,True,0,0,0
1789904141121,173,269354,1,2768,-0.901,1,0.75,Walking,True,0,0,0
1789904141121,173,269354,1,2768,-0.901,1,0.75,Walking,True,0,0,0
1789904141121,173,269354,1,2768,-0.901,1,0.75,Walking,True,0,0,0
1789904141121,173,269354,1,2768,-0.901,1,0.75,Walking,True,0,0,0
1789904141121,173,269354,1,2768,-0.901,1,0.75,Walking,True,0,0,0
1789904141121,173,269354,1,2768,-0.901,1,0.75,Walking,True,0,0,0
1789904141136,174,270911,1,2784,-0.901,1,0.75,Walking,True,0,0,0
1789904141136,174,270911,1,2784,-0.901,1,0.75,Walking,True,0,0,0
1789904141136,174,270911,1,2784,-0.901,1,0.75,Walking,True,0,0,0
1789904141136,174,270911,1,2784,-0.901,1,0.75,Walking,True,0,0,0
1789904141136,174,270911,1,2784,-0.901,1,0.75,Walking,True,0,0,0
1789904141136,174,270911,1,2784,-0.901,1,0.75,Walking,True,0,0,0
1789904141136,174,270911,1,2784,-0.901,1,0.75,Walking,True,0,0,0
1789904141136,174,270911,1,2784,-0.901,1,0.75,Walking,True,0,0,0
1789904141152,175,272476,1,2800,-0.901,1,0.75,Walking,True,0,0,0
1789904141152,175,272476,1,2800,-0.901,1,0.75,Walking,True,0,0,0
1789904141152,175,272476,1,2800,-0.901,1,0.75,Walking,True,0,0,0
1789904141152,175,272476,1,2800,-0.901,1,0.75,Walking,True,0,0,0
1789904141152,175,272476,1,2800,-0.901,1,0.75,Walking,True,0,0,0
1789904141152,175,272476,1,2800,-0.901,1,0.75,Walking,True,0,0,0
1789904141152,175,272476,1,2800,-0.901,1,0.75,Walking,True,0,0,0
1789904141152,175,272476,1,2800,-0.901,1,0.75,Walking,True,0,0,0
1789904141167,176,273992,1,2816,-0.901,1,0.75,Walking,True,0,0,0
1789904141167,176,273992,1,2816,-0.901,1,0.75,Walking,True,0,0,0
1789904141167,176,273992,1,2816,-0.901,1,0.75,Walking,True,0,0,0
1789904141167,176,273992,1,2816,-0.901,1,0.75,Walking,True,0,0,0
1789904141167,176,273992,1,2816,-0.901,1,0.75,Walking,True,0,0,0
1789904141167,176,273992,1,2816,-0.901,1,0.75,Walking,True,0,0,0
1789904141167,176,273992,1,2816,-0.901,1,0.75,Walking,True,0,0,0
1789904141167,176,273992,1,2816,-0.901,1,0.75,Walking,True,0,0,0
1789904141182,177,275405,1,2832,-0.901,1,0.75,Walking,True,0,0,0
1789904141182,177,275405,1,2832,-0.901,1,0.75,Walking,True,0,0,0
1789904141182,177,275405,1,2832,-0.901,1,0.75,Walking,True,0,0,0
1789904141182,177,275405,1,2832,-0.901,1,0.75,Walking,True,0,0,0
1789904141182,177,275405,1,2832,-0.901,1,0.75,Walking,True,0,0,0
1789904141182,177,275405,1,2832,-0.901,1,0.75,Walking,True,0,0,0
1789904141182,177,275405,1,2832,-0.901,1,0.75,Walking,True,0,0,0
1789904141182,177,275405,1,2832,-0.901,1,0.75,Walking,True,0,0,0
1789904141198,178,276938,1,2848,-0.901,1,0.75,Walking,True,0,0,0
1789904141198,178,276938,1,2848,-0.901,1,0.75,Walking,True,0,0,0
1789904141198,178,276938,1,2848,-0.901,1,0.75,Walking,True,0,0,0
1789904141198,178,276938,1,2848,-0.901,1,0.75,Walking,True,0,0,0
1789904141198,178,276938,1,2848,-0.901,1,0.75,Walking,True,0,0,0
1789904141198,178,276938,1,2848,-0.901,1,0.75,Walking,True,0,0,0
1789904141198,178,276938,1,2848,-0.901,1,0.75,Walking,True,0,0,0
1789904141198,178,276938,1,2848,-0.901,1,0.75,Walking,True,0,0,0
1789904141213,179,278463,1,2864,-0.901,1,0.75,Walking,True,0,0,0
1789904141213,179,278463,1,2864,-0.901,1,0.75,Walking,True,0,0,0
1789904141213,179,278463,1,2864,-0.901,1,0.75,Walking,True,0,0,0
1789904141213,179,278463,1,2864,-0.901,1,0.75,Walking,True,0,0,0
1789904141213,179,278463,1,2864,-0.901,1,0.75,Walking,True,0,0,0
1789904141213,179,278463,1,2864,-0.901,1,0.75,Walking,True,0,0,0
1789904141213,179,278463,1,2864,-0.901,1,0.75,Walking,True,0,0,0
1789904141213,179,278463,1,2864,-0.901,1,0.75,Walking,True,0,0,0
1789904141228,180,279966,1,2880,-0.901,1,0.75,Walking,True,0,0,0
1789904141228,180,279966,1,2880,-0.901,1,0.75,Walking,True,0,0,0
1789904141228,180,279966,1,2880,-0.901,1,0.75,Walking,True,0,0,0
1789904141228,180,279966,1,2880,-0.901,1,0.75,Walking,True,0,0,0
1789904141228,180,279966,1,2880,-0.901,1,0.75,Walking,True,0,0,0
1789904141228,180,279966,1,2880,-0.901,1,0.75,Walking,True,0,0,0
1789904141228,180,279966,1,2880,-0.901,1,0.75,Walking,True,0,0,0
1789904141228,180,279966,1,2880,-0.901,1,0.75,Walking,True,0,0,0
1789904141244,181,281474,1,2896,-0.901,1,0.75,Walking,True,0,0,0
1789904141244,181,281474,1,2896,-0.901,1,0.75,Walking,True,0,0,0
1789904141244,181,281474,1,2896,-0.901,1,0.75,Walking,True,0,0,0
1789904141244,181,281474,1,2896,-0.901,1,0.75,Walking,True,0,0,0
1789904141244,181,281474,1,2896,-0.901,1,0.75,Walking,True,0,0,0
1789904141244,181,281474,1,2896,-0.901,1,0.75,Walking,True,0,0,0
1789904141244,181,281474,1,2896,-0.901,1,0.75,Walking,True,0,0,0
1789904141244,181,281474,1,2896,-0.901,1,0.75,Walking,True,0,0,0
1789904141260,182,282949,1,2912,-0.901,1,0.75,Walking,True,0,0,0
1789904141260,182,282949,1,2912,-0.901,1,0.75,Walking,True,0,0,0
1789904141260,182,282949,1,2912,-0.901,1,0.75,Walking,True,0,0,0
1789904141260,182,282949,1,2912,-0.901,1,0.75,Walking,True,0,0,0
1789904141260,182,282949,1,2912,-0.901,1,0.75,Walking,True,0,0,0
1789904141260,182,282949,1,2912,-0.901,1,0.75,Walking,True,0,0,0
1789904141260,182,282949,1,2912,-0.901,1,0.75,Walking,True,0,0,0
1789904141260,182,282949,1,2912,-0.901,1,0.75,Walking,True,0,0,0
1789904141510,183,317564,1,2928,-0.90612,1,0.75,Walking,True,-0.32,0,0
1789904141510,183,317564,1,2928,-0.90612,1,0.75,Walking,True,-0.32,0,0
1789904141510,183,317564,1,2928,-0.90612,1,0.75,Walking,True,-0.32,0,0
1789904141510,183,317564,1,2928,-0.90612,1,0.75,Walking,True,-0.32,0,0
1789904141510,183,317564,1,2928,-0.90612,1,0.75,Walking,True,-0.32,0,0
1789904141510,183,317564,1,2928,-0.90612,1,0.75,Walking,True,-0.32,0,0
1789904141510,183,317564,1,2928,-0.90612,1,0.75,Walking,True,-0.32,0,0
1789904141510,183,317564,1,2928,-0.90612,1,0.75,Walking,True,-0.32,0,0
1789904141525,184,320586,1,2944,-0.91636,1,0.75,Walking,True,-0.64,0,0
1789904141525,184,320586,1,2944,-0.91636,1,0.75,Walking,True,-0.64,0,0
1789904141525,184,320586,1,2944,-0.91636,1,0.75,Walking,True,-0.64,0,0
1789904141525,184,320586,1,2944,-0.91636,1,0.75,Walking,True,-0.64,0,0
1789904141525,184,320586,1,2944,-0.91636,1,0.75,Walking,True,-0.64,0,0
1789904141525,184,320586,1,2944,-0.91636,1,0.75,Walking,True,-0.64,0,0
1789904141525,184,320586,1,2944,-0.91636,1,0.75,Walking,True,-0.64,0,0
1789904141525,184,320586,1,2944,-0.91636,1,0.75,Walking,True,-0.64,0,0
1789904141540,185,322020,1,2960,-0.93172,1,0.75,Walking,True,-0.96,0,0
1789904141540,185,322020,1,2960,-0.93172,1,0.75,Walking,True,-0.96,0,0
1789904141540,185,322020,1,2960,-0.93172,1,0.75,Walking,True,-0.96,0,0
1789904141540,185,322020,1,2960,-0.93172,1,0.75,Walking,True,-0.96,0,0
1789904141540,185,322020,1,2960,-0.93172,1,0.75,Walking,True,-0.96,0,0
1789904141540,185,322020,1,2960,-0.93172,1,0.75,Walking,True,-0.96,0,0
1789904141540,185,322020,1,2960,-0.93172,1,0.75,Walking,True,-0.96,0,0
1789904141540,185,322020,1,2960,-0.93172,1,0.75,Walking,True,-0.96,0,0
1789904141555,186,323390,1,2976,-0.9522,1,0.75,Walking,True,-1.28,0,0
1789904141555,186,323390,1,2976,-0.9522,1,0.75,Walking,True,-1.28,0,0
1789904141555,186,323390,1,2976,-0.9522,1,0.75,Walking,True,-1.28,0,0
1789904141555,186,323390,1,2976,-0.9522,1,0.75,Walking,True,-1.28,0,0
1789904141555,186,323390,1,2976,-0.9522,1,0.75,Walking,True,-1.28,0,0
1789904141555,186,323390,1,2976,-0.9522,1,0.75,Walking,True,-1.28,0,0
1789904141555,186,323390,1,2976,-0.9522,1,0.75,Walking,True,-1.28,0,0
1789904141555,186,323390,1,2976,-0.9522,1,0.75,Walking,True,-1.28,0,0
1789904141570,187,324655,1,2992,-0.9778,1,0.75,Walking,True,-1.6,0,0
1789904141570,187,324655,1,2992,-0.9778,1,0.75,Walking,True,-1.6,0,0
1789904141570,187,324655,1,2992,-0.9778,1,0.75,Walking,True,-1.6,0,0
1789904141570,187,324655,1,2992,-0.9778,1,0.75,Walking,True,-1.6,0,0
1789904141570,187,324655,1,2992,-0.9778,1,0.75,Walking,True,-1.6,0,0
1789904141570,187,324655,1,2992,-0.9778,1,0.75,Walking,True,-1.6,0,0
1789904141570,187,324655,1,2992,-0.9778,1,0.75,Walking,True,-1.6,0,0
1789904141570,187,324655,1,2992,-0.9778,1,0.75,Walking,True,-1.6,0,0
1789904141586,188,325980,1,3008,-1.00852,1,0.75,Walking,True,-1.92,0,0
1789904141586,188,325980,1,3008,-1.00852,1,0.75,Walking,True,-1.92,0,0
1789904141586,188,325980,1,3008,-1.00852,1,0.75,Walking,True,-1.92,0,0
1789904141586,188,325980,1,3008,-1.00852,1,0.75,Walking,True,-1.92,0,0
1789904141586,188,325980,1,3008,-1.00852,1,0.75,Walking,True,-1.92,0,0
1789904141586,188,325980,1,3008,-1.00852,1,0.75,Walking,True,-1.92,0,0
1789904141586,188,325980,1,3008,-1.00852,1,0.75,Walking,True,-1.92,0,0
1789904141586,188,325980,1,3008,-1.00852,1,0.75,Walking,True,-1.92,0,0
1789904141603,189,327538,1,3024,-1.04436,1,0.75,Walking,True,-2.24,0,0
1789904141603,189,327538,1,3024,-1.04436,1,0.75,Walking,True,-2.24,0,0
1789904141603,189,327538,1,3024,-1.04436,1,0.75,Walking,True,-2.24,0,0
1789904141603,189,327538,1,3024,-1.04436,1,0.75,Walking,True,-2.24,0,0
1789904141603,189,327538,1,3024,-1.04436,1,0.75,Walking,True,-2.24,0,0
1789904141603,189,327538,1,3024,-1.04436,1,0.75,Walking,True,-2.24,0,0
1789904141603,189,327538,1,3024,-1.04436,1,0.75,Walking,True,-2.24,0,0
1789904141603,189,327538,1,3024,-1.04436,1,0.75,Walking,True,-2.24,0,0
1789904141618,190,329184,1,3040,-1.08532,1,0.75,Walking,True,-2.56,0,0
1789904141618,190,329184,1,3040,-1.08532,1,0.75,Walking,True,-2.56,0,0
1789904141618,190,329184,1,3040,-1.08532,1,0.75,Walking,True,-2.56,0,0
1789904141618,190,329184,1,3040,-1.08532,1,0.75,Walking,True,-2.56,0,0
1789904141618,190,329184,1,3040,-1.08532,1,0.75,Walking,True,-2.56,0,0
1789904141618,190,329184,1,3040,-1.08532,1,0.75,Walking,True,-2.56,0,0
1789904141618,190,329184,1,3040,-1.08532,1,0.75,Walking,True,-2.56,0,0
1789904141618,190,329184,1,3040,-1.08532,1,0.75,Walking,True,-2.56,0,0
1789904141633,191,330606,1,3056,-1.1314,1,0.75,Walking,True,-2.88,0,0
1789904141633,191,330606,1,3056,-1.1314,1,0.75,Walking,True,-2.88,0,0
1789904141633,191,330606,1,3056,-1.1314,1,0.75,Walking,True,-2.88,0,0
1789904141633,191,330606,1,3056,-1.1314,1,0.75,Walking,True,-2.88,0,0
1789904141633,191,330606,1,3056,-1.1314,1,0.75,Walking,True,-2.88,0,0
1789904141633,191,330606,1,3056,-1.1314,1,0.75,Walking,True,-2.88,0,0
1789904141633,191,330606,1,3056,-1.1314,1,0.75,Walking,True,-2.88,0,0
1789904141633,191,330606,1,3056,-1.1314,1,0.75,Walking,True,-2.88,0,0
1789904141649,192,332002,1,3072,-1.1826,1,0.75,Walking,True,-3.2,0,0
1789904141649,192,332002,1,3072,-1.1826,1,0.75,Walking,True,-3.2,0,0
1789904141649,192,332002,1,3072,-1.1826,1,0.75,Walking,True,-3.2,0,0
1789904141649,192,332002,1,3072,-1.1826,1,0.75,Walking,True,-3.2,0,0
1789904141649,192,332002,1,3072,-1.1826,1,0.75,Walking,True,-3.2,0,0
1789904141649,192,332002,1,3072,-1.1826,1,0.75,Walking,True,-3.2,0,0
1789904141649,192,332002,1,3072,-1.1826,1,0.75,Walking,True,-3.2,0,0
1789904141649,192,332002,1,3072,-1.1826,1,0.75,Walking,True,-3.2,0,0
1789904141664,193,333552,1,3088,-1.23892,1,0.75,Walking,True,-3.52,0,0
1789904141664,193,333552,1,3088,-1.23892,1,0.75,Walking,True,-3.52,0,0
1789904141664,193,333552,1,3088,-1.23892,1,0.75,Walking,True,-3.52,0,0
1789904141664,193,333552,1,3088,-1.23892,1,0.75,Walking,True,-3.52,0,0
1789904141664,193,333552,1,3088,-1.23892,1,0.75,Walking,True,-3.52,0,0
1789904141664,193,333552,1,3088,-1.23892,1,0.75,Walking,True,-3.52,0,0
1789904141664,193,333552,1,3088,-1.23892,1,0.75,Walking,True,-3.52,0,0
1789904141664,193,333552,1,3088,-1.23892,1,0.75,Walking,True,-3.52,0,0
1789904141680,194,335047,1,3104,-1.30036,1,0.75,Walking,True,-3.84,0,0
1789904141680,194,335047,1,3104,-1.30036,1,0.75,Walking,True,-3.84,0,0
1789904141680,194,335047,1,3104,-1.30036,1,0.75,Walking,True,-3.84,0,0
1789904141680,194,335047,1,3104,-1.30036,1,0.75,Walking,True,-3.84,0,0
1789904141680,194,335047,1,3104,-1.30036,1,0.75,Walking,True,-3.84,0,0
1789904141680,194,335047,1,3104,-1.30036,1,0.75,Walking,True,-3.84,0,0
1789904141680,194,335047,1,3104,-1.30036,1,0.75,Walking,True,-3.84,0,0
1789904141680,194,335047,1,3104,-1.30036,1,0.75,Walking,True,-3.84,0,0
1789904141695,195,336451,1,3120,-1.36276,1,0.75,Walking,True,-3.9,0,0
1789904141695,195,336451,1,3120,-1.36276,1,0.75,Walking,True,-3.9,0,0
1789904141695,195,336451,1,3120,-1.36276,1,0.75,Walking,True,-3.9,0,0
1789904141695,195,336451,1,3120,-1.36276,1,0.75,Walking,True,-3.9,0,0
1789904141695,195,336451,1,3120,-1.36276,1,0.75,Walking,True,-3.9,0,0
1789904141696,195,336451,1,3120,-1.36276,1,0.75,Walking,True,-3.9,0,0
1789904141696,195,336451,1,3120,-1.36276,1,0.75,Walking,True,-3.9,0,0
1789904141696,195,336451,1,3120,-1.36276,1,0.75,Walking,True,-3.9,0,0
1789904141711,196,337951,1,3136,-1.42516,1,0.75,Walking,True,-3.9,0,0
1789904141711,196,337951,1,3136,-1.42516,1,0.75,Walking,True,-3.9,0,0
1789904141711,196,337951,1,3136,-1.42516,1,0.75,Walking,True,-3.9,0,0
1789904141711,196,337951,1,3136,-1.42516,1,0.75,Walking,True,-3.9,0,0
1789904141711,196,337951,1,3136,-1.42516,1,0.75,Walking,True,-3.9,0,0
1789904141711,196,337951,1,3136,-1.42516,1,0.75,Walking,True,-3.9,0,0
1789904141711,196,337951,1,3136,-1.42516,1,0.75,Walking,True,-3.9,0,0
1789904141711,196,337951,1,3136,-1.42516,1,0.75,Walking,True,-3.9,0,0
1789904141726,197,339491,1,3152,-1.48756,1,0.75,Walking,True,-3.9,0,0
1789904141726,197,339491,1,3152,-1.48756,1,0.75,Walking,True,-3.9,0,0
1789904141726,197,339491,1,3152,-1.48756,1,0.75,Walking,True,-3.9,0,0
1789904141726,197,339491,1,3152,-1.48756,1,0.75,Walking,True,-3.9,0,0
1789904141726,197,339491,1,3152,-1.48756,1,0.75,Walking,True,-3.9,0,0
1789904141726,197,339491,1,3152,-1.48756,1,0.75,Walking,True,-3.9,0,0
1789904141726,197,339491,1,3152,-1.48756,1,0.75,Walking,True,-3.9,0,0
1789904141726,197,339491,1,3152,-1.48756,1,0.75,Walking,True,-3.9,0,0
1789904141742,198,340974,1,3168,-1.54996,1,0.75,Walking,True,-3.9,0,0
1789904141742,198,340974,1,3168,-1.54996,1,0.75,Walking,True,-3.9,0,0
1789904141742,198,340974,1,3168,-1.54996,1,0.75,Walking,True,-3.9,0,0
1789904141742,198,340974,1,3168,-1.54996,1,0.75,Walking,True,-3.9,0,0
1789904141742,198,340974,1,3168,-1.54996,1,0.75,Walking,True,-3.9,0,0
1789904141742,198,340974,1,3168,-1.54996,1,0.75,Walking,True,-3.9,0,0
1789904141742,198,340974,1,3168,-1.54996,1,0.75,Walking,True,-3.9,0,0
1789904141742,198,340974,1,3168,-1.54996,1,0.75,Walking,True,-3.9,0,0
1789904141757,199,342583,1,3184,-1.61236,1,0.75,Walking,True,-3.9,0,0
1789904141757,199,342583,1,3184,-1.61236,1,0.75,Walking,True,-3.9,0,0
1789904141757,199,342583,1,3184,-1.61236,1,0.75,Walking,True,-3.9,0,0
1789904141757,199,342583,1,3184,-1.61236,1,0.75,Walking,True,-3.9,0,0
1789904141757,199,342583,1,3184,-1.61236,1,0.75,Walking,True,-3.9,0,0
1789904141757,199,342583,1,3184,-1.61236,1,0.75,Walking,True,-3.9,0,0
1789904141757,199,342583,1,3184,-1.61236,1,0.75,Walking,True,-3.9,0,0
1789904141757,199,342583,1,3184,-1.61236,1,0.75,Walking,True,-3.9,0,0
1789904141772,200,344042,1,3200,-1.67476,1,0.75,Walking,True,-3.9,0,0
1789904141772,200,344042,1,3200,-1.67476,1,0.75,Walking,True,-3.9,0,0
1789904141772,200,344042,1,3200,-1.67476,1,0.75,Walking,True,-3.9,0,0
1789904141772,200,344042,1,3200,-1.67476,1,0.75,Walking,True,-3.9,0,0
1789904141772,200,344042,1,3200,-1.67476,1,0.75,Walking,True,-3.9,0,0
1789904141772,200,344042,1,3200,-1.67476,1,0.75,Walking,True,-3.9,0,0
1789904141772,200,344042,1,3200,-1.67476,1,0.75,Walking,True,-3.9,0,0
1789904141772,200,344042,1,3200,-1.67476,1,0.75,Walking,True,-3.9,0,0
1789904141788,201,345441,1,3216,-1.73716,1,0.75,Walking,True,-3.9,0,0
1789904141788,201,345441,1,3216,-1.73716,1,0.75,Walking,True,-3.9,0,0
1789904141788,201,345441,1,3216,-1.73716,1,0.75,Walking,True,-3.9,0,0
1789904141788,201,345441,1,3216,-1.73716,1,0.75,Walking,True,-3.9,0,0
1789904141788,201,345441,1,3216,-1.73716,1,0.75,Walking,True,-3.9,0,0
1789904141788,201,345441,1,3216,-1.73716,1,0.75,Walking,True,-3.9,0,0
1789904141788,201,345441,1,3216,-1.73716,1,0.75,Walking,True,-3.9,0,0
1789904141788,201,345441,1,3216,-1.73716,1,0.75,Walking,True,-3.9,0,0
1789904141803,202,346766,1,3232,-1.79956,1,0.75,Walking,True,-3.9,0,0
1789904141803,202,346766,1,3232,-1.79956,1,0.75,Walking,True,-3.9,0,0
1789904141803,202,346766,1,3232,-1.79956,1,0.75,Walking,True,-3.9,0,0
1789904141803,202,346766,1,3232,-1.79956,1,0.75,Walking,True,-3.9,0,0
1789904141803,202,346766,1,3232,-1.79956,1,0.75,Walking,True,-3.9,0,0
1789904141803,202,346766,1,3232,-1.79956,1,0.75,Walking,True,-3.9,0,0
1789904141803,202,346766,1,3232,-1.79956,1,0.75,Walking,True,-3.9,0,0
1789904141803,202,346766,1,3232,-1.79956,1,0.75,Walking,True,-3.9,0,0
1789904141819,203,348285,1,3248,-1.86196,1,0.75,Walking,True,-3.9,0,0
1789904141819,203,348285,1,3248,-1.86196,1,0.75,Walking,True,-3.9,0,0
1789904141819,203,348285,1,3248,-1.86196,1,0.75,Walking,True,-3.9,0,0
1789904141819,203,348285,1,3248,-1.86196,1,0.75,Walking,True,-3.9,0,0
1789904141820,203,348285,1,3248,-1.86196,1,0.75,Walking,True,-3.9,0,0
1789904141820,203,348285,1,3248,-1.86196,1,0.75,Walking,True,-3.9,0,0
1789904141820,203,348285,1,3248,-1.86196,1,0.75,Walking,True,-3.9,0,0
1789904141820,203,348285,1,3248,-1.86196,1,0.75,Walking,True,-3.9,0,0
1789904141834,204,349721,1,3264,-1.92436,1,0.75,Walking,True,-3.9,0,0
1789904141834,204,349721,1,3264,-1.92436,1,0.75,Walking,True,-3.9,0,0
1789904141834,204,349721,1,3264,-1.92436,1,0.75,Walking,True,-3.9,0,0
1789904141834,204,349721,1,3264,-1.92436,1,0.75,Walking,True,-3.9,0,0
1789904141835,204,349721,1,3264,-1.92436,1,0.75,Walking,True,-3.9,0,0
1789904141835,204,349721,1,3264,-1.92436,1,0.75,Walking,True,-3.9,0,0
1789904141835,204,349721,1,3264,-1.92436,1,0.75,Walking,True,-3.9,0,0
1789904141835,204,349721,1,3264,-1.92436,1,0.75,Walking,True,-3.9,0,0
1789904141851,205,351100,1,3280,-1.98676,1,0.75,Walking,True,-3.9,0,0
1789904141851,205,351100,1,3280,-1.98676,1,0.75,Walking,True,-3.9,0,0
1789904141851,205,351100,1,3280,-1.98676,1,0.75,Walking,True,-3.9,0,0
1789904141851,205,351100,1,3280,-1.98676,1,0.75,Walking,True,-3.9,0,0
1789904141851,205,351100,1,3280,-1.98676,1,0.75,Walking,True,-3.9,0,0
1789904141851,205,351100,1,3280,-1.98676,1,0.75,Walking,True,-3.9,0,0
1789904141851,205,351100,1,3280,-1.98676,1,0.75,Walking,True,-3.9,0,0
1789904141851,205,351100,1,3280,-1.98676,1,0.75,Walking,True,-3.9,0,0
1789904141866,206,352624,1,3296,-2.04916,1,0.75,Walking,True,-3.9,0,0
1789904141866,206,352624,1,3296,-2.04916,1,0.75,Walking,True,-3.9,0,0
1789904141866,206,352624,1,3296,-2.04916,1,0.75,Walking,True,-3.9,0,0
1789904141866,206,352624,1,3296,-2.04916,1,0.75,Walking,True,-3.9,0,0
1789904141866,206,352624,1,3296,-2.04916,1,0.75,Walking,True,-3.9,0,0
1789904141866,206,352624,1,3296,-2.04916,1,0.75,Walking,True,-3.9,0,0
1789904141866,206,352624,1,3296,-2.04916,1,0.75,Walking,True,-3.9,0,0
1789904141866,206,352624,1,3296,-2.04916,1,0.75,Walking,True,-3.9,0,0
1789904141882,207,354160,1,3312,-2.11156,1,0.75,Walking,True,-3.9,0,0
1789904141882,207,354160,1,3312,-2.11156,1,0.75,Walking,True,-3.9,0,0
1789904141882,207,354160,1,3312,-2.11156,1,0.75,Walking,True,-3.9,0,0
1789904141882,207,354160,1,3312,-2.11156,1,0.75,Walking,True,-3.9,0,0
1789904141882,207,354160,1,3312,-2.11156,1,0.75,Walking,True,-3.9,0,0
1789904141882,207,354160,1,3312,-2.11156,1,0.75,Walking,True,-3.9,0,0
1789904141882,207,354160,1,3312,-2.11156,1,0.75,Walking,True,-3.9,0,0
1789904141882,207,354160,1,3312,-2.11156,1,0.75,Walking,True,-3.9,0,0
1789904141897,208,355766,1,3328,-2.17396,1,0.75,Walking,True,-3.9,0,0
1789904141897,208,355766,1,3328,-2.17396,1,0.75,Walking,True,-3.9,0,0
1789904141897,208,355766,1,3328,-2.17396,1,0.75,Walking,True,-3.9,0,0
1789904141897,208,355766,1,3328,-2.17396,1,0.75,Walking,True,-3.9,0,0
1789904141897,208,355766,1,3328,-2.17396,1,0.75,Walking,True,-3.9,0,0
1789904141897,208,355766,1,3328,-2.17396,1,0.75,Walking,True,-3.9,0,0
1789904141897,208,355766,1,3328,-2.17396,1,0.75,Walking,True,-3.9,0,0
1789904141897,208,355766,1,3328,-2.17396,1,0.75,Walking,True,-3.9,0,0
1789904141914,209,357297,1,3344,-2.23636,1,0.75,Walking,True,-3.9,0,0
1789904141914,209,357297,1,3344,-2.23636,1,0.75,Walking,True,-3.9,0,0
1789904141914,209,357297,1,3344,-2.23636,1,0.75,Walking,True,-3.9,0,0
1789904141914,209,357297,1,3344,-2.23636,1,0.75,Walking,True,-3.9,0,0
1789904141914,209,357297,1,3344,-2.23636,1,0.75,Walking,True,-3.9,0,0
1789904141914,209,357297,1,3344,-2.23636,1,0.75,Walking,True,-3.9,0,0
1789904141914,209,357297,1,3344,-2.23636,1,0.75,Walking,True,-3.9,0,0
1789904141914,209,357297,1,3344,-2.23636,1,0.75,Walking,True,-3.9,0,0
1789904141929,210,358912,1,3360,-2.29876,1,0.75,Walking,True,-3.9,0,0
1789904141929,210,358912,1,3360,-2.29876,1,0.75,Walking,True,-3.9,0,0
1789904141929,210,358912,1,3360,-2.29876,1,0.75,Walking,True,-3.9,0,0
1789904141929,210,358912,1,3360,-2.29876,1,0.75,Walking,True,-3.9,0,0
1789904141929,210,358912,1,3360,-2.29876,1,0.75,Walking,True,-3.9,0,0
1789904141929,210,358912,1,3360,-2.29876,1,0.75,Walking,True,-3.9,0,0
1789904141929,210,358912,1,3360,-2.29876,1,0.75,Walking,True,-3.9,0,0
1789904141929,210,358912,1,3360,-2.29876,1,0.75,Walking,True,-3.9,0,0
1789904141946,211,360355,1,3376,-2.361161,1,0.75,Walking,True,-3.9,0,0
1789904141946,211,360355,1,3376,-2.361161,1,0.75,Walking,True,-3.9,0,0
1789904141946,211,360355,1,3376,-2.361161,1,0.75,Walking,True,-3.9,0,0
1789904141946,211,360355,1,3376,-2.361161,1,0.75,Walking,True,-3.9,0,0
1789904141946,211,360355,1,3376,-2.361161,1,0.75,Walking,True,-3.9,0,0
1789904141946,211,360355,1,3376,-2.361161,1,0.75,Walking,True,-3.9,0,0
1789904141946,211,360355,1,3376,-2.361161,1,0.75,Walking,True,-3.9,0,0
1789904141946,211,360355,1,3376,-2.361161,1,0.75,Walking,True,-3.9,0,0
1789904141961,212,362020,1,3392,-2.423561,1,0.75,Walking,True,-3.9,0,0
1789904141961,212,362020,1,3392,-2.423561,1,0.75,Walking,True,-3.9,0,0
1789904141961,212,362020,1,3392,-2.423561,1,0.75,Walking,True,-3.9,0,0
1789904141961,212,362020,1,3392,-2.423561,1,0.75,Walking,True,-3.9,0,0
1789904141961,212,362020,1,3392,-2.423561,1,0.75,Walking,True,-3.9,0,0
1789904141961,212,362020,1,3392,-2.423561,1,0.75,Walking,True,-3.9,0,0
1789904141961,212,362020,1,3392,-2.423561,1,0.75,Walking,True,-3.9,0,0
1789904141961,212,362020,1,3392,-2.423561,1,0.75,Walking,True,-3.9,0,0
1789904141992,213,363523,1,3408,-2.485961,1,0.75,Walking,True,-3.9,0,0
1789904141992,213,363523,1,3408,-2.485961,1,0.75,Walking,True,-3.9,0,0
1789904141992,213,363523,1,3408,-2.485961,1,0.75,Walking,True,-3.9,0,0
1789904141992,213,363523,1,3408,-2.485961,1,0.75,Walking,True,-3.9,0,0
1789904141992,213,363523,1,3408,-2.485961,1,0.75,Walking,True,-3.9,0,0
1789904141992,213,363523,1,3408,-2.485961,1,0.75,Walking,True,-3.9,0,0
1789904141992,213,363523,1,3408,-2.485961,1,0.75,Walking,True,-3.9,0,0
1789904141992,213,363523,1,3408,-2.485961,1,0.75,Walking,True,-3.9,0,0
1789904142022,214,366606,1,3424,-2.548361,1,0.75,Walking,True,-3.9,0,0
1789904142022,215,366607,1,3440,-2.610761,1,0.75,Walking,True,-3.9,0,0
1789904142022,215,366607,1,3440,-2.610761,1,0.75,Walking,True,-3.9,0,0
1789904142022,215,366607,1,3440,-2.610761,1,0.75,Walking,True,-3.9,0,0
1789904142022,215,366607,1,3440,-2.610761,1,0.75,Walking,True,-3.9,0,0
1789904142022,215,366607,1,3440,-2.610761,1,0.75,Walking,True,-3.9,0,0
1789904142022,215,366607,1,3440,-2.610761,1,0.75,Walking,True,-3.9,0,0
1789904142022,215,366607,1,3440,-2.610761,1,0.75,Walking,True,-3.9,0,0
1789904142039,216,369650,1,3456,-2.673161,1,0.75,Walking,True,-3.9,0,0
1789904142039,216,369650,1,3456,-2.673161,1,0.75,Walking,True,-3.9,0,0
1789904142039,216,369650,1,3456,-2.673161,1,0.75,Walking,True,-3.9,0,0
1789904142039,216,369650,1,3456,-2.673161,1,0.75,Walking,True,-3.9,0,0
1789904142039,216,369650,1,3456,-2.673161,1,0.75,Walking,True,-3.9,0,0
1789904142039,216,369650,1,3456,-2.673161,1,0.75,Walking,True,-3.9,0,0
1789904142039,216,369650,1,3456,-2.673161,1,0.75,Walking,True,-3.9,0,0
1789904142039,216,369650,1,3456,-2.673161,1,0.75,Walking,True,-3.9,0,0
1789904142054,217,371175,1,3472,-2.735561,1,0.75,Walking,True,-3.9,0,0
1789904142054,217,371175,1,3472,-2.735561,1,0.75,Walking,True,-3.9,0,0
1789904142054,217,371175,1,3472,-2.735561,1,0.75,Walking,True,-3.9,0,0
1789904142054,217,371175,1,3472,-2.735561,1,0.75,Walking,True,-3.9,0,0
1789904142054,217,371175,1,3472,-2.735561,1,0.75,Walking,True,-3.9,0,0
1789904142054,217,371175,1,3472,-2.735561,1,0.75,Walking,True,-3.9,0,0
1789904142054,217,371175,1,3472,-2.735561,1,0.75,Walking,True,-3.9,0,0
1789904142054,217,371175,1,3472,-2.735561,1,0.75,Walking,True,-3.9,0,0
1789904142070,218,372635,1,3488,-2.797961,1,0.75,Walking,True,-3.9,0,0
1789904142070,218,372635,1,3488,-2.797961,1,0.75,Walking,True,-3.9,0,0
1789904142070,218,372635,1,3488,-2.797961,1,0.75,Walking,True,-3.9,0,0
1789904142070,218,372635,1,3488,-2.797961,1,0.75,Walking,True,-3.9,0,0
1789904142070,218,372635,1,3488,-2.797961,1,0.75,Walking,True,-3.9,0,0
1789904142070,218,372635,1,3488,-2.797961,1,0.75,Walking,True,-3.9,0,0
1789904142070,218,372635,1,3488,-2.797961,1,0.75,Walking,True,-3.9,0,0
1789904142070,218,372635,1,3488,-2.797961,1,0.75,Walking,True,-3.9,0,0
1789904142087,219,374207,1,3504,-2.860361,1,0.75,Walking,True,-3.9,0,0
1789904142087,219,374207,1,3504,-2.860361,1,0.75,Walking,True,-3.9,0,0
1789904142087,219,374207,1,3504,-2.860361,1,0.75,Walking,True,-3.9,0,0
1789904142087,219,374207,1,3504,-2.860361,1,0.75,Walking,True,-3.9,0,0
1789904142087,219,374207,1,3504,-2.860361,1,0.75,Walking,True,-3.9,0,0
1789904142087,219,374207,1,3504,-2.860361,1,0.75,Walking,True,-3.9,0,0
1789904142087,219,374207,1,3504,-2.860361,1,0.75,Walking,True,-3.9,0,0
1789904142087,219,374207,1,3504,-2.860361,1,0.75,Walking,True,-3.9,0,0
1789904142102,220,375823,1,3520,-2.922761,1,0.75,Walking,True,-3.9,0,0
1789904142102,220,375823,1,3520,-2.922761,1,0.75,Walking,True,-3.9,0,0
1789904142102,220,375823,1,3520,-2.922761,1,0.75,Walking,True,-3.9,0,0
1789904142102,220,375823,1,3520,-2.922761,1,0.75,Walking,True,-3.9,0,0
1789904142102,220,375823,1,3520,-2.922761,1,0.75,Walking,True,-3.9,0,0
1789904142102,220,375823,1,3520,-2.922761,1,0.75,Walking,True,-3.9,0,0
1789904142102,220,375823,1,3520,-2.922761,1,0.75,Walking,True,-3.9,0,0
1789904142102,220,375823,1,3520,-2.922761,1,0.75,Walking,True,-3.9,0,0
1789904142117,221,377321,1,3536,-2.985162,1,0.75,Walking,True,-3.9,0,0
1789904142117,221,377321,1,3536,-2.985162,1,0.75,Walking,True,-3.9,0,0
1789904142117,221,377321,1,3536,-2.985162,1,0.75,Walking,True,-3.9,0,0
1789904142117,221,377321,1,3536,-2.985162,1,0.75,Walking,True,-3.9,0,0
1789904142117,221,377321,1,3536,-2.985162,1,0.75,Walking,True,-3.9,0,0
1789904142117,221,377321,1,3536,-2.985162,1,0.75,Walking,True,-3.9,0,0
1789904142117,221,377321,1,3536,-2.985162,1,0.75,Walking,True,-3.9,0,0
1789904142117,221,377321,1,3536,-2.985162,1,0.75,Walking,True,-3.9,0,0
1789904142133,222,378766,1,3552,-3.047562,1,0.75,Walking,True,-3.9,0,0
1789904142133,222,378766,1,3552,-3.047562,1,0.75,Walking,True,-3.9,0,0
1789904142133,222,378766,1,3552,-3.047562,1,0.75,Walking,True,-3.9,0,0
1789904142133,222,378766,1,3552,-3.047562,1,0.75,Walking,True,-3.9,0,0
1789904142133,222,378766,1,3552,-3.047562,1,0.75,Walking,True,-3.9,0,0
1789904142133,222,378766,1,3552,-3.047562,1,0.75,Walking,True,-3.9,0,0
1789904142133,222,378766,1,3552,-3.047562,1,0.75,Walking,True,-3.9,0,0
1789904142133,222,378766,1,3552,-3.047562,1,0.75,Walking,True,-3.9,0,0
1789904142149,223,380326,1,3568,-3.109962,1,0.75,Walking,True,-3.9,0,0
1789904142149,223,380326,1,3568,-3.109962,1,0.75,Walking,True,-3.9,0,0
1789904142149,223,380326,1,3568,-3.109962,1,0.75,Walking,True,-3.9,0,0
1789904142149,223,380326,1,3568,-3.109962,1,0.75,Walking,True,-3.9,0,0
1789904142149,223,380326,1,3568,-3.109962,1,0.75,Walking,True,-3.9,0,0
1789904142149,223,380326,1,3568,-3.109962,1,0.75,Walking,True,-3.9,0,0
1789904142149,223,380326,1,3568,-3.109962,1,0.75,Walking,True,-3.9,0,0
1789904142149,223,380326,1,3568,-3.109962,1,0.75,Walking,True,-3.9,0,0
1789904142164,224,381919,1,3584,-3.172362,1,0.75,Walking,True,-3.9,0,0
1789904142164,224,381919,1,3584,-3.172362,1,0.75,Walking,True,-3.9,0,0
1789904142164,224,381919,1,3584,-3.172362,1,0.75,Walking,True,-3.9,0,0
1789904142164,224,381919,1,3584,-3.172362,1,0.75,Walking,True,-3.9,0,0
1789904142164,224,381919,1,3584,-3.172362,1,0.75,Walking,True,-3.9,0,0
1789904142164,224,381919,1,3584,-3.172362,1,0.75,Walking,True,-3.9,0,0
1789904142164,224,381919,1,3584,-3.172362,1,0.75,Walking,True,-3.9,0,0
1789904142164,224,381919,1,3584,-3.172362,1,0.75,Walking,True,-3.9,0,0
1789904142180,225,383395,1,3600,-3.234762,1,0.75,Walking,True,-3.9,0,0
1789904142180,225,383395,1,3600,-3.234762,1,0.75,Walking,True,-3.9,0,0
1789904142180,225,383395,1,3600,-3.234762,1,0.75,Walking,True,-3.9,0,0
1789904142180,225,383395,1,3600,-3.234762,1,0.75,Walking,True,-3.9,0,0
1789904142180,225,383395,1,3600,-3.234762,1,0.75,Walking,True,-3.9,0,0
1789904142180,225,383395,1,3600,-3.234762,1,0.75,Walking,True,-3.9,0,0
1789904142180,225,383395,1,3600,-3.234762,1,0.75,Walking,True,-3.9,0,0
1789904142180,225,383395,1,3600,-3.234762,1,0.75,Walking,True,-3.9,0,0
1789904142195,226,384926,1,3616,-3.297162,1,0.75,Walking,True,-3.9,0,0
1789904142195,226,384926,1,3616,-3.297162,1,0.75,Walking,True,-3.9,0,0
1789904142195,226,384926,1,3616,-3.297162,1,0.75,Walking,True,-3.9,0,0
1789904142195,226,384926,1,3616,-3.297162,1,0.75,Walking,True,-3.9,0,0
1789904142195,226,384926,1,3616,-3.297162,1,0.75,Walking,True,-3.9,0,0
1789904142195,226,384926,1,3616,-3.297162,1,0.75,Walking,True,-3.9,0,0
1789904142195,226,384926,1,3616,-3.297162,1,0.75,Walking,True,-3.9,0,0
1789904142195,226,384926,1,3616,-3.297162,1,0.75,Walking,True,-3.9,0,0
1789904142211,227,386388,1,3632,-3.359562,1,0.75,Walking,True,-3.9,0,0
1789904142211,227,386388,1,3632,-3.359562,1,0.75,Walking,True,-3.9,0,0
1789904142211,227,386388,1,3632,-3.359562,1,0.75,Walking,True,-3.9,0,0
1789904142211,227,386388,1,3632,-3.359562,1,0.75,Walking,True,-3.9,0,0
1789904142211,227,386388,1,3632,-3.359562,1,0.75,Walking,True,-3.9,0,0
1789904142211,227,386388,1,3632,-3.359562,1,0.75,Walking,True,-3.9,0,0
1789904142211,227,386388,1,3632,-3.359562,1,0.75,Walking,True,-3.9,0,0
1789904142211,227,386388,1,3632,-3.359562,1,0.75,Walking,True,-3.9,0,0
1789904142226,228,387927,1,3648,-3.421962,1,0.75,Walking,True,-3.9,0,0
1789904142226,228,387927,1,3648,-3.421962,1,0.75,Walking,True,-3.9,0,0
1789904142226,228,387927,1,3648,-3.421962,1,0.75,Walking,True,-3.9,0,0
1789904142226,228,387927,1,3648,-3.421962,1,0.75,Walking,True,-3.9,0,0
1789904142226,228,387927,1,3648,-3.421962,1,0.75,Walking,True,-3.9,0,0
1789904142226,228,387927,1,3648,-3.421962,1,0.75,Walking,True,-3.9,0,0
1789904142226,228,387927,1,3648,-3.421962,1,0.75,Walking,True,-3.9,0,0
1789904142226,228,387927,1,3648,-3.421962,1,0.75,Walking,True,-3.9,0,0
1789904142242,229,389326,1,3664,-3.484362,1,0.75,Walking,True,-3.9,0,0
1789904142242,229,389326,1,3664,-3.484362,1,0.75,Walking,True,-3.9,0,0
1789904142242,229,389326,1,3664,-3.484362,1,0.75,Walking,True,-3.9,0,0
1789904142242,229,389326,1,3664,-3.484362,1,0.75,Walking,True,-3.9,0,0
1789904142242,229,389326,1,3664,-3.484362,1,0.75,Walking,True,-3.9,0,0
1789904142242,229,389326,1,3664,-3.484362,1,0.75,Walking,True,-3.9,0,0
1789904142242,229,389326,1,3664,-3.484362,1,0.75,Walking,True,-3.9,0,0
1789904142242,229,389326,1,3664,-3.484362,1,0.75,Walking,True,-3.9,0,0
1789904142258,230,390853,1,3680,-3.546762,1,0.75,Walking,True,-3.9,0,0
1789904142258,230,390853,1,3680,-3.546762,1,0.75,Walking,True,-3.9,0,0
1789904142258,230,390853,1,3680,-3.546762,1,0.75,Walking,True,-3.9,0,0
1789904142258,230,390853,1,3680,-3.546762,1,0.75,Walking,True,-3.9,0,0
1789904142258,230,390853,1,3680,-3.546762,1,0.75,Walking,True,-3.9,0,0
1789904142258,230,390853,1,3680,-3.546762,1,0.75,Walking,True,-3.9,0,0
1789904142258,230,390853,1,3680,-3.546762,1,0.75,Walking,True,-3.9,0,0
1789904142258,230,390853,1,3680,-3.546762,1,0.75,Walking,True,-3.9,0,0
1789904142274,231,392458,1,3696,-3.609163,1,0.75,Walking,True,-3.9,0,0
1789904142274,231,392458,1,3696,-3.609163,1,0.75,Walking,True,-3.9,0,0
1789904142274,231,392458,1,3696,-3.609163,1,0.75,Walking,True,-3.9,0,0
1789904142274,231,392458,1,3696,-3.609163,1,0.75,Walking,True,-3.9,0,0
1789904142274,231,392458,1,3696,-3.609163,1,0.75,Walking,True,-3.9,0,0
1789904142274,231,392458,1,3696,-3.609163,1,0.75,Walking,True,-3.9,0,0
1789904142274,231,392458,1,3696,-3.609163,1,0.75,Walking,True,-3.9,0,0
1789904142274,231,392458,1,3696,-3.609163,1,0.75,Walking,True,-3.9,0,0
1789904142289,232,393912,1,3712,-3.671563,1,0.75,Walking,True,-3.9,0,0
1789904142289,232,393912,1,3712,-3.671563,1,0.75,Walking,True,-3.9,0,0
1789904142289,232,393912,1,3712,-3.671563,1,0.75,Walking,True,-3.9,0,0
1789904142289,232,393912,1,3712,-3.671563,1,0.75,Walking,True,-3.9,0,0
1789904142289,232,393912,1,3712,-3.671563,1,0.75,Walking,True,-3.9,0,0
1789904142289,232,393912,1,3712,-3.671563,1,0.75,Walking,True,-3.9,0,0
1789904142289,232,393912,1,3712,-3.671563,1,0.75,Walking,True,-3.9,0,0
1789904142289,232,393912,1,3712,-3.671563,1,0.75,Walking,True,-3.9,0,0
1789904142320,233,395373,1,3728,-3.728843,1,0.75,Walking,True,-3.58,0,0
1789904142320,233,395373,1,3728,-3.728843,1,0.75,Walking,True,-3.58,0,0
1789904142320,233,395373,1,3728,-3.728843,1,0.75,Walking,True,-3.58,0,0
1789904142320,233,395373,1,3728,-3.728843,1,0.75,Walking,True,-3.58,0,0
1789904142320,233,395373,1,3728,-3.728843,1,0.75,Walking,True,-3.58,0,0
1789904142320,233,395373,1,3728,-3.728843,1,0.75,Walking,True,-3.58,0,0
1789904142320,233,395373,1,3728,-3.728843,1,0.75,Walking,True,-3.58,0,0
1789904142320,233,395373,1,3728,-3.728843,1,0.75,Walking,True,-3.58,0,0
1789904142335,234,398370,1,3744,-3.781003,1,0.75,Walking,True,-3.26,0,0
1789904142335,234,398370,1,3744,-3.781003,1,0.75,Walking,True,-3.26,0,0
1789904142335,234,398370,1,3744,-3.781003,1,0.75,Walking,True,-3.26,0,0
1789904142335,234,398370,1,3744,-3.781003,1,0.75,Walking,True,-3.26,0,0
1789904142335,234,398370,1,3744,-3.781003,1,0.75,Walking,True,-3.26,0,0
1789904142335,234,398370,1,3744,-3.781003,1,0.75,Walking,True,-3.26,0,0
1789904142335,234,398370,1,3744,-3.781003,1,0.75,Walking,True,-3.26,0,0
1789904142335,234,398370,1,3744,-3.781003,1,0.75,Walking,True,-3.26,0,0
1789904142350,235,399795,1,3760,-3.828043,1,0.75,Walking,True,-2.94,0,0
1789904142350,235,399795,1,3760,-3.828043,1,0.75,Walking,True,-2.94,0,0
1789904142350,235,399795,1,3760,-3.828043,1,0.75,Walking,True,-2.94,0,0
1789904142350,235,399795,1,3760,-3.828043,1,0.75,Walking,True,-2.94,0,0
1789904142350,235,399795,1,3760,-3.828043,1,0.75,Walking,True,-2.94,0,0
1789904142350,235,399795,1,3760,-3.828043,1,0.75,Walking,True,-2.94,0,0
1789904142350,235,399795,1,3760,-3.828043,1,0.75,Walking,True,-2.94,0,0
1789904142350,235,399795,1,3760,-3.828043,1,0.75,Walking,True,-2.94,0,0
1789904142366,236,401280,1,3776,-3.869963,1,0.75,Walking,True,-2.62,0,0
1789904142366,236,401280,1,3776,-3.869963,1,0.75,Walking,True,-2.62,0,0
1789904142366,236,401280,1,3776,-3.869963,1,0.75,Walking,True,-2.62,0,0
1789904142366,236,401280,1,3776,-3.869963,1,0.75,Walking,True,-2.62,0,0
1789904142366,236,401280,1,3776,-3.869963,1,0.75,Walking,True,-2.62,0,0
1789904142366,236,401280,1,3776,-3.869963,1,0.75,Walking,True,-2.62,0,0
1789904142366,236,401280,1,3776,-3.869963,1,0.75,Walking,True,-2.62,0,0
1789904142366,236,401280,1,3776,-3.869963,1,0.75,Walking,True,-2.62,0,0
1789904142381,237,402855,1,3792,-3.906763,1,0.75,Walking,True,-2.3,0,0
1789904142381,237,402855,1,3792,-3.906763,1,0.75,Walking,True,-2.3,0,0
1789904142381,237,402855,1,3792,-3.906763,1,0.75,Walking,True,-2.3,0,0
1789904142381,237,402855,1,3792,-3.906763,1,0.75,Walking,True,-2.3,0,0
1789904142381,237,402855,1,3792,-3.906763,1,0.75,Walking,True,-2.3,0,0
1789904142381,237,402855,1,3792,-3.906763,1,0.75,Walking,True,-2.3,0,0
1789904142381,237,402855,1,3792,-3.906763,1,0.75,Walking,True,-2.3,0,0
1789904142381,237,402855,1,3792,-3.906763,1,0.75,Walking,True,-2.3,0,0
1789904142397,238,404315,1,3808,-3.938443,1,0.75,Walking,True,-1.98,0,0
1789904142397,238,404315,1,3808,-3.938443,1,0.75,Walking,True,-1.98,0,0
1789904142397,238,404315,1,3808,-3.938443,1,0.75,Walking,True,-1.98,0,0
1789904142397,238,404315,1,3808,-3.938443,1,0.75,Walking,True,-1.98,0,0
1789904142397,238,404315,1,3808,-3.938443,1,0.75,Walking,True,-1.98,0,0
1789904142397,238,404315,1,3808,-3.938443,1,0.75,Walking,True,-1.98,0,0
1789904142397,238,404315,1,3808,-3.938443,1,0.75,Walking,True,-1.98,0,0
1789904142397,238,404315,1,3808,-3.938443,1,0.75,Walking,True,-1.98,0,0
1789904142413,239,405893,1,3824,-3.965003,1,0.75,Walking,True,-1.66,0,0
1789904142413,239,405893,1,3824,-3.965003,1,0.75,Walking,True,-1.66,0,0
1789904142413,239,405893,1,3824,-3.965003,1,0.75,Walking,True,-1.66,0,0
1789904142413,239,405893,1,3824,-3.965003,1,0.75,Walking,True,-1.66,0,0
1789904142413,239,405893,1,3824,-3.965003,1,0.75,Walking,True,-1.66,0,0
1789904142413,239,405893,1,3824,-3.965003,1,0.75,Walking,True,-1.66,0,0
1789904142413,239,405893,1,3824,-3.965003,1,0.75,Walking,True,-1.66,0,0
1789904142413,239,405893,1,3824,-3.965003,1,0.75,Walking,True,-1.66,0,0
1789904142429,240,407441,1,3840,-3.986443,1,0.75,Walking,True,-1.34,0,0
1789904142429,240,407441,1,3840,-3.986443,1,0.75,Walking,True,-1.34,0,0
1789904142429,240,407441,1,3840,-3.986443,1,0.75,Walking,True,-1.34,0,0
1789904142429,240,407441,1,3840,-3.986443,1,0.75,Walking,True,-1.34,0,0
1789904142429,240,407441,1,3840,-3.986443,1,0.75,Walking,True,-1.34,0,0
1789904142429,240,407441,1,3840,-3.986443,1,0.75,Walking,True,-1.34,0,0
1789904142429,240,407441,1,3840,-3.986443,1,0.75,Walking,True,-1.34,0,0
1789904142429,240,407441,1,3840,-3.986443,1,0.75,Walking,True,-1.34,0,0
1789904142445,241,409036,1,3856,-4.002763,1,0.75,Walking,True,-1.02,0,0
1789904142445,241,409036,1,3856,-4.002763,1,0.75,Walking,True,-1.02,0,0
1789904142445,241,409036,1,3856,-4.002763,1,0.75,Walking,True,-1.02,0,0
1789904142445,241,409036,1,3856,-4.002763,1,0.75,Walking,True,-1.02,0,0
1789904142445,241,409036,1,3856,-4.002763,1,0.75,Walking,True,-1.02,0,0
1789904142445,241,409036,1,3856,-4.002763,1,0.75,Walking,True,-1.02,0,0
1789904142445,241,409036,1,3856,-4.002763,1,0.75,Walking,True,-1.02,0,0
1789904142445,241,409036,1,3856,-4.002763,1,0.75,Walking,True,-1.02,0,0
1789904142460,242,410494,1,3872,-4.013963,1,0.75,Walking,True,-0.7,0,0
1789904142460,242,410494,1,3872,-4.013963,1,0.75,Walking,True,-0.7,0,0
1789904142460,242,410494,1,3872,-4.013963,1,0.75,Walking,True,-0.7,0,0
1789904142460,242,410494,1,3872,-4.013963,1,0.75,Walking,True,-0.7,0,0
1789904142460,242,410494,1,3872,-4.013963,1,0.75,Walking,True,-0.7,0,0
1789904142460,242,410494,1,3872,-4.013963,1,0.75,Walking,True,-0.7,0,0
1789904142460,242,410494,1,3872,-4.013963,1,0.75,Walking,True,-0.7,0,0
1789904142460,242,410494,1,3872,-4.013963,1,0.75,Walking,True,-0.7,0,0
1789904142475,243,411916,1,3888,-4.020043,1,0.75,Walking,True,-0.38,0,0
1789904142475,243,411916,1,3888,-4.020043,1,0.75,Walking,True,-0.38,0,0
1789904142475,243,411916,1,3888,-4.020043,1,0.75,Walking,True,-0.38,0,0
1789904142475,243,411916,1,3888,-4.020043,1,0.75,Walking,True,-0.38,0,0
1789904142475,243,411916,1,3888,-4.020043,1,0.75,Walking,True,-0.38,0,0
1789904142475,243,411916,1,3888,-4.020043,1,0.75,Walking,True,-0.38,0,0
1789904142475,243,411916,1,3888,-4.020043,1,0.75,Walking,True,-0.38,0,0
1789904142475,243,411916,1,3888,-4.020043,1,0.75,Walking,True,-0.38,0,0
1789904142490,244,413333,1,3904,-4.020043,1,0.75,Walking,True,-0.06,0,0
1789904142490,244,413333,1,3904,-4.020043,1,0.75,Walking,True,-0.06,0,0
1789904142490,244,413333,1,3904,-4.020043,1,0.75,Walking,True,-0.06,0,0
1789904142490,244,413333,1,3904,-4.020043,1,0.75,Walking,True,-0.06,0,0
1789904142490,244,413333,1,3904,-4.020043,1,0.75,Walking,True,-0.06,0,0
1789904142490,244,413333,1,3904,-4.020043,1,0.75,Walking,True,-0.06,0,0
1789904142490,244,413333,1,3904,-4.020043,1,0.75,Walking,True,-0.06,0,0
1789904142490,244,413333,1,3904,-4.020043,1,0.75,Walking,True,-0.06,0,0
1789904142505,245,414792,1,3920,-4.020043,1,0.75,Walking,True,0,0,0
1789904142505,245,414792,1,3920,-4.020043,1,0.75,Walking,True,0,0,0
1789904142505,245,414792,1,3920,-4.020043,1,0.75,Walking,True,0,0,0
1789904142505,245,414792,1,3920,-4.020043,1,0.75,Walking,True,0,0,0
1789904142505,245,414792,1,3920,-4.020043,1,0.75,Walking,True,0,0,0
1789904142505,245,414792,1,3920,-4.020043,1,0.75,Walking,True,0,0,0
1789904142505,245,414792,1,3920,-4.020043,1,0.75,Walking,True,0,0,0
1789904142505,245,414792,1,3920,-4.020043,1,0.75,Walking,True,0,0,0
1789904142520,246,416239,1,3936,-4.020043,1,0.75,Walking,True,0,0,0
1789904142520,246,416239,1,3936,-4.020043,1,0.75,Walking,True,0,0,0
1789904142520,246,416239,1,3936,-4.020043,1,0.75,Walking,True,0,0,0
1789904142520,246,416239,1,3936,-4.020043,1,0.75,Walking,True,0,0,0
1789904142520,246,416239,1,3936,-4.020043,1,0.75,Walking,True,0,0,0
1789904142520,246,416239,1,3936,-4.020043,1,0.75,Walking,True,0,0,0
1789904142520,246,416239,1,3936,-4.020043,1,0.75,Walking,True,0,0,0
1789904142520,246,416239,1,3936,-4.020043,1,0.75,Walking,True,0,0,0
1789904142536,247,417413,1,3952,-4.020043,1,0.75,Walking,True,0,0,0
1789904142536,247,417413,1,3952,-4.020043,1,0.75,Walking,True,0,0,0
1789904142536,247,417413,1,3952,-4.020043,1,0.75,Walking,True,0,0,0
1789904142536,247,417413,1,3952,-4.020043,1,0.75,Walking,True,0,0,0
1789904142536,247,417413,1,3952,-4.020043,1,0.75,Walking,True,0,0,0
1789904142536,247,417413,1,3952,-4.020043,1,0.75,Walking,True,0,0,0
1789904142536,247,417413,1,3952,-4.020043,1,0.75,Walking,True,0,0,0
1789904142536,247,417413,1,3952,-4.020043,1,0.75,Walking,True,0,0,0
1789904142551,248,418864,1,3968,-4.020043,1,0.75,Walking,True,0,0,0
1789904142551,248,418864,1,3968,-4.020043,1,0.75,Walking,True,0,0,0
1789904142551,248,418864,1,3968,-4.020043,1,0.75,Walking,True,0,0,0
1789904142551,248,418864,1,3968,-4.020043,1,0.75,Walking,True,0,0,0
1789904142551,248,418864,1,3968,-4.020043,1,0.75,Walking,True,0,0,0
1789904142551,248,418864,1,3968,-4.020043,1,0.75,Walking,True,0,0,0
1789904142551,248,418864,1,3968,-4.020043,1,0.75,Walking,True,0,0,0
1789904142551,248,418864,1,3968,-4.020043,1,0.75,Walking,True,0,0,0
1789904142566,249,420171,1,3984,-4.020043,1,0.75,Walking,True,0,0,0
1789904142566,249,420171,1,3984,-4.020043,1,0.75,Walking,True,0,0,0
1789904142566,249,420171,1,3984,-4.020043,1,0.75,Walking,True,0,0,0
1789904142566,249,420171,1,3984,-4.020043,1,0.75,Walking,True,0,0,0
1789904142566,249,420171,1,3984,-4.020043,1,0.75,Walking,True,0,0,0
1789904142566,249,420171,1,3984,-4.020043,1,0.75,Walking,True,0,0,0
1789904142566,249,420171,1,3984,-4.020043,1,0.75,Walking,True,0,0,0
1789904142566,249,420171,1,3984,-4.020043,1,0.75,Walking,True,0,0,0
1789904142581,250,421482,1,4000,-4.020043,1,0.75,Walking,True,0,0,0
1789904142581,250,421482,1,4000,-4.020043,1,0.75,Walking,True,0,0,0
1789904142581,250,421482,1,4000,-4.020043,1,0.75,Walking,True,0,0,0
1789904142581,250,421482,1,4000,-4.020043,1,0.75,Walking,True,0,0,0
1789904142581,250,421482,1,4000,-4.020043,1,0.75,Walking,True,0,0,0
1789904142581,250,421482,1,4000,-4.020043,1,0.75,Walking,True,0,0,0
1789904142581,250,421482,1,4000,-4.020043,1,0.75,Walking,True,0,0,0
1789904142581,250,421482,1,4000,-4.020043,1,0.75,Walking,True,0,0,0
1789904142596,251,422847,1,4016,-4.020043,1,0.75,Walking,True,0,0,0
1789904142596,251,422847,1,4016,-4.020043,1,0.75,Walking,True,0,0,0
1789904142596,251,422847,1,4016,-4.020043,1,0.75,Walking,True,0,0,0
1789904142596,251,422847,1,4016,-4.020043,1,0.75,Walking,True,0,0,0
1789904142596,251,422847,1,4016,-4.020043,1,0.75,Walking,True,0,0,0
1789904142596,251,422847,1,4016,-4.020043,1,0.75,Walking,True,0,0,0
1789904142596,251,422847,1,4016,-4.020043,1,0.75,Walking,True,0,0,0
1789904142596,251,422847,1,4016,-4.020043,1,0.75,Walking,True,0,0,0
1789904142611,252,424246,1,4032,-4.020043,1,0.75,Walking,True,0,0,0
1789904142611,252,424246,1,4032,-4.020043,1,0.75,Walking,True,0,0,0
1789904142611,252,424246,1,4032,-4.020043,1,0.75,Walking,True,0,0,0
1789904142611,252,424246,1,4032,-4.020043,1,0.75,Walking,True,0,0,0
1789904142611,252,424246,1,4032,-4.020043,1,0.75,Walking,True,0,0,0
1789904142611,252,424246,1,4032,-4.020043,1,0.75,Walking,True,0,0,0
1789904142611,252,424246,1,4032,-4.020043,1,0.75,Walking,True,0,0,0
1789904142611,252,424246,1,4032,-4.020043,1,0.75,Walking,True,0,0,0
1789904142627,253,425710,1,4048,-4.020043,1,0.75,Walking,True,0,0,0
1789904142627,253,425710,1,4048,-4.020043,1,0.75,Walking,True,0,0,0
1789904142627,253,425710,1,4048,-4.020043,1,0.75,Walking,True,0,0,0
1789904142627,253,425710,1,4048,-4.020043,1,0.75,Walking,True,0,0,0
1789904142627,253,425710,1,4048,-4.020043,1,0.75,Walking,True,0,0,0
1789904142627,253,425710,1,4048,-4.020043,1,0.75,Walking,True,0,0,0
1789904142627,253,425710,1,4048,-4.020043,1,0.75,Walking,True,0,0,0
1789904142627,253,425710,1,4048,-4.020043,1,0.75,Walking,True,0,0,0
1789904142642,254,427182,1,4064,-4.020043,1,0.75,Walking,True,0,0,0
1789904142642,254,427182,1,4064,-4.020043,1,0.75,Walking,True,0,0,0
1789904142642,254,427182,1,4064,-4.020043,1,0.75,Walking,True,0,0,0
1789904142642,254,427182,1,4064,-4.020043,1,0.75,Walking,True,0,0,0
1789904142642,254,427182,1,4064,-4.020043,1,0.75,Walking,True,0,0,0
1789904142642,254,427182,1,4064,-4.020043,1,0.75,Walking,True,0,0,0
1789904142642,254,427182,1,4064,-4.020043,1,0.75,Walking,True,0,0,0
1789904142642,254,427182,1,4064,-4.020043,1,0.75,Walking,True,0,0,0
1789904142658,255,428681,1,4080,-4.020043,1,0.75,Walking,True,0,0,0
1789904142658,255,428681,1,4080,-4.020043,1,0.75,Walking,True,0,0,0
1789904142658,255,428681,1,4080,-4.020043,1,0.75,Walking,True,0,0,0
1789904142658,255,428681,1,4080,-4.020043,1,0.75,Walking,True,0,0,0
1789904142658,255,428681,1,4080,-4.020043,1,0.75,Walking,True,0,0,0
1789904142658,255,428681,1,4080,-4.020043,1,0.75,Walking,True,0,0,0
1789904142658,255,428681,1,4080,-4.020043,1,0.75,Walking,True,0,0,0
1789904142658,255,428681,1,4080,-4.020043,1,0.75,Walking,True,0,0,0
1789904142673,256,430160,1,4096,-4.020043,1,0.75,Walking,True,0,0,0
1789904142673,256,430160,1,4096,-4.020043,1,0.75,Walking,True,0,0,0
1789904142673,256,430160,1,4096,-4.020043,1,0.75,Walking,True,0,0,0
1789904142673,256,430160,1,4096,-4.020043,1,0.75,Walking,True,0,0,0
1789904142673,256,430160,1,4096,-4.020043,1,0.75,Walking,True,0,0,0
1789904142673,256,430160,1,4096,-4.020043,1,0.75,Walking,True,0,0,0
1789904142673,256,430160,1,4096,-4.020043,1,0.75,Walking,True,0,0,0
1789904142673,256,430160,1,4096,-4.020043,1,0.75,Walking,True,0,0,0
1789904142689,257,431615,1,4112,-4.020043,1,0.75,Walking,True,0,0,0
1789904142689,257,431615,1,4112,-4.020043,1,0.75,Walking,True,0,0,0
1789904142689,257,431615,1,4112,-4.020043,1,0.75,Walking,True,0,0,0
1789904142689,257,431615,1,4112,-4.020043,1,0.75,Walking,True,0,0,0
1789904142689,257,431615,1,4112,-4.020043,1,0.75,Walking,True,0,0,0
1789904142689,257,431615,1,4112,-4.020043,1,0.75,Walking,True,0,0,0
1789904142689,257,431615,1,4112,-4.020043,1,0.75,Walking,True,0,0,0
1789904142689,257,431615,1,4112,-4.020043,1,0.75,Walking,True,0,0,0
1789904142706,258,433126,1,4128,-4.020043,1,0.75,Walking,True,0,0,0
1789904142706,258,433126,1,4128,-4.020043,1,0.75,Walking,True,0,0,0
1789904142706,258,433126,1,4128,-4.020043,1,0.75,Walking,True,0,0,0
1789904142706,258,433126,1,4128,-4.020043,1,0.75,Walking,True,0,0,0
1789904142706,258,433126,1,4128,-4.020043,1,0.75,Walking,True,0,0,0
1789904142706,258,433126,1,4128,-4.020043,1,0.75,Walking,True,0,0,0
1789904142706,258,433126,1,4128,-4.020043,1,0.75,Walking,True,0,0,0
1789904142706,258,433126,1,4128,-4.020043,1,0.75,Walking,True,0,0,0
1789904142736,259,434734,1,4144,-4.020043,1,0.75,Walking,True,0,0,0
1789904142736,259,434734,1,4144,-4.020043,1,0.75,Walking,True,0,0,0
1789904142736,259,434734,1,4144,-4.020043,1,0.75,Walking,True,0,0,0
1789904142737,259,434734,1,4144,-4.020043,1,0.75,Walking,True,0,0,0
1789904142737,259,434734,1,4144,-4.020043,1,0.75,Walking,True,0,0,0
1789904142737,259,434734,1,4144,-4.020043,1,0.75,Walking,True,0,0,0
1789904142737,259,434734,1,4144,-4.020043,1,0.75,Walking,True,0,0,0
1789904142737,259,434734,1,4144,-4.020043,1,0.75,Walking,True,0,0,0
1789904142752,260,437555,1,4160,-4.020043,1,0.75,Walking,True,0,0,0
1789904142752,260,437555,1,4160,-4.020043,1,0.75,Walking,True,0,0,0
1789904142752,260,437555,1,4160,-4.020043,1,0.75,Walking,True,0,0,0
1789904142752,260,437555,1,4160,-4.020043,1,0.75,Walking,True,0,0,0
1789904142752,260,437555,1,4160,-4.020043,1,0.75,Walking,True,0,0,0
1789904142752,260,437555,1,4160,-4.020043,1,0.75,Walking,True,0,0,0
1789904142752,260,437555,1,4160,-4.020043,1,0.75,Walking,True,0,0,0
1789904142752,260,437555,1,4160,-4.020043,1,0.75,Walking,True,0,0,0
1789904142766,261,438986,1,4176,-4.020043,1,0.75,Walking,True,0,0,0
1789904142766,261,438986,1,4176,-4.020043,1,0.75,Walking,True,0,0,0
1789904142767,261,438986,1,4176,-4.020043,1,0.75,Walking,True,0,0,0
1789904142767,261,438986,1,4176,-4.020043,1,0.75,Walking,True,0,0,0
1789904142767,261,438986,1,4176,-4.020043,1,0.75,Walking,True,0,0,0
1789904142767,261,438986,1,4176,-4.020043,1,0.75,Walking,True,0,0,0
1789904142767,261,438986,1,4176,-4.020043,1,0.75,Walking,True,0,0,0
1789904142767,261,438986,1,4176,-4.020043,1,0.75,Walking,True,0,0,0
1789904142782,262,440407,1,4192,-4.020043,1,0.75,Walking,True,0,0,0
1789904142782,262,440407,1,4192,-4.020043,1,0.75,Walking,True,0,0,0
1789904142782,262,440407,1,4192,-4.020043,1,0.75,Walking,True,0,0,0
1789904142782,262,440407,1,4192,-4.020043,1,0.75,Walking,True,0,0,0
1789904142782,262,440407,1,4192,-4.020043,1,0.75,Walking,True,0,0,0
1789904142782,262,440407,1,4192,-4.020043,1,0.75,Walking,True,0,0,0
1789904142782,262,440407,1,4192,-4.020043,1,0.75,Walking,True,0,0,0
1789904142782,262,440407,1,4192,-4.020043,1,0.75,Walking,True,0,0,0
1789904142798,263,441914,1,4208,-4.020043,1,0.75,Walking,True,0,0,0
1789904142798,263,441914,1,4208,-4.020043,1,0.75,Walking,True,0,0,0
1789904142798,263,441914,1,4208,-4.020043,1,0.75,Walking,True,0,0,0
1789904142798,263,441914,1,4208,-4.020043,1,0.75,Walking,True,0,0,0
1789904142798,263,441914,1,4208,-4.020043,1,0.75,Walking,True,0,0,0
1789904142798,263,441914,1,4208,-4.020043,1,0.75,Walking,True,0,0,0
1789904142798,263,441914,1,4208,-4.020043,1,0.75,Walking,True,0,0,0
1789904142798,263,441914,1,4208,-4.020043,1,0.75,Walking,True,0,0,0
1789904143048,264,475129,1,4224,-4.020043,1.061489,0.75,Falling,False,0,3.84304,0
1789904143048,264,475129,1,4224,-4.020043,1.061489,0.75,Falling,False,0,3.84304,0
1789904143048,264,475129,1,4224,-4.020043,1.061489,0.75,Falling,False,0,3.84304,0
1789904143048,264,475129,1,4224,-4.020043,1.061489,0.75,Falling,False,0,3.84304,0
1789904143048,264,475129,1,4224,-4.020043,1.061489,0.75,Falling,False,0,3.84304,0
1789904143048,264,475129,1,4224,-4.020043,1.061489,0.75,Falling,False,0,3.84304,0
1789904143048,264,475129,1,4224,-4.020043,1.061489,0.75,Falling,False,0,3.84304,0
1789904143048,264,475129,1,4224,-4.020043,1.061489,0.75,Falling,False,0,3.84304,0
1789904143064,265,478126,1,4240,-4.020043,1.120466,0.75,Falling,False,0,3.68608,0
1789904143064,265,478126,1,4240,-4.020043,1.120466,0.75,Falling,False,0,3.68608,0
1789904143064,265,478126,1,4240,-4.020043,1.120466,0.75,Falling,False,0,3.68608,0
1789904143064,265,478126,1,4240,-4.020043,1.120466,0.75,Falling,False,0,3.68608,0
1789904143064,265,478126,1,4240,-4.020043,1.120466,0.75,Falling,False,0,3.68608,0
1789904143064,265,478126,1,4240,-4.020043,1.120466,0.75,Falling,False,0,3.68608,0
1789904143064,265,478126,1,4240,-4.020043,1.120466,0.75,Falling,False,0,3.68608,0
1789904143064,265,478126,1,4240,-4.020043,1.120466,0.75,Falling,False,0,3.68608,0
1789904143094,266,479774,1,4256,-4.020043,1.176932,0.75,Falling,False,0,3.52912,0
1789904143094,267,479775,1,4272,-4.020043,1.230886,0.75,Falling,False,0,3.37216,0
1789904143094,267,479775,1,4272,-4.020043,1.230886,0.75,Falling,False,0,3.37216,0
1789904143094,267,479775,1,4272,-4.020043,1.230886,0.75,Falling,False,0,3.37216,0
1789904143094,267,479775,1,4272,-4.020043,1.230886,0.75,Falling,False,0,3.37216,0
1789904143094,267,479775,1,4272,-4.020043,1.230886,0.75,Falling,False,0,3.37216,0
1789904143094,267,479775,1,4272,-4.020043,1.230886,0.75,Falling,False,0,3.37216,0
1789904143094,267,479775,1,4272,-4.020043,1.230886,0.75,Falling,False,0,3.37216,0
1789904143110,268,482985,1,4288,-4.020043,1.28233,0.75,Falling,False,0,3.2152,0
1789904143110,268,482985,1,4288,-4.020043,1.28233,0.75,Falling,False,0,3.2152,0
1789904143110,268,482985,1,4288,-4.020043,1.28233,0.75,Falling,False,0,3.2152,0
1789904143110,268,482985,1,4288,-4.020043,1.28233,0.75,Falling,False,0,3.2152,0
1789904143110,268,482985,1,4288,-4.020043,1.28233,0.75,Falling,False,0,3.2152,0
1789904143110,268,482985,1,4288,-4.020043,1.28233,0.75,Falling,False,0,3.2152,0
1789904143110,268,482985,1,4288,-4.020043,1.28233,0.75,Falling,False,0,3.2152,0
1789904143110,268,482985,1,4288,-4.020043,1.28233,0.75,Falling,False,0,3.2152,0
1789904143126,269,484538,1,4304,-4.020043,1.331262,0.75,Falling,False,0,3.05824,0
1789904143126,269,484538,1,4304,-4.020043,1.331262,0.75,Falling,False,0,3.05824,0
1789904143126,269,484538,1,4304,-4.020043,1.331262,0.75,Falling,False,0,3.05824,0
1789904143126,269,484538,1,4304,-4.020043,1.331262,0.75,Falling,False,0,3.05824,0
1789904143126,269,484538,1,4304,-4.020043,1.331262,0.75,Falling,False,0,3.05824,0
1789904143126,269,484538,1,4304,-4.020043,1.331262,0.75,Falling,False,0,3.05824,0
1789904143126,269,484538,1,4304,-4.020043,1.331262,0.75,Falling,False,0,3.05824,0
1789904143126,269,484538,1,4304,-4.020043,1.331262,0.75,Falling,False,0,3.05824,0
1789904143142,270,486107,1,4320,-4.020043,1.377682,0.75,Falling,False,0,2.90128,0
1789904143142,270,486107,1,4320,-4.020043,1.377682,0.75,Falling,False,0,2.90128,0
1789904143142,270,486107,1,4320,-4.020043,1.377682,0.75,Falling,False,0,2.90128,0
1789904143142,270,486107,1,4320,-4.020043,1.377682,0.75,Falling,False,0,2.90128,0
1789904143142,270,486107,1,4320,-4.020043,1.377682,0.75,Falling,False,0,2.90128,0
1789904143142,270,486107,1,4320,-4.020043,1.377682,0.75,Falling,False,0,2.90128,0
1789904143142,270,486107,1,4320,-4.020043,1.377682,0.75,Falling,False,0,2.90128,0
1789904143142,270,486107,1,4320,-4.020043,1.377682,0.75,Falling,False,0,2.90128,0
1789904143157,271,487796,1,4336,-4.020043,1.421591,0.75,Falling,False,0,2.74432,0
1789904143157,271,487796,1,4336,-4.020043,1.421591,0.75,Falling,False,0,2.74432,0
1789904143157,271,487796,1,4336,-4.020043,1.421591,0.75,Falling,False,0,2.74432,0
1789904143157,271,487796,1,4336,-4.020043,1.421591,0.75,Falling,False,0,2.74432,0
1789904143157,271,487796,1,4336,-4.020043,1.421591,0.75,Falling,False,0,2.74432,0
1789904143157,271,487796,1,4336,-4.020043,1.421591,0.75,Falling,False,0,2.74432,0
1789904143157,271,487796,1,4336,-4.020043,1.421591,0.75,Falling,False,0,2.74432,0
1789904143157,271,487796,1,4336,-4.020043,1.421591,0.75,Falling,False,0,2.74432,0
1789904143172,272,489280,1,4352,-4.020043,1.462989,0.75,Falling,False,0,2.58736,0
1789904143172,272,489280,1,4352,-4.020043,1.462989,0.75,Falling,False,0,2.58736,0
1789904143172,272,489280,1,4352,-4.020043,1.462989,0.75,Falling,False,0,2.58736,0
1789904143172,272,489280,1,4352,-4.020043,1.462989,0.75,Falling,False,0,2.58736,0
1789904143172,272,489280,1,4352,-4.020043,1.462989,0.75,Falling,False,0,2.58736,0
1789904143172,272,489280,1,4352,-4.020043,1.462989,0.75,Falling,False,0,2.58736,0
1789904143172,272,489280,1,4352,-4.020043,1.462989,0.75,Falling,False,0,2.58736,0
1789904143172,272,489280,1,4352,-4.020043,1.462989,0.75,Falling,False,0,2.58736,0
1789904143188,273,490804,1,4368,-4.020043,1.501875,0.75,Falling,False,0,2.4304,0
1789904143188,273,490804,1,4368,-4.020043,1.501875,0.75,Falling,False,0,2.4304,0
1789904143188,273,490804,1,4368,-4.020043,1.501875,0.75,Falling,False,0,2.4304,0
1789904143188,273,490804,1,4368,-4.020043,1.501875,0.75,Falling,False,0,2.4304,0
1789904143188,273,490804,1,4368,-4.020043,1.501875,0.75,Falling,False,0,2.4304,0
1789904143188,273,490804,1,4368,-4.020043,1.501875,0.75,Falling,False,0,2.4304,0
1789904143188,273,490804,1,4368,-4.020043,1.501875,0.75,Falling,False,0,2.4304,0
1789904143188,273,490804,1,4368,-4.020043,1.501875,0.75,Falling,False,0,2.4304,0
1789904143204,274,492485,1,4384,-4.020043,1.53825,0.75,Falling,False,0,2.27344,0
1789904143204,274,492485,1,4384,-4.020043,1.53825,0.75,Falling,False,0,2.27344,0
1789904143204,274,492485,1,4384,-4.020043,1.53825,0.75,Falling,False,0,2.27344,0
1789904143204,274,492485,1,4384,-4.020043,1.53825,0.75,Falling,False,0,2.27344,0
1789904143204,274,492485,1,4384,-4.020043,1.53825,0.75,Falling,False,0,2.27344,0
1789904143204,274,492485,1,4384,-4.020043,1.53825,0.75,Falling,False,0,2.27344,0
1789904143204,274,492485,1,4384,-4.020043,1.53825,0.75,Falling,False,0,2.27344,0
1789904143204,274,492485,1,4384,-4.020043,1.53825,0.75,Falling,False,0,2.27344,0
1789904143219,275,494079,1,4400,-4.020043,1.572114,0.75,Falling,False,0,2.11648,0
1789904143219,275,494079,1,4400,-4.020043,1.572114,0.75,Falling,False,0,2.11648,0
1789904143219,275,494079,1,4400,-4.020043,1.572114,0.75,Falling,False,0,2.11648,0
1789904143219,275,494079,1,4400,-4.020043,1.572114,0.75,Falling,False,0,2.11648,0
1789904143219,275,494079,1,4400,-4.020043,1.572114,0.75,Falling,False,0,2.11648,0
1789904143219,275,494079,1,4400,-4.020043,1.572114,0.75,Falling,False,0,2.11648,0
1789904143219,275,494079,1,4400,-4.020043,1.572114,0.75,Falling,False,0,2.11648,0
1789904143219,275,494079,1,4400,-4.020043,1.572114,0.75,Falling,False,0,2.11648,0
1789904143234,276,495672,1,4416,-4.020043,1.603466,0.75,Falling,False,0,1.95952,0
1789904143234,276,495672,1,4416,-4.020043,1.603466,0.75,Falling,False,0,1.95952,0
1789904143234,276,495672,1,4416,-4.020043,1.603466,0.75,Falling,False,0,1.95952,0
1789904143234,276,495672,1,4416,-4.020043,1.603466,0.75,Falling,False,0,1.95952,0
1789904143234,276,495672,1,4416,-4.020043,1.603466,0.75,Falling,False,0,1.95952,0
1789904143234,276,495672,1,4416,-4.020043,1.603466,0.75,Falling,False,0,1.95952,0
1789904143234,276,495672,1,4416,-4.020043,1.603466,0.75,Falling,False,0,1.95952,0
1789904143234,276,495672,1,4416,-4.020043,1.603466,0.75,Falling,False,0,1.95952,0
1789904143250,277,497237,1,4432,-4.020043,1.632307,0.75,Falling,False,0,1.80256,0
1789904143250,277,497237,1,4432,-4.020043,1.632307,0.75,Falling,False,0,1.80256,0
1789904143250,277,497237,1,4432,-4.020043,1.632307,0.75,Falling,False,0,1.80256,0
1789904143250,277,497237,1,4432,-4.020043,1.632307,0.75,Falling,False,0,1.80256,0
1789904143250,277,497237,1,4432,-4.020043,1.632307,0.75,Falling,False,0,1.80256,0
1789904143250,277,497237,1,4432,-4.020043,1.632307,0.75,Falling,False,0,1.80256,0
1789904143250,277,497237,1,4432,-4.020043,1.632307,0.75,Falling,False,0,1.80256,0
1789904143250,277,497237,1,4432,-4.020043,1.632307,0.75,Falling,False,0,1.80256,0
1789904143265,278,498798,1,4448,-4.020043,1.658637,0.75,Falling,False,0,1.6456,0
1789904143265,278,498798,1,4448,-4.020043,1.658637,0.75,Falling,False,0,1.6456,0
1789904143265,278,498798,1,4448,-4.020043,1.658637,0.75,Falling,False,0,1.6456,0
1789904143265,278,498798,1,4448,-4.020043,1.658637,0.75,Falling,False,0,1.6456,0
1789904143265,278,498798,1,4448,-4.020043,1.658637,0.75,Falling,False,0,1.6456,0
1789904143265,278,498798,1,4448,-4.020043,1.658637,0.75,Falling,False,0,1.6456,0
1789904143265,278,498798,1,4448,-4.020043,1.658637,0.75,Falling,False,0,1.6456,0
1789904143265,278,498798,1,4448,-4.020043,1.658637,0.75,Falling,False,0,1.6456,0
1789904143281,279,500356,1,4464,-4.020043,1.682455,0.75,Falling,False,0,1.48864,0
1789904143281,279,500356,1,4464,-4.020043,1.682455,0.75,Falling,False,0,1.48864,0
1789904143281,279,500356,1,4464,-4.020043,1.682455,0.75,Falling,False,0,1.48864,0
1789904143281,279,500356,1,4464,-4.020043,1.682455,0.75,Falling,False,0,1.48864,0
1789904143281,279,500356,1,4464,-4.020043,1.682455,0.75,Falling,False,0,1.48864,0
1789904143281,279,500356,1,4464,-4.020043,1.682455,0.75,Falling,False,0,1.48864,0
1789904143281,279,500356,1,4464,-4.020043,1.682455,0.75,Falling,False,0,1.48864,0
1789904143281,279,500356,1,4464,-4.020043,1.682455,0.75,Falling,False,0,1.48864,0
1789904143297,280,502008,1,4480,-4.020043,1.703762,0.75,Falling,False,0,1.33168,0
1789904143297,280,502008,1,4480,-4.020043,1.703762,0.75,Falling,False,0,1.33168,0
1789904143297,280,502008,1,4480,-4.020043,1.703762,0.75,Falling,False,0,1.33168,0
1789904143297,280,502008,1,4480,-4.020043,1.703762,0.75,Falling,False,0,1.33168,0
1789904143297,280,502008,1,4480,-4.020043,1.703762,0.75,Falling,False,0,1.33168,0
1789904143297,280,502008,1,4480,-4.020043,1.703762,0.75,Falling,False,0,1.33168,0
1789904143297,280,502008,1,4480,-4.020043,1.703762,0.75,Falling,False,0,1.33168,0
1789904143297,280,502008,1,4480,-4.020043,1.703762,0.75,Falling,False,0,1.33168,0
1789904143313,281,503663,1,4496,-4.020043,1.722558,0.75,Falling,False,0,1.17472,0
1789904143313,281,503663,1,4496,-4.020043,1.722558,0.75,Falling,False,0,1.17472,0
1789904143313,281,503663,1,4496,-4.020043,1.722558,0.75,Falling,False,0,1.17472,0
1789904143313,281,503663,1,4496,-4.020043,1.722558,0.75,Falling,False,0,1.17472,0
1789904143313,281,503663,1,4496,-4.020043,1.722558,0.75,Falling,False,0,1.17472,0
1789904143313,281,503663,1,4496,-4.020043,1.722558,0.75,Falling,False,0,1.17472,0
1789904143313,281,503663,1,4496,-4.020043,1.722558,0.75,Falling,False,0,1.17472,0
1789904143313,281,503663,1,4496,-4.020043,1.722558,0.75,Falling,False,0,1.17472,0
1789904143329,282,505218,1,4512,-4.020043,1.738842,0.75,Falling,False,0,1.01776,0
1789904143329,282,505218,1,4512,-4.020043,1.738842,0.75,Falling,False,0,1.01776,0
1789904143329,282,505218,1,4512,-4.020043,1.738842,0.75,Falling,False,0,1.01776,0
1789904143329,282,505218,1,4512,-4.020043,1.738842,0.75,Falling,False,0,1.01776,0
1789904143329,282,505218,1,4512,-4.020043,1.738842,0.75,Falling,False,0,1.01776,0
1789904143329,282,505218,1,4512,-4.020043,1.738842,0.75,Falling,False,0,1.01776,0
1789904143329,282,505218,1,4512,-4.020043,1.738842,0.75,Falling,False,0,1.01776,0
1789904143329,282,505218,1,4512,-4.020043,1.738842,0.75,Falling,False,0,1.01776,0
1789904143345,283,506737,1,4528,-4.020043,1.752614,0.75,Falling,False,0,0.8608,0
1789904143345,283,506737,1,4528,-4.020043,1.752614,0.75,Falling,False,0,0.8608,0
1789904143345,283,506737,1,4528,-4.020043,1.752614,0.75,Falling,False,0,0.8608,0
1789904143345,283,506737,1,4528,-4.020043,1.752614,0.75,Falling,False,0,0.8608,0
1789904143345,283,506737,1,4528,-4.020043,1.752614,0.75,Falling,False,0,0.8608,0
1789904143345,283,506737,1,4528,-4.020043,1.752614,0.75,Falling,False,0,0.8608,0
1789904143345,283,506737,1,4528,-4.020043,1.752614,0.75,Falling,False,0,0.8608,0
1789904143345,283,506737,1,4528,-4.020043,1.752614,0.75,Falling,False,0,0.8608,0
1789904143360,284,508322,1,4544,-4.020043,1.763876,0.75,Falling,False,0,0.70384,0
1789904143360,284,508322,1,4544,-4.020043,1.763876,0.75,Falling,False,0,0.70384,0
1789904143360,284,508322,1,4544,-4.020043,1.763876,0.75,Falling,False,0,0.70384,0
1789904143360,284,508322,1,4544,-4.020043,1.763876,0.75,Falling,False,0,0.70384,0
1789904143360,284,508322,1,4544,-4.020043,1.763876,0.75,Falling,False,0,0.70384,0
1789904143360,284,508322,1,4544,-4.020043,1.763876,0.75,Falling,False,0,0.70384,0
1789904143360,284,508322,1,4544,-4.020043,1.763876,0.75,Falling,False,0,0.70384,0
1789904143360,284,508322,1,4544,-4.020043,1.763876,0.75,Falling,False,0,0.70384,0
1789904143375,285,509937,1,4560,-4.020043,1.772626,0.75,Falling,False,0,0.54688,0
1789904143375,285,509937,1,4560,-4.020043,1.772626,0.75,Falling,False,0,0.54688,0
1789904143375,285,509937,1,4560,-4.020043,1.772626,0.75,Falling,False,0,0.54688,0
1789904143375,285,509937,1,4560,-4.020043,1.772626,0.75,Falling,False,0,0.54688,0
1789904143375,285,509937,1,4560,-4.020043,1.772626,0.75,Falling,False,0,0.54688,0
1789904143375,285,509937,1,4560,-4.020043,1.772626,0.75,Falling,False,0,0.54688,0
1789904143375,285,509937,1,4560,-4.020043,1.772626,0.75,Falling,False,0,0.54688,0
1789904143375,285,509937,1,4560,-4.020043,1.772626,0.75,Falling,False,0,0.54688,0
1789904143391,286,511350,1,4576,-4.020043,1.778865,0.75,Falling,False,0,0.38992,0
1789904143391,286,511350,1,4576,-4.020043,1.778865,0.75,Falling,False,0,0.38992,0
1789904143391,286,511350,1,4576,-4.020043,1.778865,0.75,Falling,False,0,0.38992,0
1789904143391,286,511350,1,4576,-4.020043,1.778865,0.75,Falling,False,0,0.38992,0
1789904143391,286,511350,1,4576,-4.020043,1.778865,0.75,Falling,False,0,0.38992,0
1789904143391,286,511350,1,4576,-4.020043,1.778865,0.75,Falling,False,0,0.38992,0
1789904143391,286,511350,1,4576,-4.020043,1.778865,0.75,Falling,False,0,0.38992,0
1789904143391,286,511350,1,4576,-4.020043,1.778865,0.75,Falling,False,0,0.38992,0
1789904143408,287,513044,1,4592,-4.020043,1.782592,0.75,Falling,False,0,0.23296,0
1789904143408,287,513044,1,4592,-4.020043,1.782592,0.75,Falling,False,0,0.23296,0
1789904143408,287,513044,1,4592,-4.020043,1.782592,0.75,Falling,False,0,0.23296,0
1789904143408,287,513044,1,4592,-4.020043,1.782592,0.75,Falling,False,0,0.23296,0
1789904143408,287,513044,1,4592,-4.020043,1.782592,0.75,Falling,False,0,0.23296,0
1789904143408,287,513044,1,4592,-4.020043,1.782592,0.75,Falling,False,0,0.23296,0
1789904143408,287,513044,1,4592,-4.020043,1.782592,0.75,Falling,False,0,0.23296,0
1789904143408,287,513044,1,4592,-4.020043,1.782592,0.75,Falling,False,0,0.23296,0
1789904143424,288,514732,1,4608,-4.020043,1.783808,0.75,Falling,False,0,0.076,0
1789904143424,288,514732,1,4608,-4.020043,1.783808,0.75,Falling,False,0,0.076,0
1789904143424,288,514732,1,4608,-4.020043,1.783808,0.75,Falling,False,0,0.076,0
1789904143424,288,514732,1,4608,-4.020043,1.783808,0.75,Falling,False,0,0.076,0
1789904143424,288,514732,1,4608,-4.020043,1.783808,0.75,Falling,False,0,0.076,0
1789904143424,288,514732,1,4608,-4.020043,1.783808,0.75,Falling,False,0,0.076,0
1789904143424,288,514732,1,4608,-4.020043,1.783808,0.75,Falling,False,0,0.076,0
1789904143424,288,514732,1,4608,-4.020043,1.783808,0.75,Falling,False,0,0.076,0
1789904143439,289,516304,1,4624,-4.020043,1.782513,0.75,Falling,False,0,-0.08096,0
1789904143439,289,516304,1,4624,-4.020043,1.782513,0.75,Falling,False,0,-0.08096,0
1789904143439,289,516304,1,4624,-4.020043,1.782513,0.75,Falling,False,0,-0.08096,0
1789904143439,289,516304,1,4624,-4.020043,1.782513,0.75,Falling,False,0,-0.08096,0
1789904143439,289,516304,1,4624,-4.020043,1.782513,0.75,Falling,False,0,-0.08096,0
1789904143439,289,516304,1,4624,-4.020043,1.782513,0.75,Falling,False,0,-0.08096,0
1789904143439,289,516304,1,4624,-4.020043,1.782513,0.75,Falling,False,0,-0.08096,0
1789904143439,289,516304,1,4624,-4.020043,1.782513,0.75,Falling,False,0,-0.08096,0
1789904143455,290,517840,1,4640,-4.020043,1.778706,0.75,Falling,False,0,-0.23792,0
1789904143455,290,517840,1,4640,-4.020043,1.778706,0.75,Falling,False,0,-0.23792,0
1789904143455,290,517840,1,4640,-4.020043,1.778706,0.75,Falling,False,0,-0.23792,0
1789904143455,290,517840,1,4640,-4.020043,1.778706,0.75,Falling,False,0,-0.23792,0
1789904143455,290,517840,1,4640,-4.020043,1.778706,0.75,Falling,False,0,-0.23792,0
1789904143455,290,517840,1,4640,-4.020043,1.778706,0.75,Falling,False,0,-0.23792,0
1789904143455,290,517840,1,4640,-4.020043,1.778706,0.75,Falling,False,0,-0.23792,0
1789904143455,290,517840,1,4640,-4.020043,1.778706,0.75,Falling,False,0,-0.23792,0
1789904143470,291,519391,1,4656,-4.020043,1.772388,0.75,Falling,False,0,-0.39488,0
1789904143470,291,519391,1,4656,-4.020043,1.772388,0.75,Falling,False,0,-0.39488,0
1789904143470,291,519391,1,4656,-4.020043,1.772388,0.75,Falling,False,0,-0.39488,0
1789904143470,291,519391,1,4656,-4.020043,1.772388,0.75,Falling,False,0,-0.39488,0
1789904143470,291,519391,1,4656,-4.020043,1.772388,0.75,Falling,False,0,-0.39488,0
1789904143470,291,519391,1,4656,-4.020043,1.772388,0.75,Falling,False,0,-0.39488,0
1789904143470,291,519391,1,4656,-4.020043,1.772388,0.75,Falling,False,0,-0.39488,0
1789904143470,291,519391,1,4656,-4.020043,1.772388,0.75,Falling,False,0,-0.39488,0
1789904143486,292,520879,1,4672,-4.020043,1.763559,0.75,Falling,False,0,-0.55184,0
1789904143486,292,520879,1,4672,-4.020043,1.763559,0.75,Falling,False,0,-0.55184,0
1789904143486,292,520879,1,4672,-4.020043,1.763559,0.75,Falling,False,0,-0.55184,0
1789904143486,292,520879,1,4672,-4.020043,1.763559,0.75,Falling,False,0,-0.55184,0
1789904143486,292,520879,1,4672,-4.020043,1.763559,0.75,Falling,False,0,-0.55184,0
1789904143486,292,520879,1,4672,-4.020043,1.763559,0.75,Falling,False,0,-0.55184,0
1789904143486,292,520879,1,4672,-4.020043,1.763559,0.75,Falling,False,0,-0.55184,0
1789904143486,292,520879,1,4672,-4.020043,1.763559,0.75,Falling,False,0,-0.55184,0
1789904143501,293,522446,1,4688,-4.020043,1.752218,0.75,Falling,False,0,-0.7088,0
1789904143501,293,522446,1,4688,-4.020043,1.752218,0.75,Falling,False,0,-0.7088,0
1789904143501,293,522446,1,4688,-4.020043,1.752218,0.75,Falling,False,0,-0.7088,0
1789904143501,293,522446,1,4688,-4.020043,1.752218,0.75,Falling,False,0,-0.7088,0
1789904143501,293,522446,1,4688,-4.020043,1.752218,0.75,Falling,False,0,-0.7088,0
1789904143501,293,522446,1,4688,-4.020043,1.752218,0.75,Falling,False,0,-0.7088,0
1789904143501,293,522446,1,4688,-4.020043,1.752218,0.75,Falling,False,0,-0.7088,0
1789904143501,293,522446,1,4688,-4.020043,1.752218,0.75,Falling,False,0,-0.7088,0
1789904143517,294,523936,1,4704,-4.020043,1.738366,0.75,Falling,False,0,-0.86576,0
1789904143517,294,523936,1,4704,-4.020043,1.738366,0.75,Falling,False,0,-0.86576,0
1789904143517,294,523936,1,4704,-4.020043,1.738366,0.75,Falling,False,0,-0.86576,0
1789904143517,294,523936,1,4704,-4.020043,1.738366,0.75,Falling,False,0,-0.86576,0
1789904143517,294,523936,1,4704,-4.020043,1.738366,0.75,Falling,False,0,-0.86576,0
1789904143517,294,523936,1,4704,-4.020043,1.738366,0.75,Falling,False,0,-0.86576,0
1789904143517,294,523936,1,4704,-4.020043,1.738366,0.75,Falling,False,0,-0.86576,0
1789904143517,294,523936,1,4704,-4.020043,1.738366,0.75,Falling,False,0,-0.86576,0
1789904143533,295,525377,1,4720,-4.020043,1.722002,0.75,Falling,False,0,-1.02272,0
1789904143533,295,525377,1,4720,-4.020043,1.722002,0.75,Falling,False,0,-1.02272,0
1789904143533,295,525377,1,4720,-4.020043,1.722002,0.75,Falling,False,0,-1.02272,0
1789904143533,295,525377,1,4720,-4.020043,1.722002,0.75,Falling,False,0,-1.02272,0
1789904143533,295,525377,1,4720,-4.020043,1.722002,0.75,Falling,False,0,-1.02272,0
1789904143533,295,525377,1,4720,-4.020043,1.722002,0.75,Falling,False,0,-1.02272,0
1789904143533,295,525377,1,4720,-4.020043,1.722002,0.75,Falling,False,0,-1.02272,0
1789904143533,295,525377,1,4720,-4.020043,1.722002,0.75,Falling,False,0,-1.02272,0
1789904143549,296,526894,1,4736,-4.020043,1.703127,0.75,Falling,False,0,-1.17968,0
1789904143549,296,526894,1,4736,-4.020043,1.703127,0.75,Falling,False,0,-1.17968,0
1789904143549,296,526894,1,4736,-4.020043,1.703127,0.75,Falling,False,0,-1.17968,0
1789904143549,296,526894,1,4736,-4.020043,1.703127,0.75,Falling,False,0,-1.17968,0
1789904143549,296,526894,1,4736,-4.020043,1.703127,0.75,Falling,False,0,-1.17968,0
1789904143549,296,526894,1,4736,-4.020043,1.703127,0.75,Falling,False,0,-1.17968,0
1789904143549,296,526894,1,4736,-4.020043,1.703127,0.75,Falling,False,0,-1.17968,0
1789904143549,296,526894,1,4736,-4.020043,1.703127,0.75,Falling,False,0,-1.17968,0
1789904143564,297,528500,1,4752,-4.020043,1.681741,0.75,Falling,False,0,-1.33664,0
1789904143564,297,528500,1,4752,-4.020043,1.681741,0.75,Falling,False,0,-1.33664,0
1789904143564,297,528500,1,4752,-4.020043,1.681741,0.75,Falling,False,0,-1.33664,0
1789904143564,297,528500,1,4752,-4.020043,1.681741,0.75,Falling,False,0,-1.33664,0
1789904143564,297,528500,1,4752,-4.020043,1.681741,0.75,Falling,False,0,-1.33664,0
1789904143564,297,528500,1,4752,-4.020043,1.681741,0.75,Falling,False,0,-1.33664,0
1789904143564,297,528500,1,4752,-4.020043,1.681741,0.75,Falling,False,0,-1.33664,0
1789904143564,297,528500,1,4752,-4.020043,1.681741,0.75,Falling,False,0,-1.33664,0
1789904143580,298,530068,1,4768,-4.020043,1.657843,0.75,Falling,False,0,-1.4936,0
1789904143580,298,530068,1,4768,-4.020043,1.657843,0.75,Falling,False,0,-1.4936,0
1789904143580,298,530068,1,4768,-4.020043,1.657843,0.75,Falling,False,0,-1.4936,0
1789904143580,298,530068,1,4768,-4.020043,1.657843,0.75,Falling,False,0,-1.4936,0
1789904143580,298,530068,1,4768,-4.020043,1.657843,0.75,Falling,False,0,-1.4936,0
1789904143580,298,530068,1,4768,-4.020043,1.657843,0.75,Falling,False,0,-1.4936,0
1789904143580,298,530068,1,4768,-4.020043,1.657843,0.75,Falling,False,0,-1.4936,0
1789904143580,298,530068,1,4768,-4.020043,1.657843,0.75,Falling,False,0,-1.4936,0
1789904143595,299,531641,1,4784,-4.020043,1.631434,0.75,Falling,False,0,-1.65056,0
1789904143595,299,531641,1,4784,-4.020043,1.631434,0.75,Falling,False,0,-1.65056,0
1789904143595,299,531641,1,4784,-4.020043,1.631434,0.75,Falling,False,0,-1.65056,0
1789904143595,299,531641,1,4784,-4.020043,1.631434,0.75,Falling,False,0,-1.65056,0
1789904143595,299,531641,1,4784,-4.020043,1.631434,0.75,Falling,False,0,-1.65056,0
1789904143595,299,531641,1,4784,-4.020043,1.631434,0.75,Falling,False,0,-1.65056,0
1789904143595,299,531641,1,4784,-4.020043,1.631434,0.75,Falling,False,0,-1.65056,0
1789904143595,299,531641,1,4784,-4.020043,1.631434,0.75,Falling,False,0,-1.65056,0
1789904143611,300,533079,1,4800,-4.020043,1.602514,0.75,Falling,False,0,-1.80752,0
1789904143611,300,533079,1,4800,-4.020043,1.602514,0.75,Falling,False,0,-1.80752,0
1789904143611,300,533079,1,4800,-4.020043,1.602514,0.75,Falling,False,0,-1.80752,0
1789904143611,300,533079,1,4800,-4.020043,1.602514,0.75,Falling,False,0,-1.80752,0
1789904143611,300,533079,1,4800,-4.020043,1.602514,0.75,Falling,False,0,-1.80752,0
1789904143611,300,533079,1,4800,-4.020043,1.602514,0.75,Falling,False,0,-1.80752,0
1789904143611,300,533079,1,4800,-4.020043,1.602514,0.75,Falling,False,0,-1.80752,0
1789904143611,300,533079,1,4800,-4.020043,1.602514,0.75,Falling,False,0,-1.80752,0
1789904143627,301,534562,1,4816,-4.020043,1.571082,0.75,Falling,False,0,-1.96448,0
1789904143627,301,534562,1,4816,-4.020043,1.571082,0.75,Falling,False,0,-1.96448,0
1789904143627,301,534562,1,4816,-4.020043,1.571082,0.75,Falling,False,0,-1.96448,0
1789904143627,301,534562,1,4816,-4.020043,1.571082,0.75,Falling,False,0,-1.96448,0
1789904143627,301,534562,1,4816,-4.020043,1.571082,0.75,Falling,False,0,-1.96448,0
1789904143627,301,534562,1,4816,-4.020043,1.571082,0.75,Falling,False,0,-1.96448,0
1789904143627,301,534562,1,4816,-4.020043,1.571082,0.75,Falling,False,0,-1.96448,0
1789904143627,301,534562,1,4816,-4.020043,1.571082,0.75,Falling,False,0,-1.96448,0
1789904143643,302,536034,1,4832,-4.020043,1.537139,0.75,Falling,False,0,-2.12144,0
1789904143643,302,536034,1,4832,-4.020043,1.537139,0.75,Falling,False,0,-2.12144,0
1789904143643,302,536034,1,4832,-4.020043,1.537139,0.75,Falling,False,0,-2.12144,0
1789904143643,302,536034,1,4832,-4.020043,1.537139,0.75,Falling,False,0,-2.12144,0
1789904143643,302,536034,1,4832,-4.020043,1.537139,0.75,Falling,False,0,-2.12144,0
1789904143643,302,536034,1,4832,-4.020043,1.537139,0.75,Falling,False,0,-2.12144,0
1789904143643,302,536034,1,4832,-4.020043,1.537139,0.75,Falling,False,0,-2.12144,0
1789904143643,302,536034,1,4832,-4.020043,1.537139,0.75,Falling,False,0,-2.12144,0
1789904143659,303,537585,1,4848,-4.020043,1.500685,0.75,Falling,False,0,-2.2784,0
1789904143659,303,537585,1,4848,-4.020043,1.500685,0.75,Falling,False,0,-2.2784,0
1789904143659,303,537585,1,4848,-4.020043,1.500685,0.75,Falling,False,0,-2.2784,0
1789904143659,303,537585,1,4848,-4.020043,1.500685,0.75,Falling,False,0,-2.2784,0
1789904143659,303,537585,1,4848,-4.020043,1.500685,0.75,Falling,False,0,-2.2784,0
1789904143659,303,537585,1,4848,-4.020043,1.500685,0.75,Falling,False,0,-2.2784,0
1789904143659,303,537585,1,4848,-4.020043,1.500685,0.75,Falling,False,0,-2.2784,0
1789904143659,303,537585,1,4848,-4.020043,1.500685,0.75,Falling,False,0,-2.2784,0
1789904143676,304,539197,1,4864,-4.020043,1.461719,0.75,Falling,False,0,-2.43536,0
1789904143676,304,539197,1,4864,-4.020043,1.461719,0.75,Falling,False,0,-2.43536,0
1789904143676,304,539197,1,4864,-4.020043,1.461719,0.75,Falling,False,0,-2.43536,0
1789904143676,304,539197,1,4864,-4.020043,1.461719,0.75,Falling,False,0,-2.43536,0
1789904143676,304,539197,1,4864,-4.020043,1.461719,0.75,Falling,False,0,-2.43536,0
1789904143676,304,539197,1,4864,-4.020043,1.461719,0.75,Falling,False,0,-2.43536,0
1789904143676,304,539197,1,4864,-4.020043,1.461719,0.75,Falling,False,0,-2.43536,0
1789904143676,304,539197,1,4864,-4.020043,1.461719,0.75,Falling,False,0,-2.43536,0
1789904143691,305,540800,1,4880,-4.020043,1.420242,0.75,Falling,False,0,-2.59232,0
1789904143691,305,540800,1,4880,-4.020043,1.420242,0.75,Falling,False,0,-2.59232,0
1789904143691,305,540800,1,4880,-4.020043,1.420242,0.75,Falling,False,0,-2.59232,0
1789904143691,305,540800,1,4880,-4.020043,1.420242,0.75,Falling,False,0,-2.59232,0
1789904143691,305,540800,1,4880,-4.020043,1.420242,0.75,Falling,False,0,-2.59232,0
1789904143691,305,540800,1,4880,-4.020043,1.420242,0.75,Falling,False,0,-2.59232,0
1789904143691,305,540800,1,4880,-4.020043,1.420242,0.75,Falling,False,0,-2.59232,0
1789904143691,305,540800,1,4880,-4.020043,1.420242,0.75,Falling,False,0,-2.59232,0
1789904143706,306,542354,1,4896,-4.020043,1.376253,0.75,Falling,False,0,-2.74928,0
1789904143706,306,542354,1,4896,-4.020043,1.376253,0.75,Falling,False,0,-2.74928,0
1789904143707,306,542354,1,4896,-4.020043,1.376253,0.75,Falling,False,0,-2.74928,0
1789904143707,306,542354,1,4896,-4.020043,1.376253,0.75,Falling,False,0,-2.74928,0
1789904143707,306,542354,1,4896,-4.020043,1.376253,0.75,Falling,False,0,-2.74928,0
1789904143707,306,542354,1,4896,-4.020043,1.376253,0.75,Falling,False,0,-2.74928,0
1789904143707,306,542354,1,4896,-4.020043,1.376253,0.75,Falling,False,0,-2.74928,0
1789904143707,306,542354,1,4896,-4.020043,1.376253,0.75,Falling,False,0,-2.74928,0
1789904143722,307,543834,1,4912,-4.020043,1.329754,0.75,Falling,False,0,-2.90624,0
1789904143722,307,543834,1,4912,-4.020043,1.329754,0.75,Falling,False,0,-2.90624,0
1789904143722,307,543834,1,4912,-4.020043,1.329754,0.75,Falling,False,0,-2.90624,0
1789904143722,307,543834,1,4912,-4.020043,1.329754,0.75,Falling,False,0,-2.90624,0
1789904143722,307,543834,1,4912,-4.020043,1.329754,0.75,Falling,False,0,-2.90624,0
1789904143722,307,543834,1,4912,-4.020043,1.329754,0.75,Falling,False,0,-2.90624,0
1789904143722,307,543834,1,4912,-4.020043,1.329754,0.75,Falling,False,0,-2.90624,0
1789904143722,307,543834,1,4912,-4.020043,1.329754,0.75,Falling,False,0,-2.90624,0
1789904143738,308,545351,1,4928,-4.020043,1.280742,0.75,Falling,False,0,-3.0632,0
1789904143738,308,545351,1,4928,-4.020043,1.280742,0.75,Falling,False,0,-3.0632,0
1789904143738,308,545351,1,4928,-4.020043,1.280742,0.75,Falling,False,0,-3.0632,0
1789904143738,308,545351,1,4928,-4.020043,1.280742,0.75,Falling,False,0,-3.0632,0
1789904143738,308,545351,1,4928,-4.020043,1.280742,0.75,Falling,False,0,-3.0632,0
1789904143738,308,545351,1,4928,-4.020043,1.280742,0.75,Falling,False,0,-3.0632,0
1789904143738,308,545351,1,4928,-4.020043,1.280742,0.75,Falling,False,0,-3.0632,0
1789904143738,308,545351,1,4928,-4.020043,1.280742,0.75,Falling,False,0,-3.0632,0
1789904143753,309,546788,1,4944,-4.020043,1.22922,0.75,Falling,False,0,-3.22016,0
1789904143753,309,546788,1,4944,-4.020043,1.22922,0.75,Falling,False,0,-3.22016,0
1789904143753,309,546788,1,4944,-4.020043,1.22922,0.75,Falling,False,0,-3.22016,0
1789904143753,309,546788,1,4944,-4.020043,1.22922,0.75,Falling,False,0,-3.22016,0
1789904143753,309,546788,1,4944,-4.020043,1.22922,0.75,Falling,False,0,-3.22016,0
1789904143753,309,546788,1,4944,-4.020043,1.22922,0.75,Falling,False,0,-3.22016,0
1789904143753,309,546788,1,4944,-4.020043,1.22922,0.75,Falling,False,0,-3.22016,0
1789904143753,309,546788,1,4944,-4.020043,1.22922,0.75,Falling,False,0,-3.22016,0
1789904143769,310,548294,1,4960,-4.020043,1.175186,0.75,Falling,False,0,-3.37712,0
1789904143769,310,548294,1,4960,-4.020043,1.175186,0.75,Falling,False,0,-3.37712,0
1789904143769,310,548294,1,4960,-4.020043,1.175186,0.75,Falling,False,0,-3.37712,0
1789904143769,310,548294,1,4960,-4.020043,1.175186,0.75,Falling,False,0,-3.37712,0
1789904143769,310,548294,1,4960,-4.020043,1.175186,0.75,Falling,False,0,-3.37712,0
1789904143769,310,548294,1,4960,-4.020043,1.175186,0.75,Falling,False,0,-3.37712,0
1789904143769,310,548294,1,4960,-4.020043,1.175186,0.75,Falling,False,0,-3.37712,0
1789904143769,310,548294,1,4960,-4.020043,1.175186,0.75,Falling,False,0,-3.37712,0
1789904143785,311,549850,1,4976,-4.020043,1.118641,0.75,Falling,False,0,-3.534081,0
1789904143785,311,549850,1,4976,-4.020043,1.118641,0.75,Falling,False,0,-3.534081,0
1789904143785,311,549850,1,4976,-4.020043,1.118641,0.75,Falling,False,0,-3.534081,0
1789904143785,311,549850,1,4976,-4.020043,1.118641,0.75,Falling,False,0,-3.534081,0
1789904143785,311,549850,1,4976,-4.020043,1.118641,0.75,Falling,False,0,-3.534081,0
1789904143785,311,549850,1,4976,-4.020043,1.118641,0.75,Falling,False,0,-3.534081,0
1789904143785,311,549850,1,4976,-4.020043,1.118641,0.75,Falling,False,0,-3.534081,0
1789904143785,311,549850,1,4976,-4.020043,1.118641,0.75,Falling,False,0,-3.534081,0
1789904143817,312,551394,1,4992,-4.020043,1.059584,0.75,Falling,False,0,-3.691041,0
1789904143817,312,551394,1,4992,-4.020043,1.059584,0.75,Falling,False,0,-3.691041,0
1789904143817,312,551394,1,4992,-4.020043,1.059584,0.75,Falling,False,0,-3.691041,0
1789904143817,312,551394,1,4992,-4.020043,1.059584,0.75,Falling,False,0,-3.691041,0
1789904143817,312,551394,1,4992,-4.020043,1.059584,0.75,Falling,False,0,-3.691041,0
1789904143817,312,551394,1,4992,-4.020043,1.059584,0.75,Falling,False,0,-3.691041,0
1789904143817,312,551394,1,4992,-4.020043,1.059584,0.75,Falling,False,0,-3.691041,0
1789904143817,312,551394,1,4992,-4.020043,1.059584,0.75,Falling,False,0,-3.691041,0
1789904143847,314,554324,1,5024,-4.020043,1,0.75,Walking,True,0,0,0
1789904143847,314,554324,1,5024,-4.020043,1,0.75,Walking,True,0,0,0
1789904143847,314,554324,1,5024,-4.020043,1,0.75,Walking,True,0,0,0
1789904143847,314,554324,1,5024,-4.020043,1,0.75,Walking,True,0,0,0
1789904143847,314,554324,1,5024,-4.020043,1,0.75,Walking,True,0,0,0
1789904143847,314,554324,1,5024,-4.020043,1,0.75,Walking,True,0,0,0
1789904143847,314,554324,1,5024,-4.020043,1,0.75,Walking,True,0,0,0
1789904143847,314,554324,1,5024,-4.020043,1,0.75,Walking,True,0,0,0
1789904143863,315,556543,1,5040,-4.020043,1,0.75,Walking,True,0,0,0
1789904143863,315,556543,1,5040,-4.020043,1,0.75,Walking,True,0,0,0
1789904143863,315,556543,1,5040,-4.020043,1,0.75,Walking,True,0,0,0
1789904143863,315,556543,1,5040,-4.020043,1,0.75,Walking,True,0,0,0
1789904143863,315,556543,1,5040,-4.020043,1,0.75,Walking,True,0,0,0
1789904143863,315,556543,1,5040,-4.020043,1,0.75,Walking,True,0,0,0
1789904143863,315,556543,1,5040,-4.020043,1,0.75,Walking,True,0,0,0
1789904143863,315,556543,1,5040,-4.020043,1,0.75,Walking,True,0,0,0
1789904143878,316,557837,1,5056,-4.020043,1,0.75,Walking,True,0,0,0
1789904143879,316,557837,1,5056,-4.020043,1,0.75,Walking,True,0,0,0
1789904143879,316,557837,1,5056,-4.020043,1,0.75,Walking,True,0,0,0
1789904143879,316,557837,1,5056,-4.020043,1,0.75,Walking,True,0,0,0
1789904143879,316,557837,1,5056,-4.020043,1,0.75,Walking,True,0,0,0
1789904143879,316,557837,1,5056,-4.020043,1,0.75,Walking,True,0,0,0
1789904143879,316,557837,1,5056,-4.020043,1,0.75,Walking,True,0,0,0
1789904143879,316,557837,1,5056,-4.020043,1,0.75,Walking,True,0,0,0
1789904143893,317,559076,1,5072,-4.020043,1,0.75,Walking,True,0,0,0
1789904143893,317,559076,1,5072,-4.020043,1,0.75,Walking,True,0,0,0
1789904143893,317,559076,1,5072,-4.020043,1,0.75,Walking,True,0,0,0
1789904143893,317,559076,1,5072,-4.020043,1,0.75,Walking,True,0,0,0
1789904143893,317,559076,1,5072,-4.020043,1,0.75,Walking,True,0,0,0
1789904143893,317,559076,1,5072,-4.020043,1,0.75,Walking,True,0,0,0
1789904143893,317,559076,1,5072,-4.020043,1,0.75,Walking,True,0,0,0
1789904143893,317,559076,1,5072,-4.020043,1,0.75,Walking,True,0,0,0
1789904143909,318,560429,1,5088,-4.020043,1,0.75,Walking,True,0,0,0
1789904143909,318,560429,1,5088,-4.020043,1,0.75,Walking,True,0,0,0
1789904143909,318,560429,1,5088,-4.020043,1,0.75,Walking,True,0,0,0
1789904143909,318,560429,1,5088,-4.020043,1,0.75,Walking,True,0,0,0
1789904143909,318,560429,1,5088,-4.020043,1,0.75,Walking,True,0,0,0
1789904143909,318,560429,1,5088,-4.020043,1,0.75,Walking,True,0,0,0
1789904143909,318,560429,1,5088,-4.020043,1,0.75,Walking,True,0,0,0
1789904143909,318,560429,1,5088,-4.020043,1,0.75,Walking,True,0,0,0
1789904143924,319,561888,1,5104,-4.020043,1,0.75,Walking,True,0,0,0
1789904143924,319,561888,1,5104,-4.020043,1,0.75,Walking,True,0,0,0
1789904143924,319,561888,1,5104,-4.020043,1,0.75,Walking,True,0,0,0
1789904143924,319,561888,1,5104,-4.020043,1,0.75,Walking,True,0,0,0
1789904143924,319,561888,1,5104,-4.020043,1,0.75,Walking,True,0,0,0
1789904143924,319,561888,1,5104,-4.020043,1,0.75,Walking,True,0,0,0
1789904143924,319,561888,1,5104,-4.020043,1,0.75,Walking,True,0,0,0
1789904143924,319,561888,1,5104,-4.020043,1,0.75,Walking,True,0,0,0
1789904143940,320,563023,1,5120,-4.020043,1,0.75,Walking,True,0,0,0
1789904143940,320,563023,1,5120,-4.020043,1,0.75,Walking,True,0,0,0
1789904143940,320,563023,1,5120,-4.020043,1,0.75,Walking,True,0,0,0
1789904143940,320,563023,1,5120,-4.020043,1,0.75,Walking,True,0,0,0
1789904143940,320,563023,1,5120,-4.020043,1,0.75,Walking,True,0,0,0
1789904143940,320,563023,1,5120,-4.020043,1,0.75,Walking,True,0,0,0
1789904143940,320,563023,1,5120,-4.020043,1,0.75,Walking,True,0,0,0
1789904143940,320,563023,1,5120,-4.020043,1,0.75,Walking,True,0,0,0
1789904143955,321,564210,1,5136,-4.020043,1,0.75,Walking,True,0,0,0
1789904143955,321,564210,1,5136,-4.020043,1,0.75,Walking,True,0,0,0
1789904143955,321,564210,1,5136,-4.020043,1,0.75,Walking,True,0,0,0
1789904143955,321,564210,1,5136,-4.020043,1,0.75,Walking,True,0,0,0
1789904143955,321,564210,1,5136,-4.020043,1,0.75,Walking,True,0,0,0
1789904143955,321,564210,1,5136,-4.020043,1,0.75,Walking,True,0,0,0
1789904143955,321,564210,1,5136,-4.020043,1,0.75,Walking,True,0,0,0
1789904143955,321,564210,1,5136,-4.020043,1,0.75,Walking,True,0,0,0
1789904143971,322,565363,1,5152,-4.020043,1,0.75,Walking,True,0,0,0
1789904143971,322,565363,1,5152,-4.020043,1,0.75,Walking,True,0,0,0
1789904143971,322,565363,1,5152,-4.020043,1,0.75,Walking,True,0,0,0
1789904143971,322,565363,1,5152,-4.020043,1,0.75,Walking,True,0,0,0
1789904143971,322,565363,1,5152,-4.020043,1,0.75,Walking,True,0,0,0
1789904143971,322,565363,1,5152,-4.020043,1,0.75,Walking,True,0,0,0
1789904143971,322,565363,1,5152,-4.020043,1,0.75,Walking,True,0,0,0
1789904143971,322,565363,1,5152,-4.020043,1,0.75,Walking,True,0,0,0
1789904143986,323,566536,1,5168,-4.020043,1,0.75,Walking,True,0,0,0
1789904143986,323,566536,1,5168,-4.020043,1,0.75,Walking,True,0,0,0
1789904143986,323,566536,1,5168,-4.020043,1,0.75,Walking,True,0,0,0
1789904143986,323,566536,1,5168,-4.020043,1,0.75,Walking,True,0,0,0
1789904143986,323,566536,1,5168,-4.020043,1,0.75,Walking,True,0,0,0
1789904143986,323,566536,1,5168,-4.020043,1,0.75,Walking,True,0,0,0
1789904143986,323,566536,1,5168,-4.020043,1,0.75,Walking,True,0,0,0
1789904143986,323,566536,1,5168,-4.020043,1,0.75,Walking,True,0,0,0
1789904144001,324,567770,1,5184,-4.020043,1,0.75,Walking,True,0,0,0
1789904144001,324,567770,1,5184,-4.020043,1,0.75,Walking,True,0,0,0
1789904144001,324,567770,1,5184,-4.020043,1,0.75,Walking,True,0,0,0
1789904144001,324,567770,1,5184,-4.020043,1,0.75,Walking,True,0,0,0
1789904144001,324,567770,1,5184,-4.020043,1,0.75,Walking,True,0,0,0
1789904144001,324,567770,1,5184,-4.020043,1,0.75,Walking,True,0,0,0
1789904144001,324,567770,1,5184,-4.020043,1,0.75,Walking,True,0,0,0
1789904144001,324,567770,1,5184,-4.020043,1,0.75,Walking,True,0,0,0
1789904144016,325,568974,1,5200,-4.020043,1,0.75,Walking,True,0,0,0
1789904144016,325,568974,1,5200,-4.020043,1,0.75,Walking,True,0,0,0
1789904144016,325,568974,1,5200,-4.020043,1,0.75,Walking,True,0,0,0
1789904144016,325,568974,1,5200,-4.020043,1,0.75,Walking,True,0,0,0
1789904144016,325,568974,1,5200,-4.020043,1,0.75,Walking,True,0,0,0
1789904144016,325,568974,1,5200,-4.020043,1,0.75,Walking,True,0,0,0
1789904144016,325,568974,1,5200,-4.020043,1,0.75,Walking,True,0,0,0
1789904144016,325,568974,1,5200,-4.020043,1,0.75,Walking,True,0,0,0
1789904144031,326,570119,1,5216,-4.020043,1,0.75,Walking,True,0,0,0
1789904144031,326,570119,1,5216,-4.020043,1,0.75,Walking,True,0,0,0
1789904144031,326,570119,1,5216,-4.020043,1,0.75,Walking,True,0,0,0
1789904144031,326,570119,1,5216,-4.020043,1,0.75,Walking,True,0,0,0
1789904144031,326,570119,1,5216,-4.020043,1,0.75,Walking,True,0,0,0
1789904144031,326,570119,1,5216,-4.020043,1,0.75,Walking,True,0,0,0
1789904144031,326,570119,1,5216,-4.020043,1,0.75,Walking,True,0,0,0
1789904144031,326,570119,1,5216,-4.020043,1,0.75,Walking,True,0,0,0
1789904144046,327,571277,1,5232,-4.020043,1,0.75,Walking,True,0,0,0
1789904144046,327,571277,1,5232,-4.020043,1,0.75,Walking,True,0,0,0
1789904144046,327,571277,1,5232,-4.020043,1,0.75,Walking,True,0,0,0
1789904144046,327,571277,1,5232,-4.020043,1,0.75,Walking,True,0,0,0
1789904144046,327,571277,1,5232,-4.020043,1,0.75,Walking,True,0,0,0
1789904144046,327,571277,1,5232,-4.020043,1,0.75,Walking,True,0,0,0
1789904144046,327,571277,1,5232,-4.020043,1,0.75,Walking,True,0,0,0
1789904144046,327,571277,1,5232,-4.020043,1,0.75,Walking,True,0,0,0
1789904144062,328,572451,1,5248,-4.020043,1,0.75,Walking,True,0,0,0
1789904144062,328,572451,1,5248,-4.020043,1,0.75,Walking,True,0,0,0
1789904144062,328,572451,1,5248,-4.020043,1,0.75,Walking,True,0,0,0
1789904144062,328,572451,1,5248,-4.020043,1,0.75,Walking,True,0,0,0
1789904144062,328,572451,1,5248,-4.020043,1,0.75,Walking,True,0,0,0
1789904144062,328,572451,1,5248,-4.020043,1,0.75,Walking,True,0,0,0
1789904144062,328,572451,1,5248,-4.020043,1,0.75,Walking,True,0,0,0
1789904144062,328,572451,1,5248,-4.020043,1,0.75,Walking,True,0,0,0
1789904144077,329,573607,1,5264,-4.020043,1,0.75,Walking,True,0,0,0
1789904144077,329,573607,1,5264,-4.020043,1,0.75,Walking,True,0,0,0
1789904144077,329,573607,1,5264,-4.020043,1,0.75,Walking,True,0,0,0
1789904144077,329,573607,1,5264,-4.020043,1,0.75,Walking,True,0,0,0
1789904144077,329,573607,1,5264,-4.020043,1,0.75,Walking,True,0,0,0
1789904144077,329,573607,1,5264,-4.020043,1,0.75,Walking,True,0,0,0
1789904144077,329,573607,1,5264,-4.020043,1,0.75,Walking,True,0,0,0
1789904144077,329,573607,1,5264,-4.020043,1,0.75,Walking,True,0,0,0
1789904144093,330,574741,1,5280,-4.020043,1,0.75,Walking,True,0,0,0
1789904144093,330,574741,1,5280,-4.020043,1,0.75,Walking,True,0,0,0
1789904144093,330,574741,1,5280,-4.020043,1,0.75,Walking,True,0,0,0
1789904144093,330,574741,1,5280,-4.020043,1,0.75,Walking,True,0,0,0
1789904144093,330,574741,1,5280,-4.020043,1,0.75,Walking,True,0,0,0
1789904144093,330,574741,1,5280,-4.020043,1,0.75,Walking,True,0,0,0
1789904144093,330,574741,1,5280,-4.020043,1,0.75,Walking,True,0,0,0
1789904144093,330,574741,1,5280,-4.020043,1,0.75,Walking,True,0,0,0
1789904144109,331,576071,1,5296,-4.020043,1,0.75,Walking,True,0,0,0
1789904144109,331,576071,1,5296,-4.020043,1,0.75,Walking,True,0,0,0
1789904144109,331,576071,1,5296,-4.020043,1,0.75,Walking,True,0,0,0
1789904144109,331,576071,1,5296,-4.020043,1,0.75,Walking,True,0,0,0
1789904144109,331,576071,1,5296,-4.020043,1,0.75,Walking,True,0,0,0
1789904144109,331,576071,1,5296,-4.020043,1,0.75,Walking,True,0,0,0
1789904144109,331,576071,1,5296,-4.020043,1,0.75,Walking,True,0,0,0
1789904144109,331,576071,1,5296,-4.020043,1,0.75,Walking,True,0,0,0
1789904144125,332,577231,1,5312,-4.020043,1,0.75,Walking,True,0,0,0
1789904144125,332,577231,1,5312,-4.020043,1,0.75,Walking,True,0,0,0
1789904144125,332,577231,1,5312,-4.020043,1,0.75,Walking,True,0,0,0
1789904144125,332,577231,1,5312,-4.020043,1,0.75,Walking,True,0,0,0
1789904144125,332,577231,1,5312,-4.020043,1,0.75,Walking,True,0,0,0
1789904144125,332,577231,1,5312,-4.020043,1,0.75,Walking,True,0,0,0
1789904144125,332,577231,1,5312,-4.020043,1,0.75,Walking,True,0,0,0
1789904144125,332,577231,1,5312,-4.020043,1,0.75,Walking,True,0,0,0
1789904144140,333,578358,1,5328,-4.020043,1,0.75,Walking,True,0,0,0
1789904144140,333,578358,1,5328,-4.020043,1,0.75,Walking,True,0,0,0
1789904144140,333,578358,1,5328,-4.020043,1,0.75,Walking,True,0,0,0
1789904144140,333,578358,1,5328,-4.020043,1,0.75,Walking,True,0,0,0
1789904144140,333,578358,1,5328,-4.020043,1,0.75,Walking,True,0,0,0
1789904144140,333,578358,1,5328,-4.020043,1,0.75,Walking,True,0,0,0
1789904144140,333,578358,1,5328,-4.020043,1,0.75,Walking,True,0,0,0
1789904144140,333,578358,1,5328,-4.020043,1,0.75,Walking,True,0,0,0
1789904144156,334,579571,1,5344,-4.020043,1,0.75,Walking,True,0,0,0
1789904144156,334,579571,1,5344,-4.020043,1,0.75,Walking,True,0,0,0
1789904144156,334,579571,1,5344,-4.020043,1,0.75,Walking,True,0,0,0
1789904144156,334,579571,1,5344,-4.020043,1,0.75,Walking,True,0,0,0
1789904144156,334,579571,1,5344,-4.020043,1,0.75,Walking,True,0,0,0
1789904144156,334,579571,1,5344,-4.020043,1,0.75,Walking,True,0,0,0
1789904144156,334,579571,1,5344,-4.020043,1,0.75,Walking,True,0,0,0
1789904144156,334,579571,1,5344,-4.020043,1,0.75,Walking,True,0,0,0
1789904144172,335,580731,1,5360,-4.020043,1,0.75,Walking,True,0,0,0
1789904144172,335,580731,1,5360,-4.020043,1,0.75,Walking,True,0,0,0
1789904144172,335,580731,1,5360,-4.020043,1,0.75,Walking,True,0,0,0
1789904144172,335,580731,1,5360,-4.020043,1,0.75,Walking,True,0,0,0
1789904144172,335,580731,1,5360,-4.020043,1,0.75,Walking,True,0,0,0
1789904144172,335,580731,1,5360,-4.020043,1,0.75,Walking,True,0,0,0
1789904144172,335,580731,1,5360,-4.020043,1,0.75,Walking,True,0,0,0
1789904144172,335,580731,1,5360,-4.020043,1,0.75,Walking,True,0,0,0
1789904144187,336,581972,1,5376,-4.020043,1,0.75,Walking,True,0,0,0
1789904144187,336,581972,1,5376,-4.020043,1,0.75,Walking,True,0,0,0
1789904144187,336,581972,1,5376,-4.020043,1,0.75,Walking,True,0,0,0
1789904144187,336,581972,1,5376,-4.020043,1,0.75,Walking,True,0,0,0
1789904144187,336,581972,1,5376,-4.020043,1,0.75,Walking,True,0,0,0
1789904144187,336,581972,1,5376,-4.020043,1,0.75,Walking,True,0,0,0
1789904144187,336,581972,1,5376,-4.020043,1,0.75,Walking,True,0,0,0
1789904144187,336,581972,1,5376,-4.020043,1,0.75,Walking,True,0,0,0
1789904144203,337,583215,1,5392,-4.020043,1,0.75,Walking,True,0,0,0
1789904144203,337,583215,1,5392,-4.020043,1,0.75,Walking,True,0,0,0
1789904144203,337,583215,1,5392,-4.020043,1,0.75,Walking,True,0,0,0
1789904144203,337,583215,1,5392,-4.020043,1,0.75,Walking,True,0,0,0
1789904144203,337,583215,1,5392,-4.020043,1,0.75,Walking,True,0,0,0
1789904144203,337,583215,1,5392,-4.020043,1,0.75,Walking,True,0,0,0
1789904144203,337,583215,1,5392,-4.020043,1,0.75,Walking,True,0,0,0
1789904144203,337,583215,1,5392,-4.020043,1,0.75,Walking,True,0,0,0
1789904144217,338,584431,1,5408,-4.020043,1,0.75,Walking,True,0,0,0
1789904144217,338,584431,1,5408,-4.020043,1,0.75,Walking,True,0,0,0
1789904144217,338,584431,1,5408,-4.020043,1,0.75,Walking,True,0,0,0
1789904144217,338,584431,1,5408,-4.020043,1,0.75,Walking,True,0,0,0
1789904144217,338,584431,1,5408,-4.020043,1,0.75,Walking,True,0,0,0
1789904144217,338,584431,1,5408,-4.020043,1,0.75,Walking,True,0,0,0
1789904144217,338,584431,1,5408,-4.020043,1,0.75,Walking,True,0,0,0
1789904144217,338,584431,1,5408,-4.020043,1,0.75,Walking,True,0,0,0
1789904144233,339,585592,1,5424,-4.020043,1,0.75,Walking,True,0,0,0
1789904144233,339,585592,1,5424,-4.020043,1,0.75,Walking,True,0,0,0
1789904144233,339,585592,1,5424,-4.020043,1,0.75,Walking,True,0,0,0
1789904144233,339,585592,1,5424,-4.020043,1,0.75,Walking,True,0,0,0
1789904144233,339,585592,1,5424,-4.020043,1,0.75,Walking,True,0,0,0
1789904144233,339,585592,1,5424,-4.020043,1,0.75,Walking,True,0,0,0
1789904144233,339,585592,1,5424,-4.020043,1,0.75,Walking,True,0,0,0
1789904144233,339,585592,1,5424,-4.020043,1,0.75,Walking,True,0,0,0
1789904144248,340,586818,1,5440,-4.020043,1,0.75,Walking,True,0,0,0
1789904144248,340,586818,1,5440,-4.020043,1,0.75,Walking,True,0,0,0
1789904144248,340,586818,1,5440,-4.020043,1,0.75,Walking,True,0,0,0
1789904144248,340,586818,1,5440,-4.020043,1,0.75,Walking,True,0,0,0
1789904144248,340,586818,1,5440,-4.020043,1,0.75,Walking,True,0,0,0
1789904144248,340,586818,1,5440,-4.020043,1,0.75,Walking,True,0,0,0
1789904144248,340,586818,1,5440,-4.020043,1,0.75,Walking,True,0,0,0
1789904144248,340,586818,1,5440,-4.020043,1,0.75,Walking,True,0,0,0
1789904144264,341,587991,1,5456,-4.020043,1,0.75,Walking,True,0,0,0
1789904144264,341,587991,1,5456,-4.020043,1,0.75,Walking,True,0,0,0
1789904144264,341,587991,1,5456,-4.020043,1,0.75,Walking,True,0,0,0
1789904144264,341,587991,1,5456,-4.020043,1,0.75,Walking,True,0,0,0
1789904144264,341,587991,1,5456,-4.020043,1,0.75,Walking,True,0,0,0
1789904144264,341,587991,1,5456,-4.020043,1,0.75,Walking,True,0,0,0
1789904144264,341,587991,1,5456,-4.020043,1,0.75,Walking,True,0,0,0
1789904144264,341,587991,1,5456,-4.020043,1,0.75,Walking,True,0,0,0
1789904144296,342,589269,1,5472,-4.020043,1,0.75,Walking,True,0,0,0
1789904144296,342,589269,1,5472,-4.020043,1,0.75,Walking,True,0,0,0
1789904144296,342,589269,1,5472,-4.020043,1,0.75,Walking,True,0,0,0
1789904144296,342,589269,1,5472,-4.020043,1,0.75,Walking,True,0,0,0
1789904144296,342,589269,1,5472,-4.020043,1,0.75,Walking,True,0,0,0
1789904144296,342,589269,1,5472,-4.020043,1,0.75,Walking,True,0,0,0
1789904144296,342,589269,1,5472,-4.020043,1,0.75,Walking,True,0,0,0
1789904144296,342,589269,1,5472,-4.020043,1,0.75,Walking,True,0,0,0
1789904144326,344,591766,1,5504,-4.020043,1,0.75,Walking,True,0,0,0
1789904144326,344,591766,1,5504,-4.020043,1,0.75,Walking,True,0,0,0
1789904144326,344,591766,1,5504,-4.020043,1,0.75,Walking,True,0,0,0
1789904144326,344,591766,1,5504,-4.020043,1,0.75,Walking,True,0,0,0
1789904144326,344,591766,1,5504,-4.020043,1,0.75,Walking,True,0,0,0
1789904144326,344,591766,1,5504,-4.020043,1,0.75,Walking,True,0,0,0
1789904144326,344,591766,1,5504,-4.020043,1,0.75,Walking,True,0,0,0
1789904144326,344,591766,1,5504,-4.020043,1,0.75,Walking,True,0,0,0
1789904144341,345,594111,1,5520,-4.020043,1,0.75,Walking,True,0,0,0
1789904144341,345,594111,1,5520,-4.020043,1,0.75,Walking,True,0,0,0
1789904144341,345,594111,1,5520,-4.020043,1,0.75,Walking,True,0,0,0
1789904144341,345,594111,1,5520,-4.020043,1,0.75,Walking,True,0,0,0
1789904144341,345,594111,1,5520,-4.020043,1,0.75,Walking,True,0,0,0
1789904144341,345,594111,1,5520,-4.020043,1,0.75,Walking,True,0,0,0
1789904144341,345,594111,1,5520,-4.020043,1,0.75,Walking,True,0,0,0
1789904144341,345,594111,1,5520,-4.020043,1,0.75,Walking,True,0,0,0
1789904144357,346,595285,1,5536,-4.020043,1,0.75,Walking,True,0,0,0
1789904144357,346,595285,1,5536,-4.020043,1,0.75,Walking,True,0,0,0
1789904144357,346,595285,1,5536,-4.020043,1,0.75,Walking,True,0,0,0
1789904144357,346,595285,1,5536,-4.020043,1,0.75,Walking,True,0,0,0
1789904144357,346,595285,1,5536,-4.020043,1,0.75,Walking,True,0,0,0
1789904144357,346,595285,1,5536,-4.020043,1,0.75,Walking,True,0,0,0
1789904144357,346,595285,1,5536,-4.020043,1,0.75,Walking,True,0,0,0
1789904144357,346,595285,1,5536,-4.020043,1,0.75,Walking,True,0,0,0
1789904144373,347,596447,1,5552,-4.020043,1,0.75,Walking,True,0,0,0
1789904144373,347,596447,1,5552,-4.020043,1,0.75,Walking,True,0,0,0
1789904144373,347,596447,1,5552,-4.020043,1,0.75,Walking,True,0,0,0
1789904144373,347,596447,1,5552,-4.020043,1,0.75,Walking,True,0,0,0
1789904144373,347,596447,1,5552,-4.020043,1,0.75,Walking,True,0,0,0
1789904144373,347,596447,1,5552,-4.020043,1,0.75,Walking,True,0,0,0
1789904144373,347,596447,1,5552,-4.020043,1,0.75,Walking,True,0,0,0
1789904144373,347,596447,1,5552,-4.020043,1,0.75,Walking,True,0,0,0
1789904144389,348,597925,1,5568,-4.020043,1,0.75,Walking,True,0,0,0
1789904144389,348,597925,1,5568,-4.020043,1,0.75,Walking,True,0,0,0
1789904144389,348,597925,1,5568,-4.020043,1,0.75,Walking,True,0,0,0
1789904144389,348,597925,1,5568,-4.020043,1,0.75,Walking,True,0,0,0
1789904144389,348,597925,1,5568,-4.020043,1,0.75,Walking,True,0,0,0
1789904144389,348,597925,1,5568,-4.020043,1,0.75,Walking,True,0,0,0
1789904144389,348,597925,1,5568,-4.020043,1,0.75,Walking,True,0,0,0
1789904144389,348,597925,1,5568,-4.020043,1,0.75,Walking,True,0,0,0
1789904144405,349,599337,1,5584,-4.020043,1,0.75,Walking,True,0,0,0
1789904144405,349,599337,1,5584,-4.020043,1,0.75,Walking,True,0,0,0
1789904144405,349,599337,1,5584,-4.020043,1,0.75,Walking,True,0,0,0
1789904144405,349,599337,1,5584,-4.020043,1,0.75,Walking,True,0,0,0
1789904144405,349,599337,1,5584,-4.020043,1,0.75,Walking,True,0,0,0
1789904144405,349,599337,1,5584,-4.020043,1,0.75,Walking,True,0,0,0
1789904144405,349,599337,1,5584,-4.020043,1,0.75,Walking,True,0,0,0
1789904144405,349,599337,1,5584,-4.020043,1,0.75,Walking,True,0,0,0
1789904144420,350,600659,1,5600,-4.020043,1,0.75,Walking,True,0,0,0
1789904144420,350,600659,1,5600,-4.020043,1,0.75,Walking,True,0,0,0
1789904144420,350,600659,1,5600,-4.020043,1,0.75,Walking,True,0,0,0
1789904144420,350,600659,1,5600,-4.020043,1,0.75,Walking,True,0,0,0
1789904144420,350,600659,1,5600,-4.020043,1,0.75,Walking,True,0,0,0
1789904144420,350,600659,1,5600,-4.020043,1,0.75,Walking,True,0,0,0
1789904144420,350,600659,1,5600,-4.020043,1,0.75,Walking,True,0,0,0
1789904144420,350,600659,1,5600,-4.020043,1,0.75,Walking,True,0,0,0
1789904144435,351,601855,1,5616,-4.020043,1,0.75,Walking,True,0,0,0
1789904144435,351,601855,1,5616,-4.020043,1,0.75,Walking,True,0,0,0
1789904144435,351,601855,1,5616,-4.020043,1,0.75,Walking,True,0,0,0
1789904144435,351,601855,1,5616,-4.020043,1,0.75,Walking,True,0,0,0
1789904144435,351,601855,1,5616,-4.020043,1,0.75,Walking,True,0,0,0
1789904144435,351,601855,1,5616,-4.020043,1,0.75,Walking,True,0,0,0
1789904144435,351,601855,1,5616,-4.020043,1,0.75,Walking,True,0,0,0
1789904144435,351,601855,1,5616,-4.020043,1,0.75,Walking,True,0,0,0
1789904144451,352,603148,1,5632,-4.020043,1,0.75,Walking,True,0,0,0
1789904144451,352,603148,1,5632,-4.020043,1,0.75,Walking,True,0,0,0
1789904144451,352,603148,1,5632,-4.020043,1,0.75,Walking,True,0,0,0
1789904144451,352,603148,1,5632,-4.020043,1,0.75,Walking,True,0,0,0
1789904144451,352,603148,1,5632,-4.020043,1,0.75,Walking,True,0,0,0
1789904144451,352,603148,1,5632,-4.020043,1,0.75,Walking,True,0,0,0
1789904144451,352,603148,1,5632,-4.020043,1,0.75,Walking,True,0,0,0
1789904144451,352,603148,1,5632,-4.020043,1,0.75,Walking,True,0,0,0
1789904144466,353,604443,1,5648,-4.020043,1,0.75,Walking,True,0,0,0
1789904144466,353,604443,1,5648,-4.020043,1,0.75,Walking,True,0,0,0
1789904144466,353,604443,1,5648,-4.020043,1,0.75,Walking,True,0,0,0
1789904144466,353,604443,1,5648,-4.020043,1,0.75,Walking,True,0,0,0
1789904144466,353,604443,1,5648,-4.020043,1,0.75,Walking,True,0,0,0
1789904144466,353,604443,1,5648,-4.020043,1,0.75,Walking,True,0,0,0
1789904144466,353,604443,1,5648,-4.020043,1,0.75,Walking,True,0,0,0
1789904144466,353,604443,1,5648,-4.020043,1,0.75,Walking,True,0,0,0
1789904144481,354,605682,1,5664,-4.020043,1,0.75,Walking,True,0,0,0
1789904144481,354,605682,1,5664,-4.020043,1,0.75,Walking,True,0,0,0
1789904144481,354,605682,1,5664,-4.020043,1,0.75,Walking,True,0,0,0
1789904144481,354,605682,1,5664,-4.020043,1,0.75,Walking,True,0,0,0
1789904144481,354,605682,1,5664,-4.020043,1,0.75,Walking,True,0,0,0
1789904144481,354,605682,1,5664,-4.020043,1,0.75,Walking,True,0,0,0
1789904144481,354,605682,1,5664,-4.020043,1,0.75,Walking,True,0,0,0
1789904144481,354,605682,1,5664,-4.020043,1,0.75,Walking,True,0,0,0
1789904144497,355,606937,1,5680,-4.020043,1,0.75,Walking,True,0,0,0
1789904144497,355,606937,1,5680,-4.020043,1,0.75,Walking,True,0,0,0
1789904144497,355,606937,1,5680,-4.020043,1,0.75,Walking,True,0,0,0
1789904144497,355,606937,1,5680,-4.020043,1,0.75,Walking,True,0,0,0
1789904144497,355,606937,1,5680,-4.020043,1,0.75,Walking,True,0,0,0
1789904144497,355,606937,1,5680,-4.020043,1,0.75,Walking,True,0,0,0
1789904144497,355,606937,1,5680,-4.020043,1,0.75,Walking,True,0,0,0
1789904144497,355,606937,1,5680,-4.020043,1,0.75,Walking,True,0,0,0
1789904144512,356,608216,1,5696,-4.020043,1,0.75,Walking,True,0,0,0
1789904144512,356,608216,1,5696,-4.020043,1,0.75,Walking,True,0,0,0
1789904144512,356,608216,1,5696,-4.020043,1,0.75,Walking,True,0,0,0
1789904144512,356,608216,1,5696,-4.020043,1,0.75,Walking,True,0,0,0
1789904144512,356,608216,1,5696,-4.020043,1,0.75,Walking,True,0,0,0
1789904144512,356,608216,1,5696,-4.020043,1,0.75,Walking,True,0,0,0
1789904144512,356,608216,1,5696,-4.020043,1,0.75,Walking,True,0,0,0
1789904144512,356,608216,1,5696,-4.020043,1,0.75,Walking,True,0,0,0
1789904144527,357,609420,1,5712,-4.020043,1,0.75,Walking,True,0,0,0
1789904144527,357,609420,1,5712,-4.020043,1,0.75,Walking,True,0,0,0
1789904144527,357,609420,1,5712,-4.020043,1,0.75,Walking,True,0,0,0
1789904144527,357,609420,1,5712,-4.020043,1,0.75,Walking,True,0,0,0
1789904144527,357,609420,1,5712,-4.020043,1,0.75,Walking,True,0,0,0
1789904144527,357,609420,1,5712,-4.020043,1,0.75,Walking,True,0,0,0
1789904144527,357,609420,1,5712,-4.020043,1,0.75,Walking,True,0,0,0
1789904144527,357,609420,1,5712,-4.020043,1,0.75,Walking,True,0,0,0
1789904144918,358,659451,1,5728,-4.020043,1,0.75,Walking,True,0,0,0
1789904144918,358,659451,1,5728,-4.020043,1,0.75,Walking,True,0,0,0
1789904144918,358,659451,1,5728,-4.020043,1,0.75,Walking,True,0,0,0
1789904144918,358,659451,1,5728,-4.020043,1,0.75,Walking,True,0,0,0
1789904144918,358,659451,1,5728,-4.020043,1,0.75,Walking,True,0,0,0
1789904144918,358,659451,1,5728,-4.020043,1,0.75,Walking,True,0,0,0
1789904144918,358,659451,1,5728,-4.020043,1,0.75,Walking,True,0,0,0
1789904144918,358,659451,1,5728,-4.020043,1,0.75,Walking,True,0,0,0
1789904144934,359,662193,1,5744,-4.020043,1,0.75,Walking,True,0,0,0
1789904144934,359,662193,1,5744,-4.020043,1,0.75,Walking,True,0,0,0
1789904144934,359,662193,1,5744,-4.020043,1,0.75,Walking,True,0,0,0
1789904144934,359,662193,1,5744,-4.020043,1,0.75,Walking,True,0,0,0
1789904144934,359,662193,1,5744,-4.020043,1,0.75,Walking,True,0,0,0
1789904144934,359,662193,1,5744,-4.020043,1,0.75,Walking,True,0,0,0
1789904144934,359,662193,1,5744,-4.020043,1,0.75,Walking,True,0,0,0
1789904144934,359,662193,1,5744,-4.020043,1,0.75,Walking,True,0,0,0
1789904144948,360,663665,1,5760,-4.020043,1,0.75,Walking,True,0,0,0
1789904144949,360,663665,1,5760,-4.020043,1,0.75,Walking,True,0,0,0
1789904144949,360,663665,1,5760,-4.020043,1,0.75,Walking,True,0,0,0
1789904144949,360,663665,1,5760,-4.020043,1,0.75,Walking,True,0,0,0
1789904144949,360,663665,1,5760,-4.020043,1,0.75,Walking,True,0,0,0
1789904144949,360,663665,1,5760,-4.020043,1,0.75,Walking,True,0,0,0
1789904144949,360,663665,1,5760,-4.020043,1,0.75,Walking,True,0,0,0
1789904144949,360,663665,1,5760,-4.020043,1,0.75,Walking,True,0,0,0
1789904144965,361,664974,1,5776,-4.020043,1,0.75,Walking,True,0,0,0
1789904144965,361,664974,1,5776,-4.020043,1,0.75,Walking,True,0,0,0
1789904144965,361,664974,1,5776,-4.020043,1,0.75,Walking,True,0,0,0
1789904144965,361,664974,1,5776,-4.020043,1,0.75,Walking,True,0,0,0
1789904144965,361,664974,1,5776,-4.020043,1,0.75,Walking,True,0,0,0
1789904144965,361,664974,1,5776,-4.020043,1,0.75,Walking,True,0,0,0
1789904144965,361,664974,1,5776,-4.020043,1,0.75,Walking,True,0,0,0
1789904144965,361,664974,1,5776,-4.020043,1,0.75,Walking,True,0,0,0
1789904144979,362,666402,1,5792,-4.020043,1,0.75,Walking,True,0,0,0
1789904144979,362,666402,1,5792,-4.020043,1,0.75,Walking,True,0,0,0
1789904144979,362,666402,1,5792,-4.020043,1,0.75,Walking,True,0,0,0
1789904144979,362,666402,1,5792,-4.020043,1,0.75,Walking,True,0,0,0
1789904144979,362,666402,1,5792,-4.020043,1,0.75,Walking,True,0,0,0
1789904144979,362,666402,1,5792,-4.020043,1,0.75,Walking,True,0,0,0
1789904144979,362,666402,1,5792,-4.020043,1,0.75,Walking,True,0,0,0
1789904144979,362,666402,1,5792,-4.020043,1,0.75,Walking,True,0,0,0
1789904144995,363,667653,1,5808,-4.020043,1,0.75,Walking,True,0,0,0
1789904144995,363,667653,1,5808,-4.020043,1,0.75,Walking,True,0,0,0
1789904144995,363,667653,1,5808,-4.020043,1,0.75,Walking,True,0,0,0
1789904144995,363,667653,1,5808,-4.020043,1,0.75,Walking,True,0,0,0
1789904144995,363,667653,1,5808,-4.020043,1,0.75,Walking,True,0,0,0
1789904144995,363,667653,1,5808,-4.020043,1,0.75,Walking,True,0,0,0
1789904144995,363,667653,1,5808,-4.020043,1,0.75,Walking,True,0,0,0
1789904144995,363,667653,1,5808,-4.020043,1,0.75,Walking,True,0,0,0
1789904145012,364,669098,1,5824,-4.020043,1,0.75,Walking,True,0,0,0
1789904145012,364,669098,1,5824,-4.020043,1,0.75,Walking,True,0,0,0
1789904145012,364,669098,1,5824,-4.020043,1,0.75,Walking,True,0,0,0
1789904145012,364,669098,1,5824,-4.020043,1,0.75,Walking,True,0,0,0
1789904145012,364,669098,1,5824,-4.020043,1,0.75,Walking,True,0,0,0
1789904145012,364,669098,1,5824,-4.020043,1,0.75,Walking,True,0,0,0
1789904145012,364,669098,1,5824,-4.020043,1,0.75,Walking,True,0,0,0
1789904145012,364,669098,1,5824,-4.020043,1,0.75,Walking,True,0,0,0
1789904145028,365,670679,1,5840,-4.020043,1,0.75,Walking,True,0,0,0
1789904145028,365,670679,1,5840,-4.020043,1,0.75,Walking,True,0,0,0
1789904145028,365,670679,1,5840,-4.020043,1,0.75,Walking,True,0,0,0
1789904145028,365,670679,1,5840,-4.020043,1,0.75,Walking,True,0,0,0
1789904145028,365,670679,1,5840,-4.020043,1,0.75,Walking,True,0,0,0
1789904145028,365,670679,1,5840,-4.020043,1,0.75,Walking,True,0,0,0
1789904145028,365,670679,1,5840,-4.020043,1,0.75,Walking,True,0,0,0
1789904145028,365,670679,1,5840,-4.020043,1,0.75,Walking,True,0,0,0
1789904145044,366,672220,1,5856,-4.020043,1,0.75,Walking,True,0,0,0
1789904145044,366,672220,1,5856,-4.020043,1,0.75,Walking,True,0,0,0
1789904145044,366,672220,1,5856,-4.020043,1,0.75,Walking,True,0,0,0
1789904145044,366,672220,1,5856,-4.020043,1,0.75,Walking,True,0,0,0
1789904145044,366,672220,1,5856,-4.020043,1,0.75,Walking,True,0,0,0
1789904145044,366,672220,1,5856,-4.020043,1,0.75,Walking,True,0,0,0
1789904145044,366,672220,1,5856,-4.020043,1,0.75,Walking,True,0,0,0
1789904145044,366,672220,1,5856,-4.020043,1,0.75,Walking,True,0,0,0
1789904145059,367,673843,1,5872,-4.020043,1,0.75,Walking,True,0,0,0
1789904145059,367,673843,1,5872,-4.020043,1,0.75,Walking,True,0,0,0
1789904145059,367,673843,1,5872,-4.020043,1,0.75,Walking,True,0,0,0
1789904145059,367,673843,1,5872,-4.020043,1,0.75,Walking,True,0,0,0
1789904145059,367,673843,1,5872,-4.020043,1,0.75,Walking,True,0,0,0
1789904145059,367,673843,1,5872,-4.020043,1,0.75,Walking,True,0,0,0
1789904145059,367,673843,1,5872,-4.020043,1,0.75,Walking,True,0,0,0
1789904145059,367,673843,1,5872,-4.020043,1,0.75,Walking,True,0,0,0
1789904145074,368,675256,1,5888,-4.020043,1,0.75,Walking,True,0,0,0
1789904145074,368,675256,1,5888,-4.020043,1,0.75,Walking,True,0,0,0
1789904145074,368,675256,1,5888,-4.020043,1,0.75,Walking,True,0,0,0
1789904145074,368,675256,1,5888,-4.020043,1,0.75,Walking,True,0,0,0
1789904145074,368,675256,1,5888,-4.020043,1,0.75,Walking,True,0,0,0
1789904145074,368,675256,1,5888,-4.020043,1,0.75,Walking,True,0,0,0
1789904145074,368,675256,1,5888,-4.020043,1,0.75,Walking,True,0,0,0
1789904145074,368,675256,1,5888,-4.020043,1,0.75,Walking,True,0,0,0
1789904145090,369,676699,1,5904,-4.020043,1,0.75,Walking,True,0,0,0
1789904145090,369,676699,1,5904,-4.020043,1,0.75,Walking,True,0,0,0
1789904145090,369,676699,1,5904,-4.020043,1,0.75,Walking,True,0,0,0
1789904145090,369,676699,1,5904,-4.020043,1,0.75,Walking,True,0,0,0
1789904145090,369,676699,1,5904,-4.020043,1,0.75,Walking,True,0,0,0
1789904145090,369,676699,1,5904,-4.020043,1,0.75,Walking,True,0,0,0
1789904145090,369,676699,1,5904,-4.020043,1,0.75,Walking,True,0,0,0
1789904145090,369,676699,1,5904,-4.020043,1,0.75,Walking,True,0,0,0
1789904145107,370,678321,1,5920,-4.020043,1,0.75,Walking,True,0,0,0
1789904145107,370,678321,1,5920,-4.020043,1,0.75,Walking,True,0,0,0
1789904145107,370,678321,1,5920,-4.020043,1,0.75,Walking,True,0,0,0
1789904145107,370,678321,1,5920,-4.020043,1,0.75,Walking,True,0,0,0
1789904145107,370,678321,1,5920,-4.020043,1,0.75,Walking,True,0,0,0
1789904145107,370,678321,1,5920,-4.020043,1,0.75,Walking,True,0,0,0
1789904145107,370,678321,1,5920,-4.020043,1,0.75,Walking,True,0,0,0
1789904145107,370,678321,1,5920,-4.020043,1,0.75,Walking,True,0,0,0
1789904145122,371,679977,1,5936,-4.020043,1,0.75,Walking,True,0,0,0
1789904145122,371,679977,1,5936,-4.020043,1,0.75,Walking,True,0,0,0
1789904145122,371,679977,1,5936,-4.020043,1,0.75,Walking,True,0,0,0
1789904145122,371,679977,1,5936,-4.020043,1,0.75,Walking,True,0,0,0
1789904145122,371,679977,1,5936,-4.020043,1,0.75,Walking,True,0,0,0
1789904145122,371,679977,1,5936,-4.020043,1,0.75,Walking,True,0,0,0
1789904145122,371,679977,1,5936,-4.020043,1,0.75,Walking,True,0,0,0
1789904145122,371,679977,1,5936,-4.020043,1,0.75,Walking,True,0,0,0
1789904145137,372,681429,1,5952,-4.020043,1,0.75,Walking,True,0,0,0
1789904145137,372,681429,1,5952,-4.020043,1,0.75,Walking,True,0,0,0
1789904145137,372,681429,1,5952,-4.020043,1,0.75,Walking,True,0,0,0
1789904145137,372,681429,1,5952,-4.020043,1,0.75,Walking,True,0,0,0
1789904145137,372,681429,1,5952,-4.020043,1,0.75,Walking,True,0,0,0
1789904145137,372,681429,1,5952,-4.020043,1,0.75,Walking,True,0,0,0
1789904145138,372,681429,1,5952,-4.020043,1,0.75,Walking,True,0,0,0
1789904145138,372,681429,1,5952,-4.020043,1,0.75,Walking,True,0,0,0
1789904145154,373,682920,1,5968,-4.020043,1,0.75,Walking,True,0,0,0
1789904145154,373,682920,1,5968,-4.020043,1,0.75,Walking,True,0,0,0
1789904145154,373,682920,1,5968,-4.020043,1,0.75,Walking,True,0,0,0
1789904145154,373,682920,1,5968,-4.020043,1,0.75,Walking,True,0,0,0
1789904145154,373,682920,1,5968,-4.020043,1,0.75,Walking,True,0,0,0
1789904145154,373,682920,1,5968,-4.020043,1,0.75,Walking,True,0,0,0
1789904145154,373,682920,1,5968,-4.020043,1,0.75,Walking,True,0,0,0
1789904145154,373,682920,1,5968,-4.020043,1,0.75,Walking,True,0,0,0
1789904145169,374,684458,1,5984,-4.020043,1,0.75,Walking,True,0,0,0
1789904145169,374,684458,1,5984,-4.020043,1,0.75,Walking,True,0,0,0
1789904145169,374,684458,1,5984,-4.020043,1,0.75,Walking,True,0,0,0
1789904145169,374,684458,1,5984,-4.020043,1,0.75,Walking,True,0,0,0
1789904145169,374,684458,1,5984,-4.020043,1,0.75,Walking,True,0,0,0
1789904145169,374,684458,1,5984,-4.020043,1,0.75,Walking,True,0,0,0
1789904145169,374,684458,1,5984,-4.020043,1,0.75,Walking,True,0,0,0
1789904145169,374,684458,1,5984,-4.020043,1,0.75,Walking,True,0,0,0
1789904145185,375,685845,1,6000,-4.020043,1,0.75,Walking,True,0,0,0
1789904145185,375,685845,1,6000,-4.020043,1,0.75,Walking,True,0,0,0
1789904145185,375,685845,1,6000,-4.020043,1,0.75,Walking,True,0,0,0
1789904145185,375,685845,1,6000,-4.020043,1,0.75,Walking,True,0,0,0
1789904145185,375,685845,1,6000,-4.020043,1,0.75,Walking,True,0,0,0
1789904145185,375,685845,1,6000,-4.020043,1,0.75,Walking,True,0,0,0
1789904145185,375,685845,1,6000,-4.020043,1,0.75,Walking,True,0,0,0
1789904145185,375,685845,1,6000,-4.020043,1,0.75,Walking,True,0,0,0
1789904145199,376,687324,1,6016,-4.020043,1,0.75,Walking,True,0,0,0
1789904145199,376,687324,1,6016,-4.020043,1,0.75,Walking,True,0,0,0
1789904145199,376,687324,1,6016,-4.020043,1,0.75,Walking,True,0,0,0
1789904145199,376,687324,1,6016,-4.020043,1,0.75,Walking,True,0,0,0
1789904145200,376,687324,1,6016,-4.020043,1,0.75,Walking,True,0,0,0
1789904145200,376,687324,1,6016,-4.020043,1,0.75,Walking,True,0,0,0
1789904145200,376,687324,1,6016,-4.020043,1,0.75,Walking,True,0,0,0
1789904145200,376,687324,1,6016,-4.020043,1,0.75,Walking,True,0,0,0
1789904145215,377,688731,1,6032,-4.020043,1,0.75,Walking,True,0,0,0
1789904145215,377,688731,1,6032,-4.020043,1,0.75,Walking,True,0,0,0
1789904145215,377,688731,1,6032,-4.020043,1,0.75,Walking,True,0,0,0
1789904145215,377,688731,1,6032,-4.020043,1,0.75,Walking,True,0,0,0
1789904145215,377,688731,1,6032,-4.020043,1,0.75,Walking,True,0,0,0
1789904145215,377,688731,1,6032,-4.020043,1,0.75,Walking,True,0,0,0
1789904145215,377,688731,1,6032,-4.020043,1,0.75,Walking,True,0,0,0
1789904145215,377,688731,1,6032,-4.020043,1,0.75,Walking,True,0,0,0
1789904145232,378,690159,1,6048,-4.020043,1,0.75,Walking,True,0,0,0
1789904145232,378,690159,1,6048,-4.020043,1,0.75,Walking,True,0,0,0
1789904145232,378,690159,1,6048,-4.020043,1,0.75,Walking,True,0,0,0
1789904145232,378,690159,1,6048,-4.020043,1,0.75,Walking,True,0,0,0
1789904145232,378,690159,1,6048,-4.020043,1,0.75,Walking,True,0,0,0
1789904145232,378,690159,1,6048,-4.020043,1,0.75,Walking,True,0,0,0
1789904145232,378,690159,1,6048,-4.020043,1,0.75,Walking,True,0,0,0
1789904145232,378,690159,1,6048,-4.020043,1,0.75,Walking,True,0,0,0
1789904145248,379,691735,1,6064,-4.020043,1,0.75,Walking,True,0,0,0
1789904145248,379,691735,1,6064,-4.020043,1,0.75,Walking,True,0,0,0
1789904145248,379,691735,1,6064,-4.020043,1,0.75,Walking,True,0,0,0
1789904145248,379,691735,1,6064,-4.020043,1,0.75,Walking,True,0,0,0
1789904145248,379,691735,1,6064,-4.020043,1,0.75,Walking,True,0,0,0
1789904145248,379,691735,1,6064,-4.020043,1,0.75,Walking,True,0,0,0
1789904145248,379,691735,1,6064,-4.020043,1,0.75,Walking,True,0,0,0
1789904145248,379,691735,1,6064,-4.020043,1,0.75,Walking,True,0,0,0
1789904145264,380,693373,1,6080,-4.020043,1,0.75,Walking,True,0,0,0
1789904145264,380,693373,1,6080,-4.020043,1,0.75,Walking,True,0,0,0
1789904145264,380,693373,1,6080,-4.020043,1,0.75,Walking,True,0,0,0
1789904145264,380,693373,1,6080,-4.020043,1,0.75,Walking,True,0,0,0
1789904145264,380,693373,1,6080,-4.020043,1,0.75,Walking,True,0,0,0
1789904145264,380,693373,1,6080,-4.020043,1,0.75,Walking,True,0,0,0
1789904145264,380,693373,1,6080,-4.020043,1,0.75,Walking,True,0,0,0
1789904145264,380,693373,1,6080,-4.020043,1,0.75,Walking,True,0,0,0
1789904145279,381,694835,1,6096,-4.020043,1,0.75,Walking,True,0,0,0
1789904145279,381,694835,1,6096,-4.020043,1,0.75,Walking,True,0,0,0
1789904145279,381,694835,1,6096,-4.020043,1,0.75,Walking,True,0,0,0
1789904145279,381,694835,1,6096,-4.020043,1,0.75,Walking,True,0,0,0
1789904145279,381,694835,1,6096,-4.020043,1,0.75,Walking,True,0,0,0
1789904145279,381,694835,1,6096,-4.020043,1,0.75,Walking,True,0,0,0
1789904145279,381,694835,1,6096,-4.020043,1,0.75,Walking,True,0,0,0
1789904145279,381,694835,1,6096,-4.020043,1,0.75,Walking,True,0,0,0
1789904145295,382,696337,1,6112,-4.020043,1,0.75,Walking,True,0,0,0
1789904145295,382,696337,1,6112,-4.020043,1,0.75,Walking,True,0,0,0
1789904145295,382,696337,1,6112,-4.020043,1,0.75,Walking,True,0,0,0
1789904145295,382,696337,1,6112,-4.020043,1,0.75,Walking,True,0,0,0
1789904145295,382,696337,1,6112,-4.020043,1,0.75,Walking,True,0,0,0
1789904145295,382,696337,1,6112,-4.020043,1,0.75,Walking,True,0,0,0
1789904145295,382,696337,1,6112,-4.020043,1,0.75,Walking,True,0,0,0
1789904145295,382,696337,1,6112,-4.020043,1,0.75,Walking,True,0,0,0
1789904145310,383,697787,1,6128,-4.020043,1,0.75,Walking,True,0,0,0
1789904145310,383,697787,1,6128,-4.020043,1,0.75,Walking,True,0,0,0
1789904145310,383,697787,1,6128,-4.020043,1,0.75,Walking,True,0,0,0
1789904145310,383,697787,1,6128,-4.020043,1,0.75,Walking,True,0,0,0
1789904145310,383,697787,1,6128,-4.020043,1,0.75,Walking,True,0,0,0
1789904145310,383,697787,1,6128,-4.020043,1,0.75,Walking,True,0,0,0
1789904145310,383,697787,1,6128,-4.020043,1,0.75,Walking,True,0,0,0
1789904145310,383,697787,1,6128,-4.020043,1,0.75,Walking,True,0,0,0
1789904145327,384,699176,1,6144,-4.020043,1,0.75,Walking,True,0,0,0
1789904145327,384,699176,1,6144,-4.020043,1,0.75,Walking,True,0,0,0
1789904145327,384,699176,1,6144,-4.020043,1,0.75,Walking,True,0,0,0
1789904145327,384,699176,1,6144,-4.020043,1,0.75,Walking,True,0,0,0
1789904145327,384,699176,1,6144,-4.020043,1,0.75,Walking,True,0,0,0
1789904145327,384,699176,1,6144,-4.020043,1,0.75,Walking,True,0,0,0
1789904145327,384,699176,1,6144,-4.020043,1,0.75,Walking,True,0,0,0
1789904145327,384,699176,1,6144,-4.020043,1,0.75,Walking,True,0,0,0
1789904145341,385,700631,1,6160,-4.020043,1,0.75,Walking,True,0,0,0
1789904145341,385,700631,1,6160,-4.020043,1,0.75,Walking,True,0,0,0
1789904145341,385,700631,1,6160,-4.020043,1,0.75,Walking,True,0,0,0
1789904145341,385,700631,1,6160,-4.020043,1,0.75,Walking,True,0,0,0
1789904145341,385,700631,1,6160,-4.020043,1,0.75,Walking,True,0,0,0
1789904145341,385,700631,1,6160,-4.020043,1,0.75,Walking,True,0,0,0
1789904145341,385,700631,1,6160,-4.020043,1,0.75,Walking,True,0,0,0
1789904145341,385,700631,1,6160,-4.020043,1,0.75,Walking,True,0,0,0
1789904145356,386,701928,1,6176,-4.020043,1,0.75,Walking,True,0,0,0
1789904145356,386,701928,1,6176,-4.020043,1,0.75,Walking,True,0,0,0
1789904145356,386,701928,1,6176,-4.020043,1,0.75,Walking,True,0,0,0
1789904145356,386,701928,1,6176,-4.020043,1,0.75,Walking,True,0,0,0
1789904145356,386,701928,1,6176,-4.020043,1,0.75,Walking,True,0,0,0
1789904145356,386,701928,1,6176,-4.020043,1,0.75,Walking,True,0,0,0
1789904145356,386,701928,1,6176,-4.020043,1,0.75,Walking,True,0,0,0
1789904145356,386,701928,1,6176,-4.020043,1,0.75,Walking,True,0,0,0
1789904145371,387,703372,1,6192,-4.020043,1,0.75,Walking,True,0,0,0
1789904145371,387,703372,1,6192,-4.020043,1,0.75,Walking,True,0,0,0
1789904145371,387,703372,1,6192,-4.020043,1,0.75,Walking,True,0,0,0
1789904145371,387,703372,1,6192,-4.020043,1,0.75,Walking,True,0,0,0
1789904145371,387,703372,1,6192,-4.020043,1,0.75,Walking,True,0,0,0
1789904145371,387,703372,1,6192,-4.020043,1,0.75,Walking,True,0,0,0
1789904145371,387,703372,1,6192,-4.020043,1,0.75,Walking,True,0,0,0
1789904145371,387,703372,1,6192,-4.020043,1,0.75,Walking,True,0,0,0
1789904145387,388,704758,1,6208,-4.020043,1,0.75,Walking,True,0,0,0
1789904145387,388,704758,1,6208,-4.020043,1,0.75,Walking,True,0,0,0
1789904145387,388,704758,1,6208,-4.020043,1,0.75,Walking,True,0,0,0
1789904145387,388,704758,1,6208,-4.020043,1,0.75,Walking,True,0,0,0
1789904145387,388,704758,1,6208,-4.020043,1,0.75,Walking,True,0,0,0
1789904145387,388,704758,1,6208,-4.020043,1,0.75,Walking,True,0,0,0
1789904145387,388,704758,1,6208,-4.020043,1,0.75,Walking,True,0,0,0
1789904145387,388,704758,1,6208,-4.020043,1,0.75,Walking,True,0,0,0
1789904145403,389,706156,1,6224,-4.020043,1,0.75,Walking,True,0,0,0
1789904145403,389,706156,1,6224,-4.020043,1,0.75,Walking,True,0,0,0
1789904145403,389,706156,1,6224,-4.020043,1,0.75,Walking,True,0,0,0
1789904145403,389,706156,1,6224,-4.020043,1,0.75,Walking,True,0,0,0
1789904145403,389,706156,1,6224,-4.020043,1,0.75,Walking,True,0,0,0
1789904145403,389,706156,1,6224,-4.020043,1,0.75,Walking,True,0,0,0
1789904145403,389,706156,1,6224,-4.020043,1,0.75,Walking,True,0,0,0
1789904145403,389,706156,1,6224,-4.020043,1,0.75,Walking,True,0,0,0
1789904145420,390,707723,1,6240,-4.020043,1,0.75,Walking,True,0,0,0
1789904145420,390,707723,1,6240,-4.020043,1,0.75,Walking,True,0,0,0
1789904145420,390,707723,1,6240,-4.020043,1,0.75,Walking,True,0,0,0
1789904145420,390,707723,1,6240,-4.020043,1,0.75,Walking,True,0,0,0
1789904145420,390,707723,1,6240,-4.020043,1,0.75,Walking,True,0,0,0
1789904145420,390,707723,1,6240,-4.020043,1,0.75,Walking,True,0,0,0
1789904145420,390,707723,1,6240,-4.020043,1,0.75,Walking,True,0,0,0
1789904145420,390,707723,1,6240,-4.020043,1,0.75,Walking,True,0,0,0
1789904145435,391,709338,1,6256,-4.020043,1,0.75,Walking,True,0,0,0
1789904145435,391,709338,1,6256,-4.020043,1,0.75,Walking,True,0,0,0
1789904145435,391,709338,1,6256,-4.020043,1,0.75,Walking,True,0,0,0
1789904145435,391,709338,1,6256,-4.020043,1,0.75,Walking,True,0,0,0
1789904145435,391,709338,1,6256,-4.020043,1,0.75,Walking,True,0,0,0
1789904145435,391,709338,1,6256,-4.020043,1,0.75,Walking,True,0,0,0
1789904145435,391,709338,1,6256,-4.020043,1,0.75,Walking,True,0,0,0
1789904145435,391,709338,1,6256,-4.020043,1,0.75,Walking,True,0,0,0
1789904145450,392,710768,1,6272,-4.020043,1,0.75,Walking,True,0,0,0
1789904145450,392,710768,1,6272,-4.020043,1,0.75,Walking,True,0,0,0
1789904145450,392,710768,1,6272,-4.020043,1,0.75,Walking,True,0,0,0
1789904145450,392,710768,1,6272,-4.020043,1,0.75,Walking,True,0,0,0
1789904145450,392,710768,1,6272,-4.020043,1,0.75,Walking,True,0,0,0
1789904145450,392,710768,1,6272,-4.020043,1,0.75,Walking,True,0,0,0
1789904145450,392,710768,1,6272,-4.020043,1,0.75,Walking,True,0,0,0
1789904145450,392,710768,1,6272,-4.020043,1,0.75,Walking,True,0,0,0
1789904145481,393,712205,1,6288,-4.020043,1,0.75,Walking,True,0,0,0
1789904145481,393,712205,1,6288,-4.020043,1,0.75,Walking,True,0,0,0
1789904145481,393,712205,1,6288,-4.020043,1,0.75,Walking,True,0,0,0
1789904145481,393,712205,1,6288,-4.020043,1,0.75,Walking,True,0,0,0
1789904145481,393,712205,1,6288,-4.020043,1,0.75,Walking,True,0,0,0
1789904145481,393,712205,1,6288,-4.020043,1,0.75,Walking,True,0,0,0
1789904145481,393,712205,1,6288,-4.020043,1,0.75,Walking,True,0,0,0
1789904145481,393,712205,1,6288,-4.020043,1,0.75,Walking,True,0,0,0
1789904145511,395,715316,1,6320,-4.020043,1,0.75,Walking,True,0,0,0
1789904145511,395,715316,1,6320,-4.020043,1,0.75,Walking,True,0,0,0
1789904145511,395,715316,1,6320,-4.020043,1,0.75,Walking,True,0,0,0
1789904145511,395,715316,1,6320,-4.020043,1,0.75,Walking,True,0,0,0
1789904145511,395,715316,1,6320,-4.020043,1,0.75,Walking,True,0,0,0
1789904145511,395,715316,1,6320,-4.020043,1,0.75,Walking,True,0,0,0
1789904145511,395,715316,1,6320,-4.020043,1,0.75,Walking,True,0,0,0
1789904145511,395,715316,1,6320,-4.020043,1,0.75,Walking,True,0,0,0
1789904153506,395,1875390,2,6320,-4.020043,1,0.75,Walking,True,0,0,0
1789904153506,395,1875390,2,6320,-4.020043,1,0.75,Walking,True,0,0,0
1789904153506,395,1875390,2,6320,-4.020043,1,0.75,Walking,True,0,0,0
1789904153506,395,1875390,2,6320,-4.020043,1,0.75,Walking,True,0,0,0
1789904153506,395,1875390,2,6320,-4.020043,1,0.75,Walking,True,0,0,0
1789904153506,395,1875390,2,6320,-4.020043,1,0.75,Walking,True,0,0,0
1789904153506,395,1875390,2,6320,-4.020043,1,0.75,Walking,True,0,0,0
1789904153506,395,1875390,2,6320,-4.020043,1,0.75,Walking,True,0,0,0
1789904160680,395,2898299,3,6320,-4.020043,1,0.75,Walking,True,0,0,0
1789904160680,395,2898299,3,6320,-4.020043,1,0.75,Walking,True,0,0,0
1789904160680,395,2898299,3,6320,-4.020043,1,0.75,Walking,True,0,0,0
1789904160680,395,2898299,3,6320,-4.020043,1,0.75,Walking,True,0,0,0
1789904160680,395,2898299,3,6320,-4.020043,1,0.75,Walking,True,0,0,0
1789904160680,395,2898299,3,6320,-4.020043,1,0.75,Walking,True,0,0,0
1789904160680,395,2898299,3,6320,-4.020043,1,0.75,Walking,True,0,0,0
1789904160680,395,2898299,3,6320,-4.020043,1,0.75,Walking,True,0,0,0
# 对手 SP 侧收到的真实 DS 权威快照轨迹
1789904138328,0,0,1,0,-3,1,-0.75,Walking,True,0,0,0
1789904138359,1,5886,1,16,-2.99488,1,-0.75,Walking,True,0.32,0,0
1789904138359,1,5886,1,16,-2.99488,1,-0.75,Walking,True,0.32,0,0
1789904138359,1,5886,1,16,-2.99488,1,-0.75,Walking,True,0.32,0,0
1789904138359,1,5886,1,16,-2.99488,1,-0.75,Walking,True,0.32,0,0
1789904138359,1,5886,1,16,-2.99488,1,-0.75,Walking,True,0.32,0,0
1789904138359,1,5886,1,16,-2.99488,1,-0.75,Walking,True,0.32,0,0
1789904138359,1,5886,1,16,-2.99488,1,-0.75,Walking,True,0.32,0,0
1789904138359,1,5886,1,16,-2.99488,1,-0.75,Walking,True,0.32,0,0
1789904138376,2,7452,1,32,-2.98464,1,-0.75,Walking,True,0.64,0,0
1789904138376,2,7452,1,32,-2.98464,1,-0.75,Walking,True,0.64,0,0
1789904138376,2,7452,1,32,-2.98464,1,-0.75,Walking,True,0.64,0,0
1789904138376,2,7452,1,32,-2.98464,1,-0.75,Walking,True,0.64,0,0
1789904138376,2,7452,1,32,-2.98464,1,-0.75,Walking,True,0.64,0,0
1789904138376,2,7452,1,32,-2.98464,1,-0.75,Walking,True,0.64,0,0
1789904138376,2,7452,1,32,-2.98464,1,-0.75,Walking,True,0.64,0,0
1789904138376,2,7452,1,32,-2.98464,1,-0.75,Walking,True,0.64,0,0
1789904138389,3,9155,1,48,-2.96928,1,-0.75,Walking,True,0.96,0,0
1789904138389,3,9155,1,48,-2.96928,1,-0.75,Walking,True,0.96,0,0
1789904138389,3,9155,1,48,-2.96928,1,-0.75,Walking,True,0.96,0,0
1789904138389,3,9155,1,48,-2.96928,1,-0.75,Walking,True,0.96,0,0
1789904138389,3,9155,1,48,-2.96928,1,-0.75,Walking,True,0.96,0,0
1789904138389,3,9155,1,48,-2.96928,1,-0.75,Walking,True,0.96,0,0
1789904138389,3,9155,1,48,-2.96928,1,-0.75,Walking,True,0.96,0,0
1789904138389,3,9155,1,48,-2.96928,1,-0.75,Walking,True,0.96,0,0
1789904138405,4,10416,1,64,-2.9488,1,-0.75,Walking,True,1.28,0,0
1789904138405,4,10416,1,64,-2.9488,1,-0.75,Walking,True,1.28,0,0
1789904138405,4,10416,1,64,-2.9488,1,-0.75,Walking,True,1.28,0,0
1789904138405,4,10416,1,64,-2.9488,1,-0.75,Walking,True,1.28,0,0
1789904138405,4,10416,1,64,-2.9488,1,-0.75,Walking,True,1.28,0,0
1789904138405,4,10416,1,64,-2.9488,1,-0.75,Walking,True,1.28,0,0
1789904138405,4,10416,1,64,-2.9488,1,-0.75,Walking,True,1.28,0,0
1789904138405,4,10416,1,64,-2.9488,1,-0.75,Walking,True,1.28,0,0
1789904138420,5,11888,1,80,-2.9232,1,-0.75,Walking,True,1.6,0,0
1789904138420,5,11888,1,80,-2.9232,1,-0.75,Walking,True,1.6,0,0
1789904138420,5,11888,1,80,-2.9232,1,-0.75,Walking,True,1.6,0,0
1789904138421,5,11888,1,80,-2.9232,1,-0.75,Walking,True,1.6,0,0
1789904138421,5,11888,1,80,-2.9232,1,-0.75,Walking,True,1.6,0,0
1789904138421,5,11888,1,80,-2.9232,1,-0.75,Walking,True,1.6,0,0
1789904138421,5,11888,1,80,-2.9232,1,-0.75,Walking,True,1.6,0,0
1789904138421,5,11888,1,80,-2.9232,1,-0.75,Walking,True,1.6,0,0
1789904138436,6,13457,1,96,-2.89248,1,-0.75,Walking,True,1.92,0,0
1789904138436,6,13457,1,96,-2.89248,1,-0.75,Walking,True,1.92,0,0
1789904138436,6,13457,1,96,-2.89248,1,-0.75,Walking,True,1.92,0,0
1789904138436,6,13457,1,96,-2.89248,1,-0.75,Walking,True,1.92,0,0
1789904138436,6,13457,1,96,-2.89248,1,-0.75,Walking,True,1.92,0,0
1789904138436,6,13457,1,96,-2.89248,1,-0.75,Walking,True,1.92,0,0
1789904138436,6,13457,1,96,-2.89248,1,-0.75,Walking,True,1.92,0,0
1789904138436,6,13457,1,96,-2.89248,1,-0.75,Walking,True,1.92,0,0
1789904138451,7,14996,1,112,-2.85664,1,-0.75,Walking,True,2.24,0,0
1789904138451,7,14996,1,112,-2.85664,1,-0.75,Walking,True,2.24,0,0
1789904138451,7,14996,1,112,-2.85664,1,-0.75,Walking,True,2.24,0,0
1789904138451,7,14996,1,112,-2.85664,1,-0.75,Walking,True,2.24,0,0
1789904138451,7,14996,1,112,-2.85664,1,-0.75,Walking,True,2.24,0,0
1789904138451,7,14996,1,112,-2.85664,1,-0.75,Walking,True,2.24,0,0
1789904138451,7,14996,1,112,-2.85664,1,-0.75,Walking,True,2.24,0,0
1789904138451,7,14996,1,112,-2.85664,1,-0.75,Walking,True,2.24,0,0
1789904138467,8,16427,1,128,-2.81568,1,-0.75,Walking,True,2.56,0,0
1789904138467,8,16427,1,128,-2.81568,1,-0.75,Walking,True,2.56,0,0
1789904138467,8,16427,1,128,-2.81568,1,-0.75,Walking,True,2.56,0,0
1789904138467,8,16427,1,128,-2.81568,1,-0.75,Walking,True,2.56,0,0
1789904138467,8,16427,1,128,-2.81568,1,-0.75,Walking,True,2.56,0,0
1789904138467,8,16427,1,128,-2.81568,1,-0.75,Walking,True,2.56,0,0
1789904138467,8,16427,1,128,-2.81568,1,-0.75,Walking,True,2.56,0,0
1789904138467,8,16427,1,128,-2.81568,1,-0.75,Walking,True,2.56,0,0
1789904138483,9,18062,1,144,-2.7696,1,-0.75,Walking,True,2.88,0,0
1789904138483,9,18062,1,144,-2.7696,1,-0.75,Walking,True,2.88,0,0
1789904138483,9,18062,1,144,-2.7696,1,-0.75,Walking,True,2.88,0,0
1789904138483,9,18062,1,144,-2.7696,1,-0.75,Walking,True,2.88,0,0
1789904138483,9,18062,1,144,-2.7696,1,-0.75,Walking,True,2.88,0,0
1789904138483,9,18062,1,144,-2.7696,1,-0.75,Walking,True,2.88,0,0
1789904138483,9,18062,1,144,-2.7696,1,-0.75,Walking,True,2.88,0,0
1789904138483,9,18062,1,144,-2.7696,1,-0.75,Walking,True,2.88,0,0
1789904138498,10,19580,1,160,-2.7184,1,-0.75,Walking,True,3.2,0,0
1789904138498,10,19580,1,160,-2.7184,1,-0.75,Walking,True,3.2,0,0
1789904138498,10,19580,1,160,-2.7184,1,-0.75,Walking,True,3.2,0,0
1789904138498,10,19580,1,160,-2.7184,1,-0.75,Walking,True,3.2,0,0
1789904138498,10,19580,1,160,-2.7184,1,-0.75,Walking,True,3.2,0,0
1789904138499,10,19580,1,160,-2.7184,1,-0.75,Walking,True,3.2,0,0
1789904138499,10,19580,1,160,-2.7184,1,-0.75,Walking,True,3.2,0,0
1789904138499,10,19580,1,160,-2.7184,1,-0.75,Walking,True,3.2,0,0
1789904138515,11,21089,1,176,-2.66208,1,-0.75,Walking,True,3.52,0,0
1789904138515,11,21089,1,176,-2.66208,1,-0.75,Walking,True,3.52,0,0
1789904138515,11,21089,1,176,-2.66208,1,-0.75,Walking,True,3.52,0,0
1789904138515,11,21089,1,176,-2.66208,1,-0.75,Walking,True,3.52,0,0
1789904138515,11,21089,1,176,-2.66208,1,-0.75,Walking,True,3.52,0,0
1789904138515,11,21089,1,176,-2.66208,1,-0.75,Walking,True,3.52,0,0
1789904138515,11,21089,1,176,-2.66208,1,-0.75,Walking,True,3.52,0,0
1789904138515,11,21089,1,176,-2.66208,1,-0.75,Walking,True,3.52,0,0
1789904138531,12,22600,1,192,-2.60064,1,-0.75,Walking,True,3.84,0,0
1789904138531,12,22600,1,192,-2.60064,1,-0.75,Walking,True,3.84,0,0
1789904138531,12,22600,1,192,-2.60064,1,-0.75,Walking,True,3.84,0,0
1789904138531,12,22600,1,192,-2.60064,1,-0.75,Walking,True,3.84,0,0
1789904138531,12,22600,1,192,-2.60064,1,-0.75,Walking,True,3.84,0,0
1789904138531,12,22600,1,192,-2.60064,1,-0.75,Walking,True,3.84,0,0
1789904138531,12,22600,1,192,-2.60064,1,-0.75,Walking,True,3.84,0,0
1789904138531,12,22600,1,192,-2.60064,1,-0.75,Walking,True,3.84,0,0
1789904138546,13,23974,1,208,-2.53824,1,-0.75,Walking,True,3.9,0,0
1789904138546,13,23974,1,208,-2.53824,1,-0.75,Walking,True,3.9,0,0
1789904138546,13,23974,1,208,-2.53824,1,-0.75,Walking,True,3.9,0,0
1789904138546,13,23974,1,208,-2.53824,1,-0.75,Walking,True,3.9,0,0
1789904138546,13,23974,1,208,-2.53824,1,-0.75,Walking,True,3.9,0,0
1789904138546,13,23974,1,208,-2.53824,1,-0.75,Walking,True,3.9,0,0
1789904138546,13,23974,1,208,-2.53824,1,-0.75,Walking,True,3.9,0,0
1789904138546,13,23974,1,208,-2.53824,1,-0.75,Walking,True,3.9,0,0
1789904138562,14,25347,1,224,-2.47584,1,-0.75,Walking,True,3.9,0,0
1789904138562,14,25347,1,224,-2.47584,1,-0.75,Walking,True,3.9,0,0
1789904138562,14,25347,1,224,-2.47584,1,-0.75,Walking,True,3.9,0,0
1789904138562,14,25347,1,224,-2.47584,1,-0.75,Walking,True,3.9,0,0
1789904138562,14,25347,1,224,-2.47584,1,-0.75,Walking,True,3.9,0,0
1789904138562,14,25347,1,224,-2.47584,1,-0.75,Walking,True,3.9,0,0
1789904138562,14,25347,1,224,-2.47584,1,-0.75,Walking,True,3.9,0,0
1789904138562,14,25347,1,224,-2.47584,1,-0.75,Walking,True,3.9,0,0
1789904138578,15,26831,1,240,-2.41344,1,-0.75,Walking,True,3.9,0,0
1789904138578,15,26831,1,240,-2.41344,1,-0.75,Walking,True,3.9,0,0
1789904138578,15,26831,1,240,-2.41344,1,-0.75,Walking,True,3.9,0,0
1789904138578,15,26831,1,240,-2.41344,1,-0.75,Walking,True,3.9,0,0
1789904138578,15,26831,1,240,-2.41344,1,-0.75,Walking,True,3.9,0,0
1789904138578,15,26831,1,240,-2.41344,1,-0.75,Walking,True,3.9,0,0
1789904138578,15,26831,1,240,-2.41344,1,-0.75,Walking,True,3.9,0,0
1789904138578,15,26831,1,240,-2.41344,1,-0.75,Walking,True,3.9,0,0
1789904138593,16,28176,1,256,-2.351039,1,-0.75,Walking,True,3.9,0,0
1789904138593,16,28176,1,256,-2.351039,1,-0.75,Walking,True,3.9,0,0
1789904138593,16,28176,1,256,-2.351039,1,-0.75,Walking,True,3.9,0,0
1789904138593,16,28176,1,256,-2.351039,1,-0.75,Walking,True,3.9,0,0
1789904138593,16,28176,1,256,-2.351039,1,-0.75,Walking,True,3.9,0,0
1789904138593,16,28176,1,256,-2.351039,1,-0.75,Walking,True,3.9,0,0
1789904138593,16,28176,1,256,-2.351039,1,-0.75,Walking,True,3.9,0,0
1789904138593,16,28176,1,256,-2.351039,1,-0.75,Walking,True,3.9,0,0
1789904138610,17,29587,1,272,-2.288639,1,-0.75,Walking,True,3.9,0,0
1789904138610,17,29587,1,272,-2.288639,1,-0.75,Walking,True,3.9,0,0
1789904138610,17,29587,1,272,-2.288639,1,-0.75,Walking,True,3.9,0,0
1789904138610,17,29587,1,272,-2.288639,1,-0.75,Walking,True,3.9,0,0
1789904138610,17,29587,1,272,-2.288639,1,-0.75,Walking,True,3.9,0,0
1789904138610,17,29587,1,272,-2.288639,1,-0.75,Walking,True,3.9,0,0
1789904138610,17,29587,1,272,-2.288639,1,-0.75,Walking,True,3.9,0,0
1789904138610,17,29587,1,272,-2.288639,1,-0.75,Walking,True,3.9,0,0
1789904138625,18,31101,1,288,-2.226239,1,-0.75,Walking,True,3.9,0,0
1789904138625,18,31101,1,288,-2.226239,1,-0.75,Walking,True,3.9,0,0
1789904138625,18,31101,1,288,-2.226239,1,-0.75,Walking,True,3.9,0,0
1789904138625,18,31101,1,288,-2.226239,1,-0.75,Walking,True,3.9,0,0
1789904138625,18,31101,1,288,-2.226239,1,-0.75,Walking,True,3.9,0,0
1789904138625,18,31101,1,288,-2.226239,1,-0.75,Walking,True,3.9,0,0
1789904138625,18,31101,1,288,-2.226239,1,-0.75,Walking,True,3.9,0,0
1789904138625,18,31101,1,288,-2.226239,1,-0.75,Walking,True,3.9,0,0
1789904138640,19,32540,1,304,-2.163839,1,-0.75,Walking,True,3.9,0,0
1789904138640,19,32540,1,304,-2.163839,1,-0.75,Walking,True,3.9,0,0
1789904138640,19,32540,1,304,-2.163839,1,-0.75,Walking,True,3.9,0,0
1789904138640,19,32540,1,304,-2.163839,1,-0.75,Walking,True,3.9,0,0
1789904138640,19,32540,1,304,-2.163839,1,-0.75,Walking,True,3.9,0,0
1789904138640,19,32540,1,304,-2.163839,1,-0.75,Walking,True,3.9,0,0
1789904138640,19,32540,1,304,-2.163839,1,-0.75,Walking,True,3.9,0,0
1789904138640,19,32540,1,304,-2.163839,1,-0.75,Walking,True,3.9,0,0
1789904138655,20,33939,1,320,-2.101439,1,-0.75,Walking,True,3.9,0,0
1789904138655,20,33939,1,320,-2.101439,1,-0.75,Walking,True,3.9,0,0
1789904138655,20,33939,1,320,-2.101439,1,-0.75,Walking,True,3.9,0,0
1789904138655,20,33939,1,320,-2.101439,1,-0.75,Walking,True,3.9,0,0
1789904138655,20,33939,1,320,-2.101439,1,-0.75,Walking,True,3.9,0,0
1789904138655,20,33939,1,320,-2.101439,1,-0.75,Walking,True,3.9,0,0
1789904138655,20,33939,1,320,-2.101439,1,-0.75,Walking,True,3.9,0,0
1789904138655,20,33939,1,320,-2.101439,1,-0.75,Walking,True,3.9,0,0
1789904138671,21,35387,1,336,-2.039039,1,-0.75,Walking,True,3.9,0,0
1789904138671,21,35387,1,336,-2.039039,1,-0.75,Walking,True,3.9,0,0
1789904138671,21,35387,1,336,-2.039039,1,-0.75,Walking,True,3.9,0,0
1789904138671,21,35387,1,336,-2.039039,1,-0.75,Walking,True,3.9,0,0
1789904138671,21,35387,1,336,-2.039039,1,-0.75,Walking,True,3.9,0,0
1789904138671,21,35387,1,336,-2.039039,1,-0.75,Walking,True,3.9,0,0
1789904138671,21,35387,1,336,-2.039039,1,-0.75,Walking,True,3.9,0,0
1789904138671,21,35387,1,336,-2.039039,1,-0.75,Walking,True,3.9,0,0
1789904138685,22,36773,1,352,-1.976639,1,-0.75,Walking,True,3.9,0,0
1789904138685,22,36773,1,352,-1.976639,1,-0.75,Walking,True,3.9,0,0
1789904138686,22,36773,1,352,-1.976639,1,-0.75,Walking,True,3.9,0,0
1789904138686,22,36773,1,352,-1.976639,1,-0.75,Walking,True,3.9,0,0
1789904138686,22,36773,1,352,-1.976639,1,-0.75,Walking,True,3.9,0,0
1789904138686,22,36773,1,352,-1.976639,1,-0.75,Walking,True,3.9,0,0
1789904138686,22,36773,1,352,-1.976639,1,-0.75,Walking,True,3.9,0,0
1789904138686,22,36773,1,352,-1.976639,1,-0.75,Walking,True,3.9,0,0
1789904138700,23,38151,1,368,-1.914239,1,-0.75,Walking,True,3.9,0,0
1789904138700,23,38151,1,368,-1.914239,1,-0.75,Walking,True,3.9,0,0
1789904138700,23,38151,1,368,-1.914239,1,-0.75,Walking,True,3.9,0,0
1789904138700,23,38151,1,368,-1.914239,1,-0.75,Walking,True,3.9,0,0
1789904138700,23,38151,1,368,-1.914239,1,-0.75,Walking,True,3.9,0,0
1789904138700,23,38151,1,368,-1.914239,1,-0.75,Walking,True,3.9,0,0
1789904138700,23,38151,1,368,-1.914239,1,-0.75,Walking,True,3.9,0,0
1789904138701,23,38151,1,368,-1.914239,1,-0.75,Walking,True,3.9,0,0
1789904138716,24,39577,1,384,-1.851839,1,-0.75,Walking,True,3.9,0,0
1789904138716,24,39577,1,384,-1.851839,1,-0.75,Walking,True,3.9,0,0
1789904138716,24,39577,1,384,-1.851839,1,-0.75,Walking,True,3.9,0,0
1789904138716,24,39577,1,384,-1.851839,1,-0.75,Walking,True,3.9,0,0
1789904138716,24,39577,1,384,-1.851839,1,-0.75,Walking,True,3.9,0,0
1789904138716,24,39577,1,384,-1.851839,1,-0.75,Walking,True,3.9,0,0
1789904138716,24,39577,1,384,-1.851839,1,-0.75,Walking,True,3.9,0,0
1789904138716,24,39577,1,384,-1.851839,1,-0.75,Walking,True,3.9,0,0
1789904138732,25,41121,1,400,-1.789439,1,-0.75,Walking,True,3.9,0,0
1789904138732,25,41121,1,400,-1.789439,1,-0.75,Walking,True,3.9,0,0
1789904138732,25,41121,1,400,-1.789439,1,-0.75,Walking,True,3.9,0,0
1789904138732,25,41121,1,400,-1.789439,1,-0.75,Walking,True,3.9,0,0
1789904138732,25,41121,1,400,-1.789439,1,-0.75,Walking,True,3.9,0,0
1789904138732,25,41121,1,400,-1.789439,1,-0.75,Walking,True,3.9,0,0
1789904138732,25,41121,1,400,-1.789439,1,-0.75,Walking,True,3.9,0,0
1789904138732,25,41121,1,400,-1.789439,1,-0.75,Walking,True,3.9,0,0
1789904138747,26,42641,1,416,-1.727039,1,-0.75,Walking,True,3.9,0,0
1789904138747,26,42641,1,416,-1.727039,1,-0.75,Walking,True,3.9,0,0
1789904138747,26,42641,1,416,-1.727039,1,-0.75,Walking,True,3.9,0,0
1789904138747,26,42641,1,416,-1.727039,1,-0.75,Walking,True,3.9,0,0
1789904138747,26,42641,1,416,-1.727039,1,-0.75,Walking,True,3.9,0,0
1789904138747,26,42641,1,416,-1.727039,1,-0.75,Walking,True,3.9,0,0
1789904138747,26,42641,1,416,-1.727039,1,-0.75,Walking,True,3.9,0,0
1789904138747,26,42641,1,416,-1.727039,1,-0.75,Walking,True,3.9,0,0
1789904138763,27,44138,1,432,-1.664639,1,-0.75,Walking,True,3.9,0,0
1789904138763,27,44138,1,432,-1.664639,1,-0.75,Walking,True,3.9,0,0
1789904138763,27,44138,1,432,-1.664639,1,-0.75,Walking,True,3.9,0,0
1789904138763,27,44138,1,432,-1.664639,1,-0.75,Walking,True,3.9,0,0
1789904138763,27,44138,1,432,-1.664639,1,-0.75,Walking,True,3.9,0,0
1789904138763,27,44138,1,432,-1.664639,1,-0.75,Walking,True,3.9,0,0
1789904138763,27,44138,1,432,-1.664639,1,-0.75,Walking,True,3.9,0,0
1789904138763,27,44138,1,432,-1.664639,1,-0.75,Walking,True,3.9,0,0
1789904138779,28,45553,1,448,-1.602239,1,-0.75,Walking,True,3.9,0,0
1789904138779,28,45553,1,448,-1.602239,1,-0.75,Walking,True,3.9,0,0
1789904138779,28,45553,1,448,-1.602239,1,-0.75,Walking,True,3.9,0,0
1789904138779,28,45553,1,448,-1.602239,1,-0.75,Walking,True,3.9,0,0
1789904138780,28,45553,1,448,-1.602239,1,-0.75,Walking,True,3.9,0,0
1789904138780,28,45553,1,448,-1.602239,1,-0.75,Walking,True,3.9,0,0
1789904138780,28,45553,1,448,-1.602239,1,-0.75,Walking,True,3.9,0,0
1789904138780,28,45553,1,448,-1.602239,1,-0.75,Walking,True,3.9,0,0
1789904138795,29,47069,1,464,-1.539839,1,-0.75,Walking,True,3.9,0,0
1789904138795,29,47069,1,464,-1.539839,1,-0.75,Walking,True,3.9,0,0
1789904138795,29,47069,1,464,-1.539839,1,-0.75,Walking,True,3.9,0,0
1789904138795,29,47069,1,464,-1.539839,1,-0.75,Walking,True,3.9,0,0
1789904138795,29,47069,1,464,-1.539839,1,-0.75,Walking,True,3.9,0,0
1789904138795,29,47069,1,464,-1.539839,1,-0.75,Walking,True,3.9,0,0
1789904138795,29,47069,1,464,-1.539839,1,-0.75,Walking,True,3.9,0,0
1789904138795,29,47069,1,464,-1.539839,1,-0.75,Walking,True,3.9,0,0
1789904138810,30,48542,1,480,-1.477439,1,-0.75,Walking,True,3.9,0,0
1789904138810,30,48542,1,480,-1.477439,1,-0.75,Walking,True,3.9,0,0
1789904138810,30,48542,1,480,-1.477439,1,-0.75,Walking,True,3.9,0,0
1789904138810,30,48542,1,480,-1.477439,1,-0.75,Walking,True,3.9,0,0
1789904138810,30,48542,1,480,-1.477439,1,-0.75,Walking,True,3.9,0,0
1789904138810,30,48542,1,480,-1.477439,1,-0.75,Walking,True,3.9,0,0
1789904138810,30,48542,1,480,-1.477439,1,-0.75,Walking,True,3.9,0,0
1789904138810,30,48542,1,480,-1.477439,1,-0.75,Walking,True,3.9,0,0
1789904138841,31,49921,1,496,-1.415039,1,-0.75,Walking,True,3.9,0,0
1789904138841,31,49921,1,496,-1.415039,1,-0.75,Walking,True,3.9,0,0
1789904138841,31,49921,1,496,-1.415039,1,-0.75,Walking,True,3.9,0,0
1789904138841,31,49921,1,496,-1.415039,1,-0.75,Walking,True,3.9,0,0
1789904138841,31,49921,1,496,-1.415039,1,-0.75,Walking,True,3.9,0,0
1789904138841,31,49921,1,496,-1.415039,1,-0.75,Walking,True,3.9,0,0
1789904138841,31,49921,1,496,-1.415039,1,-0.75,Walking,True,3.9,0,0
1789904138841,31,49921,1,496,-1.415039,1,-0.75,Walking,True,3.9,0,0
1789904138856,32,52918,1,512,-1.352639,1,-0.75,Walking,True,3.9,0,0
1789904138856,32,52918,1,512,-1.352639,1,-0.75,Walking,True,3.9,0,0
1789904138856,32,52918,1,512,-1.352639,1,-0.75,Walking,True,3.9,0,0
1789904138856,32,52918,1,512,-1.352639,1,-0.75,Walking,True,3.9,0,0
1789904138856,32,52918,1,512,-1.352639,1,-0.75,Walking,True,3.9,0,0
1789904138856,32,52918,1,512,-1.352639,1,-0.75,Walking,True,3.9,0,0
1789904138856,32,52918,1,512,-1.352639,1,-0.75,Walking,True,3.9,0,0
1789904138856,32,52918,1,512,-1.352639,1,-0.75,Walking,True,3.9,0,0
1789904138872,33,54299,1,528,-1.290239,1,-0.75,Walking,True,3.9,0,0
1789904138872,33,54299,1,528,-1.290239,1,-0.75,Walking,True,3.9,0,0
1789904138872,33,54299,1,528,-1.290239,1,-0.75,Walking,True,3.9,0,0
1789904138872,33,54299,1,528,-1.290239,1,-0.75,Walking,True,3.9,0,0
1789904138872,33,54299,1,528,-1.290239,1,-0.75,Walking,True,3.9,0,0
1789904138872,33,54299,1,528,-1.290239,1,-0.75,Walking,True,3.9,0,0
1789904138872,33,54299,1,528,-1.290239,1,-0.75,Walking,True,3.9,0,0
1789904138872,33,54299,1,528,-1.290239,1,-0.75,Walking,True,3.9,0,0
1789904138888,34,55761,1,544,-1.227839,1,-0.75,Walking,True,3.9,0,0
1789904138888,34,55761,1,544,-1.227839,1,-0.75,Walking,True,3.9,0,0
1789904138888,34,55761,1,544,-1.227839,1,-0.75,Walking,True,3.9,0,0
1789904138888,34,55761,1,544,-1.227839,1,-0.75,Walking,True,3.9,0,0
1789904138888,34,55761,1,544,-1.227839,1,-0.75,Walking,True,3.9,0,0
1789904138888,34,55761,1,544,-1.227839,1,-0.75,Walking,True,3.9,0,0
1789904138888,34,55761,1,544,-1.227839,1,-0.75,Walking,True,3.9,0,0
1789904138888,34,55761,1,544,-1.227839,1,-0.75,Walking,True,3.9,0,0
1789904138904,35,57272,1,560,-1.165439,1,-0.75,Walking,True,3.9,0,0
1789904138904,35,57272,1,560,-1.165439,1,-0.75,Walking,True,3.9,0,0
1789904138904,35,57272,1,560,-1.165439,1,-0.75,Walking,True,3.9,0,0
1789904138904,35,57272,1,560,-1.165439,1,-0.75,Walking,True,3.9,0,0
1789904138904,35,57272,1,560,-1.165439,1,-0.75,Walking,True,3.9,0,0
1789904138904,35,57272,1,560,-1.165439,1,-0.75,Walking,True,3.9,0,0
1789904138904,35,57272,1,560,-1.165439,1,-0.75,Walking,True,3.9,0,0
1789904138904,35,57272,1,560,-1.165439,1,-0.75,Walking,True,3.9,0,0
1789904138919,36,58698,1,576,-1.103039,1,-0.75,Walking,True,3.9,0,0
1789904138919,36,58698,1,576,-1.103039,1,-0.75,Walking,True,3.9,0,0
1789904138919,36,58698,1,576,-1.103039,1,-0.75,Walking,True,3.9,0,0
1789904138919,36,58698,1,576,-1.103039,1,-0.75,Walking,True,3.9,0,0
1789904138919,36,58698,1,576,-1.103039,1,-0.75,Walking,True,3.9,0,0
1789904138919,36,58698,1,576,-1.103039,1,-0.75,Walking,True,3.9,0,0
1789904138919,36,58698,1,576,-1.103039,1,-0.75,Walking,True,3.9,0,0
1789904138919,36,58698,1,576,-1.103039,1,-0.75,Walking,True,3.9,0,0
1789904138936,37,60206,1,592,-1.040639,1,-0.75,Walking,True,3.9,0,0
1789904138936,37,60206,1,592,-1.040639,1,-0.75,Walking,True,3.9,0,0
1789904138936,37,60206,1,592,-1.040639,1,-0.75,Walking,True,3.9,0,0
1789904138936,37,60206,1,592,-1.040639,1,-0.75,Walking,True,3.9,0,0
1789904138936,37,60206,1,592,-1.040639,1,-0.75,Walking,True,3.9,0,0
1789904138936,37,60206,1,592,-1.040639,1,-0.75,Walking,True,3.9,0,0
1789904138936,37,60206,1,592,-1.040639,1,-0.75,Walking,True,3.9,0,0
1789904138936,37,60206,1,592,-1.040639,1,-0.75,Walking,True,3.9,0,0
1789904138952,38,61759,1,608,-0.978239,1,-0.75,Walking,True,3.9,0,0
1789904138952,38,61759,1,608,-0.978239,1,-0.75,Walking,True,3.9,0,0
1789904138952,38,61759,1,608,-0.978239,1,-0.75,Walking,True,3.9,0,0
1789904138952,38,61759,1,608,-0.978239,1,-0.75,Walking,True,3.9,0,0
1789904138952,38,61759,1,608,-0.978239,1,-0.75,Walking,True,3.9,0,0
1789904138952,38,61759,1,608,-0.978239,1,-0.75,Walking,True,3.9,0,0
1789904138952,38,61759,1,608,-0.978239,1,-0.75,Walking,True,3.9,0,0
1789904138952,38,61759,1,608,-0.978239,1,-0.75,Walking,True,3.9,0,0
1789904138969,39,63308,1,624,-0.915839,1,-0.75,Walking,True,3.9,0,0
1789904138969,39,63308,1,624,-0.915839,1,-0.75,Walking,True,3.9,0,0
1789904138969,39,63308,1,624,-0.915839,1,-0.75,Walking,True,3.9,0,0
1789904138969,39,63308,1,624,-0.915839,1,-0.75,Walking,True,3.9,0,0
1789904138969,39,63308,1,624,-0.915839,1,-0.75,Walking,True,3.9,0,0
1789904138969,39,63308,1,624,-0.915839,1,-0.75,Walking,True,3.9,0,0
1789904138969,39,63308,1,624,-0.915839,1,-0.75,Walking,True,3.9,0,0
1789904138969,39,63308,1,624,-0.915839,1,-0.75,Walking,True,3.9,0,0
1789904138984,40,64911,1,640,-0.901,1,-0.75,Walking,True,3.9,0,0
1789904138984,40,64911,1,640,-0.901,1,-0.75,Walking,True,3.9,0,0
1789904138984,40,64911,1,640,-0.901,1,-0.75,Walking,True,3.9,0,0
1789904138984,40,64911,1,640,-0.901,1,-0.75,Walking,True,3.9,0,0
1789904138984,40,64911,1,640,-0.901,1,-0.75,Walking,True,3.9,0,0
1789904138984,40,64911,1,640,-0.901,1,-0.75,Walking,True,3.9,0,0
1789904138984,40,64911,1,640,-0.901,1,-0.75,Walking,True,3.9,0,0
1789904138984,40,64911,1,640,-0.901,1,-0.75,Walking,True,3.9,0,0
1789904138999,41,66339,1,656,-0.901,1,-0.75,Walking,True,3.9,0,0
1789904138999,41,66339,1,656,-0.901,1,-0.75,Walking,True,3.9,0,0
1789904138999,41,66339,1,656,-0.901,1,-0.75,Walking,True,3.9,0,0
1789904138999,41,66339,1,656,-0.901,1,-0.75,Walking,True,3.9,0,0
1789904138999,41,66339,1,656,-0.901,1,-0.75,Walking,True,3.9,0,0
1789904138999,41,66339,1,656,-0.901,1,-0.75,Walking,True,3.9,0,0
1789904138999,41,66339,1,656,-0.901,1,-0.75,Walking,True,3.9,0,0
1789904138999,41,66339,1,656,-0.901,1,-0.75,Walking,True,3.9,0,0
1789904139014,42,67617,1,672,-0.901,1,-0.75,Walking,True,3.9,0,0
1789904139014,42,67617,1,672,-0.901,1,-0.75,Walking,True,3.9,0,0
1789904139014,42,67617,1,672,-0.901,1,-0.75,Walking,True,3.9,0,0
1789904139014,42,67617,1,672,-0.901,1,-0.75,Walking,True,3.9,0,0
1789904139014,42,67617,1,672,-0.901,1,-0.75,Walking,True,3.9,0,0
1789904139014,42,67617,1,672,-0.901,1,-0.75,Walking,True,3.9,0,0
1789904139014,42,67617,1,672,-0.901,1,-0.75,Walking,True,3.9,0,0
1789904139014,42,67617,1,672,-0.901,1,-0.75,Walking,True,3.9,0,0
1789904139029,43,68970,1,688,-0.901,1,-0.75,Walking,True,3.9,0,0
1789904139029,43,68970,1,688,-0.901,1,-0.75,Walking,True,3.9,0,0
1789904139029,43,68970,1,688,-0.901,1,-0.75,Walking,True,3.9,0,0
1789904139029,43,68970,1,688,-0.901,1,-0.75,Walking,True,3.9,0,0
1789904139029,43,68970,1,688,-0.901,1,-0.75,Walking,True,3.9,0,0
1789904139029,43,68970,1,688,-0.901,1,-0.75,Walking,True,3.9,0,0
1789904139029,43,68970,1,688,-0.901,1,-0.75,Walking,True,3.9,0,0
1789904139029,43,68970,1,688,-0.901,1,-0.75,Walking,True,3.9,0,0
1789904139045,44,70392,1,704,-0.901,1,-0.75,Walking,True,3.9,0,0
1789904139045,44,70392,1,704,-0.901,1,-0.75,Walking,True,3.9,0,0
1789904139045,44,70392,1,704,-0.901,1,-0.75,Walking,True,3.9,0,0
1789904139045,44,70392,1,704,-0.901,1,-0.75,Walking,True,3.9,0,0
1789904139045,44,70392,1,704,-0.901,1,-0.75,Walking,True,3.9,0,0
1789904139045,44,70392,1,704,-0.901,1,-0.75,Walking,True,3.9,0,0
1789904139045,44,70392,1,704,-0.901,1,-0.75,Walking,True,3.9,0,0
1789904139045,44,70392,1,704,-0.901,1,-0.75,Walking,True,3.9,0,0
1789904139061,45,71847,1,720,-0.901,1,-0.75,Walking,True,3.9,0,0
1789904139061,45,71847,1,720,-0.901,1,-0.75,Walking,True,3.9,0,0
1789904139061,45,71847,1,720,-0.901,1,-0.75,Walking,True,3.9,0,0
1789904139061,45,71847,1,720,-0.901,1,-0.75,Walking,True,3.9,0,0
1789904139061,45,71847,1,720,-0.901,1,-0.75,Walking,True,3.9,0,0
1789904139061,45,71847,1,720,-0.901,1,-0.75,Walking,True,3.9,0,0
1789904139061,45,71847,1,720,-0.901,1,-0.75,Walking,True,3.9,0,0
1789904139061,45,71847,1,720,-0.901,1,-0.75,Walking,True,3.9,0,0
1789904139076,46,73240,1,736,-0.901,1,-0.75,Walking,True,3.9,0,0
1789904139076,46,73240,1,736,-0.901,1,-0.75,Walking,True,3.9,0,0
1789904139076,46,73240,1,736,-0.901,1,-0.75,Walking,True,3.9,0,0
1789904139076,46,73240,1,736,-0.901,1,-0.75,Walking,True,3.9,0,0
1789904139076,46,73240,1,736,-0.901,1,-0.75,Walking,True,3.9,0,0
1789904139076,46,73240,1,736,-0.901,1,-0.75,Walking,True,3.9,0,0
1789904139076,46,73240,1,736,-0.901,1,-0.75,Walking,True,3.9,0,0
1789904139076,46,73240,1,736,-0.901,1,-0.75,Walking,True,3.9,0,0
1789904139092,47,74757,1,752,-0.901,1,-0.75,Walking,True,3.9,0,0
1789904139092,47,74757,1,752,-0.901,1,-0.75,Walking,True,3.9,0,0
1789904139092,47,74757,1,752,-0.901,1,-0.75,Walking,True,3.9,0,0
1789904139092,47,74757,1,752,-0.901,1,-0.75,Walking,True,3.9,0,0
1789904139092,47,74757,1,752,-0.901,1,-0.75,Walking,True,3.9,0,0
1789904139092,47,74757,1,752,-0.901,1,-0.75,Walking,True,3.9,0,0
1789904139092,47,74757,1,752,-0.901,1,-0.75,Walking,True,3.9,0,0
1789904139092,47,74757,1,752,-0.901,1,-0.75,Walking,True,3.9,0,0
1789904139107,48,76338,1,768,-0.901,1,-0.75,Walking,True,3.9,0,0
1789904139107,48,76338,1,768,-0.901,1,-0.75,Walking,True,3.9,0,0
1789904139107,48,76338,1,768,-0.901,1,-0.75,Walking,True,3.9,0,0
1789904139107,48,76338,1,768,-0.901,1,-0.75,Walking,True,3.9,0,0
1789904139107,48,76338,1,768,-0.901,1,-0.75,Walking,True,3.9,0,0
1789904139107,48,76338,1,768,-0.901,1,-0.75,Walking,True,3.9,0,0
1789904139107,48,76338,1,768,-0.901,1,-0.75,Walking,True,3.9,0,0
1789904139107,48,76338,1,768,-0.901,1,-0.75,Walking,True,3.9,0,0
1789904139123,49,77858,1,784,-0.901,1,-0.75,Walking,True,3.9,0,0
1789904139123,49,77858,1,784,-0.901,1,-0.75,Walking,True,3.9,0,0
1789904139123,49,77858,1,784,-0.901,1,-0.75,Walking,True,3.9,0,0
1789904139123,49,77858,1,784,-0.901,1,-0.75,Walking,True,3.9,0,0
1789904139123,49,77858,1,784,-0.901,1,-0.75,Walking,True,3.9,0,0
1789904139123,49,77858,1,784,-0.901,1,-0.75,Walking,True,3.9,0,0
1789904139123,49,77858,1,784,-0.901,1,-0.75,Walking,True,3.9,0,0
1789904139123,49,77858,1,784,-0.901,1,-0.75,Walking,True,3.9,0,0
1789904139139,50,79434,1,800,-0.901,1,-0.75,Walking,True,3.9,0,0
1789904139139,50,79434,1,800,-0.901,1,-0.75,Walking,True,3.9,0,0
1789904139139,50,79434,1,800,-0.901,1,-0.75,Walking,True,3.9,0,0
1789904139139,50,79434,1,800,-0.901,1,-0.75,Walking,True,3.9,0,0
1789904139139,50,79434,1,800,-0.901,1,-0.75,Walking,True,3.9,0,0
1789904139139,50,79434,1,800,-0.901,1,-0.75,Walking,True,3.9,0,0
1789904139139,50,79434,1,800,-0.901,1,-0.75,Walking,True,3.9,0,0
1789904139139,50,79434,1,800,-0.901,1,-0.75,Walking,True,3.9,0,0
1789904139155,51,81002,1,816,-0.901,1,-0.75,Walking,True,3.9,0,0
1789904139155,51,81002,1,816,-0.901,1,-0.75,Walking,True,3.9,0,0
1789904139155,51,81002,1,816,-0.901,1,-0.75,Walking,True,3.9,0,0
1789904139155,51,81002,1,816,-0.901,1,-0.75,Walking,True,3.9,0,0
1789904139155,51,81002,1,816,-0.901,1,-0.75,Walking,True,3.9,0,0
1789904139155,51,81002,1,816,-0.901,1,-0.75,Walking,True,3.9,0,0
1789904139155,51,81002,1,816,-0.901,1,-0.75,Walking,True,3.9,0,0
1789904139155,51,81002,1,816,-0.901,1,-0.75,Walking,True,3.9,0,0
1789904139170,52,82473,1,832,-0.901,1,-0.75,Walking,True,3.9,0,0
1789904139170,52,82473,1,832,-0.901,1,-0.75,Walking,True,3.9,0,0
1789904139170,52,82473,1,832,-0.901,1,-0.75,Walking,True,3.9,0,0
1789904139170,52,82473,1,832,-0.901,1,-0.75,Walking,True,3.9,0,0
1789904139170,52,82473,1,832,-0.901,1,-0.75,Walking,True,3.9,0,0
1789904139170,52,82473,1,832,-0.901,1,-0.75,Walking,True,3.9,0,0
1789904139170,52,82473,1,832,-0.901,1,-0.75,Walking,True,3.9,0,0
1789904139170,52,82473,1,832,-0.901,1,-0.75,Walking,True,3.9,0,0
1789904139185,53,84003,1,848,-0.901,1,-0.75,Walking,True,3.9,0,0
1789904139185,53,84003,1,848,-0.901,1,-0.75,Walking,True,3.9,0,0
1789904139185,53,84003,1,848,-0.901,1,-0.75,Walking,True,3.9,0,0
1789904139185,53,84003,1,848,-0.901,1,-0.75,Walking,True,3.9,0,0
1789904139185,53,84003,1,848,-0.901,1,-0.75,Walking,True,3.9,0,0
1789904139185,53,84003,1,848,-0.901,1,-0.75,Walking,True,3.9,0,0
1789904139185,53,84003,1,848,-0.901,1,-0.75,Walking,True,3.9,0,0
1789904139185,53,84003,1,848,-0.901,1,-0.75,Walking,True,3.9,0,0
1789904139200,54,85353,1,864,-0.901,1,-0.75,Walking,True,3.9,0,0
1789904139200,54,85353,1,864,-0.901,1,-0.75,Walking,True,3.9,0,0
1789904139200,54,85353,1,864,-0.901,1,-0.75,Walking,True,3.9,0,0
1789904139200,54,85353,1,864,-0.901,1,-0.75,Walking,True,3.9,0,0
1789904139200,54,85353,1,864,-0.901,1,-0.75,Walking,True,3.9,0,0
1789904139200,54,85353,1,864,-0.901,1,-0.75,Walking,True,3.9,0,0
1789904139200,54,85353,1,864,-0.901,1,-0.75,Walking,True,3.9,0,0
1789904139200,54,85353,1,864,-0.901,1,-0.75,Walking,True,3.9,0,0
1789904139217,55,86856,1,880,-0.901,1,-0.75,Walking,True,3.9,0,0
1789904139217,55,86856,1,880,-0.901,1,-0.75,Walking,True,3.9,0,0
1789904139217,55,86856,1,880,-0.901,1,-0.75,Walking,True,3.9,0,0
1789904139217,55,86856,1,880,-0.901,1,-0.75,Walking,True,3.9,0,0
1789904139217,55,86856,1,880,-0.901,1,-0.75,Walking,True,3.9,0,0
1789904139217,55,86856,1,880,-0.901,1,-0.75,Walking,True,3.9,0,0
1789904139217,55,86856,1,880,-0.901,1,-0.75,Walking,True,3.9,0,0
1789904139217,55,86856,1,880,-0.901,1,-0.75,Walking,True,3.9,0,0
1789904139233,56,88504,1,896,-0.901,1,-0.75,Walking,True,3.9,0,0
1789904139233,56,88504,1,896,-0.901,1,-0.75,Walking,True,3.9,0,0
1789904139233,56,88504,1,896,-0.901,1,-0.75,Walking,True,3.9,0,0
1789904139233,56,88504,1,896,-0.901,1,-0.75,Walking,True,3.9,0,0
1789904139233,56,88504,1,896,-0.901,1,-0.75,Walking,True,3.9,0,0
1789904139233,56,88504,1,896,-0.901,1,-0.75,Walking,True,3.9,0,0
1789904139233,56,88504,1,896,-0.901,1,-0.75,Walking,True,3.9,0,0
1789904139233,56,88504,1,896,-0.901,1,-0.75,Walking,True,3.9,0,0
1789904139248,57,90115,1,912,-0.901,1,-0.75,Walking,True,3.9,0,0
1789904139248,57,90115,1,912,-0.901,1,-0.75,Walking,True,3.9,0,0
1789904139248,57,90115,1,912,-0.901,1,-0.75,Walking,True,3.9,0,0
1789904139248,57,90115,1,912,-0.901,1,-0.75,Walking,True,3.9,0,0
1789904139248,57,90115,1,912,-0.901,1,-0.75,Walking,True,3.9,0,0
1789904139248,57,90115,1,912,-0.901,1,-0.75,Walking,True,3.9,0,0
1789904139248,57,90115,1,912,-0.901,1,-0.75,Walking,True,3.9,0,0
1789904139248,57,90115,1,912,-0.901,1,-0.75,Walking,True,3.9,0,0
1789904139263,58,91617,1,928,-0.901,1,-0.75,Walking,True,3.9,0,0
1789904139263,58,91617,1,928,-0.901,1,-0.75,Walking,True,3.9,0,0
1789904139263,58,91617,1,928,-0.901,1,-0.75,Walking,True,3.9,0,0
1789904139263,58,91617,1,928,-0.901,1,-0.75,Walking,True,3.9,0,0
1789904139263,58,91617,1,928,-0.901,1,-0.75,Walking,True,3.9,0,0
1789904139263,58,91617,1,928,-0.901,1,-0.75,Walking,True,3.9,0,0
1789904139263,58,91617,1,928,-0.901,1,-0.75,Walking,True,3.9,0,0
1789904139263,58,91617,1,928,-0.901,1,-0.75,Walking,True,3.9,0,0
1789904139279,59,93044,1,944,-0.901,1,-0.75,Walking,True,3.9,0,0
1789904139279,59,93044,1,944,-0.901,1,-0.75,Walking,True,3.9,0,0
1789904139279,59,93044,1,944,-0.901,1,-0.75,Walking,True,3.9,0,0
1789904139279,59,93044,1,944,-0.901,1,-0.75,Walking,True,3.9,0,0
1789904139279,59,93044,1,944,-0.901,1,-0.75,Walking,True,3.9,0,0
1789904139279,59,93044,1,944,-0.901,1,-0.75,Walking,True,3.9,0,0
1789904139279,59,93044,1,944,-0.901,1,-0.75,Walking,True,3.9,0,0
1789904139279,59,93044,1,944,-0.901,1,-0.75,Walking,True,3.9,0,0
1789904139295,60,94509,1,960,-0.901,1,-0.75,Walking,True,3.9,0,0
1789904139295,60,94509,1,960,-0.901,1,-0.75,Walking,True,3.9,0,0
1789904139295,60,94509,1,960,-0.901,1,-0.75,Walking,True,3.9,0,0
1789904139295,60,94509,1,960,-0.901,1,-0.75,Walking,True,3.9,0,0
1789904139295,60,94509,1,960,-0.901,1,-0.75,Walking,True,3.9,0,0
1789904139295,60,94509,1,960,-0.901,1,-0.75,Walking,True,3.9,0,0
1789904139295,60,94509,1,960,-0.901,1,-0.75,Walking,True,3.9,0,0
1789904139295,60,94509,1,960,-0.901,1,-0.75,Walking,True,3.9,0,0
1789904139311,61,96010,1,976,-0.901,1,-0.75,Walking,True,3.9,0,0
1789904139311,61,96010,1,976,-0.901,1,-0.75,Walking,True,3.9,0,0
1789904139311,61,96010,1,976,-0.901,1,-0.75,Walking,True,3.9,0,0
1789904139311,61,96010,1,976,-0.901,1,-0.75,Walking,True,3.9,0,0
1789904139311,61,96010,1,976,-0.901,1,-0.75,Walking,True,3.9,0,0
1789904139311,61,96010,1,976,-0.901,1,-0.75,Walking,True,3.9,0,0
1789904139311,61,96010,1,976,-0.901,1,-0.75,Walking,True,3.9,0,0
1789904139311,61,96010,1,976,-0.901,1,-0.75,Walking,True,3.9,0,0
1789904139327,62,97549,1,992,-0.901,1,-0.75,Walking,True,3.9,0,0
1789904139327,62,97549,1,992,-0.901,1,-0.75,Walking,True,3.9,0,0
1789904139327,62,97549,1,992,-0.901,1,-0.75,Walking,True,3.9,0,0
1789904139327,62,97549,1,992,-0.901,1,-0.75,Walking,True,3.9,0,0
1789904139327,62,97549,1,992,-0.901,1,-0.75,Walking,True,3.9,0,0
1789904139327,62,97549,1,992,-0.901,1,-0.75,Walking,True,3.9,0,0
1789904139327,62,97549,1,992,-0.901,1,-0.75,Walking,True,3.9,0,0
1789904139327,62,97549,1,992,-0.901,1,-0.75,Walking,True,3.9,0,0
1789904139342,63,99083,1,1008,-0.901,1,-0.75,Walking,True,3.9,0,0
1789904139342,63,99083,1,1008,-0.901,1,-0.75,Walking,True,3.9,0,0
1789904139342,63,99083,1,1008,-0.901,1,-0.75,Walking,True,3.9,0,0
1789904139342,63,99083,1,1008,-0.901,1,-0.75,Walking,True,3.9,0,0
1789904139342,63,99083,1,1008,-0.901,1,-0.75,Walking,True,3.9,0,0
1789904139342,63,99083,1,1008,-0.901,1,-0.75,Walking,True,3.9,0,0
1789904139342,63,99083,1,1008,-0.901,1,-0.75,Walking,True,3.9,0,0
1789904139342,63,99083,1,1008,-0.901,1,-0.75,Walking,True,3.9,0,0
1789904139357,64,100577,1,1024,-0.901,1,-0.75,Walking,True,3.9,0,0
1789904139357,64,100577,1,1024,-0.901,1,-0.75,Walking,True,3.9,0,0
1789904139357,64,100577,1,1024,-0.901,1,-0.75,Walking,True,3.9,0,0
1789904139357,64,100577,1,1024,-0.901,1,-0.75,Walking,True,3.9,0,0
1789904139357,64,100577,1,1024,-0.901,1,-0.75,Walking,True,3.9,0,0
1789904139357,64,100577,1,1024,-0.901,1,-0.75,Walking,True,3.9,0,0
1789904139357,64,100577,1,1024,-0.901,1,-0.75,Walking,True,3.9,0,0
1789904139357,64,100577,1,1024,-0.901,1,-0.75,Walking,True,3.9,0,0
1789904139373,65,102057,1,1040,-0.901,1,-0.75,Walking,True,3.9,0,0
1789904139373,65,102057,1,1040,-0.901,1,-0.75,Walking,True,3.9,0,0
1789904139373,65,102057,1,1040,-0.901,1,-0.75,Walking,True,3.9,0,0
1789904139373,65,102057,1,1040,-0.901,1,-0.75,Walking,True,3.9,0,0
1789904139373,65,102057,1,1040,-0.901,1,-0.75,Walking,True,3.9,0,0
1789904139373,65,102057,1,1040,-0.901,1,-0.75,Walking,True,3.9,0,0
1789904139373,65,102057,1,1040,-0.901,1,-0.75,Walking,True,3.9,0,0
1789904139373,65,102057,1,1040,-0.901,1,-0.75,Walking,True,3.9,0,0
1789904139388,66,103569,1,1056,-0.901,1,-0.75,Walking,True,3.9,0,0
1789904139388,66,103569,1,1056,-0.901,1,-0.75,Walking,True,3.9,0,0
1789904139388,66,103569,1,1056,-0.901,1,-0.75,Walking,True,3.9,0,0
1789904139388,66,103569,1,1056,-0.901,1,-0.75,Walking,True,3.9,0,0
1789904139388,66,103569,1,1056,-0.901,1,-0.75,Walking,True,3.9,0,0
1789904139388,66,103569,1,1056,-0.901,1,-0.75,Walking,True,3.9,0,0
1789904139388,66,103569,1,1056,-0.901,1,-0.75,Walking,True,3.9,0,0
1789904139388,66,103569,1,1056,-0.901,1,-0.75,Walking,True,3.9,0,0
1789904139403,67,105088,1,1072,-0.901,1,-0.75,Walking,True,3.9,0,0
1789904139403,67,105088,1,1072,-0.901,1,-0.75,Walking,True,3.9,0,0
1789904139403,67,105088,1,1072,-0.901,1,-0.75,Walking,True,3.9,0,0
1789904139403,67,105088,1,1072,-0.901,1,-0.75,Walking,True,3.9,0,0
1789904139403,67,105088,1,1072,-0.901,1,-0.75,Walking,True,3.9,0,0
1789904139403,67,105088,1,1072,-0.901,1,-0.75,Walking,True,3.9,0,0
1789904139403,67,105088,1,1072,-0.901,1,-0.75,Walking,True,3.9,0,0
1789904139403,67,105088,1,1072,-0.901,1,-0.75,Walking,True,3.9,0,0
1789904139419,68,106563,1,1088,-0.901,1,-0.75,Walking,True,3.9,0,0
1789904139419,68,106563,1,1088,-0.901,1,-0.75,Walking,True,3.9,0,0
1789904139419,68,106563,1,1088,-0.901,1,-0.75,Walking,True,3.9,0,0
1789904139419,68,106563,1,1088,-0.901,1,-0.75,Walking,True,3.9,0,0
1789904139419,68,106563,1,1088,-0.901,1,-0.75,Walking,True,3.9,0,0
1789904139419,68,106563,1,1088,-0.901,1,-0.75,Walking,True,3.9,0,0
1789904139419,68,106563,1,1088,-0.901,1,-0.75,Walking,True,3.9,0,0
1789904139419,68,106563,1,1088,-0.901,1,-0.75,Walking,True,3.9,0,0
1789904139434,69,108115,1,1104,-0.901,1,-0.75,Walking,True,3.9,0,0
1789904139434,69,108115,1,1104,-0.901,1,-0.75,Walking,True,3.9,0,0
1789904139434,69,108115,1,1104,-0.901,1,-0.75,Walking,True,3.9,0,0
1789904139434,69,108115,1,1104,-0.901,1,-0.75,Walking,True,3.9,0,0
1789904139434,69,108115,1,1104,-0.901,1,-0.75,Walking,True,3.9,0,0
1789904139434,69,108115,1,1104,-0.901,1,-0.75,Walking,True,3.9,0,0
1789904139434,69,108115,1,1104,-0.901,1,-0.75,Walking,True,3.9,0,0
1789904139434,69,108115,1,1104,-0.901,1,-0.75,Walking,True,3.9,0,0
1789904139465,70,109563,1,1120,-0.901,1,-0.75,Walking,True,3.9,0,0
1789904139465,70,109563,1,1120,-0.901,1,-0.75,Walking,True,3.9,0,0
1789904139465,70,109563,1,1120,-0.901,1,-0.75,Walking,True,3.9,0,0
1789904139465,70,109563,1,1120,-0.901,1,-0.75,Walking,True,3.9,0,0
1789904139465,70,109563,1,1120,-0.901,1,-0.75,Walking,True,3.9,0,0
1789904139465,70,109563,1,1120,-0.901,1,-0.75,Walking,True,3.9,0,0
1789904139465,70,109563,1,1120,-0.901,1,-0.75,Walking,True,3.9,0,0
1789904139465,70,109563,1,1120,-0.901,1,-0.75,Walking,True,3.9,0,0
1789904139480,71,112463,1,1136,-0.901,1,-0.75,Walking,True,3.9,0,0
1789904139480,71,112463,1,1136,-0.901,1,-0.75,Walking,True,3.9,0,0
1789904139480,71,112463,1,1136,-0.901,1,-0.75,Walking,True,3.9,0,0
1789904139480,71,112463,1,1136,-0.901,1,-0.75,Walking,True,3.9,0,0
1789904139480,71,112463,1,1136,-0.901,1,-0.75,Walking,True,3.9,0,0
1789904139480,71,112463,1,1136,-0.901,1,-0.75,Walking,True,3.9,0,0
1789904139480,71,112463,1,1136,-0.901,1,-0.75,Walking,True,3.9,0,0
1789904139480,71,112463,1,1136,-0.901,1,-0.75,Walking,True,3.9,0,0
1789904139495,72,113905,1,1152,-0.901,1,-0.75,Walking,True,3.9,0,0
1789904139495,72,113905,1,1152,-0.901,1,-0.75,Walking,True,3.9,0,0
1789904139495,72,113905,1,1152,-0.901,1,-0.75,Walking,True,3.9,0,0
1789904139495,72,113905,1,1152,-0.901,1,-0.75,Walking,True,3.9,0,0
1789904139495,72,113905,1,1152,-0.901,1,-0.75,Walking,True,3.9,0,0
1789904139495,72,113905,1,1152,-0.901,1,-0.75,Walking,True,3.9,0,0
1789904139495,72,113905,1,1152,-0.901,1,-0.75,Walking,True,3.9,0,0
1789904139495,72,113905,1,1152,-0.901,1,-0.75,Walking,True,3.9,0,0
1789904139511,73,115298,1,1168,-0.901,1,-0.75,Walking,True,3.9,0,0
1789904139511,73,115298,1,1168,-0.901,1,-0.75,Walking,True,3.9,0,0
1789904139511,73,115298,1,1168,-0.901,1,-0.75,Walking,True,3.9,0,0
1789904139511,73,115298,1,1168,-0.901,1,-0.75,Walking,True,3.9,0,0
1789904139511,73,115298,1,1168,-0.901,1,-0.75,Walking,True,3.9,0,0
1789904139511,73,115298,1,1168,-0.901,1,-0.75,Walking,True,3.9,0,0
1789904139511,73,115298,1,1168,-0.901,1,-0.75,Walking,True,3.9,0,0
1789904139511,73,115298,1,1168,-0.901,1,-0.75,Walking,True,3.9,0,0
1789904139527,74,116815,1,1184,-0.901,1,-0.75,Walking,True,3.9,0,0
1789904139527,74,116815,1,1184,-0.901,1,-0.75,Walking,True,3.9,0,0
1789904139527,74,116815,1,1184,-0.901,1,-0.75,Walking,True,3.9,0,0
1789904139527,74,116815,1,1184,-0.901,1,-0.75,Walking,True,3.9,0,0
1789904139527,74,116815,1,1184,-0.901,1,-0.75,Walking,True,3.9,0,0
1789904139527,74,116815,1,1184,-0.901,1,-0.75,Walking,True,3.9,0,0
1789904139527,74,116815,1,1184,-0.901,1,-0.75,Walking,True,3.9,0,0
1789904139527,74,116815,1,1184,-0.901,1,-0.75,Walking,True,3.9,0,0
1789904139543,75,118354,1,1200,-0.901,1,-0.75,Walking,True,3.9,0,0
1789904139543,75,118354,1,1200,-0.901,1,-0.75,Walking,True,3.9,0,0
1789904139543,75,118354,1,1200,-0.901,1,-0.75,Walking,True,3.9,0,0
1789904139543,75,118354,1,1200,-0.901,1,-0.75,Walking,True,3.9,0,0
1789904139543,75,118354,1,1200,-0.901,1,-0.75,Walking,True,3.9,0,0
1789904139543,75,118354,1,1200,-0.901,1,-0.75,Walking,True,3.9,0,0
1789904139543,75,118354,1,1200,-0.901,1,-0.75,Walking,True,3.9,0,0
1789904139543,75,118354,1,1200,-0.901,1,-0.75,Walking,True,3.9,0,0
1789904139558,76,119698,1,1216,-0.901,1,-0.75,Walking,True,3.9,0,0
1789904139558,76,119698,1,1216,-0.901,1,-0.75,Walking,True,3.9,0,0
1789904139558,76,119698,1,1216,-0.901,1,-0.75,Walking,True,3.9,0,0
1789904139558,76,119698,1,1216,-0.901,1,-0.75,Walking,True,3.9,0,0
1789904139558,76,119698,1,1216,-0.901,1,-0.75,Walking,True,3.9,0,0
1789904139558,76,119698,1,1216,-0.901,1,-0.75,Walking,True,3.9,0,0
1789904139558,76,119698,1,1216,-0.901,1,-0.75,Walking,True,3.9,0,0
1789904139558,76,119698,1,1216,-0.901,1,-0.75,Walking,True,3.9,0,0
1789904139574,77,121062,1,1232,-0.901,1,-0.75,Walking,True,3.9,0,0
1789904139574,77,121062,1,1232,-0.901,1,-0.75,Walking,True,3.9,0,0
1789904139574,77,121062,1,1232,-0.901,1,-0.75,Walking,True,3.9,0,0
1789904139574,77,121062,1,1232,-0.901,1,-0.75,Walking,True,3.9,0,0
1789904139574,77,121062,1,1232,-0.901,1,-0.75,Walking,True,3.9,0,0
1789904139574,77,121062,1,1232,-0.901,1,-0.75,Walking,True,3.9,0,0
1789904139574,77,121062,1,1232,-0.901,1,-0.75,Walking,True,3.9,0,0
1789904139574,77,121062,1,1232,-0.901,1,-0.75,Walking,True,3.9,0,0
1789904139591,78,122433,1,1248,-0.901,1,-0.75,Walking,True,3.9,0,0
1789904139591,78,122433,1,1248,-0.901,1,-0.75,Walking,True,3.9,0,0
1789904139591,78,122433,1,1248,-0.901,1,-0.75,Walking,True,3.9,0,0
1789904139591,78,122433,1,1248,-0.901,1,-0.75,Walking,True,3.9,0,0
1789904139591,78,122433,1,1248,-0.901,1,-0.75,Walking,True,3.9,0,0
1789904139591,78,122433,1,1248,-0.901,1,-0.75,Walking,True,3.9,0,0
1789904139591,78,122433,1,1248,-0.901,1,-0.75,Walking,True,3.9,0,0
1789904139591,78,122433,1,1248,-0.901,1,-0.75,Walking,True,3.9,0,0
1789904139606,79,123854,1,1264,-0.901,1,-0.75,Walking,True,3.9,0,0
1789904139606,79,123854,1,1264,-0.901,1,-0.75,Walking,True,3.9,0,0
1789904139606,79,123854,1,1264,-0.901,1,-0.75,Walking,True,3.9,0,0
1789904139606,79,123854,1,1264,-0.901,1,-0.75,Walking,True,3.9,0,0
1789904139606,79,123854,1,1264,-0.901,1,-0.75,Walking,True,3.9,0,0
1789904139606,79,123854,1,1264,-0.901,1,-0.75,Walking,True,3.9,0,0
1789904139606,79,123854,1,1264,-0.901,1,-0.75,Walking,True,3.9,0,0
1789904139606,79,123854,1,1264,-0.901,1,-0.75,Walking,True,3.9,0,0
1789904139622,80,125353,1,1280,-0.901,1,-0.75,Walking,True,3.9,0,0
1789904139622,80,125353,1,1280,-0.901,1,-0.75,Walking,True,3.9,0,0
1789904139622,80,125353,1,1280,-0.901,1,-0.75,Walking,True,3.9,0,0
1789904139622,80,125353,1,1280,-0.901,1,-0.75,Walking,True,3.9,0,0
1789904139622,80,125353,1,1280,-0.901,1,-0.75,Walking,True,3.9,0,0
1789904139622,80,125353,1,1280,-0.901,1,-0.75,Walking,True,3.9,0,0
1789904139622,80,125353,1,1280,-0.901,1,-0.75,Walking,True,3.9,0,0
1789904139622,80,125353,1,1280,-0.901,1,-0.75,Walking,True,3.9,0,0
1789904139637,81,126771,1,1296,-0.901,1,-0.75,Walking,True,3.9,0,0
1789904139637,81,126771,1,1296,-0.901,1,-0.75,Walking,True,3.9,0,0
1789904139637,81,126771,1,1296,-0.901,1,-0.75,Walking,True,3.9,0,0
1789904139637,81,126771,1,1296,-0.901,1,-0.75,Walking,True,3.9,0,0
1789904139637,81,126771,1,1296,-0.901,1,-0.75,Walking,True,3.9,0,0
1789904139637,81,126771,1,1296,-0.901,1,-0.75,Walking,True,3.9,0,0
1789904139637,81,126771,1,1296,-0.901,1,-0.75,Walking,True,3.9,0,0
1789904139637,81,126771,1,1296,-0.901,1,-0.75,Walking,True,3.9,0,0
1789904139653,82,128020,1,1312,-0.901,1,-0.75,Walking,True,3.9,0,0
1789904139653,82,128020,1,1312,-0.901,1,-0.75,Walking,True,3.9,0,0
1789904139653,82,128020,1,1312,-0.901,1,-0.75,Walking,True,3.9,0,0
1789904139653,82,128020,1,1312,-0.901,1,-0.75,Walking,True,3.9,0,0
1789904139653,82,128020,1,1312,-0.901,1,-0.75,Walking,True,3.9,0,0
1789904139653,82,128020,1,1312,-0.901,1,-0.75,Walking,True,3.9,0,0
1789904139653,82,128020,1,1312,-0.901,1,-0.75,Walking,True,3.9,0,0
1789904139653,82,128020,1,1312,-0.901,1,-0.75,Walking,True,3.9,0,0
1789904139668,83,129102,1,1328,-0.901,1,-0.75,Walking,True,3.9,0,0
1789904139668,83,129102,1,1328,-0.901,1,-0.75,Walking,True,3.9,0,0
1789904139668,83,129102,1,1328,-0.901,1,-0.75,Walking,True,3.9,0,0
1789904139668,83,129102,1,1328,-0.901,1,-0.75,Walking,True,3.9,0,0
1789904139668,83,129102,1,1328,-0.901,1,-0.75,Walking,True,3.9,0,0
1789904139668,83,129102,1,1328,-0.901,1,-0.75,Walking,True,3.9,0,0
1789904139668,83,129102,1,1328,-0.901,1,-0.75,Walking,True,3.9,0,0
1789904139668,83,129102,1,1328,-0.901,1,-0.75,Walking,True,3.9,0,0
1789904139684,84,130375,1,1344,-0.901,1,-0.75,Walking,True,3.9,0,0
1789904139684,84,130375,1,1344,-0.901,1,-0.75,Walking,True,3.9,0,0
1789904139684,84,130375,1,1344,-0.901,1,-0.75,Walking,True,3.9,0,0
1789904139684,84,130375,1,1344,-0.901,1,-0.75,Walking,True,3.9,0,0
1789904139684,84,130375,1,1344,-0.901,1,-0.75,Walking,True,3.9,0,0
1789904139684,84,130375,1,1344,-0.901,1,-0.75,Walking,True,3.9,0,0
1789904139684,84,130375,1,1344,-0.901,1,-0.75,Walking,True,3.9,0,0
1789904139684,84,130375,1,1344,-0.901,1,-0.75,Walking,True,3.9,0,0
1789904139699,85,131676,1,1360,-0.901,1,-0.75,Walking,True,3.9,0,0
1789904139699,85,131676,1,1360,-0.901,1,-0.75,Walking,True,3.9,0,0
1789904139699,85,131676,1,1360,-0.901,1,-0.75,Walking,True,3.9,0,0
1789904139699,85,131676,1,1360,-0.901,1,-0.75,Walking,True,3.9,0,0
1789904139699,85,131676,1,1360,-0.901,1,-0.75,Walking,True,3.9,0,0
1789904139699,85,131676,1,1360,-0.901,1,-0.75,Walking,True,3.9,0,0
1789904139699,85,131676,1,1360,-0.901,1,-0.75,Walking,True,3.9,0,0
1789904139699,85,131676,1,1360,-0.901,1,-0.75,Walking,True,3.9,0,0
1789904139715,86,132977,1,1376,-0.901,1,-0.75,Walking,True,3.9,0,0
1789904139715,86,132977,1,1376,-0.901,1,-0.75,Walking,True,3.9,0,0
1789904139715,86,132977,1,1376,-0.901,1,-0.75,Walking,True,3.9,0,0
1789904139715,86,132977,1,1376,-0.901,1,-0.75,Walking,True,3.9,0,0
1789904139715,86,132977,1,1376,-0.901,1,-0.75,Walking,True,3.9,0,0
1789904139715,86,132977,1,1376,-0.901,1,-0.75,Walking,True,3.9,0,0
1789904139715,86,132977,1,1376,-0.901,1,-0.75,Walking,True,3.9,0,0
1789904139715,86,132977,1,1376,-0.901,1,-0.75,Walking,True,3.9,0,0
1789904139732,87,134355,1,1392,-0.901,1,-0.75,Walking,True,3.9,0,0
1789904139732,87,134355,1,1392,-0.901,1,-0.75,Walking,True,3.9,0,0
1789904139732,87,134355,1,1392,-0.901,1,-0.75,Walking,True,3.9,0,0
1789904139732,87,134355,1,1392,-0.901,1,-0.75,Walking,True,3.9,0,0
1789904139732,87,134355,1,1392,-0.901,1,-0.75,Walking,True,3.9,0,0
1789904139732,87,134355,1,1392,-0.901,1,-0.75,Walking,True,3.9,0,0
1789904139732,87,134355,1,1392,-0.901,1,-0.75,Walking,True,3.9,0,0
1789904139732,87,134355,1,1392,-0.901,1,-0.75,Walking,True,3.9,0,0
1789904139747,88,135888,1,1408,-0.901,1,-0.75,Walking,True,3.9,0,0
1789904139747,88,135888,1,1408,-0.901,1,-0.75,Walking,True,3.9,0,0
1789904139747,88,135888,1,1408,-0.901,1,-0.75,Walking,True,3.9,0,0
1789904139747,88,135888,1,1408,-0.901,1,-0.75,Walking,True,3.9,0,0
1789904139747,88,135888,1,1408,-0.901,1,-0.75,Walking,True,3.9,0,0
1789904139747,88,135888,1,1408,-0.901,1,-0.75,Walking,True,3.9,0,0
1789904139747,88,135888,1,1408,-0.901,1,-0.75,Walking,True,3.9,0,0
1789904139747,88,135888,1,1408,-0.901,1,-0.75,Walking,True,3.9,0,0
1789904139764,89,137344,1,1424,-0.901,1,-0.75,Walking,True,3.9,0,0
1789904139764,89,137344,1,1424,-0.901,1,-0.75,Walking,True,3.9,0,0
1789904139764,89,137344,1,1424,-0.901,1,-0.75,Walking,True,3.9,0,0
1789904139764,89,137344,1,1424,-0.901,1,-0.75,Walking,True,3.9,0,0
1789904139764,89,137344,1,1424,-0.901,1,-0.75,Walking,True,3.9,0,0
1789904139764,89,137344,1,1424,-0.901,1,-0.75,Walking,True,3.9,0,0
1789904139764,89,137344,1,1424,-0.901,1,-0.75,Walking,True,3.9,0,0
1789904139764,89,137344,1,1424,-0.901,1,-0.75,Walking,True,3.9,0,0
1789904139779,90,138826,1,1440,-0.901,1,-0.75,Walking,True,3.9,0,0
1789904139779,90,138826,1,1440,-0.901,1,-0.75,Walking,True,3.9,0,0
1789904139779,90,138826,1,1440,-0.901,1,-0.75,Walking,True,3.9,0,0
1789904139779,90,138826,1,1440,-0.901,1,-0.75,Walking,True,3.9,0,0
1789904139779,90,138826,1,1440,-0.901,1,-0.75,Walking,True,3.9,0,0
1789904139779,90,138826,1,1440,-0.901,1,-0.75,Walking,True,3.9,0,0
1789904139779,90,138826,1,1440,-0.901,1,-0.75,Walking,True,3.9,0,0
1789904139779,90,138826,1,1440,-0.901,1,-0.75,Walking,True,3.9,0,0
1789904139795,91,140232,1,1456,-0.901,1,-0.75,Walking,True,3.9,0,0
1789904139795,91,140232,1,1456,-0.901,1,-0.75,Walking,True,3.9,0,0
1789904139795,91,140232,1,1456,-0.901,1,-0.75,Walking,True,3.9,0,0
1789904139795,91,140232,1,1456,-0.901,1,-0.75,Walking,True,3.9,0,0
1789904139795,91,140232,1,1456,-0.901,1,-0.75,Walking,True,3.9,0,0
1789904139795,91,140232,1,1456,-0.901,1,-0.75,Walking,True,3.9,0,0
1789904139795,91,140232,1,1456,-0.901,1,-0.75,Walking,True,3.9,0,0
1789904139795,91,140232,1,1456,-0.901,1,-0.75,Walking,True,3.9,0,0
1789904139810,92,141624,1,1472,-0.901,1,-0.75,Walking,True,3.9,0,0
1789904139810,92,141624,1,1472,-0.901,1,-0.75,Walking,True,3.9,0,0
1789904139810,92,141624,1,1472,-0.901,1,-0.75,Walking,True,3.9,0,0
1789904139810,92,141624,1,1472,-0.901,1,-0.75,Walking,True,3.9,0,0
1789904139810,92,141624,1,1472,-0.901,1,-0.75,Walking,True,3.9,0,0
1789904139810,92,141624,1,1472,-0.901,1,-0.75,Walking,True,3.9,0,0
1789904139810,92,141624,1,1472,-0.901,1,-0.75,Walking,True,3.9,0,0
1789904139810,92,141624,1,1472,-0.901,1,-0.75,Walking,True,3.9,0,0
1789904139826,93,143105,1,1488,-0.901,1,-0.75,Walking,True,3.9,0,0
1789904139826,93,143105,1,1488,-0.901,1,-0.75,Walking,True,3.9,0,0
1789904139826,93,143105,1,1488,-0.901,1,-0.75,Walking,True,3.9,0,0
1789904139826,93,143105,1,1488,-0.901,1,-0.75,Walking,True,3.9,0,0
1789904139826,93,143105,1,1488,-0.901,1,-0.75,Walking,True,3.9,0,0
1789904139826,93,143105,1,1488,-0.901,1,-0.75,Walking,True,3.9,0,0
1789904139826,93,143105,1,1488,-0.901,1,-0.75,Walking,True,3.9,0,0
1789904139826,93,143105,1,1488,-0.901,1,-0.75,Walking,True,3.9,0,0
1789904139841,94,144534,1,1504,-0.901,1,-0.75,Walking,True,3.9,0,0
1789904139841,94,144534,1,1504,-0.901,1,-0.75,Walking,True,3.9,0,0
1789904139841,94,144534,1,1504,-0.901,1,-0.75,Walking,True,3.9,0,0
1789904139841,94,144534,1,1504,-0.901,1,-0.75,Walking,True,3.9,0,0
1789904139841,94,144534,1,1504,-0.901,1,-0.75,Walking,True,3.9,0,0
1789904139841,94,144534,1,1504,-0.901,1,-0.75,Walking,True,3.9,0,0
1789904139841,94,144534,1,1504,-0.901,1,-0.75,Walking,True,3.9,0,0
1789904139841,94,144534,1,1504,-0.901,1,-0.75,Walking,True,3.9,0,0
1789904139857,95,145966,1,1520,-0.901,1,-0.75,Walking,True,3.9,0,0
1789904139857,95,145966,1,1520,-0.901,1,-0.75,Walking,True,3.9,0,0
1789904139857,95,145966,1,1520,-0.901,1,-0.75,Walking,True,3.9,0,0
1789904139857,95,145966,1,1520,-0.901,1,-0.75,Walking,True,3.9,0,0
1789904139857,95,145966,1,1520,-0.901,1,-0.75,Walking,True,3.9,0,0
1789904139857,95,145966,1,1520,-0.901,1,-0.75,Walking,True,3.9,0,0
1789904139857,95,145966,1,1520,-0.901,1,-0.75,Walking,True,3.9,0,0
1789904139857,95,145966,1,1520,-0.901,1,-0.75,Walking,True,3.9,0,0
1789904139874,96,147506,1,1536,-0.901,1,-0.75,Walking,True,3.9,0,0
1789904139874,96,147506,1,1536,-0.901,1,-0.75,Walking,True,3.9,0,0
1789904139874,96,147506,1,1536,-0.901,1,-0.75,Walking,True,3.9,0,0
1789904139874,96,147506,1,1536,-0.901,1,-0.75,Walking,True,3.9,0,0
1789904139874,96,147506,1,1536,-0.901,1,-0.75,Walking,True,3.9,0,0
1789904139874,96,147506,1,1536,-0.901,1,-0.75,Walking,True,3.9,0,0
1789904139874,96,147506,1,1536,-0.901,1,-0.75,Walking,True,3.9,0,0
1789904139874,96,147506,1,1536,-0.901,1,-0.75,Walking,True,3.9,0,0
1789904139889,97,149001,1,1552,-0.901,1,-0.75,Walking,True,3.9,0,0
1789904139889,97,149001,1,1552,-0.901,1,-0.75,Walking,True,3.9,0,0
1789904139889,97,149001,1,1552,-0.901,1,-0.75,Walking,True,3.9,0,0
1789904139889,97,149001,1,1552,-0.901,1,-0.75,Walking,True,3.9,0,0
1789904139889,97,149001,1,1552,-0.901,1,-0.75,Walking,True,3.9,0,0
1789904139889,97,149001,1,1552,-0.901,1,-0.75,Walking,True,3.9,0,0
1789904139889,97,149001,1,1552,-0.901,1,-0.75,Walking,True,3.9,0,0
1789904139889,97,149001,1,1552,-0.901,1,-0.75,Walking,True,3.9,0,0
1789904139905,98,150404,1,1568,-0.901,1,-0.75,Walking,True,3.9,0,0
1789904139905,98,150404,1,1568,-0.901,1,-0.75,Walking,True,3.9,0,0
1789904139905,98,150404,1,1568,-0.901,1,-0.75,Walking,True,3.9,0,0
1789904139905,98,150404,1,1568,-0.901,1,-0.75,Walking,True,3.9,0,0
1789904139905,98,150404,1,1568,-0.901,1,-0.75,Walking,True,3.9,0,0
1789904139905,98,150404,1,1568,-0.901,1,-0.75,Walking,True,3.9,0,0
1789904139905,98,150404,1,1568,-0.901,1,-0.75,Walking,True,3.9,0,0
1789904139905,98,150404,1,1568,-0.901,1,-0.75,Walking,True,3.9,0,0
1789904139919,99,151778,1,1584,-0.901,1,-0.75,Walking,True,3.9,0,0
1789904139919,99,151778,1,1584,-0.901,1,-0.75,Walking,True,3.9,0,0
1789904139919,99,151778,1,1584,-0.901,1,-0.75,Walking,True,3.9,0,0
1789904139919,99,151778,1,1584,-0.901,1,-0.75,Walking,True,3.9,0,0
1789904139919,99,151778,1,1584,-0.901,1,-0.75,Walking,True,3.9,0,0
1789904139919,99,151778,1,1584,-0.901,1,-0.75,Walking,True,3.9,0,0
1789904139919,99,151778,1,1584,-0.901,1,-0.75,Walking,True,3.9,0,0
1789904139919,99,151778,1,1584,-0.901,1,-0.75,Walking,True,3.9,0,0
1789904139935,100,153155,1,1600,-0.901,1,-0.75,Walking,True,3.9,0,0
1789904139935,100,153155,1,1600,-0.901,1,-0.75,Walking,True,3.9,0,0
1789904139935,100,153155,1,1600,-0.901,1,-0.75,Walking,True,3.9,0,0
1789904139935,100,153155,1,1600,-0.901,1,-0.75,Walking,True,3.9,0,0
1789904139935,100,153155,1,1600,-0.901,1,-0.75,Walking,True,3.9,0,0
1789904139935,100,153155,1,1600,-0.901,1,-0.75,Walking,True,3.9,0,0
1789904139935,100,153155,1,1600,-0.901,1,-0.75,Walking,True,3.9,0,0
1789904139935,100,153155,1,1600,-0.901,1,-0.75,Walking,True,3.9,0,0
1789904139950,101,154514,1,1616,-0.901,1,-0.75,Walking,True,3.9,0,0
1789904139950,101,154514,1,1616,-0.901,1,-0.75,Walking,True,3.9,0,0
1789904139950,101,154514,1,1616,-0.901,1,-0.75,Walking,True,3.9,0,0
1789904139950,101,154514,1,1616,-0.901,1,-0.75,Walking,True,3.9,0,0
1789904139950,101,154514,1,1616,-0.901,1,-0.75,Walking,True,3.9,0,0
1789904139950,101,154514,1,1616,-0.901,1,-0.75,Walking,True,3.9,0,0
1789904139950,101,154514,1,1616,-0.901,1,-0.75,Walking,True,3.9,0,0
1789904139950,101,154514,1,1616,-0.901,1,-0.75,Walking,True,3.9,0,0
1789904139966,102,155963,1,1632,-0.901,1,-0.75,Walking,True,3.9,0,0
1789904139966,102,155963,1,1632,-0.901,1,-0.75,Walking,True,3.9,0,0
1789904139966,102,155963,1,1632,-0.901,1,-0.75,Walking,True,3.9,0,0
1789904139966,102,155963,1,1632,-0.901,1,-0.75,Walking,True,3.9,0,0
1789904139966,102,155963,1,1632,-0.901,1,-0.75,Walking,True,3.9,0,0
1789904139966,102,155963,1,1632,-0.901,1,-0.75,Walking,True,3.9,0,0
1789904139966,102,155963,1,1632,-0.901,1,-0.75,Walking,True,3.9,0,0
1789904139966,102,155963,1,1632,-0.901,1,-0.75,Walking,True,3.9,0,0
1789904139981,103,157419,1,1648,-0.901,1,-0.75,Walking,True,3.9,0,0
1789904139981,103,157419,1,1648,-0.901,1,-0.75,Walking,True,3.9,0,0
1789904139981,103,157419,1,1648,-0.901,1,-0.75,Walking,True,3.9,0,0
1789904139981,103,157419,1,1648,-0.901,1,-0.75,Walking,True,3.9,0,0
1789904139981,103,157419,1,1648,-0.901,1,-0.75,Walking,True,3.9,0,0
1789904139981,103,157419,1,1648,-0.901,1,-0.75,Walking,True,3.9,0,0
1789904139981,103,157419,1,1648,-0.901,1,-0.75,Walking,True,3.9,0,0
1789904139981,103,157419,1,1648,-0.901,1,-0.75,Walking,True,3.9,0,0
1789904139996,104,158768,1,1664,-0.901,1,-0.75,Walking,True,3.9,0,0
1789904139996,104,158768,1,1664,-0.901,1,-0.75,Walking,True,3.9,0,0
1789904139997,104,158768,1,1664,-0.901,1,-0.75,Walking,True,3.9,0,0
1789904139997,104,158768,1,1664,-0.901,1,-0.75,Walking,True,3.9,0,0
1789904139997,104,158768,1,1664,-0.901,1,-0.75,Walking,True,3.9,0,0
1789904139997,104,158768,1,1664,-0.901,1,-0.75,Walking,True,3.9,0,0
1789904139997,104,158768,1,1664,-0.901,1,-0.75,Walking,True,3.9,0,0
1789904139997,104,158768,1,1664,-0.901,1,-0.75,Walking,True,3.9,0,0
1789904140012,105,160226,1,1680,-0.901,1,-0.75,Walking,True,3.9,0,0
1789904140012,105,160226,1,1680,-0.901,1,-0.75,Walking,True,3.9,0,0
1789904140012,105,160226,1,1680,-0.901,1,-0.75,Walking,True,3.9,0,0
1789904140012,105,160226,1,1680,-0.901,1,-0.75,Walking,True,3.9,0,0
1789904140012,105,160226,1,1680,-0.901,1,-0.75,Walking,True,3.9,0,0
1789904140012,105,160226,1,1680,-0.901,1,-0.75,Walking,True,3.9,0,0
1789904140012,105,160226,1,1680,-0.901,1,-0.75,Walking,True,3.9,0,0
1789904140012,105,160226,1,1680,-0.901,1,-0.75,Walking,True,3.9,0,0
1789904140027,106,161734,1,1696,-0.901,1,-0.75,Walking,True,3.9,0,0
1789904140027,106,161734,1,1696,-0.901,1,-0.75,Walking,True,3.9,0,0
1789904140027,106,161734,1,1696,-0.901,1,-0.75,Walking,True,3.9,0,0
1789904140027,106,161734,1,1696,-0.901,1,-0.75,Walking,True,3.9,0,0
1789904140027,106,161734,1,1696,-0.901,1,-0.75,Walking,True,3.9,0,0
1789904140027,106,161734,1,1696,-0.901,1,-0.75,Walking,True,3.9,0,0
1789904140027,106,161734,1,1696,-0.901,1,-0.75,Walking,True,3.9,0,0
1789904140027,106,161734,1,1696,-0.901,1,-0.75,Walking,True,3.9,0,0
1789904140043,107,162991,1,1712,-0.901,1,-0.75,Walking,True,3.9,0,0
1789904140043,107,162991,1,1712,-0.901,1,-0.75,Walking,True,3.9,0,0
1789904140043,107,162991,1,1712,-0.901,1,-0.75,Walking,True,3.9,0,0
1789904140043,107,162991,1,1712,-0.901,1,-0.75,Walking,True,3.9,0,0
1789904140043,107,162991,1,1712,-0.901,1,-0.75,Walking,True,3.9,0,0
1789904140043,107,162991,1,1712,-0.901,1,-0.75,Walking,True,3.9,0,0
1789904140043,107,162991,1,1712,-0.901,1,-0.75,Walking,True,3.9,0,0
1789904140043,107,162991,1,1712,-0.901,1,-0.75,Walking,True,3.9,0,0
1789904140058,108,164422,1,1728,-0.901,1,-0.75,Walking,True,3.9,0,0
1789904140058,108,164422,1,1728,-0.901,1,-0.75,Walking,True,3.9,0,0
1789904140058,108,164422,1,1728,-0.901,1,-0.75,Walking,True,3.9,0,0
1789904140058,108,164422,1,1728,-0.901,1,-0.75,Walking,True,3.9,0,0
1789904140058,108,164422,1,1728,-0.901,1,-0.75,Walking,True,3.9,0,0
1789904140058,108,164422,1,1728,-0.901,1,-0.75,Walking,True,3.9,0,0
1789904140058,108,164422,1,1728,-0.901,1,-0.75,Walking,True,3.9,0,0
1789904140058,108,164422,1,1728,-0.901,1,-0.75,Walking,True,3.9,0,0
1789904140089,109,165940,1,1744,-0.901,1,-0.75,Walking,True,3.9,0,0
1789904140089,109,165940,1,1744,-0.901,1,-0.75,Walking,True,3.9,0,0
1789904140089,109,165940,1,1744,-0.901,1,-0.75,Walking,True,3.9,0,0
1789904140089,109,165940,1,1744,-0.901,1,-0.75,Walking,True,3.9,0,0
1789904140089,109,165940,1,1744,-0.901,1,-0.75,Walking,True,3.9,0,0
1789904140089,109,165940,1,1744,-0.901,1,-0.75,Walking,True,3.9,0,0
1789904140089,109,165940,1,1744,-0.901,1,-0.75,Walking,True,3.9,0,0
1789904140089,109,165940,1,1744,-0.901,1,-0.75,Walking,True,3.9,0,0
1789904140105,110,169035,1,1760,-0.901,1,-0.75,Walking,True,3.9,0,0
1789904140105,110,169035,1,1760,-0.901,1,-0.75,Walking,True,3.9,0,0
1789904140105,110,169035,1,1760,-0.901,1,-0.75,Walking,True,3.9,0,0
1789904140105,110,169035,1,1760,-0.901,1,-0.75,Walking,True,3.9,0,0
1789904140105,110,169035,1,1760,-0.901,1,-0.75,Walking,True,3.9,0,0
1789904140105,110,169035,1,1760,-0.901,1,-0.75,Walking,True,3.9,0,0
1789904140105,110,169035,1,1760,-0.901,1,-0.75,Walking,True,3.9,0,0
1789904140105,110,169035,1,1760,-0.901,1,-0.75,Walking,True,3.9,0,0
1789904140120,111,170451,1,1776,-0.901,1,-0.75,Walking,True,3.9,0,0
1789904140120,111,170451,1,1776,-0.901,1,-0.75,Walking,True,3.9,0,0
1789904140120,111,170451,1,1776,-0.901,1,-0.75,Walking,True,3.9,0,0
1789904140120,111,170451,1,1776,-0.901,1,-0.75,Walking,True,3.9,0,0
1789904140120,111,170451,1,1776,-0.901,1,-0.75,Walking,True,3.9,0,0
1789904140120,111,170451,1,1776,-0.901,1,-0.75,Walking,True,3.9,0,0
1789904140120,111,170451,1,1776,-0.901,1,-0.75,Walking,True,3.9,0,0
1789904140120,111,170451,1,1776,-0.901,1,-0.75,Walking,True,3.9,0,0
1789904140136,112,171862,1,1792,-0.901,1,-0.75,Walking,True,3.9,0,0
1789904140136,112,171862,1,1792,-0.901,1,-0.75,Walking,True,3.9,0,0
1789904140136,112,171862,1,1792,-0.901,1,-0.75,Walking,True,3.9,0,0
1789904140136,112,171862,1,1792,-0.901,1,-0.75,Walking,True,3.9,0,0
1789904140136,112,171862,1,1792,-0.901,1,-0.75,Walking,True,3.9,0,0
1789904140136,112,171862,1,1792,-0.901,1,-0.75,Walking,True,3.9,0,0
1789904140136,112,171862,1,1792,-0.901,1,-0.75,Walking,True,3.9,0,0
1789904140136,112,171862,1,1792,-0.901,1,-0.75,Walking,True,3.9,0,0
1789904140152,113,173422,1,1808,-0.901,1,-0.75,Walking,True,3.9,0,0
1789904140152,113,173422,1,1808,-0.901,1,-0.75,Walking,True,3.9,0,0
1789904140152,113,173422,1,1808,-0.901,1,-0.75,Walking,True,3.9,0,0
1789904140152,113,173422,1,1808,-0.901,1,-0.75,Walking,True,3.9,0,0
1789904140152,113,173422,1,1808,-0.901,1,-0.75,Walking,True,3.9,0,0
1789904140152,113,173422,1,1808,-0.901,1,-0.75,Walking,True,3.9,0,0
1789904140152,113,173422,1,1808,-0.901,1,-0.75,Walking,True,3.9,0,0
1789904140152,113,173422,1,1808,-0.901,1,-0.75,Walking,True,3.9,0,0
1789904140168,114,174969,1,1824,-0.901,1,-0.75,Walking,True,3.9,0,0
1789904140168,114,174969,1,1824,-0.901,1,-0.75,Walking,True,3.9,0,0
1789904140168,114,174969,1,1824,-0.901,1,-0.75,Walking,True,3.9,0,0
1789904140168,114,174969,1,1824,-0.901,1,-0.75,Walking,True,3.9,0,0
1789904140168,114,174969,1,1824,-0.901,1,-0.75,Walking,True,3.9,0,0
1789904140168,114,174969,1,1824,-0.901,1,-0.75,Walking,True,3.9,0,0
1789904140168,114,174969,1,1824,-0.901,1,-0.75,Walking,True,3.9,0,0
1789904140168,114,174969,1,1824,-0.901,1,-0.75,Walking,True,3.9,0,0
1789904140183,115,176551,1,1840,-0.901,1,-0.75,Walking,True,3.9,0,0
1789904140183,115,176551,1,1840,-0.901,1,-0.75,Walking,True,3.9,0,0
1789904140183,115,176551,1,1840,-0.901,1,-0.75,Walking,True,3.9,0,0
1789904140183,115,176551,1,1840,-0.901,1,-0.75,Walking,True,3.9,0,0
1789904140183,115,176551,1,1840,-0.901,1,-0.75,Walking,True,3.9,0,0
1789904140183,115,176551,1,1840,-0.901,1,-0.75,Walking,True,3.9,0,0
1789904140183,115,176551,1,1840,-0.901,1,-0.75,Walking,True,3.9,0,0
1789904140183,115,176551,1,1840,-0.901,1,-0.75,Walking,True,3.9,0,0
1789904140199,116,178045,1,1856,-0.901,1,-0.75,Walking,True,3.9,0,0
1789904140199,116,178045,1,1856,-0.901,1,-0.75,Walking,True,3.9,0,0
1789904140199,116,178045,1,1856,-0.901,1,-0.75,Walking,True,3.9,0,0
1789904140199,116,178045,1,1856,-0.901,1,-0.75,Walking,True,3.9,0,0
1789904140199,116,178045,1,1856,-0.901,1,-0.75,Walking,True,3.9,0,0
1789904140199,116,178045,1,1856,-0.901,1,-0.75,Walking,True,3.9,0,0
1789904140199,116,178045,1,1856,-0.901,1,-0.75,Walking,True,3.9,0,0
1789904140199,116,178045,1,1856,-0.901,1,-0.75,Walking,True,3.9,0,0
1789904140214,117,179658,1,1872,-0.901,1,-0.75,Walking,True,3.9,0,0
1789904140214,117,179658,1,1872,-0.901,1,-0.75,Walking,True,3.9,0,0
1789904140214,117,179658,1,1872,-0.901,1,-0.75,Walking,True,3.9,0,0
1789904140214,117,179658,1,1872,-0.901,1,-0.75,Walking,True,3.9,0,0
1789904140214,117,179658,1,1872,-0.901,1,-0.75,Walking,True,3.9,0,0
1789904140214,117,179658,1,1872,-0.901,1,-0.75,Walking,True,3.9,0,0
1789904140214,117,179658,1,1872,-0.901,1,-0.75,Walking,True,3.9,0,0
1789904140214,117,179658,1,1872,-0.901,1,-0.75,Walking,True,3.9,0,0
1789904140230,118,181219,1,1888,-0.901,1,-0.75,Walking,True,3.9,0,0
1789904140230,118,181219,1,1888,-0.901,1,-0.75,Walking,True,3.9,0,0
1789904140230,118,181219,1,1888,-0.901,1,-0.75,Walking,True,3.9,0,0
1789904140230,118,181219,1,1888,-0.901,1,-0.75,Walking,True,3.9,0,0
1789904140230,118,181219,1,1888,-0.901,1,-0.75,Walking,True,3.9,0,0
1789904140230,118,181219,1,1888,-0.901,1,-0.75,Walking,True,3.9,0,0
1789904140230,118,181219,1,1888,-0.901,1,-0.75,Walking,True,3.9,0,0
1789904140230,118,181219,1,1888,-0.901,1,-0.75,Walking,True,3.9,0,0
1789904140246,119,182745,1,1904,-0.901,1,-0.75,Walking,True,3.9,0,0
1789904140246,119,182745,1,1904,-0.901,1,-0.75,Walking,True,3.9,0,0
1789904140246,119,182745,1,1904,-0.901,1,-0.75,Walking,True,3.9,0,0
1789904140246,119,182745,1,1904,-0.901,1,-0.75,Walking,True,3.9,0,0
1789904140246,119,182745,1,1904,-0.901,1,-0.75,Walking,True,3.9,0,0
1789904140246,119,182745,1,1904,-0.901,1,-0.75,Walking,True,3.9,0,0
1789904140246,119,182745,1,1904,-0.901,1,-0.75,Walking,True,3.9,0,0
1789904140246,119,182745,1,1904,-0.901,1,-0.75,Walking,True,3.9,0,0
1789904140261,120,184398,1,1920,-0.901,1,-0.75,Walking,True,3.9,0,0
1789904140261,120,184398,1,1920,-0.901,1,-0.75,Walking,True,3.9,0,0
1789904140261,120,184398,1,1920,-0.901,1,-0.75,Walking,True,3.9,0,0
1789904140261,120,184398,1,1920,-0.901,1,-0.75,Walking,True,3.9,0,0
1789904140261,120,184398,1,1920,-0.901,1,-0.75,Walking,True,3.9,0,0
1789904140261,120,184398,1,1920,-0.901,1,-0.75,Walking,True,3.9,0,0
1789904140261,120,184398,1,1920,-0.901,1,-0.75,Walking,True,3.9,0,0
1789904140262,120,184398,1,1920,-0.901,1,-0.75,Walking,True,3.9,0,0
1789904140277,121,185890,1,1936,-0.901,1,-0.75,Walking,True,3.9,0,0
1789904140277,121,185890,1,1936,-0.901,1,-0.75,Walking,True,3.9,0,0
1789904140277,121,185890,1,1936,-0.901,1,-0.75,Walking,True,3.9,0,0
1789904140277,121,185890,1,1936,-0.901,1,-0.75,Walking,True,3.9,0,0
1789904140277,121,185890,1,1936,-0.901,1,-0.75,Walking,True,3.9,0,0
1789904140277,121,185890,1,1936,-0.901,1,-0.75,Walking,True,3.9,0,0
1789904140277,121,185890,1,1936,-0.901,1,-0.75,Walking,True,3.9,0,0
1789904140277,121,185890,1,1936,-0.901,1,-0.75,Walking,True,3.9,0,0
1789904140292,122,187415,1,1952,-0.901,1,-0.75,Walking,True,3.9,0,0
1789904140292,122,187415,1,1952,-0.901,1,-0.75,Walking,True,3.9,0,0
1789904140292,122,187415,1,1952,-0.901,1,-0.75,Walking,True,3.9,0,0
1789904140292,122,187415,1,1952,-0.901,1,-0.75,Walking,True,3.9,0,0
1789904140292,122,187415,1,1952,-0.901,1,-0.75,Walking,True,3.9,0,0
1789904140292,122,187415,1,1952,-0.901,1,-0.75,Walking,True,3.9,0,0
1789904140292,122,187415,1,1952,-0.901,1,-0.75,Walking,True,3.9,0,0
1789904140292,122,187415,1,1952,-0.901,1,-0.75,Walking,True,3.9,0,0
1789904140308,123,188978,1,1968,-0.901,1,-0.75,Walking,True,3.9,0,0
1789904140308,123,188978,1,1968,-0.901,1,-0.75,Walking,True,3.9,0,0
1789904140308,123,188978,1,1968,-0.901,1,-0.75,Walking,True,3.9,0,0
1789904140308,123,188978,1,1968,-0.901,1,-0.75,Walking,True,3.9,0,0
1789904140308,123,188978,1,1968,-0.901,1,-0.75,Walking,True,3.9,0,0
1789904140308,123,188978,1,1968,-0.901,1,-0.75,Walking,True,3.9,0,0
1789904140308,123,188978,1,1968,-0.901,1,-0.75,Walking,True,3.9,0,0
1789904140308,123,188978,1,1968,-0.901,1,-0.75,Walking,True,3.9,0,0
1789904140324,124,190609,1,1984,-0.901,1,-0.75,Walking,True,3.9,0,0
1789904140324,124,190609,1,1984,-0.901,1,-0.75,Walking,True,3.9,0,0
1789904140324,124,190609,1,1984,-0.901,1,-0.75,Walking,True,3.9,0,0
1789904140324,124,190609,1,1984,-0.901,1,-0.75,Walking,True,3.9,0,0
1789904140324,124,190609,1,1984,-0.901,1,-0.75,Walking,True,3.9,0,0
1789904140324,124,190609,1,1984,-0.901,1,-0.75,Walking,True,3.9,0,0
1789904140324,124,190609,1,1984,-0.901,1,-0.75,Walking,True,3.9,0,0
1789904140324,124,190609,1,1984,-0.901,1,-0.75,Walking,True,3.9,0,0
1789904140339,125,192246,1,2000,-0.901,1,-0.75,Walking,True,3.9,0,0
1789904140339,125,192246,1,2000,-0.901,1,-0.75,Walking,True,3.9,0,0
1789904140339,125,192246,1,2000,-0.901,1,-0.75,Walking,True,3.9,0,0
1789904140339,125,192246,1,2000,-0.901,1,-0.75,Walking,True,3.9,0,0
1789904140339,125,192246,1,2000,-0.901,1,-0.75,Walking,True,3.9,0,0
1789904140339,125,192246,1,2000,-0.901,1,-0.75,Walking,True,3.9,0,0
1789904140339,125,192246,1,2000,-0.901,1,-0.75,Walking,True,3.9,0,0
1789904140339,125,192246,1,2000,-0.901,1,-0.75,Walking,True,3.9,0,0
1789904140354,126,193702,1,2016,-0.901,1,-0.75,Walking,True,3.9,0,0
1789904140354,126,193702,1,2016,-0.901,1,-0.75,Walking,True,3.9,0,0
1789904140354,126,193702,1,2016,-0.901,1,-0.75,Walking,True,3.9,0,0
1789904140354,126,193702,1,2016,-0.901,1,-0.75,Walking,True,3.9,0,0
1789904140354,126,193702,1,2016,-0.901,1,-0.75,Walking,True,3.9,0,0
1789904140354,126,193702,1,2016,-0.901,1,-0.75,Walking,True,3.9,0,0
1789904140354,126,193702,1,2016,-0.901,1,-0.75,Walking,True,3.9,0,0
1789904140354,126,193702,1,2016,-0.901,1,-0.75,Walking,True,3.9,0,0
1789904140370,127,195261,1,2032,-0.901,1,-0.75,Walking,True,3.9,0,0
1789904140370,127,195261,1,2032,-0.901,1,-0.75,Walking,True,3.9,0,0
1789904140370,127,195261,1,2032,-0.901,1,-0.75,Walking,True,3.9,0,0
1789904140370,127,195261,1,2032,-0.901,1,-0.75,Walking,True,3.9,0,0
1789904140370,127,195261,1,2032,-0.901,1,-0.75,Walking,True,3.9,0,0
1789904140370,127,195261,1,2032,-0.901,1,-0.75,Walking,True,3.9,0,0
1789904140370,127,195261,1,2032,-0.901,1,-0.75,Walking,True,3.9,0,0
1789904140370,127,195261,1,2032,-0.901,1,-0.75,Walking,True,3.9,0,0
1789904140386,128,196856,1,2048,-0.901,1,-0.75,Walking,True,3.9,0,0
1789904140386,128,196856,1,2048,-0.901,1,-0.75,Walking,True,3.9,0,0
1789904140386,128,196856,1,2048,-0.901,1,-0.75,Walking,True,3.9,0,0
1789904140386,128,196856,1,2048,-0.901,1,-0.75,Walking,True,3.9,0,0
1789904140386,128,196856,1,2048,-0.901,1,-0.75,Walking,True,3.9,0,0
1789904140386,128,196856,1,2048,-0.901,1,-0.75,Walking,True,3.9,0,0
1789904140386,128,196856,1,2048,-0.901,1,-0.75,Walking,True,3.9,0,0
1789904140386,128,196856,1,2048,-0.901,1,-0.75,Walking,True,3.9,0,0
1789904140401,129,198481,1,2064,-0.901,1,-0.75,Walking,True,3.9,0,0
1789904140401,129,198481,1,2064,-0.901,1,-0.75,Walking,True,3.9,0,0
1789904140401,129,198481,1,2064,-0.901,1,-0.75,Walking,True,3.9,0,0
1789904140401,129,198481,1,2064,-0.901,1,-0.75,Walking,True,3.9,0,0
1789904140401,129,198481,1,2064,-0.901,1,-0.75,Walking,True,3.9,0,0
1789904140401,129,198481,1,2064,-0.901,1,-0.75,Walking,True,3.9,0,0
1789904140401,129,198481,1,2064,-0.901,1,-0.75,Walking,True,3.9,0,0
1789904140401,129,198481,1,2064,-0.901,1,-0.75,Walking,True,3.9,0,0
1789904140417,130,200023,1,2080,-0.901,1,-0.75,Walking,True,3.9,0,0
1789904140417,130,200023,1,2080,-0.901,1,-0.75,Walking,True,3.9,0,0
1789904140417,130,200023,1,2080,-0.901,1,-0.75,Walking,True,3.9,0,0
1789904140417,130,200023,1,2080,-0.901,1,-0.75,Walking,True,3.9,0,0
1789904140417,130,200023,1,2080,-0.901,1,-0.75,Walking,True,3.9,0,0
1789904140417,130,200023,1,2080,-0.901,1,-0.75,Walking,True,3.9,0,0
1789904140417,130,200023,1,2080,-0.901,1,-0.75,Walking,True,3.9,0,0
1789904140417,130,200023,1,2080,-0.901,1,-0.75,Walking,True,3.9,0,0
1789904140433,131,201659,1,2096,-0.901,1,-0.75,Walking,True,3.9,0,0
1789904140433,131,201659,1,2096,-0.901,1,-0.75,Walking,True,3.9,0,0
1789904140433,131,201659,1,2096,-0.901,1,-0.75,Walking,True,3.9,0,0
1789904140433,131,201659,1,2096,-0.901,1,-0.75,Walking,True,3.9,0,0
1789904140433,131,201659,1,2096,-0.901,1,-0.75,Walking,True,3.9,0,0
1789904140433,131,201659,1,2096,-0.901,1,-0.75,Walking,True,3.9,0,0
1789904140433,131,201659,1,2096,-0.901,1,-0.75,Walking,True,3.9,0,0
1789904140433,131,201659,1,2096,-0.901,1,-0.75,Walking,True,3.9,0,0
1789904140448,132,203191,1,2112,-0.901,1,-0.75,Walking,True,3.9,0,0
1789904140448,132,203191,1,2112,-0.901,1,-0.75,Walking,True,3.9,0,0
1789904140448,132,203191,1,2112,-0.901,1,-0.75,Walking,True,3.9,0,0
1789904140448,132,203191,1,2112,-0.901,1,-0.75,Walking,True,3.9,0,0
1789904140448,132,203191,1,2112,-0.901,1,-0.75,Walking,True,3.9,0,0
1789904140448,132,203191,1,2112,-0.901,1,-0.75,Walking,True,3.9,0,0
1789904140448,132,203191,1,2112,-0.901,1,-0.75,Walking,True,3.9,0,0
1789904140448,132,203191,1,2112,-0.901,1,-0.75,Walking,True,3.9,0,0
1789904140464,133,204721,1,2128,-0.901,1,-0.75,Walking,True,3.9,0,0
1789904140464,133,204721,1,2128,-0.901,1,-0.75,Walking,True,3.9,0,0
1789904140464,133,204721,1,2128,-0.901,1,-0.75,Walking,True,3.9,0,0
1789904140464,133,204721,1,2128,-0.901,1,-0.75,Walking,True,3.9,0,0
1789904140464,133,204721,1,2128,-0.901,1,-0.75,Walking,True,3.9,0,0
1789904140464,133,204721,1,2128,-0.901,1,-0.75,Walking,True,3.9,0,0
1789904140464,133,204721,1,2128,-0.901,1,-0.75,Walking,True,3.9,0,0
1789904140464,133,204721,1,2128,-0.901,1,-0.75,Walking,True,3.9,0,0
1789904140480,134,206371,1,2144,-0.901,1,-0.75,Walking,True,3.9,0,0
1789904140480,134,206371,1,2144,-0.901,1,-0.75,Walking,True,3.9,0,0
1789904140480,134,206371,1,2144,-0.901,1,-0.75,Walking,True,3.9,0,0
1789904140480,134,206371,1,2144,-0.901,1,-0.75,Walking,True,3.9,0,0
1789904140480,134,206371,1,2144,-0.901,1,-0.75,Walking,True,3.9,0,0
1789904140480,134,206371,1,2144,-0.901,1,-0.75,Walking,True,3.9,0,0
1789904140480,134,206371,1,2144,-0.901,1,-0.75,Walking,True,3.9,0,0
1789904140480,134,206371,1,2144,-0.901,1,-0.75,Walking,True,3.9,0,0
1789904140495,135,207800,1,2160,-0.901,1,-0.75,Walking,True,3.9,0,0
1789904140495,135,207800,1,2160,-0.901,1,-0.75,Walking,True,3.9,0,0
1789904140495,135,207800,1,2160,-0.901,1,-0.75,Walking,True,3.9,0,0
1789904140495,135,207800,1,2160,-0.901,1,-0.75,Walking,True,3.9,0,0
1789904140495,135,207800,1,2160,-0.901,1,-0.75,Walking,True,3.9,0,0
1789904140495,135,207800,1,2160,-0.901,1,-0.75,Walking,True,3.9,0,0
1789904140495,135,207800,1,2160,-0.901,1,-0.75,Walking,True,3.9,0,0
1789904140495,135,207800,1,2160,-0.901,1,-0.75,Walking,True,3.9,0,0
1789904140510,136,209313,1,2176,-0.901,1,-0.75,Walking,True,3.9,0,0
1789904140510,136,209313,1,2176,-0.901,1,-0.75,Walking,True,3.9,0,0
1789904140510,136,209313,1,2176,-0.901,1,-0.75,Walking,True,3.9,0,0
1789904140510,136,209313,1,2176,-0.901,1,-0.75,Walking,True,3.9,0,0
1789904140510,136,209313,1,2176,-0.901,1,-0.75,Walking,True,3.9,0,0
1789904140510,136,209313,1,2176,-0.901,1,-0.75,Walking,True,3.9,0,0
1789904140510,136,209313,1,2176,-0.901,1,-0.75,Walking,True,3.9,0,0
1789904140510,136,209313,1,2176,-0.901,1,-0.75,Walking,True,3.9,0,0
1789904140525,137,210820,1,2192,-0.901,1,-0.75,Walking,True,3.9,0,0
1789904140525,137,210820,1,2192,-0.901,1,-0.75,Walking,True,3.9,0,0
1789904140525,137,210820,1,2192,-0.901,1,-0.75,Walking,True,3.9,0,0
1789904140525,137,210820,1,2192,-0.901,1,-0.75,Walking,True,3.9,0,0
1789904140525,137,210820,1,2192,-0.901,1,-0.75,Walking,True,3.9,0,0
1789904140525,137,210820,1,2192,-0.901,1,-0.75,Walking,True,3.9,0,0
1789904140525,137,210820,1,2192,-0.901,1,-0.75,Walking,True,3.9,0,0
1789904140525,137,210820,1,2192,-0.901,1,-0.75,Walking,True,3.9,0,0
1789904140541,138,212178,1,2208,-0.901,1,-0.75,Walking,True,3.9,0,0
1789904140541,138,212178,1,2208,-0.901,1,-0.75,Walking,True,3.9,0,0
1789904140541,138,212178,1,2208,-0.901,1,-0.75,Walking,True,3.9,0,0
1789904140541,138,212178,1,2208,-0.901,1,-0.75,Walking,True,3.9,0,0
1789904140541,138,212178,1,2208,-0.901,1,-0.75,Walking,True,3.9,0,0
1789904140541,138,212178,1,2208,-0.901,1,-0.75,Walking,True,3.9,0,0
1789904140541,138,212178,1,2208,-0.901,1,-0.75,Walking,True,3.9,0,0
1789904140541,138,212178,1,2208,-0.901,1,-0.75,Walking,True,3.9,0,0
1789904140557,139,213703,1,2224,-0.901,1,-0.75,Walking,True,3.9,0,0
1789904140557,139,213703,1,2224,-0.901,1,-0.75,Walking,True,3.9,0,0
1789904140557,139,213703,1,2224,-0.901,1,-0.75,Walking,True,3.9,0,0
1789904140557,139,213703,1,2224,-0.901,1,-0.75,Walking,True,3.9,0,0
1789904140557,139,213703,1,2224,-0.901,1,-0.75,Walking,True,3.9,0,0
1789904140557,139,213703,1,2224,-0.901,1,-0.75,Walking,True,3.9,0,0
1789904140557,139,213703,1,2224,-0.901,1,-0.75,Walking,True,3.9,0,0
1789904140557,139,213703,1,2224,-0.901,1,-0.75,Walking,True,3.9,0,0
1789904140573,140,215161,1,2240,-0.901,1,-0.75,Walking,True,3.9,0,0
1789904140573,140,215161,1,2240,-0.901,1,-0.75,Walking,True,3.9,0,0
1789904140573,140,215161,1,2240,-0.901,1,-0.75,Walking,True,3.9,0,0
1789904140573,140,215161,1,2240,-0.901,1,-0.75,Walking,True,3.9,0,0
1789904140573,140,215161,1,2240,-0.901,1,-0.75,Walking,True,3.9,0,0
1789904140573,140,215161,1,2240,-0.901,1,-0.75,Walking,True,3.9,0,0
1789904140573,140,215161,1,2240,-0.901,1,-0.75,Walking,True,3.9,0,0
1789904140573,140,215161,1,2240,-0.901,1,-0.75,Walking,True,3.9,0,0
1789904140589,141,216728,1,2256,-0.901,1,-0.75,Walking,True,3.9,0,0
1789904140589,141,216728,1,2256,-0.901,1,-0.75,Walking,True,3.9,0,0
1789904140589,141,216728,1,2256,-0.901,1,-0.75,Walking,True,3.9,0,0
1789904140589,141,216728,1,2256,-0.901,1,-0.75,Walking,True,3.9,0,0
1789904140589,141,216728,1,2256,-0.901,1,-0.75,Walking,True,3.9,0,0
1789904140589,141,216728,1,2256,-0.901,1,-0.75,Walking,True,3.9,0,0
1789904140589,141,216728,1,2256,-0.901,1,-0.75,Walking,True,3.9,0,0
1789904140589,141,216728,1,2256,-0.901,1,-0.75,Walking,True,3.9,0,0
1789904140604,142,218310,1,2272,-0.901,1,-0.75,Walking,True,3.9,0,0
1789904140604,142,218310,1,2272,-0.901,1,-0.75,Walking,True,3.9,0,0
1789904140604,142,218310,1,2272,-0.901,1,-0.75,Walking,True,3.9,0,0
1789904140604,142,218310,1,2272,-0.901,1,-0.75,Walking,True,3.9,0,0
1789904140604,142,218310,1,2272,-0.901,1,-0.75,Walking,True,3.9,0,0
1789904140604,142,218310,1,2272,-0.901,1,-0.75,Walking,True,3.9,0,0
1789904140604,142,218310,1,2272,-0.901,1,-0.75,Walking,True,3.9,0,0
1789904140604,142,218310,1,2272,-0.901,1,-0.75,Walking,True,3.9,0,0
1789904140619,143,219866,1,2288,-0.901,1,-0.75,Walking,True,3.9,0,0
1789904140619,143,219866,1,2288,-0.901,1,-0.75,Walking,True,3.9,0,0
1789904140619,143,219866,1,2288,-0.901,1,-0.75,Walking,True,3.9,0,0
1789904140619,143,219866,1,2288,-0.901,1,-0.75,Walking,True,3.9,0,0
1789904140619,143,219866,1,2288,-0.901,1,-0.75,Walking,True,3.9,0,0
1789904140619,143,219866,1,2288,-0.901,1,-0.75,Walking,True,3.9,0,0
1789904140619,143,219866,1,2288,-0.901,1,-0.75,Walking,True,3.9,0,0
1789904140619,143,219866,1,2288,-0.901,1,-0.75,Walking,True,3.9,0,0
1789904140635,144,221396,1,2304,-0.901,1,-0.75,Walking,True,3.9,0,0
1789904140635,144,221396,1,2304,-0.901,1,-0.75,Walking,True,3.9,0,0
1789904140635,144,221396,1,2304,-0.901,1,-0.75,Walking,True,3.9,0,0
1789904140635,144,221396,1,2304,-0.901,1,-0.75,Walking,True,3.9,0,0
1789904140635,144,221396,1,2304,-0.901,1,-0.75,Walking,True,3.9,0,0
1789904140635,144,221396,1,2304,-0.901,1,-0.75,Walking,True,3.9,0,0
1789904140635,144,221396,1,2304,-0.901,1,-0.75,Walking,True,3.9,0,0
1789904140635,144,221396,1,2304,-0.901,1,-0.75,Walking,True,3.9,0,0
1789904140651,145,222923,1,2320,-0.901,1,-0.75,Walking,True,3.9,0,0
1789904140651,145,222923,1,2320,-0.901,1,-0.75,Walking,True,3.9,0,0
1789904140651,145,222923,1,2320,-0.901,1,-0.75,Walking,True,3.9,0,0
1789904140651,145,222923,1,2320,-0.901,1,-0.75,Walking,True,3.9,0,0
1789904140651,145,222923,1,2320,-0.901,1,-0.75,Walking,True,3.9,0,0
1789904140651,145,222923,1,2320,-0.901,1,-0.75,Walking,True,3.9,0,0
1789904140651,145,222923,1,2320,-0.901,1,-0.75,Walking,True,3.9,0,0
1789904140651,145,222923,1,2320,-0.901,1,-0.75,Walking,True,3.9,0,0
1789904140667,146,224485,1,2336,-0.901,1,-0.75,Walking,True,3.9,0,0
1789904140667,146,224485,1,2336,-0.901,1,-0.75,Walking,True,3.9,0,0
1789904140667,146,224485,1,2336,-0.901,1,-0.75,Walking,True,3.9,0,0
1789904140667,146,224485,1,2336,-0.901,1,-0.75,Walking,True,3.9,0,0
1789904140667,146,224485,1,2336,-0.901,1,-0.75,Walking,True,3.9,0,0
1789904140667,146,224485,1,2336,-0.901,1,-0.75,Walking,True,3.9,0,0
1789904140667,146,224485,1,2336,-0.901,1,-0.75,Walking,True,3.9,0,0
1789904140667,146,224485,1,2336,-0.901,1,-0.75,Walking,True,3.9,0,0
1789904140682,147,226118,1,2352,-0.901,1,-0.75,Walking,True,3.9,0,0
1789904140682,147,226118,1,2352,-0.901,1,-0.75,Walking,True,3.9,0,0
1789904140682,147,226118,1,2352,-0.901,1,-0.75,Walking,True,3.9,0,0
1789904140682,147,226118,1,2352,-0.901,1,-0.75,Walking,True,3.9,0,0
1789904140682,147,226118,1,2352,-0.901,1,-0.75,Walking,True,3.9,0,0
1789904140682,147,226118,1,2352,-0.901,1,-0.75,Walking,True,3.9,0,0
1789904140682,147,226118,1,2352,-0.901,1,-0.75,Walking,True,3.9,0,0
1789904140682,147,226118,1,2352,-0.901,1,-0.75,Walking,True,3.9,0,0
1789904140698,148,227590,1,2368,-0.901,1,-0.75,Walking,True,3.9,0,0
1789904140698,148,227590,1,2368,-0.901,1,-0.75,Walking,True,3.9,0,0
1789904140698,148,227590,1,2368,-0.901,1,-0.75,Walking,True,3.9,0,0
1789904140698,148,227590,1,2368,-0.901,1,-0.75,Walking,True,3.9,0,0
1789904140698,148,227590,1,2368,-0.901,1,-0.75,Walking,True,3.9,0,0
1789904140698,148,227590,1,2368,-0.901,1,-0.75,Walking,True,3.9,0,0
1789904140698,148,227590,1,2368,-0.901,1,-0.75,Walking,True,3.9,0,0
1789904140698,148,227590,1,2368,-0.901,1,-0.75,Walking,True,3.9,0,0
1789904140729,149,229107,1,2384,-0.901,1,-0.75,Walking,True,3.9,0,0
1789904140729,149,229107,1,2384,-0.901,1,-0.75,Walking,True,3.9,0,0
1789904140729,149,229107,1,2384,-0.901,1,-0.75,Walking,True,3.9,0,0
1789904140729,149,229107,1,2384,-0.901,1,-0.75,Walking,True,3.9,0,0
1789904140729,149,229107,1,2384,-0.901,1,-0.75,Walking,True,3.9,0,0
1789904140729,149,229107,1,2384,-0.901,1,-0.75,Walking,True,3.9,0,0
1789904140729,149,229107,1,2384,-0.901,1,-0.75,Walking,True,3.9,0,0
1789904140729,149,229107,1,2384,-0.901,1,-0.75,Walking,True,3.9,0,0
1789904140745,150,232191,1,2400,-0.901,1,-0.75,Walking,True,3.9,0,0
1789904140745,150,232191,1,2400,-0.901,1,-0.75,Walking,True,3.9,0,0
1789904140745,150,232191,1,2400,-0.901,1,-0.75,Walking,True,3.9,0,0
1789904140745,150,232191,1,2400,-0.901,1,-0.75,Walking,True,3.9,0,0
1789904140745,150,232191,1,2400,-0.901,1,-0.75,Walking,True,3.9,0,0
1789904140745,150,232191,1,2400,-0.901,1,-0.75,Walking,True,3.9,0,0
1789904140745,150,232191,1,2400,-0.901,1,-0.75,Walking,True,3.9,0,0
1789904140745,150,232191,1,2400,-0.901,1,-0.75,Walking,True,3.9,0,0
1789904140761,151,233728,1,2416,-0.901,1,-0.75,Walking,True,3.58,0,0
1789904140761,151,233728,1,2416,-0.901,1,-0.75,Walking,True,3.58,0,0
1789904140761,151,233728,1,2416,-0.901,1,-0.75,Walking,True,3.58,0,0
1789904140761,151,233728,1,2416,-0.901,1,-0.75,Walking,True,3.58,0,0
1789904140761,151,233728,1,2416,-0.901,1,-0.75,Walking,True,3.58,0,0
1789904140761,151,233728,1,2416,-0.901,1,-0.75,Walking,True,3.58,0,0
1789904140761,151,233728,1,2416,-0.901,1,-0.75,Walking,True,3.58,0,0
1789904140761,151,233728,1,2416,-0.901,1,-0.75,Walking,True,3.58,0,0
1789904140793,152,235382,1,2432,-0.901,1,-0.75,Walking,True,3.26,0,0
1789904140793,152,235382,1,2432,-0.901,1,-0.75,Walking,True,3.26,0,0
1789904140793,152,235382,1,2432,-0.901,1,-0.75,Walking,True,3.26,0,0
1789904140793,152,235382,1,2432,-0.901,1,-0.75,Walking,True,3.26,0,0
1789904140793,152,235382,1,2432,-0.901,1,-0.75,Walking,True,3.26,0,0
1789904140793,152,235382,1,2432,-0.901,1,-0.75,Walking,True,3.26,0,0
1789904140793,152,235382,1,2432,-0.901,1,-0.75,Walking,True,3.26,0,0
1789904140793,152,235382,1,2432,-0.901,1,-0.75,Walking,True,3.26,0,0
1789904140809,153,238599,1,2448,-0.901,1,-0.75,Walking,True,2.94,0,0
1789904140809,153,238599,1,2448,-0.901,1,-0.75,Walking,True,2.94,0,0
1789904140809,153,238599,1,2448,-0.901,1,-0.75,Walking,True,2.94,0,0
1789904140809,153,238599,1,2448,-0.901,1,-0.75,Walking,True,2.94,0,0
1789904140809,153,238599,1,2448,-0.901,1,-0.75,Walking,True,2.94,0,0
1789904140809,153,238599,1,2448,-0.901,1,-0.75,Walking,True,2.94,0,0
1789904140809,153,238599,1,2448,-0.901,1,-0.75,Walking,True,2.94,0,0
1789904140809,153,238599,1,2448,-0.901,1,-0.75,Walking,True,2.94,0,0
1789904140840,155,240139,1,2480,-0.901,1,-0.75,Walking,True,2.3,0,0
1789904140840,155,240139,1,2480,-0.901,1,-0.75,Walking,True,2.3,0,0
1789904140840,155,240139,1,2480,-0.901,1,-0.75,Walking,True,2.3,0,0
1789904140840,155,240139,1,2480,-0.901,1,-0.75,Walking,True,2.3,0,0
1789904140840,155,240139,1,2480,-0.901,1,-0.75,Walking,True,2.3,0,0
1789904140840,155,240139,1,2480,-0.901,1,-0.75,Walking,True,2.3,0,0
1789904140840,155,240139,1,2480,-0.901,1,-0.75,Walking,True,2.3,0,0
1789904140840,155,240139,1,2480,-0.901,1,-0.75,Walking,True,2.3,0,0
1789904140856,156,243228,1,2496,-0.901,1,-0.75,Walking,True,1.98,0,0
1789904140856,156,243228,1,2496,-0.901,1,-0.75,Walking,True,1.98,0,0
1789904140856,156,243228,1,2496,-0.901,1,-0.75,Walking,True,1.98,0,0
1789904140856,156,243228,1,2496,-0.901,1,-0.75,Walking,True,1.98,0,0
1789904140856,156,243228,1,2496,-0.901,1,-0.75,Walking,True,1.98,0,0
1789904140856,156,243228,1,2496,-0.901,1,-0.75,Walking,True,1.98,0,0
1789904140856,156,243228,1,2496,-0.901,1,-0.75,Walking,True,1.98,0,0
1789904140856,156,243228,1,2496,-0.901,1,-0.75,Walking,True,1.98,0,0
1789904140871,157,244819,1,2512,-0.901,1,-0.75,Walking,True,1.66,0,0
1789904140871,157,244819,1,2512,-0.901,1,-0.75,Walking,True,1.66,0,0
1789904140871,157,244819,1,2512,-0.901,1,-0.75,Walking,True,1.66,0,0
1789904140871,157,244819,1,2512,-0.901,1,-0.75,Walking,True,1.66,0,0
1789904140871,157,244819,1,2512,-0.901,1,-0.75,Walking,True,1.66,0,0
1789904140871,157,244819,1,2512,-0.901,1,-0.75,Walking,True,1.66,0,0
1789904140871,157,244819,1,2512,-0.901,1,-0.75,Walking,True,1.66,0,0
1789904140871,157,244819,1,2512,-0.901,1,-0.75,Walking,True,1.66,0,0
1789904140887,158,246343,1,2528,-0.901,1,-0.75,Walking,True,1.34,0,0
1789904140887,158,246343,1,2528,-0.901,1,-0.75,Walking,True,1.34,0,0
1789904140887,158,246343,1,2528,-0.901,1,-0.75,Walking,True,1.34,0,0
1789904140887,158,246343,1,2528,-0.901,1,-0.75,Walking,True,1.34,0,0
1789904140887,158,246343,1,2528,-0.901,1,-0.75,Walking,True,1.34,0,0
1789904140887,158,246343,1,2528,-0.901,1,-0.75,Walking,True,1.34,0,0
1789904140887,158,246343,1,2528,-0.901,1,-0.75,Walking,True,1.34,0,0
1789904140887,158,246343,1,2528,-0.901,1,-0.75,Walking,True,1.34,0,0
1789904140902,159,247892,1,2544,-0.901,1,-0.75,Walking,True,1.02,0,0
1789904140902,159,247892,1,2544,-0.901,1,-0.75,Walking,True,1.02,0,0
1789904140902,159,247892,1,2544,-0.901,1,-0.75,Walking,True,1.02,0,0
1789904140902,159,247892,1,2544,-0.901,1,-0.75,Walking,True,1.02,0,0
1789904140902,159,247892,1,2544,-0.901,1,-0.75,Walking,True,1.02,0,0
1789904140902,159,247892,1,2544,-0.901,1,-0.75,Walking,True,1.02,0,0
1789904140902,159,247892,1,2544,-0.901,1,-0.75,Walking,True,1.02,0,0
1789904140902,159,247892,1,2544,-0.901,1,-0.75,Walking,True,1.02,0,0
1789904140918,160,249443,1,2560,-0.901,1,-0.75,Walking,True,0.7,0,0
1789904140918,160,249443,1,2560,-0.901,1,-0.75,Walking,True,0.7,0,0
1789904140918,160,249443,1,2560,-0.901,1,-0.75,Walking,True,0.7,0,0
1789904140918,160,249443,1,2560,-0.901,1,-0.75,Walking,True,0.7,0,0
1789904140918,160,249443,1,2560,-0.901,1,-0.75,Walking,True,0.7,0,0
1789904140918,160,249443,1,2560,-0.901,1,-0.75,Walking,True,0.7,0,0
1789904140918,160,249443,1,2560,-0.901,1,-0.75,Walking,True,0.7,0,0
1789904140918,160,249443,1,2560,-0.901,1,-0.75,Walking,True,0.7,0,0
1789904140934,161,251035,1,2576,-0.901,1,-0.75,Walking,True,0.38,0,0
1789904140934,161,251035,1,2576,-0.901,1,-0.75,Walking,True,0.38,0,0
1789904140934,161,251035,1,2576,-0.901,1,-0.75,Walking,True,0.38,0,0
1789904140934,161,251035,1,2576,-0.901,1,-0.75,Walking,True,0.38,0,0
1789904140934,161,251035,1,2576,-0.901,1,-0.75,Walking,True,0.38,0,0
1789904140934,161,251035,1,2576,-0.901,1,-0.75,Walking,True,0.38,0,0
1789904140934,161,251035,1,2576,-0.901,1,-0.75,Walking,True,0.38,0,0
1789904140934,161,251035,1,2576,-0.901,1,-0.75,Walking,True,0.38,0,0
1789904140949,162,252621,1,2592,-0.901,1,-0.75,Walking,True,0.06,0,0
1789904140949,162,252621,1,2592,-0.901,1,-0.75,Walking,True,0.06,0,0
1789904140949,162,252621,1,2592,-0.901,1,-0.75,Walking,True,0.06,0,0
1789904140949,162,252621,1,2592,-0.901,1,-0.75,Walking,True,0.06,0,0
1789904140949,162,252621,1,2592,-0.901,1,-0.75,Walking,True,0.06,0,0
1789904140949,162,252621,1,2592,-0.901,1,-0.75,Walking,True,0.06,0,0
1789904140949,162,252621,1,2592,-0.901,1,-0.75,Walking,True,0.06,0,0
1789904140949,162,252621,1,2592,-0.901,1,-0.75,Walking,True,0.06,0,0
1789904140965,163,253963,1,2608,-0.901,1,-0.75,Walking,True,0,0,0
1789904140965,163,253963,1,2608,-0.901,1,-0.75,Walking,True,0,0,0
1789904140965,163,253963,1,2608,-0.901,1,-0.75,Walking,True,0,0,0
1789904140965,163,253963,1,2608,-0.901,1,-0.75,Walking,True,0,0,0
1789904140965,163,253963,1,2608,-0.901,1,-0.75,Walking,True,0,0,0
1789904140965,163,253963,1,2608,-0.901,1,-0.75,Walking,True,0,0,0
1789904140965,163,253963,1,2608,-0.901,1,-0.75,Walking,True,0,0,0
1789904140965,163,253963,1,2608,-0.901,1,-0.75,Walking,True,0,0,0
1789904140980,164,255480,1,2624,-0.901,1,-0.75,Walking,True,0,0,0
1789904140980,164,255480,1,2624,-0.901,1,-0.75,Walking,True,0,0,0
1789904140980,164,255480,1,2624,-0.901,1,-0.75,Walking,True,0,0,0
1789904140980,164,255480,1,2624,-0.901,1,-0.75,Walking,True,0,0,0
1789904140980,164,255480,1,2624,-0.901,1,-0.75,Walking,True,0,0,0
1789904140980,164,255480,1,2624,-0.901,1,-0.75,Walking,True,0,0,0
1789904140980,164,255480,1,2624,-0.901,1,-0.75,Walking,True,0,0,0
1789904140980,164,255480,1,2624,-0.901,1,-0.75,Walking,True,0,0,0
1789904140995,165,256861,1,2640,-0.901,1,-0.75,Walking,True,0,0,0
1789904140995,165,256861,1,2640,-0.901,1,-0.75,Walking,True,0,0,0
1789904140995,165,256861,1,2640,-0.901,1,-0.75,Walking,True,0,0,0
1789904140995,165,256861,1,2640,-0.901,1,-0.75,Walking,True,0,0,0
1789904140995,165,256861,1,2640,-0.901,1,-0.75,Walking,True,0,0,0
1789904140995,165,256861,1,2640,-0.901,1,-0.75,Walking,True,0,0,0
1789904140995,165,256861,1,2640,-0.901,1,-0.75,Walking,True,0,0,0
1789904140995,165,256861,1,2640,-0.901,1,-0.75,Walking,True,0,0,0
1789904141011,166,258344,1,2656,-0.901,1,-0.75,Walking,True,0,0,0
1789904141011,166,258344,1,2656,-0.901,1,-0.75,Walking,True,0,0,0
1789904141011,166,258344,1,2656,-0.901,1,-0.75,Walking,True,0,0,0
1789904141011,166,258344,1,2656,-0.901,1,-0.75,Walking,True,0,0,0
1789904141011,166,258344,1,2656,-0.901,1,-0.75,Walking,True,0,0,0
1789904141011,166,258344,1,2656,-0.901,1,-0.75,Walking,True,0,0,0
1789904141011,166,258344,1,2656,-0.901,1,-0.75,Walking,True,0,0,0
1789904141011,166,258344,1,2656,-0.901,1,-0.75,Walking,True,0,0,0
1789904141026,167,259951,1,2672,-0.901,1,-0.75,Walking,True,0,0,0
1789904141026,167,259951,1,2672,-0.901,1,-0.75,Walking,True,0,0,0
1789904141026,167,259951,1,2672,-0.901,1,-0.75,Walking,True,0,0,0
1789904141026,167,259951,1,2672,-0.901,1,-0.75,Walking,True,0,0,0
1789904141026,167,259951,1,2672,-0.901,1,-0.75,Walking,True,0,0,0
1789904141026,167,259951,1,2672,-0.901,1,-0.75,Walking,True,0,0,0
1789904141026,167,259951,1,2672,-0.901,1,-0.75,Walking,True,0,0,0
1789904141026,167,259951,1,2672,-0.901,1,-0.75,Walking,True,0,0,0
1789904141041,168,261507,1,2688,-0.901,1,-0.75,Walking,True,0,0,0
1789904141041,168,261507,1,2688,-0.901,1,-0.75,Walking,True,0,0,0
1789904141041,168,261507,1,2688,-0.901,1,-0.75,Walking,True,0,0,0
1789904141041,168,261507,1,2688,-0.901,1,-0.75,Walking,True,0,0,0
1789904141041,168,261507,1,2688,-0.901,1,-0.75,Walking,True,0,0,0
1789904141041,168,261507,1,2688,-0.901,1,-0.75,Walking,True,0,0,0
1789904141041,168,261507,1,2688,-0.901,1,-0.75,Walking,True,0,0,0
1789904141041,168,261507,1,2688,-0.901,1,-0.75,Walking,True,0,0,0
1789904141057,169,262997,1,2704,-0.901,1,-0.75,Walking,True,0,0,0
1789904141057,169,262997,1,2704,-0.901,1,-0.75,Walking,True,0,0,0
1789904141057,169,262997,1,2704,-0.901,1,-0.75,Walking,True,0,0,0
1789904141057,169,262997,1,2704,-0.901,1,-0.75,Walking,True,0,0,0
1789904141057,169,262997,1,2704,-0.901,1,-0.75,Walking,True,0,0,0
1789904141057,169,262997,1,2704,-0.901,1,-0.75,Walking,True,0,0,0
1789904141057,169,262997,1,2704,-0.901,1,-0.75,Walking,True,0,0,0
1789904141057,169,262997,1,2704,-0.901,1,-0.75,Walking,True,0,0,0
1789904141074,170,264545,1,2720,-0.901,1,-0.75,Walking,True,0,0,0
1789904141074,170,264545,1,2720,-0.901,1,-0.75,Walking,True,0,0,0
1789904141074,170,264545,1,2720,-0.901,1,-0.75,Walking,True,0,0,0
1789904141074,170,264545,1,2720,-0.901,1,-0.75,Walking,True,0,0,0
1789904141074,170,264545,1,2720,-0.901,1,-0.75,Walking,True,0,0,0
1789904141074,170,264545,1,2720,-0.901,1,-0.75,Walking,True,0,0,0
1789904141074,170,264545,1,2720,-0.901,1,-0.75,Walking,True,0,0,0
1789904141074,170,264545,1,2720,-0.901,1,-0.75,Walking,True,0,0,0
1789904141089,171,266258,1,2736,-0.901,1,-0.75,Walking,True,0,0,0
1789904141089,171,266258,1,2736,-0.901,1,-0.75,Walking,True,0,0,0
1789904141089,171,266258,1,2736,-0.901,1,-0.75,Walking,True,0,0,0
1789904141089,171,266258,1,2736,-0.901,1,-0.75,Walking,True,0,0,0
1789904141089,171,266258,1,2736,-0.901,1,-0.75,Walking,True,0,0,0
1789904141089,171,266258,1,2736,-0.901,1,-0.75,Walking,True,0,0,0
1789904141089,171,266258,1,2736,-0.901,1,-0.75,Walking,True,0,0,0
1789904141089,171,266258,1,2736,-0.901,1,-0.75,Walking,True,0,0,0
1789904141105,172,267815,1,2752,-0.901,1,-0.75,Walking,True,0,0,0
1789904141105,172,267815,1,2752,-0.901,1,-0.75,Walking,True,0,0,0
1789904141105,172,267815,1,2752,-0.901,1,-0.75,Walking,True,0,0,0
1789904141105,172,267815,1,2752,-0.901,1,-0.75,Walking,True,0,0,0
1789904141105,172,267815,1,2752,-0.901,1,-0.75,Walking,True,0,0,0
1789904141105,172,267815,1,2752,-0.901,1,-0.75,Walking,True,0,0,0
1789904141105,172,267815,1,2752,-0.901,1,-0.75,Walking,True,0,0,0
1789904141105,172,267815,1,2752,-0.901,1,-0.75,Walking,True,0,0,0
1789904141121,173,269352,1,2768,-0.901,1,-0.75,Walking,True,0,0,0
1789904141121,173,269352,1,2768,-0.901,1,-0.75,Walking,True,0,0,0
1789904141121,173,269352,1,2768,-0.901,1,-0.75,Walking,True,0,0,0
1789904141121,173,269352,1,2768,-0.901,1,-0.75,Walking,True,0,0,0
1789904141121,173,269352,1,2768,-0.901,1,-0.75,Walking,True,0,0,0
1789904141121,173,269352,1,2768,-0.901,1,-0.75,Walking,True,0,0,0
1789904141121,173,269352,1,2768,-0.901,1,-0.75,Walking,True,0,0,0
1789904141121,173,269352,1,2768,-0.901,1,-0.75,Walking,True,0,0,0
1789904141136,174,270909,1,2784,-0.901,1,-0.75,Walking,True,0,0,0
1789904141136,174,270909,1,2784,-0.901,1,-0.75,Walking,True,0,0,0
1789904141136,174,270909,1,2784,-0.901,1,-0.75,Walking,True,0,0,0
1789904141136,174,270909,1,2784,-0.901,1,-0.75,Walking,True,0,0,0
1789904141136,174,270909,1,2784,-0.901,1,-0.75,Walking,True,0,0,0
1789904141136,174,270909,1,2784,-0.901,1,-0.75,Walking,True,0,0,0
1789904141136,174,270909,1,2784,-0.901,1,-0.75,Walking,True,0,0,0
1789904141136,174,270909,1,2784,-0.901,1,-0.75,Walking,True,0,0,0
1789904141152,175,272476,1,2800,-0.901,1,-0.75,Walking,True,0,0,0
1789904141152,175,272476,1,2800,-0.901,1,-0.75,Walking,True,0,0,0
1789904141152,175,272476,1,2800,-0.901,1,-0.75,Walking,True,0,0,0
1789904141152,175,272476,1,2800,-0.901,1,-0.75,Walking,True,0,0,0
1789904141152,175,272476,1,2800,-0.901,1,-0.75,Walking,True,0,0,0
1789904141152,175,272476,1,2800,-0.901,1,-0.75,Walking,True,0,0,0
1789904141152,175,272476,1,2800,-0.901,1,-0.75,Walking,True,0,0,0
1789904141152,175,272476,1,2800,-0.901,1,-0.75,Walking,True,0,0,0
1789904141167,176,273990,1,2816,-0.901,1,-0.75,Walking,True,0,0,0
1789904141167,176,273990,1,2816,-0.901,1,-0.75,Walking,True,0,0,0
1789904141167,176,273990,1,2816,-0.901,1,-0.75,Walking,True,0,0,0
1789904141167,176,273990,1,2816,-0.901,1,-0.75,Walking,True,0,0,0
1789904141167,176,273990,1,2816,-0.901,1,-0.75,Walking,True,0,0,0
1789904141167,176,273990,1,2816,-0.901,1,-0.75,Walking,True,0,0,0
1789904141167,176,273990,1,2816,-0.901,1,-0.75,Walking,True,0,0,0
1789904141167,176,273990,1,2816,-0.901,1,-0.75,Walking,True,0,0,0
1789904141182,177,275404,1,2832,-0.901,1,-0.75,Walking,True,0,0,0
1789904141182,177,275404,1,2832,-0.901,1,-0.75,Walking,True,0,0,0
1789904141182,177,275404,1,2832,-0.901,1,-0.75,Walking,True,0,0,0
1789904141182,177,275404,1,2832,-0.901,1,-0.75,Walking,True,0,0,0
1789904141182,177,275404,1,2832,-0.901,1,-0.75,Walking,True,0,0,0
1789904141182,177,275404,1,2832,-0.901,1,-0.75,Walking,True,0,0,0
1789904141182,177,275404,1,2832,-0.901,1,-0.75,Walking,True,0,0,0
1789904141182,177,275404,1,2832,-0.901,1,-0.75,Walking,True,0,0,0
1789904141198,178,276937,1,2848,-0.901,1,-0.75,Walking,True,0,0,0
1789904141198,178,276937,1,2848,-0.901,1,-0.75,Walking,True,0,0,0
1789904141198,178,276937,1,2848,-0.901,1,-0.75,Walking,True,0,0,0
1789904141198,178,276937,1,2848,-0.901,1,-0.75,Walking,True,0,0,0
1789904141198,178,276937,1,2848,-0.901,1,-0.75,Walking,True,0,0,0
1789904141198,178,276937,1,2848,-0.901,1,-0.75,Walking,True,0,0,0
1789904141198,178,276937,1,2848,-0.901,1,-0.75,Walking,True,0,0,0
1789904141198,178,276937,1,2848,-0.901,1,-0.75,Walking,True,0,0,0
1789904141213,179,278462,1,2864,-0.901,1,-0.75,Walking,True,0,0,0
1789904141213,179,278462,1,2864,-0.901,1,-0.75,Walking,True,0,0,0
1789904141213,179,278462,1,2864,-0.901,1,-0.75,Walking,True,0,0,0
1789904141213,179,278462,1,2864,-0.901,1,-0.75,Walking,True,0,0,0
1789904141213,179,278462,1,2864,-0.901,1,-0.75,Walking,True,0,0,0
1789904141213,179,278462,1,2864,-0.901,1,-0.75,Walking,True,0,0,0
1789904141213,179,278462,1,2864,-0.901,1,-0.75,Walking,True,0,0,0
1789904141213,179,278462,1,2864,-0.901,1,-0.75,Walking,True,0,0,0
1789904141228,180,279962,1,2880,-0.901,1,-0.75,Walking,True,0,0,0
1789904141228,180,279962,1,2880,-0.901,1,-0.75,Walking,True,0,0,0
1789904141228,180,279962,1,2880,-0.901,1,-0.75,Walking,True,0,0,0
1789904141228,180,279962,1,2880,-0.901,1,-0.75,Walking,True,0,0,0
1789904141228,180,279962,1,2880,-0.901,1,-0.75,Walking,True,0,0,0
1789904141228,180,279962,1,2880,-0.901,1,-0.75,Walking,True,0,0,0
1789904141228,180,279962,1,2880,-0.901,1,-0.75,Walking,True,0,0,0
1789904141228,180,279962,1,2880,-0.901,1,-0.75,Walking,True,0,0,0
1789904141244,181,281473,1,2896,-0.901,1,-0.75,Walking,True,0,0,0
1789904141244,181,281473,1,2896,-0.901,1,-0.75,Walking,True,0,0,0
1789904141244,181,281473,1,2896,-0.901,1,-0.75,Walking,True,0,0,0
1789904141244,181,281473,1,2896,-0.901,1,-0.75,Walking,True,0,0,0
1789904141244,181,281473,1,2896,-0.901,1,-0.75,Walking,True,0,0,0
1789904141244,181,281473,1,2896,-0.901,1,-0.75,Walking,True,0,0,0
1789904141244,181,281473,1,2896,-0.901,1,-0.75,Walking,True,0,0,0
1789904141244,181,281473,1,2896,-0.901,1,-0.75,Walking,True,0,0,0
1789904141260,182,282949,1,2912,-0.901,1,-0.75,Walking,True,0,0,0
1789904141260,182,282949,1,2912,-0.901,1,-0.75,Walking,True,0,0,0
1789904141260,182,282949,1,2912,-0.901,1,-0.75,Walking,True,0,0,0
1789904141260,182,282949,1,2912,-0.901,1,-0.75,Walking,True,0,0,0
1789904141260,182,282949,1,2912,-0.901,1,-0.75,Walking,True,0,0,0
1789904141260,182,282949,1,2912,-0.901,1,-0.75,Walking,True,0,0,0
1789904141260,182,282949,1,2912,-0.901,1,-0.75,Walking,True,0,0,0
1789904141260,182,282949,1,2912,-0.901,1,-0.75,Walking,True,0,0,0
1789904141510,183,317563,1,2928,-0.90612,1,-0.75,Walking,True,-0.32,0,0
1789904141510,183,317563,1,2928,-0.90612,1,-0.75,Walking,True,-0.32,0,0
1789904141510,183,317563,1,2928,-0.90612,1,-0.75,Walking,True,-0.32,0,0
1789904141510,183,317563,1,2928,-0.90612,1,-0.75,Walking,True,-0.32,0,0
1789904141510,183,317563,1,2928,-0.90612,1,-0.75,Walking,True,-0.32,0,0
1789904141510,183,317563,1,2928,-0.90612,1,-0.75,Walking,True,-0.32,0,0
1789904141510,183,317563,1,2928,-0.90612,1,-0.75,Walking,True,-0.32,0,0
1789904141510,183,317563,1,2928,-0.90612,1,-0.75,Walking,True,-0.32,0,0
1789904141525,184,320584,1,2944,-0.91636,1,-0.75,Walking,True,-0.64,0,0
1789904141525,184,320584,1,2944,-0.91636,1,-0.75,Walking,True,-0.64,0,0
1789904141525,184,320584,1,2944,-0.91636,1,-0.75,Walking,True,-0.64,0,0
1789904141525,184,320584,1,2944,-0.91636,1,-0.75,Walking,True,-0.64,0,0
1789904141525,184,320584,1,2944,-0.91636,1,-0.75,Walking,True,-0.64,0,0
1789904141525,184,320584,1,2944,-0.91636,1,-0.75,Walking,True,-0.64,0,0
1789904141525,184,320584,1,2944,-0.91636,1,-0.75,Walking,True,-0.64,0,0
1789904141525,184,320584,1,2944,-0.91636,1,-0.75,Walking,True,-0.64,0,0
1789904141540,185,322019,1,2960,-0.93172,1,-0.75,Walking,True,-0.96,0,0
1789904141540,185,322019,1,2960,-0.93172,1,-0.75,Walking,True,-0.96,0,0
1789904141540,185,322019,1,2960,-0.93172,1,-0.75,Walking,True,-0.96,0,0
1789904141540,185,322019,1,2960,-0.93172,1,-0.75,Walking,True,-0.96,0,0
1789904141540,185,322019,1,2960,-0.93172,1,-0.75,Walking,True,-0.96,0,0
1789904141540,185,322019,1,2960,-0.93172,1,-0.75,Walking,True,-0.96,0,0
1789904141540,185,322019,1,2960,-0.93172,1,-0.75,Walking,True,-0.96,0,0
1789904141540,185,322019,1,2960,-0.93172,1,-0.75,Walking,True,-0.96,0,0
1789904141555,186,323389,1,2976,-0.9522,1,-0.75,Walking,True,-1.28,0,0
1789904141555,186,323389,1,2976,-0.9522,1,-0.75,Walking,True,-1.28,0,0
1789904141555,186,323389,1,2976,-0.9522,1,-0.75,Walking,True,-1.28,0,0
1789904141555,186,323389,1,2976,-0.9522,1,-0.75,Walking,True,-1.28,0,0
1789904141555,186,323389,1,2976,-0.9522,1,-0.75,Walking,True,-1.28,0,0
1789904141555,186,323389,1,2976,-0.9522,1,-0.75,Walking,True,-1.28,0,0
1789904141555,186,323389,1,2976,-0.9522,1,-0.75,Walking,True,-1.28,0,0
1789904141555,186,323389,1,2976,-0.9522,1,-0.75,Walking,True,-1.28,0,0
1789904141570,187,324654,1,2992,-0.9778,1,-0.75,Walking,True,-1.6,0,0
1789904141570,187,324654,1,2992,-0.9778,1,-0.75,Walking,True,-1.6,0,0
1789904141570,187,324654,1,2992,-0.9778,1,-0.75,Walking,True,-1.6,0,0
1789904141570,187,324654,1,2992,-0.9778,1,-0.75,Walking,True,-1.6,0,0
1789904141570,187,324654,1,2992,-0.9778,1,-0.75,Walking,True,-1.6,0,0
1789904141570,187,324654,1,2992,-0.9778,1,-0.75,Walking,True,-1.6,0,0
1789904141570,187,324654,1,2992,-0.9778,1,-0.75,Walking,True,-1.6,0,0
1789904141570,187,324654,1,2992,-0.9778,1,-0.75,Walking,True,-1.6,0,0
1789904141586,188,325979,1,3008,-1.00852,1,-0.75,Walking,True,-1.92,0,0
1789904141586,188,325979,1,3008,-1.00852,1,-0.75,Walking,True,-1.92,0,0
1789904141586,188,325979,1,3008,-1.00852,1,-0.75,Walking,True,-1.92,0,0
1789904141586,188,325979,1,3008,-1.00852,1,-0.75,Walking,True,-1.92,0,0
1789904141586,188,325979,1,3008,-1.00852,1,-0.75,Walking,True,-1.92,0,0
1789904141586,188,325979,1,3008,-1.00852,1,-0.75,Walking,True,-1.92,0,0
1789904141586,188,325979,1,3008,-1.00852,1,-0.75,Walking,True,-1.92,0,0
1789904141586,188,325979,1,3008,-1.00852,1,-0.75,Walking,True,-1.92,0,0
1789904141603,189,327536,1,3024,-1.04436,1,-0.75,Walking,True,-2.24,0,0
1789904141603,189,327536,1,3024,-1.04436,1,-0.75,Walking,True,-2.24,0,0
1789904141603,189,327536,1,3024,-1.04436,1,-0.75,Walking,True,-2.24,0,0
1789904141603,189,327536,1,3024,-1.04436,1,-0.75,Walking,True,-2.24,0,0
1789904141603,189,327536,1,3024,-1.04436,1,-0.75,Walking,True,-2.24,0,0
1789904141603,189,327536,1,3024,-1.04436,1,-0.75,Walking,True,-2.24,0,0
1789904141603,189,327536,1,3024,-1.04436,1,-0.75,Walking,True,-2.24,0,0
1789904141603,189,327536,1,3024,-1.04436,1,-0.75,Walking,True,-2.24,0,0
1789904141618,190,329184,1,3040,-1.08532,1,-0.75,Walking,True,-2.56,0,0
1789904141618,190,329184,1,3040,-1.08532,1,-0.75,Walking,True,-2.56,0,0
1789904141618,190,329184,1,3040,-1.08532,1,-0.75,Walking,True,-2.56,0,0
1789904141618,190,329184,1,3040,-1.08532,1,-0.75,Walking,True,-2.56,0,0
1789904141618,190,329184,1,3040,-1.08532,1,-0.75,Walking,True,-2.56,0,0
1789904141618,190,329184,1,3040,-1.08532,1,-0.75,Walking,True,-2.56,0,0
1789904141618,190,329184,1,3040,-1.08532,1,-0.75,Walking,True,-2.56,0,0
1789904141618,190,329184,1,3040,-1.08532,1,-0.75,Walking,True,-2.56,0,0
1789904141633,191,330605,1,3056,-1.1314,1,-0.75,Walking,True,-2.88,0,0
1789904141633,191,330605,1,3056,-1.1314,1,-0.75,Walking,True,-2.88,0,0
1789904141633,191,330605,1,3056,-1.1314,1,-0.75,Walking,True,-2.88,0,0
1789904141633,191,330605,1,3056,-1.1314,1,-0.75,Walking,True,-2.88,0,0
1789904141633,191,330605,1,3056,-1.1314,1,-0.75,Walking,True,-2.88,0,0
1789904141633,191,330605,1,3056,-1.1314,1,-0.75,Walking,True,-2.88,0,0
1789904141633,191,330605,1,3056,-1.1314,1,-0.75,Walking,True,-2.88,0,0
1789904141633,191,330605,1,3056,-1.1314,1,-0.75,Walking,True,-2.88,0,0
1789904141649,192,332001,1,3072,-1.1826,1,-0.75,Walking,True,-3.2,0,0
1789904141649,192,332001,1,3072,-1.1826,1,-0.75,Walking,True,-3.2,0,0
1789904141649,192,332001,1,3072,-1.1826,1,-0.75,Walking,True,-3.2,0,0
1789904141649,192,332001,1,3072,-1.1826,1,-0.75,Walking,True,-3.2,0,0
1789904141649,192,332001,1,3072,-1.1826,1,-0.75,Walking,True,-3.2,0,0
1789904141649,192,332001,1,3072,-1.1826,1,-0.75,Walking,True,-3.2,0,0
1789904141649,192,332001,1,3072,-1.1826,1,-0.75,Walking,True,-3.2,0,0
1789904141649,192,332001,1,3072,-1.1826,1,-0.75,Walking,True,-3.2,0,0
1789904141664,193,333550,1,3088,-1.23892,1,-0.75,Walking,True,-3.52,0,0
1789904141664,193,333550,1,3088,-1.23892,1,-0.75,Walking,True,-3.52,0,0
1789904141664,193,333550,1,3088,-1.23892,1,-0.75,Walking,True,-3.52,0,0
1789904141664,193,333550,1,3088,-1.23892,1,-0.75,Walking,True,-3.52,0,0
1789904141664,193,333550,1,3088,-1.23892,1,-0.75,Walking,True,-3.52,0,0
1789904141664,193,333550,1,3088,-1.23892,1,-0.75,Walking,True,-3.52,0,0
1789904141664,193,333550,1,3088,-1.23892,1,-0.75,Walking,True,-3.52,0,0
1789904141664,193,333550,1,3088,-1.23892,1,-0.75,Walking,True,-3.52,0,0
1789904141680,194,335046,1,3104,-1.30036,1,-0.75,Walking,True,-3.84,0,0
1789904141680,194,335046,1,3104,-1.30036,1,-0.75,Walking,True,-3.84,0,0
1789904141680,194,335046,1,3104,-1.30036,1,-0.75,Walking,True,-3.84,0,0
1789904141680,194,335046,1,3104,-1.30036,1,-0.75,Walking,True,-3.84,0,0
1789904141680,194,335046,1,3104,-1.30036,1,-0.75,Walking,True,-3.84,0,0
1789904141680,194,335046,1,3104,-1.30036,1,-0.75,Walking,True,-3.84,0,0
1789904141680,194,335046,1,3104,-1.30036,1,-0.75,Walking,True,-3.84,0,0
1789904141680,194,335046,1,3104,-1.30036,1,-0.75,Walking,True,-3.84,0,0
1789904141695,195,336450,1,3120,-1.36276,1,-0.75,Walking,True,-3.9,0,0
1789904141695,195,336450,1,3120,-1.36276,1,-0.75,Walking,True,-3.9,0,0
1789904141695,195,336450,1,3120,-1.36276,1,-0.75,Walking,True,-3.9,0,0
1789904141695,195,336450,1,3120,-1.36276,1,-0.75,Walking,True,-3.9,0,0
1789904141695,195,336450,1,3120,-1.36276,1,-0.75,Walking,True,-3.9,0,0
1789904141695,195,336450,1,3120,-1.36276,1,-0.75,Walking,True,-3.9,0,0
1789904141695,195,336450,1,3120,-1.36276,1,-0.75,Walking,True,-3.9,0,0
1789904141696,195,336450,1,3120,-1.36276,1,-0.75,Walking,True,-3.9,0,0
1789904141711,196,337949,1,3136,-1.42516,1,-0.75,Walking,True,-3.9,0,0
1789904141711,196,337949,1,3136,-1.42516,1,-0.75,Walking,True,-3.9,0,0
1789904141711,196,337949,1,3136,-1.42516,1,-0.75,Walking,True,-3.9,0,0
1789904141711,196,337949,1,3136,-1.42516,1,-0.75,Walking,True,-3.9,0,0
1789904141711,196,337949,1,3136,-1.42516,1,-0.75,Walking,True,-3.9,0,0
1789904141711,196,337949,1,3136,-1.42516,1,-0.75,Walking,True,-3.9,0,0
1789904141711,196,337949,1,3136,-1.42516,1,-0.75,Walking,True,-3.9,0,0
1789904141711,196,337949,1,3136,-1.42516,1,-0.75,Walking,True,-3.9,0,0
1789904141726,197,339489,1,3152,-1.48756,1,-0.75,Walking,True,-3.9,0,0
1789904141726,197,339489,1,3152,-1.48756,1,-0.75,Walking,True,-3.9,0,0
1789904141726,197,339489,1,3152,-1.48756,1,-0.75,Walking,True,-3.9,0,0
1789904141726,197,339489,1,3152,-1.48756,1,-0.75,Walking,True,-3.9,0,0
1789904141726,197,339489,1,3152,-1.48756,1,-0.75,Walking,True,-3.9,0,0
1789904141726,197,339489,1,3152,-1.48756,1,-0.75,Walking,True,-3.9,0,0
1789904141726,197,339489,1,3152,-1.48756,1,-0.75,Walking,True,-3.9,0,0
1789904141726,197,339489,1,3152,-1.48756,1,-0.75,Walking,True,-3.9,0,0
1789904141742,198,340972,1,3168,-1.54996,1,-0.75,Walking,True,-3.9,0,0
1789904141742,198,340972,1,3168,-1.54996,1,-0.75,Walking,True,-3.9,0,0
1789904141742,198,340972,1,3168,-1.54996,1,-0.75,Walking,True,-3.9,0,0
1789904141742,198,340972,1,3168,-1.54996,1,-0.75,Walking,True,-3.9,0,0
1789904141742,198,340972,1,3168,-1.54996,1,-0.75,Walking,True,-3.9,0,0
1789904141742,198,340972,1,3168,-1.54996,1,-0.75,Walking,True,-3.9,0,0
1789904141742,198,340972,1,3168,-1.54996,1,-0.75,Walking,True,-3.9,0,0
1789904141742,198,340972,1,3168,-1.54996,1,-0.75,Walking,True,-3.9,0,0
1789904141757,199,342582,1,3184,-1.61236,1,-0.75,Walking,True,-3.9,0,0
1789904141757,199,342582,1,3184,-1.61236,1,-0.75,Walking,True,-3.9,0,0
1789904141757,199,342582,1,3184,-1.61236,1,-0.75,Walking,True,-3.9,0,0
1789904141757,199,342582,1,3184,-1.61236,1,-0.75,Walking,True,-3.9,0,0
1789904141757,199,342582,1,3184,-1.61236,1,-0.75,Walking,True,-3.9,0,0
1789904141757,199,342582,1,3184,-1.61236,1,-0.75,Walking,True,-3.9,0,0
1789904141757,199,342582,1,3184,-1.61236,1,-0.75,Walking,True,-3.9,0,0
1789904141757,199,342582,1,3184,-1.61236,1,-0.75,Walking,True,-3.9,0,0
1789904141772,200,344040,1,3200,-1.67476,1,-0.75,Walking,True,-3.9,0,0
1789904141772,200,344040,1,3200,-1.67476,1,-0.75,Walking,True,-3.9,0,0
1789904141772,200,344040,1,3200,-1.67476,1,-0.75,Walking,True,-3.9,0,0
1789904141772,200,344040,1,3200,-1.67476,1,-0.75,Walking,True,-3.9,0,0
1789904141772,200,344040,1,3200,-1.67476,1,-0.75,Walking,True,-3.9,0,0
1789904141772,200,344040,1,3200,-1.67476,1,-0.75,Walking,True,-3.9,0,0
1789904141772,200,344040,1,3200,-1.67476,1,-0.75,Walking,True,-3.9,0,0
1789904141772,200,344040,1,3200,-1.67476,1,-0.75,Walking,True,-3.9,0,0
1789904141788,201,345439,1,3216,-1.73716,1,-0.75,Walking,True,-3.9,0,0
1789904141788,201,345439,1,3216,-1.73716,1,-0.75,Walking,True,-3.9,0,0
1789904141788,201,345439,1,3216,-1.73716,1,-0.75,Walking,True,-3.9,0,0
1789904141788,201,345439,1,3216,-1.73716,1,-0.75,Walking,True,-3.9,0,0
1789904141788,201,345439,1,3216,-1.73716,1,-0.75,Walking,True,-3.9,0,0
1789904141788,201,345439,1,3216,-1.73716,1,-0.75,Walking,True,-3.9,0,0
1789904141788,201,345439,1,3216,-1.73716,1,-0.75,Walking,True,-3.9,0,0
1789904141788,201,345439,1,3216,-1.73716,1,-0.75,Walking,True,-3.9,0,0
1789904141803,202,346764,1,3232,-1.79956,1,-0.75,Walking,True,-3.9,0,0
1789904141803,202,346764,1,3232,-1.79956,1,-0.75,Walking,True,-3.9,0,0
1789904141803,202,346764,1,3232,-1.79956,1,-0.75,Walking,True,-3.9,0,0
1789904141803,202,346764,1,3232,-1.79956,1,-0.75,Walking,True,-3.9,0,0
1789904141803,202,346764,1,3232,-1.79956,1,-0.75,Walking,True,-3.9,0,0
1789904141803,202,346764,1,3232,-1.79956,1,-0.75,Walking,True,-3.9,0,0
1789904141803,202,346764,1,3232,-1.79956,1,-0.75,Walking,True,-3.9,0,0
1789904141803,202,346764,1,3232,-1.79956,1,-0.75,Walking,True,-3.9,0,0
1789904141819,203,348284,1,3248,-1.86196,1,-0.75,Walking,True,-3.9,0,0
1789904141819,203,348284,1,3248,-1.86196,1,-0.75,Walking,True,-3.9,0,0
1789904141819,203,348284,1,3248,-1.86196,1,-0.75,Walking,True,-3.9,0,0
1789904141819,203,348284,1,3248,-1.86196,1,-0.75,Walking,True,-3.9,0,0
1789904141819,203,348284,1,3248,-1.86196,1,-0.75,Walking,True,-3.9,0,0
1789904141819,203,348284,1,3248,-1.86196,1,-0.75,Walking,True,-3.9,0,0
1789904141820,203,348284,1,3248,-1.86196,1,-0.75,Walking,True,-3.9,0,0
1789904141820,203,348284,1,3248,-1.86196,1,-0.75,Walking,True,-3.9,0,0
1789904141834,204,349638,1,3264,-1.92436,1,-0.75,Walking,True,-3.9,0,0
1789904141834,204,349638,1,3264,-1.92436,1,-0.75,Walking,True,-3.9,0,0
1789904141834,204,349638,1,3264,-1.92436,1,-0.75,Walking,True,-3.9,0,0
1789904141834,204,349638,1,3264,-1.92436,1,-0.75,Walking,True,-3.9,0,0
1789904141834,204,349638,1,3264,-1.92436,1,-0.75,Walking,True,-3.9,0,0
1789904141835,204,349638,1,3264,-1.92436,1,-0.75,Walking,True,-3.9,0,0
1789904141835,204,349638,1,3264,-1.92436,1,-0.75,Walking,True,-3.9,0,0
1789904141835,204,349638,1,3264,-1.92436,1,-0.75,Walking,True,-3.9,0,0
1789904141851,205,351099,1,3280,-1.98676,1,-0.75,Walking,True,-3.9,0,0
1789904141851,205,351099,1,3280,-1.98676,1,-0.75,Walking,True,-3.9,0,0
1789904141851,205,351099,1,3280,-1.98676,1,-0.75,Walking,True,-3.9,0,0
1789904141851,205,351099,1,3280,-1.98676,1,-0.75,Walking,True,-3.9,0,0
1789904141851,205,351099,1,3280,-1.98676,1,-0.75,Walking,True,-3.9,0,0
1789904141851,205,351099,1,3280,-1.98676,1,-0.75,Walking,True,-3.9,0,0
1789904141851,205,351099,1,3280,-1.98676,1,-0.75,Walking,True,-3.9,0,0
1789904141851,205,351099,1,3280,-1.98676,1,-0.75,Walking,True,-3.9,0,0
1789904141866,206,352623,1,3296,-2.04916,1,-0.75,Walking,True,-3.9,0,0
1789904141866,206,352623,1,3296,-2.04916,1,-0.75,Walking,True,-3.9,0,0
1789904141866,206,352623,1,3296,-2.04916,1,-0.75,Walking,True,-3.9,0,0
1789904141866,206,352623,1,3296,-2.04916,1,-0.75,Walking,True,-3.9,0,0
1789904141866,206,352623,1,3296,-2.04916,1,-0.75,Walking,True,-3.9,0,0
1789904141866,206,352623,1,3296,-2.04916,1,-0.75,Walking,True,-3.9,0,0
1789904141866,206,352623,1,3296,-2.04916,1,-0.75,Walking,True,-3.9,0,0
1789904141866,206,352623,1,3296,-2.04916,1,-0.75,Walking,True,-3.9,0,0
1789904141882,207,354158,1,3312,-2.11156,1,-0.75,Walking,True,-3.9,0,0
1789904141882,207,354158,1,3312,-2.11156,1,-0.75,Walking,True,-3.9,0,0
1789904141882,207,354158,1,3312,-2.11156,1,-0.75,Walking,True,-3.9,0,0
1789904141882,207,354158,1,3312,-2.11156,1,-0.75,Walking,True,-3.9,0,0
1789904141882,207,354158,1,3312,-2.11156,1,-0.75,Walking,True,-3.9,0,0
1789904141882,207,354158,1,3312,-2.11156,1,-0.75,Walking,True,-3.9,0,0
1789904141882,207,354158,1,3312,-2.11156,1,-0.75,Walking,True,-3.9,0,0
1789904141882,207,354158,1,3312,-2.11156,1,-0.75,Walking,True,-3.9,0,0
1789904141897,208,355763,1,3328,-2.17396,1,-0.75,Walking,True,-3.9,0,0
1789904141897,208,355763,1,3328,-2.17396,1,-0.75,Walking,True,-3.9,0,0
1789904141897,208,355763,1,3328,-2.17396,1,-0.75,Walking,True,-3.9,0,0
1789904141897,208,355763,1,3328,-2.17396,1,-0.75,Walking,True,-3.9,0,0
1789904141897,208,355763,1,3328,-2.17396,1,-0.75,Walking,True,-3.9,0,0
1789904141897,208,355763,1,3328,-2.17396,1,-0.75,Walking,True,-3.9,0,0
1789904141897,208,355763,1,3328,-2.17396,1,-0.75,Walking,True,-3.9,0,0
1789904141897,208,355763,1,3328,-2.17396,1,-0.75,Walking,True,-3.9,0,0
1789904141914,209,357292,1,3344,-2.23636,1,-0.75,Walking,True,-3.9,0,0
1789904141914,209,357292,1,3344,-2.23636,1,-0.75,Walking,True,-3.9,0,0
1789904141914,209,357292,1,3344,-2.23636,1,-0.75,Walking,True,-3.9,0,0
1789904141914,209,357292,1,3344,-2.23636,1,-0.75,Walking,True,-3.9,0,0
1789904141914,209,357292,1,3344,-2.23636,1,-0.75,Walking,True,-3.9,0,0
1789904141914,209,357292,1,3344,-2.23636,1,-0.75,Walking,True,-3.9,0,0
1789904141914,209,357292,1,3344,-2.23636,1,-0.75,Walking,True,-3.9,0,0
1789904141914,209,357292,1,3344,-2.23636,1,-0.75,Walking,True,-3.9,0,0
1789904141929,210,358911,1,3360,-2.29876,1,-0.75,Walking,True,-3.9,0,0
1789904141929,210,358911,1,3360,-2.29876,1,-0.75,Walking,True,-3.9,0,0
1789904141929,210,358911,1,3360,-2.29876,1,-0.75,Walking,True,-3.9,0,0
1789904141929,210,358911,1,3360,-2.29876,1,-0.75,Walking,True,-3.9,0,0
1789904141929,210,358911,1,3360,-2.29876,1,-0.75,Walking,True,-3.9,0,0
1789904141929,210,358911,1,3360,-2.29876,1,-0.75,Walking,True,-3.9,0,0
1789904141929,210,358911,1,3360,-2.29876,1,-0.75,Walking,True,-3.9,0,0
1789904141929,210,358911,1,3360,-2.29876,1,-0.75,Walking,True,-3.9,0,0
1789904141946,211,360354,1,3376,-2.361161,1,-0.75,Walking,True,-3.9,0,0
1789904141946,211,360354,1,3376,-2.361161,1,-0.75,Walking,True,-3.9,0,0
1789904141946,211,360354,1,3376,-2.361161,1,-0.75,Walking,True,-3.9,0,0
1789904141946,211,360354,1,3376,-2.361161,1,-0.75,Walking,True,-3.9,0,0
1789904141946,211,360354,1,3376,-2.361161,1,-0.75,Walking,True,-3.9,0,0
1789904141946,211,360354,1,3376,-2.361161,1,-0.75,Walking,True,-3.9,0,0
1789904141946,211,360354,1,3376,-2.361161,1,-0.75,Walking,True,-3.9,0,0
1789904141946,211,360354,1,3376,-2.361161,1,-0.75,Walking,True,-3.9,0,0
1789904141961,212,362019,1,3392,-2.423561,1,-0.75,Walking,True,-3.9,0,0
1789904141961,212,362019,1,3392,-2.423561,1,-0.75,Walking,True,-3.9,0,0
1789904141961,212,362019,1,3392,-2.423561,1,-0.75,Walking,True,-3.9,0,0
1789904141961,212,362019,1,3392,-2.423561,1,-0.75,Walking,True,-3.9,0,0
1789904141961,212,362019,1,3392,-2.423561,1,-0.75,Walking,True,-3.9,0,0
1789904141961,212,362019,1,3392,-2.423561,1,-0.75,Walking,True,-3.9,0,0
1789904141961,212,362019,1,3392,-2.423561,1,-0.75,Walking,True,-3.9,0,0
1789904141961,212,362019,1,3392,-2.423561,1,-0.75,Walking,True,-3.9,0,0
1789904141992,213,363523,1,3408,-2.485961,1,-0.75,Walking,True,-3.9,0,0
1789904141992,213,363523,1,3408,-2.485961,1,-0.75,Walking,True,-3.9,0,0
1789904141992,213,363523,1,3408,-2.485961,1,-0.75,Walking,True,-3.9,0,0
1789904141992,213,363523,1,3408,-2.485961,1,-0.75,Walking,True,-3.9,0,0
1789904141992,213,363523,1,3408,-2.485961,1,-0.75,Walking,True,-3.9,0,0
1789904141992,213,363523,1,3408,-2.485961,1,-0.75,Walking,True,-3.9,0,0
1789904141992,213,363523,1,3408,-2.485961,1,-0.75,Walking,True,-3.9,0,0
1789904141992,213,363523,1,3408,-2.485961,1,-0.75,Walking,True,-3.9,0,0
1789904142022,214,366605,1,3424,-2.548361,1,-0.75,Walking,True,-3.9,0,0
1789904142022,215,366606,1,3440,-2.610761,1,-0.75,Walking,True,-3.9,0,0
1789904142022,215,366606,1,3440,-2.610761,1,-0.75,Walking,True,-3.9,0,0
1789904142022,215,366606,1,3440,-2.610761,1,-0.75,Walking,True,-3.9,0,0
1789904142022,215,366606,1,3440,-2.610761,1,-0.75,Walking,True,-3.9,0,0
1789904142022,215,366606,1,3440,-2.610761,1,-0.75,Walking,True,-3.9,0,0
1789904142022,215,366606,1,3440,-2.610761,1,-0.75,Walking,True,-3.9,0,0
1789904142022,215,366606,1,3440,-2.610761,1,-0.75,Walking,True,-3.9,0,0
1789904142039,216,369648,1,3456,-2.673161,1,-0.75,Walking,True,-3.9,0,0
1789904142039,216,369648,1,3456,-2.673161,1,-0.75,Walking,True,-3.9,0,0
1789904142039,216,369648,1,3456,-2.673161,1,-0.75,Walking,True,-3.9,0,0
1789904142039,216,369648,1,3456,-2.673161,1,-0.75,Walking,True,-3.9,0,0
1789904142039,216,369648,1,3456,-2.673161,1,-0.75,Walking,True,-3.9,0,0
1789904142039,216,369648,1,3456,-2.673161,1,-0.75,Walking,True,-3.9,0,0
1789904142039,216,369648,1,3456,-2.673161,1,-0.75,Walking,True,-3.9,0,0
1789904142039,216,369648,1,3456,-2.673161,1,-0.75,Walking,True,-3.9,0,0
1789904142054,217,371172,1,3472,-2.735561,1,-0.75,Walking,True,-3.9,0,0
1789904142054,217,371172,1,3472,-2.735561,1,-0.75,Walking,True,-3.9,0,0
1789904142054,217,371172,1,3472,-2.735561,1,-0.75,Walking,True,-3.9,0,0
1789904142054,217,371172,1,3472,-2.735561,1,-0.75,Walking,True,-3.9,0,0
1789904142054,217,371172,1,3472,-2.735561,1,-0.75,Walking,True,-3.9,0,0
1789904142054,217,371172,1,3472,-2.735561,1,-0.75,Walking,True,-3.9,0,0
1789904142054,217,371172,1,3472,-2.735561,1,-0.75,Walking,True,-3.9,0,0
1789904142054,217,371172,1,3472,-2.735561,1,-0.75,Walking,True,-3.9,0,0
1789904142070,218,372633,1,3488,-2.797961,1,-0.75,Walking,True,-3.9,0,0
1789904142070,218,372633,1,3488,-2.797961,1,-0.75,Walking,True,-3.9,0,0
1789904142070,218,372633,1,3488,-2.797961,1,-0.75,Walking,True,-3.9,0,0
1789904142070,218,372633,1,3488,-2.797961,1,-0.75,Walking,True,-3.9,0,0
1789904142070,218,372633,1,3488,-2.797961,1,-0.75,Walking,True,-3.9,0,0
1789904142070,218,372633,1,3488,-2.797961,1,-0.75,Walking,True,-3.9,0,0
1789904142070,218,372633,1,3488,-2.797961,1,-0.75,Walking,True,-3.9,0,0
1789904142070,218,372633,1,3488,-2.797961,1,-0.75,Walking,True,-3.9,0,0
1789904142087,219,374206,1,3504,-2.860361,1,-0.75,Walking,True,-3.9,0,0
1789904142087,219,374206,1,3504,-2.860361,1,-0.75,Walking,True,-3.9,0,0
1789904142087,219,374206,1,3504,-2.860361,1,-0.75,Walking,True,-3.9,0,0
1789904142087,219,374206,1,3504,-2.860361,1,-0.75,Walking,True,-3.9,0,0
1789904142087,219,374206,1,3504,-2.860361,1,-0.75,Walking,True,-3.9,0,0
1789904142087,219,374206,1,3504,-2.860361,1,-0.75,Walking,True,-3.9,0,0
1789904142087,219,374206,1,3504,-2.860361,1,-0.75,Walking,True,-3.9,0,0
1789904142087,219,374206,1,3504,-2.860361,1,-0.75,Walking,True,-3.9,0,0
1789904142102,220,375822,1,3520,-2.922761,1,-0.75,Walking,True,-3.9,0,0
1789904142102,220,375822,1,3520,-2.922761,1,-0.75,Walking,True,-3.9,0,0
1789904142102,220,375822,1,3520,-2.922761,1,-0.75,Walking,True,-3.9,0,0
1789904142102,220,375822,1,3520,-2.922761,1,-0.75,Walking,True,-3.9,0,0
1789904142102,220,375822,1,3520,-2.922761,1,-0.75,Walking,True,-3.9,0,0
1789904142102,220,375822,1,3520,-2.922761,1,-0.75,Walking,True,-3.9,0,0
1789904142102,220,375822,1,3520,-2.922761,1,-0.75,Walking,True,-3.9,0,0
1789904142102,220,375822,1,3520,-2.922761,1,-0.75,Walking,True,-3.9,0,0
1789904142117,221,377320,1,3536,-2.985162,1,-0.75,Walking,True,-3.9,0,0
1789904142117,221,377320,1,3536,-2.985162,1,-0.75,Walking,True,-3.9,0,0
1789904142117,221,377320,1,3536,-2.985162,1,-0.75,Walking,True,-3.9,0,0
1789904142117,221,377320,1,3536,-2.985162,1,-0.75,Walking,True,-3.9,0,0
1789904142117,221,377320,1,3536,-2.985162,1,-0.75,Walking,True,-3.9,0,0
1789904142117,221,377320,1,3536,-2.985162,1,-0.75,Walking,True,-3.9,0,0
1789904142117,221,377320,1,3536,-2.985162,1,-0.75,Walking,True,-3.9,0,0
1789904142117,221,377320,1,3536,-2.985162,1,-0.75,Walking,True,-3.9,0,0
1789904142133,222,378764,1,3552,-3.047562,1,-0.75,Walking,True,-3.9,0,0
1789904142133,222,378764,1,3552,-3.047562,1,-0.75,Walking,True,-3.9,0,0
1789904142133,222,378764,1,3552,-3.047562,1,-0.75,Walking,True,-3.9,0,0
1789904142133,222,378764,1,3552,-3.047562,1,-0.75,Walking,True,-3.9,0,0
1789904142133,222,378764,1,3552,-3.047562,1,-0.75,Walking,True,-3.9,0,0
1789904142133,222,378764,1,3552,-3.047562,1,-0.75,Walking,True,-3.9,0,0
1789904142133,222,378764,1,3552,-3.047562,1,-0.75,Walking,True,-3.9,0,0
1789904142133,222,378764,1,3552,-3.047562,1,-0.75,Walking,True,-3.9,0,0
1789904142149,223,380324,1,3568,-3.109962,1,-0.75,Walking,True,-3.9,0,0
1789904142149,223,380324,1,3568,-3.109962,1,-0.75,Walking,True,-3.9,0,0
1789904142149,223,380324,1,3568,-3.109962,1,-0.75,Walking,True,-3.9,0,0
1789904142149,223,380324,1,3568,-3.109962,1,-0.75,Walking,True,-3.9,0,0
1789904142149,223,380324,1,3568,-3.109962,1,-0.75,Walking,True,-3.9,0,0
1789904142149,223,380324,1,3568,-3.109962,1,-0.75,Walking,True,-3.9,0,0
1789904142149,223,380324,1,3568,-3.109962,1,-0.75,Walking,True,-3.9,0,0
1789904142149,223,380324,1,3568,-3.109962,1,-0.75,Walking,True,-3.9,0,0
1789904142164,224,381917,1,3584,-3.172362,1,-0.75,Walking,True,-3.9,0,0
1789904142164,224,381917,1,3584,-3.172362,1,-0.75,Walking,True,-3.9,0,0
1789904142164,224,381917,1,3584,-3.172362,1,-0.75,Walking,True,-3.9,0,0
1789904142164,224,381917,1,3584,-3.172362,1,-0.75,Walking,True,-3.9,0,0
1789904142164,224,381917,1,3584,-3.172362,1,-0.75,Walking,True,-3.9,0,0
1789904142164,224,381917,1,3584,-3.172362,1,-0.75,Walking,True,-3.9,0,0
1789904142164,224,381917,1,3584,-3.172362,1,-0.75,Walking,True,-3.9,0,0
1789904142164,224,381917,1,3584,-3.172362,1,-0.75,Walking,True,-3.9,0,0
1789904142180,225,383394,1,3600,-3.234762,1,-0.75,Walking,True,-3.9,0,0
1789904142180,225,383394,1,3600,-3.234762,1,-0.75,Walking,True,-3.9,0,0
1789904142180,225,383394,1,3600,-3.234762,1,-0.75,Walking,True,-3.9,0,0
1789904142180,225,383394,1,3600,-3.234762,1,-0.75,Walking,True,-3.9,0,0
1789904142180,225,383394,1,3600,-3.234762,1,-0.75,Walking,True,-3.9,0,0
1789904142180,225,383394,1,3600,-3.234762,1,-0.75,Walking,True,-3.9,0,0
1789904142180,225,383394,1,3600,-3.234762,1,-0.75,Walking,True,-3.9,0,0
1789904142180,225,383394,1,3600,-3.234762,1,-0.75,Walking,True,-3.9,0,0
1789904142195,226,384925,1,3616,-3.297162,1,-0.75,Walking,True,-3.9,0,0
1789904142195,226,384925,1,3616,-3.297162,1,-0.75,Walking,True,-3.9,0,0
1789904142195,226,384925,1,3616,-3.297162,1,-0.75,Walking,True,-3.9,0,0
1789904142195,226,384925,1,3616,-3.297162,1,-0.75,Walking,True,-3.9,0,0
1789904142195,226,384925,1,3616,-3.297162,1,-0.75,Walking,True,-3.9,0,0
1789904142195,226,384925,1,3616,-3.297162,1,-0.75,Walking,True,-3.9,0,0
1789904142195,226,384925,1,3616,-3.297162,1,-0.75,Walking,True,-3.9,0,0
1789904142195,226,384925,1,3616,-3.297162,1,-0.75,Walking,True,-3.9,0,0
1789904142211,227,386386,1,3632,-3.359562,1,-0.75,Walking,True,-3.9,0,0
1789904142211,227,386386,1,3632,-3.359562,1,-0.75,Walking,True,-3.9,0,0
1789904142211,227,386386,1,3632,-3.359562,1,-0.75,Walking,True,-3.9,0,0
1789904142211,227,386386,1,3632,-3.359562,1,-0.75,Walking,True,-3.9,0,0
1789904142211,227,386386,1,3632,-3.359562,1,-0.75,Walking,True,-3.9,0,0
1789904142211,227,386386,1,3632,-3.359562,1,-0.75,Walking,True,-3.9,0,0
1789904142211,227,386386,1,3632,-3.359562,1,-0.75,Walking,True,-3.9,0,0
1789904142211,227,386386,1,3632,-3.359562,1,-0.75,Walking,True,-3.9,0,0
1789904142226,228,387924,1,3648,-3.421962,1,-0.75,Walking,True,-3.9,0,0
1789904142226,228,387924,1,3648,-3.421962,1,-0.75,Walking,True,-3.9,0,0
1789904142226,228,387924,1,3648,-3.421962,1,-0.75,Walking,True,-3.9,0,0
1789904142226,228,387924,1,3648,-3.421962,1,-0.75,Walking,True,-3.9,0,0
1789904142226,228,387924,1,3648,-3.421962,1,-0.75,Walking,True,-3.9,0,0
1789904142226,228,387924,1,3648,-3.421962,1,-0.75,Walking,True,-3.9,0,0
1789904142226,228,387924,1,3648,-3.421962,1,-0.75,Walking,True,-3.9,0,0
1789904142226,228,387924,1,3648,-3.421962,1,-0.75,Walking,True,-3.9,0,0
1789904142242,229,389324,1,3664,-3.484362,1,-0.75,Walking,True,-3.9,0,0
1789904142242,229,389324,1,3664,-3.484362,1,-0.75,Walking,True,-3.9,0,0
1789904142242,229,389324,1,3664,-3.484362,1,-0.75,Walking,True,-3.9,0,0
1789904142242,229,389324,1,3664,-3.484362,1,-0.75,Walking,True,-3.9,0,0
1789904142242,229,389324,1,3664,-3.484362,1,-0.75,Walking,True,-3.9,0,0
1789904142242,229,389324,1,3664,-3.484362,1,-0.75,Walking,True,-3.9,0,0
1789904142242,229,389324,1,3664,-3.484362,1,-0.75,Walking,True,-3.9,0,0
1789904142242,229,389324,1,3664,-3.484362,1,-0.75,Walking,True,-3.9,0,0
1789904142258,230,390850,1,3680,-3.546762,1,-0.75,Walking,True,-3.9,0,0
1789904142258,230,390850,1,3680,-3.546762,1,-0.75,Walking,True,-3.9,0,0
1789904142258,230,390850,1,3680,-3.546762,1,-0.75,Walking,True,-3.9,0,0
1789904142258,230,390850,1,3680,-3.546762,1,-0.75,Walking,True,-3.9,0,0
1789904142258,230,390850,1,3680,-3.546762,1,-0.75,Walking,True,-3.9,0,0
1789904142258,230,390850,1,3680,-3.546762,1,-0.75,Walking,True,-3.9,0,0
1789904142258,230,390850,1,3680,-3.546762,1,-0.75,Walking,True,-3.9,0,0
1789904142258,230,390850,1,3680,-3.546762,1,-0.75,Walking,True,-3.9,0,0
1789904142274,231,392456,1,3696,-3.609163,1,-0.75,Walking,True,-3.9,0,0
1789904142274,231,392456,1,3696,-3.609163,1,-0.75,Walking,True,-3.9,0,0
1789904142274,231,392456,1,3696,-3.609163,1,-0.75,Walking,True,-3.9,0,0
1789904142274,231,392456,1,3696,-3.609163,1,-0.75,Walking,True,-3.9,0,0
1789904142274,231,392456,1,3696,-3.609163,1,-0.75,Walking,True,-3.9,0,0
1789904142274,231,392456,1,3696,-3.609163,1,-0.75,Walking,True,-3.9,0,0
1789904142274,231,392456,1,3696,-3.609163,1,-0.75,Walking,True,-3.9,0,0
1789904142274,231,392456,1,3696,-3.609163,1,-0.75,Walking,True,-3.9,0,0
1789904142289,232,393911,1,3712,-3.671563,1,-0.75,Walking,True,-3.9,0,0
1789904142289,232,393911,1,3712,-3.671563,1,-0.75,Walking,True,-3.9,0,0
1789904142289,232,393911,1,3712,-3.671563,1,-0.75,Walking,True,-3.9,0,0
1789904142289,232,393911,1,3712,-3.671563,1,-0.75,Walking,True,-3.9,0,0
1789904142289,232,393911,1,3712,-3.671563,1,-0.75,Walking,True,-3.9,0,0
1789904142289,232,393911,1,3712,-3.671563,1,-0.75,Walking,True,-3.9,0,0
1789904142289,232,393911,1,3712,-3.671563,1,-0.75,Walking,True,-3.9,0,0
1789904142289,232,393911,1,3712,-3.671563,1,-0.75,Walking,True,-3.9,0,0
1789904142320,233,395370,1,3728,-3.728843,1,-0.75,Walking,True,-3.58,0,0
1789904142320,233,395370,1,3728,-3.728843,1,-0.75,Walking,True,-3.58,0,0
1789904142320,233,395370,1,3728,-3.728843,1,-0.75,Walking,True,-3.58,0,0
1789904142320,233,395370,1,3728,-3.728843,1,-0.75,Walking,True,-3.58,0,0
1789904142320,233,395370,1,3728,-3.728843,1,-0.75,Walking,True,-3.58,0,0
1789904142320,233,395370,1,3728,-3.728843,1,-0.75,Walking,True,-3.58,0,0
1789904142320,233,395370,1,3728,-3.728843,1,-0.75,Walking,True,-3.58,0,0
1789904142320,233,395370,1,3728,-3.728843,1,-0.75,Walking,True,-3.58,0,0
1789904142335,234,398369,1,3744,-3.781003,1,-0.75,Walking,True,-3.26,0,0
1789904142335,234,398369,1,3744,-3.781003,1,-0.75,Walking,True,-3.26,0,0
1789904142335,234,398369,1,3744,-3.781003,1,-0.75,Walking,True,-3.26,0,0
1789904142335,234,398369,1,3744,-3.781003,1,-0.75,Walking,True,-3.26,0,0
1789904142335,234,398369,1,3744,-3.781003,1,-0.75,Walking,True,-3.26,0,0
1789904142335,234,398369,1,3744,-3.781003,1,-0.75,Walking,True,-3.26,0,0
1789904142335,234,398369,1,3744,-3.781003,1,-0.75,Walking,True,-3.26,0,0
1789904142335,234,398369,1,3744,-3.781003,1,-0.75,Walking,True,-3.26,0,0
1789904142350,235,399794,1,3760,-3.828043,1,-0.75,Walking,True,-2.94,0,0
1789904142350,235,399794,1,3760,-3.828043,1,-0.75,Walking,True,-2.94,0,0
1789904142350,235,399794,1,3760,-3.828043,1,-0.75,Walking,True,-2.94,0,0
1789904142350,235,399794,1,3760,-3.828043,1,-0.75,Walking,True,-2.94,0,0
1789904142350,235,399794,1,3760,-3.828043,1,-0.75,Walking,True,-2.94,0,0
1789904142350,235,399794,1,3760,-3.828043,1,-0.75,Walking,True,-2.94,0,0
1789904142350,235,399794,1,3760,-3.828043,1,-0.75,Walking,True,-2.94,0,0
1789904142350,235,399794,1,3760,-3.828043,1,-0.75,Walking,True,-2.94,0,0
1789904142366,236,401278,1,3776,-3.869963,1,-0.75,Walking,True,-2.62,0,0
1789904142366,236,401278,1,3776,-3.869963,1,-0.75,Walking,True,-2.62,0,0
1789904142366,236,401278,1,3776,-3.869963,1,-0.75,Walking,True,-2.62,0,0
1789904142366,236,401278,1,3776,-3.869963,1,-0.75,Walking,True,-2.62,0,0
1789904142366,236,401278,1,3776,-3.869963,1,-0.75,Walking,True,-2.62,0,0
1789904142366,236,401278,1,3776,-3.869963,1,-0.75,Walking,True,-2.62,0,0
1789904142366,236,401278,1,3776,-3.869963,1,-0.75,Walking,True,-2.62,0,0
1789904142366,236,401278,1,3776,-3.869963,1,-0.75,Walking,True,-2.62,0,0
1789904142381,237,402853,1,3792,-3.906763,1,-0.75,Walking,True,-2.3,0,0
1789904142381,237,402853,1,3792,-3.906763,1,-0.75,Walking,True,-2.3,0,0
1789904142381,237,402853,1,3792,-3.906763,1,-0.75,Walking,True,-2.3,0,0
1789904142381,237,402853,1,3792,-3.906763,1,-0.75,Walking,True,-2.3,0,0
1789904142381,237,402853,1,3792,-3.906763,1,-0.75,Walking,True,-2.3,0,0
1789904142381,237,402853,1,3792,-3.906763,1,-0.75,Walking,True,-2.3,0,0
1789904142381,237,402853,1,3792,-3.906763,1,-0.75,Walking,True,-2.3,0,0
1789904142381,237,402853,1,3792,-3.906763,1,-0.75,Walking,True,-2.3,0,0
1789904142397,238,404315,1,3808,-3.938443,1,-0.75,Walking,True,-1.98,0,0
1789904142397,238,404315,1,3808,-3.938443,1,-0.75,Walking,True,-1.98,0,0
1789904142397,238,404315,1,3808,-3.938443,1,-0.75,Walking,True,-1.98,0,0
1789904142397,238,404315,1,3808,-3.938443,1,-0.75,Walking,True,-1.98,0,0
1789904142397,238,404315,1,3808,-3.938443,1,-0.75,Walking,True,-1.98,0,0
1789904142397,238,404315,1,3808,-3.938443,1,-0.75,Walking,True,-1.98,0,0
1789904142397,238,404315,1,3808,-3.938443,1,-0.75,Walking,True,-1.98,0,0
1789904142397,238,404315,1,3808,-3.938443,1,-0.75,Walking,True,-1.98,0,0
1789904142413,239,405892,1,3824,-3.965003,1,-0.75,Walking,True,-1.66,0,0
1789904142413,239,405892,1,3824,-3.965003,1,-0.75,Walking,True,-1.66,0,0
1789904142413,239,405892,1,3824,-3.965003,1,-0.75,Walking,True,-1.66,0,0
1789904142413,239,405892,1,3824,-3.965003,1,-0.75,Walking,True,-1.66,0,0
1789904142413,239,405892,1,3824,-3.965003,1,-0.75,Walking,True,-1.66,0,0
1789904142413,239,405892,1,3824,-3.965003,1,-0.75,Walking,True,-1.66,0,0
1789904142413,239,405892,1,3824,-3.965003,1,-0.75,Walking,True,-1.66,0,0
1789904142413,239,405892,1,3824,-3.965003,1,-0.75,Walking,True,-1.66,0,0
1789904142429,240,407437,1,3840,-3.986443,1,-0.75,Walking,True,-1.34,0,0
1789904142429,240,407437,1,3840,-3.986443,1,-0.75,Walking,True,-1.34,0,0
1789904142429,240,407437,1,3840,-3.986443,1,-0.75,Walking,True,-1.34,0,0
1789904142429,240,407437,1,3840,-3.986443,1,-0.75,Walking,True,-1.34,0,0
1789904142429,240,407437,1,3840,-3.986443,1,-0.75,Walking,True,-1.34,0,0
1789904142429,240,407437,1,3840,-3.986443,1,-0.75,Walking,True,-1.34,0,0
1789904142429,240,407437,1,3840,-3.986443,1,-0.75,Walking,True,-1.34,0,0
1789904142429,240,407437,1,3840,-3.986443,1,-0.75,Walking,True,-1.34,0,0
1789904142445,241,409035,1,3856,-4.002763,1,-0.75,Walking,True,-1.02,0,0
1789904142445,241,409035,1,3856,-4.002763,1,-0.75,Walking,True,-1.02,0,0
1789904142445,241,409035,1,3856,-4.002763,1,-0.75,Walking,True,-1.02,0,0
1789904142445,241,409035,1,3856,-4.002763,1,-0.75,Walking,True,-1.02,0,0
1789904142445,241,409035,1,3856,-4.002763,1,-0.75,Walking,True,-1.02,0,0
1789904142445,241,409035,1,3856,-4.002763,1,-0.75,Walking,True,-1.02,0,0
1789904142445,241,409035,1,3856,-4.002763,1,-0.75,Walking,True,-1.02,0,0
1789904142445,241,409035,1,3856,-4.002763,1,-0.75,Walking,True,-1.02,0,0
1789904142460,242,410491,1,3872,-4.013963,1,-0.75,Walking,True,-0.7,0,0
1789904142460,242,410491,1,3872,-4.013963,1,-0.75,Walking,True,-0.7,0,0
1789904142460,242,410491,1,3872,-4.013963,1,-0.75,Walking,True,-0.7,0,0
1789904142460,242,410491,1,3872,-4.013963,1,-0.75,Walking,True,-0.7,0,0
1789904142460,242,410491,1,3872,-4.013963,1,-0.75,Walking,True,-0.7,0,0
1789904142460,242,410491,1,3872,-4.013963,1,-0.75,Walking,True,-0.7,0,0
1789904142460,242,410491,1,3872,-4.013963,1,-0.75,Walking,True,-0.7,0,0
1789904142460,242,410491,1,3872,-4.013963,1,-0.75,Walking,True,-0.7,0,0
1789904142475,243,411913,1,3888,-4.020043,1,-0.75,Walking,True,-0.38,0,0
1789904142475,243,411913,1,3888,-4.020043,1,-0.75,Walking,True,-0.38,0,0
1789904142475,243,411913,1,3888,-4.020043,1,-0.75,Walking,True,-0.38,0,0
1789904142475,243,411913,1,3888,-4.020043,1,-0.75,Walking,True,-0.38,0,0
1789904142475,243,411913,1,3888,-4.020043,1,-0.75,Walking,True,-0.38,0,0
1789904142475,243,411913,1,3888,-4.020043,1,-0.75,Walking,True,-0.38,0,0
1789904142475,243,411913,1,3888,-4.020043,1,-0.75,Walking,True,-0.38,0,0
1789904142475,243,411913,1,3888,-4.020043,1,-0.75,Walking,True,-0.38,0,0
1789904142490,244,413333,1,3904,-4.020043,1,-0.75,Walking,True,-0.06,0,0
1789904142490,244,413333,1,3904,-4.020043,1,-0.75,Walking,True,-0.06,0,0
1789904142490,244,413333,1,3904,-4.020043,1,-0.75,Walking,True,-0.06,0,0
1789904142490,244,413333,1,3904,-4.020043,1,-0.75,Walking,True,-0.06,0,0
1789904142490,244,413333,1,3904,-4.020043,1,-0.75,Walking,True,-0.06,0,0
1789904142490,244,413333,1,3904,-4.020043,1,-0.75,Walking,True,-0.06,0,0
1789904142490,244,413333,1,3904,-4.020043,1,-0.75,Walking,True,-0.06,0,0
1789904142490,244,413333,1,3904,-4.020043,1,-0.75,Walking,True,-0.06,0,0
1789904142505,245,414789,1,3920,-4.020043,1,-0.75,Walking,True,0,0,0
1789904142505,245,414789,1,3920,-4.020043,1,-0.75,Walking,True,0,0,0
1789904142505,245,414789,1,3920,-4.020043,1,-0.75,Walking,True,0,0,0
1789904142505,245,414789,1,3920,-4.020043,1,-0.75,Walking,True,0,0,0
1789904142505,245,414789,1,3920,-4.020043,1,-0.75,Walking,True,0,0,0
1789904142505,245,414789,1,3920,-4.020043,1,-0.75,Walking,True,0,0,0
1789904142505,245,414789,1,3920,-4.020043,1,-0.75,Walking,True,0,0,0
1789904142505,245,414789,1,3920,-4.020043,1,-0.75,Walking,True,0,0,0
1789904142520,246,416238,1,3936,-4.020043,1,-0.75,Walking,True,0,0,0
1789904142520,246,416238,1,3936,-4.020043,1,-0.75,Walking,True,0,0,0
1789904142520,246,416238,1,3936,-4.020043,1,-0.75,Walking,True,0,0,0
1789904142520,246,416238,1,3936,-4.020043,1,-0.75,Walking,True,0,0,0
1789904142520,246,416238,1,3936,-4.020043,1,-0.75,Walking,True,0,0,0
1789904142520,246,416238,1,3936,-4.020043,1,-0.75,Walking,True,0,0,0
1789904142520,246,416238,1,3936,-4.020043,1,-0.75,Walking,True,0,0,0
1789904142520,246,416238,1,3936,-4.020043,1,-0.75,Walking,True,0,0,0
1789904142536,247,417412,1,3952,-4.020043,1,-0.75,Walking,True,0,0,0
1789904142536,247,417412,1,3952,-4.020043,1,-0.75,Walking,True,0,0,0
1789904142536,247,417412,1,3952,-4.020043,1,-0.75,Walking,True,0,0,0
1789904142536,247,417412,1,3952,-4.020043,1,-0.75,Walking,True,0,0,0
1789904142536,247,417412,1,3952,-4.020043,1,-0.75,Walking,True,0,0,0
1789904142536,247,417412,1,3952,-4.020043,1,-0.75,Walking,True,0,0,0
1789904142536,247,417412,1,3952,-4.020043,1,-0.75,Walking,True,0,0,0
1789904142536,247,417412,1,3952,-4.020043,1,-0.75,Walking,True,0,0,0
1789904142551,248,418864,1,3968,-4.020043,1,-0.75,Walking,True,0,0,0
1789904142551,248,418864,1,3968,-4.020043,1,-0.75,Walking,True,0,0,0
1789904142551,248,418864,1,3968,-4.020043,1,-0.75,Walking,True,0,0,0
1789904142551,248,418864,1,3968,-4.020043,1,-0.75,Walking,True,0,0,0
1789904142551,248,418864,1,3968,-4.020043,1,-0.75,Walking,True,0,0,0
1789904142551,248,418864,1,3968,-4.020043,1,-0.75,Walking,True,0,0,0
1789904142551,248,418864,1,3968,-4.020043,1,-0.75,Walking,True,0,0,0
1789904142551,248,418864,1,3968,-4.020043,1,-0.75,Walking,True,0,0,0
1789904142566,249,420170,1,3984,-4.020043,1,-0.75,Walking,True,0,0,0
1789904142566,249,420170,1,3984,-4.020043,1,-0.75,Walking,True,0,0,0
1789904142566,249,420170,1,3984,-4.020043,1,-0.75,Walking,True,0,0,0
1789904142566,249,420170,1,3984,-4.020043,1,-0.75,Walking,True,0,0,0
1789904142566,249,420170,1,3984,-4.020043,1,-0.75,Walking,True,0,0,0
1789904142566,249,420170,1,3984,-4.020043,1,-0.75,Walking,True,0,0,0
1789904142566,249,420170,1,3984,-4.020043,1,-0.75,Walking,True,0,0,0
1789904142566,249,420170,1,3984,-4.020043,1,-0.75,Walking,True,0,0,0
1789904142581,250,421481,1,4000,-4.020043,1,-0.75,Walking,True,0,0,0
1789904142581,250,421481,1,4000,-4.020043,1,-0.75,Walking,True,0,0,0
1789904142581,250,421481,1,4000,-4.020043,1,-0.75,Walking,True,0,0,0
1789904142581,250,421481,1,4000,-4.020043,1,-0.75,Walking,True,0,0,0
1789904142581,250,421481,1,4000,-4.020043,1,-0.75,Walking,True,0,0,0
1789904142581,250,421481,1,4000,-4.020043,1,-0.75,Walking,True,0,0,0
1789904142581,250,421481,1,4000,-4.020043,1,-0.75,Walking,True,0,0,0
1789904142581,250,421481,1,4000,-4.020043,1,-0.75,Walking,True,0,0,0
1789904142596,251,422844,1,4016,-4.020043,1,-0.75,Walking,True,0,0,0
1789904142596,251,422844,1,4016,-4.020043,1,-0.75,Walking,True,0,0,0
1789904142596,251,422844,1,4016,-4.020043,1,-0.75,Walking,True,0,0,0
1789904142596,251,422844,1,4016,-4.020043,1,-0.75,Walking,True,0,0,0
1789904142596,251,422844,1,4016,-4.020043,1,-0.75,Walking,True,0,0,0
1789904142596,251,422844,1,4016,-4.020043,1,-0.75,Walking,True,0,0,0
1789904142596,251,422844,1,4016,-4.020043,1,-0.75,Walking,True,0,0,0
1789904142596,251,422844,1,4016,-4.020043,1,-0.75,Walking,True,0,0,0
1789904142611,252,424245,1,4032,-4.020043,1,-0.75,Walking,True,0,0,0
1789904142611,252,424245,1,4032,-4.020043,1,-0.75,Walking,True,0,0,0
1789904142611,252,424245,1,4032,-4.020043,1,-0.75,Walking,True,0,0,0
1789904142611,252,424245,1,4032,-4.020043,1,-0.75,Walking,True,0,0,0
1789904142611,252,424245,1,4032,-4.020043,1,-0.75,Walking,True,0,0,0
1789904142611,252,424245,1,4032,-4.020043,1,-0.75,Walking,True,0,0,0
1789904142611,252,424245,1,4032,-4.020043,1,-0.75,Walking,True,0,0,0
1789904142611,252,424245,1,4032,-4.020043,1,-0.75,Walking,True,0,0,0
1789904142627,253,425709,1,4048,-4.020043,1,-0.75,Walking,True,0,0,0
1789904142627,253,425709,1,4048,-4.020043,1,-0.75,Walking,True,0,0,0
1789904142627,253,425709,1,4048,-4.020043,1,-0.75,Walking,True,0,0,0
1789904142627,253,425709,1,4048,-4.020043,1,-0.75,Walking,True,0,0,0
1789904142627,253,425709,1,4048,-4.020043,1,-0.75,Walking,True,0,0,0
1789904142627,253,425709,1,4048,-4.020043,1,-0.75,Walking,True,0,0,0
1789904142627,253,425709,1,4048,-4.020043,1,-0.75,Walking,True,0,0,0
1789904142627,253,425709,1,4048,-4.020043,1,-0.75,Walking,True,0,0,0
1789904142642,254,427179,1,4064,-4.020043,1,-0.75,Walking,True,0,0,0
1789904142642,254,427179,1,4064,-4.020043,1,-0.75,Walking,True,0,0,0
1789904142642,254,427179,1,4064,-4.020043,1,-0.75,Walking,True,0,0,0
1789904142642,254,427179,1,4064,-4.020043,1,-0.75,Walking,True,0,0,0
1789904142642,254,427179,1,4064,-4.020043,1,-0.75,Walking,True,0,0,0
1789904142642,254,427179,1,4064,-4.020043,1,-0.75,Walking,True,0,0,0
1789904142642,254,427179,1,4064,-4.020043,1,-0.75,Walking,True,0,0,0
1789904142642,254,427179,1,4064,-4.020043,1,-0.75,Walking,True,0,0,0
1789904142658,255,428680,1,4080,-4.020043,1,-0.75,Walking,True,0,0,0
1789904142658,255,428680,1,4080,-4.020043,1,-0.75,Walking,True,0,0,0
1789904142658,255,428680,1,4080,-4.020043,1,-0.75,Walking,True,0,0,0
1789904142658,255,428680,1,4080,-4.020043,1,-0.75,Walking,True,0,0,0
1789904142658,255,428680,1,4080,-4.020043,1,-0.75,Walking,True,0,0,0
1789904142658,255,428680,1,4080,-4.020043,1,-0.75,Walking,True,0,0,0
1789904142658,255,428680,1,4080,-4.020043,1,-0.75,Walking,True,0,0,0
1789904142658,255,428680,1,4080,-4.020043,1,-0.75,Walking,True,0,0,0
1789904142673,256,430159,1,4096,-4.020043,1,-0.75,Walking,True,0,0,0
1789904142673,256,430159,1,4096,-4.020043,1,-0.75,Walking,True,0,0,0
1789904142673,256,430159,1,4096,-4.020043,1,-0.75,Walking,True,0,0,0
1789904142673,256,430159,1,4096,-4.020043,1,-0.75,Walking,True,0,0,0
1789904142673,256,430159,1,4096,-4.020043,1,-0.75,Walking,True,0,0,0
1789904142673,256,430159,1,4096,-4.020043,1,-0.75,Walking,True,0,0,0
1789904142673,256,430159,1,4096,-4.020043,1,-0.75,Walking,True,0,0,0
1789904142673,256,430159,1,4096,-4.020043,1,-0.75,Walking,True,0,0,0
1789904142689,257,431613,1,4112,-4.020043,1,-0.75,Walking,True,0,0,0
1789904142689,257,431613,1,4112,-4.020043,1,-0.75,Walking,True,0,0,0
1789904142689,257,431613,1,4112,-4.020043,1,-0.75,Walking,True,0,0,0
1789904142689,257,431613,1,4112,-4.020043,1,-0.75,Walking,True,0,0,0
1789904142689,257,431613,1,4112,-4.020043,1,-0.75,Walking,True,0,0,0
1789904142689,257,431613,1,4112,-4.020043,1,-0.75,Walking,True,0,0,0
1789904142689,257,431613,1,4112,-4.020043,1,-0.75,Walking,True,0,0,0
1789904142689,257,431613,1,4112,-4.020043,1,-0.75,Walking,True,0,0,0
1789904142706,258,433124,1,4128,-4.020043,1,-0.75,Walking,True,0,0,0
1789904142706,258,433124,1,4128,-4.020043,1,-0.75,Walking,True,0,0,0
1789904142706,258,433124,1,4128,-4.020043,1,-0.75,Walking,True,0,0,0
1789904142706,258,433124,1,4128,-4.020043,1,-0.75,Walking,True,0,0,0
1789904142706,258,433124,1,4128,-4.020043,1,-0.75,Walking,True,0,0,0
1789904142706,258,433124,1,4128,-4.020043,1,-0.75,Walking,True,0,0,0
1789904142706,258,433124,1,4128,-4.020043,1,-0.75,Walking,True,0,0,0
1789904142706,258,433124,1,4128,-4.020043,1,-0.75,Walking,True,0,0,0
1789904142736,259,434733,1,4144,-4.020043,1,-0.75,Walking,True,0,0,0
1789904142736,259,434733,1,4144,-4.020043,1,-0.75,Walking,True,0,0,0
1789904142736,259,434733,1,4144,-4.020043,1,-0.75,Walking,True,0,0,0
1789904142736,259,434733,1,4144,-4.020043,1,-0.75,Walking,True,0,0,0
1789904142736,259,434733,1,4144,-4.020043,1,-0.75,Walking,True,0,0,0
1789904142737,259,434733,1,4144,-4.020043,1,-0.75,Walking,True,0,0,0
1789904142737,259,434733,1,4144,-4.020043,1,-0.75,Walking,True,0,0,0
1789904142737,259,434733,1,4144,-4.020043,1,-0.75,Walking,True,0,0,0
1789904142752,260,437554,1,4160,-4.020043,1,-0.75,Walking,True,0,0,0
1789904142752,260,437554,1,4160,-4.020043,1,-0.75,Walking,True,0,0,0
1789904142752,260,437554,1,4160,-4.020043,1,-0.75,Walking,True,0,0,0
1789904142752,260,437554,1,4160,-4.020043,1,-0.75,Walking,True,0,0,0
1789904142752,260,437554,1,4160,-4.020043,1,-0.75,Walking,True,0,0,0
1789904142752,260,437554,1,4160,-4.020043,1,-0.75,Walking,True,0,0,0
1789904142752,260,437554,1,4160,-4.020043,1,-0.75,Walking,True,0,0,0
1789904142752,260,437554,1,4160,-4.020043,1,-0.75,Walking,True,0,0,0
1789904142766,261,438985,1,4176,-4.020043,1,-0.75,Walking,True,0,0,0
1789904142766,261,438985,1,4176,-4.020043,1,-0.75,Walking,True,0,0,0
1789904142766,261,438985,1,4176,-4.020043,1,-0.75,Walking,True,0,0,0
1789904142767,261,438985,1,4176,-4.020043,1,-0.75,Walking,True,0,0,0
1789904142767,261,438985,1,4176,-4.020043,1,-0.75,Walking,True,0,0,0
1789904142767,261,438985,1,4176,-4.020043,1,-0.75,Walking,True,0,0,0
1789904142767,261,438985,1,4176,-4.020043,1,-0.75,Walking,True,0,0,0
1789904142767,261,438985,1,4176,-4.020043,1,-0.75,Walking,True,0,0,0
1789904142782,262,440406,1,4192,-4.020043,1,-0.75,Walking,True,0,0,0
1789904142782,262,440406,1,4192,-4.020043,1,-0.75,Walking,True,0,0,0
1789904142782,262,440406,1,4192,-4.020043,1,-0.75,Walking,True,0,0,0
1789904142782,262,440406,1,4192,-4.020043,1,-0.75,Walking,True,0,0,0
1789904142782,262,440406,1,4192,-4.020043,1,-0.75,Walking,True,0,0,0
1789904142782,262,440406,1,4192,-4.020043,1,-0.75,Walking,True,0,0,0
1789904142782,262,440406,1,4192,-4.020043,1,-0.75,Walking,True,0,0,0
1789904142782,262,440406,1,4192,-4.020043,1,-0.75,Walking,True,0,0,0
1789904142798,263,441913,1,4208,-4.020043,1,-0.75,Walking,True,0,0,0
1789904142798,263,441913,1,4208,-4.020043,1,-0.75,Walking,True,0,0,0
1789904142798,263,441913,1,4208,-4.020043,1,-0.75,Walking,True,0,0,0
1789904142798,263,441913,1,4208,-4.020043,1,-0.75,Walking,True,0,0,0
1789904142798,263,441913,1,4208,-4.020043,1,-0.75,Walking,True,0,0,0
1789904142798,263,441913,1,4208,-4.020043,1,-0.75,Walking,True,0,0,0
1789904142798,263,441913,1,4208,-4.020043,1,-0.75,Walking,True,0,0,0
1789904142798,263,441913,1,4208,-4.020043,1,-0.75,Walking,True,0,0,0
1789904143048,264,475128,1,4224,-4.020043,1.061489,-0.75,Falling,False,0,3.84304,0
1789904143048,264,475128,1,4224,-4.020043,1.061489,-0.75,Falling,False,0,3.84304,0
1789904143048,264,475128,1,4224,-4.020043,1.061489,-0.75,Falling,False,0,3.84304,0
1789904143048,264,475128,1,4224,-4.020043,1.061489,-0.75,Falling,False,0,3.84304,0
1789904143048,264,475128,1,4224,-4.020043,1.061489,-0.75,Falling,False,0,3.84304,0
1789904143048,264,475128,1,4224,-4.020043,1.061489,-0.75,Falling,False,0,3.84304,0
1789904143048,264,475128,1,4224,-4.020043,1.061489,-0.75,Falling,False,0,3.84304,0
1789904143048,264,475128,1,4224,-4.020043,1.061489,-0.75,Falling,False,0,3.84304,0
1789904143064,265,478125,1,4240,-4.020043,1.120466,-0.75,Falling,False,0,3.68608,0
1789904143064,265,478125,1,4240,-4.020043,1.120466,-0.75,Falling,False,0,3.68608,0
1789904143064,265,478125,1,4240,-4.020043,1.120466,-0.75,Falling,False,0,3.68608,0
1789904143064,265,478125,1,4240,-4.020043,1.120466,-0.75,Falling,False,0,3.68608,0
1789904143064,265,478125,1,4240,-4.020043,1.120466,-0.75,Falling,False,0,3.68608,0
1789904143064,265,478125,1,4240,-4.020043,1.120466,-0.75,Falling,False,0,3.68608,0
1789904143064,265,478125,1,4240,-4.020043,1.120466,-0.75,Falling,False,0,3.68608,0
1789904143064,265,478125,1,4240,-4.020043,1.120466,-0.75,Falling,False,0,3.68608,0
1789904143094,266,479773,1,4256,-4.020043,1.176932,-0.75,Falling,False,0,3.52912,0
1789904143094,266,479773,1,4256,-4.020043,1.176932,-0.75,Falling,False,0,3.52912,0
1789904143094,267,479775,1,4272,-4.020043,1.230886,-0.75,Falling,False,0,3.37216,0
1789904143094,267,479775,1,4272,-4.020043,1.230886,-0.75,Falling,False,0,3.37216,0
1789904143094,267,479775,1,4272,-4.020043,1.230886,-0.75,Falling,False,0,3.37216,0
1789904143094,267,479775,1,4272,-4.020043,1.230886,-0.75,Falling,False,0,3.37216,0
1789904143094,267,479775,1,4272,-4.020043,1.230886,-0.75,Falling,False,0,3.37216,0
1789904143094,267,479775,1,4272,-4.020043,1.230886,-0.75,Falling,False,0,3.37216,0
1789904143110,268,482984,1,4288,-4.020043,1.28233,-0.75,Falling,False,0,3.2152,0
1789904143110,268,482984,1,4288,-4.020043,1.28233,-0.75,Falling,False,0,3.2152,0
1789904143110,268,482984,1,4288,-4.020043,1.28233,-0.75,Falling,False,0,3.2152,0
1789904143110,268,482984,1,4288,-4.020043,1.28233,-0.75,Falling,False,0,3.2152,0
1789904143110,268,482984,1,4288,-4.020043,1.28233,-0.75,Falling,False,0,3.2152,0
1789904143110,268,482984,1,4288,-4.020043,1.28233,-0.75,Falling,False,0,3.2152,0
1789904143110,268,482984,1,4288,-4.020043,1.28233,-0.75,Falling,False,0,3.2152,0
1789904143110,268,482984,1,4288,-4.020043,1.28233,-0.75,Falling,False,0,3.2152,0
1789904143126,269,484536,1,4304,-4.020043,1.331262,-0.75,Falling,False,0,3.05824,0
1789904143126,269,484536,1,4304,-4.020043,1.331262,-0.75,Falling,False,0,3.05824,0
1789904143126,269,484536,1,4304,-4.020043,1.331262,-0.75,Falling,False,0,3.05824,0
1789904143126,269,484536,1,4304,-4.020043,1.331262,-0.75,Falling,False,0,3.05824,0
1789904143126,269,484536,1,4304,-4.020043,1.331262,-0.75,Falling,False,0,3.05824,0
1789904143126,269,484536,1,4304,-4.020043,1.331262,-0.75,Falling,False,0,3.05824,0
1789904143126,269,484536,1,4304,-4.020043,1.331262,-0.75,Falling,False,0,3.05824,0
1789904143126,269,484536,1,4304,-4.020043,1.331262,-0.75,Falling,False,0,3.05824,0
1789904143142,270,486106,1,4320,-4.020043,1.377682,-0.75,Falling,False,0,2.90128,0
1789904143142,270,486106,1,4320,-4.020043,1.377682,-0.75,Falling,False,0,2.90128,0
1789904143142,270,486106,1,4320,-4.020043,1.377682,-0.75,Falling,False,0,2.90128,0
1789904143142,270,486106,1,4320,-4.020043,1.377682,-0.75,Falling,False,0,2.90128,0
1789904143142,270,486106,1,4320,-4.020043,1.377682,-0.75,Falling,False,0,2.90128,0
1789904143142,270,486106,1,4320,-4.020043,1.377682,-0.75,Falling,False,0,2.90128,0
1789904143142,270,486106,1,4320,-4.020043,1.377682,-0.75,Falling,False,0,2.90128,0
1789904143142,270,486106,1,4320,-4.020043,1.377682,-0.75,Falling,False,0,2.90128,0
1789904143157,271,487794,1,4336,-4.020043,1.421591,-0.75,Falling,False,0,2.74432,0
1789904143157,271,487794,1,4336,-4.020043,1.421591,-0.75,Falling,False,0,2.74432,0
1789904143157,271,487794,1,4336,-4.020043,1.421591,-0.75,Falling,False,0,2.74432,0
1789904143157,271,487794,1,4336,-4.020043,1.421591,-0.75,Falling,False,0,2.74432,0
1789904143157,271,487794,1,4336,-4.020043,1.421591,-0.75,Falling,False,0,2.74432,0
1789904143157,271,487794,1,4336,-4.020043,1.421591,-0.75,Falling,False,0,2.74432,0
1789904143157,271,487794,1,4336,-4.020043,1.421591,-0.75,Falling,False,0,2.74432,0
1789904143157,271,487794,1,4336,-4.020043,1.421591,-0.75,Falling,False,0,2.74432,0
1789904143172,272,489279,1,4352,-4.020043,1.462989,-0.75,Falling,False,0,2.58736,0
1789904143172,272,489279,1,4352,-4.020043,1.462989,-0.75,Falling,False,0,2.58736,0
1789904143172,272,489279,1,4352,-4.020043,1.462989,-0.75,Falling,False,0,2.58736,0
1789904143172,272,489279,1,4352,-4.020043,1.462989,-0.75,Falling,False,0,2.58736,0
1789904143172,272,489279,1,4352,-4.020043,1.462989,-0.75,Falling,False,0,2.58736,0
1789904143172,272,489279,1,4352,-4.020043,1.462989,-0.75,Falling,False,0,2.58736,0
1789904143172,272,489279,1,4352,-4.020043,1.462989,-0.75,Falling,False,0,2.58736,0
1789904143172,272,489279,1,4352,-4.020043,1.462989,-0.75,Falling,False,0,2.58736,0
1789904143188,273,490803,1,4368,-4.020043,1.501875,-0.75,Falling,False,0,2.4304,0
1789904143188,273,490803,1,4368,-4.020043,1.501875,-0.75,Falling,False,0,2.4304,0
1789904143188,273,490803,1,4368,-4.020043,1.501875,-0.75,Falling,False,0,2.4304,0
1789904143188,273,490803,1,4368,-4.020043,1.501875,-0.75,Falling,False,0,2.4304,0
1789904143188,273,490803,1,4368,-4.020043,1.501875,-0.75,Falling,False,0,2.4304,0
1789904143188,273,490803,1,4368,-4.020043,1.501875,-0.75,Falling,False,0,2.4304,0
1789904143188,273,490803,1,4368,-4.020043,1.501875,-0.75,Falling,False,0,2.4304,0
1789904143188,273,490803,1,4368,-4.020043,1.501875,-0.75,Falling,False,0,2.4304,0
1789904143204,274,492481,1,4384,-4.020043,1.53825,-0.75,Falling,False,0,2.27344,0
1789904143204,274,492481,1,4384,-4.020043,1.53825,-0.75,Falling,False,0,2.27344,0
1789904143204,274,492481,1,4384,-4.020043,1.53825,-0.75,Falling,False,0,2.27344,0
1789904143204,274,492481,1,4384,-4.020043,1.53825,-0.75,Falling,False,0,2.27344,0
1789904143204,274,492481,1,4384,-4.020043,1.53825,-0.75,Falling,False,0,2.27344,0
1789904143204,274,492481,1,4384,-4.020043,1.53825,-0.75,Falling,False,0,2.27344,0
1789904143204,274,492481,1,4384,-4.020043,1.53825,-0.75,Falling,False,0,2.27344,0
1789904143204,274,492481,1,4384,-4.020043,1.53825,-0.75,Falling,False,0,2.27344,0
1789904143219,275,494077,1,4400,-4.020043,1.572114,-0.75,Falling,False,0,2.11648,0
1789904143219,275,494077,1,4400,-4.020043,1.572114,-0.75,Falling,False,0,2.11648,0
1789904143219,275,494077,1,4400,-4.020043,1.572114,-0.75,Falling,False,0,2.11648,0
1789904143219,275,494077,1,4400,-4.020043,1.572114,-0.75,Falling,False,0,2.11648,0
1789904143219,275,494077,1,4400,-4.020043,1.572114,-0.75,Falling,False,0,2.11648,0
1789904143219,275,494077,1,4400,-4.020043,1.572114,-0.75,Falling,False,0,2.11648,0
1789904143219,275,494077,1,4400,-4.020043,1.572114,-0.75,Falling,False,0,2.11648,0
1789904143219,275,494077,1,4400,-4.020043,1.572114,-0.75,Falling,False,0,2.11648,0
1789904143234,276,495671,1,4416,-4.020043,1.603466,-0.75,Falling,False,0,1.95952,0
1789904143234,276,495671,1,4416,-4.020043,1.603466,-0.75,Falling,False,0,1.95952,0
1789904143234,276,495671,1,4416,-4.020043,1.603466,-0.75,Falling,False,0,1.95952,0
1789904143234,276,495671,1,4416,-4.020043,1.603466,-0.75,Falling,False,0,1.95952,0
1789904143234,276,495671,1,4416,-4.020043,1.603466,-0.75,Falling,False,0,1.95952,0
1789904143234,276,495671,1,4416,-4.020043,1.603466,-0.75,Falling,False,0,1.95952,0
1789904143234,276,495671,1,4416,-4.020043,1.603466,-0.75,Falling,False,0,1.95952,0
1789904143234,276,495671,1,4416,-4.020043,1.603466,-0.75,Falling,False,0,1.95952,0
1789904143250,277,497236,1,4432,-4.020043,1.632307,-0.75,Falling,False,0,1.80256,0
1789904143250,277,497236,1,4432,-4.020043,1.632307,-0.75,Falling,False,0,1.80256,0
1789904143250,277,497236,1,4432,-4.020043,1.632307,-0.75,Falling,False,0,1.80256,0
1789904143250,277,497236,1,4432,-4.020043,1.632307,-0.75,Falling,False,0,1.80256,0
1789904143250,277,497236,1,4432,-4.020043,1.632307,-0.75,Falling,False,0,1.80256,0
1789904143250,277,497236,1,4432,-4.020043,1.632307,-0.75,Falling,False,0,1.80256,0
1789904143250,277,497236,1,4432,-4.020043,1.632307,-0.75,Falling,False,0,1.80256,0
1789904143250,277,497236,1,4432,-4.020043,1.632307,-0.75,Falling,False,0,1.80256,0
1789904143265,278,498796,1,4448,-4.020043,1.658637,-0.75,Falling,False,0,1.6456,0
1789904143265,278,498796,1,4448,-4.020043,1.658637,-0.75,Falling,False,0,1.6456,0
1789904143265,278,498796,1,4448,-4.020043,1.658637,-0.75,Falling,False,0,1.6456,0
1789904143265,278,498796,1,4448,-4.020043,1.658637,-0.75,Falling,False,0,1.6456,0
1789904143265,278,498796,1,4448,-4.020043,1.658637,-0.75,Falling,False,0,1.6456,0
1789904143265,278,498796,1,4448,-4.020043,1.658637,-0.75,Falling,False,0,1.6456,0
1789904143265,278,498796,1,4448,-4.020043,1.658637,-0.75,Falling,False,0,1.6456,0
1789904143265,278,498796,1,4448,-4.020043,1.658637,-0.75,Falling,False,0,1.6456,0
1789904143281,279,500355,1,4464,-4.020043,1.682455,-0.75,Falling,False,0,1.48864,0
1789904143281,279,500355,1,4464,-4.020043,1.682455,-0.75,Falling,False,0,1.48864,0
1789904143281,279,500355,1,4464,-4.020043,1.682455,-0.75,Falling,False,0,1.48864,0
1789904143281,279,500355,1,4464,-4.020043,1.682455,-0.75,Falling,False,0,1.48864,0
1789904143281,279,500355,1,4464,-4.020043,1.682455,-0.75,Falling,False,0,1.48864,0
1789904143281,279,500355,1,4464,-4.020043,1.682455,-0.75,Falling,False,0,1.48864,0
1789904143281,279,500355,1,4464,-4.020043,1.682455,-0.75,Falling,False,0,1.48864,0
1789904143281,279,500355,1,4464,-4.020043,1.682455,-0.75,Falling,False,0,1.48864,0
1789904143297,280,502007,1,4480,-4.020043,1.703762,-0.75,Falling,False,0,1.33168,0
1789904143297,280,502007,1,4480,-4.020043,1.703762,-0.75,Falling,False,0,1.33168,0
1789904143297,280,502007,1,4480,-4.020043,1.703762,-0.75,Falling,False,0,1.33168,0
1789904143297,280,502007,1,4480,-4.020043,1.703762,-0.75,Falling,False,0,1.33168,0
1789904143297,280,502007,1,4480,-4.020043,1.703762,-0.75,Falling,False,0,1.33168,0
1789904143297,280,502007,1,4480,-4.020043,1.703762,-0.75,Falling,False,0,1.33168,0
1789904143297,280,502007,1,4480,-4.020043,1.703762,-0.75,Falling,False,0,1.33168,0
1789904143297,280,502007,1,4480,-4.020043,1.703762,-0.75,Falling,False,0,1.33168,0
1789904143313,281,503663,1,4496,-4.020043,1.722558,-0.75,Falling,False,0,1.17472,0
1789904143313,281,503663,1,4496,-4.020043,1.722558,-0.75,Falling,False,0,1.17472,0
1789904143313,281,503663,1,4496,-4.020043,1.722558,-0.75,Falling,False,0,1.17472,0
1789904143313,281,503663,1,4496,-4.020043,1.722558,-0.75,Falling,False,0,1.17472,0
1789904143313,281,503663,1,4496,-4.020043,1.722558,-0.75,Falling,False,0,1.17472,0
1789904143313,281,503663,1,4496,-4.020043,1.722558,-0.75,Falling,False,0,1.17472,0
1789904143313,281,503663,1,4496,-4.020043,1.722558,-0.75,Falling,False,0,1.17472,0
1789904143313,281,503663,1,4496,-4.020043,1.722558,-0.75,Falling,False,0,1.17472,0
1789904143329,282,505217,1,4512,-4.020043,1.738842,-0.75,Falling,False,0,1.01776,0
1789904143329,282,505217,1,4512,-4.020043,1.738842,-0.75,Falling,False,0,1.01776,0
1789904143329,282,505217,1,4512,-4.020043,1.738842,-0.75,Falling,False,0,1.01776,0
1789904143329,282,505217,1,4512,-4.020043,1.738842,-0.75,Falling,False,0,1.01776,0
1789904143329,282,505217,1,4512,-4.020043,1.738842,-0.75,Falling,False,0,1.01776,0
1789904143329,282,505217,1,4512,-4.020043,1.738842,-0.75,Falling,False,0,1.01776,0
1789904143329,282,505217,1,4512,-4.020043,1.738842,-0.75,Falling,False,0,1.01776,0
1789904143329,282,505217,1,4512,-4.020043,1.738842,-0.75,Falling,False,0,1.01776,0
1789904143345,283,506736,1,4528,-4.020043,1.752614,-0.75,Falling,False,0,0.8608,0
1789904143345,283,506736,1,4528,-4.020043,1.752614,-0.75,Falling,False,0,0.8608,0
1789904143345,283,506736,1,4528,-4.020043,1.752614,-0.75,Falling,False,0,0.8608,0
1789904143345,283,506736,1,4528,-4.020043,1.752614,-0.75,Falling,False,0,0.8608,0
1789904143345,283,506736,1,4528,-4.020043,1.752614,-0.75,Falling,False,0,0.8608,0
1789904143345,283,506736,1,4528,-4.020043,1.752614,-0.75,Falling,False,0,0.8608,0
1789904143345,283,506736,1,4528,-4.020043,1.752614,-0.75,Falling,False,0,0.8608,0
1789904143345,283,506736,1,4528,-4.020043,1.752614,-0.75,Falling,False,0,0.8608,0
1789904143360,284,508322,1,4544,-4.020043,1.763876,-0.75,Falling,False,0,0.70384,0
1789904143360,284,508322,1,4544,-4.020043,1.763876,-0.75,Falling,False,0,0.70384,0
1789904143360,284,508322,1,4544,-4.020043,1.763876,-0.75,Falling,False,0,0.70384,0
1789904143360,284,508322,1,4544,-4.020043,1.763876,-0.75,Falling,False,0,0.70384,0
1789904143360,284,508322,1,4544,-4.020043,1.763876,-0.75,Falling,False,0,0.70384,0
1789904143360,284,508322,1,4544,-4.020043,1.763876,-0.75,Falling,False,0,0.70384,0
1789904143360,284,508322,1,4544,-4.020043,1.763876,-0.75,Falling,False,0,0.70384,0
1789904143360,284,508322,1,4544,-4.020043,1.763876,-0.75,Falling,False,0,0.70384,0
1789904143375,285,509936,1,4560,-4.020043,1.772626,-0.75,Falling,False,0,0.54688,0
1789904143375,285,509936,1,4560,-4.020043,1.772626,-0.75,Falling,False,0,0.54688,0
1789904143375,285,509936,1,4560,-4.020043,1.772626,-0.75,Falling,False,0,0.54688,0
1789904143375,285,509936,1,4560,-4.020043,1.772626,-0.75,Falling,False,0,0.54688,0
1789904143375,285,509936,1,4560,-4.020043,1.772626,-0.75,Falling,False,0,0.54688,0
1789904143375,285,509936,1,4560,-4.020043,1.772626,-0.75,Falling,False,0,0.54688,0
1789904143375,285,509936,1,4560,-4.020043,1.772626,-0.75,Falling,False,0,0.54688,0
1789904143375,285,509936,1,4560,-4.020043,1.772626,-0.75,Falling,False,0,0.54688,0
1789904143391,286,511349,1,4576,-4.020043,1.778865,-0.75,Falling,False,0,0.38992,0
1789904143391,286,511349,1,4576,-4.020043,1.778865,-0.75,Falling,False,0,0.38992,0
1789904143391,286,511349,1,4576,-4.020043,1.778865,-0.75,Falling,False,0,0.38992,0
1789904143391,286,511349,1,4576,-4.020043,1.778865,-0.75,Falling,False,0,0.38992,0
1789904143391,286,511349,1,4576,-4.020043,1.778865,-0.75,Falling,False,0,0.38992,0
1789904143391,286,511349,1,4576,-4.020043,1.778865,-0.75,Falling,False,0,0.38992,0
1789904143391,286,511349,1,4576,-4.020043,1.778865,-0.75,Falling,False,0,0.38992,0
1789904143391,286,511349,1,4576,-4.020043,1.778865,-0.75,Falling,False,0,0.38992,0
1789904143408,287,513040,1,4592,-4.020043,1.782592,-0.75,Falling,False,0,0.23296,0
1789904143408,287,513040,1,4592,-4.020043,1.782592,-0.75,Falling,False,0,0.23296,0
1789904143408,287,513040,1,4592,-4.020043,1.782592,-0.75,Falling,False,0,0.23296,0
1789904143408,287,513040,1,4592,-4.020043,1.782592,-0.75,Falling,False,0,0.23296,0
1789904143408,287,513040,1,4592,-4.020043,1.782592,-0.75,Falling,False,0,0.23296,0
1789904143408,287,513040,1,4592,-4.020043,1.782592,-0.75,Falling,False,0,0.23296,0
1789904143408,287,513040,1,4592,-4.020043,1.782592,-0.75,Falling,False,0,0.23296,0
1789904143408,287,513040,1,4592,-4.020043,1.782592,-0.75,Falling,False,0,0.23296,0
1789904143424,288,514731,1,4608,-4.020043,1.783808,-0.75,Falling,False,0,0.076,0
1789904143424,288,514731,1,4608,-4.020043,1.783808,-0.75,Falling,False,0,0.076,0
1789904143424,288,514731,1,4608,-4.020043,1.783808,-0.75,Falling,False,0,0.076,0
1789904143424,288,514731,1,4608,-4.020043,1.783808,-0.75,Falling,False,0,0.076,0
1789904143424,288,514731,1,4608,-4.020043,1.783808,-0.75,Falling,False,0,0.076,0
1789904143424,288,514731,1,4608,-4.020043,1.783808,-0.75,Falling,False,0,0.076,0
1789904143424,288,514731,1,4608,-4.020043,1.783808,-0.75,Falling,False,0,0.076,0
1789904143424,288,514731,1,4608,-4.020043,1.783808,-0.75,Falling,False,0,0.076,0
1789904143439,289,516303,1,4624,-4.020043,1.782513,-0.75,Falling,False,0,-0.08096,0
1789904143439,289,516303,1,4624,-4.020043,1.782513,-0.75,Falling,False,0,-0.08096,0
1789904143439,289,516303,1,4624,-4.020043,1.782513,-0.75,Falling,False,0,-0.08096,0
1789904143439,289,516303,1,4624,-4.020043,1.782513,-0.75,Falling,False,0,-0.08096,0
1789904143439,289,516303,1,4624,-4.020043,1.782513,-0.75,Falling,False,0,-0.08096,0
1789904143439,289,516303,1,4624,-4.020043,1.782513,-0.75,Falling,False,0,-0.08096,0
1789904143439,289,516303,1,4624,-4.020043,1.782513,-0.75,Falling,False,0,-0.08096,0
1789904143439,289,516303,1,4624,-4.020043,1.782513,-0.75,Falling,False,0,-0.08096,0
1789904143455,290,517840,1,4640,-4.020043,1.778706,-0.75,Falling,False,0,-0.23792,0
1789904143455,290,517840,1,4640,-4.020043,1.778706,-0.75,Falling,False,0,-0.23792,0
1789904143455,290,517840,1,4640,-4.020043,1.778706,-0.75,Falling,False,0,-0.23792,0
1789904143455,290,517840,1,4640,-4.020043,1.778706,-0.75,Falling,False,0,-0.23792,0
1789904143455,290,517840,1,4640,-4.020043,1.778706,-0.75,Falling,False,0,-0.23792,0
1789904143455,290,517840,1,4640,-4.020043,1.778706,-0.75,Falling,False,0,-0.23792,0
1789904143455,290,517840,1,4640,-4.020043,1.778706,-0.75,Falling,False,0,-0.23792,0
1789904143455,290,517840,1,4640,-4.020043,1.778706,-0.75,Falling,False,0,-0.23792,0
1789904143470,291,519390,1,4656,-4.020043,1.772388,-0.75,Falling,False,0,-0.39488,0
1789904143470,291,519390,1,4656,-4.020043,1.772388,-0.75,Falling,False,0,-0.39488,0
1789904143470,291,519390,1,4656,-4.020043,1.772388,-0.75,Falling,False,0,-0.39488,0
1789904143470,291,519390,1,4656,-4.020043,1.772388,-0.75,Falling,False,0,-0.39488,0
1789904143470,291,519390,1,4656,-4.020043,1.772388,-0.75,Falling,False,0,-0.39488,0
1789904143470,291,519390,1,4656,-4.020043,1.772388,-0.75,Falling,False,0,-0.39488,0
1789904143470,291,519390,1,4656,-4.020043,1.772388,-0.75,Falling,False,0,-0.39488,0
1789904143470,291,519390,1,4656,-4.020043,1.772388,-0.75,Falling,False,0,-0.39488,0
1789904143486,292,520874,1,4672,-4.020043,1.763559,-0.75,Falling,False,0,-0.55184,0
1789904143486,292,520874,1,4672,-4.020043,1.763559,-0.75,Falling,False,0,-0.55184,0
1789904143486,292,520874,1,4672,-4.020043,1.763559,-0.75,Falling,False,0,-0.55184,0
1789904143486,292,520874,1,4672,-4.020043,1.763559,-0.75,Falling,False,0,-0.55184,0
1789904143486,292,520874,1,4672,-4.020043,1.763559,-0.75,Falling,False,0,-0.55184,0
1789904143486,292,520874,1,4672,-4.020043,1.763559,-0.75,Falling,False,0,-0.55184,0
1789904143486,292,520874,1,4672,-4.020043,1.763559,-0.75,Falling,False,0,-0.55184,0
1789904143486,292,520874,1,4672,-4.020043,1.763559,-0.75,Falling,False,0,-0.55184,0
1789904143501,293,522444,1,4688,-4.020043,1.752218,-0.75,Falling,False,0,-0.7088,0
1789904143501,293,522444,1,4688,-4.020043,1.752218,-0.75,Falling,False,0,-0.7088,0
1789904143501,293,522444,1,4688,-4.020043,1.752218,-0.75,Falling,False,0,-0.7088,0
1789904143501,293,522444,1,4688,-4.020043,1.752218,-0.75,Falling,False,0,-0.7088,0
1789904143501,293,522444,1,4688,-4.020043,1.752218,-0.75,Falling,False,0,-0.7088,0
1789904143501,293,522444,1,4688,-4.020043,1.752218,-0.75,Falling,False,0,-0.7088,0
1789904143501,293,522444,1,4688,-4.020043,1.752218,-0.75,Falling,False,0,-0.7088,0
1789904143501,293,522444,1,4688,-4.020043,1.752218,-0.75,Falling,False,0,-0.7088,0
1789904143517,294,523935,1,4704,-4.020043,1.738366,-0.75,Falling,False,0,-0.86576,0
1789904143517,294,523935,1,4704,-4.020043,1.738366,-0.75,Falling,False,0,-0.86576,0
1789904143517,294,523935,1,4704,-4.020043,1.738366,-0.75,Falling,False,0,-0.86576,0
1789904143517,294,523935,1,4704,-4.020043,1.738366,-0.75,Falling,False,0,-0.86576,0
1789904143517,294,523935,1,4704,-4.020043,1.738366,-0.75,Falling,False,0,-0.86576,0
1789904143517,294,523935,1,4704,-4.020043,1.738366,-0.75,Falling,False,0,-0.86576,0
1789904143517,294,523935,1,4704,-4.020043,1.738366,-0.75,Falling,False,0,-0.86576,0
1789904143517,294,523935,1,4704,-4.020043,1.738366,-0.75,Falling,False,0,-0.86576,0
1789904143533,295,525376,1,4720,-4.020043,1.722002,-0.75,Falling,False,0,-1.02272,0
1789904143533,295,525376,1,4720,-4.020043,1.722002,-0.75,Falling,False,0,-1.02272,0
1789904143533,295,525376,1,4720,-4.020043,1.722002,-0.75,Falling,False,0,-1.02272,0
1789904143533,295,525376,1,4720,-4.020043,1.722002,-0.75,Falling,False,0,-1.02272,0
1789904143533,295,525376,1,4720,-4.020043,1.722002,-0.75,Falling,False,0,-1.02272,0
1789904143533,295,525376,1,4720,-4.020043,1.722002,-0.75,Falling,False,0,-1.02272,0
1789904143533,295,525376,1,4720,-4.020043,1.722002,-0.75,Falling,False,0,-1.02272,0
1789904143533,295,525376,1,4720,-4.020043,1.722002,-0.75,Falling,False,0,-1.02272,0
1789904143549,296,526894,1,4736,-4.020043,1.703127,-0.75,Falling,False,0,-1.17968,0
1789904143549,296,526894,1,4736,-4.020043,1.703127,-0.75,Falling,False,0,-1.17968,0
1789904143549,296,526894,1,4736,-4.020043,1.703127,-0.75,Falling,False,0,-1.17968,0
1789904143549,296,526894,1,4736,-4.020043,1.703127,-0.75,Falling,False,0,-1.17968,0
1789904143549,296,526894,1,4736,-4.020043,1.703127,-0.75,Falling,False,0,-1.17968,0
1789904143549,296,526894,1,4736,-4.020043,1.703127,-0.75,Falling,False,0,-1.17968,0
1789904143549,296,526894,1,4736,-4.020043,1.703127,-0.75,Falling,False,0,-1.17968,0
1789904143549,296,526894,1,4736,-4.020043,1.703127,-0.75,Falling,False,0,-1.17968,0
1789904143564,297,528499,1,4752,-4.020043,1.681741,-0.75,Falling,False,0,-1.33664,0
1789904143564,297,528499,1,4752,-4.020043,1.681741,-0.75,Falling,False,0,-1.33664,0
1789904143564,297,528499,1,4752,-4.020043,1.681741,-0.75,Falling,False,0,-1.33664,0
1789904143564,297,528499,1,4752,-4.020043,1.681741,-0.75,Falling,False,0,-1.33664,0
1789904143564,297,528499,1,4752,-4.020043,1.681741,-0.75,Falling,False,0,-1.33664,0
1789904143564,297,528499,1,4752,-4.020043,1.681741,-0.75,Falling,False,0,-1.33664,0
1789904143564,297,528499,1,4752,-4.020043,1.681741,-0.75,Falling,False,0,-1.33664,0
1789904143564,297,528499,1,4752,-4.020043,1.681741,-0.75,Falling,False,0,-1.33664,0
1789904143580,298,530067,1,4768,-4.020043,1.657843,-0.75,Falling,False,0,-1.4936,0
1789904143580,298,530067,1,4768,-4.020043,1.657843,-0.75,Falling,False,0,-1.4936,0
1789904143580,298,530067,1,4768,-4.020043,1.657843,-0.75,Falling,False,0,-1.4936,0
1789904143580,298,530067,1,4768,-4.020043,1.657843,-0.75,Falling,False,0,-1.4936,0
1789904143580,298,530067,1,4768,-4.020043,1.657843,-0.75,Falling,False,0,-1.4936,0
1789904143580,298,530067,1,4768,-4.020043,1.657843,-0.75,Falling,False,0,-1.4936,0
1789904143580,298,530067,1,4768,-4.020043,1.657843,-0.75,Falling,False,0,-1.4936,0
1789904143580,298,530067,1,4768,-4.020043,1.657843,-0.75,Falling,False,0,-1.4936,0
1789904143595,299,531636,1,4784,-4.020043,1.631434,-0.75,Falling,False,0,-1.65056,0
1789904143595,299,531636,1,4784,-4.020043,1.631434,-0.75,Falling,False,0,-1.65056,0
1789904143595,299,531636,1,4784,-4.020043,1.631434,-0.75,Falling,False,0,-1.65056,0
1789904143595,299,531636,1,4784,-4.020043,1.631434,-0.75,Falling,False,0,-1.65056,0
1789904143595,299,531636,1,4784,-4.020043,1.631434,-0.75,Falling,False,0,-1.65056,0
1789904143595,299,531636,1,4784,-4.020043,1.631434,-0.75,Falling,False,0,-1.65056,0
1789904143595,299,531636,1,4784,-4.020043,1.631434,-0.75,Falling,False,0,-1.65056,0
1789904143595,299,531636,1,4784,-4.020043,1.631434,-0.75,Falling,False,0,-1.65056,0
1789904143611,300,533078,1,4800,-4.020043,1.602514,-0.75,Falling,False,0,-1.80752,0
1789904143611,300,533078,1,4800,-4.020043,1.602514,-0.75,Falling,False,0,-1.80752,0
1789904143611,300,533078,1,4800,-4.020043,1.602514,-0.75,Falling,False,0,-1.80752,0
1789904143611,300,533078,1,4800,-4.020043,1.602514,-0.75,Falling,False,0,-1.80752,0
1789904143611,300,533078,1,4800,-4.020043,1.602514,-0.75,Falling,False,0,-1.80752,0
1789904143611,300,533078,1,4800,-4.020043,1.602514,-0.75,Falling,False,0,-1.80752,0
1789904143611,300,533078,1,4800,-4.020043,1.602514,-0.75,Falling,False,0,-1.80752,0
1789904143611,300,533078,1,4800,-4.020043,1.602514,-0.75,Falling,False,0,-1.80752,0
1789904143627,301,534559,1,4816,-4.020043,1.571082,-0.75,Falling,False,0,-1.96448,0
1789904143627,301,534559,1,4816,-4.020043,1.571082,-0.75,Falling,False,0,-1.96448,0
1789904143627,301,534559,1,4816,-4.020043,1.571082,-0.75,Falling,False,0,-1.96448,0
1789904143627,301,534559,1,4816,-4.020043,1.571082,-0.75,Falling,False,0,-1.96448,0
1789904143627,301,534559,1,4816,-4.020043,1.571082,-0.75,Falling,False,0,-1.96448,0
1789904143627,301,534559,1,4816,-4.020043,1.571082,-0.75,Falling,False,0,-1.96448,0
1789904143627,301,534559,1,4816,-4.020043,1.571082,-0.75,Falling,False,0,-1.96448,0
1789904143627,301,534559,1,4816,-4.020043,1.571082,-0.75,Falling,False,0,-1.96448,0
1789904143643,302,536032,1,4832,-4.020043,1.537139,-0.75,Falling,False,0,-2.12144,0
1789904143643,302,536032,1,4832,-4.020043,1.537139,-0.75,Falling,False,0,-2.12144,0
1789904143643,302,536032,1,4832,-4.020043,1.537139,-0.75,Falling,False,0,-2.12144,0
1789904143643,302,536032,1,4832,-4.020043,1.537139,-0.75,Falling,False,0,-2.12144,0
1789904143643,302,536032,1,4832,-4.020043,1.537139,-0.75,Falling,False,0,-2.12144,0
1789904143643,302,536032,1,4832,-4.020043,1.537139,-0.75,Falling,False,0,-2.12144,0
1789904143643,302,536032,1,4832,-4.020043,1.537139,-0.75,Falling,False,0,-2.12144,0
1789904143643,302,536032,1,4832,-4.020043,1.537139,-0.75,Falling,False,0,-2.12144,0
1789904143659,303,537582,1,4848,-4.020043,1.500685,-0.75,Falling,False,0,-2.2784,0
1789904143659,303,537582,1,4848,-4.020043,1.500685,-0.75,Falling,False,0,-2.2784,0
1789904143659,303,537582,1,4848,-4.020043,1.500685,-0.75,Falling,False,0,-2.2784,0
1789904143659,303,537582,1,4848,-4.020043,1.500685,-0.75,Falling,False,0,-2.2784,0
1789904143659,303,537582,1,4848,-4.020043,1.500685,-0.75,Falling,False,0,-2.2784,0
1789904143659,303,537582,1,4848,-4.020043,1.500685,-0.75,Falling,False,0,-2.2784,0
1789904143659,303,537582,1,4848,-4.020043,1.500685,-0.75,Falling,False,0,-2.2784,0
1789904143659,303,537582,1,4848,-4.020043,1.500685,-0.75,Falling,False,0,-2.2784,0
1789904143676,304,539195,1,4864,-4.020043,1.461719,-0.75,Falling,False,0,-2.43536,0
1789904143676,304,539195,1,4864,-4.020043,1.461719,-0.75,Falling,False,0,-2.43536,0
1789904143676,304,539195,1,4864,-4.020043,1.461719,-0.75,Falling,False,0,-2.43536,0
1789904143676,304,539195,1,4864,-4.020043,1.461719,-0.75,Falling,False,0,-2.43536,0
1789904143676,304,539195,1,4864,-4.020043,1.461719,-0.75,Falling,False,0,-2.43536,0
1789904143676,304,539195,1,4864,-4.020043,1.461719,-0.75,Falling,False,0,-2.43536,0
1789904143676,304,539195,1,4864,-4.020043,1.461719,-0.75,Falling,False,0,-2.43536,0
1789904143676,304,539195,1,4864,-4.020043,1.461719,-0.75,Falling,False,0,-2.43536,0
1789904143691,305,540799,1,4880,-4.020043,1.420242,-0.75,Falling,False,0,-2.59232,0
1789904143691,305,540799,1,4880,-4.020043,1.420242,-0.75,Falling,False,0,-2.59232,0
1789904143691,305,540799,1,4880,-4.020043,1.420242,-0.75,Falling,False,0,-2.59232,0
1789904143691,305,540799,1,4880,-4.020043,1.420242,-0.75,Falling,False,0,-2.59232,0
1789904143691,305,540799,1,4880,-4.020043,1.420242,-0.75,Falling,False,0,-2.59232,0
1789904143691,305,540799,1,4880,-4.020043,1.420242,-0.75,Falling,False,0,-2.59232,0
1789904143691,305,540799,1,4880,-4.020043,1.420242,-0.75,Falling,False,0,-2.59232,0
1789904143691,305,540799,1,4880,-4.020043,1.420242,-0.75,Falling,False,0,-2.59232,0
1789904143706,306,542352,1,4896,-4.020043,1.376253,-0.75,Falling,False,0,-2.74928,0
1789904143706,306,542352,1,4896,-4.020043,1.376253,-0.75,Falling,False,0,-2.74928,0
1789904143706,306,542352,1,4896,-4.020043,1.376253,-0.75,Falling,False,0,-2.74928,0
1789904143706,306,542352,1,4896,-4.020043,1.376253,-0.75,Falling,False,0,-2.74928,0
1789904143707,306,542352,1,4896,-4.020043,1.376253,-0.75,Falling,False,0,-2.74928,0
1789904143707,306,542352,1,4896,-4.020043,1.376253,-0.75,Falling,False,0,-2.74928,0
1789904143707,306,542352,1,4896,-4.020043,1.376253,-0.75,Falling,False,0,-2.74928,0
1789904143707,306,542352,1,4896,-4.020043,1.376253,-0.75,Falling,False,0,-2.74928,0
1789904143722,307,543834,1,4912,-4.020043,1.329754,-0.75,Falling,False,0,-2.90624,0
1789904143722,307,543834,1,4912,-4.020043,1.329754,-0.75,Falling,False,0,-2.90624,0
1789904143722,307,543834,1,4912,-4.020043,1.329754,-0.75,Falling,False,0,-2.90624,0
1789904143722,307,543834,1,4912,-4.020043,1.329754,-0.75,Falling,False,0,-2.90624,0
1789904143722,307,543834,1,4912,-4.020043,1.329754,-0.75,Falling,False,0,-2.90624,0
1789904143722,307,543834,1,4912,-4.020043,1.329754,-0.75,Falling,False,0,-2.90624,0
1789904143722,307,543834,1,4912,-4.020043,1.329754,-0.75,Falling,False,0,-2.90624,0
1789904143722,307,543834,1,4912,-4.020043,1.329754,-0.75,Falling,False,0,-2.90624,0
1789904143738,308,545343,1,4928,-4.020043,1.280742,-0.75,Falling,False,0,-3.0632,0
1789904143738,308,545343,1,4928,-4.020043,1.280742,-0.75,Falling,False,0,-3.0632,0
1789904143738,308,545343,1,4928,-4.020043,1.280742,-0.75,Falling,False,0,-3.0632,0
1789904143738,308,545343,1,4928,-4.020043,1.280742,-0.75,Falling,False,0,-3.0632,0
1789904143738,308,545343,1,4928,-4.020043,1.280742,-0.75,Falling,False,0,-3.0632,0
1789904143738,308,545343,1,4928,-4.020043,1.280742,-0.75,Falling,False,0,-3.0632,0
1789904143738,308,545343,1,4928,-4.020043,1.280742,-0.75,Falling,False,0,-3.0632,0
1789904143738,308,545343,1,4928,-4.020043,1.280742,-0.75,Falling,False,0,-3.0632,0
1789904143753,309,546785,1,4944,-4.020043,1.22922,-0.75,Falling,False,0,-3.22016,0
1789904143753,309,546785,1,4944,-4.020043,1.22922,-0.75,Falling,False,0,-3.22016,0
1789904143753,309,546785,1,4944,-4.020043,1.22922,-0.75,Falling,False,0,-3.22016,0
1789904143753,309,546785,1,4944,-4.020043,1.22922,-0.75,Falling,False,0,-3.22016,0
1789904143753,309,546785,1,4944,-4.020043,1.22922,-0.75,Falling,False,0,-3.22016,0
1789904143753,309,546785,1,4944,-4.020043,1.22922,-0.75,Falling,False,0,-3.22016,0
1789904143753,309,546785,1,4944,-4.020043,1.22922,-0.75,Falling,False,0,-3.22016,0
1789904143753,309,546785,1,4944,-4.020043,1.22922,-0.75,Falling,False,0,-3.22016,0
1789904143769,310,548293,1,4960,-4.020043,1.175186,-0.75,Falling,False,0,-3.37712,0
1789904143769,310,548293,1,4960,-4.020043,1.175186,-0.75,Falling,False,0,-3.37712,0
1789904143769,310,548293,1,4960,-4.020043,1.175186,-0.75,Falling,False,0,-3.37712,0
1789904143769,310,548293,1,4960,-4.020043,1.175186,-0.75,Falling,False,0,-3.37712,0
1789904143769,310,548293,1,4960,-4.020043,1.175186,-0.75,Falling,False,0,-3.37712,0
1789904143769,310,548293,1,4960,-4.020043,1.175186,-0.75,Falling,False,0,-3.37712,0
1789904143769,310,548293,1,4960,-4.020043,1.175186,-0.75,Falling,False,0,-3.37712,0
1789904143769,310,548293,1,4960,-4.020043,1.175186,-0.75,Falling,False,0,-3.37712,0
1789904143785,311,549848,1,4976,-4.020043,1.118641,-0.75,Falling,False,0,-3.534081,0
1789904143785,311,549848,1,4976,-4.020043,1.118641,-0.75,Falling,False,0,-3.534081,0
1789904143785,311,549848,1,4976,-4.020043,1.118641,-0.75,Falling,False,0,-3.534081,0
1789904143785,311,549848,1,4976,-4.020043,1.118641,-0.75,Falling,False,0,-3.534081,0
1789904143785,311,549848,1,4976,-4.020043,1.118641,-0.75,Falling,False,0,-3.534081,0
1789904143785,311,549848,1,4976,-4.020043,1.118641,-0.75,Falling,False,0,-3.534081,0
1789904143785,311,549848,1,4976,-4.020043,1.118641,-0.75,Falling,False,0,-3.534081,0
1789904143785,311,549848,1,4976,-4.020043,1.118641,-0.75,Falling,False,0,-3.534081,0
1789904143817,312,551394,1,4992,-4.020043,1.059584,-0.75,Falling,False,0,-3.691041,0
1789904143817,312,551394,1,4992,-4.020043,1.059584,-0.75,Falling,False,0,-3.691041,0
1789904143817,312,551394,1,4992,-4.020043,1.059584,-0.75,Falling,False,0,-3.691041,0
1789904143817,312,551394,1,4992,-4.020043,1.059584,-0.75,Falling,False,0,-3.691041,0
1789904143817,312,551394,1,4992,-4.020043,1.059584,-0.75,Falling,False,0,-3.691041,0
1789904143817,312,551394,1,4992,-4.020043,1.059584,-0.75,Falling,False,0,-3.691041,0
1789904143817,312,551394,1,4992,-4.020043,1.059584,-0.75,Falling,False,0,-3.691041,0
1789904143817,312,551394,1,4992,-4.020043,1.059584,-0.75,Falling,False,0,-3.691041,0
1789904143847,314,554324,1,5024,-4.020043,1,-0.75,Walking,True,0,0,0
1789904143847,314,554324,1,5024,-4.020043,1,-0.75,Walking,True,0,0,0
1789904143847,314,554324,1,5024,-4.020043,1,-0.75,Walking,True,0,0,0
1789904143847,314,554324,1,5024,-4.020043,1,-0.75,Walking,True,0,0,0
1789904143847,314,554324,1,5024,-4.020043,1,-0.75,Walking,True,0,0,0
1789904143847,314,554324,1,5024,-4.020043,1,-0.75,Walking,True,0,0,0
1789904143847,314,554324,1,5024,-4.020043,1,-0.75,Walking,True,0,0,0
1789904143847,314,554324,1,5024,-4.020043,1,-0.75,Walking,True,0,0,0
1789904143863,315,556541,1,5040,-4.020043,1,-0.75,Walking,True,0,0,0
1789904143863,315,556541,1,5040,-4.020043,1,-0.75,Walking,True,0,0,0
1789904143863,315,556541,1,5040,-4.020043,1,-0.75,Walking,True,0,0,0
1789904143863,315,556541,1,5040,-4.020043,1,-0.75,Walking,True,0,0,0
1789904143863,315,556541,1,5040,-4.020043,1,-0.75,Walking,True,0,0,0
1789904143863,315,556541,1,5040,-4.020043,1,-0.75,Walking,True,0,0,0
1789904143863,315,556541,1,5040,-4.020043,1,-0.75,Walking,True,0,0,0
1789904143863,315,556541,1,5040,-4.020043,1,-0.75,Walking,True,0,0,0
1789904143878,316,557836,1,5056,-4.020043,1,-0.75,Walking,True,0,0,0
1789904143878,316,557836,1,5056,-4.020043,1,-0.75,Walking,True,0,0,0
1789904143879,316,557836,1,5056,-4.020043,1,-0.75,Walking,True,0,0,0
1789904143879,316,557836,1,5056,-4.020043,1,-0.75,Walking,True,0,0,0
1789904143879,316,557836,1,5056,-4.020043,1,-0.75,Walking,True,0,0,0
1789904143879,316,557836,1,5056,-4.020043,1,-0.75,Walking,True,0,0,0
1789904143879,316,557836,1,5056,-4.020043,1,-0.75,Walking,True,0,0,0
1789904143879,316,557836,1,5056,-4.020043,1,-0.75,Walking,True,0,0,0
1789904143893,317,559075,1,5072,-4.020043,1,-0.75,Walking,True,0,0,0
1789904143893,317,559075,1,5072,-4.020043,1,-0.75,Walking,True,0,0,0
1789904143893,317,559075,1,5072,-4.020043,1,-0.75,Walking,True,0,0,0
1789904143893,317,559075,1,5072,-4.020043,1,-0.75,Walking,True,0,0,0
1789904143893,317,559075,1,5072,-4.020043,1,-0.75,Walking,True,0,0,0
1789904143893,317,559075,1,5072,-4.020043,1,-0.75,Walking,True,0,0,0
1789904143893,317,559075,1,5072,-4.020043,1,-0.75,Walking,True,0,0,0
1789904143893,317,559075,1,5072,-4.020043,1,-0.75,Walking,True,0,0,0
1789904143909,318,560427,1,5088,-4.020043,1,-0.75,Walking,True,0,0,0
1789904143909,318,560427,1,5088,-4.020043,1,-0.75,Walking,True,0,0,0
1789904143909,318,560427,1,5088,-4.020043,1,-0.75,Walking,True,0,0,0
1789904143909,318,560427,1,5088,-4.020043,1,-0.75,Walking,True,0,0,0
1789904143909,318,560427,1,5088,-4.020043,1,-0.75,Walking,True,0,0,0
1789904143909,318,560427,1,5088,-4.020043,1,-0.75,Walking,True,0,0,0
1789904143909,318,560427,1,5088,-4.020043,1,-0.75,Walking,True,0,0,0
1789904143909,318,560427,1,5088,-4.020043,1,-0.75,Walking,True,0,0,0
1789904143924,319,561888,1,5104,-4.020043,1,-0.75,Walking,True,0,0,0
1789904143924,319,561888,1,5104,-4.020043,1,-0.75,Walking,True,0,0,0
1789904143924,319,561888,1,5104,-4.020043,1,-0.75,Walking,True,0,0,0
1789904143924,319,561888,1,5104,-4.020043,1,-0.75,Walking,True,0,0,0
1789904143924,319,561888,1,5104,-4.020043,1,-0.75,Walking,True,0,0,0
1789904143924,319,561888,1,5104,-4.020043,1,-0.75,Walking,True,0,0,0
1789904143924,319,561888,1,5104,-4.020043,1,-0.75,Walking,True,0,0,0
1789904143924,319,561888,1,5104,-4.020043,1,-0.75,Walking,True,0,0,0
1789904143940,320,563022,1,5120,-4.020043,1,-0.75,Walking,True,0,0,0
1789904143940,320,563022,1,5120,-4.020043,1,-0.75,Walking,True,0,0,0
1789904143940,320,563022,1,5120,-4.020043,1,-0.75,Walking,True,0,0,0
1789904143940,320,563022,1,5120,-4.020043,1,-0.75,Walking,True,0,0,0
1789904143940,320,563022,1,5120,-4.020043,1,-0.75,Walking,True,0,0,0
1789904143940,320,563022,1,5120,-4.020043,1,-0.75,Walking,True,0,0,0
1789904143940,320,563022,1,5120,-4.020043,1,-0.75,Walking,True,0,0,0
1789904143940,320,563022,1,5120,-4.020043,1,-0.75,Walking,True,0,0,0
1789904143955,321,564209,1,5136,-4.020043,1,-0.75,Walking,True,0,0,0
1789904143955,321,564209,1,5136,-4.020043,1,-0.75,Walking,True,0,0,0
1789904143955,321,564209,1,5136,-4.020043,1,-0.75,Walking,True,0,0,0
1789904143955,321,564209,1,5136,-4.020043,1,-0.75,Walking,True,0,0,0
1789904143955,321,564209,1,5136,-4.020043,1,-0.75,Walking,True,0,0,0
1789904143955,321,564209,1,5136,-4.020043,1,-0.75,Walking,True,0,0,0
1789904143955,321,564209,1,5136,-4.020043,1,-0.75,Walking,True,0,0,0
1789904143955,321,564209,1,5136,-4.020043,1,-0.75,Walking,True,0,0,0
1789904143971,322,565363,1,5152,-4.020043,1,-0.75,Walking,True,0,0,0
1789904143971,322,565363,1,5152,-4.020043,1,-0.75,Walking,True,0,0,0
1789904143971,322,565363,1,5152,-4.020043,1,-0.75,Walking,True,0,0,0
1789904143971,322,565363,1,5152,-4.020043,1,-0.75,Walking,True,0,0,0
1789904143971,322,565363,1,5152,-4.020043,1,-0.75,Walking,True,0,0,0
1789904143971,322,565363,1,5152,-4.020043,1,-0.75,Walking,True,0,0,0
1789904143971,322,565363,1,5152,-4.020043,1,-0.75,Walking,True,0,0,0
1789904143971,322,565363,1,5152,-4.020043,1,-0.75,Walking,True,0,0,0
1789904143986,323,566535,1,5168,-4.020043,1,-0.75,Walking,True,0,0,0
1789904143986,323,566535,1,5168,-4.020043,1,-0.75,Walking,True,0,0,0
1789904143986,323,566535,1,5168,-4.020043,1,-0.75,Walking,True,0,0,0
1789904143986,323,566535,1,5168,-4.020043,1,-0.75,Walking,True,0,0,0
1789904143986,323,566535,1,5168,-4.020043,1,-0.75,Walking,True,0,0,0
1789904143986,323,566535,1,5168,-4.020043,1,-0.75,Walking,True,0,0,0
1789904143986,323,566535,1,5168,-4.020043,1,-0.75,Walking,True,0,0,0
1789904143986,323,566535,1,5168,-4.020043,1,-0.75,Walking,True,0,0,0
1789904144001,324,567769,1,5184,-4.020043,1,-0.75,Walking,True,0,0,0
1789904144001,324,567769,1,5184,-4.020043,1,-0.75,Walking,True,0,0,0
1789904144001,324,567769,1,5184,-4.020043,1,-0.75,Walking,True,0,0,0
1789904144001,324,567769,1,5184,-4.020043,1,-0.75,Walking,True,0,0,0
1789904144001,324,567769,1,5184,-4.020043,1,-0.75,Walking,True,0,0,0
1789904144001,324,567769,1,5184,-4.020043,1,-0.75,Walking,True,0,0,0
1789904144001,324,567769,1,5184,-4.020043,1,-0.75,Walking,True,0,0,0
1789904144001,324,567769,1,5184,-4.020043,1,-0.75,Walking,True,0,0,0
1789904144016,325,568973,1,5200,-4.020043,1,-0.75,Walking,True,0,0,0
1789904144016,325,568973,1,5200,-4.020043,1,-0.75,Walking,True,0,0,0
1789904144016,325,568973,1,5200,-4.020043,1,-0.75,Walking,True,0,0,0
1789904144016,325,568973,1,5200,-4.020043,1,-0.75,Walking,True,0,0,0
1789904144016,325,568973,1,5200,-4.020043,1,-0.75,Walking,True,0,0,0
1789904144016,325,568973,1,5200,-4.020043,1,-0.75,Walking,True,0,0,0
1789904144016,325,568973,1,5200,-4.020043,1,-0.75,Walking,True,0,0,0
1789904144016,325,568973,1,5200,-4.020043,1,-0.75,Walking,True,0,0,0
1789904144031,326,570117,1,5216,-4.020043,1,-0.75,Walking,True,0,0,0
1789904144031,326,570117,1,5216,-4.020043,1,-0.75,Walking,True,0,0,0
1789904144031,326,570117,1,5216,-4.020043,1,-0.75,Walking,True,0,0,0
1789904144031,326,570117,1,5216,-4.020043,1,-0.75,Walking,True,0,0,0
1789904144031,326,570117,1,5216,-4.020043,1,-0.75,Walking,True,0,0,0
1789904144031,326,570117,1,5216,-4.020043,1,-0.75,Walking,True,0,0,0
1789904144031,326,570117,1,5216,-4.020043,1,-0.75,Walking,True,0,0,0
1789904144031,326,570117,1,5216,-4.020043,1,-0.75,Walking,True,0,0,0
1789904144046,327,571276,1,5232,-4.020043,1,-0.75,Walking,True,0,0,0
1789904144046,327,571276,1,5232,-4.020043,1,-0.75,Walking,True,0,0,0
1789904144046,327,571276,1,5232,-4.020043,1,-0.75,Walking,True,0,0,0
1789904144046,327,571276,1,5232,-4.020043,1,-0.75,Walking,True,0,0,0
1789904144046,327,571276,1,5232,-4.020043,1,-0.75,Walking,True,0,0,0
1789904144046,327,571276,1,5232,-4.020043,1,-0.75,Walking,True,0,0,0
1789904144046,327,571276,1,5232,-4.020043,1,-0.75,Walking,True,0,0,0
1789904144046,327,571276,1,5232,-4.020043,1,-0.75,Walking,True,0,0,0
1789904144062,328,572450,1,5248,-4.020043,1,-0.75,Walking,True,0,0,0
1789904144062,328,572450,1,5248,-4.020043,1,-0.75,Walking,True,0,0,0
1789904144062,328,572450,1,5248,-4.020043,1,-0.75,Walking,True,0,0,0
1789904144062,328,572450,1,5248,-4.020043,1,-0.75,Walking,True,0,0,0
1789904144062,328,572450,1,5248,-4.020043,1,-0.75,Walking,True,0,0,0
1789904144062,328,572450,1,5248,-4.020043,1,-0.75,Walking,True,0,0,0
1789904144062,328,572450,1,5248,-4.020043,1,-0.75,Walking,True,0,0,0
1789904144062,328,572450,1,5248,-4.020043,1,-0.75,Walking,True,0,0,0
1789904144077,329,573605,1,5264,-4.020043,1,-0.75,Walking,True,0,0,0
1789904144077,329,573605,1,5264,-4.020043,1,-0.75,Walking,True,0,0,0
1789904144077,329,573605,1,5264,-4.020043,1,-0.75,Walking,True,0,0,0
1789904144077,329,573605,1,5264,-4.020043,1,-0.75,Walking,True,0,0,0
1789904144077,329,573605,1,5264,-4.020043,1,-0.75,Walking,True,0,0,0
1789904144077,329,573605,1,5264,-4.020043,1,-0.75,Walking,True,0,0,0
1789904144077,329,573605,1,5264,-4.020043,1,-0.75,Walking,True,0,0,0
1789904144077,329,573605,1,5264,-4.020043,1,-0.75,Walking,True,0,0,0
1789904144093,330,574740,1,5280,-4.020043,1,-0.75,Walking,True,0,0,0
1789904144093,330,574740,1,5280,-4.020043,1,-0.75,Walking,True,0,0,0
1789904144093,330,574740,1,5280,-4.020043,1,-0.75,Walking,True,0,0,0
1789904144093,330,574740,1,5280,-4.020043,1,-0.75,Walking,True,0,0,0
1789904144093,330,574740,1,5280,-4.020043,1,-0.75,Walking,True,0,0,0
1789904144093,330,574740,1,5280,-4.020043,1,-0.75,Walking,True,0,0,0
1789904144093,330,574740,1,5280,-4.020043,1,-0.75,Walking,True,0,0,0
1789904144093,330,574740,1,5280,-4.020043,1,-0.75,Walking,True,0,0,0
1789904144109,331,576069,1,5296,-4.020043,1,-0.75,Walking,True,0,0,0
1789904144109,331,576069,1,5296,-4.020043,1,-0.75,Walking,True,0,0,0
1789904144109,331,576069,1,5296,-4.020043,1,-0.75,Walking,True,0,0,0
1789904144109,331,576069,1,5296,-4.020043,1,-0.75,Walking,True,0,0,0
1789904144109,331,576069,1,5296,-4.020043,1,-0.75,Walking,True,0,0,0
1789904144109,331,576069,1,5296,-4.020043,1,-0.75,Walking,True,0,0,0
1789904144109,331,576069,1,5296,-4.020043,1,-0.75,Walking,True,0,0,0
1789904144109,331,576069,1,5296,-4.020043,1,-0.75,Walking,True,0,0,0
1789904144125,332,577230,1,5312,-4.020043,1,-0.75,Walking,True,0,0,0
1789904144125,332,577230,1,5312,-4.020043,1,-0.75,Walking,True,0,0,0
1789904144125,332,577230,1,5312,-4.020043,1,-0.75,Walking,True,0,0,0
1789904144125,332,577230,1,5312,-4.020043,1,-0.75,Walking,True,0,0,0
1789904144125,332,577230,1,5312,-4.020043,1,-0.75,Walking,True,0,0,0
1789904144125,332,577230,1,5312,-4.020043,1,-0.75,Walking,True,0,0,0
1789904144125,332,577230,1,5312,-4.020043,1,-0.75,Walking,True,0,0,0
1789904144125,332,577230,1,5312,-4.020043,1,-0.75,Walking,True,0,0,0
1789904144140,333,578357,1,5328,-4.020043,1,-0.75,Walking,True,0,0,0
1789904144140,333,578357,1,5328,-4.020043,1,-0.75,Walking,True,0,0,0
1789904144140,333,578357,1,5328,-4.020043,1,-0.75,Walking,True,0,0,0
1789904144140,333,578357,1,5328,-4.020043,1,-0.75,Walking,True,0,0,0
1789904144140,333,578357,1,5328,-4.020043,1,-0.75,Walking,True,0,0,0
1789904144140,333,578357,1,5328,-4.020043,1,-0.75,Walking,True,0,0,0
1789904144140,333,578357,1,5328,-4.020043,1,-0.75,Walking,True,0,0,0
1789904144140,333,578357,1,5328,-4.020043,1,-0.75,Walking,True,0,0,0
1789904144156,334,579571,1,5344,-4.020043,1,-0.75,Walking,True,0,0,0
1789904144156,334,579571,1,5344,-4.020043,1,-0.75,Walking,True,0,0,0
1789904144156,334,579571,1,5344,-4.020043,1,-0.75,Walking,True,0,0,0
1789904144156,334,579571,1,5344,-4.020043,1,-0.75,Walking,True,0,0,0
1789904144156,334,579571,1,5344,-4.020043,1,-0.75,Walking,True,0,0,0
1789904144156,334,579571,1,5344,-4.020043,1,-0.75,Walking,True,0,0,0
1789904144156,334,579571,1,5344,-4.020043,1,-0.75,Walking,True,0,0,0
1789904144156,334,579571,1,5344,-4.020043,1,-0.75,Walking,True,0,0,0
1789904144171,335,580731,1,5360,-4.020043,1,-0.75,Walking,True,0,0,0
1789904144172,335,580731,1,5360,-4.020043,1,-0.75,Walking,True,0,0,0
1789904144172,335,580731,1,5360,-4.020043,1,-0.75,Walking,True,0,0,0
1789904144172,335,580731,1,5360,-4.020043,1,-0.75,Walking,True,0,0,0
1789904144172,335,580731,1,5360,-4.020043,1,-0.75,Walking,True,0,0,0
1789904144172,335,580731,1,5360,-4.020043,1,-0.75,Walking,True,0,0,0
1789904144172,335,580731,1,5360,-4.020043,1,-0.75,Walking,True,0,0,0
1789904144172,335,580731,1,5360,-4.020043,1,-0.75,Walking,True,0,0,0
1789904144187,336,581971,1,5376,-4.020043,1,-0.75,Walking,True,0,0,0
1789904144187,336,581971,1,5376,-4.020043,1,-0.75,Walking,True,0,0,0
1789904144187,336,581971,1,5376,-4.020043,1,-0.75,Walking,True,0,0,0
1789904144187,336,581971,1,5376,-4.020043,1,-0.75,Walking,True,0,0,0
1789904144187,336,581971,1,5376,-4.020043,1,-0.75,Walking,True,0,0,0
1789904144187,336,581971,1,5376,-4.020043,1,-0.75,Walking,True,0,0,0
1789904144187,336,581971,1,5376,-4.020043,1,-0.75,Walking,True,0,0,0
1789904144187,336,581971,1,5376,-4.020043,1,-0.75,Walking,True,0,0,0
1789904144203,337,583214,1,5392,-4.020043,1,-0.75,Walking,True,0,0,0
1789904144203,337,583214,1,5392,-4.020043,1,-0.75,Walking,True,0,0,0
1789904144203,337,583214,1,5392,-4.020043,1,-0.75,Walking,True,0,0,0
1789904144203,337,583214,1,5392,-4.020043,1,-0.75,Walking,True,0,0,0
1789904144203,337,583214,1,5392,-4.020043,1,-0.75,Walking,True,0,0,0
1789904144203,337,583214,1,5392,-4.020043,1,-0.75,Walking,True,0,0,0
1789904144203,337,583214,1,5392,-4.020043,1,-0.75,Walking,True,0,0,0
1789904144203,337,583214,1,5392,-4.020043,1,-0.75,Walking,True,0,0,0
1789904144217,338,584429,1,5408,-4.020043,1,-0.75,Walking,True,0,0,0
1789904144217,338,584429,1,5408,-4.020043,1,-0.75,Walking,True,0,0,0
1789904144217,338,584429,1,5408,-4.020043,1,-0.75,Walking,True,0,0,0
1789904144217,338,584429,1,5408,-4.020043,1,-0.75,Walking,True,0,0,0
1789904144217,338,584429,1,5408,-4.020043,1,-0.75,Walking,True,0,0,0
1789904144217,338,584429,1,5408,-4.020043,1,-0.75,Walking,True,0,0,0
1789904144217,338,584429,1,5408,-4.020043,1,-0.75,Walking,True,0,0,0
1789904144217,338,584429,1,5408,-4.020043,1,-0.75,Walking,True,0,0,0
1789904144233,339,585591,1,5424,-4.020043,1,-0.75,Walking,True,0,0,0
1789904144233,339,585591,1,5424,-4.020043,1,-0.75,Walking,True,0,0,0
1789904144233,339,585591,1,5424,-4.020043,1,-0.75,Walking,True,0,0,0
1789904144233,339,585591,1,5424,-4.020043,1,-0.75,Walking,True,0,0,0
1789904144233,339,585591,1,5424,-4.020043,1,-0.75,Walking,True,0,0,0
1789904144233,339,585591,1,5424,-4.020043,1,-0.75,Walking,True,0,0,0
1789904144233,339,585591,1,5424,-4.020043,1,-0.75,Walking,True,0,0,0
1789904144233,339,585591,1,5424,-4.020043,1,-0.75,Walking,True,0,0,0
1789904144248,340,586817,1,5440,-4.020043,1,-0.75,Walking,True,0,0,0
1789904144248,340,586817,1,5440,-4.020043,1,-0.75,Walking,True,0,0,0
1789904144248,340,586817,1,5440,-4.020043,1,-0.75,Walking,True,0,0,0
1789904144248,340,586817,1,5440,-4.020043,1,-0.75,Walking,True,0,0,0
1789904144248,340,586817,1,5440,-4.020043,1,-0.75,Walking,True,0,0,0
1789904144248,340,586817,1,5440,-4.020043,1,-0.75,Walking,True,0,0,0
1789904144248,340,586817,1,5440,-4.020043,1,-0.75,Walking,True,0,0,0
1789904144248,340,586817,1,5440,-4.020043,1,-0.75,Walking,True,0,0,0
1789904144264,341,587991,1,5456,-4.020043,1,-0.75,Walking,True,0,0,0
1789904144264,341,587991,1,5456,-4.020043,1,-0.75,Walking,True,0,0,0
1789904144264,341,587991,1,5456,-4.020043,1,-0.75,Walking,True,0,0,0
1789904144264,341,587991,1,5456,-4.020043,1,-0.75,Walking,True,0,0,0
1789904144264,341,587991,1,5456,-4.020043,1,-0.75,Walking,True,0,0,0
1789904144264,341,587991,1,5456,-4.020043,1,-0.75,Walking,True,0,0,0
1789904144264,341,587991,1,5456,-4.020043,1,-0.75,Walking,True,0,0,0
1789904144264,341,587991,1,5456,-4.020043,1,-0.75,Walking,True,0,0,0
1789904144296,342,589268,1,5472,-4.020043,1,-0.75,Walking,True,0,0,0
1789904144296,342,589268,1,5472,-4.020043,1,-0.75,Walking,True,0,0,0
1789904144296,342,589268,1,5472,-4.020043,1,-0.75,Walking,True,0,0,0
1789904144296,342,589268,1,5472,-4.020043,1,-0.75,Walking,True,0,0,0
1789904144296,342,589268,1,5472,-4.020043,1,-0.75,Walking,True,0,0,0
1789904144296,342,589268,1,5472,-4.020043,1,-0.75,Walking,True,0,0,0
1789904144296,342,589268,1,5472,-4.020043,1,-0.75,Walking,True,0,0,0
1789904144296,342,589268,1,5472,-4.020043,1,-0.75,Walking,True,0,0,0
1789904144326,343,591765,1,5488,-4.020043,1,-0.75,Walking,True,0,0,0
1789904144326,344,591766,1,5504,-4.020043,1,-0.75,Walking,True,0,0,0
1789904144326,344,591766,1,5504,-4.020043,1,-0.75,Walking,True,0,0,0
1789904144326,344,591766,1,5504,-4.020043,1,-0.75,Walking,True,0,0,0
1789904144326,344,591766,1,5504,-4.020043,1,-0.75,Walking,True,0,0,0
1789904144326,344,591766,1,5504,-4.020043,1,-0.75,Walking,True,0,0,0
1789904144326,344,591766,1,5504,-4.020043,1,-0.75,Walking,True,0,0,0
1789904144326,344,591766,1,5504,-4.020043,1,-0.75,Walking,True,0,0,0
1789904144341,345,594110,1,5520,-4.020043,1,-0.75,Walking,True,0,0,0
1789904144341,345,594110,1,5520,-4.020043,1,-0.75,Walking,True,0,0,0
1789904144341,345,594110,1,5520,-4.020043,1,-0.75,Walking,True,0,0,0
1789904144341,345,594110,1,5520,-4.020043,1,-0.75,Walking,True,0,0,0
1789904144341,345,594110,1,5520,-4.020043,1,-0.75,Walking,True,0,0,0
1789904144341,345,594110,1,5520,-4.020043,1,-0.75,Walking,True,0,0,0
1789904144341,345,594110,1,5520,-4.020043,1,-0.75,Walking,True,0,0,0
1789904144341,345,594110,1,5520,-4.020043,1,-0.75,Walking,True,0,0,0
1789904144357,346,595285,1,5536,-4.020043,1,-0.75,Walking,True,0,0,0
1789904144357,346,595285,1,5536,-4.020043,1,-0.75,Walking,True,0,0,0
1789904144357,346,595285,1,5536,-4.020043,1,-0.75,Walking,True,0,0,0
1789904144357,346,595285,1,5536,-4.020043,1,-0.75,Walking,True,0,0,0
1789904144357,346,595285,1,5536,-4.020043,1,-0.75,Walking,True,0,0,0
1789904144357,346,595285,1,5536,-4.020043,1,-0.75,Walking,True,0,0,0
1789904144357,346,595285,1,5536,-4.020043,1,-0.75,Walking,True,0,0,0
1789904144357,346,595285,1,5536,-4.020043,1,-0.75,Walking,True,0,0,0
1789904144373,347,596445,1,5552,-4.020043,1,-0.75,Walking,True,0,0,0
1789904144373,347,596445,1,5552,-4.020043,1,-0.75,Walking,True,0,0,0
1789904144373,347,596445,1,5552,-4.020043,1,-0.75,Walking,True,0,0,0
1789904144373,347,596445,1,5552,-4.020043,1,-0.75,Walking,True,0,0,0
1789904144373,347,596445,1,5552,-4.020043,1,-0.75,Walking,True,0,0,0
1789904144373,347,596445,1,5552,-4.020043,1,-0.75,Walking,True,0,0,0
1789904144373,347,596445,1,5552,-4.020043,1,-0.75,Walking,True,0,0,0
1789904144373,347,596445,1,5552,-4.020043,1,-0.75,Walking,True,0,0,0
1789904144389,348,597924,1,5568,-4.020043,1,-0.75,Walking,True,0,0,0
1789904144389,348,597924,1,5568,-4.020043,1,-0.75,Walking,True,0,0,0
1789904144389,348,597924,1,5568,-4.020043,1,-0.75,Walking,True,0,0,0
1789904144389,348,597924,1,5568,-4.020043,1,-0.75,Walking,True,0,0,0
1789904144389,348,597924,1,5568,-4.020043,1,-0.75,Walking,True,0,0,0
1789904144389,348,597924,1,5568,-4.020043,1,-0.75,Walking,True,0,0,0
1789904144389,348,597924,1,5568,-4.020043,1,-0.75,Walking,True,0,0,0
1789904144389,348,597924,1,5568,-4.020043,1,-0.75,Walking,True,0,0,0
1789904144405,349,599335,1,5584,-4.020043,1,-0.75,Walking,True,0,0,0
1789904144405,349,599335,1,5584,-4.020043,1,-0.75,Walking,True,0,0,0
1789904144405,349,599335,1,5584,-4.020043,1,-0.75,Walking,True,0,0,0
1789904144405,349,599335,1,5584,-4.020043,1,-0.75,Walking,True,0,0,0
1789904144405,349,599335,1,5584,-4.020043,1,-0.75,Walking,True,0,0,0
1789904144405,349,599335,1,5584,-4.020043,1,-0.75,Walking,True,0,0,0
1789904144405,349,599335,1,5584,-4.020043,1,-0.75,Walking,True,0,0,0
1789904144405,349,599335,1,5584,-4.020043,1,-0.75,Walking,True,0,0,0
1789904144420,350,600658,1,5600,-4.020043,1,-0.75,Walking,True,0,0,0
1789904144420,350,600658,1,5600,-4.020043,1,-0.75,Walking,True,0,0,0
1789904144420,350,600658,1,5600,-4.020043,1,-0.75,Walking,True,0,0,0
1789904144420,350,600658,1,5600,-4.020043,1,-0.75,Walking,True,0,0,0
1789904144420,350,600658,1,5600,-4.020043,1,-0.75,Walking,True,0,0,0
1789904144420,350,600658,1,5600,-4.020043,1,-0.75,Walking,True,0,0,0
1789904144420,350,600658,1,5600,-4.020043,1,-0.75,Walking,True,0,0,0
1789904144420,350,600658,1,5600,-4.020043,1,-0.75,Walking,True,0,0,0
1789904144435,351,601854,1,5616,-4.020043,1,-0.75,Walking,True,0,0,0
1789904144435,351,601854,1,5616,-4.020043,1,-0.75,Walking,True,0,0,0
1789904144435,351,601854,1,5616,-4.020043,1,-0.75,Walking,True,0,0,0
1789904144435,351,601854,1,5616,-4.020043,1,-0.75,Walking,True,0,0,0
1789904144435,351,601854,1,5616,-4.020043,1,-0.75,Walking,True,0,0,0
1789904144435,351,601854,1,5616,-4.020043,1,-0.75,Walking,True,0,0,0
1789904144435,351,601854,1,5616,-4.020043,1,-0.75,Walking,True,0,0,0
1789904144435,351,601854,1,5616,-4.020043,1,-0.75,Walking,True,0,0,0
1789904144451,352,603147,1,5632,-4.020043,1,-0.75,Walking,True,0,0,0
1789904144451,352,603147,1,5632,-4.020043,1,-0.75,Walking,True,0,0,0
1789904144451,352,603147,1,5632,-4.020043,1,-0.75,Walking,True,0,0,0
1789904144451,352,603147,1,5632,-4.020043,1,-0.75,Walking,True,0,0,0
1789904144451,352,603147,1,5632,-4.020043,1,-0.75,Walking,True,0,0,0
1789904144451,352,603147,1,5632,-4.020043,1,-0.75,Walking,True,0,0,0
1789904144451,352,603147,1,5632,-4.020043,1,-0.75,Walking,True,0,0,0
1789904144451,352,603147,1,5632,-4.020043,1,-0.75,Walking,True,0,0,0
1789904144466,353,604442,1,5648,-4.020043,1,-0.75,Walking,True,0,0,0
1789904144466,353,604442,1,5648,-4.020043,1,-0.75,Walking,True,0,0,0
1789904144466,353,604442,1,5648,-4.020043,1,-0.75,Walking,True,0,0,0
1789904144466,353,604442,1,5648,-4.020043,1,-0.75,Walking,True,0,0,0
1789904144466,353,604442,1,5648,-4.020043,1,-0.75,Walking,True,0,0,0
1789904144466,353,604442,1,5648,-4.020043,1,-0.75,Walking,True,0,0,0
1789904144466,353,604442,1,5648,-4.020043,1,-0.75,Walking,True,0,0,0
1789904144466,353,604442,1,5648,-4.020043,1,-0.75,Walking,True,0,0,0
1789904144481,354,605681,1,5664,-4.020043,1,-0.75,Walking,True,0,0,0
1789904144481,354,605681,1,5664,-4.020043,1,-0.75,Walking,True,0,0,0
1789904144481,354,605681,1,5664,-4.020043,1,-0.75,Walking,True,0,0,0
1789904144481,354,605681,1,5664,-4.020043,1,-0.75,Walking,True,0,0,0
1789904144481,354,605681,1,5664,-4.020043,1,-0.75,Walking,True,0,0,0
1789904144481,354,605681,1,5664,-4.020043,1,-0.75,Walking,True,0,0,0
1789904144481,354,605681,1,5664,-4.020043,1,-0.75,Walking,True,0,0,0
1789904144481,354,605681,1,5664,-4.020043,1,-0.75,Walking,True,0,0,0
1789904144497,355,606936,1,5680,-4.020043,1,-0.75,Walking,True,0,0,0
1789904144497,355,606936,1,5680,-4.020043,1,-0.75,Walking,True,0,0,0
1789904144497,355,606936,1,5680,-4.020043,1,-0.75,Walking,True,0,0,0
1789904144497,355,606936,1,5680,-4.020043,1,-0.75,Walking,True,0,0,0
1789904144497,355,606936,1,5680,-4.020043,1,-0.75,Walking,True,0,0,0
1789904144497,355,606936,1,5680,-4.020043,1,-0.75,Walking,True,0,0,0
1789904144497,355,606936,1,5680,-4.020043,1,-0.75,Walking,True,0,0,0
1789904144497,355,606936,1,5680,-4.020043,1,-0.75,Walking,True,0,0,0
1789904144512,356,608215,1,5696,-4.020043,1,-0.75,Walking,True,0,0,0
1789904144512,356,608215,1,5696,-4.020043,1,-0.75,Walking,True,0,0,0
1789904144512,356,608215,1,5696,-4.020043,1,-0.75,Walking,True,0,0,0
1789904144512,356,608215,1,5696,-4.020043,1,-0.75,Walking,True,0,0,0
1789904144512,356,608215,1,5696,-4.020043,1,-0.75,Walking,True,0,0,0
1789904144512,356,608215,1,5696,-4.020043,1,-0.75,Walking,True,0,0,0
1789904144512,356,608215,1,5696,-4.020043,1,-0.75,Walking,True,0,0,0
1789904144512,356,608215,1,5696,-4.020043,1,-0.75,Walking,True,0,0,0
1789904144527,357,609419,1,5712,-4.020043,1,-0.75,Walking,True,0,0,0
1789904144527,357,609419,1,5712,-4.020043,1,-0.75,Walking,True,0,0,0
1789904144527,357,609419,1,5712,-4.020043,1,-0.75,Walking,True,0,0,0
1789904144527,357,609419,1,5712,-4.020043,1,-0.75,Walking,True,0,0,0
1789904144527,357,609419,1,5712,-4.020043,1,-0.75,Walking,True,0,0,0
1789904144527,357,609419,1,5712,-4.020043,1,-0.75,Walking,True,0,0,0
1789904144527,357,609419,1,5712,-4.020043,1,-0.75,Walking,True,0,0,0
1789904144527,357,609419,1,5712,-4.020043,1,-0.75,Walking,True,0,0,0
1789904144918,358,659450,1,5728,-4.020043,1,-0.75,Walking,True,0,0,0
1789904144918,358,659450,1,5728,-4.020043,1,-0.75,Walking,True,0,0,0
1789904144918,358,659450,1,5728,-4.020043,1,-0.75,Walking,True,0,0,0
1789904144918,358,659450,1,5728,-4.020043,1,-0.75,Walking,True,0,0,0
1789904144918,358,659450,1,5728,-4.020043,1,-0.75,Walking,True,0,0,0
1789904144918,358,659450,1,5728,-4.020043,1,-0.75,Walking,True,0,0,0
1789904144918,358,659450,1,5728,-4.020043,1,-0.75,Walking,True,0,0,0
1789904144918,358,659450,1,5728,-4.020043,1,-0.75,Walking,True,0,0,0
1789904144934,359,662191,1,5744,-4.020043,1,-0.75,Walking,True,0,0,0
1789904144934,359,662191,1,5744,-4.020043,1,-0.75,Walking,True,0,0,0
1789904144934,359,662191,1,5744,-4.020043,1,-0.75,Walking,True,0,0,0
1789904144934,359,662191,1,5744,-4.020043,1,-0.75,Walking,True,0,0,0
1789904144934,359,662191,1,5744,-4.020043,1,-0.75,Walking,True,0,0,0
1789904144934,359,662191,1,5744,-4.020043,1,-0.75,Walking,True,0,0,0
1789904144934,359,662191,1,5744,-4.020043,1,-0.75,Walking,True,0,0,0
1789904144934,359,662191,1,5744,-4.020043,1,-0.75,Walking,True,0,0,0
1789904144948,360,663665,1,5760,-4.020043,1,-0.75,Walking,True,0,0,0
1789904144949,360,663665,1,5760,-4.020043,1,-0.75,Walking,True,0,0,0
1789904144949,360,663665,1,5760,-4.020043,1,-0.75,Walking,True,0,0,0
1789904144949,360,663665,1,5760,-4.020043,1,-0.75,Walking,True,0,0,0
1789904144949,360,663665,1,5760,-4.020043,1,-0.75,Walking,True,0,0,0
1789904144949,360,663665,1,5760,-4.020043,1,-0.75,Walking,True,0,0,0
1789904144949,360,663665,1,5760,-4.020043,1,-0.75,Walking,True,0,0,0
1789904144949,360,663665,1,5760,-4.020043,1,-0.75,Walking,True,0,0,0
1789904144965,361,664973,1,5776,-4.020043,1,-0.75,Walking,True,0,0,0
1789904144965,361,664973,1,5776,-4.020043,1,-0.75,Walking,True,0,0,0
1789904144965,361,664973,1,5776,-4.020043,1,-0.75,Walking,True,0,0,0
1789904144965,361,664973,1,5776,-4.020043,1,-0.75,Walking,True,0,0,0
1789904144965,361,664973,1,5776,-4.020043,1,-0.75,Walking,True,0,0,0
1789904144965,361,664973,1,5776,-4.020043,1,-0.75,Walking,True,0,0,0
1789904144965,361,664973,1,5776,-4.020043,1,-0.75,Walking,True,0,0,0
1789904144965,361,664973,1,5776,-4.020043,1,-0.75,Walking,True,0,0,0
1789904144979,362,666401,1,5792,-4.020043,1,-0.75,Walking,True,0,0,0
1789904144979,362,666401,1,5792,-4.020043,1,-0.75,Walking,True,0,0,0
1789904144979,362,666401,1,5792,-4.020043,1,-0.75,Walking,True,0,0,0
1789904144979,362,666401,1,5792,-4.020043,1,-0.75,Walking,True,0,0,0
1789904144979,362,666401,1,5792,-4.020043,1,-0.75,Walking,True,0,0,0
1789904144979,362,666401,1,5792,-4.020043,1,-0.75,Walking,True,0,0,0
1789904144979,362,666401,1,5792,-4.020043,1,-0.75,Walking,True,0,0,0
1789904144979,362,666401,1,5792,-4.020043,1,-0.75,Walking,True,0,0,0
1789904144995,363,667652,1,5808,-4.020043,1,-0.75,Walking,True,0,0,0
1789904144995,363,667652,1,5808,-4.020043,1,-0.75,Walking,True,0,0,0
1789904144995,363,667652,1,5808,-4.020043,1,-0.75,Walking,True,0,0,0
1789904144995,363,667652,1,5808,-4.020043,1,-0.75,Walking,True,0,0,0
1789904144995,363,667652,1,5808,-4.020043,1,-0.75,Walking,True,0,0,0
1789904144995,363,667652,1,5808,-4.020043,1,-0.75,Walking,True,0,0,0
1789904144995,363,667652,1,5808,-4.020043,1,-0.75,Walking,True,0,0,0
1789904144995,363,667652,1,5808,-4.020043,1,-0.75,Walking,True,0,0,0
1789904145012,364,669097,1,5824,-4.020043,1,-0.75,Walking,True,0,0,0
1789904145012,364,669097,1,5824,-4.020043,1,-0.75,Walking,True,0,0,0
1789904145012,364,669097,1,5824,-4.020043,1,-0.75,Walking,True,0,0,0
1789904145012,364,669097,1,5824,-4.020043,1,-0.75,Walking,True,0,0,0
1789904145012,364,669097,1,5824,-4.020043,1,-0.75,Walking,True,0,0,0
1789904145012,364,669097,1,5824,-4.020043,1,-0.75,Walking,True,0,0,0
1789904145012,364,669097,1,5824,-4.020043,1,-0.75,Walking,True,0,0,0
1789904145012,364,669097,1,5824,-4.020043,1,-0.75,Walking,True,0,0,0
1789904145028,365,670678,1,5840,-4.020043,1,-0.75,Walking,True,0,0,0
1789904145028,365,670678,1,5840,-4.020043,1,-0.75,Walking,True,0,0,0
1789904145028,365,670678,1,5840,-4.020043,1,-0.75,Walking,True,0,0,0
1789904145028,365,670678,1,5840,-4.020043,1,-0.75,Walking,True,0,0,0
1789904145028,365,670678,1,5840,-4.020043,1,-0.75,Walking,True,0,0,0
1789904145028,365,670678,1,5840,-4.020043,1,-0.75,Walking,True,0,0,0
1789904145028,365,670678,1,5840,-4.020043,1,-0.75,Walking,True,0,0,0
1789904145028,365,670678,1,5840,-4.020043,1,-0.75,Walking,True,0,0,0
1789904145044,366,672218,1,5856,-4.020043,1,-0.75,Walking,True,0,0,0
1789904145044,366,672218,1,5856,-4.020043,1,-0.75,Walking,True,0,0,0
1789904145044,366,672218,1,5856,-4.020043,1,-0.75,Walking,True,0,0,0
1789904145044,366,672218,1,5856,-4.020043,1,-0.75,Walking,True,0,0,0
1789904145044,366,672218,1,5856,-4.020043,1,-0.75,Walking,True,0,0,0
1789904145044,366,672218,1,5856,-4.020043,1,-0.75,Walking,True,0,0,0
1789904145044,366,672218,1,5856,-4.020043,1,-0.75,Walking,True,0,0,0
1789904145044,366,672218,1,5856,-4.020043,1,-0.75,Walking,True,0,0,0
1789904145059,367,673842,1,5872,-4.020043,1,-0.75,Walking,True,0,0,0
1789904145059,367,673842,1,5872,-4.020043,1,-0.75,Walking,True,0,0,0
1789904145059,367,673842,1,5872,-4.020043,1,-0.75,Walking,True,0,0,0
1789904145059,367,673842,1,5872,-4.020043,1,-0.75,Walking,True,0,0,0
1789904145059,367,673842,1,5872,-4.020043,1,-0.75,Walking,True,0,0,0
1789904145059,367,673842,1,5872,-4.020043,1,-0.75,Walking,True,0,0,0
1789904145059,367,673842,1,5872,-4.020043,1,-0.75,Walking,True,0,0,0
1789904145059,367,673842,1,5872,-4.020043,1,-0.75,Walking,True,0,0,0
1789904145074,368,675255,1,5888,-4.020043,1,-0.75,Walking,True,0,0,0
1789904145074,368,675255,1,5888,-4.020043,1,-0.75,Walking,True,0,0,0
1789904145074,368,675255,1,5888,-4.020043,1,-0.75,Walking,True,0,0,0
1789904145074,368,675255,1,5888,-4.020043,1,-0.75,Walking,True,0,0,0
1789904145074,368,675255,1,5888,-4.020043,1,-0.75,Walking,True,0,0,0
1789904145074,368,675255,1,5888,-4.020043,1,-0.75,Walking,True,0,0,0
1789904145074,368,675255,1,5888,-4.020043,1,-0.75,Walking,True,0,0,0
1789904145074,368,675255,1,5888,-4.020043,1,-0.75,Walking,True,0,0,0
1789904145090,369,676698,1,5904,-4.020043,1,-0.75,Walking,True,0,0,0
1789904145090,369,676698,1,5904,-4.020043,1,-0.75,Walking,True,0,0,0
1789904145090,369,676698,1,5904,-4.020043,1,-0.75,Walking,True,0,0,0
1789904145090,369,676698,1,5904,-4.020043,1,-0.75,Walking,True,0,0,0
1789904145090,369,676698,1,5904,-4.020043,1,-0.75,Walking,True,0,0,0
1789904145090,369,676698,1,5904,-4.020043,1,-0.75,Walking,True,0,0,0
1789904145090,369,676698,1,5904,-4.020043,1,-0.75,Walking,True,0,0,0
1789904145090,369,676698,1,5904,-4.020043,1,-0.75,Walking,True,0,0,0
1789904145107,370,678318,1,5920,-4.020043,1,-0.75,Walking,True,0,0,0
1789904145107,370,678318,1,5920,-4.020043,1,-0.75,Walking,True,0,0,0
1789904145107,370,678318,1,5920,-4.020043,1,-0.75,Walking,True,0,0,0
1789904145107,370,678318,1,5920,-4.020043,1,-0.75,Walking,True,0,0,0
1789904145107,370,678318,1,5920,-4.020043,1,-0.75,Walking,True,0,0,0
1789904145107,370,678318,1,5920,-4.020043,1,-0.75,Walking,True,0,0,0
1789904145107,370,678318,1,5920,-4.020043,1,-0.75,Walking,True,0,0,0
1789904145107,370,678318,1,5920,-4.020043,1,-0.75,Walking,True,0,0,0
1789904145122,371,679977,1,5936,-4.020043,1,-0.75,Walking,True,0,0,0
1789904145122,371,679977,1,5936,-4.020043,1,-0.75,Walking,True,0,0,0
1789904145122,371,679977,1,5936,-4.020043,1,-0.75,Walking,True,0,0,0
1789904145122,371,679977,1,5936,-4.020043,1,-0.75,Walking,True,0,0,0
1789904145122,371,679977,1,5936,-4.020043,1,-0.75,Walking,True,0,0,0
1789904145122,371,679977,1,5936,-4.020043,1,-0.75,Walking,True,0,0,0
1789904145122,371,679977,1,5936,-4.020043,1,-0.75,Walking,True,0,0,0
1789904145122,371,679977,1,5936,-4.020043,1,-0.75,Walking,True,0,0,0
1789904145137,372,681428,1,5952,-4.020043,1,-0.75,Walking,True,0,0,0
1789904145137,372,681428,1,5952,-4.020043,1,-0.75,Walking,True,0,0,0
1789904145137,372,681428,1,5952,-4.020043,1,-0.75,Walking,True,0,0,0
1789904145137,372,681428,1,5952,-4.020043,1,-0.75,Walking,True,0,0,0
1789904145137,372,681428,1,5952,-4.020043,1,-0.75,Walking,True,0,0,0
1789904145137,372,681428,1,5952,-4.020043,1,-0.75,Walking,True,0,0,0
1789904145137,372,681428,1,5952,-4.020043,1,-0.75,Walking,True,0,0,0
1789904145138,372,681428,1,5952,-4.020043,1,-0.75,Walking,True,0,0,0
1789904145154,373,682919,1,5968,-4.020043,1,-0.75,Walking,True,0,0,0
1789904145154,373,682919,1,5968,-4.020043,1,-0.75,Walking,True,0,0,0
1789904145154,373,682919,1,5968,-4.020043,1,-0.75,Walking,True,0,0,0
1789904145154,373,682919,1,5968,-4.020043,1,-0.75,Walking,True,0,0,0
1789904145154,373,682919,1,5968,-4.020043,1,-0.75,Walking,True,0,0,0
1789904145154,373,682919,1,5968,-4.020043,1,-0.75,Walking,True,0,0,0
1789904145154,373,682919,1,5968,-4.020043,1,-0.75,Walking,True,0,0,0
1789904145154,373,682919,1,5968,-4.020043,1,-0.75,Walking,True,0,0,0
1789904145169,374,684456,1,5984,-4.020043,1,-0.75,Walking,True,0,0,0
1789904145169,374,684456,1,5984,-4.020043,1,-0.75,Walking,True,0,0,0
1789904145169,374,684456,1,5984,-4.020043,1,-0.75,Walking,True,0,0,0
1789904145169,374,684456,1,5984,-4.020043,1,-0.75,Walking,True,0,0,0
1789904145169,374,684456,1,5984,-4.020043,1,-0.75,Walking,True,0,0,0
1789904145169,374,684456,1,5984,-4.020043,1,-0.75,Walking,True,0,0,0
1789904145169,374,684456,1,5984,-4.020043,1,-0.75,Walking,True,0,0,0
1789904145169,374,684456,1,5984,-4.020043,1,-0.75,Walking,True,0,0,0
1789904145185,375,685844,1,6000,-4.020043,1,-0.75,Walking,True,0,0,0
1789904145185,375,685844,1,6000,-4.020043,1,-0.75,Walking,True,0,0,0
1789904145185,375,685844,1,6000,-4.020043,1,-0.75,Walking,True,0,0,0
1789904145185,375,685844,1,6000,-4.020043,1,-0.75,Walking,True,0,0,0
1789904145185,375,685844,1,6000,-4.020043,1,-0.75,Walking,True,0,0,0
1789904145185,375,685844,1,6000,-4.020043,1,-0.75,Walking,True,0,0,0
1789904145185,375,685844,1,6000,-4.020043,1,-0.75,Walking,True,0,0,0
1789904145185,375,685844,1,6000,-4.020043,1,-0.75,Walking,True,0,0,0
1789904145199,376,687322,1,6016,-4.020043,1,-0.75,Walking,True,0,0,0
1789904145199,376,687322,1,6016,-4.020043,1,-0.75,Walking,True,0,0,0
1789904145199,376,687322,1,6016,-4.020043,1,-0.75,Walking,True,0,0,0
1789904145199,376,687322,1,6016,-4.020043,1,-0.75,Walking,True,0,0,0
1789904145199,376,687322,1,6016,-4.020043,1,-0.75,Walking,True,0,0,0
1789904145200,376,687322,1,6016,-4.020043,1,-0.75,Walking,True,0,0,0
1789904145200,376,687322,1,6016,-4.020043,1,-0.75,Walking,True,0,0,0
1789904145200,376,687322,1,6016,-4.020043,1,-0.75,Walking,True,0,0,0
1789904145215,377,688730,1,6032,-4.020043,1,-0.75,Walking,True,0,0,0
1789904145215,377,688730,1,6032,-4.020043,1,-0.75,Walking,True,0,0,0
1789904145215,377,688730,1,6032,-4.020043,1,-0.75,Walking,True,0,0,0
1789904145215,377,688730,1,6032,-4.020043,1,-0.75,Walking,True,0,0,0
1789904145215,377,688730,1,6032,-4.020043,1,-0.75,Walking,True,0,0,0
1789904145215,377,688730,1,6032,-4.020043,1,-0.75,Walking,True,0,0,0
1789904145215,377,688730,1,6032,-4.020043,1,-0.75,Walking,True,0,0,0
1789904145215,377,688730,1,6032,-4.020043,1,-0.75,Walking,True,0,0,0
1789904145232,378,690159,1,6048,-4.020043,1,-0.75,Walking,True,0,0,0
1789904145232,378,690159,1,6048,-4.020043,1,-0.75,Walking,True,0,0,0
1789904145232,378,690159,1,6048,-4.020043,1,-0.75,Walking,True,0,0,0
1789904145232,378,690159,1,6048,-4.020043,1,-0.75,Walking,True,0,0,0
1789904145232,378,690159,1,6048,-4.020043,1,-0.75,Walking,True,0,0,0
1789904145232,378,690159,1,6048,-4.020043,1,-0.75,Walking,True,0,0,0
1789904145232,378,690159,1,6048,-4.020043,1,-0.75,Walking,True,0,0,0
1789904145232,378,690159,1,6048,-4.020043,1,-0.75,Walking,True,0,0,0
1789904145248,379,691734,1,6064,-4.020043,1,-0.75,Walking,True,0,0,0
1789904145248,379,691734,1,6064,-4.020043,1,-0.75,Walking,True,0,0,0
1789904145248,379,691734,1,6064,-4.020043,1,-0.75,Walking,True,0,0,0
1789904145248,379,691734,1,6064,-4.020043,1,-0.75,Walking,True,0,0,0
1789904145248,379,691734,1,6064,-4.020043,1,-0.75,Walking,True,0,0,0
1789904145248,379,691734,1,6064,-4.020043,1,-0.75,Walking,True,0,0,0
1789904145248,379,691734,1,6064,-4.020043,1,-0.75,Walking,True,0,0,0
1789904145248,379,691734,1,6064,-4.020043,1,-0.75,Walking,True,0,0,0
1789904145264,380,693373,1,6080,-4.020043,1,-0.75,Walking,True,0,0,0
1789904145264,380,693373,1,6080,-4.020043,1,-0.75,Walking,True,0,0,0
1789904145264,380,693373,1,6080,-4.020043,1,-0.75,Walking,True,0,0,0
1789904145264,380,693373,1,6080,-4.020043,1,-0.75,Walking,True,0,0,0
1789904145264,380,693373,1,6080,-4.020043,1,-0.75,Walking,True,0,0,0
1789904145264,380,693373,1,6080,-4.020043,1,-0.75,Walking,True,0,0,0
1789904145264,380,693373,1,6080,-4.020043,1,-0.75,Walking,True,0,0,0
1789904145264,380,693373,1,6080,-4.020043,1,-0.75,Walking,True,0,0,0
1789904145279,381,694834,1,6096,-4.020043,1,-0.75,Walking,True,0,0,0
1789904145279,381,694834,1,6096,-4.020043,1,-0.75,Walking,True,0,0,0
1789904145279,381,694834,1,6096,-4.020043,1,-0.75,Walking,True,0,0,0
1789904145279,381,694834,1,6096,-4.020043,1,-0.75,Walking,True,0,0,0
1789904145279,381,694834,1,6096,-4.020043,1,-0.75,Walking,True,0,0,0
1789904145279,381,694834,1,6096,-4.020043,1,-0.75,Walking,True,0,0,0
1789904145279,381,694834,1,6096,-4.020043,1,-0.75,Walking,True,0,0,0
1789904145279,381,694834,1,6096,-4.020043,1,-0.75,Walking,True,0,0,0
1789904145295,382,696336,1,6112,-4.020043,1,-0.75,Walking,True,0,0,0
1789904145295,382,696336,1,6112,-4.020043,1,-0.75,Walking,True,0,0,0
1789904145295,382,696336,1,6112,-4.020043,1,-0.75,Walking,True,0,0,0
1789904145295,382,696336,1,6112,-4.020043,1,-0.75,Walking,True,0,0,0
1789904145295,382,696336,1,6112,-4.020043,1,-0.75,Walking,True,0,0,0
1789904145295,382,696336,1,6112,-4.020043,1,-0.75,Walking,True,0,0,0
1789904145295,382,696336,1,6112,-4.020043,1,-0.75,Walking,True,0,0,0
1789904145295,382,696336,1,6112,-4.020043,1,-0.75,Walking,True,0,0,0
1789904145310,383,697786,1,6128,-4.020043,1,-0.75,Walking,True,0,0,0
1789904145310,383,697786,1,6128,-4.020043,1,-0.75,Walking,True,0,0,0
1789904145310,383,697786,1,6128,-4.020043,1,-0.75,Walking,True,0,0,0
1789904145310,383,697786,1,6128,-4.020043,1,-0.75,Walking,True,0,0,0
1789904145310,383,697786,1,6128,-4.020043,1,-0.75,Walking,True,0,0,0
1789904145310,383,697786,1,6128,-4.020043,1,-0.75,Walking,True,0,0,0
1789904145310,383,697786,1,6128,-4.020043,1,-0.75,Walking,True,0,0,0
1789904145310,383,697786,1,6128,-4.020043,1,-0.75,Walking,True,0,0,0
1789904145327,384,699176,1,6144,-4.020043,1,-0.75,Walking,True,0,0,0
1789904145327,384,699176,1,6144,-4.020043,1,-0.75,Walking,True,0,0,0
1789904145327,384,699176,1,6144,-4.020043,1,-0.75,Walking,True,0,0,0
1789904145327,384,699176,1,6144,-4.020043,1,-0.75,Walking,True,0,0,0
1789904145327,384,699176,1,6144,-4.020043,1,-0.75,Walking,True,0,0,0
1789904145327,384,699176,1,6144,-4.020043,1,-0.75,Walking,True,0,0,0
1789904145327,384,699176,1,6144,-4.020043,1,-0.75,Walking,True,0,0,0
1789904145327,384,699176,1,6144,-4.020043,1,-0.75,Walking,True,0,0,0
1789904145341,385,700631,1,6160,-4.020043,1,-0.75,Walking,True,0,0,0
1789904145341,385,700631,1,6160,-4.020043,1,-0.75,Walking,True,0,0,0
1789904145341,385,700631,1,6160,-4.020043,1,-0.75,Walking,True,0,0,0
1789904145341,385,700631,1,6160,-4.020043,1,-0.75,Walking,True,0,0,0
1789904145341,385,700631,1,6160,-4.020043,1,-0.75,Walking,True,0,0,0
1789904145341,385,700631,1,6160,-4.020043,1,-0.75,Walking,True,0,0,0
1789904145341,385,700631,1,6160,-4.020043,1,-0.75,Walking,True,0,0,0
1789904145341,385,700631,1,6160,-4.020043,1,-0.75,Walking,True,0,0,0
1789904145356,386,701927,1,6176,-4.020043,1,-0.75,Walking,True,0,0,0
1789904145356,386,701927,1,6176,-4.020043,1,-0.75,Walking,True,0,0,0
1789904145356,386,701927,1,6176,-4.020043,1,-0.75,Walking,True,0,0,0
1789904145356,386,701927,1,6176,-4.020043,1,-0.75,Walking,True,0,0,0
1789904145356,386,701927,1,6176,-4.020043,1,-0.75,Walking,True,0,0,0
1789904145356,386,701927,1,6176,-4.020043,1,-0.75,Walking,True,0,0,0
1789904145356,386,701927,1,6176,-4.020043,1,-0.75,Walking,True,0,0,0
1789904145356,386,701927,1,6176,-4.020043,1,-0.75,Walking,True,0,0,0
1789904145371,387,703350,1,6192,-4.020043,1,-0.75,Walking,True,0,0,0
1789904145371,387,703350,1,6192,-4.020043,1,-0.75,Walking,True,0,0,0
1789904145371,387,703350,1,6192,-4.020043,1,-0.75,Walking,True,0,0,0
1789904145371,387,703350,1,6192,-4.020043,1,-0.75,Walking,True,0,0,0
1789904145371,387,703350,1,6192,-4.020043,1,-0.75,Walking,True,0,0,0
1789904145371,387,703350,1,6192,-4.020043,1,-0.75,Walking,True,0,0,0
1789904145371,387,703350,1,6192,-4.020043,1,-0.75,Walking,True,0,0,0
1789904145371,387,703350,1,6192,-4.020043,1,-0.75,Walking,True,0,0,0
1789904145387,388,704757,1,6208,-4.020043,1,-0.75,Walking,True,0,0,0
1789904145387,388,704757,1,6208,-4.020043,1,-0.75,Walking,True,0,0,0
1789904145387,388,704757,1,6208,-4.020043,1,-0.75,Walking,True,0,0,0
1789904145387,388,704757,1,6208,-4.020043,1,-0.75,Walking,True,0,0,0
1789904145387,388,704757,1,6208,-4.020043,1,-0.75,Walking,True,0,0,0
1789904145387,388,704757,1,6208,-4.020043,1,-0.75,Walking,True,0,0,0
1789904145387,388,704757,1,6208,-4.020043,1,-0.75,Walking,True,0,0,0
1789904145387,388,704757,1,6208,-4.020043,1,-0.75,Walking,True,0,0,0
1789904145403,389,706155,1,6224,-4.020043,1,-0.75,Walking,True,0,0,0
1789904145403,389,706155,1,6224,-4.020043,1,-0.75,Walking,True,0,0,0
1789904145403,389,706155,1,6224,-4.020043,1,-0.75,Walking,True,0,0,0
1789904145403,389,706155,1,6224,-4.020043,1,-0.75,Walking,True,0,0,0
1789904145403,389,706155,1,6224,-4.020043,1,-0.75,Walking,True,0,0,0
1789904145403,389,706155,1,6224,-4.020043,1,-0.75,Walking,True,0,0,0
1789904145403,389,706155,1,6224,-4.020043,1,-0.75,Walking,True,0,0,0
1789904145403,389,706155,1,6224,-4.020043,1,-0.75,Walking,True,0,0,0
1789904145420,390,707721,1,6240,-4.020043,1,-0.75,Walking,True,0,0,0
1789904145420,390,707721,1,6240,-4.020043,1,-0.75,Walking,True,0,0,0
1789904145420,390,707721,1,6240,-4.020043,1,-0.75,Walking,True,0,0,0
1789904145420,390,707721,1,6240,-4.020043,1,-0.75,Walking,True,0,0,0
1789904145420,390,707721,1,6240,-4.020043,1,-0.75,Walking,True,0,0,0
1789904145420,390,707721,1,6240,-4.020043,1,-0.75,Walking,True,0,0,0
1789904145420,390,707721,1,6240,-4.020043,1,-0.75,Walking,True,0,0,0
1789904145420,390,707721,1,6240,-4.020043,1,-0.75,Walking,True,0,0,0
1789904145435,391,709336,1,6256,-4.020043,1,-0.75,Walking,True,0,0,0
1789904145435,391,709336,1,6256,-4.020043,1,-0.75,Walking,True,0,0,0
1789904145435,391,709336,1,6256,-4.020043,1,-0.75,Walking,True,0,0,0
1789904145435,391,709336,1,6256,-4.020043,1,-0.75,Walking,True,0,0,0
1789904145435,391,709336,1,6256,-4.020043,1,-0.75,Walking,True,0,0,0
1789904145435,391,709336,1,6256,-4.020043,1,-0.75,Walking,True,0,0,0
1789904145435,391,709336,1,6256,-4.020043,1,-0.75,Walking,True,0,0,0
1789904145435,391,709336,1,6256,-4.020043,1,-0.75,Walking,True,0,0,0
1789904145450,392,710766,1,6272,-4.020043,1,-0.75,Walking,True,0,0,0
1789904145450,392,710766,1,6272,-4.020043,1,-0.75,Walking,True,0,0,0
1789904145450,392,710766,1,6272,-4.020043,1,-0.75,Walking,True,0,0,0
1789904145450,392,710766,1,6272,-4.020043,1,-0.75,Walking,True,0,0,0
1789904145450,392,710766,1,6272,-4.020043,1,-0.75,Walking,True,0,0,0
1789904145450,392,710766,1,6272,-4.020043,1,-0.75,Walking,True,0,0,0
1789904145450,392,710766,1,6272,-4.020043,1,-0.75,Walking,True,0,0,0
1789904145450,392,710766,1,6272,-4.020043,1,-0.75,Walking,True,0,0,0
1789904145481,393,712196,1,6288,-4.020043,1,-0.75,Walking,True,0,0,0
1789904145481,393,712196,1,6288,-4.020043,1,-0.75,Walking,True,0,0,0
1789904145481,393,712196,1,6288,-4.020043,1,-0.75,Walking,True,0,0,0
1789904145481,393,712196,1,6288,-4.020043,1,-0.75,Walking,True,0,0,0
1789904145481,393,712196,1,6288,-4.020043,1,-0.75,Walking,True,0,0,0
1789904145481,393,712196,1,6288,-4.020043,1,-0.75,Walking,True,0,0,0
1789904145481,393,712196,1,6288,-4.020043,1,-0.75,Walking,True,0,0,0
1789904145481,393,712196,1,6288,-4.020043,1,-0.75,Walking,True,0,0,0
1789904145511,394,715315,1,6304,-4.020043,1,-0.75,Walking,True,0,0,0
1789904145511,395,715316,1,6320,-4.020043,1,-0.75,Walking,True,0,0,0
1789904145511,395,715316,1,6320,-4.020043,1,-0.75,Walking,True,0,0,0
1789904145511,395,715316,1,6320,-4.020043,1,-0.75,Walking,True,0,0,0
1789904145511,395,715316,1,6320,-4.020043,1,-0.75,Walking,True,0,0,0
1789904145511,395,715316,1,6320,-4.020043,1,-0.75,Walking,True,0,0,0
1789904145511,395,715316,1,6320,-4.020043,1,-0.75,Walking,True,0,0,0
1789904145511,395,715316,1,6320,-4.020043,1,-0.75,Walking,True,0,0,0
1789904145828,395,749197,2,6320,-4.020043,1,-0.75,Walking,True,0,0,0
1789904145828,395,749197,2,6320,-4.020043,1,-0.75,Walking,True,0,0,0
1789904145828,395,749197,2,6320,-4.020043,1,-0.75,Walking,True,0,0,0
1789904145828,395,749197,2,6320,-4.020043,1,-0.75,Walking,True,0,0,0
1789904145828,395,749197,2,6320,-4.020043,1,-0.75,Walking,True,0,0,0
1789904145828,395,749197,2,6320,-4.020043,1,-0.75,Walking,True,0,0,0
1789904145828,395,749197,2,6320,-4.020043,1,-0.75,Walking,True,0,0,0
1789904145828,395,749197,2,6320,-4.020043,1,-0.75,Walking,True,0,0,0
1789904153028,395,1814207,3,6320,-4.020043,1,-0.75,Walking,True,0,0,0
1789904153028,395,1814207,3,6320,-4.020043,1,-0.75,Walking,True,0,0,0
1789904153028,395,1814207,3,6320,-4.020043,1,-0.75,Walking,True,0,0,0
1789904153028,395,1814207,3,6320,-4.020043,1,-0.75,Walking,True,0,0,0
1789904153028,395,1814207,3,6320,-4.020043,1,-0.75,Walking,True,0,0,0
1789904153028,395,1814207,3,6320,-4.020043,1,-0.75,Walking,True,0,0,0
1789904153028,395,1814207,3,6320,-4.020043,1,-0.75,Walking,True,0,0,0
1789904153028,395,1814207,3,6320,-4.020043,1,-0.75,Walking,True,0,0,0

