# R4-B --movement 真实 Unity DS 权威运动验收证据
# 权威来源：真实 Unity DS（PhysX 隔离物理场景）复制下来的 _movementSnapshotV1 与 owner 可靠事件
# 客户端 AP 碰撞世界：PMMoverTestWorld（AABB 替身，WorldVersion=1）——不是 PhysX
# 输入 dt=16ms；节拍=真实 Stopwatch 墙钟；DS 预算由 DS 自己的墙钟累计

## 客户端 A（本端 uid=301，对手 uid=302）
note: ap=ok sp=ok
note: resync 1→2 旧流帧=26 对照帧=56 边界=393→449
apTicksAccepted=393 apTicksRejected=0
apResyncApplied=1 apStreamVersion=2 apUnacked=0 apSnapshotApplied=392 spInterpAuthorityAccepted=3553
apDescribe: PMR4MovementDriver role=AutonomousProxy epoch=1 instance=1 stream=2 pending=393 confirmed=393 unacked=0 journalPending=0 journalSeq=0 journalFailed=False frozen=False
apCounters: snapshotQueued=3538 snapshotApplied=392 snapshotDecodeFailed=0 snapshotRejectedIdentity=0 snapshotRejectedStreamNewer=8 snapshotRejectedWorldVersion=0 snapshotQueueDrops=0 snapshotPublished=0 snapshotStreamRebinds=0 snapshotRebindRejectedRegressing=0 snapshotRebindRejectedFrozen=0 rebindFallbacks=0 inputPayloadsSent=393 inputEntriesSent=787 unackedRetired=393 ticks=393 ticksRejected=0 placeholders=0 eventPayloadsReceived=2 eventBatchesAccepted=2 eventBatchesRejected=0 eventDecodeFailed=0 journalFailed=False journalSeqGaps=0 journalDuplicateEvents=0 journalDispatched=3 journalLateDispatches=0 journalOverflows=0 resyncRequestsSent=0 resyncPayloadsReceived=1 resyncApplied=1 resyncRejectedRegressing=0 resyncRejectedOldStream=0 resyncInlineRejected=0 frozen=False threadViolations=0
# owner 可靠事件（kind 1=ModeChanged, 2=Landed）
event kind=1 value=1 key=2105
event kind=1 value=0 key=2497
event kind=2 value=0 key=2498
# AP 侧收到的真实 DS 权威快照轨迹（wallMs,outputFrame,serverFrame,stream,totalMs,x,y,z,mode,grounded,velX,velY,velZ）
1789904328236,0,0,1,0,-3,1,-0.75,Walking,True,0,0,0
1789904328265,1,7469,1,16,-2.99488,1,-0.75,Walking,True,0.32,0,0
1789904328265,1,7469,1,16,-2.99488,1,-0.75,Walking,True,0.32,0,0
1789904328265,1,7469,1,16,-2.99488,1,-0.75,Walking,True,0.32,0,0
1789904328266,1,7469,1,16,-2.99488,1,-0.75,Walking,True,0.32,0,0
1789904328266,1,7469,1,16,-2.99488,1,-0.75,Walking,True,0.32,0,0
1789904328266,1,7469,1,16,-2.99488,1,-0.75,Walking,True,0.32,0,0
1789904328266,1,7469,1,16,-2.99488,1,-0.75,Walking,True,0.32,0,0
1789904328266,1,7469,1,16,-2.99488,1,-0.75,Walking,True,0.32,0,0
1789904328283,2,8671,1,32,-2.98464,1,-0.75,Walking,True,0.64,0,0
1789904328283,2,8671,1,32,-2.98464,1,-0.75,Walking,True,0.64,0,0
1789904328283,2,8671,1,32,-2.98464,1,-0.75,Walking,True,0.64,0,0
1789904328283,2,8671,1,32,-2.98464,1,-0.75,Walking,True,0.64,0,0
1789904328283,2,8671,1,32,-2.98464,1,-0.75,Walking,True,0.64,0,0
1789904328283,2,8671,1,32,-2.98464,1,-0.75,Walking,True,0.64,0,0
1789904328283,2,8671,1,32,-2.98464,1,-0.75,Walking,True,0.64,0,0
1789904328283,2,8671,1,32,-2.98464,1,-0.75,Walking,True,0.64,0,0
1789904328297,3,10268,1,48,-2.96928,1,-0.75,Walking,True,0.96,0,0
1789904328297,3,10268,1,48,-2.96928,1,-0.75,Walking,True,0.96,0,0
1789904328297,3,10268,1,48,-2.96928,1,-0.75,Walking,True,0.96,0,0
1789904328297,3,10268,1,48,-2.96928,1,-0.75,Walking,True,0.96,0,0
1789904328297,3,10268,1,48,-2.96928,1,-0.75,Walking,True,0.96,0,0
1789904328297,3,10268,1,48,-2.96928,1,-0.75,Walking,True,0.96,0,0
1789904328297,3,10268,1,48,-2.96928,1,-0.75,Walking,True,0.96,0,0
1789904328297,3,10268,1,48,-2.96928,1,-0.75,Walking,True,0.96,0,0
1789904328312,4,11532,1,64,-2.9488,1,-0.75,Walking,True,1.28,0,0
1789904328312,4,11532,1,64,-2.9488,1,-0.75,Walking,True,1.28,0,0
1789904328312,4,11532,1,64,-2.9488,1,-0.75,Walking,True,1.28,0,0
1789904328312,4,11532,1,64,-2.9488,1,-0.75,Walking,True,1.28,0,0
1789904328312,4,11532,1,64,-2.9488,1,-0.75,Walking,True,1.28,0,0
1789904328312,4,11532,1,64,-2.9488,1,-0.75,Walking,True,1.28,0,0
1789904328312,4,11532,1,64,-2.9488,1,-0.75,Walking,True,1.28,0,0
1789904328312,4,11532,1,64,-2.9488,1,-0.75,Walking,True,1.28,0,0
1789904328327,5,13056,1,80,-2.9232,1,-0.75,Walking,True,1.6,0,0
1789904328327,5,13056,1,80,-2.9232,1,-0.75,Walking,True,1.6,0,0
1789904328327,5,13056,1,80,-2.9232,1,-0.75,Walking,True,1.6,0,0
1789904328327,5,13056,1,80,-2.9232,1,-0.75,Walking,True,1.6,0,0
1789904328327,5,13056,1,80,-2.9232,1,-0.75,Walking,True,1.6,0,0
1789904328327,5,13056,1,80,-2.9232,1,-0.75,Walking,True,1.6,0,0
1789904328328,5,13056,1,80,-2.9232,1,-0.75,Walking,True,1.6,0,0
1789904328328,5,13056,1,80,-2.9232,1,-0.75,Walking,True,1.6,0,0
1789904328343,6,14399,1,96,-2.89248,1,-0.75,Walking,True,1.92,0,0
1789904328343,6,14399,1,96,-2.89248,1,-0.75,Walking,True,1.92,0,0
1789904328343,6,14399,1,96,-2.89248,1,-0.75,Walking,True,1.92,0,0
1789904328343,6,14399,1,96,-2.89248,1,-0.75,Walking,True,1.92,0,0
1789904328344,6,14399,1,96,-2.89248,1,-0.75,Walking,True,1.92,0,0
1789904328344,6,14399,1,96,-2.89248,1,-0.75,Walking,True,1.92,0,0
1789904328344,6,14399,1,96,-2.89248,1,-0.75,Walking,True,1.92,0,0
1789904328344,6,14399,1,96,-2.89248,1,-0.75,Walking,True,1.92,0,0
1789904328359,7,15926,1,112,-2.85664,1,-0.75,Walking,True,2.24,0,0
1789904328359,7,15926,1,112,-2.85664,1,-0.75,Walking,True,2.24,0,0
1789904328359,7,15926,1,112,-2.85664,1,-0.75,Walking,True,2.24,0,0
1789904328359,7,15926,1,112,-2.85664,1,-0.75,Walking,True,2.24,0,0
1789904328359,7,15926,1,112,-2.85664,1,-0.75,Walking,True,2.24,0,0
1789904328359,7,15926,1,112,-2.85664,1,-0.75,Walking,True,2.24,0,0
1789904328359,7,15926,1,112,-2.85664,1,-0.75,Walking,True,2.24,0,0
1789904328359,7,15926,1,112,-2.85664,1,-0.75,Walking,True,2.24,0,0
1789904328374,8,17415,1,128,-2.81568,1,-0.75,Walking,True,2.56,0,0
1789904328374,8,17415,1,128,-2.81568,1,-0.75,Walking,True,2.56,0,0
1789904328374,8,17415,1,128,-2.81568,1,-0.75,Walking,True,2.56,0,0
1789904328374,8,17415,1,128,-2.81568,1,-0.75,Walking,True,2.56,0,0
1789904328374,8,17415,1,128,-2.81568,1,-0.75,Walking,True,2.56,0,0
1789904328374,8,17415,1,128,-2.81568,1,-0.75,Walking,True,2.56,0,0
1789904328374,8,17415,1,128,-2.81568,1,-0.75,Walking,True,2.56,0,0
1789904328374,8,17415,1,128,-2.81568,1,-0.75,Walking,True,2.56,0,0
1789904328389,9,18749,1,144,-2.7696,1,-0.75,Walking,True,2.88,0,0
1789904328389,9,18749,1,144,-2.7696,1,-0.75,Walking,True,2.88,0,0
1789904328389,9,18749,1,144,-2.7696,1,-0.75,Walking,True,2.88,0,0
1789904328389,9,18749,1,144,-2.7696,1,-0.75,Walking,True,2.88,0,0
1789904328389,9,18749,1,144,-2.7696,1,-0.75,Walking,True,2.88,0,0
1789904328389,9,18749,1,144,-2.7696,1,-0.75,Walking,True,2.88,0,0
1789904328389,9,18749,1,144,-2.7696,1,-0.75,Walking,True,2.88,0,0
1789904328389,9,18749,1,144,-2.7696,1,-0.75,Walking,True,2.88,0,0
1789904328404,10,20084,1,160,-2.7184,1,-0.75,Walking,True,3.2,0,0
1789904328404,10,20084,1,160,-2.7184,1,-0.75,Walking,True,3.2,0,0
1789904328404,10,20084,1,160,-2.7184,1,-0.75,Walking,True,3.2,0,0
1789904328404,10,20084,1,160,-2.7184,1,-0.75,Walking,True,3.2,0,0
1789904328404,10,20084,1,160,-2.7184,1,-0.75,Walking,True,3.2,0,0
1789904328404,10,20084,1,160,-2.7184,1,-0.75,Walking,True,3.2,0,0
1789904328404,10,20084,1,160,-2.7184,1,-0.75,Walking,True,3.2,0,0
1789904328404,10,20084,1,160,-2.7184,1,-0.75,Walking,True,3.2,0,0
1789904328419,11,21470,1,176,-2.66208,1,-0.75,Walking,True,3.52,0,0
1789904328419,11,21470,1,176,-2.66208,1,-0.75,Walking,True,3.52,0,0
1789904328419,11,21470,1,176,-2.66208,1,-0.75,Walking,True,3.52,0,0
1789904328419,11,21470,1,176,-2.66208,1,-0.75,Walking,True,3.52,0,0
1789904328419,11,21470,1,176,-2.66208,1,-0.75,Walking,True,3.52,0,0
1789904328419,11,21470,1,176,-2.66208,1,-0.75,Walking,True,3.52,0,0
1789904328419,11,21470,1,176,-2.66208,1,-0.75,Walking,True,3.52,0,0
1789904328419,11,21470,1,176,-2.66208,1,-0.75,Walking,True,3.52,0,0
1789904328435,12,22797,1,192,-2.60064,1,-0.75,Walking,True,3.84,0,0
1789904328435,12,22797,1,192,-2.60064,1,-0.75,Walking,True,3.84,0,0
1789904328435,12,22797,1,192,-2.60064,1,-0.75,Walking,True,3.84,0,0
1789904328435,12,22797,1,192,-2.60064,1,-0.75,Walking,True,3.84,0,0
1789904328435,12,22797,1,192,-2.60064,1,-0.75,Walking,True,3.84,0,0
1789904328435,12,22797,1,192,-2.60064,1,-0.75,Walking,True,3.84,0,0
1789904328435,12,22797,1,192,-2.60064,1,-0.75,Walking,True,3.84,0,0
1789904328435,12,22797,1,192,-2.60064,1,-0.75,Walking,True,3.84,0,0
1789904328451,13,24280,1,208,-2.53824,1,-0.75,Walking,True,3.9,0,0
1789904328451,13,24280,1,208,-2.53824,1,-0.75,Walking,True,3.9,0,0
1789904328451,13,24280,1,208,-2.53824,1,-0.75,Walking,True,3.9,0,0
1789904328451,13,24280,1,208,-2.53824,1,-0.75,Walking,True,3.9,0,0
1789904328451,13,24280,1,208,-2.53824,1,-0.75,Walking,True,3.9,0,0
1789904328451,13,24280,1,208,-2.53824,1,-0.75,Walking,True,3.9,0,0
1789904328451,13,24280,1,208,-2.53824,1,-0.75,Walking,True,3.9,0,0
1789904328451,13,24280,1,208,-2.53824,1,-0.75,Walking,True,3.9,0,0
1789904328467,14,25700,1,224,-2.47584,1,-0.75,Walking,True,3.9,0,0
1789904328467,14,25700,1,224,-2.47584,1,-0.75,Walking,True,3.9,0,0
1789904328467,14,25700,1,224,-2.47584,1,-0.75,Walking,True,3.9,0,0
1789904328467,14,25700,1,224,-2.47584,1,-0.75,Walking,True,3.9,0,0
1789904328467,14,25700,1,224,-2.47584,1,-0.75,Walking,True,3.9,0,0
1789904328467,14,25700,1,224,-2.47584,1,-0.75,Walking,True,3.9,0,0
1789904328467,14,25700,1,224,-2.47584,1,-0.75,Walking,True,3.9,0,0
1789904328467,14,25700,1,224,-2.47584,1,-0.75,Walking,True,3.9,0,0
1789904328482,15,27186,1,240,-2.41344,1,-0.75,Walking,True,3.9,0,0
1789904328482,15,27186,1,240,-2.41344,1,-0.75,Walking,True,3.9,0,0
1789904328482,15,27186,1,240,-2.41344,1,-0.75,Walking,True,3.9,0,0
1789904328482,15,27186,1,240,-2.41344,1,-0.75,Walking,True,3.9,0,0
1789904328483,15,27186,1,240,-2.41344,1,-0.75,Walking,True,3.9,0,0
1789904328483,15,27186,1,240,-2.41344,1,-0.75,Walking,True,3.9,0,0
1789904328483,15,27186,1,240,-2.41344,1,-0.75,Walking,True,3.9,0,0
1789904328483,15,27186,1,240,-2.41344,1,-0.75,Walking,True,3.9,0,0
1789904328497,16,28587,1,256,-2.351039,1,-0.75,Walking,True,3.9,0,0
1789904328497,16,28587,1,256,-2.351039,1,-0.75,Walking,True,3.9,0,0
1789904328497,16,28587,1,256,-2.351039,1,-0.75,Walking,True,3.9,0,0
1789904328497,16,28587,1,256,-2.351039,1,-0.75,Walking,True,3.9,0,0
1789904328497,16,28587,1,256,-2.351039,1,-0.75,Walking,True,3.9,0,0
1789904328497,16,28587,1,256,-2.351039,1,-0.75,Walking,True,3.9,0,0
1789904328497,16,28587,1,256,-2.351039,1,-0.75,Walking,True,3.9,0,0
1789904328497,16,28587,1,256,-2.351039,1,-0.75,Walking,True,3.9,0,0
1789904328513,17,29771,1,272,-2.288639,1,-0.75,Walking,True,3.9,0,0
1789904328513,17,29771,1,272,-2.288639,1,-0.75,Walking,True,3.9,0,0
1789904328513,17,29771,1,272,-2.288639,1,-0.75,Walking,True,3.9,0,0
1789904328513,17,29771,1,272,-2.288639,1,-0.75,Walking,True,3.9,0,0
1789904328513,17,29771,1,272,-2.288639,1,-0.75,Walking,True,3.9,0,0
1789904328513,17,29771,1,272,-2.288639,1,-0.75,Walking,True,3.9,0,0
1789904328513,17,29771,1,272,-2.288639,1,-0.75,Walking,True,3.9,0,0
1789904328513,17,29771,1,272,-2.288639,1,-0.75,Walking,True,3.9,0,0
1789904328530,18,31170,1,288,-2.226239,1,-0.75,Walking,True,3.9,0,0
1789904328530,18,31170,1,288,-2.226239,1,-0.75,Walking,True,3.9,0,0
1789904328530,18,31170,1,288,-2.226239,1,-0.75,Walking,True,3.9,0,0
1789904328530,18,31170,1,288,-2.226239,1,-0.75,Walking,True,3.9,0,0
1789904328530,18,31170,1,288,-2.226239,1,-0.75,Walking,True,3.9,0,0
1789904328530,18,31170,1,288,-2.226239,1,-0.75,Walking,True,3.9,0,0
1789904328530,18,31170,1,288,-2.226239,1,-0.75,Walking,True,3.9,0,0
1789904328530,18,31170,1,288,-2.226239,1,-0.75,Walking,True,3.9,0,0
1789904328545,19,32656,1,304,-2.163839,1,-0.75,Walking,True,3.9,0,0
1789904328545,19,32656,1,304,-2.163839,1,-0.75,Walking,True,3.9,0,0
1789904328545,19,32656,1,304,-2.163839,1,-0.75,Walking,True,3.9,0,0
1789904328545,19,32656,1,304,-2.163839,1,-0.75,Walking,True,3.9,0,0
1789904328545,19,32656,1,304,-2.163839,1,-0.75,Walking,True,3.9,0,0
1789904328545,19,32656,1,304,-2.163839,1,-0.75,Walking,True,3.9,0,0
1789904328545,19,32656,1,304,-2.163839,1,-0.75,Walking,True,3.9,0,0
1789904328545,19,32656,1,304,-2.163839,1,-0.75,Walking,True,3.9,0,0
1789904328561,20,34081,1,320,-2.101439,1,-0.75,Walking,True,3.9,0,0
1789904328561,20,34081,1,320,-2.101439,1,-0.75,Walking,True,3.9,0,0
1789904328561,20,34081,1,320,-2.101439,1,-0.75,Walking,True,3.9,0,0
1789904328561,20,34081,1,320,-2.101439,1,-0.75,Walking,True,3.9,0,0
1789904328561,20,34081,1,320,-2.101439,1,-0.75,Walking,True,3.9,0,0
1789904328561,20,34081,1,320,-2.101439,1,-0.75,Walking,True,3.9,0,0
1789904328561,20,34081,1,320,-2.101439,1,-0.75,Walking,True,3.9,0,0
1789904328561,20,34081,1,320,-2.101439,1,-0.75,Walking,True,3.9,0,0
1789904328576,21,35336,1,336,-2.039039,1,-0.75,Walking,True,3.9,0,0
1789904328576,21,35336,1,336,-2.039039,1,-0.75,Walking,True,3.9,0,0
1789904328576,21,35336,1,336,-2.039039,1,-0.75,Walking,True,3.9,0,0
1789904328576,21,35336,1,336,-2.039039,1,-0.75,Walking,True,3.9,0,0
1789904328576,21,35336,1,336,-2.039039,1,-0.75,Walking,True,3.9,0,0
1789904328576,21,35336,1,336,-2.039039,1,-0.75,Walking,True,3.9,0,0
1789904328576,21,35336,1,336,-2.039039,1,-0.75,Walking,True,3.9,0,0
1789904328576,21,35336,1,336,-2.039039,1,-0.75,Walking,True,3.9,0,0
1789904328592,22,36717,1,352,-1.976639,1,-0.75,Walking,True,3.9,0,0
1789904328592,22,36717,1,352,-1.976639,1,-0.75,Walking,True,3.9,0,0
1789904328592,22,36717,1,352,-1.976639,1,-0.75,Walking,True,3.9,0,0
1789904328592,22,36717,1,352,-1.976639,1,-0.75,Walking,True,3.9,0,0
1789904328592,22,36717,1,352,-1.976639,1,-0.75,Walking,True,3.9,0,0
1789904328592,22,36717,1,352,-1.976639,1,-0.75,Walking,True,3.9,0,0
1789904328592,22,36717,1,352,-1.976639,1,-0.75,Walking,True,3.9,0,0
1789904328592,22,36717,1,352,-1.976639,1,-0.75,Walking,True,3.9,0,0
1789904328607,23,38034,1,368,-1.914239,1,-0.75,Walking,True,3.9,0,0
1789904328607,23,38034,1,368,-1.914239,1,-0.75,Walking,True,3.9,0,0
1789904328607,23,38034,1,368,-1.914239,1,-0.75,Walking,True,3.9,0,0
1789904328607,23,38034,1,368,-1.914239,1,-0.75,Walking,True,3.9,0,0
1789904328607,23,38034,1,368,-1.914239,1,-0.75,Walking,True,3.9,0,0
1789904328608,23,38034,1,368,-1.914239,1,-0.75,Walking,True,3.9,0,0
1789904328608,23,38034,1,368,-1.914239,1,-0.75,Walking,True,3.9,0,0
1789904328608,23,38034,1,368,-1.914239,1,-0.75,Walking,True,3.9,0,0
1789904328623,24,39416,1,384,-1.851839,1,-0.75,Walking,True,3.9,0,0
1789904328623,24,39416,1,384,-1.851839,1,-0.75,Walking,True,3.9,0,0
1789904328623,24,39416,1,384,-1.851839,1,-0.75,Walking,True,3.9,0,0
1789904328623,24,39416,1,384,-1.851839,1,-0.75,Walking,True,3.9,0,0
1789904328623,24,39416,1,384,-1.851839,1,-0.75,Walking,True,3.9,0,0
1789904328623,24,39416,1,384,-1.851839,1,-0.75,Walking,True,3.9,0,0
1789904328623,24,39416,1,384,-1.851839,1,-0.75,Walking,True,3.9,0,0
1789904328623,24,39416,1,384,-1.851839,1,-0.75,Walking,True,3.9,0,0
1789904328639,25,40813,1,400,-1.789439,1,-0.75,Walking,True,3.9,0,0
1789904328639,25,40813,1,400,-1.789439,1,-0.75,Walking,True,3.9,0,0
1789904328639,25,40813,1,400,-1.789439,1,-0.75,Walking,True,3.9,0,0
1789904328639,25,40813,1,400,-1.789439,1,-0.75,Walking,True,3.9,0,0
1789904328639,25,40813,1,400,-1.789439,1,-0.75,Walking,True,3.9,0,0
1789904328639,25,40813,1,400,-1.789439,1,-0.75,Walking,True,3.9,0,0
1789904328639,25,40813,1,400,-1.789439,1,-0.75,Walking,True,3.9,0,0
1789904328639,25,40813,1,400,-1.789439,1,-0.75,Walking,True,3.9,0,0
1789904328654,26,42285,1,416,-1.727039,1,-0.75,Walking,True,3.9,0,0
1789904328654,26,42285,1,416,-1.727039,1,-0.75,Walking,True,3.9,0,0
1789904328654,26,42285,1,416,-1.727039,1,-0.75,Walking,True,3.9,0,0
1789904328654,26,42285,1,416,-1.727039,1,-0.75,Walking,True,3.9,0,0
1789904328654,26,42285,1,416,-1.727039,1,-0.75,Walking,True,3.9,0,0
1789904328655,26,42285,1,416,-1.727039,1,-0.75,Walking,True,3.9,0,0
1789904328655,26,42285,1,416,-1.727039,1,-0.75,Walking,True,3.9,0,0
1789904328655,26,42285,1,416,-1.727039,1,-0.75,Walking,True,3.9,0,0
1789904328685,27,43688,1,432,-1.664639,1,-0.75,Walking,True,3.9,0,0
1789904328685,27,43688,1,432,-1.664639,1,-0.75,Walking,True,3.9,0,0
1789904328685,27,43688,1,432,-1.664639,1,-0.75,Walking,True,3.9,0,0
1789904328685,27,43688,1,432,-1.664639,1,-0.75,Walking,True,3.9,0,0
1789904328685,27,43688,1,432,-1.664639,1,-0.75,Walking,True,3.9,0,0
1789904328685,27,43688,1,432,-1.664639,1,-0.75,Walking,True,3.9,0,0
1789904328685,27,43688,1,432,-1.664639,1,-0.75,Walking,True,3.9,0,0
1789904328685,27,43688,1,432,-1.664639,1,-0.75,Walking,True,3.9,0,0
1789904328701,28,46607,1,448,-1.602239,1,-0.75,Walking,True,3.9,0,0
1789904328701,28,46607,1,448,-1.602239,1,-0.75,Walking,True,3.9,0,0
1789904328701,28,46607,1,448,-1.602239,1,-0.75,Walking,True,3.9,0,0
1789904328701,28,46607,1,448,-1.602239,1,-0.75,Walking,True,3.9,0,0
1789904328701,28,46607,1,448,-1.602239,1,-0.75,Walking,True,3.9,0,0
1789904328701,28,46607,1,448,-1.602239,1,-0.75,Walking,True,3.9,0,0
1789904328701,28,46607,1,448,-1.602239,1,-0.75,Walking,True,3.9,0,0
1789904328701,28,46607,1,448,-1.602239,1,-0.75,Walking,True,3.9,0,0
1789904328716,29,48017,1,464,-1.539839,1,-0.75,Walking,True,3.9,0,0
1789904328716,29,48017,1,464,-1.539839,1,-0.75,Walking,True,3.9,0,0
1789904328716,29,48017,1,464,-1.539839,1,-0.75,Walking,True,3.9,0,0
1789904328716,29,48017,1,464,-1.539839,1,-0.75,Walking,True,3.9,0,0
1789904328716,29,48017,1,464,-1.539839,1,-0.75,Walking,True,3.9,0,0
1789904328716,29,48017,1,464,-1.539839,1,-0.75,Walking,True,3.9,0,0
1789904328716,29,48017,1,464,-1.539839,1,-0.75,Walking,True,3.9,0,0
1789904328716,29,48017,1,464,-1.539839,1,-0.75,Walking,True,3.9,0,0
1789904328732,30,49370,1,480,-1.477439,1,-0.75,Walking,True,3.9,0,0
1789904328732,30,49370,1,480,-1.477439,1,-0.75,Walking,True,3.9,0,0
1789904328732,30,49370,1,480,-1.477439,1,-0.75,Walking,True,3.9,0,0
1789904328732,30,49370,1,480,-1.477439,1,-0.75,Walking,True,3.9,0,0
1789904328732,30,49370,1,480,-1.477439,1,-0.75,Walking,True,3.9,0,0
1789904328732,30,49370,1,480,-1.477439,1,-0.75,Walking,True,3.9,0,0
1789904328732,30,49370,1,480,-1.477439,1,-0.75,Walking,True,3.9,0,0
1789904328732,30,49370,1,480,-1.477439,1,-0.75,Walking,True,3.9,0,0
1789904328747,31,50783,1,496,-1.415039,1,-0.75,Walking,True,3.9,0,0
1789904328747,31,50783,1,496,-1.415039,1,-0.75,Walking,True,3.9,0,0
1789904328747,31,50783,1,496,-1.415039,1,-0.75,Walking,True,3.9,0,0
1789904328747,31,50783,1,496,-1.415039,1,-0.75,Walking,True,3.9,0,0
1789904328747,31,50783,1,496,-1.415039,1,-0.75,Walking,True,3.9,0,0
1789904328748,31,50783,1,496,-1.415039,1,-0.75,Walking,True,3.9,0,0
1789904328748,31,50783,1,496,-1.415039,1,-0.75,Walking,True,3.9,0,0
1789904328748,31,50783,1,496,-1.415039,1,-0.75,Walking,True,3.9,0,0
1789904328763,32,51836,1,512,-1.352639,1,-0.75,Walking,True,3.9,0,0
1789904328763,32,51836,1,512,-1.352639,1,-0.75,Walking,True,3.9,0,0
1789904328763,32,51836,1,512,-1.352639,1,-0.75,Walking,True,3.9,0,0
1789904328763,32,51836,1,512,-1.352639,1,-0.75,Walking,True,3.9,0,0
1789904328763,32,51836,1,512,-1.352639,1,-0.75,Walking,True,3.9,0,0
1789904328763,32,51836,1,512,-1.352639,1,-0.75,Walking,True,3.9,0,0
1789904328763,32,51836,1,512,-1.352639,1,-0.75,Walking,True,3.9,0,0
1789904328763,32,51836,1,512,-1.352639,1,-0.75,Walking,True,3.9,0,0
1789904328779,33,53136,1,528,-1.290239,1,-0.75,Walking,True,3.9,0,0
1789904328779,33,53136,1,528,-1.290239,1,-0.75,Walking,True,3.9,0,0
1789904328779,33,53136,1,528,-1.290239,1,-0.75,Walking,True,3.9,0,0
1789904328779,33,53136,1,528,-1.290239,1,-0.75,Walking,True,3.9,0,0
1789904328779,33,53136,1,528,-1.290239,1,-0.75,Walking,True,3.9,0,0
1789904328779,33,53136,1,528,-1.290239,1,-0.75,Walking,True,3.9,0,0
1789904328779,33,53136,1,528,-1.290239,1,-0.75,Walking,True,3.9,0,0
1789904328779,33,53136,1,528,-1.290239,1,-0.75,Walking,True,3.9,0,0
1789904328794,34,54492,1,544,-1.227839,1,-0.75,Walking,True,3.9,0,0
1789904328794,34,54492,1,544,-1.227839,1,-0.75,Walking,True,3.9,0,0
1789904328794,34,54492,1,544,-1.227839,1,-0.75,Walking,True,3.9,0,0
1789904328794,34,54492,1,544,-1.227839,1,-0.75,Walking,True,3.9,0,0
1789904328794,34,54492,1,544,-1.227839,1,-0.75,Walking,True,3.9,0,0
1789904328794,34,54492,1,544,-1.227839,1,-0.75,Walking,True,3.9,0,0
1789904328794,34,54492,1,544,-1.227839,1,-0.75,Walking,True,3.9,0,0
1789904328794,34,54492,1,544,-1.227839,1,-0.75,Walking,True,3.9,0,0
1789904328809,35,55817,1,560,-1.165439,1,-0.75,Walking,True,3.9,0,0
1789904328809,35,55817,1,560,-1.165439,1,-0.75,Walking,True,3.9,0,0
1789904328809,35,55817,1,560,-1.165439,1,-0.75,Walking,True,3.9,0,0
1789904328809,35,55817,1,560,-1.165439,1,-0.75,Walking,True,3.9,0,0
1789904328809,35,55817,1,560,-1.165439,1,-0.75,Walking,True,3.9,0,0
1789904328809,35,55817,1,560,-1.165439,1,-0.75,Walking,True,3.9,0,0
1789904328809,35,55817,1,560,-1.165439,1,-0.75,Walking,True,3.9,0,0
1789904328809,35,55817,1,560,-1.165439,1,-0.75,Walking,True,3.9,0,0
1789904328825,36,57188,1,576,-1.103039,1,-0.75,Walking,True,3.9,0,0
1789904328825,36,57188,1,576,-1.103039,1,-0.75,Walking,True,3.9,0,0
1789904328825,36,57188,1,576,-1.103039,1,-0.75,Walking,True,3.9,0,0
1789904328825,36,57188,1,576,-1.103039,1,-0.75,Walking,True,3.9,0,0
1789904328825,36,57188,1,576,-1.103039,1,-0.75,Walking,True,3.9,0,0
1789904328825,36,57188,1,576,-1.103039,1,-0.75,Walking,True,3.9,0,0
1789904328825,36,57188,1,576,-1.103039,1,-0.75,Walking,True,3.9,0,0
1789904328825,36,57188,1,576,-1.103039,1,-0.75,Walking,True,3.9,0,0
1789904328840,37,58674,1,592,-1.040639,1,-0.75,Walking,True,3.9,0,0
1789904328840,37,58674,1,592,-1.040639,1,-0.75,Walking,True,3.9,0,0
1789904328840,37,58674,1,592,-1.040639,1,-0.75,Walking,True,3.9,0,0
1789904328840,37,58674,1,592,-1.040639,1,-0.75,Walking,True,3.9,0,0
1789904328840,37,58674,1,592,-1.040639,1,-0.75,Walking,True,3.9,0,0
1789904328840,37,58674,1,592,-1.040639,1,-0.75,Walking,True,3.9,0,0
1789904328840,37,58674,1,592,-1.040639,1,-0.75,Walking,True,3.9,0,0
1789904328840,37,58674,1,592,-1.040639,1,-0.75,Walking,True,3.9,0,0
1789904328856,38,60086,1,608,-0.978239,1,-0.75,Walking,True,3.9,0,0
1789904328856,38,60086,1,608,-0.978239,1,-0.75,Walking,True,3.9,0,0
1789904328856,38,60086,1,608,-0.978239,1,-0.75,Walking,True,3.9,0,0
1789904328856,38,60086,1,608,-0.978239,1,-0.75,Walking,True,3.9,0,0
1789904328856,38,60086,1,608,-0.978239,1,-0.75,Walking,True,3.9,0,0
1789904328856,38,60086,1,608,-0.978239,1,-0.75,Walking,True,3.9,0,0
1789904328856,38,60086,1,608,-0.978239,1,-0.75,Walking,True,3.9,0,0
1789904328856,38,60086,1,608,-0.978239,1,-0.75,Walking,True,3.9,0,0
1789904328872,39,61467,1,624,-0.915839,1,-0.75,Walking,True,3.9,0,0
1789904328872,39,61467,1,624,-0.915839,1,-0.75,Walking,True,3.9,0,0
1789904328872,39,61467,1,624,-0.915839,1,-0.75,Walking,True,3.9,0,0
1789904328872,39,61467,1,624,-0.915839,1,-0.75,Walking,True,3.9,0,0
1789904328872,39,61467,1,624,-0.915839,1,-0.75,Walking,True,3.9,0,0
1789904328872,39,61467,1,624,-0.915839,1,-0.75,Walking,True,3.9,0,0
1789904328872,39,61467,1,624,-0.915839,1,-0.75,Walking,True,3.9,0,0
1789904328872,39,61467,1,624,-0.915839,1,-0.75,Walking,True,3.9,0,0
1789904328887,40,62968,1,640,-0.901,1,-0.75,Walking,True,3.9,0,0
1789904328887,40,62968,1,640,-0.901,1,-0.75,Walking,True,3.9,0,0
1789904328887,40,62968,1,640,-0.901,1,-0.75,Walking,True,3.9,0,0
1789904328887,40,62968,1,640,-0.901,1,-0.75,Walking,True,3.9,0,0
1789904328887,40,62968,1,640,-0.901,1,-0.75,Walking,True,3.9,0,0
1789904328887,40,62968,1,640,-0.901,1,-0.75,Walking,True,3.9,0,0
1789904328887,40,62968,1,640,-0.901,1,-0.75,Walking,True,3.9,0,0
1789904328887,40,62968,1,640,-0.901,1,-0.75,Walking,True,3.9,0,0
1789904328902,41,64343,1,656,-0.901,1,-0.75,Walking,True,3.9,0,0
1789904328902,41,64343,1,656,-0.901,1,-0.75,Walking,True,3.9,0,0
1789904328902,41,64343,1,656,-0.901,1,-0.75,Walking,True,3.9,0,0
1789904328902,41,64343,1,656,-0.901,1,-0.75,Walking,True,3.9,0,0
1789904328902,41,64343,1,656,-0.901,1,-0.75,Walking,True,3.9,0,0
1789904328902,41,64343,1,656,-0.901,1,-0.75,Walking,True,3.9,0,0
1789904328902,41,64343,1,656,-0.901,1,-0.75,Walking,True,3.9,0,0
1789904328902,41,64343,1,656,-0.901,1,-0.75,Walking,True,3.9,0,0
1789904328918,42,65799,1,672,-0.901,1,-0.75,Walking,True,3.9,0,0
1789904328918,42,65799,1,672,-0.901,1,-0.75,Walking,True,3.9,0,0
1789904328918,42,65799,1,672,-0.901,1,-0.75,Walking,True,3.9,0,0
1789904328918,42,65799,1,672,-0.901,1,-0.75,Walking,True,3.9,0,0
1789904328918,42,65799,1,672,-0.901,1,-0.75,Walking,True,3.9,0,0
1789904328918,42,65799,1,672,-0.901,1,-0.75,Walking,True,3.9,0,0
1789904328918,42,65799,1,672,-0.901,1,-0.75,Walking,True,3.9,0,0
1789904328918,42,65799,1,672,-0.901,1,-0.75,Walking,True,3.9,0,0
1789904328934,43,67303,1,688,-0.901,1,-0.75,Walking,True,3.9,0,0
1789904328934,43,67303,1,688,-0.901,1,-0.75,Walking,True,3.9,0,0
1789904328934,43,67303,1,688,-0.901,1,-0.75,Walking,True,3.9,0,0
1789904328934,43,67303,1,688,-0.901,1,-0.75,Walking,True,3.9,0,0
1789904328934,43,67303,1,688,-0.901,1,-0.75,Walking,True,3.9,0,0
1789904328934,43,67303,1,688,-0.901,1,-0.75,Walking,True,3.9,0,0
1789904328934,43,67303,1,688,-0.901,1,-0.75,Walking,True,3.9,0,0
1789904328934,43,67303,1,688,-0.901,1,-0.75,Walking,True,3.9,0,0
1789904328950,44,68792,1,704,-0.901,1,-0.75,Walking,True,3.9,0,0
1789904328950,44,68792,1,704,-0.901,1,-0.75,Walking,True,3.9,0,0
1789904328950,44,68792,1,704,-0.901,1,-0.75,Walking,True,3.9,0,0
1789904328950,44,68792,1,704,-0.901,1,-0.75,Walking,True,3.9,0,0
1789904328950,44,68792,1,704,-0.901,1,-0.75,Walking,True,3.9,0,0
1789904328950,44,68792,1,704,-0.901,1,-0.75,Walking,True,3.9,0,0
1789904328950,44,68792,1,704,-0.901,1,-0.75,Walking,True,3.9,0,0
1789904328950,44,68792,1,704,-0.901,1,-0.75,Walking,True,3.9,0,0
1789904328965,45,70231,1,720,-0.901,1,-0.75,Walking,True,3.9,0,0
1789904328965,45,70231,1,720,-0.901,1,-0.75,Walking,True,3.9,0,0
1789904328965,45,70231,1,720,-0.901,1,-0.75,Walking,True,3.9,0,0
1789904328965,45,70231,1,720,-0.901,1,-0.75,Walking,True,3.9,0,0
1789904328965,45,70231,1,720,-0.901,1,-0.75,Walking,True,3.9,0,0
1789904328965,45,70231,1,720,-0.901,1,-0.75,Walking,True,3.9,0,0
1789904328965,45,70231,1,720,-0.901,1,-0.75,Walking,True,3.9,0,0
1789904328965,45,70231,1,720,-0.901,1,-0.75,Walking,True,3.9,0,0
1789904328981,46,71609,1,736,-0.901,1,-0.75,Walking,True,3.9,0,0
1789904328981,46,71609,1,736,-0.901,1,-0.75,Walking,True,3.9,0,0
1789904328981,46,71609,1,736,-0.901,1,-0.75,Walking,True,3.9,0,0
1789904328981,46,71609,1,736,-0.901,1,-0.75,Walking,True,3.9,0,0
1789904328981,46,71609,1,736,-0.901,1,-0.75,Walking,True,3.9,0,0
1789904328981,46,71609,1,736,-0.901,1,-0.75,Walking,True,3.9,0,0
1789904328981,46,71609,1,736,-0.901,1,-0.75,Walking,True,3.9,0,0
1789904328981,46,71609,1,736,-0.901,1,-0.75,Walking,True,3.9,0,0
1789904328996,47,73069,1,752,-0.901,1,-0.75,Walking,True,3.9,0,0
1789904328996,47,73069,1,752,-0.901,1,-0.75,Walking,True,3.9,0,0
1789904328996,47,73069,1,752,-0.901,1,-0.75,Walking,True,3.9,0,0
1789904328996,47,73069,1,752,-0.901,1,-0.75,Walking,True,3.9,0,0
1789904328996,47,73069,1,752,-0.901,1,-0.75,Walking,True,3.9,0,0
1789904328996,47,73069,1,752,-0.901,1,-0.75,Walking,True,3.9,0,0
1789904328996,47,73069,1,752,-0.901,1,-0.75,Walking,True,3.9,0,0
1789904328996,47,73069,1,752,-0.901,1,-0.75,Walking,True,3.9,0,0
1789904329012,48,74514,1,768,-0.901,1,-0.75,Walking,True,3.9,0,0
1789904329012,48,74514,1,768,-0.901,1,-0.75,Walking,True,3.9,0,0
1789904329012,48,74514,1,768,-0.901,1,-0.75,Walking,True,3.9,0,0
1789904329012,48,74514,1,768,-0.901,1,-0.75,Walking,True,3.9,0,0
1789904329012,48,74514,1,768,-0.901,1,-0.75,Walking,True,3.9,0,0
1789904329012,48,74514,1,768,-0.901,1,-0.75,Walking,True,3.9,0,0
1789904329012,48,74514,1,768,-0.901,1,-0.75,Walking,True,3.9,0,0
1789904329012,48,74514,1,768,-0.901,1,-0.75,Walking,True,3.9,0,0
1789904329028,49,75941,1,784,-0.901,1,-0.75,Walking,True,3.9,0,0
1789904329028,49,75941,1,784,-0.901,1,-0.75,Walking,True,3.9,0,0
1789904329028,49,75941,1,784,-0.901,1,-0.75,Walking,True,3.9,0,0
1789904329028,49,75941,1,784,-0.901,1,-0.75,Walking,True,3.9,0,0
1789904329028,49,75941,1,784,-0.901,1,-0.75,Walking,True,3.9,0,0
1789904329028,49,75941,1,784,-0.901,1,-0.75,Walking,True,3.9,0,0
1789904329028,49,75941,1,784,-0.901,1,-0.75,Walking,True,3.9,0,0
1789904329028,49,75941,1,784,-0.901,1,-0.75,Walking,True,3.9,0,0
1789904329044,50,76966,1,800,-0.901,1,-0.75,Walking,True,3.9,0,0
1789904329044,50,76966,1,800,-0.901,1,-0.75,Walking,True,3.9,0,0
1789904329044,50,76966,1,800,-0.901,1,-0.75,Walking,True,3.9,0,0
1789904329044,50,76966,1,800,-0.901,1,-0.75,Walking,True,3.9,0,0
1789904329044,50,76966,1,800,-0.901,1,-0.75,Walking,True,3.9,0,0
1789904329044,50,76966,1,800,-0.901,1,-0.75,Walking,True,3.9,0,0
1789904329044,50,76966,1,800,-0.901,1,-0.75,Walking,True,3.9,0,0
1789904329044,50,76966,1,800,-0.901,1,-0.75,Walking,True,3.9,0,0
1789904329059,51,78011,1,816,-0.901,1,-0.75,Walking,True,3.9,0,0
1789904329059,51,78011,1,816,-0.901,1,-0.75,Walking,True,3.9,0,0
1789904329059,51,78011,1,816,-0.901,1,-0.75,Walking,True,3.9,0,0
1789904329059,51,78011,1,816,-0.901,1,-0.75,Walking,True,3.9,0,0
1789904329059,51,78011,1,816,-0.901,1,-0.75,Walking,True,3.9,0,0
1789904329059,51,78011,1,816,-0.901,1,-0.75,Walking,True,3.9,0,0
1789904329059,51,78011,1,816,-0.901,1,-0.75,Walking,True,3.9,0,0
1789904329059,51,78011,1,816,-0.901,1,-0.75,Walking,True,3.9,0,0
1789904329076,52,79099,1,832,-0.901,1,-0.75,Walking,True,3.9,0,0
1789904329076,52,79099,1,832,-0.901,1,-0.75,Walking,True,3.9,0,0
1789904329076,52,79099,1,832,-0.901,1,-0.75,Walking,True,3.9,0,0
1789904329076,52,79099,1,832,-0.901,1,-0.75,Walking,True,3.9,0,0
1789904329076,52,79099,1,832,-0.901,1,-0.75,Walking,True,3.9,0,0
1789904329076,52,79099,1,832,-0.901,1,-0.75,Walking,True,3.9,0,0
1789904329076,52,79099,1,832,-0.901,1,-0.75,Walking,True,3.9,0,0
1789904329076,52,79099,1,832,-0.901,1,-0.75,Walking,True,3.9,0,0
1789904329091,53,80221,1,848,-0.901,1,-0.75,Walking,True,3.9,0,0
1789904329091,53,80221,1,848,-0.901,1,-0.75,Walking,True,3.9,0,0
1789904329091,53,80221,1,848,-0.901,1,-0.75,Walking,True,3.9,0,0
1789904329091,53,80221,1,848,-0.901,1,-0.75,Walking,True,3.9,0,0
1789904329091,53,80221,1,848,-0.901,1,-0.75,Walking,True,3.9,0,0
1789904329091,53,80221,1,848,-0.901,1,-0.75,Walking,True,3.9,0,0
1789904329091,53,80221,1,848,-0.901,1,-0.75,Walking,True,3.9,0,0
1789904329091,53,80221,1,848,-0.901,1,-0.75,Walking,True,3.9,0,0
1789904329106,54,81245,1,864,-0.901,1,-0.75,Walking,True,3.9,0,0
1789904329106,54,81245,1,864,-0.901,1,-0.75,Walking,True,3.9,0,0
1789904329106,54,81245,1,864,-0.901,1,-0.75,Walking,True,3.9,0,0
1789904329106,54,81245,1,864,-0.901,1,-0.75,Walking,True,3.9,0,0
1789904329106,54,81245,1,864,-0.901,1,-0.75,Walking,True,3.9,0,0
1789904329106,54,81245,1,864,-0.901,1,-0.75,Walking,True,3.9,0,0
1789904329106,54,81245,1,864,-0.901,1,-0.75,Walking,True,3.9,0,0
1789904329106,54,81245,1,864,-0.901,1,-0.75,Walking,True,3.9,0,0
1789904329121,55,82322,1,880,-0.901,1,-0.75,Walking,True,3.9,0,0
1789904329121,55,82322,1,880,-0.901,1,-0.75,Walking,True,3.9,0,0
1789904329121,55,82322,1,880,-0.901,1,-0.75,Walking,True,3.9,0,0
1789904329121,55,82322,1,880,-0.901,1,-0.75,Walking,True,3.9,0,0
1789904329121,55,82322,1,880,-0.901,1,-0.75,Walking,True,3.9,0,0
1789904329121,55,82322,1,880,-0.901,1,-0.75,Walking,True,3.9,0,0
1789904329121,55,82322,1,880,-0.901,1,-0.75,Walking,True,3.9,0,0
1789904329121,55,82322,1,880,-0.901,1,-0.75,Walking,True,3.9,0,0
1789904329137,56,83307,1,896,-0.901,1,-0.75,Walking,True,3.9,0,0
1789904329137,56,83307,1,896,-0.901,1,-0.75,Walking,True,3.9,0,0
1789904329137,56,83307,1,896,-0.901,1,-0.75,Walking,True,3.9,0,0
1789904329137,56,83307,1,896,-0.901,1,-0.75,Walking,True,3.9,0,0
1789904329137,56,83307,1,896,-0.901,1,-0.75,Walking,True,3.9,0,0
1789904329137,56,83307,1,896,-0.901,1,-0.75,Walking,True,3.9,0,0
1789904329137,56,83307,1,896,-0.901,1,-0.75,Walking,True,3.9,0,0
1789904329137,56,83307,1,896,-0.901,1,-0.75,Walking,True,3.9,0,0
1789904329152,57,84313,1,912,-0.901,1,-0.75,Walking,True,3.9,0,0
1789904329152,57,84313,1,912,-0.901,1,-0.75,Walking,True,3.9,0,0
1789904329152,57,84313,1,912,-0.901,1,-0.75,Walking,True,3.9,0,0
1789904329152,57,84313,1,912,-0.901,1,-0.75,Walking,True,3.9,0,0
1789904329152,57,84313,1,912,-0.901,1,-0.75,Walking,True,3.9,0,0
1789904329152,57,84313,1,912,-0.901,1,-0.75,Walking,True,3.9,0,0
1789904329152,57,84313,1,912,-0.901,1,-0.75,Walking,True,3.9,0,0
1789904329152,57,84313,1,912,-0.901,1,-0.75,Walking,True,3.9,0,0
1789904329168,58,85376,1,928,-0.901,1,-0.75,Walking,True,3.9,0,0
1789904329168,58,85376,1,928,-0.901,1,-0.75,Walking,True,3.9,0,0
1789904329168,58,85376,1,928,-0.901,1,-0.75,Walking,True,3.9,0,0
1789904329168,58,85376,1,928,-0.901,1,-0.75,Walking,True,3.9,0,0
1789904329168,58,85376,1,928,-0.901,1,-0.75,Walking,True,3.9,0,0
1789904329168,58,85376,1,928,-0.901,1,-0.75,Walking,True,3.9,0,0
1789904329168,58,85376,1,928,-0.901,1,-0.75,Walking,True,3.9,0,0
1789904329168,58,85376,1,928,-0.901,1,-0.75,Walking,True,3.9,0,0
1789904329184,59,86476,1,944,-0.901,1,-0.75,Walking,True,3.9,0,0
1789904329184,59,86476,1,944,-0.901,1,-0.75,Walking,True,3.9,0,0
1789904329184,59,86476,1,944,-0.901,1,-0.75,Walking,True,3.9,0,0
1789904329184,59,86476,1,944,-0.901,1,-0.75,Walking,True,3.9,0,0
1789904329185,59,86476,1,944,-0.901,1,-0.75,Walking,True,3.9,0,0
1789904329185,59,86476,1,944,-0.901,1,-0.75,Walking,True,3.9,0,0
1789904329185,59,86476,1,944,-0.901,1,-0.75,Walking,True,3.9,0,0
1789904329185,59,86476,1,944,-0.901,1,-0.75,Walking,True,3.9,0,0
1789904329199,60,87561,1,960,-0.901,1,-0.75,Walking,True,3.9,0,0
1789904329199,60,87561,1,960,-0.901,1,-0.75,Walking,True,3.9,0,0
1789904329199,60,87561,1,960,-0.901,1,-0.75,Walking,True,3.9,0,0
1789904329199,60,87561,1,960,-0.901,1,-0.75,Walking,True,3.9,0,0
1789904329199,60,87561,1,960,-0.901,1,-0.75,Walking,True,3.9,0,0
1789904329199,60,87561,1,960,-0.901,1,-0.75,Walking,True,3.9,0,0
1789904329199,60,87561,1,960,-0.901,1,-0.75,Walking,True,3.9,0,0
1789904329199,60,87561,1,960,-0.901,1,-0.75,Walking,True,3.9,0,0
1789904329215,61,88705,1,976,-0.901,1,-0.75,Walking,True,3.9,0,0
1789904329215,61,88705,1,976,-0.901,1,-0.75,Walking,True,3.9,0,0
1789904329215,61,88705,1,976,-0.901,1,-0.75,Walking,True,3.9,0,0
1789904329215,61,88705,1,976,-0.901,1,-0.75,Walking,True,3.9,0,0
1789904329215,61,88705,1,976,-0.901,1,-0.75,Walking,True,3.9,0,0
1789904329215,61,88705,1,976,-0.901,1,-0.75,Walking,True,3.9,0,0
1789904329215,61,88705,1,976,-0.901,1,-0.75,Walking,True,3.9,0,0
1789904329215,61,88705,1,976,-0.901,1,-0.75,Walking,True,3.9,0,0
1789904329231,62,89773,1,992,-0.901,1,-0.75,Walking,True,3.9,0,0
1789904329231,62,89773,1,992,-0.901,1,-0.75,Walking,True,3.9,0,0
1789904329231,62,89773,1,992,-0.901,1,-0.75,Walking,True,3.9,0,0
1789904329231,62,89773,1,992,-0.901,1,-0.75,Walking,True,3.9,0,0
1789904329231,62,89773,1,992,-0.901,1,-0.75,Walking,True,3.9,0,0
1789904329231,62,89773,1,992,-0.901,1,-0.75,Walking,True,3.9,0,0
1789904329231,62,89773,1,992,-0.901,1,-0.75,Walking,True,3.9,0,0
1789904329231,62,89773,1,992,-0.901,1,-0.75,Walking,True,3.9,0,0
1789904329247,63,90926,1,1008,-0.901,1,-0.75,Walking,True,3.9,0,0
1789904329247,63,90926,1,1008,-0.901,1,-0.75,Walking,True,3.9,0,0
1789904329247,63,90926,1,1008,-0.901,1,-0.75,Walking,True,3.9,0,0
1789904329247,63,90926,1,1008,-0.901,1,-0.75,Walking,True,3.9,0,0
1789904329247,63,90926,1,1008,-0.901,1,-0.75,Walking,True,3.9,0,0
1789904329247,63,90926,1,1008,-0.901,1,-0.75,Walking,True,3.9,0,0
1789904329247,63,90926,1,1008,-0.901,1,-0.75,Walking,True,3.9,0,0
1789904329247,63,90926,1,1008,-0.901,1,-0.75,Walking,True,3.9,0,0
1789904329263,64,92040,1,1024,-0.901,1,-0.75,Walking,True,3.9,0,0
1789904329263,64,92040,1,1024,-0.901,1,-0.75,Walking,True,3.9,0,0
1789904329263,64,92040,1,1024,-0.901,1,-0.75,Walking,True,3.9,0,0
1789904329263,64,92040,1,1024,-0.901,1,-0.75,Walking,True,3.9,0,0
1789904329263,64,92040,1,1024,-0.901,1,-0.75,Walking,True,3.9,0,0
1789904329263,64,92040,1,1024,-0.901,1,-0.75,Walking,True,3.9,0,0
1789904329263,64,92040,1,1024,-0.901,1,-0.75,Walking,True,3.9,0,0
1789904329263,64,92040,1,1024,-0.901,1,-0.75,Walking,True,3.9,0,0
1789904329278,65,93250,1,1040,-0.901,1,-0.75,Walking,True,3.9,0,0
1789904329278,65,93250,1,1040,-0.901,1,-0.75,Walking,True,3.9,0,0
1789904329278,65,93250,1,1040,-0.901,1,-0.75,Walking,True,3.9,0,0
1789904329278,65,93250,1,1040,-0.901,1,-0.75,Walking,True,3.9,0,0
1789904329278,65,93250,1,1040,-0.901,1,-0.75,Walking,True,3.9,0,0
1789904329278,65,93250,1,1040,-0.901,1,-0.75,Walking,True,3.9,0,0
1789904329278,65,93250,1,1040,-0.901,1,-0.75,Walking,True,3.9,0,0
1789904329278,65,93250,1,1040,-0.901,1,-0.75,Walking,True,3.9,0,0
1789904329294,66,94255,1,1056,-0.901,1,-0.75,Walking,True,3.9,0,0
1789904329294,66,94255,1,1056,-0.901,1,-0.75,Walking,True,3.9,0,0
1789904329294,66,94255,1,1056,-0.901,1,-0.75,Walking,True,3.9,0,0
1789904329294,66,94255,1,1056,-0.901,1,-0.75,Walking,True,3.9,0,0
1789904329294,66,94255,1,1056,-0.901,1,-0.75,Walking,True,3.9,0,0
1789904329294,66,94255,1,1056,-0.901,1,-0.75,Walking,True,3.9,0,0
1789904329294,66,94255,1,1056,-0.901,1,-0.75,Walking,True,3.9,0,0
1789904329294,66,94255,1,1056,-0.901,1,-0.75,Walking,True,3.9,0,0
1789904329325,67,95366,1,1072,-0.901,1,-0.75,Walking,True,3.9,0,0
1789904329325,67,95366,1,1072,-0.901,1,-0.75,Walking,True,3.9,0,0
1789904329325,67,95366,1,1072,-0.901,1,-0.75,Walking,True,3.9,0,0
1789904329325,67,95366,1,1072,-0.901,1,-0.75,Walking,True,3.9,0,0
1789904329325,67,95366,1,1072,-0.901,1,-0.75,Walking,True,3.9,0,0
1789904329325,67,95366,1,1072,-0.901,1,-0.75,Walking,True,3.9,0,0
1789904329325,67,95366,1,1072,-0.901,1,-0.75,Walking,True,3.9,0,0
1789904329325,67,95366,1,1072,-0.901,1,-0.75,Walking,True,3.9,0,0
1789904329341,68,98023,1,1088,-0.901,1,-0.75,Walking,True,3.9,0,0
1789904329341,68,98023,1,1088,-0.901,1,-0.75,Walking,True,3.9,0,0
1789904329341,68,98023,1,1088,-0.901,1,-0.75,Walking,True,3.9,0,0
1789904329341,68,98023,1,1088,-0.901,1,-0.75,Walking,True,3.9,0,0
1789904329341,68,98023,1,1088,-0.901,1,-0.75,Walking,True,3.9,0,0
1789904329341,68,98023,1,1088,-0.901,1,-0.75,Walking,True,3.9,0,0
1789904329341,68,98023,1,1088,-0.901,1,-0.75,Walking,True,3.9,0,0
1789904329341,68,98023,1,1088,-0.901,1,-0.75,Walking,True,3.9,0,0
1789904329356,69,99507,1,1104,-0.901,1,-0.75,Walking,True,3.9,0,0
1789904329356,69,99507,1,1104,-0.901,1,-0.75,Walking,True,3.9,0,0
1789904329356,69,99507,1,1104,-0.901,1,-0.75,Walking,True,3.9,0,0
1789904329356,69,99507,1,1104,-0.901,1,-0.75,Walking,True,3.9,0,0
1789904329356,69,99507,1,1104,-0.901,1,-0.75,Walking,True,3.9,0,0
1789904329356,69,99507,1,1104,-0.901,1,-0.75,Walking,True,3.9,0,0
1789904329356,69,99507,1,1104,-0.901,1,-0.75,Walking,True,3.9,0,0
1789904329356,69,99507,1,1104,-0.901,1,-0.75,Walking,True,3.9,0,0
1789904329372,70,100804,1,1120,-0.901,1,-0.75,Walking,True,3.9,0,0
1789904329372,70,100804,1,1120,-0.901,1,-0.75,Walking,True,3.9,0,0
1789904329372,70,100804,1,1120,-0.901,1,-0.75,Walking,True,3.9,0,0
1789904329372,70,100804,1,1120,-0.901,1,-0.75,Walking,True,3.9,0,0
1789904329372,70,100804,1,1120,-0.901,1,-0.75,Walking,True,3.9,0,0
1789904329372,70,100804,1,1120,-0.901,1,-0.75,Walking,True,3.9,0,0
1789904329372,70,100804,1,1120,-0.901,1,-0.75,Walking,True,3.9,0,0
1789904329372,70,100804,1,1120,-0.901,1,-0.75,Walking,True,3.9,0,0
1789904329387,71,101964,1,1136,-0.901,1,-0.75,Walking,True,3.9,0,0
1789904329387,71,101964,1,1136,-0.901,1,-0.75,Walking,True,3.9,0,0
1789904329387,71,101964,1,1136,-0.901,1,-0.75,Walking,True,3.9,0,0
1789904329387,71,101964,1,1136,-0.901,1,-0.75,Walking,True,3.9,0,0
1789904329387,71,101964,1,1136,-0.901,1,-0.75,Walking,True,3.9,0,0
1789904329387,71,101964,1,1136,-0.901,1,-0.75,Walking,True,3.9,0,0
1789904329387,71,101964,1,1136,-0.901,1,-0.75,Walking,True,3.9,0,0
1789904329387,71,101964,1,1136,-0.901,1,-0.75,Walking,True,3.9,0,0
1789904329403,72,103076,1,1152,-0.901,1,-0.75,Walking,True,3.9,0,0
1789904329403,72,103076,1,1152,-0.901,1,-0.75,Walking,True,3.9,0,0
1789904329403,72,103076,1,1152,-0.901,1,-0.75,Walking,True,3.9,0,0
1789904329403,72,103076,1,1152,-0.901,1,-0.75,Walking,True,3.9,0,0
1789904329403,72,103076,1,1152,-0.901,1,-0.75,Walking,True,3.9,0,0
1789904329403,72,103076,1,1152,-0.901,1,-0.75,Walking,True,3.9,0,0
1789904329403,72,103076,1,1152,-0.901,1,-0.75,Walking,True,3.9,0,0
1789904329403,72,103076,1,1152,-0.901,1,-0.75,Walking,True,3.9,0,0
1789904329418,73,104041,1,1168,-0.901,1,-0.75,Walking,True,3.9,0,0
1789904329418,73,104041,1,1168,-0.901,1,-0.75,Walking,True,3.9,0,0
1789904329418,73,104041,1,1168,-0.901,1,-0.75,Walking,True,3.9,0,0
1789904329418,73,104041,1,1168,-0.901,1,-0.75,Walking,True,3.9,0,0
1789904329418,73,104041,1,1168,-0.901,1,-0.75,Walking,True,3.9,0,0
1789904329418,73,104041,1,1168,-0.901,1,-0.75,Walking,True,3.9,0,0
1789904329418,73,104041,1,1168,-0.901,1,-0.75,Walking,True,3.9,0,0
1789904329418,73,104041,1,1168,-0.901,1,-0.75,Walking,True,3.9,0,0
1789904329434,74,105205,1,1184,-0.901,1,-0.75,Walking,True,3.9,0,0
1789904329434,74,105205,1,1184,-0.901,1,-0.75,Walking,True,3.9,0,0
1789904329434,74,105205,1,1184,-0.901,1,-0.75,Walking,True,3.9,0,0
1789904329434,74,105205,1,1184,-0.901,1,-0.75,Walking,True,3.9,0,0
1789904329434,74,105205,1,1184,-0.901,1,-0.75,Walking,True,3.9,0,0
1789904329434,74,105205,1,1184,-0.901,1,-0.75,Walking,True,3.9,0,0
1789904329434,74,105205,1,1184,-0.901,1,-0.75,Walking,True,3.9,0,0
1789904329434,74,105205,1,1184,-0.901,1,-0.75,Walking,True,3.9,0,0
1789904329449,75,106285,1,1200,-0.901,1,-0.75,Walking,True,3.9,0,0
1789904329449,75,106285,1,1200,-0.901,1,-0.75,Walking,True,3.9,0,0
1789904329449,75,106285,1,1200,-0.901,1,-0.75,Walking,True,3.9,0,0
1789904329449,75,106285,1,1200,-0.901,1,-0.75,Walking,True,3.9,0,0
1789904329449,75,106285,1,1200,-0.901,1,-0.75,Walking,True,3.9,0,0
1789904329449,75,106285,1,1200,-0.901,1,-0.75,Walking,True,3.9,0,0
1789904329450,75,106285,1,1200,-0.901,1,-0.75,Walking,True,3.9,0,0
1789904329450,75,106285,1,1200,-0.901,1,-0.75,Walking,True,3.9,0,0
1789904329464,76,107350,1,1216,-0.901,1,-0.75,Walking,True,3.9,0,0
1789904329464,76,107350,1,1216,-0.901,1,-0.75,Walking,True,3.9,0,0
1789904329464,76,107350,1,1216,-0.901,1,-0.75,Walking,True,3.9,0,0
1789904329464,76,107350,1,1216,-0.901,1,-0.75,Walking,True,3.9,0,0
1789904329464,76,107350,1,1216,-0.901,1,-0.75,Walking,True,3.9,0,0
1789904329464,76,107350,1,1216,-0.901,1,-0.75,Walking,True,3.9,0,0
1789904329464,76,107350,1,1216,-0.901,1,-0.75,Walking,True,3.9,0,0
1789904329464,76,107350,1,1216,-0.901,1,-0.75,Walking,True,3.9,0,0
1789904329481,77,108317,1,1232,-0.901,1,-0.75,Walking,True,3.9,0,0
1789904329481,77,108317,1,1232,-0.901,1,-0.75,Walking,True,3.9,0,0
1789904329481,77,108317,1,1232,-0.901,1,-0.75,Walking,True,3.9,0,0
1789904329481,77,108317,1,1232,-0.901,1,-0.75,Walking,True,3.9,0,0
1789904329481,77,108317,1,1232,-0.901,1,-0.75,Walking,True,3.9,0,0
1789904329481,77,108317,1,1232,-0.901,1,-0.75,Walking,True,3.9,0,0
1789904329481,77,108317,1,1232,-0.901,1,-0.75,Walking,True,3.9,0,0
1789904329481,77,108317,1,1232,-0.901,1,-0.75,Walking,True,3.9,0,0
1789904329496,78,109442,1,1248,-0.901,1,-0.75,Walking,True,3.9,0,0
1789904329496,78,109442,1,1248,-0.901,1,-0.75,Walking,True,3.9,0,0
1789904329496,78,109442,1,1248,-0.901,1,-0.75,Walking,True,3.9,0,0
1789904329496,78,109442,1,1248,-0.901,1,-0.75,Walking,True,3.9,0,0
1789904329496,78,109442,1,1248,-0.901,1,-0.75,Walking,True,3.9,0,0
1789904329496,78,109442,1,1248,-0.901,1,-0.75,Walking,True,3.9,0,0
1789904329496,78,109442,1,1248,-0.901,1,-0.75,Walking,True,3.9,0,0
1789904329496,78,109442,1,1248,-0.901,1,-0.75,Walking,True,3.9,0,0
1789904329511,79,110374,1,1264,-0.901,1,-0.75,Walking,True,3.9,0,0
1789904329511,79,110374,1,1264,-0.901,1,-0.75,Walking,True,3.9,0,0
1789904329511,79,110374,1,1264,-0.901,1,-0.75,Walking,True,3.9,0,0
1789904329511,79,110374,1,1264,-0.901,1,-0.75,Walking,True,3.9,0,0
1789904329511,79,110374,1,1264,-0.901,1,-0.75,Walking,True,3.9,0,0
1789904329511,79,110374,1,1264,-0.901,1,-0.75,Walking,True,3.9,0,0
1789904329511,79,110374,1,1264,-0.901,1,-0.75,Walking,True,3.9,0,0
1789904329511,79,110374,1,1264,-0.901,1,-0.75,Walking,True,3.9,0,0
1789904329527,80,111409,1,1280,-0.901,1,-0.75,Walking,True,3.9,0,0
1789904329527,80,111409,1,1280,-0.901,1,-0.75,Walking,True,3.9,0,0
1789904329527,80,111409,1,1280,-0.901,1,-0.75,Walking,True,3.9,0,0
1789904329527,80,111409,1,1280,-0.901,1,-0.75,Walking,True,3.9,0,0
1789904329527,80,111409,1,1280,-0.901,1,-0.75,Walking,True,3.9,0,0
1789904329527,80,111409,1,1280,-0.901,1,-0.75,Walking,True,3.9,0,0
1789904329527,80,111409,1,1280,-0.901,1,-0.75,Walking,True,3.9,0,0
1789904329527,80,111409,1,1280,-0.901,1,-0.75,Walking,True,3.9,0,0
1789904329542,81,112558,1,1296,-0.901,1,-0.75,Walking,True,3.9,0,0
1789904329543,81,112558,1,1296,-0.901,1,-0.75,Walking,True,3.9,0,0
1789904329543,81,112558,1,1296,-0.901,1,-0.75,Walking,True,3.9,0,0
1789904329543,81,112558,1,1296,-0.901,1,-0.75,Walking,True,3.9,0,0
1789904329543,81,112558,1,1296,-0.901,1,-0.75,Walking,True,3.9,0,0
1789904329543,81,112558,1,1296,-0.901,1,-0.75,Walking,True,3.9,0,0
1789904329543,81,112558,1,1296,-0.901,1,-0.75,Walking,True,3.9,0,0
1789904329543,81,112558,1,1296,-0.901,1,-0.75,Walking,True,3.9,0,0
1789904329558,82,113666,1,1312,-0.901,1,-0.75,Walking,True,3.9,0,0
1789904329558,82,113666,1,1312,-0.901,1,-0.75,Walking,True,3.9,0,0
1789904329558,82,113666,1,1312,-0.901,1,-0.75,Walking,True,3.9,0,0
1789904329558,82,113666,1,1312,-0.901,1,-0.75,Walking,True,3.9,0,0
1789904329558,82,113666,1,1312,-0.901,1,-0.75,Walking,True,3.9,0,0
1789904329558,82,113666,1,1312,-0.901,1,-0.75,Walking,True,3.9,0,0
1789904329558,82,113666,1,1312,-0.901,1,-0.75,Walking,True,3.9,0,0
1789904329558,82,113666,1,1312,-0.901,1,-0.75,Walking,True,3.9,0,0
1789904329574,83,114682,1,1328,-0.901,1,-0.75,Walking,True,3.9,0,0
1789904329574,83,114682,1,1328,-0.901,1,-0.75,Walking,True,3.9,0,0
1789904329574,83,114682,1,1328,-0.901,1,-0.75,Walking,True,3.9,0,0
1789904329574,83,114682,1,1328,-0.901,1,-0.75,Walking,True,3.9,0,0
1789904329574,83,114682,1,1328,-0.901,1,-0.75,Walking,True,3.9,0,0
1789904329574,83,114682,1,1328,-0.901,1,-0.75,Walking,True,3.9,0,0
1789904329574,83,114682,1,1328,-0.901,1,-0.75,Walking,True,3.9,0,0
1789904329574,83,114682,1,1328,-0.901,1,-0.75,Walking,True,3.9,0,0
1789904329590,84,115704,1,1344,-0.901,1,-0.75,Walking,True,3.9,0,0
1789904329590,84,115704,1,1344,-0.901,1,-0.75,Walking,True,3.9,0,0
1789904329590,84,115704,1,1344,-0.901,1,-0.75,Walking,True,3.9,0,0
1789904329590,84,115704,1,1344,-0.901,1,-0.75,Walking,True,3.9,0,0
1789904329590,84,115704,1,1344,-0.901,1,-0.75,Walking,True,3.9,0,0
1789904329590,84,115704,1,1344,-0.901,1,-0.75,Walking,True,3.9,0,0
1789904329590,84,115704,1,1344,-0.901,1,-0.75,Walking,True,3.9,0,0
1789904329590,84,115704,1,1344,-0.901,1,-0.75,Walking,True,3.9,0,0
1789904329605,85,116966,1,1360,-0.901,1,-0.75,Walking,True,3.9,0,0
1789904329605,85,116966,1,1360,-0.901,1,-0.75,Walking,True,3.9,0,0
1789904329605,85,116966,1,1360,-0.901,1,-0.75,Walking,True,3.9,0,0
1789904329605,85,116966,1,1360,-0.901,1,-0.75,Walking,True,3.9,0,0
1789904329605,85,116966,1,1360,-0.901,1,-0.75,Walking,True,3.9,0,0
1789904329605,85,116966,1,1360,-0.901,1,-0.75,Walking,True,3.9,0,0
1789904329605,85,116966,1,1360,-0.901,1,-0.75,Walking,True,3.9,0,0
1789904329605,85,116966,1,1360,-0.901,1,-0.75,Walking,True,3.9,0,0
1789904329621,86,118167,1,1376,-0.901,1,-0.75,Walking,True,3.9,0,0
1789904329621,86,118167,1,1376,-0.901,1,-0.75,Walking,True,3.9,0,0
1789904329621,86,118167,1,1376,-0.901,1,-0.75,Walking,True,3.9,0,0
1789904329621,86,118167,1,1376,-0.901,1,-0.75,Walking,True,3.9,0,0
1789904329621,86,118167,1,1376,-0.901,1,-0.75,Walking,True,3.9,0,0
1789904329621,86,118167,1,1376,-0.901,1,-0.75,Walking,True,3.9,0,0
1789904329621,86,118167,1,1376,-0.901,1,-0.75,Walking,True,3.9,0,0
1789904329621,86,118167,1,1376,-0.901,1,-0.75,Walking,True,3.9,0,0
1789904329637,87,119180,1,1392,-0.901,1,-0.75,Walking,True,3.9,0,0
1789904329637,87,119180,1,1392,-0.901,1,-0.75,Walking,True,3.9,0,0
1789904329637,87,119180,1,1392,-0.901,1,-0.75,Walking,True,3.9,0,0
1789904329637,87,119180,1,1392,-0.901,1,-0.75,Walking,True,3.9,0,0
1789904329637,87,119180,1,1392,-0.901,1,-0.75,Walking,True,3.9,0,0
1789904329637,87,119180,1,1392,-0.901,1,-0.75,Walking,True,3.9,0,0
1789904329637,87,119180,1,1392,-0.901,1,-0.75,Walking,True,3.9,0,0
1789904329637,87,119180,1,1392,-0.901,1,-0.75,Walking,True,3.9,0,0
1789904329652,88,120391,1,1408,-0.901,1,-0.75,Walking,True,3.9,0,0
1789904329652,88,120391,1,1408,-0.901,1,-0.75,Walking,True,3.9,0,0
1789904329652,88,120391,1,1408,-0.901,1,-0.75,Walking,True,3.9,0,0
1789904329652,88,120391,1,1408,-0.901,1,-0.75,Walking,True,3.9,0,0
1789904329652,88,120391,1,1408,-0.901,1,-0.75,Walking,True,3.9,0,0
1789904329652,88,120391,1,1408,-0.901,1,-0.75,Walking,True,3.9,0,0
1789904329652,88,120391,1,1408,-0.901,1,-0.75,Walking,True,3.9,0,0
1789904329652,88,120391,1,1408,-0.901,1,-0.75,Walking,True,3.9,0,0
1789904329668,89,121549,1,1424,-0.901,1,-0.75,Walking,True,3.9,0,0
1789904329668,89,121549,1,1424,-0.901,1,-0.75,Walking,True,3.9,0,0
1789904329668,89,121549,1,1424,-0.901,1,-0.75,Walking,True,3.9,0,0
1789904329668,89,121549,1,1424,-0.901,1,-0.75,Walking,True,3.9,0,0
1789904329668,89,121549,1,1424,-0.901,1,-0.75,Walking,True,3.9,0,0
1789904329668,89,121549,1,1424,-0.901,1,-0.75,Walking,True,3.9,0,0
1789904329668,89,121549,1,1424,-0.901,1,-0.75,Walking,True,3.9,0,0
1789904329668,89,121549,1,1424,-0.901,1,-0.75,Walking,True,3.9,0,0
1789904329684,90,122675,1,1440,-0.901,1,-0.75,Walking,True,3.9,0,0
1789904329684,90,122675,1,1440,-0.901,1,-0.75,Walking,True,3.9,0,0
1789904329684,90,122675,1,1440,-0.901,1,-0.75,Walking,True,3.9,0,0
1789904329684,90,122675,1,1440,-0.901,1,-0.75,Walking,True,3.9,0,0
1789904329684,90,122675,1,1440,-0.901,1,-0.75,Walking,True,3.9,0,0
1789904329684,90,122675,1,1440,-0.901,1,-0.75,Walking,True,3.9,0,0
1789904329684,90,122675,1,1440,-0.901,1,-0.75,Walking,True,3.9,0,0
1789904329684,90,122675,1,1440,-0.901,1,-0.75,Walking,True,3.9,0,0
1789904329698,91,123862,1,1456,-0.901,1,-0.75,Walking,True,3.9,0,0
1789904329698,91,123862,1,1456,-0.901,1,-0.75,Walking,True,3.9,0,0
1789904329698,91,123862,1,1456,-0.901,1,-0.75,Walking,True,3.9,0,0
1789904329698,91,123862,1,1456,-0.901,1,-0.75,Walking,True,3.9,0,0
1789904329698,91,123862,1,1456,-0.901,1,-0.75,Walking,True,3.9,0,0
1789904329698,91,123862,1,1456,-0.901,1,-0.75,Walking,True,3.9,0,0
1789904329698,91,123862,1,1456,-0.901,1,-0.75,Walking,True,3.9,0,0
1789904329698,91,123862,1,1456,-0.901,1,-0.75,Walking,True,3.9,0,0
1789904329714,92,125072,1,1472,-0.901,1,-0.75,Walking,True,3.9,0,0
1789904329714,92,125072,1,1472,-0.901,1,-0.75,Walking,True,3.9,0,0
1789904329714,92,125072,1,1472,-0.901,1,-0.75,Walking,True,3.9,0,0
1789904329714,92,125072,1,1472,-0.901,1,-0.75,Walking,True,3.9,0,0
1789904329714,92,125072,1,1472,-0.901,1,-0.75,Walking,True,3.9,0,0
1789904329714,92,125072,1,1472,-0.901,1,-0.75,Walking,True,3.9,0,0
1789904329714,92,125072,1,1472,-0.901,1,-0.75,Walking,True,3.9,0,0
1789904329714,92,125072,1,1472,-0.901,1,-0.75,Walking,True,3.9,0,0
1789904329729,93,126475,1,1488,-0.901,1,-0.75,Walking,True,3.9,0,0
1789904329729,93,126475,1,1488,-0.901,1,-0.75,Walking,True,3.9,0,0
1789904329729,93,126475,1,1488,-0.901,1,-0.75,Walking,True,3.9,0,0
1789904329730,93,126475,1,1488,-0.901,1,-0.75,Walking,True,3.9,0,0
1789904329730,93,126475,1,1488,-0.901,1,-0.75,Walking,True,3.9,0,0
1789904329730,93,126475,1,1488,-0.901,1,-0.75,Walking,True,3.9,0,0
1789904329730,93,126475,1,1488,-0.901,1,-0.75,Walking,True,3.9,0,0
1789904329730,93,126475,1,1488,-0.901,1,-0.75,Walking,True,3.9,0,0
1789904329745,94,127963,1,1504,-0.901,1,-0.75,Walking,True,3.9,0,0
1789904329745,94,127963,1,1504,-0.901,1,-0.75,Walking,True,3.9,0,0
1789904329745,94,127963,1,1504,-0.901,1,-0.75,Walking,True,3.9,0,0
1789904329745,94,127963,1,1504,-0.901,1,-0.75,Walking,True,3.9,0,0
1789904329745,94,127963,1,1504,-0.901,1,-0.75,Walking,True,3.9,0,0
1789904329745,94,127963,1,1504,-0.901,1,-0.75,Walking,True,3.9,0,0
1789904329745,94,127963,1,1504,-0.901,1,-0.75,Walking,True,3.9,0,0
1789904329745,94,127963,1,1504,-0.901,1,-0.75,Walking,True,3.9,0,0
1789904329760,95,129498,1,1520,-0.901,1,-0.75,Walking,True,3.9,0,0
1789904329760,95,129498,1,1520,-0.901,1,-0.75,Walking,True,3.9,0,0
1789904329760,95,129498,1,1520,-0.901,1,-0.75,Walking,True,3.9,0,0
1789904329760,95,129498,1,1520,-0.901,1,-0.75,Walking,True,3.9,0,0
1789904329760,95,129498,1,1520,-0.901,1,-0.75,Walking,True,3.9,0,0
1789904329760,95,129498,1,1520,-0.901,1,-0.75,Walking,True,3.9,0,0
1789904329760,95,129498,1,1520,-0.901,1,-0.75,Walking,True,3.9,0,0
1789904329760,95,129498,1,1520,-0.901,1,-0.75,Walking,True,3.9,0,0
1789904329775,96,130929,1,1536,-0.901,1,-0.75,Walking,True,3.9,0,0
1789904329775,96,130929,1,1536,-0.901,1,-0.75,Walking,True,3.9,0,0
1789904329775,96,130929,1,1536,-0.901,1,-0.75,Walking,True,3.9,0,0
1789904329775,96,130929,1,1536,-0.901,1,-0.75,Walking,True,3.9,0,0
1789904329775,96,130929,1,1536,-0.901,1,-0.75,Walking,True,3.9,0,0
1789904329775,96,130929,1,1536,-0.901,1,-0.75,Walking,True,3.9,0,0
1789904329775,96,130929,1,1536,-0.901,1,-0.75,Walking,True,3.9,0,0
1789904329775,96,130929,1,1536,-0.901,1,-0.75,Walking,True,3.9,0,0
1789904329791,97,132369,1,1552,-0.901,1,-0.75,Walking,True,3.9,0,0
1789904329791,97,132369,1,1552,-0.901,1,-0.75,Walking,True,3.9,0,0
1789904329791,97,132369,1,1552,-0.901,1,-0.75,Walking,True,3.9,0,0
1789904329791,97,132369,1,1552,-0.901,1,-0.75,Walking,True,3.9,0,0
1789904329791,97,132369,1,1552,-0.901,1,-0.75,Walking,True,3.9,0,0
1789904329791,97,132369,1,1552,-0.901,1,-0.75,Walking,True,3.9,0,0
1789904329791,97,132369,1,1552,-0.901,1,-0.75,Walking,True,3.9,0,0
1789904329791,97,132369,1,1552,-0.901,1,-0.75,Walking,True,3.9,0,0
1789904329806,98,133831,1,1568,-0.901,1,-0.75,Walking,True,3.9,0,0
1789904329806,98,133831,1,1568,-0.901,1,-0.75,Walking,True,3.9,0,0
1789904329806,98,133831,1,1568,-0.901,1,-0.75,Walking,True,3.9,0,0
1789904329806,98,133831,1,1568,-0.901,1,-0.75,Walking,True,3.9,0,0
1789904329806,98,133831,1,1568,-0.901,1,-0.75,Walking,True,3.9,0,0
1789904329806,98,133831,1,1568,-0.901,1,-0.75,Walking,True,3.9,0,0
1789904329806,98,133831,1,1568,-0.901,1,-0.75,Walking,True,3.9,0,0
1789904329806,98,133831,1,1568,-0.901,1,-0.75,Walking,True,3.9,0,0
1789904329837,99,135327,1,1584,-0.901,1,-0.75,Walking,True,3.9,0,0
1789904329837,99,135327,1,1584,-0.901,1,-0.75,Walking,True,3.9,0,0
1789904329837,99,135327,1,1584,-0.901,1,-0.75,Walking,True,3.9,0,0
1789904329837,99,135327,1,1584,-0.901,1,-0.75,Walking,True,3.9,0,0
1789904329837,99,135327,1,1584,-0.901,1,-0.75,Walking,True,3.9,0,0
1789904329837,99,135327,1,1584,-0.901,1,-0.75,Walking,True,3.9,0,0
1789904329837,99,135327,1,1584,-0.901,1,-0.75,Walking,True,3.9,0,0
1789904329837,99,135327,1,1584,-0.901,1,-0.75,Walking,True,3.9,0,0
1789904329869,100,138311,1,1600,-0.901,1,-0.75,Walking,True,3.9,0,0
1789904329869,101,138312,1,1616,-0.901,1,-0.75,Walking,True,3.9,0,0
1789904329869,101,138312,1,1616,-0.901,1,-0.75,Walking,True,3.9,0,0
1789904329869,101,138312,1,1616,-0.901,1,-0.75,Walking,True,3.9,0,0
1789904329869,101,138312,1,1616,-0.901,1,-0.75,Walking,True,3.9,0,0
1789904329869,101,138312,1,1616,-0.901,1,-0.75,Walking,True,3.9,0,0
1789904329869,101,138312,1,1616,-0.901,1,-0.75,Walking,True,3.9,0,0
1789904329869,101,138312,1,1616,-0.901,1,-0.75,Walking,True,3.9,0,0
1789904329885,102,141174,1,1632,-0.901,1,-0.75,Walking,True,3.9,0,0
1789904329885,102,141174,1,1632,-0.901,1,-0.75,Walking,True,3.9,0,0
1789904329885,102,141174,1,1632,-0.901,1,-0.75,Walking,True,3.9,0,0
1789904329885,102,141174,1,1632,-0.901,1,-0.75,Walking,True,3.9,0,0
1789904329885,102,141174,1,1632,-0.901,1,-0.75,Walking,True,3.9,0,0
1789904329885,102,141174,1,1632,-0.901,1,-0.75,Walking,True,3.9,0,0
1789904329885,102,141174,1,1632,-0.901,1,-0.75,Walking,True,3.9,0,0
1789904329885,102,141174,1,1632,-0.901,1,-0.75,Walking,True,3.9,0,0
1789904329901,103,142578,1,1648,-0.901,1,-0.75,Walking,True,3.9,0,0
1789904329901,103,142578,1,1648,-0.901,1,-0.75,Walking,True,3.9,0,0
1789904329901,103,142578,1,1648,-0.901,1,-0.75,Walking,True,3.9,0,0
1789904329901,103,142578,1,1648,-0.901,1,-0.75,Walking,True,3.9,0,0
1789904329901,103,142578,1,1648,-0.901,1,-0.75,Walking,True,3.9,0,0
1789904329901,103,142578,1,1648,-0.901,1,-0.75,Walking,True,3.9,0,0
1789904329901,103,142578,1,1648,-0.901,1,-0.75,Walking,True,3.9,0,0
1789904329901,103,142578,1,1648,-0.901,1,-0.75,Walking,True,3.9,0,0
1789904329916,104,143819,1,1664,-0.901,1,-0.75,Walking,True,3.9,0,0
1789904329916,104,143819,1,1664,-0.901,1,-0.75,Walking,True,3.9,0,0
1789904329916,104,143819,1,1664,-0.901,1,-0.75,Walking,True,3.9,0,0
1789904329916,104,143819,1,1664,-0.901,1,-0.75,Walking,True,3.9,0,0
1789904329916,104,143819,1,1664,-0.901,1,-0.75,Walking,True,3.9,0,0
1789904329916,104,143819,1,1664,-0.901,1,-0.75,Walking,True,3.9,0,0
1789904329916,104,143819,1,1664,-0.901,1,-0.75,Walking,True,3.9,0,0
1789904329916,104,143819,1,1664,-0.901,1,-0.75,Walking,True,3.9,0,0
1789904329932,105,144939,1,1680,-0.901,1,-0.75,Walking,True,3.9,0,0
1789904329932,105,144939,1,1680,-0.901,1,-0.75,Walking,True,3.9,0,0
1789904329932,105,144939,1,1680,-0.901,1,-0.75,Walking,True,3.9,0,0
1789904329932,105,144939,1,1680,-0.901,1,-0.75,Walking,True,3.9,0,0
1789904329932,105,144939,1,1680,-0.901,1,-0.75,Walking,True,3.9,0,0
1789904329932,105,144939,1,1680,-0.901,1,-0.75,Walking,True,3.9,0,0
1789904329932,105,144939,1,1680,-0.901,1,-0.75,Walking,True,3.9,0,0
1789904329932,105,144939,1,1680,-0.901,1,-0.75,Walking,True,3.9,0,0
1789904329948,106,146041,1,1696,-0.901,1,-0.75,Walking,True,3.9,0,0
1789904329948,106,146041,1,1696,-0.901,1,-0.75,Walking,True,3.9,0,0
1789904329948,106,146041,1,1696,-0.901,1,-0.75,Walking,True,3.9,0,0
1789904329948,106,146041,1,1696,-0.901,1,-0.75,Walking,True,3.9,0,0
1789904329949,106,146041,1,1696,-0.901,1,-0.75,Walking,True,3.9,0,0
1789904329949,106,146041,1,1696,-0.901,1,-0.75,Walking,True,3.9,0,0
1789904329949,106,146041,1,1696,-0.901,1,-0.75,Walking,True,3.9,0,0
1789904329949,106,146041,1,1696,-0.901,1,-0.75,Walking,True,3.9,0,0
1789904329964,107,147236,1,1712,-0.901,1,-0.75,Walking,True,3.9,0,0
1789904329964,107,147236,1,1712,-0.901,1,-0.75,Walking,True,3.9,0,0
1789904329964,107,147236,1,1712,-0.901,1,-0.75,Walking,True,3.9,0,0
1789904329964,107,147236,1,1712,-0.901,1,-0.75,Walking,True,3.9,0,0
1789904329964,107,147236,1,1712,-0.901,1,-0.75,Walking,True,3.9,0,0
1789904329964,107,147236,1,1712,-0.901,1,-0.75,Walking,True,3.9,0,0
1789904329964,107,147236,1,1712,-0.901,1,-0.75,Walking,True,3.9,0,0
1789904329964,107,147236,1,1712,-0.901,1,-0.75,Walking,True,3.9,0,0
1789904329979,108,148341,1,1728,-0.901,1,-0.75,Walking,True,3.9,0,0
1789904329979,108,148341,1,1728,-0.901,1,-0.75,Walking,True,3.9,0,0
1789904329979,108,148341,1,1728,-0.901,1,-0.75,Walking,True,3.9,0,0
1789904329979,108,148341,1,1728,-0.901,1,-0.75,Walking,True,3.9,0,0
1789904329979,108,148341,1,1728,-0.901,1,-0.75,Walking,True,3.9,0,0
1789904329979,108,148341,1,1728,-0.901,1,-0.75,Walking,True,3.9,0,0
1789904329979,108,148341,1,1728,-0.901,1,-0.75,Walking,True,3.9,0,0
1789904329979,108,148341,1,1728,-0.901,1,-0.75,Walking,True,3.9,0,0
1789904329995,109,149654,1,1744,-0.901,1,-0.75,Walking,True,3.9,0,0
1789904329995,109,149654,1,1744,-0.901,1,-0.75,Walking,True,3.9,0,0
1789904329995,109,149654,1,1744,-0.901,1,-0.75,Walking,True,3.9,0,0
1789904329995,109,149654,1,1744,-0.901,1,-0.75,Walking,True,3.9,0,0
1789904329995,109,149654,1,1744,-0.901,1,-0.75,Walking,True,3.9,0,0
1789904329995,109,149654,1,1744,-0.901,1,-0.75,Walking,True,3.9,0,0
1789904329995,109,149654,1,1744,-0.901,1,-0.75,Walking,True,3.9,0,0
1789904329995,109,149654,1,1744,-0.901,1,-0.75,Walking,True,3.9,0,0
1789904330011,110,150978,1,1760,-0.901,1,-0.75,Walking,True,3.9,0,0
1789904330011,110,150978,1,1760,-0.901,1,-0.75,Walking,True,3.9,0,0
1789904330011,110,150978,1,1760,-0.901,1,-0.75,Walking,True,3.9,0,0
1789904330011,110,150978,1,1760,-0.901,1,-0.75,Walking,True,3.9,0,0
1789904330011,110,150978,1,1760,-0.901,1,-0.75,Walking,True,3.9,0,0
1789904330011,110,150978,1,1760,-0.901,1,-0.75,Walking,True,3.9,0,0
1789904330011,110,150978,1,1760,-0.901,1,-0.75,Walking,True,3.9,0,0
1789904330011,110,150978,1,1760,-0.901,1,-0.75,Walking,True,3.9,0,0
1789904330026,111,152288,1,1776,-0.901,1,-0.75,Walking,True,3.9,0,0
1789904330026,111,152288,1,1776,-0.901,1,-0.75,Walking,True,3.9,0,0
1789904330026,111,152288,1,1776,-0.901,1,-0.75,Walking,True,3.9,0,0
1789904330026,111,152288,1,1776,-0.901,1,-0.75,Walking,True,3.9,0,0
1789904330026,111,152288,1,1776,-0.901,1,-0.75,Walking,True,3.9,0,0
1789904330026,111,152288,1,1776,-0.901,1,-0.75,Walking,True,3.9,0,0
1789904330027,111,152288,1,1776,-0.901,1,-0.75,Walking,True,3.9,0,0
1789904330027,111,152288,1,1776,-0.901,1,-0.75,Walking,True,3.9,0,0
1789904330043,112,153765,1,1792,-0.901,1,-0.75,Walking,True,3.9,0,0
1789904330043,112,153765,1,1792,-0.901,1,-0.75,Walking,True,3.9,0,0
1789904330043,112,153765,1,1792,-0.901,1,-0.75,Walking,True,3.9,0,0
1789904330043,112,153765,1,1792,-0.901,1,-0.75,Walking,True,3.9,0,0
1789904330043,112,153765,1,1792,-0.901,1,-0.75,Walking,True,3.9,0,0
1789904330043,112,153765,1,1792,-0.901,1,-0.75,Walking,True,3.9,0,0
1789904330043,112,153765,1,1792,-0.901,1,-0.75,Walking,True,3.9,0,0
1789904330043,112,153765,1,1792,-0.901,1,-0.75,Walking,True,3.9,0,0
1789904330058,113,155248,1,1808,-0.901,1,-0.75,Walking,True,3.9,0,0
1789904330058,113,155248,1,1808,-0.901,1,-0.75,Walking,True,3.9,0,0
1789904330058,113,155248,1,1808,-0.901,1,-0.75,Walking,True,3.9,0,0
1789904330058,113,155248,1,1808,-0.901,1,-0.75,Walking,True,3.9,0,0
1789904330058,113,155248,1,1808,-0.901,1,-0.75,Walking,True,3.9,0,0
1789904330058,113,155248,1,1808,-0.901,1,-0.75,Walking,True,3.9,0,0
1789904330058,113,155248,1,1808,-0.901,1,-0.75,Walking,True,3.9,0,0
1789904330058,113,155248,1,1808,-0.901,1,-0.75,Walking,True,3.9,0,0
1789904330073,114,156700,1,1824,-0.901,1,-0.75,Walking,True,3.9,0,0
1789904330073,114,156700,1,1824,-0.901,1,-0.75,Walking,True,3.9,0,0
1789904330073,114,156700,1,1824,-0.901,1,-0.75,Walking,True,3.9,0,0
1789904330073,114,156700,1,1824,-0.901,1,-0.75,Walking,True,3.9,0,0
1789904330073,114,156700,1,1824,-0.901,1,-0.75,Walking,True,3.9,0,0
1789904330073,114,156700,1,1824,-0.901,1,-0.75,Walking,True,3.9,0,0
1789904330073,114,156700,1,1824,-0.901,1,-0.75,Walking,True,3.9,0,0
1789904330073,114,156700,1,1824,-0.901,1,-0.75,Walking,True,3.9,0,0
1789904330089,115,158144,1,1840,-0.901,1,-0.75,Walking,True,3.9,0,0
1789904330089,115,158144,1,1840,-0.901,1,-0.75,Walking,True,3.9,0,0
1789904330089,115,158144,1,1840,-0.901,1,-0.75,Walking,True,3.9,0,0
1789904330089,115,158144,1,1840,-0.901,1,-0.75,Walking,True,3.9,0,0
1789904330089,115,158144,1,1840,-0.901,1,-0.75,Walking,True,3.9,0,0
1789904330089,115,158144,1,1840,-0.901,1,-0.75,Walking,True,3.9,0,0
1789904330089,115,158144,1,1840,-0.901,1,-0.75,Walking,True,3.9,0,0
1789904330089,115,158144,1,1840,-0.901,1,-0.75,Walking,True,3.9,0,0
1789904330105,116,159561,1,1856,-0.901,1,-0.75,Walking,True,3.9,0,0
1789904330105,116,159561,1,1856,-0.901,1,-0.75,Walking,True,3.9,0,0
1789904330105,116,159561,1,1856,-0.901,1,-0.75,Walking,True,3.9,0,0
1789904330105,116,159561,1,1856,-0.901,1,-0.75,Walking,True,3.9,0,0
1789904330105,116,159561,1,1856,-0.901,1,-0.75,Walking,True,3.9,0,0
1789904330105,116,159561,1,1856,-0.901,1,-0.75,Walking,True,3.9,0,0
1789904330105,116,159561,1,1856,-0.901,1,-0.75,Walking,True,3.9,0,0
1789904330105,116,159561,1,1856,-0.901,1,-0.75,Walking,True,3.9,0,0
1789904330120,117,160501,1,1872,-0.901,1,-0.75,Walking,True,3.9,0,0
1789904330120,117,160501,1,1872,-0.901,1,-0.75,Walking,True,3.9,0,0
1789904330120,117,160501,1,1872,-0.901,1,-0.75,Walking,True,3.9,0,0
1789904330120,117,160501,1,1872,-0.901,1,-0.75,Walking,True,3.9,0,0
1789904330120,117,160501,1,1872,-0.901,1,-0.75,Walking,True,3.9,0,0
1789904330120,117,160501,1,1872,-0.901,1,-0.75,Walking,True,3.9,0,0
1789904330120,117,160501,1,1872,-0.901,1,-0.75,Walking,True,3.9,0,0
1789904330120,117,160501,1,1872,-0.901,1,-0.75,Walking,True,3.9,0,0
1789904330136,118,161789,1,1888,-0.901,1,-0.75,Walking,True,3.9,0,0
1789904330136,118,161789,1,1888,-0.901,1,-0.75,Walking,True,3.9,0,0
1789904330136,118,161789,1,1888,-0.901,1,-0.75,Walking,True,3.9,0,0
1789904330136,118,161789,1,1888,-0.901,1,-0.75,Walking,True,3.9,0,0
1789904330136,118,161789,1,1888,-0.901,1,-0.75,Walking,True,3.9,0,0
1789904330136,118,161789,1,1888,-0.901,1,-0.75,Walking,True,3.9,0,0
1789904330136,118,161789,1,1888,-0.901,1,-0.75,Walking,True,3.9,0,0
1789904330136,118,161789,1,1888,-0.901,1,-0.75,Walking,True,3.9,0,0
1789904330150,119,163239,1,1904,-0.901,1,-0.75,Walking,True,3.9,0,0
1789904330150,119,163239,1,1904,-0.901,1,-0.75,Walking,True,3.9,0,0
1789904330150,119,163239,1,1904,-0.901,1,-0.75,Walking,True,3.9,0,0
1789904330150,119,163239,1,1904,-0.901,1,-0.75,Walking,True,3.9,0,0
1789904330150,119,163239,1,1904,-0.901,1,-0.75,Walking,True,3.9,0,0
1789904330150,119,163239,1,1904,-0.901,1,-0.75,Walking,True,3.9,0,0
1789904330150,119,163239,1,1904,-0.901,1,-0.75,Walking,True,3.9,0,0
1789904330150,119,163239,1,1904,-0.901,1,-0.75,Walking,True,3.9,0,0
1789904330165,120,164541,1,1920,-0.901,1,-0.75,Walking,True,3.9,0,0
1789904330166,120,164541,1,1920,-0.901,1,-0.75,Walking,True,3.9,0,0
1789904330166,120,164541,1,1920,-0.901,1,-0.75,Walking,True,3.9,0,0
1789904330166,120,164541,1,1920,-0.901,1,-0.75,Walking,True,3.9,0,0
1789904330166,120,164541,1,1920,-0.901,1,-0.75,Walking,True,3.9,0,0
1789904330166,120,164541,1,1920,-0.901,1,-0.75,Walking,True,3.9,0,0
1789904330166,120,164541,1,1920,-0.901,1,-0.75,Walking,True,3.9,0,0
1789904330166,120,164541,1,1920,-0.901,1,-0.75,Walking,True,3.9,0,0
1789904330181,121,165846,1,1936,-0.901,1,-0.75,Walking,True,3.9,0,0
1789904330181,121,165846,1,1936,-0.901,1,-0.75,Walking,True,3.9,0,0
1789904330181,121,165846,1,1936,-0.901,1,-0.75,Walking,True,3.9,0,0
1789904330181,121,165846,1,1936,-0.901,1,-0.75,Walking,True,3.9,0,0
1789904330181,121,165846,1,1936,-0.901,1,-0.75,Walking,True,3.9,0,0
1789904330181,121,165846,1,1936,-0.901,1,-0.75,Walking,True,3.9,0,0
1789904330181,121,165846,1,1936,-0.901,1,-0.75,Walking,True,3.9,0,0
1789904330181,121,165846,1,1936,-0.901,1,-0.75,Walking,True,3.9,0,0
1789904330196,122,167157,1,1952,-0.901,1,-0.75,Walking,True,3.9,0,0
1789904330196,122,167157,1,1952,-0.901,1,-0.75,Walking,True,3.9,0,0
1789904330196,122,167157,1,1952,-0.901,1,-0.75,Walking,True,3.9,0,0
1789904330196,122,167157,1,1952,-0.901,1,-0.75,Walking,True,3.9,0,0
1789904330196,122,167157,1,1952,-0.901,1,-0.75,Walking,True,3.9,0,0
1789904330196,122,167157,1,1952,-0.901,1,-0.75,Walking,True,3.9,0,0
1789904330196,122,167157,1,1952,-0.901,1,-0.75,Walking,True,3.9,0,0
1789904330197,122,167157,1,1952,-0.901,1,-0.75,Walking,True,3.9,0,0
1789904330212,123,168509,1,1968,-0.901,1,-0.75,Walking,True,3.9,0,0
1789904330212,123,168509,1,1968,-0.901,1,-0.75,Walking,True,3.9,0,0
1789904330212,123,168509,1,1968,-0.901,1,-0.75,Walking,True,3.9,0,0
1789904330212,123,168509,1,1968,-0.901,1,-0.75,Walking,True,3.9,0,0
1789904330212,123,168509,1,1968,-0.901,1,-0.75,Walking,True,3.9,0,0
1789904330212,123,168509,1,1968,-0.901,1,-0.75,Walking,True,3.9,0,0
1789904330212,123,168509,1,1968,-0.901,1,-0.75,Walking,True,3.9,0,0
1789904330212,123,168509,1,1968,-0.901,1,-0.75,Walking,True,3.9,0,0
1789904330227,124,169772,1,1984,-0.901,1,-0.75,Walking,True,3.9,0,0
1789904330227,124,169772,1,1984,-0.901,1,-0.75,Walking,True,3.9,0,0
1789904330227,124,169772,1,1984,-0.901,1,-0.75,Walking,True,3.9,0,0
1789904330227,124,169772,1,1984,-0.901,1,-0.75,Walking,True,3.9,0,0
1789904330227,124,169772,1,1984,-0.901,1,-0.75,Walking,True,3.9,0,0
1789904330227,124,169772,1,1984,-0.901,1,-0.75,Walking,True,3.9,0,0
1789904330227,124,169772,1,1984,-0.901,1,-0.75,Walking,True,3.9,0,0
1789904330227,124,169772,1,1984,-0.901,1,-0.75,Walking,True,3.9,0,0
1789904330244,125,171000,1,2000,-0.901,1,-0.75,Walking,True,3.9,0,0
1789904330244,125,171000,1,2000,-0.901,1,-0.75,Walking,True,3.9,0,0
1789904330244,125,171000,1,2000,-0.901,1,-0.75,Walking,True,3.9,0,0
1789904330244,125,171000,1,2000,-0.901,1,-0.75,Walking,True,3.9,0,0
1789904330244,125,171000,1,2000,-0.901,1,-0.75,Walking,True,3.9,0,0
1789904330244,125,171000,1,2000,-0.901,1,-0.75,Walking,True,3.9,0,0
1789904330244,125,171000,1,2000,-0.901,1,-0.75,Walking,True,3.9,0,0
1789904330244,125,171000,1,2000,-0.901,1,-0.75,Walking,True,3.9,0,0
1789904330259,126,172428,1,2016,-0.901,1,-0.75,Walking,True,3.9,0,0
1789904330259,126,172428,1,2016,-0.901,1,-0.75,Walking,True,3.9,0,0
1789904330259,126,172428,1,2016,-0.901,1,-0.75,Walking,True,3.9,0,0
1789904330259,126,172428,1,2016,-0.901,1,-0.75,Walking,True,3.9,0,0
1789904330259,126,172428,1,2016,-0.901,1,-0.75,Walking,True,3.9,0,0
1789904330259,126,172428,1,2016,-0.901,1,-0.75,Walking,True,3.9,0,0
1789904330259,126,172428,1,2016,-0.901,1,-0.75,Walking,True,3.9,0,0
1789904330259,126,172428,1,2016,-0.901,1,-0.75,Walking,True,3.9,0,0
1789904330275,127,173937,1,2032,-0.901,1,-0.75,Walking,True,3.9,0,0
1789904330275,127,173937,1,2032,-0.901,1,-0.75,Walking,True,3.9,0,0
1789904330275,127,173937,1,2032,-0.901,1,-0.75,Walking,True,3.9,0,0
1789904330275,127,173937,1,2032,-0.901,1,-0.75,Walking,True,3.9,0,0
1789904330275,127,173937,1,2032,-0.901,1,-0.75,Walking,True,3.9,0,0
1789904330275,127,173937,1,2032,-0.901,1,-0.75,Walking,True,3.9,0,0
1789904330275,127,173937,1,2032,-0.901,1,-0.75,Walking,True,3.9,0,0
1789904330275,127,173937,1,2032,-0.901,1,-0.75,Walking,True,3.9,0,0
1789904330291,128,175298,1,2048,-0.901,1,-0.75,Walking,True,3.9,0,0
1789904330291,128,175298,1,2048,-0.901,1,-0.75,Walking,True,3.9,0,0
1789904330291,128,175298,1,2048,-0.901,1,-0.75,Walking,True,3.9,0,0
1789904330291,128,175298,1,2048,-0.901,1,-0.75,Walking,True,3.9,0,0
1789904330291,128,175298,1,2048,-0.901,1,-0.75,Walking,True,3.9,0,0
1789904330291,128,175298,1,2048,-0.901,1,-0.75,Walking,True,3.9,0,0
1789904330291,128,175298,1,2048,-0.901,1,-0.75,Walking,True,3.9,0,0
1789904330291,128,175298,1,2048,-0.901,1,-0.75,Walking,True,3.9,0,0
1789904330306,129,176591,1,2064,-0.901,1,-0.75,Walking,True,3.9,0,0
1789904330306,129,176591,1,2064,-0.901,1,-0.75,Walking,True,3.9,0,0
1789904330306,129,176591,1,2064,-0.901,1,-0.75,Walking,True,3.9,0,0
1789904330306,129,176591,1,2064,-0.901,1,-0.75,Walking,True,3.9,0,0
1789904330306,129,176591,1,2064,-0.901,1,-0.75,Walking,True,3.9,0,0
1789904330306,129,176591,1,2064,-0.901,1,-0.75,Walking,True,3.9,0,0
1789904330306,129,176591,1,2064,-0.901,1,-0.75,Walking,True,3.9,0,0
1789904330306,129,176591,1,2064,-0.901,1,-0.75,Walking,True,3.9,0,0
1789904330321,130,177716,1,2080,-0.901,1,-0.75,Walking,True,3.9,0,0
1789904330321,130,177716,1,2080,-0.901,1,-0.75,Walking,True,3.9,0,0
1789904330321,130,177716,1,2080,-0.901,1,-0.75,Walking,True,3.9,0,0
1789904330321,130,177716,1,2080,-0.901,1,-0.75,Walking,True,3.9,0,0
1789904330321,130,177716,1,2080,-0.901,1,-0.75,Walking,True,3.9,0,0
1789904330321,130,177716,1,2080,-0.901,1,-0.75,Walking,True,3.9,0,0
1789904330321,130,177716,1,2080,-0.901,1,-0.75,Walking,True,3.9,0,0
1789904330321,130,177716,1,2080,-0.901,1,-0.75,Walking,True,3.9,0,0
1789904330337,131,178861,1,2096,-0.901,1,-0.75,Walking,True,3.9,0,0
1789904330337,131,178861,1,2096,-0.901,1,-0.75,Walking,True,3.9,0,0
1789904330337,131,178861,1,2096,-0.901,1,-0.75,Walking,True,3.9,0,0
1789904330337,131,178861,1,2096,-0.901,1,-0.75,Walking,True,3.9,0,0
1789904330337,131,178861,1,2096,-0.901,1,-0.75,Walking,True,3.9,0,0
1789904330337,131,178861,1,2096,-0.901,1,-0.75,Walking,True,3.9,0,0
1789904330337,131,178861,1,2096,-0.901,1,-0.75,Walking,True,3.9,0,0
1789904330337,131,178861,1,2096,-0.901,1,-0.75,Walking,True,3.9,0,0
1789904330352,132,180085,1,2112,-0.901,1,-0.75,Walking,True,3.9,0,0
1789904330352,132,180085,1,2112,-0.901,1,-0.75,Walking,True,3.9,0,0
1789904330352,132,180085,1,2112,-0.901,1,-0.75,Walking,True,3.9,0,0
1789904330352,132,180085,1,2112,-0.901,1,-0.75,Walking,True,3.9,0,0
1789904330353,132,180085,1,2112,-0.901,1,-0.75,Walking,True,3.9,0,0
1789904330353,132,180085,1,2112,-0.901,1,-0.75,Walking,True,3.9,0,0
1789904330353,132,180085,1,2112,-0.901,1,-0.75,Walking,True,3.9,0,0
1789904330353,132,180085,1,2112,-0.901,1,-0.75,Walking,True,3.9,0,0
1789904330369,133,181252,1,2128,-0.901,1,-0.75,Walking,True,3.9,0,0
1789904330369,133,181252,1,2128,-0.901,1,-0.75,Walking,True,3.9,0,0
1789904330369,133,181252,1,2128,-0.901,1,-0.75,Walking,True,3.9,0,0
1789904330369,133,181252,1,2128,-0.901,1,-0.75,Walking,True,3.9,0,0
1789904330369,133,181252,1,2128,-0.901,1,-0.75,Walking,True,3.9,0,0
1789904330369,133,181252,1,2128,-0.901,1,-0.75,Walking,True,3.9,0,0
1789904330369,133,181252,1,2128,-0.901,1,-0.75,Walking,True,3.9,0,0
1789904330369,133,181252,1,2128,-0.901,1,-0.75,Walking,True,3.9,0,0
1789904330384,134,182468,1,2144,-0.901,1,-0.75,Walking,True,3.9,0,0
1789904330384,134,182468,1,2144,-0.901,1,-0.75,Walking,True,3.9,0,0
1789904330384,134,182468,1,2144,-0.901,1,-0.75,Walking,True,3.9,0,0
1789904330384,134,182468,1,2144,-0.901,1,-0.75,Walking,True,3.9,0,0
1789904330384,134,182468,1,2144,-0.901,1,-0.75,Walking,True,3.9,0,0
1789904330384,134,182468,1,2144,-0.901,1,-0.75,Walking,True,3.9,0,0
1789904330384,134,182468,1,2144,-0.901,1,-0.75,Walking,True,3.9,0,0
1789904330384,134,182468,1,2144,-0.901,1,-0.75,Walking,True,3.9,0,0
1789904330401,135,183652,1,2160,-0.901,1,-0.75,Walking,True,3.9,0,0
1789904330401,135,183652,1,2160,-0.901,1,-0.75,Walking,True,3.9,0,0
1789904330401,135,183652,1,2160,-0.901,1,-0.75,Walking,True,3.9,0,0
1789904330401,135,183652,1,2160,-0.901,1,-0.75,Walking,True,3.9,0,0
1789904330401,135,183652,1,2160,-0.901,1,-0.75,Walking,True,3.9,0,0
1789904330401,135,183652,1,2160,-0.901,1,-0.75,Walking,True,3.9,0,0
1789904330401,135,183652,1,2160,-0.901,1,-0.75,Walking,True,3.9,0,0
1789904330401,135,183652,1,2160,-0.901,1,-0.75,Walking,True,3.9,0,0
1789904330417,136,184823,1,2176,-0.901,1,-0.75,Walking,True,3.9,0,0
1789904330417,136,184823,1,2176,-0.901,1,-0.75,Walking,True,3.9,0,0
1789904330417,136,184823,1,2176,-0.901,1,-0.75,Walking,True,3.9,0,0
1789904330417,136,184823,1,2176,-0.901,1,-0.75,Walking,True,3.9,0,0
1789904330417,136,184823,1,2176,-0.901,1,-0.75,Walking,True,3.9,0,0
1789904330417,136,184823,1,2176,-0.901,1,-0.75,Walking,True,3.9,0,0
1789904330417,136,184823,1,2176,-0.901,1,-0.75,Walking,True,3.9,0,0
1789904330417,136,184823,1,2176,-0.901,1,-0.75,Walking,True,3.9,0,0
1789904330433,137,186026,1,2192,-0.901,1,-0.75,Walking,True,3.9,0,0
1789904330433,137,186026,1,2192,-0.901,1,-0.75,Walking,True,3.9,0,0
1789904330433,137,186026,1,2192,-0.901,1,-0.75,Walking,True,3.9,0,0
1789904330433,137,186026,1,2192,-0.901,1,-0.75,Walking,True,3.9,0,0
1789904330433,137,186026,1,2192,-0.901,1,-0.75,Walking,True,3.9,0,0
1789904330433,137,186026,1,2192,-0.901,1,-0.75,Walking,True,3.9,0,0
1789904330433,137,186026,1,2192,-0.901,1,-0.75,Walking,True,3.9,0,0
1789904330433,137,186026,1,2192,-0.901,1,-0.75,Walking,True,3.9,0,0
1789904330448,138,187205,1,2208,-0.901,1,-0.75,Walking,True,3.9,0,0
1789904330448,138,187205,1,2208,-0.901,1,-0.75,Walking,True,3.9,0,0
1789904330448,138,187205,1,2208,-0.901,1,-0.75,Walking,True,3.9,0,0
1789904330448,138,187205,1,2208,-0.901,1,-0.75,Walking,True,3.9,0,0
1789904330448,138,187205,1,2208,-0.901,1,-0.75,Walking,True,3.9,0,0
1789904330448,138,187205,1,2208,-0.901,1,-0.75,Walking,True,3.9,0,0
1789904330448,138,187205,1,2208,-0.901,1,-0.75,Walking,True,3.9,0,0
1789904330448,138,187205,1,2208,-0.901,1,-0.75,Walking,True,3.9,0,0
1789904330463,139,188325,1,2224,-0.901,1,-0.75,Walking,True,3.9,0,0
1789904330463,139,188325,1,2224,-0.901,1,-0.75,Walking,True,3.9,0,0
1789904330463,139,188325,1,2224,-0.901,1,-0.75,Walking,True,3.9,0,0
1789904330463,139,188325,1,2224,-0.901,1,-0.75,Walking,True,3.9,0,0
1789904330463,139,188325,1,2224,-0.901,1,-0.75,Walking,True,3.9,0,0
1789904330463,139,188325,1,2224,-0.901,1,-0.75,Walking,True,3.9,0,0
1789904330463,139,188325,1,2224,-0.901,1,-0.75,Walking,True,3.9,0,0
1789904330463,139,188325,1,2224,-0.901,1,-0.75,Walking,True,3.9,0,0
1789904330479,140,189212,1,2240,-0.901,1,-0.75,Walking,True,3.9,0,0
1789904330479,140,189212,1,2240,-0.901,1,-0.75,Walking,True,3.9,0,0
1789904330479,140,189212,1,2240,-0.901,1,-0.75,Walking,True,3.9,0,0
1789904330479,140,189212,1,2240,-0.901,1,-0.75,Walking,True,3.9,0,0
1789904330479,140,189212,1,2240,-0.901,1,-0.75,Walking,True,3.9,0,0
1789904330479,140,189212,1,2240,-0.901,1,-0.75,Walking,True,3.9,0,0
1789904330479,140,189212,1,2240,-0.901,1,-0.75,Walking,True,3.9,0,0
1789904330479,140,189212,1,2240,-0.901,1,-0.75,Walking,True,3.9,0,0
1789904330496,141,190118,1,2256,-0.901,1,-0.75,Walking,True,3.9,0,0
1789904330496,141,190118,1,2256,-0.901,1,-0.75,Walking,True,3.9,0,0
1789904330496,141,190118,1,2256,-0.901,1,-0.75,Walking,True,3.9,0,0
1789904330496,141,190118,1,2256,-0.901,1,-0.75,Walking,True,3.9,0,0
1789904330496,141,190118,1,2256,-0.901,1,-0.75,Walking,True,3.9,0,0
1789904330496,141,190118,1,2256,-0.901,1,-0.75,Walking,True,3.9,0,0
1789904330496,141,190118,1,2256,-0.901,1,-0.75,Walking,True,3.9,0,0
1789904330496,141,190118,1,2256,-0.901,1,-0.75,Walking,True,3.9,0,0
1789904330511,142,191089,1,2272,-0.901,1,-0.75,Walking,True,3.9,0,0
1789904330511,142,191089,1,2272,-0.901,1,-0.75,Walking,True,3.9,0,0
1789904330511,142,191089,1,2272,-0.901,1,-0.75,Walking,True,3.9,0,0
1789904330511,142,191089,1,2272,-0.901,1,-0.75,Walking,True,3.9,0,0
1789904330511,142,191089,1,2272,-0.901,1,-0.75,Walking,True,3.9,0,0
1789904330511,142,191089,1,2272,-0.901,1,-0.75,Walking,True,3.9,0,0
1789904330511,142,191089,1,2272,-0.901,1,-0.75,Walking,True,3.9,0,0
1789904330511,142,191089,1,2272,-0.901,1,-0.75,Walking,True,3.9,0,0
1789904330526,143,192016,1,2288,-0.901,1,-0.75,Walking,True,3.9,0,0
1789904330526,143,192016,1,2288,-0.901,1,-0.75,Walking,True,3.9,0,0
1789904330526,143,192016,1,2288,-0.901,1,-0.75,Walking,True,3.9,0,0
1789904330526,143,192016,1,2288,-0.901,1,-0.75,Walking,True,3.9,0,0
1789904330526,143,192016,1,2288,-0.901,1,-0.75,Walking,True,3.9,0,0
1789904330526,143,192016,1,2288,-0.901,1,-0.75,Walking,True,3.9,0,0
1789904330526,143,192016,1,2288,-0.901,1,-0.75,Walking,True,3.9,0,0
1789904330526,143,192016,1,2288,-0.901,1,-0.75,Walking,True,3.9,0,0
1789904330557,144,192943,1,2304,-0.901,1,-0.75,Walking,True,3.9,0,0
1789904330557,144,192943,1,2304,-0.901,1,-0.75,Walking,True,3.9,0,0
1789904330557,144,192943,1,2304,-0.901,1,-0.75,Walking,True,3.9,0,0
1789904330557,144,192943,1,2304,-0.901,1,-0.75,Walking,True,3.9,0,0
1789904330557,144,192943,1,2304,-0.901,1,-0.75,Walking,True,3.9,0,0
1789904330557,144,192943,1,2304,-0.901,1,-0.75,Walking,True,3.9,0,0
1789904330557,144,192943,1,2304,-0.901,1,-0.75,Walking,True,3.9,0,0
1789904330557,144,192943,1,2304,-0.901,1,-0.75,Walking,True,3.9,0,0
1789904330573,145,195277,1,2320,-0.901,1,-0.75,Walking,True,3.9,0,0
1789904330573,145,195277,1,2320,-0.901,1,-0.75,Walking,True,3.9,0,0
1789904330573,145,195277,1,2320,-0.901,1,-0.75,Walking,True,3.9,0,0
1789904330573,145,195277,1,2320,-0.901,1,-0.75,Walking,True,3.9,0,0
1789904330573,145,195277,1,2320,-0.901,1,-0.75,Walking,True,3.9,0,0
1789904330573,145,195277,1,2320,-0.901,1,-0.75,Walking,True,3.9,0,0
1789904330573,145,195277,1,2320,-0.901,1,-0.75,Walking,True,3.9,0,0
1789904330573,145,195277,1,2320,-0.901,1,-0.75,Walking,True,3.9,0,0
1789904330589,146,196484,1,2336,-0.901,1,-0.75,Walking,True,3.9,0,0
1789904330589,146,196484,1,2336,-0.901,1,-0.75,Walking,True,3.9,0,0
1789904330589,146,196484,1,2336,-0.901,1,-0.75,Walking,True,3.9,0,0
1789904330589,146,196484,1,2336,-0.901,1,-0.75,Walking,True,3.9,0,0
1789904330589,146,196484,1,2336,-0.901,1,-0.75,Walking,True,3.9,0,0
1789904330589,146,196484,1,2336,-0.901,1,-0.75,Walking,True,3.9,0,0
1789904330589,146,196484,1,2336,-0.901,1,-0.75,Walking,True,3.9,0,0
1789904330589,146,196484,1,2336,-0.901,1,-0.75,Walking,True,3.9,0,0
1789904330604,147,197835,1,2352,-0.901,1,-0.75,Walking,True,3.9,0,0
1789904330604,147,197835,1,2352,-0.901,1,-0.75,Walking,True,3.9,0,0
1789904330604,147,197835,1,2352,-0.901,1,-0.75,Walking,True,3.9,0,0
1789904330604,147,197835,1,2352,-0.901,1,-0.75,Walking,True,3.9,0,0
1789904330604,147,197835,1,2352,-0.901,1,-0.75,Walking,True,3.9,0,0
1789904330604,147,197835,1,2352,-0.901,1,-0.75,Walking,True,3.9,0,0
1789904330604,147,197835,1,2352,-0.901,1,-0.75,Walking,True,3.9,0,0
1789904330604,147,197835,1,2352,-0.901,1,-0.75,Walking,True,3.9,0,0
1789904330620,148,199083,1,2368,-0.901,1,-0.75,Walking,True,3.9,0,0
1789904330620,148,199083,1,2368,-0.901,1,-0.75,Walking,True,3.9,0,0
1789904330620,148,199083,1,2368,-0.901,1,-0.75,Walking,True,3.9,0,0
1789904330620,148,199083,1,2368,-0.901,1,-0.75,Walking,True,3.9,0,0
1789904330620,148,199083,1,2368,-0.901,1,-0.75,Walking,True,3.9,0,0
1789904330620,148,199083,1,2368,-0.901,1,-0.75,Walking,True,3.9,0,0
1789904330620,148,199083,1,2368,-0.901,1,-0.75,Walking,True,3.9,0,0
1789904330620,148,199083,1,2368,-0.901,1,-0.75,Walking,True,3.9,0,0
1789904330635,149,200244,1,2384,-0.901,1,-0.75,Walking,True,3.9,0,0
1789904330635,149,200244,1,2384,-0.901,1,-0.75,Walking,True,3.9,0,0
1789904330635,149,200244,1,2384,-0.901,1,-0.75,Walking,True,3.9,0,0
1789904330635,149,200244,1,2384,-0.901,1,-0.75,Walking,True,3.9,0,0
1789904330635,149,200244,1,2384,-0.901,1,-0.75,Walking,True,3.9,0,0
1789904330635,149,200244,1,2384,-0.901,1,-0.75,Walking,True,3.9,0,0
1789904330635,149,200244,1,2384,-0.901,1,-0.75,Walking,True,3.9,0,0
1789904330635,149,200244,1,2384,-0.901,1,-0.75,Walking,True,3.9,0,0
1789904330651,150,201393,1,2400,-0.901,1,-0.75,Walking,True,3.9,0,0
1789904330651,150,201393,1,2400,-0.901,1,-0.75,Walking,True,3.9,0,0
1789904330651,150,201393,1,2400,-0.901,1,-0.75,Walking,True,3.9,0,0
1789904330651,150,201393,1,2400,-0.901,1,-0.75,Walking,True,3.9,0,0
1789904330651,150,201393,1,2400,-0.901,1,-0.75,Walking,True,3.9,0,0
1789904330651,150,201393,1,2400,-0.901,1,-0.75,Walking,True,3.9,0,0
1789904330651,150,201393,1,2400,-0.901,1,-0.75,Walking,True,3.9,0,0
1789904330651,150,201393,1,2400,-0.901,1,-0.75,Walking,True,3.9,0,0
1789904330682,151,202570,1,2416,-0.901,1,-0.75,Walking,True,3.58,0,0
1789904330682,151,202570,1,2416,-0.901,1,-0.75,Walking,True,3.58,0,0
1789904330682,151,202570,1,2416,-0.901,1,-0.75,Walking,True,3.58,0,0
1789904330682,151,202570,1,2416,-0.901,1,-0.75,Walking,True,3.58,0,0
1789904330682,151,202570,1,2416,-0.901,1,-0.75,Walking,True,3.58,0,0
1789904330682,151,202570,1,2416,-0.901,1,-0.75,Walking,True,3.58,0,0
1789904330682,151,202570,1,2416,-0.901,1,-0.75,Walking,True,3.58,0,0
1789904330682,151,202570,1,2416,-0.901,1,-0.75,Walking,True,3.58,0,0
1789904330698,152,205010,1,2432,-0.901,1,-0.75,Walking,True,3.26,0,0
1789904330698,152,205010,1,2432,-0.901,1,-0.75,Walking,True,3.26,0,0
1789904330698,152,205010,1,2432,-0.901,1,-0.75,Walking,True,3.26,0,0
1789904330698,152,205010,1,2432,-0.901,1,-0.75,Walking,True,3.26,0,0
1789904330698,152,205010,1,2432,-0.901,1,-0.75,Walking,True,3.26,0,0
1789904330698,152,205010,1,2432,-0.901,1,-0.75,Walking,True,3.26,0,0
1789904330698,152,205010,1,2432,-0.901,1,-0.75,Walking,True,3.26,0,0
1789904330698,152,205010,1,2432,-0.901,1,-0.75,Walking,True,3.26,0,0
1789904330713,153,206153,1,2448,-0.901,1,-0.75,Walking,True,2.94,0,0
1789904330713,153,206153,1,2448,-0.901,1,-0.75,Walking,True,2.94,0,0
1789904330713,153,206153,1,2448,-0.901,1,-0.75,Walking,True,2.94,0,0
1789904330713,153,206153,1,2448,-0.901,1,-0.75,Walking,True,2.94,0,0
1789904330713,153,206153,1,2448,-0.901,1,-0.75,Walking,True,2.94,0,0
1789904330713,153,206153,1,2448,-0.901,1,-0.75,Walking,True,2.94,0,0
1789904330713,153,206153,1,2448,-0.901,1,-0.75,Walking,True,2.94,0,0
1789904330713,153,206153,1,2448,-0.901,1,-0.75,Walking,True,2.94,0,0
1789904330729,154,207291,1,2464,-0.901,1,-0.75,Walking,True,2.62,0,0
1789904330729,154,207291,1,2464,-0.901,1,-0.75,Walking,True,2.62,0,0
1789904330729,154,207291,1,2464,-0.901,1,-0.75,Walking,True,2.62,0,0
1789904330729,154,207291,1,2464,-0.901,1,-0.75,Walking,True,2.62,0,0
1789904330729,154,207291,1,2464,-0.901,1,-0.75,Walking,True,2.62,0,0
1789904330729,154,207291,1,2464,-0.901,1,-0.75,Walking,True,2.62,0,0
1789904330729,154,207291,1,2464,-0.901,1,-0.75,Walking,True,2.62,0,0
1789904330729,154,207291,1,2464,-0.901,1,-0.75,Walking,True,2.62,0,0
1789904330744,155,208582,1,2480,-0.901,1,-0.75,Walking,True,2.3,0,0
1789904330744,155,208582,1,2480,-0.901,1,-0.75,Walking,True,2.3,0,0
1789904330744,155,208582,1,2480,-0.901,1,-0.75,Walking,True,2.3,0,0
1789904330744,155,208582,1,2480,-0.901,1,-0.75,Walking,True,2.3,0,0
1789904330744,155,208582,1,2480,-0.901,1,-0.75,Walking,True,2.3,0,0
1789904330744,155,208582,1,2480,-0.901,1,-0.75,Walking,True,2.3,0,0
1789904330744,155,208582,1,2480,-0.901,1,-0.75,Walking,True,2.3,0,0
1789904330744,155,208582,1,2480,-0.901,1,-0.75,Walking,True,2.3,0,0
1789904330761,156,209817,1,2496,-0.901,1,-0.75,Walking,True,1.98,0,0
1789904330761,156,209817,1,2496,-0.901,1,-0.75,Walking,True,1.98,0,0
1789904330761,156,209817,1,2496,-0.901,1,-0.75,Walking,True,1.98,0,0
1789904330761,156,209817,1,2496,-0.901,1,-0.75,Walking,True,1.98,0,0
1789904330761,156,209817,1,2496,-0.901,1,-0.75,Walking,True,1.98,0,0
1789904330761,156,209817,1,2496,-0.901,1,-0.75,Walking,True,1.98,0,0
1789904330761,156,209817,1,2496,-0.901,1,-0.75,Walking,True,1.98,0,0
1789904330761,156,209817,1,2496,-0.901,1,-0.75,Walking,True,1.98,0,0
1789904330776,157,211170,1,2512,-0.901,1,-0.75,Walking,True,1.66,0,0
1789904330776,157,211170,1,2512,-0.901,1,-0.75,Walking,True,1.66,0,0
1789904330776,157,211170,1,2512,-0.901,1,-0.75,Walking,True,1.66,0,0
1789904330776,157,211170,1,2512,-0.901,1,-0.75,Walking,True,1.66,0,0
1789904330776,157,211170,1,2512,-0.901,1,-0.75,Walking,True,1.66,0,0
1789904330776,157,211170,1,2512,-0.901,1,-0.75,Walking,True,1.66,0,0
1789904330777,157,211170,1,2512,-0.901,1,-0.75,Walking,True,1.66,0,0
1789904330777,157,211170,1,2512,-0.901,1,-0.75,Walking,True,1.66,0,0
1789904330791,158,212604,1,2528,-0.901,1,-0.75,Walking,True,1.34,0,0
1789904330791,158,212604,1,2528,-0.901,1,-0.75,Walking,True,1.34,0,0
1789904330791,158,212604,1,2528,-0.901,1,-0.75,Walking,True,1.34,0,0
1789904330791,158,212604,1,2528,-0.901,1,-0.75,Walking,True,1.34,0,0
1789904330791,158,212604,1,2528,-0.901,1,-0.75,Walking,True,1.34,0,0
1789904330791,158,212604,1,2528,-0.901,1,-0.75,Walking,True,1.34,0,0
1789904330791,158,212604,1,2528,-0.901,1,-0.75,Walking,True,1.34,0,0
1789904330791,158,212604,1,2528,-0.901,1,-0.75,Walking,True,1.34,0,0
1789904330807,159,213926,1,2544,-0.901,1,-0.75,Walking,True,1.02,0,0
1789904330807,159,213926,1,2544,-0.901,1,-0.75,Walking,True,1.02,0,0
1789904330807,159,213926,1,2544,-0.901,1,-0.75,Walking,True,1.02,0,0
1789904330807,159,213926,1,2544,-0.901,1,-0.75,Walking,True,1.02,0,0
1789904330807,159,213926,1,2544,-0.901,1,-0.75,Walking,True,1.02,0,0
1789904330807,159,213926,1,2544,-0.901,1,-0.75,Walking,True,1.02,0,0
1789904330807,159,213926,1,2544,-0.901,1,-0.75,Walking,True,1.02,0,0
1789904330807,159,213926,1,2544,-0.901,1,-0.75,Walking,True,1.02,0,0
1789904330822,160,215364,1,2560,-0.901,1,-0.75,Walking,True,0.7,0,0
1789904330822,160,215364,1,2560,-0.901,1,-0.75,Walking,True,0.7,0,0
1789904330822,160,215364,1,2560,-0.901,1,-0.75,Walking,True,0.7,0,0
1789904330822,160,215364,1,2560,-0.901,1,-0.75,Walking,True,0.7,0,0
1789904330822,160,215364,1,2560,-0.901,1,-0.75,Walking,True,0.7,0,0
1789904330822,160,215364,1,2560,-0.901,1,-0.75,Walking,True,0.7,0,0
1789904330822,160,215364,1,2560,-0.901,1,-0.75,Walking,True,0.7,0,0
1789904330822,160,215364,1,2560,-0.901,1,-0.75,Walking,True,0.7,0,0
1789904330838,161,216753,1,2576,-0.901,1,-0.75,Walking,True,0.38,0,0
1789904330838,161,216753,1,2576,-0.901,1,-0.75,Walking,True,0.38,0,0
1789904330838,161,216753,1,2576,-0.901,1,-0.75,Walking,True,0.38,0,0
1789904330838,161,216753,1,2576,-0.901,1,-0.75,Walking,True,0.38,0,0
1789904330838,161,216753,1,2576,-0.901,1,-0.75,Walking,True,0.38,0,0
1789904330838,161,216753,1,2576,-0.901,1,-0.75,Walking,True,0.38,0,0
1789904330838,161,216753,1,2576,-0.901,1,-0.75,Walking,True,0.38,0,0
1789904330838,161,216753,1,2576,-0.901,1,-0.75,Walking,True,0.38,0,0
1789904330852,162,217721,1,2592,-0.901,1,-0.75,Walking,True,0.06,0,0
1789904330852,162,217721,1,2592,-0.901,1,-0.75,Walking,True,0.06,0,0
1789904330852,162,217721,1,2592,-0.901,1,-0.75,Walking,True,0.06,0,0
1789904330852,162,217721,1,2592,-0.901,1,-0.75,Walking,True,0.06,0,0
1789904330852,162,217721,1,2592,-0.901,1,-0.75,Walking,True,0.06,0,0
1789904330852,162,217721,1,2592,-0.901,1,-0.75,Walking,True,0.06,0,0
1789904330852,162,217721,1,2592,-0.901,1,-0.75,Walking,True,0.06,0,0
1789904330852,162,217721,1,2592,-0.901,1,-0.75,Walking,True,0.06,0,0
1789904330868,163,218824,1,2608,-0.901,1,-0.75,Walking,True,0,0,0
1789904330868,163,218824,1,2608,-0.901,1,-0.75,Walking,True,0,0,0
1789904330868,163,218824,1,2608,-0.901,1,-0.75,Walking,True,0,0,0
1789904330868,163,218824,1,2608,-0.901,1,-0.75,Walking,True,0,0,0
1789904330868,163,218824,1,2608,-0.901,1,-0.75,Walking,True,0,0,0
1789904330868,163,218824,1,2608,-0.901,1,-0.75,Walking,True,0,0,0
1789904330868,163,218824,1,2608,-0.901,1,-0.75,Walking,True,0,0,0
1789904330868,163,218824,1,2608,-0.901,1,-0.75,Walking,True,0,0,0
1789904330883,164,219972,1,2624,-0.901,1,-0.75,Walking,True,0,0,0
1789904330883,164,219972,1,2624,-0.901,1,-0.75,Walking,True,0,0,0
1789904330883,164,219972,1,2624,-0.901,1,-0.75,Walking,True,0,0,0
1789904330883,164,219972,1,2624,-0.901,1,-0.75,Walking,True,0,0,0
1789904330883,164,219972,1,2624,-0.901,1,-0.75,Walking,True,0,0,0
1789904330883,164,219972,1,2624,-0.901,1,-0.75,Walking,True,0,0,0
1789904330883,164,219972,1,2624,-0.901,1,-0.75,Walking,True,0,0,0
1789904330883,164,219972,1,2624,-0.901,1,-0.75,Walking,True,0,0,0
1789904330898,165,221146,1,2640,-0.901,1,-0.75,Walking,True,0,0,0
1789904330898,165,221146,1,2640,-0.901,1,-0.75,Walking,True,0,0,0
1789904330898,165,221146,1,2640,-0.901,1,-0.75,Walking,True,0,0,0
1789904330898,165,221146,1,2640,-0.901,1,-0.75,Walking,True,0,0,0
1789904330898,165,221146,1,2640,-0.901,1,-0.75,Walking,True,0,0,0
1789904330898,165,221146,1,2640,-0.901,1,-0.75,Walking,True,0,0,0
1789904330898,165,221146,1,2640,-0.901,1,-0.75,Walking,True,0,0,0
1789904330898,165,221146,1,2640,-0.901,1,-0.75,Walking,True,0,0,0
1789904330913,166,222279,1,2656,-0.901,1,-0.75,Walking,True,0,0,0
1789904330913,166,222279,1,2656,-0.901,1,-0.75,Walking,True,0,0,0
1789904330913,166,222279,1,2656,-0.901,1,-0.75,Walking,True,0,0,0
1789904330913,166,222279,1,2656,-0.901,1,-0.75,Walking,True,0,0,0
1789904330913,166,222279,1,2656,-0.901,1,-0.75,Walking,True,0,0,0
1789904330914,166,222279,1,2656,-0.901,1,-0.75,Walking,True,0,0,0
1789904330914,166,222279,1,2656,-0.901,1,-0.75,Walking,True,0,0,0
1789904330914,166,222279,1,2656,-0.901,1,-0.75,Walking,True,0,0,0
1789904330930,167,223292,1,2672,-0.901,1,-0.75,Walking,True,0,0,0
1789904330930,167,223292,1,2672,-0.901,1,-0.75,Walking,True,0,0,0
1789904330930,167,223292,1,2672,-0.901,1,-0.75,Walking,True,0,0,0
1789904330930,167,223292,1,2672,-0.901,1,-0.75,Walking,True,0,0,0
1789904330930,167,223292,1,2672,-0.901,1,-0.75,Walking,True,0,0,0
1789904330930,167,223292,1,2672,-0.901,1,-0.75,Walking,True,0,0,0
1789904330930,167,223292,1,2672,-0.901,1,-0.75,Walking,True,0,0,0
1789904330930,167,223292,1,2672,-0.901,1,-0.75,Walking,True,0,0,0
1789904330946,168,224557,1,2688,-0.901,1,-0.75,Walking,True,0,0,0
1789904330946,168,224557,1,2688,-0.901,1,-0.75,Walking,True,0,0,0
1789904330946,168,224557,1,2688,-0.901,1,-0.75,Walking,True,0,0,0
1789904330946,168,224557,1,2688,-0.901,1,-0.75,Walking,True,0,0,0
1789904330946,168,224557,1,2688,-0.901,1,-0.75,Walking,True,0,0,0
1789904330946,168,224557,1,2688,-0.901,1,-0.75,Walking,True,0,0,0
1789904330946,168,224557,1,2688,-0.901,1,-0.75,Walking,True,0,0,0
1789904330946,168,224557,1,2688,-0.901,1,-0.75,Walking,True,0,0,0
1789904330961,169,225654,1,2704,-0.901,1,-0.75,Walking,True,0,0,0
1789904330961,169,225654,1,2704,-0.901,1,-0.75,Walking,True,0,0,0
1789904330961,169,225654,1,2704,-0.901,1,-0.75,Walking,True,0,0,0
1789904330961,169,225654,1,2704,-0.901,1,-0.75,Walking,True,0,0,0
1789904330961,169,225654,1,2704,-0.901,1,-0.75,Walking,True,0,0,0
1789904330961,169,225654,1,2704,-0.901,1,-0.75,Walking,True,0,0,0
1789904330961,169,225654,1,2704,-0.901,1,-0.75,Walking,True,0,0,0
1789904330961,169,225654,1,2704,-0.901,1,-0.75,Walking,True,0,0,0
1789904330976,170,226741,1,2720,-0.901,1,-0.75,Walking,True,0,0,0
1789904330976,170,226741,1,2720,-0.901,1,-0.75,Walking,True,0,0,0
1789904330977,170,226741,1,2720,-0.901,1,-0.75,Walking,True,0,0,0
1789904330977,170,226741,1,2720,-0.901,1,-0.75,Walking,True,0,0,0
1789904330977,170,226741,1,2720,-0.901,1,-0.75,Walking,True,0,0,0
1789904330977,170,226741,1,2720,-0.901,1,-0.75,Walking,True,0,0,0
1789904330977,170,226741,1,2720,-0.901,1,-0.75,Walking,True,0,0,0
1789904330977,170,226741,1,2720,-0.901,1,-0.75,Walking,True,0,0,0
1789904330992,171,228118,1,2736,-0.901,1,-0.75,Walking,True,0,0,0
1789904330992,171,228118,1,2736,-0.901,1,-0.75,Walking,True,0,0,0
1789904330992,171,228118,1,2736,-0.901,1,-0.75,Walking,True,0,0,0
1789904330992,171,228118,1,2736,-0.901,1,-0.75,Walking,True,0,0,0
1789904330992,171,228118,1,2736,-0.901,1,-0.75,Walking,True,0,0,0
1789904330992,171,228118,1,2736,-0.901,1,-0.75,Walking,True,0,0,0
1789904330992,171,228118,1,2736,-0.901,1,-0.75,Walking,True,0,0,0
1789904330992,171,228118,1,2736,-0.901,1,-0.75,Walking,True,0,0,0
1789904331007,172,229380,1,2752,-0.901,1,-0.75,Walking,True,0,0,0
1789904331007,172,229380,1,2752,-0.901,1,-0.75,Walking,True,0,0,0
1789904331007,172,229380,1,2752,-0.901,1,-0.75,Walking,True,0,0,0
1789904331007,172,229380,1,2752,-0.901,1,-0.75,Walking,True,0,0,0
1789904331007,172,229380,1,2752,-0.901,1,-0.75,Walking,True,0,0,0
1789904331007,172,229380,1,2752,-0.901,1,-0.75,Walking,True,0,0,0
1789904331007,172,229380,1,2752,-0.901,1,-0.75,Walking,True,0,0,0
1789904331007,172,229380,1,2752,-0.901,1,-0.75,Walking,True,0,0,0
1789904331023,173,230649,1,2768,-0.901,1,-0.75,Walking,True,0,0,0
1789904331023,173,230649,1,2768,-0.901,1,-0.75,Walking,True,0,0,0
1789904331023,173,230649,1,2768,-0.901,1,-0.75,Walking,True,0,0,0
1789904331023,173,230649,1,2768,-0.901,1,-0.75,Walking,True,0,0,0
1789904331023,173,230649,1,2768,-0.901,1,-0.75,Walking,True,0,0,0
1789904331023,173,230649,1,2768,-0.901,1,-0.75,Walking,True,0,0,0
1789904331023,173,230649,1,2768,-0.901,1,-0.75,Walking,True,0,0,0
1789904331023,173,230649,1,2768,-0.901,1,-0.75,Walking,True,0,0,0
1789904331038,174,231766,1,2784,-0.901,1,-0.75,Walking,True,0,0,0
1789904331038,174,231766,1,2784,-0.901,1,-0.75,Walking,True,0,0,0
1789904331038,174,231766,1,2784,-0.901,1,-0.75,Walking,True,0,0,0
1789904331038,174,231766,1,2784,-0.901,1,-0.75,Walking,True,0,0,0
1789904331038,174,231766,1,2784,-0.901,1,-0.75,Walking,True,0,0,0
1789904331038,174,231766,1,2784,-0.901,1,-0.75,Walking,True,0,0,0
1789904331038,174,231766,1,2784,-0.901,1,-0.75,Walking,True,0,0,0
1789904331038,174,231766,1,2784,-0.901,1,-0.75,Walking,True,0,0,0
1789904331053,175,232855,1,2800,-0.901,1,-0.75,Walking,True,0,0,0
1789904331053,175,232855,1,2800,-0.901,1,-0.75,Walking,True,0,0,0
1789904331053,175,232855,1,2800,-0.901,1,-0.75,Walking,True,0,0,0
1789904331054,175,232855,1,2800,-0.901,1,-0.75,Walking,True,0,0,0
1789904331054,175,232855,1,2800,-0.901,1,-0.75,Walking,True,0,0,0
1789904331054,175,232855,1,2800,-0.901,1,-0.75,Walking,True,0,0,0
1789904331054,175,232855,1,2800,-0.901,1,-0.75,Walking,True,0,0,0
1789904331054,175,232855,1,2800,-0.901,1,-0.75,Walking,True,0,0,0
1789904331069,176,234044,1,2816,-0.901,1,-0.75,Walking,True,0,0,0
1789904331069,176,234044,1,2816,-0.901,1,-0.75,Walking,True,0,0,0
1789904331069,176,234044,1,2816,-0.901,1,-0.75,Walking,True,0,0,0
1789904331069,176,234044,1,2816,-0.901,1,-0.75,Walking,True,0,0,0
1789904331069,176,234044,1,2816,-0.901,1,-0.75,Walking,True,0,0,0
1789904331069,176,234044,1,2816,-0.901,1,-0.75,Walking,True,0,0,0
1789904331069,176,234044,1,2816,-0.901,1,-0.75,Walking,True,0,0,0
1789904331069,176,234044,1,2816,-0.901,1,-0.75,Walking,True,0,0,0
1789904331084,177,235087,1,2832,-0.901,1,-0.75,Walking,True,0,0,0
1789904331084,177,235087,1,2832,-0.901,1,-0.75,Walking,True,0,0,0
1789904331084,177,235087,1,2832,-0.901,1,-0.75,Walking,True,0,0,0
1789904331084,177,235087,1,2832,-0.901,1,-0.75,Walking,True,0,0,0
1789904331084,177,235087,1,2832,-0.901,1,-0.75,Walking,True,0,0,0
1789904331084,177,235087,1,2832,-0.901,1,-0.75,Walking,True,0,0,0
1789904331084,177,235087,1,2832,-0.901,1,-0.75,Walking,True,0,0,0
1789904331084,177,235087,1,2832,-0.901,1,-0.75,Walking,True,0,0,0
1789904331099,178,236269,1,2848,-0.901,1,-0.75,Walking,True,0,0,0
1789904331099,178,236269,1,2848,-0.901,1,-0.75,Walking,True,0,0,0
1789904331099,178,236269,1,2848,-0.901,1,-0.75,Walking,True,0,0,0
1789904331099,178,236269,1,2848,-0.901,1,-0.75,Walking,True,0,0,0
1789904331099,178,236269,1,2848,-0.901,1,-0.75,Walking,True,0,0,0
1789904331099,178,236269,1,2848,-0.901,1,-0.75,Walking,True,0,0,0
1789904331099,178,236269,1,2848,-0.901,1,-0.75,Walking,True,0,0,0
1789904331099,178,236269,1,2848,-0.901,1,-0.75,Walking,True,0,0,0
1789904331115,179,237331,1,2864,-0.901,1,-0.75,Walking,True,0,0,0
1789904331115,179,237331,1,2864,-0.901,1,-0.75,Walking,True,0,0,0
1789904331115,179,237331,1,2864,-0.901,1,-0.75,Walking,True,0,0,0
1789904331115,179,237331,1,2864,-0.901,1,-0.75,Walking,True,0,0,0
1789904331115,179,237331,1,2864,-0.901,1,-0.75,Walking,True,0,0,0
1789904331115,179,237331,1,2864,-0.901,1,-0.75,Walking,True,0,0,0
1789904331115,179,237331,1,2864,-0.901,1,-0.75,Walking,True,0,0,0
1789904331115,179,237331,1,2864,-0.901,1,-0.75,Walking,True,0,0,0
1789904331131,180,238315,1,2880,-0.901,1,-0.75,Walking,True,0,0,0
1789904331131,180,238315,1,2880,-0.901,1,-0.75,Walking,True,0,0,0
1789904331131,180,238315,1,2880,-0.901,1,-0.75,Walking,True,0,0,0
1789904331131,180,238315,1,2880,-0.901,1,-0.75,Walking,True,0,0,0
1789904331131,180,238315,1,2880,-0.901,1,-0.75,Walking,True,0,0,0
1789904331131,180,238315,1,2880,-0.901,1,-0.75,Walking,True,0,0,0
1789904331131,180,238315,1,2880,-0.901,1,-0.75,Walking,True,0,0,0
1789904331131,180,238315,1,2880,-0.901,1,-0.75,Walking,True,0,0,0
1789904331162,181,239419,1,2896,-0.901,1,-0.75,Walking,True,0,0,0
1789904331162,181,239419,1,2896,-0.901,1,-0.75,Walking,True,0,0,0
1789904331162,181,239419,1,2896,-0.901,1,-0.75,Walking,True,0,0,0
1789904331162,181,239419,1,2896,-0.901,1,-0.75,Walking,True,0,0,0
1789904331162,181,239419,1,2896,-0.901,1,-0.75,Walking,True,0,0,0
1789904331162,181,239419,1,2896,-0.901,1,-0.75,Walking,True,0,0,0
1789904331162,181,239419,1,2896,-0.901,1,-0.75,Walking,True,0,0,0
1789904331162,181,239419,1,2896,-0.901,1,-0.75,Walking,True,0,0,0
1789904331396,182,269348,1,2912,-0.90612,1,-0.75,Walking,True,-0.32,0,0
1789904331396,182,269348,1,2912,-0.90612,1,-0.75,Walking,True,-0.32,0,0
1789904331396,182,269348,1,2912,-0.90612,1,-0.75,Walking,True,-0.32,0,0
1789904331396,182,269348,1,2912,-0.90612,1,-0.75,Walking,True,-0.32,0,0
1789904331396,182,269348,1,2912,-0.90612,1,-0.75,Walking,True,-0.32,0,0
1789904331396,182,269348,1,2912,-0.90612,1,-0.75,Walking,True,-0.32,0,0
1789904331396,182,269348,1,2912,-0.90612,1,-0.75,Walking,True,-0.32,0,0
1789904331396,182,269348,1,2912,-0.90612,1,-0.75,Walking,True,-0.32,0,0
1789904331410,183,271632,1,2928,-0.91636,1,-0.75,Walking,True,-0.64,0,0
1789904331410,183,271632,1,2928,-0.91636,1,-0.75,Walking,True,-0.64,0,0
1789904331410,183,271632,1,2928,-0.91636,1,-0.75,Walking,True,-0.64,0,0
1789904331410,183,271632,1,2928,-0.91636,1,-0.75,Walking,True,-0.64,0,0
1789904331410,183,271632,1,2928,-0.91636,1,-0.75,Walking,True,-0.64,0,0
1789904331410,183,271632,1,2928,-0.91636,1,-0.75,Walking,True,-0.64,0,0
1789904331410,183,271632,1,2928,-0.91636,1,-0.75,Walking,True,-0.64,0,0
1789904331410,183,271632,1,2928,-0.91636,1,-0.75,Walking,True,-0.64,0,0
1789904331425,184,272567,1,2944,-0.93172,1,-0.75,Walking,True,-0.96,0,0
1789904331425,184,272567,1,2944,-0.93172,1,-0.75,Walking,True,-0.96,0,0
1789904331425,184,272567,1,2944,-0.93172,1,-0.75,Walking,True,-0.96,0,0
1789904331425,184,272567,1,2944,-0.93172,1,-0.75,Walking,True,-0.96,0,0
1789904331425,184,272567,1,2944,-0.93172,1,-0.75,Walking,True,-0.96,0,0
1789904331425,184,272567,1,2944,-0.93172,1,-0.75,Walking,True,-0.96,0,0
1789904331425,184,272567,1,2944,-0.93172,1,-0.75,Walking,True,-0.96,0,0
1789904331425,184,272567,1,2944,-0.93172,1,-0.75,Walking,True,-0.96,0,0
1789904331441,185,273779,1,2960,-0.9522,1,-0.75,Walking,True,-1.28,0,0
1789904331441,185,273779,1,2960,-0.9522,1,-0.75,Walking,True,-1.28,0,0
1789904331441,185,273779,1,2960,-0.9522,1,-0.75,Walking,True,-1.28,0,0
1789904331441,185,273779,1,2960,-0.9522,1,-0.75,Walking,True,-1.28,0,0
1789904331441,185,273779,1,2960,-0.9522,1,-0.75,Walking,True,-1.28,0,0
1789904331441,185,273779,1,2960,-0.9522,1,-0.75,Walking,True,-1.28,0,0
1789904331441,185,273779,1,2960,-0.9522,1,-0.75,Walking,True,-1.28,0,0
1789904331441,185,273779,1,2960,-0.9522,1,-0.75,Walking,True,-1.28,0,0
1789904331456,186,274857,1,2976,-0.9778,1,-0.75,Walking,True,-1.6,0,0
1789904331456,186,274857,1,2976,-0.9778,1,-0.75,Walking,True,-1.6,0,0
1789904331456,186,274857,1,2976,-0.9778,1,-0.75,Walking,True,-1.6,0,0
1789904331456,186,274857,1,2976,-0.9778,1,-0.75,Walking,True,-1.6,0,0
1789904331456,186,274857,1,2976,-0.9778,1,-0.75,Walking,True,-1.6,0,0
1789904331456,186,274857,1,2976,-0.9778,1,-0.75,Walking,True,-1.6,0,0
1789904331456,186,274857,1,2976,-0.9778,1,-0.75,Walking,True,-1.6,0,0
1789904331456,186,274857,1,2976,-0.9778,1,-0.75,Walking,True,-1.6,0,0
1789904331472,187,276044,1,2992,-1.00852,1,-0.75,Walking,True,-1.92,0,0
1789904331472,187,276044,1,2992,-1.00852,1,-0.75,Walking,True,-1.92,0,0
1789904331472,187,276044,1,2992,-1.00852,1,-0.75,Walking,True,-1.92,0,0
1789904331472,187,276044,1,2992,-1.00852,1,-0.75,Walking,True,-1.92,0,0
1789904331472,187,276044,1,2992,-1.00852,1,-0.75,Walking,True,-1.92,0,0
1789904331472,187,276044,1,2992,-1.00852,1,-0.75,Walking,True,-1.92,0,0
1789904331472,187,276044,1,2992,-1.00852,1,-0.75,Walking,True,-1.92,0,0
1789904331472,187,276044,1,2992,-1.00852,1,-0.75,Walking,True,-1.92,0,0
1789904331487,188,277143,1,3008,-1.04436,1,-0.75,Walking,True,-2.24,0,0
1789904331487,188,277143,1,3008,-1.04436,1,-0.75,Walking,True,-2.24,0,0
1789904331487,188,277143,1,3008,-1.04436,1,-0.75,Walking,True,-2.24,0,0
1789904331487,188,277143,1,3008,-1.04436,1,-0.75,Walking,True,-2.24,0,0
1789904331487,188,277143,1,3008,-1.04436,1,-0.75,Walking,True,-2.24,0,0
1789904331487,188,277143,1,3008,-1.04436,1,-0.75,Walking,True,-2.24,0,0
1789904331487,188,277143,1,3008,-1.04436,1,-0.75,Walking,True,-2.24,0,0
1789904331487,188,277143,1,3008,-1.04436,1,-0.75,Walking,True,-2.24,0,0
1789904331503,189,278206,1,3024,-1.08532,1,-0.75,Walking,True,-2.56,0,0
1789904331503,189,278206,1,3024,-1.08532,1,-0.75,Walking,True,-2.56,0,0
1789904331503,189,278206,1,3024,-1.08532,1,-0.75,Walking,True,-2.56,0,0
1789904331503,189,278206,1,3024,-1.08532,1,-0.75,Walking,True,-2.56,0,0
1789904331503,189,278206,1,3024,-1.08532,1,-0.75,Walking,True,-2.56,0,0
1789904331503,189,278206,1,3024,-1.08532,1,-0.75,Walking,True,-2.56,0,0
1789904331503,189,278206,1,3024,-1.08532,1,-0.75,Walking,True,-2.56,0,0
1789904331503,189,278206,1,3024,-1.08532,1,-0.75,Walking,True,-2.56,0,0
1789904331518,190,279418,1,3040,-1.1314,1,-0.75,Walking,True,-2.88,0,0
1789904331518,190,279418,1,3040,-1.1314,1,-0.75,Walking,True,-2.88,0,0
1789904331518,190,279418,1,3040,-1.1314,1,-0.75,Walking,True,-2.88,0,0
1789904331518,190,279418,1,3040,-1.1314,1,-0.75,Walking,True,-2.88,0,0
1789904331518,190,279418,1,3040,-1.1314,1,-0.75,Walking,True,-2.88,0,0
1789904331518,190,279418,1,3040,-1.1314,1,-0.75,Walking,True,-2.88,0,0
1789904331518,190,279418,1,3040,-1.1314,1,-0.75,Walking,True,-2.88,0,0
1789904331518,190,279418,1,3040,-1.1314,1,-0.75,Walking,True,-2.88,0,0
1789904331533,191,280471,1,3056,-1.1826,1,-0.75,Walking,True,-3.2,0,0
1789904331533,191,280471,1,3056,-1.1826,1,-0.75,Walking,True,-3.2,0,0
1789904331533,191,280471,1,3056,-1.1826,1,-0.75,Walking,True,-3.2,0,0
1789904331533,191,280471,1,3056,-1.1826,1,-0.75,Walking,True,-3.2,0,0
1789904331533,191,280471,1,3056,-1.1826,1,-0.75,Walking,True,-3.2,0,0
1789904331533,191,280471,1,3056,-1.1826,1,-0.75,Walking,True,-3.2,0,0
1789904331533,191,280471,1,3056,-1.1826,1,-0.75,Walking,True,-3.2,0,0
1789904331533,191,280471,1,3056,-1.1826,1,-0.75,Walking,True,-3.2,0,0
1789904331549,192,281645,1,3072,-1.23892,1,-0.75,Walking,True,-3.52,0,0
1789904331549,192,281645,1,3072,-1.23892,1,-0.75,Walking,True,-3.52,0,0
1789904331549,192,281645,1,3072,-1.23892,1,-0.75,Walking,True,-3.52,0,0
1789904331549,192,281645,1,3072,-1.23892,1,-0.75,Walking,True,-3.52,0,0
1789904331549,192,281645,1,3072,-1.23892,1,-0.75,Walking,True,-3.52,0,0
1789904331549,192,281645,1,3072,-1.23892,1,-0.75,Walking,True,-3.52,0,0
1789904331549,192,281645,1,3072,-1.23892,1,-0.75,Walking,True,-3.52,0,0
1789904331549,192,281645,1,3072,-1.23892,1,-0.75,Walking,True,-3.52,0,0
1789904331564,193,282700,1,3088,-1.30036,1,-0.75,Walking,True,-3.84,0,0
1789904331564,193,282700,1,3088,-1.30036,1,-0.75,Walking,True,-3.84,0,0
1789904331564,193,282700,1,3088,-1.30036,1,-0.75,Walking,True,-3.84,0,0
1789904331564,193,282700,1,3088,-1.30036,1,-0.75,Walking,True,-3.84,0,0
1789904331564,193,282700,1,3088,-1.30036,1,-0.75,Walking,True,-3.84,0,0
1789904331564,193,282700,1,3088,-1.30036,1,-0.75,Walking,True,-3.84,0,0
1789904331564,193,282700,1,3088,-1.30036,1,-0.75,Walking,True,-3.84,0,0
1789904331564,193,282700,1,3088,-1.30036,1,-0.75,Walking,True,-3.84,0,0
1789904331580,194,283872,1,3104,-1.36276,1,-0.75,Walking,True,-3.9,0,0
1789904331580,194,283872,1,3104,-1.36276,1,-0.75,Walking,True,-3.9,0,0
1789904331580,194,283872,1,3104,-1.36276,1,-0.75,Walking,True,-3.9,0,0
1789904331580,194,283872,1,3104,-1.36276,1,-0.75,Walking,True,-3.9,0,0
1789904331580,194,283872,1,3104,-1.36276,1,-0.75,Walking,True,-3.9,0,0
1789904331580,194,283872,1,3104,-1.36276,1,-0.75,Walking,True,-3.9,0,0
1789904331580,194,283872,1,3104,-1.36276,1,-0.75,Walking,True,-3.9,0,0
1789904331580,194,283872,1,3104,-1.36276,1,-0.75,Walking,True,-3.9,0,0
1789904331595,195,285267,1,3120,-1.42516,1,-0.75,Walking,True,-3.9,0,0
1789904331595,195,285267,1,3120,-1.42516,1,-0.75,Walking,True,-3.9,0,0
1789904331595,195,285267,1,3120,-1.42516,1,-0.75,Walking,True,-3.9,0,0
1789904331595,195,285267,1,3120,-1.42516,1,-0.75,Walking,True,-3.9,0,0
1789904331595,195,285267,1,3120,-1.42516,1,-0.75,Walking,True,-3.9,0,0
1789904331595,195,285267,1,3120,-1.42516,1,-0.75,Walking,True,-3.9,0,0
1789904331595,195,285267,1,3120,-1.42516,1,-0.75,Walking,True,-3.9,0,0
1789904331595,195,285267,1,3120,-1.42516,1,-0.75,Walking,True,-3.9,0,0
1789904331610,196,286449,1,3136,-1.48756,1,-0.75,Walking,True,-3.9,0,0
1789904331610,196,286449,1,3136,-1.48756,1,-0.75,Walking,True,-3.9,0,0
1789904331610,196,286449,1,3136,-1.48756,1,-0.75,Walking,True,-3.9,0,0
1789904331610,196,286449,1,3136,-1.48756,1,-0.75,Walking,True,-3.9,0,0
1789904331610,196,286449,1,3136,-1.48756,1,-0.75,Walking,True,-3.9,0,0
1789904331610,196,286449,1,3136,-1.48756,1,-0.75,Walking,True,-3.9,0,0
1789904331610,196,286449,1,3136,-1.48756,1,-0.75,Walking,True,-3.9,0,0
1789904331610,196,286449,1,3136,-1.48756,1,-0.75,Walking,True,-3.9,0,0
1789904331627,197,287610,1,3152,-1.54996,1,-0.75,Walking,True,-3.9,0,0
1789904331627,197,287610,1,3152,-1.54996,1,-0.75,Walking,True,-3.9,0,0
1789904331627,197,287610,1,3152,-1.54996,1,-0.75,Walking,True,-3.9,0,0
1789904331627,197,287610,1,3152,-1.54996,1,-0.75,Walking,True,-3.9,0,0
1789904331627,197,287610,1,3152,-1.54996,1,-0.75,Walking,True,-3.9,0,0
1789904331627,197,287610,1,3152,-1.54996,1,-0.75,Walking,True,-3.9,0,0
1789904331627,197,287610,1,3152,-1.54996,1,-0.75,Walking,True,-3.9,0,0
1789904331627,197,287610,1,3152,-1.54996,1,-0.75,Walking,True,-3.9,0,0
1789904331641,198,288973,1,3168,-1.61236,1,-0.75,Walking,True,-3.9,0,0
1789904331641,198,288973,1,3168,-1.61236,1,-0.75,Walking,True,-3.9,0,0
1789904331641,198,288973,1,3168,-1.61236,1,-0.75,Walking,True,-3.9,0,0
1789904331641,198,288973,1,3168,-1.61236,1,-0.75,Walking,True,-3.9,0,0
1789904331641,198,288973,1,3168,-1.61236,1,-0.75,Walking,True,-3.9,0,0
1789904331641,198,288973,1,3168,-1.61236,1,-0.75,Walking,True,-3.9,0,0
1789904331641,198,288973,1,3168,-1.61236,1,-0.75,Walking,True,-3.9,0,0
1789904331641,198,288973,1,3168,-1.61236,1,-0.75,Walking,True,-3.9,0,0
1789904331657,199,290167,1,3184,-1.67476,1,-0.75,Walking,True,-3.9,0,0
1789904331657,199,290167,1,3184,-1.67476,1,-0.75,Walking,True,-3.9,0,0
1789904331657,199,290167,1,3184,-1.67476,1,-0.75,Walking,True,-3.9,0,0
1789904331657,199,290167,1,3184,-1.67476,1,-0.75,Walking,True,-3.9,0,0
1789904331657,199,290167,1,3184,-1.67476,1,-0.75,Walking,True,-3.9,0,0
1789904331657,199,290167,1,3184,-1.67476,1,-0.75,Walking,True,-3.9,0,0
1789904331657,199,290167,1,3184,-1.67476,1,-0.75,Walking,True,-3.9,0,0
1789904331657,199,290167,1,3184,-1.67476,1,-0.75,Walking,True,-3.9,0,0
1789904331673,200,291514,1,3200,-1.73716,1,-0.75,Walking,True,-3.9,0,0
1789904331673,200,291514,1,3200,-1.73716,1,-0.75,Walking,True,-3.9,0,0
1789904331673,200,291514,1,3200,-1.73716,1,-0.75,Walking,True,-3.9,0,0
1789904331673,200,291514,1,3200,-1.73716,1,-0.75,Walking,True,-3.9,0,0
1789904331673,200,291514,1,3200,-1.73716,1,-0.75,Walking,True,-3.9,0,0
1789904331673,200,291514,1,3200,-1.73716,1,-0.75,Walking,True,-3.9,0,0
1789904331673,200,291514,1,3200,-1.73716,1,-0.75,Walking,True,-3.9,0,0
1789904331673,200,291514,1,3200,-1.73716,1,-0.75,Walking,True,-3.9,0,0
1789904331688,201,293001,1,3216,-1.79956,1,-0.75,Walking,True,-3.9,0,0
1789904331688,201,293001,1,3216,-1.79956,1,-0.75,Walking,True,-3.9,0,0
1789904331688,201,293001,1,3216,-1.79956,1,-0.75,Walking,True,-3.9,0,0
1789904331688,201,293001,1,3216,-1.79956,1,-0.75,Walking,True,-3.9,0,0
1789904331688,201,293001,1,3216,-1.79956,1,-0.75,Walking,True,-3.9,0,0
1789904331688,201,293001,1,3216,-1.79956,1,-0.75,Walking,True,-3.9,0,0
1789904331688,201,293001,1,3216,-1.79956,1,-0.75,Walking,True,-3.9,0,0
1789904331688,201,293001,1,3216,-1.79956,1,-0.75,Walking,True,-3.9,0,0
1789904331703,202,294456,1,3232,-1.86196,1,-0.75,Walking,True,-3.9,0,0
1789904331703,202,294456,1,3232,-1.86196,1,-0.75,Walking,True,-3.9,0,0
1789904331703,202,294456,1,3232,-1.86196,1,-0.75,Walking,True,-3.9,0,0
1789904331703,202,294456,1,3232,-1.86196,1,-0.75,Walking,True,-3.9,0,0
1789904331703,202,294456,1,3232,-1.86196,1,-0.75,Walking,True,-3.9,0,0
1789904331703,202,294456,1,3232,-1.86196,1,-0.75,Walking,True,-3.9,0,0
1789904331703,202,294456,1,3232,-1.86196,1,-0.75,Walking,True,-3.9,0,0
1789904331703,202,294456,1,3232,-1.86196,1,-0.75,Walking,True,-3.9,0,0
1789904331719,203,295863,1,3248,-1.92436,1,-0.75,Walking,True,-3.9,0,0
1789904331719,203,295863,1,3248,-1.92436,1,-0.75,Walking,True,-3.9,0,0
1789904331719,203,295863,1,3248,-1.92436,1,-0.75,Walking,True,-3.9,0,0
1789904331719,203,295863,1,3248,-1.92436,1,-0.75,Walking,True,-3.9,0,0
1789904331719,203,295863,1,3248,-1.92436,1,-0.75,Walking,True,-3.9,0,0
1789904331719,203,295863,1,3248,-1.92436,1,-0.75,Walking,True,-3.9,0,0
1789904331719,203,295863,1,3248,-1.92436,1,-0.75,Walking,True,-3.9,0,0
1789904331719,203,295863,1,3248,-1.92436,1,-0.75,Walking,True,-3.9,0,0
1789904331735,204,297238,1,3264,-1.98676,1,-0.75,Walking,True,-3.9,0,0
1789904331735,204,297238,1,3264,-1.98676,1,-0.75,Walking,True,-3.9,0,0
1789904331735,204,297238,1,3264,-1.98676,1,-0.75,Walking,True,-3.9,0,0
1789904331735,204,297238,1,3264,-1.98676,1,-0.75,Walking,True,-3.9,0,0
1789904331735,204,297238,1,3264,-1.98676,1,-0.75,Walking,True,-3.9,0,0
1789904331735,204,297238,1,3264,-1.98676,1,-0.75,Walking,True,-3.9,0,0
1789904331736,204,297238,1,3264,-1.98676,1,-0.75,Walking,True,-3.9,0,0
1789904331736,204,297238,1,3264,-1.98676,1,-0.75,Walking,True,-3.9,0,0
1789904331766,205,298543,1,3280,-2.04916,1,-0.75,Walking,True,-3.9,0,0
1789904331766,205,298543,1,3280,-2.04916,1,-0.75,Walking,True,-3.9,0,0
1789904331766,205,298543,1,3280,-2.04916,1,-0.75,Walking,True,-3.9,0,0
1789904331766,205,298543,1,3280,-2.04916,1,-0.75,Walking,True,-3.9,0,0
1789904331766,205,298543,1,3280,-2.04916,1,-0.75,Walking,True,-3.9,0,0
1789904331766,205,298543,1,3280,-2.04916,1,-0.75,Walking,True,-3.9,0,0
1789904331766,205,298543,1,3280,-2.04916,1,-0.75,Walking,True,-3.9,0,0
1789904331766,205,298543,1,3280,-2.04916,1,-0.75,Walking,True,-3.9,0,0
1789904331783,206,300776,1,3296,-2.11156,1,-0.75,Walking,True,-3.9,0,0
1789904331783,206,300776,1,3296,-2.11156,1,-0.75,Walking,True,-3.9,0,0
1789904331783,206,300776,1,3296,-2.11156,1,-0.75,Walking,True,-3.9,0,0
1789904331783,206,300776,1,3296,-2.11156,1,-0.75,Walking,True,-3.9,0,0
1789904331783,206,300776,1,3296,-2.11156,1,-0.75,Walking,True,-3.9,0,0
1789904331783,206,300776,1,3296,-2.11156,1,-0.75,Walking,True,-3.9,0,0
1789904331783,206,300776,1,3296,-2.11156,1,-0.75,Walking,True,-3.9,0,0
1789904331783,206,300776,1,3296,-2.11156,1,-0.75,Walking,True,-3.9,0,0
1789904331813,207,302090,1,3312,-2.17396,1,-0.75,Walking,True,-3.9,0,0
1789904331813,208,302091,1,3328,-2.23636,1,-0.75,Walking,True,-3.9,0,0
1789904331813,208,302091,1,3328,-2.23636,1,-0.75,Walking,True,-3.9,0,0
1789904331813,208,302091,1,3328,-2.23636,1,-0.75,Walking,True,-3.9,0,0
1789904331813,208,302091,1,3328,-2.23636,1,-0.75,Walking,True,-3.9,0,0
1789904331813,208,302091,1,3328,-2.23636,1,-0.75,Walking,True,-3.9,0,0
1789904331813,208,302091,1,3328,-2.23636,1,-0.75,Walking,True,-3.9,0,0
1789904331813,208,302091,1,3328,-2.23636,1,-0.75,Walking,True,-3.9,0,0
1789904331829,209,304466,1,3344,-2.29876,1,-0.75,Walking,True,-3.9,0,0
1789904331829,209,304466,1,3344,-2.29876,1,-0.75,Walking,True,-3.9,0,0
1789904331829,209,304466,1,3344,-2.29876,1,-0.75,Walking,True,-3.9,0,0
1789904331829,209,304466,1,3344,-2.29876,1,-0.75,Walking,True,-3.9,0,0
1789904331829,209,304466,1,3344,-2.29876,1,-0.75,Walking,True,-3.9,0,0
1789904331829,209,304466,1,3344,-2.29876,1,-0.75,Walking,True,-3.9,0,0
1789904331829,209,304466,1,3344,-2.29876,1,-0.75,Walking,True,-3.9,0,0
1789904331829,209,304466,1,3344,-2.29876,1,-0.75,Walking,True,-3.9,0,0
1789904331844,210,305661,1,3360,-2.361161,1,-0.75,Walking,True,-3.9,0,0
1789904331844,210,305661,1,3360,-2.361161,1,-0.75,Walking,True,-3.9,0,0
1789904331844,210,305661,1,3360,-2.361161,1,-0.75,Walking,True,-3.9,0,0
1789904331844,210,305661,1,3360,-2.361161,1,-0.75,Walking,True,-3.9,0,0
1789904331844,210,305661,1,3360,-2.361161,1,-0.75,Walking,True,-3.9,0,0
1789904331844,210,305661,1,3360,-2.361161,1,-0.75,Walking,True,-3.9,0,0
1789904331844,210,305661,1,3360,-2.361161,1,-0.75,Walking,True,-3.9,0,0
1789904331844,210,305661,1,3360,-2.361161,1,-0.75,Walking,True,-3.9,0,0
1789904331859,211,306787,1,3376,-2.423561,1,-0.75,Walking,True,-3.9,0,0
1789904331859,211,306787,1,3376,-2.423561,1,-0.75,Walking,True,-3.9,0,0
1789904331859,211,306787,1,3376,-2.423561,1,-0.75,Walking,True,-3.9,0,0
1789904331859,211,306787,1,3376,-2.423561,1,-0.75,Walking,True,-3.9,0,0
1789904331859,211,306787,1,3376,-2.423561,1,-0.75,Walking,True,-3.9,0,0
1789904331859,211,306787,1,3376,-2.423561,1,-0.75,Walking,True,-3.9,0,0
1789904331859,211,306787,1,3376,-2.423561,1,-0.75,Walking,True,-3.9,0,0
1789904331859,211,306787,1,3376,-2.423561,1,-0.75,Walking,True,-3.9,0,0
1789904331876,212,308052,1,3392,-2.485961,1,-0.75,Walking,True,-3.9,0,0
1789904331876,212,308052,1,3392,-2.485961,1,-0.75,Walking,True,-3.9,0,0
1789904331876,212,308052,1,3392,-2.485961,1,-0.75,Walking,True,-3.9,0,0
1789904331876,212,308052,1,3392,-2.485961,1,-0.75,Walking,True,-3.9,0,0
1789904331876,212,308052,1,3392,-2.485961,1,-0.75,Walking,True,-3.9,0,0
1789904331876,212,308052,1,3392,-2.485961,1,-0.75,Walking,True,-3.9,0,0
1789904331876,212,308052,1,3392,-2.485961,1,-0.75,Walking,True,-3.9,0,0
1789904331876,212,308052,1,3392,-2.485961,1,-0.75,Walking,True,-3.9,0,0
1789904331891,213,309505,1,3408,-2.548361,1,-0.75,Walking,True,-3.9,0,0
1789904331891,213,309505,1,3408,-2.548361,1,-0.75,Walking,True,-3.9,0,0
1789904331891,213,309505,1,3408,-2.548361,1,-0.75,Walking,True,-3.9,0,0
1789904331891,213,309505,1,3408,-2.548361,1,-0.75,Walking,True,-3.9,0,0
1789904331891,213,309505,1,3408,-2.548361,1,-0.75,Walking,True,-3.9,0,0
1789904331891,213,309505,1,3408,-2.548361,1,-0.75,Walking,True,-3.9,0,0
1789904331891,213,309505,1,3408,-2.548361,1,-0.75,Walking,True,-3.9,0,0
1789904331891,213,309505,1,3408,-2.548361,1,-0.75,Walking,True,-3.9,0,0
1789904331907,214,310807,1,3424,-2.610761,1,-0.75,Walking,True,-3.9,0,0
1789904331907,214,310807,1,3424,-2.610761,1,-0.75,Walking,True,-3.9,0,0
1789904331907,214,310807,1,3424,-2.610761,1,-0.75,Walking,True,-3.9,0,0
1789904331907,214,310807,1,3424,-2.610761,1,-0.75,Walking,True,-3.9,0,0
1789904331907,214,310807,1,3424,-2.610761,1,-0.75,Walking,True,-3.9,0,0
1789904331907,214,310807,1,3424,-2.610761,1,-0.75,Walking,True,-3.9,0,0
1789904331907,214,310807,1,3424,-2.610761,1,-0.75,Walking,True,-3.9,0,0
1789904331907,214,310807,1,3424,-2.610761,1,-0.75,Walking,True,-3.9,0,0
1789904331922,215,312118,1,3440,-2.673161,1,-0.75,Walking,True,-3.9,0,0
1789904331922,215,312118,1,3440,-2.673161,1,-0.75,Walking,True,-3.9,0,0
1789904331922,215,312118,1,3440,-2.673161,1,-0.75,Walking,True,-3.9,0,0
1789904331922,215,312118,1,3440,-2.673161,1,-0.75,Walking,True,-3.9,0,0
1789904331922,215,312118,1,3440,-2.673161,1,-0.75,Walking,True,-3.9,0,0
1789904331922,215,312118,1,3440,-2.673161,1,-0.75,Walking,True,-3.9,0,0
1789904331922,215,312118,1,3440,-2.673161,1,-0.75,Walking,True,-3.9,0,0
1789904331922,215,312118,1,3440,-2.673161,1,-0.75,Walking,True,-3.9,0,0
1789904331938,216,313580,1,3456,-2.735561,1,-0.75,Walking,True,-3.9,0,0
1789904331938,216,313580,1,3456,-2.735561,1,-0.75,Walking,True,-3.9,0,0
1789904331938,216,313580,1,3456,-2.735561,1,-0.75,Walking,True,-3.9,0,0
1789904331938,216,313580,1,3456,-2.735561,1,-0.75,Walking,True,-3.9,0,0
1789904331938,216,313580,1,3456,-2.735561,1,-0.75,Walking,True,-3.9,0,0
1789904331938,216,313580,1,3456,-2.735561,1,-0.75,Walking,True,-3.9,0,0
1789904331938,216,313580,1,3456,-2.735561,1,-0.75,Walking,True,-3.9,0,0
1789904331938,216,313580,1,3456,-2.735561,1,-0.75,Walking,True,-3.9,0,0
1789904331954,217,315053,1,3472,-2.797961,1,-0.75,Walking,True,-3.9,0,0
1789904331954,217,315053,1,3472,-2.797961,1,-0.75,Walking,True,-3.9,0,0
1789904331954,217,315053,1,3472,-2.797961,1,-0.75,Walking,True,-3.9,0,0
1789904331954,217,315053,1,3472,-2.797961,1,-0.75,Walking,True,-3.9,0,0
1789904331954,217,315053,1,3472,-2.797961,1,-0.75,Walking,True,-3.9,0,0
1789904331954,217,315053,1,3472,-2.797961,1,-0.75,Walking,True,-3.9,0,0
1789904331954,217,315053,1,3472,-2.797961,1,-0.75,Walking,True,-3.9,0,0
1789904331954,217,315053,1,3472,-2.797961,1,-0.75,Walking,True,-3.9,0,0
1789904331970,218,316508,1,3488,-2.860361,1,-0.75,Walking,True,-3.9,0,0
1789904331970,218,316508,1,3488,-2.860361,1,-0.75,Walking,True,-3.9,0,0
1789904331970,218,316508,1,3488,-2.860361,1,-0.75,Walking,True,-3.9,0,0
1789904331970,218,316508,1,3488,-2.860361,1,-0.75,Walking,True,-3.9,0,0
1789904331970,218,316508,1,3488,-2.860361,1,-0.75,Walking,True,-3.9,0,0
1789904331970,218,316508,1,3488,-2.860361,1,-0.75,Walking,True,-3.9,0,0
1789904331970,218,316508,1,3488,-2.860361,1,-0.75,Walking,True,-3.9,0,0
1789904331970,218,316508,1,3488,-2.860361,1,-0.75,Walking,True,-3.9,0,0
1789904331985,219,318113,1,3504,-2.922761,1,-0.75,Walking,True,-3.9,0,0
1789904331985,219,318113,1,3504,-2.922761,1,-0.75,Walking,True,-3.9,0,0
1789904331985,219,318113,1,3504,-2.922761,1,-0.75,Walking,True,-3.9,0,0
1789904331985,219,318113,1,3504,-2.922761,1,-0.75,Walking,True,-3.9,0,0
1789904331985,219,318113,1,3504,-2.922761,1,-0.75,Walking,True,-3.9,0,0
1789904331985,219,318113,1,3504,-2.922761,1,-0.75,Walking,True,-3.9,0,0
1789904331985,219,318113,1,3504,-2.922761,1,-0.75,Walking,True,-3.9,0,0
1789904331985,219,318113,1,3504,-2.922761,1,-0.75,Walking,True,-3.9,0,0
1789904332001,220,319561,1,3520,-2.985162,1,-0.75,Walking,True,-3.9,0,0
1789904332001,220,319561,1,3520,-2.985162,1,-0.75,Walking,True,-3.9,0,0
1789904332001,220,319561,1,3520,-2.985162,1,-0.75,Walking,True,-3.9,0,0
1789904332001,220,319561,1,3520,-2.985162,1,-0.75,Walking,True,-3.9,0,0
1789904332001,220,319561,1,3520,-2.985162,1,-0.75,Walking,True,-3.9,0,0
1789904332001,220,319561,1,3520,-2.985162,1,-0.75,Walking,True,-3.9,0,0
1789904332001,220,319561,1,3520,-2.985162,1,-0.75,Walking,True,-3.9,0,0
1789904332001,220,319561,1,3520,-2.985162,1,-0.75,Walking,True,-3.9,0,0
1789904332016,221,321021,1,3536,-3.047562,1,-0.75,Walking,True,-3.9,0,0
1789904332016,221,321021,1,3536,-3.047562,1,-0.75,Walking,True,-3.9,0,0
1789904332016,221,321021,1,3536,-3.047562,1,-0.75,Walking,True,-3.9,0,0
1789904332016,221,321021,1,3536,-3.047562,1,-0.75,Walking,True,-3.9,0,0
1789904332016,221,321021,1,3536,-3.047562,1,-0.75,Walking,True,-3.9,0,0
1789904332016,221,321021,1,3536,-3.047562,1,-0.75,Walking,True,-3.9,0,0
1789904332016,221,321021,1,3536,-3.047562,1,-0.75,Walking,True,-3.9,0,0
1789904332016,221,321021,1,3536,-3.047562,1,-0.75,Walking,True,-3.9,0,0
1789904332031,222,322429,1,3552,-3.109962,1,-0.75,Walking,True,-3.9,0,0
1789904332031,222,322429,1,3552,-3.109962,1,-0.75,Walking,True,-3.9,0,0
1789904332031,222,322429,1,3552,-3.109962,1,-0.75,Walking,True,-3.9,0,0
1789904332031,222,322429,1,3552,-3.109962,1,-0.75,Walking,True,-3.9,0,0
1789904332031,222,322429,1,3552,-3.109962,1,-0.75,Walking,True,-3.9,0,0
1789904332031,222,322429,1,3552,-3.109962,1,-0.75,Walking,True,-3.9,0,0
1789904332031,222,322429,1,3552,-3.109962,1,-0.75,Walking,True,-3.9,0,0
1789904332031,222,322429,1,3552,-3.109962,1,-0.75,Walking,True,-3.9,0,0
1789904332047,223,323495,1,3568,-3.172362,1,-0.75,Walking,True,-3.9,0,0
1789904332047,223,323495,1,3568,-3.172362,1,-0.75,Walking,True,-3.9,0,0
1789904332047,223,323495,1,3568,-3.172362,1,-0.75,Walking,True,-3.9,0,0
1789904332047,223,323495,1,3568,-3.172362,1,-0.75,Walking,True,-3.9,0,0
1789904332047,223,323495,1,3568,-3.172362,1,-0.75,Walking,True,-3.9,0,0
1789904332047,223,323495,1,3568,-3.172362,1,-0.75,Walking,True,-3.9,0,0
1789904332047,223,323495,1,3568,-3.172362,1,-0.75,Walking,True,-3.9,0,0
1789904332047,223,323495,1,3568,-3.172362,1,-0.75,Walking,True,-3.9,0,0
1789904332062,224,324801,1,3584,-3.234762,1,-0.75,Walking,True,-3.9,0,0
1789904332062,224,324801,1,3584,-3.234762,1,-0.75,Walking,True,-3.9,0,0
1789904332062,224,324801,1,3584,-3.234762,1,-0.75,Walking,True,-3.9,0,0
1789904332062,224,324801,1,3584,-3.234762,1,-0.75,Walking,True,-3.9,0,0
1789904332062,224,324801,1,3584,-3.234762,1,-0.75,Walking,True,-3.9,0,0
1789904332062,224,324801,1,3584,-3.234762,1,-0.75,Walking,True,-3.9,0,0
1789904332062,224,324801,1,3584,-3.234762,1,-0.75,Walking,True,-3.9,0,0
1789904332062,224,324801,1,3584,-3.234762,1,-0.75,Walking,True,-3.9,0,0
1789904332078,225,326154,1,3600,-3.297162,1,-0.75,Walking,True,-3.9,0,0
1789904332078,225,326154,1,3600,-3.297162,1,-0.75,Walking,True,-3.9,0,0
1789904332078,225,326154,1,3600,-3.297162,1,-0.75,Walking,True,-3.9,0,0
1789904332078,225,326154,1,3600,-3.297162,1,-0.75,Walking,True,-3.9,0,0
1789904332078,225,326154,1,3600,-3.297162,1,-0.75,Walking,True,-3.9,0,0
1789904332078,225,326154,1,3600,-3.297162,1,-0.75,Walking,True,-3.9,0,0
1789904332078,225,326154,1,3600,-3.297162,1,-0.75,Walking,True,-3.9,0,0
1789904332078,225,326154,1,3600,-3.297162,1,-0.75,Walking,True,-3.9,0,0
1789904332093,226,327585,1,3616,-3.359562,1,-0.75,Walking,True,-3.9,0,0
1789904332093,226,327585,1,3616,-3.359562,1,-0.75,Walking,True,-3.9,0,0
1789904332093,226,327585,1,3616,-3.359562,1,-0.75,Walking,True,-3.9,0,0
1789904332093,226,327585,1,3616,-3.359562,1,-0.75,Walking,True,-3.9,0,0
1789904332093,226,327585,1,3616,-3.359562,1,-0.75,Walking,True,-3.9,0,0
1789904332093,226,327585,1,3616,-3.359562,1,-0.75,Walking,True,-3.9,0,0
1789904332093,226,327585,1,3616,-3.359562,1,-0.75,Walking,True,-3.9,0,0
1789904332093,226,327585,1,3616,-3.359562,1,-0.75,Walking,True,-3.9,0,0
1789904332108,227,328908,1,3632,-3.421962,1,-0.75,Walking,True,-3.9,0,0
1789904332108,227,328908,1,3632,-3.421962,1,-0.75,Walking,True,-3.9,0,0
1789904332108,227,328908,1,3632,-3.421962,1,-0.75,Walking,True,-3.9,0,0
1789904332108,227,328908,1,3632,-3.421962,1,-0.75,Walking,True,-3.9,0,0
1789904332108,227,328908,1,3632,-3.421962,1,-0.75,Walking,True,-3.9,0,0
1789904332108,227,328908,1,3632,-3.421962,1,-0.75,Walking,True,-3.9,0,0
1789904332108,227,328908,1,3632,-3.421962,1,-0.75,Walking,True,-3.9,0,0
1789904332108,227,328908,1,3632,-3.421962,1,-0.75,Walking,True,-3.9,0,0
1789904332124,228,330035,1,3648,-3.484362,1,-0.75,Walking,True,-3.9,0,0
1789904332124,228,330035,1,3648,-3.484362,1,-0.75,Walking,True,-3.9,0,0
1789904332124,228,330035,1,3648,-3.484362,1,-0.75,Walking,True,-3.9,0,0
1789904332124,228,330035,1,3648,-3.484362,1,-0.75,Walking,True,-3.9,0,0
1789904332124,228,330035,1,3648,-3.484362,1,-0.75,Walking,True,-3.9,0,0
1789904332124,228,330035,1,3648,-3.484362,1,-0.75,Walking,True,-3.9,0,0
1789904332124,228,330035,1,3648,-3.484362,1,-0.75,Walking,True,-3.9,0,0
1789904332124,228,330035,1,3648,-3.484362,1,-0.75,Walking,True,-3.9,0,0
1789904332139,229,331243,1,3664,-3.546762,1,-0.75,Walking,True,-3.9,0,0
1789904332139,229,331243,1,3664,-3.546762,1,-0.75,Walking,True,-3.9,0,0
1789904332139,229,331243,1,3664,-3.546762,1,-0.75,Walking,True,-3.9,0,0
1789904332139,229,331243,1,3664,-3.546762,1,-0.75,Walking,True,-3.9,0,0
1789904332139,229,331243,1,3664,-3.546762,1,-0.75,Walking,True,-3.9,0,0
1789904332139,229,331243,1,3664,-3.546762,1,-0.75,Walking,True,-3.9,0,0
1789904332139,229,331243,1,3664,-3.546762,1,-0.75,Walking,True,-3.9,0,0
1789904332139,229,331243,1,3664,-3.546762,1,-0.75,Walking,True,-3.9,0,0
1789904332156,230,332319,1,3680,-3.609163,1,-0.75,Walking,True,-3.9,0,0
1789904332156,230,332319,1,3680,-3.609163,1,-0.75,Walking,True,-3.9,0,0
1789904332156,230,332319,1,3680,-3.609163,1,-0.75,Walking,True,-3.9,0,0
1789904332156,230,332319,1,3680,-3.609163,1,-0.75,Walking,True,-3.9,0,0
1789904332156,230,332319,1,3680,-3.609163,1,-0.75,Walking,True,-3.9,0,0
1789904332156,230,332319,1,3680,-3.609163,1,-0.75,Walking,True,-3.9,0,0
1789904332156,230,332319,1,3680,-3.609163,1,-0.75,Walking,True,-3.9,0,0
1789904332156,230,332319,1,3680,-3.609163,1,-0.75,Walking,True,-3.9,0,0
1789904332172,231,333549,1,3696,-3.671563,1,-0.75,Walking,True,-3.9,0,0
1789904332172,231,333549,1,3696,-3.671563,1,-0.75,Walking,True,-3.9,0,0
1789904332172,231,333549,1,3696,-3.671563,1,-0.75,Walking,True,-3.9,0,0
1789904332172,231,333549,1,3696,-3.671563,1,-0.75,Walking,True,-3.9,0,0
1789904332172,231,333549,1,3696,-3.671563,1,-0.75,Walking,True,-3.9,0,0
1789904332172,231,333549,1,3696,-3.671563,1,-0.75,Walking,True,-3.9,0,0
1789904332172,231,333549,1,3696,-3.671563,1,-0.75,Walking,True,-3.9,0,0
1789904332172,231,333549,1,3696,-3.671563,1,-0.75,Walking,True,-3.9,0,0
1789904332202,232,334697,1,3712,-3.728843,1,-0.75,Walking,True,-3.58,0,0
1789904332202,232,334697,1,3712,-3.728843,1,-0.75,Walking,True,-3.58,0,0
1789904332202,232,334697,1,3712,-3.728843,1,-0.75,Walking,True,-3.58,0,0
1789904332202,232,334697,1,3712,-3.728843,1,-0.75,Walking,True,-3.58,0,0
1789904332202,232,334697,1,3712,-3.728843,1,-0.75,Walking,True,-3.58,0,0
1789904332202,232,334697,1,3712,-3.728843,1,-0.75,Walking,True,-3.58,0,0
1789904332202,232,334697,1,3712,-3.728843,1,-0.75,Walking,True,-3.58,0,0
1789904332202,232,334697,1,3712,-3.728843,1,-0.75,Walking,True,-3.58,0,0
1789904332218,233,336913,1,3728,-3.781003,1,-0.75,Walking,True,-3.26,0,0
1789904332218,233,336913,1,3728,-3.781003,1,-0.75,Walking,True,-3.26,0,0
1789904332218,233,336913,1,3728,-3.781003,1,-0.75,Walking,True,-3.26,0,0
1789904332218,233,336913,1,3728,-3.781003,1,-0.75,Walking,True,-3.26,0,0
1789904332218,233,336913,1,3728,-3.781003,1,-0.75,Walking,True,-3.26,0,0
1789904332218,233,336913,1,3728,-3.781003,1,-0.75,Walking,True,-3.26,0,0
1789904332218,233,336913,1,3728,-3.781003,1,-0.75,Walking,True,-3.26,0,0
1789904332218,233,336913,1,3728,-3.781003,1,-0.75,Walking,True,-3.26,0,0
1789904332234,234,338053,1,3744,-3.828043,1,-0.75,Walking,True,-2.94,0,0
1789904332234,234,338053,1,3744,-3.828043,1,-0.75,Walking,True,-2.94,0,0
1789904332234,234,338053,1,3744,-3.828043,1,-0.75,Walking,True,-2.94,0,0
1789904332234,234,338053,1,3744,-3.828043,1,-0.75,Walking,True,-2.94,0,0
1789904332234,234,338053,1,3744,-3.828043,1,-0.75,Walking,True,-2.94,0,0
1789904332234,234,338053,1,3744,-3.828043,1,-0.75,Walking,True,-2.94,0,0
1789904332235,234,338053,1,3744,-3.828043,1,-0.75,Walking,True,-2.94,0,0
1789904332235,234,338053,1,3744,-3.828043,1,-0.75,Walking,True,-2.94,0,0
1789904332251,235,339091,1,3760,-3.869963,1,-0.75,Walking,True,-2.62,0,0
1789904332251,235,339091,1,3760,-3.869963,1,-0.75,Walking,True,-2.62,0,0
1789904332251,235,339091,1,3760,-3.869963,1,-0.75,Walking,True,-2.62,0,0
1789904332251,235,339091,1,3760,-3.869963,1,-0.75,Walking,True,-2.62,0,0
1789904332251,235,339091,1,3760,-3.869963,1,-0.75,Walking,True,-2.62,0,0
1789904332251,235,339091,1,3760,-3.869963,1,-0.75,Walking,True,-2.62,0,0
1789904332251,235,339091,1,3760,-3.869963,1,-0.75,Walking,True,-2.62,0,0
1789904332251,235,339091,1,3760,-3.869963,1,-0.75,Walking,True,-2.62,0,0
1789904332267,236,340179,1,3776,-3.906763,1,-0.75,Walking,True,-2.3,0,0
1789904332267,236,340179,1,3776,-3.906763,1,-0.75,Walking,True,-2.3,0,0
1789904332267,236,340179,1,3776,-3.906763,1,-0.75,Walking,True,-2.3,0,0
1789904332267,236,340179,1,3776,-3.906763,1,-0.75,Walking,True,-2.3,0,0
1789904332267,236,340179,1,3776,-3.906763,1,-0.75,Walking,True,-2.3,0,0
1789904332267,236,340179,1,3776,-3.906763,1,-0.75,Walking,True,-2.3,0,0
1789904332267,236,340179,1,3776,-3.906763,1,-0.75,Walking,True,-2.3,0,0
1789904332267,236,340179,1,3776,-3.906763,1,-0.75,Walking,True,-2.3,0,0
1789904332283,237,341270,1,3792,-3.938443,1,-0.75,Walking,True,-1.98,0,0
1789904332283,237,341270,1,3792,-3.938443,1,-0.75,Walking,True,-1.98,0,0
1789904332283,237,341270,1,3792,-3.938443,1,-0.75,Walking,True,-1.98,0,0
1789904332283,237,341270,1,3792,-3.938443,1,-0.75,Walking,True,-1.98,0,0
1789904332283,237,341270,1,3792,-3.938443,1,-0.75,Walking,True,-1.98,0,0
1789904332283,237,341270,1,3792,-3.938443,1,-0.75,Walking,True,-1.98,0,0
1789904332283,237,341270,1,3792,-3.938443,1,-0.75,Walking,True,-1.98,0,0
1789904332283,237,341270,1,3792,-3.938443,1,-0.75,Walking,True,-1.98,0,0
1789904332313,238,342619,1,3808,-3.965003,1,-0.75,Walking,True,-1.66,0,0
1789904332313,238,342619,1,3808,-3.965003,1,-0.75,Walking,True,-1.66,0,0
1789904332313,239,342621,1,3824,-3.986443,1,-0.75,Walking,True,-1.34,0,0
1789904332313,239,342621,1,3824,-3.986443,1,-0.75,Walking,True,-1.34,0,0
1789904332313,239,342621,1,3824,-3.986443,1,-0.75,Walking,True,-1.34,0,0
1789904332313,239,342621,1,3824,-3.986443,1,-0.75,Walking,True,-1.34,0,0
1789904332313,239,342621,1,3824,-3.986443,1,-0.75,Walking,True,-1.34,0,0
1789904332313,239,342621,1,3824,-3.986443,1,-0.75,Walking,True,-1.34,0,0
1789904332328,240,344885,1,3840,-4.002763,1,-0.75,Walking,True,-1.02,0,0
1789904332328,240,344885,1,3840,-4.002763,1,-0.75,Walking,True,-1.02,0,0
1789904332328,240,344885,1,3840,-4.002763,1,-0.75,Walking,True,-1.02,0,0
1789904332328,240,344885,1,3840,-4.002763,1,-0.75,Walking,True,-1.02,0,0
1789904332328,240,344885,1,3840,-4.002763,1,-0.75,Walking,True,-1.02,0,0
1789904332328,240,344885,1,3840,-4.002763,1,-0.75,Walking,True,-1.02,0,0
1789904332328,240,344885,1,3840,-4.002763,1,-0.75,Walking,True,-1.02,0,0
1789904332328,240,344885,1,3840,-4.002763,1,-0.75,Walking,True,-1.02,0,0
1789904332343,241,345810,1,3856,-4.013963,1,-0.75,Walking,True,-0.7,0,0
1789904332343,241,345810,1,3856,-4.013963,1,-0.75,Walking,True,-0.7,0,0
1789904332343,241,345810,1,3856,-4.013963,1,-0.75,Walking,True,-0.7,0,0
1789904332343,241,345810,1,3856,-4.013963,1,-0.75,Walking,True,-0.7,0,0
1789904332343,241,345810,1,3856,-4.013963,1,-0.75,Walking,True,-0.7,0,0
1789904332343,241,345810,1,3856,-4.013963,1,-0.75,Walking,True,-0.7,0,0
1789904332343,241,345810,1,3856,-4.013963,1,-0.75,Walking,True,-0.7,0,0
1789904332343,241,345810,1,3856,-4.013963,1,-0.75,Walking,True,-0.7,0,0
1789904332359,242,346971,1,3872,-4.020043,1,-0.75,Walking,True,-0.38,0,0
1789904332359,242,346971,1,3872,-4.020043,1,-0.75,Walking,True,-0.38,0,0
1789904332359,242,346971,1,3872,-4.020043,1,-0.75,Walking,True,-0.38,0,0
1789904332359,242,346971,1,3872,-4.020043,1,-0.75,Walking,True,-0.38,0,0
1789904332359,242,346971,1,3872,-4.020043,1,-0.75,Walking,True,-0.38,0,0
1789904332359,242,346971,1,3872,-4.020043,1,-0.75,Walking,True,-0.38,0,0
1789904332359,242,346971,1,3872,-4.020043,1,-0.75,Walking,True,-0.38,0,0
1789904332359,242,346971,1,3872,-4.020043,1,-0.75,Walking,True,-0.38,0,0
1789904332375,243,348202,1,3888,-4.020043,1,-0.75,Walking,True,-0.06,0,0
1789904332375,243,348202,1,3888,-4.020043,1,-0.75,Walking,True,-0.06,0,0
1789904332375,243,348202,1,3888,-4.020043,1,-0.75,Walking,True,-0.06,0,0
1789904332375,243,348202,1,3888,-4.020043,1,-0.75,Walking,True,-0.06,0,0
1789904332375,243,348202,1,3888,-4.020043,1,-0.75,Walking,True,-0.06,0,0
1789904332375,243,348202,1,3888,-4.020043,1,-0.75,Walking,True,-0.06,0,0
1789904332375,243,348202,1,3888,-4.020043,1,-0.75,Walking,True,-0.06,0,0
1789904332375,243,348202,1,3888,-4.020043,1,-0.75,Walking,True,-0.06,0,0
1789904332391,244,349598,1,3904,-4.020043,1,-0.75,Walking,True,0,0,0
1789904332391,244,349598,1,3904,-4.020043,1,-0.75,Walking,True,0,0,0
1789904332391,244,349598,1,3904,-4.020043,1,-0.75,Walking,True,0,0,0
1789904332391,244,349598,1,3904,-4.020043,1,-0.75,Walking,True,0,0,0
1789904332391,244,349598,1,3904,-4.020043,1,-0.75,Walking,True,0,0,0
1789904332391,244,349598,1,3904,-4.020043,1,-0.75,Walking,True,0,0,0
1789904332391,244,349598,1,3904,-4.020043,1,-0.75,Walking,True,0,0,0
1789904332391,244,349598,1,3904,-4.020043,1,-0.75,Walking,True,0,0,0
1789904332406,245,350953,1,3920,-4.020043,1,-0.75,Walking,True,0,0,0
1789904332406,245,350953,1,3920,-4.020043,1,-0.75,Walking,True,0,0,0
1789904332406,245,350953,1,3920,-4.020043,1,-0.75,Walking,True,0,0,0
1789904332406,245,350953,1,3920,-4.020043,1,-0.75,Walking,True,0,0,0
1789904332406,245,350953,1,3920,-4.020043,1,-0.75,Walking,True,0,0,0
1789904332406,245,350953,1,3920,-4.020043,1,-0.75,Walking,True,0,0,0
1789904332406,245,350953,1,3920,-4.020043,1,-0.75,Walking,True,0,0,0
1789904332406,245,350953,1,3920,-4.020043,1,-0.75,Walking,True,0,0,0
1789904332421,246,352305,1,3936,-4.020043,1,-0.75,Walking,True,0,0,0
1789904332421,246,352305,1,3936,-4.020043,1,-0.75,Walking,True,0,0,0
1789904332421,246,352305,1,3936,-4.020043,1,-0.75,Walking,True,0,0,0
1789904332421,246,352305,1,3936,-4.020043,1,-0.75,Walking,True,0,0,0
1789904332421,246,352305,1,3936,-4.020043,1,-0.75,Walking,True,0,0,0
1789904332421,246,352305,1,3936,-4.020043,1,-0.75,Walking,True,0,0,0
1789904332421,246,352305,1,3936,-4.020043,1,-0.75,Walking,True,0,0,0
1789904332421,246,352305,1,3936,-4.020043,1,-0.75,Walking,True,0,0,0
1789904332437,247,353637,1,3952,-4.020043,1,-0.75,Walking,True,0,0,0
1789904332437,247,353637,1,3952,-4.020043,1,-0.75,Walking,True,0,0,0
1789904332437,247,353637,1,3952,-4.020043,1,-0.75,Walking,True,0,0,0
1789904332437,247,353637,1,3952,-4.020043,1,-0.75,Walking,True,0,0,0
1789904332437,247,353637,1,3952,-4.020043,1,-0.75,Walking,True,0,0,0
1789904332437,247,353637,1,3952,-4.020043,1,-0.75,Walking,True,0,0,0
1789904332437,247,353637,1,3952,-4.020043,1,-0.75,Walking,True,0,0,0
1789904332437,247,353637,1,3952,-4.020043,1,-0.75,Walking,True,0,0,0
1789904332452,248,355104,1,3968,-4.020043,1,-0.75,Walking,True,0,0,0
1789904332452,248,355104,1,3968,-4.020043,1,-0.75,Walking,True,0,0,0
1789904332452,248,355104,1,3968,-4.020043,1,-0.75,Walking,True,0,0,0
1789904332452,248,355104,1,3968,-4.020043,1,-0.75,Walking,True,0,0,0
1789904332452,248,355104,1,3968,-4.020043,1,-0.75,Walking,True,0,0,0
1789904332452,248,355104,1,3968,-4.020043,1,-0.75,Walking,True,0,0,0
1789904332452,248,355104,1,3968,-4.020043,1,-0.75,Walking,True,0,0,0
1789904332453,248,355104,1,3968,-4.020043,1,-0.75,Walking,True,0,0,0
1789904332468,249,356527,1,3984,-4.020043,1,-0.75,Walking,True,0,0,0
1789904332468,249,356527,1,3984,-4.020043,1,-0.75,Walking,True,0,0,0
1789904332468,249,356527,1,3984,-4.020043,1,-0.75,Walking,True,0,0,0
1789904332468,249,356527,1,3984,-4.020043,1,-0.75,Walking,True,0,0,0
1789904332468,249,356527,1,3984,-4.020043,1,-0.75,Walking,True,0,0,0
1789904332468,249,356527,1,3984,-4.020043,1,-0.75,Walking,True,0,0,0
1789904332468,249,356527,1,3984,-4.020043,1,-0.75,Walking,True,0,0,0
1789904332468,249,356527,1,3984,-4.020043,1,-0.75,Walking,True,0,0,0
1789904332484,250,358095,1,4000,-4.020043,1,-0.75,Walking,True,0,0,0
1789904332484,250,358095,1,4000,-4.020043,1,-0.75,Walking,True,0,0,0
1789904332484,250,358095,1,4000,-4.020043,1,-0.75,Walking,True,0,0,0
1789904332484,250,358095,1,4000,-4.020043,1,-0.75,Walking,True,0,0,0
1789904332484,250,358095,1,4000,-4.020043,1,-0.75,Walking,True,0,0,0
1789904332484,250,358095,1,4000,-4.020043,1,-0.75,Walking,True,0,0,0
1789904332484,250,358095,1,4000,-4.020043,1,-0.75,Walking,True,0,0,0
1789904332484,250,358095,1,4000,-4.020043,1,-0.75,Walking,True,0,0,0
1789904332500,251,359674,1,4016,-4.020043,1,-0.75,Walking,True,0,0,0
1789904332500,251,359674,1,4016,-4.020043,1,-0.75,Walking,True,0,0,0
1789904332500,251,359674,1,4016,-4.020043,1,-0.75,Walking,True,0,0,0
1789904332500,251,359674,1,4016,-4.020043,1,-0.75,Walking,True,0,0,0
1789904332500,251,359674,1,4016,-4.020043,1,-0.75,Walking,True,0,0,0
1789904332500,251,359674,1,4016,-4.020043,1,-0.75,Walking,True,0,0,0
1789904332500,251,359674,1,4016,-4.020043,1,-0.75,Walking,True,0,0,0
1789904332500,251,359674,1,4016,-4.020043,1,-0.75,Walking,True,0,0,0
1789904332515,252,361007,1,4032,-4.020043,1,-0.75,Walking,True,0,0,0
1789904332516,252,361007,1,4032,-4.020043,1,-0.75,Walking,True,0,0,0
1789904332516,252,361007,1,4032,-4.020043,1,-0.75,Walking,True,0,0,0
1789904332516,252,361007,1,4032,-4.020043,1,-0.75,Walking,True,0,0,0
1789904332516,252,361007,1,4032,-4.020043,1,-0.75,Walking,True,0,0,0
1789904332516,252,361007,1,4032,-4.020043,1,-0.75,Walking,True,0,0,0
1789904332516,252,361007,1,4032,-4.020043,1,-0.75,Walking,True,0,0,0
1789904332516,252,361007,1,4032,-4.020043,1,-0.75,Walking,True,0,0,0
1789904332532,253,362379,1,4048,-4.020043,1,-0.75,Walking,True,0,0,0
1789904332532,253,362379,1,4048,-4.020043,1,-0.75,Walking,True,0,0,0
1789904332532,253,362379,1,4048,-4.020043,1,-0.75,Walking,True,0,0,0
1789904332532,253,362379,1,4048,-4.020043,1,-0.75,Walking,True,0,0,0
1789904332532,253,362379,1,4048,-4.020043,1,-0.75,Walking,True,0,0,0
1789904332532,253,362379,1,4048,-4.020043,1,-0.75,Walking,True,0,0,0
1789904332532,253,362379,1,4048,-4.020043,1,-0.75,Walking,True,0,0,0
1789904332532,253,362379,1,4048,-4.020043,1,-0.75,Walking,True,0,0,0
1789904332547,254,363765,1,4064,-4.020043,1,-0.75,Walking,True,0,0,0
1789904332547,254,363765,1,4064,-4.020043,1,-0.75,Walking,True,0,0,0
1789904332547,254,363765,1,4064,-4.020043,1,-0.75,Walking,True,0,0,0
1789904332547,254,363765,1,4064,-4.020043,1,-0.75,Walking,True,0,0,0
1789904332547,254,363765,1,4064,-4.020043,1,-0.75,Walking,True,0,0,0
1789904332547,254,363765,1,4064,-4.020043,1,-0.75,Walking,True,0,0,0
1789904332547,254,363765,1,4064,-4.020043,1,-0.75,Walking,True,0,0,0
1789904332547,254,363765,1,4064,-4.020043,1,-0.75,Walking,True,0,0,0
1789904332563,255,365053,1,4080,-4.020043,1,-0.75,Walking,True,0,0,0
1789904332563,255,365053,1,4080,-4.020043,1,-0.75,Walking,True,0,0,0
1789904332563,255,365053,1,4080,-4.020043,1,-0.75,Walking,True,0,0,0
1789904332563,255,365053,1,4080,-4.020043,1,-0.75,Walking,True,0,0,0
1789904332563,255,365053,1,4080,-4.020043,1,-0.75,Walking,True,0,0,0
1789904332563,255,365053,1,4080,-4.020043,1,-0.75,Walking,True,0,0,0
1789904332563,255,365053,1,4080,-4.020043,1,-0.75,Walking,True,0,0,0
1789904332563,255,365053,1,4080,-4.020043,1,-0.75,Walking,True,0,0,0
1789904332578,256,366434,1,4096,-4.020043,1,-0.75,Walking,True,0,0,0
1789904332578,256,366434,1,4096,-4.020043,1,-0.75,Walking,True,0,0,0
1789904332578,256,366434,1,4096,-4.020043,1,-0.75,Walking,True,0,0,0
1789904332578,256,366434,1,4096,-4.020043,1,-0.75,Walking,True,0,0,0
1789904332578,256,366434,1,4096,-4.020043,1,-0.75,Walking,True,0,0,0
1789904332578,256,366434,1,4096,-4.020043,1,-0.75,Walking,True,0,0,0
1789904332578,256,366434,1,4096,-4.020043,1,-0.75,Walking,True,0,0,0
1789904332578,256,366434,1,4096,-4.020043,1,-0.75,Walking,True,0,0,0
1789904332594,257,367836,1,4112,-4.020043,1,-0.75,Walking,True,0,0,0
1789904332594,257,367836,1,4112,-4.020043,1,-0.75,Walking,True,0,0,0
1789904332594,257,367836,1,4112,-4.020043,1,-0.75,Walking,True,0,0,0
1789904332594,257,367836,1,4112,-4.020043,1,-0.75,Walking,True,0,0,0
1789904332594,257,367836,1,4112,-4.020043,1,-0.75,Walking,True,0,0,0
1789904332594,257,367836,1,4112,-4.020043,1,-0.75,Walking,True,0,0,0
1789904332594,257,367836,1,4112,-4.020043,1,-0.75,Walking,True,0,0,0
1789904332594,257,367836,1,4112,-4.020043,1,-0.75,Walking,True,0,0,0
1789904332610,258,369139,1,4128,-4.020043,1,-0.75,Walking,True,0,0,0
1789904332610,258,369139,1,4128,-4.020043,1,-0.75,Walking,True,0,0,0
1789904332610,258,369139,1,4128,-4.020043,1,-0.75,Walking,True,0,0,0
1789904332610,258,369139,1,4128,-4.020043,1,-0.75,Walking,True,0,0,0
1789904332610,258,369139,1,4128,-4.020043,1,-0.75,Walking,True,0,0,0
1789904332610,258,369139,1,4128,-4.020043,1,-0.75,Walking,True,0,0,0
1789904332610,258,369139,1,4128,-4.020043,1,-0.75,Walking,True,0,0,0
1789904332610,258,369139,1,4128,-4.020043,1,-0.75,Walking,True,0,0,0
1789904332626,259,370691,1,4144,-4.020043,1,-0.75,Walking,True,0,0,0
1789904332626,259,370691,1,4144,-4.020043,1,-0.75,Walking,True,0,0,0
1789904332626,259,370691,1,4144,-4.020043,1,-0.75,Walking,True,0,0,0
1789904332626,259,370691,1,4144,-4.020043,1,-0.75,Walking,True,0,0,0
1789904332626,259,370691,1,4144,-4.020043,1,-0.75,Walking,True,0,0,0
1789904332626,259,370691,1,4144,-4.020043,1,-0.75,Walking,True,0,0,0
1789904332626,259,370691,1,4144,-4.020043,1,-0.75,Walking,True,0,0,0
1789904332626,259,370691,1,4144,-4.020043,1,-0.75,Walking,True,0,0,0
1789904332641,260,372202,1,4160,-4.020043,1,-0.75,Walking,True,0,0,0
1789904332641,260,372202,1,4160,-4.020043,1,-0.75,Walking,True,0,0,0
1789904332641,260,372202,1,4160,-4.020043,1,-0.75,Walking,True,0,0,0
1789904332641,260,372202,1,4160,-4.020043,1,-0.75,Walking,True,0,0,0
1789904332641,260,372202,1,4160,-4.020043,1,-0.75,Walking,True,0,0,0
1789904332641,260,372202,1,4160,-4.020043,1,-0.75,Walking,True,0,0,0
1789904332641,260,372202,1,4160,-4.020043,1,-0.75,Walking,True,0,0,0
1789904332641,260,372202,1,4160,-4.020043,1,-0.75,Walking,True,0,0,0
1789904332657,261,373444,1,4176,-4.020043,1,-0.75,Walking,True,0,0,0
1789904332657,261,373444,1,4176,-4.020043,1,-0.75,Walking,True,0,0,0
1789904332657,261,373444,1,4176,-4.020043,1,-0.75,Walking,True,0,0,0
1789904332657,261,373444,1,4176,-4.020043,1,-0.75,Walking,True,0,0,0
1789904332657,261,373444,1,4176,-4.020043,1,-0.75,Walking,True,0,0,0
1789904332657,261,373444,1,4176,-4.020043,1,-0.75,Walking,True,0,0,0
1789904332657,261,373444,1,4176,-4.020043,1,-0.75,Walking,True,0,0,0
1789904332657,261,373444,1,4176,-4.020043,1,-0.75,Walking,True,0,0,0
1789904332672,262,374688,1,4192,-4.020043,1,-0.75,Walking,True,0,0,0
1789904332672,262,374688,1,4192,-4.020043,1,-0.75,Walking,True,0,0,0
1789904332672,262,374688,1,4192,-4.020043,1,-0.75,Walking,True,0,0,0
1789904332672,262,374688,1,4192,-4.020043,1,-0.75,Walking,True,0,0,0
1789904332672,262,374688,1,4192,-4.020043,1,-0.75,Walking,True,0,0,0
1789904332673,262,374688,1,4192,-4.020043,1,-0.75,Walking,True,0,0,0
1789904332673,262,374688,1,4192,-4.020043,1,-0.75,Walking,True,0,0,0
1789904332673,262,374688,1,4192,-4.020043,1,-0.75,Walking,True,0,0,0
1789904332907,263,404325,1,4208,-4.020043,1.061489,-0.75,Falling,False,0,3.84304,0
1789904332907,263,404325,1,4208,-4.020043,1.061489,-0.75,Falling,False,0,3.84304,0
1789904332907,263,404325,1,4208,-4.020043,1.061489,-0.75,Falling,False,0,3.84304,0
1789904332907,263,404325,1,4208,-4.020043,1.061489,-0.75,Falling,False,0,3.84304,0
1789904332907,263,404325,1,4208,-4.020043,1.061489,-0.75,Falling,False,0,3.84304,0
1789904332907,263,404325,1,4208,-4.020043,1.061489,-0.75,Falling,False,0,3.84304,0
1789904332907,263,404325,1,4208,-4.020043,1.061489,-0.75,Falling,False,0,3.84304,0
1789904332907,263,404325,1,4208,-4.020043,1.061489,-0.75,Falling,False,0,3.84304,0
1789904332937,264,405493,1,4224,-4.020043,1.120466,-0.75,Falling,False,0,3.68608,0
1789904332937,264,405493,1,4224,-4.020043,1.120466,-0.75,Falling,False,0,3.68608,0
1789904332937,264,405493,1,4224,-4.020043,1.120466,-0.75,Falling,False,0,3.68608,0
1789904332937,264,405493,1,4224,-4.020043,1.120466,-0.75,Falling,False,0,3.68608,0
1789904332937,264,405493,1,4224,-4.020043,1.120466,-0.75,Falling,False,0,3.68608,0
1789904332937,264,405493,1,4224,-4.020043,1.120466,-0.75,Falling,False,0,3.68608,0
1789904332938,264,405493,1,4224,-4.020043,1.120466,-0.75,Falling,False,0,3.68608,0
1789904332938,264,405493,1,4224,-4.020043,1.120466,-0.75,Falling,False,0,3.68608,0
1789904332966,266,407884,1,4256,-4.020043,1.230886,-0.75,Falling,False,0,3.37216,0
1789904332966,266,407884,1,4256,-4.020043,1.230886,-0.75,Falling,False,0,3.37216,0
1789904332966,266,407884,1,4256,-4.020043,1.230886,-0.75,Falling,False,0,3.37216,0
1789904332966,266,407884,1,4256,-4.020043,1.230886,-0.75,Falling,False,0,3.37216,0
1789904332966,266,407884,1,4256,-4.020043,1.230886,-0.75,Falling,False,0,3.37216,0
1789904332966,266,407884,1,4256,-4.020043,1.230886,-0.75,Falling,False,0,3.37216,0
1789904332966,266,407884,1,4256,-4.020043,1.230886,-0.75,Falling,False,0,3.37216,0
1789904332966,266,407884,1,4256,-4.020043,1.230886,-0.75,Falling,False,0,3.37216,0
1789904332981,267,410353,1,4272,-4.020043,1.28233,-0.75,Falling,False,0,3.2152,0
1789904332981,267,410353,1,4272,-4.020043,1.28233,-0.75,Falling,False,0,3.2152,0
1789904332981,267,410353,1,4272,-4.020043,1.28233,-0.75,Falling,False,0,3.2152,0
1789904332981,267,410353,1,4272,-4.020043,1.28233,-0.75,Falling,False,0,3.2152,0
1789904332981,267,410353,1,4272,-4.020043,1.28233,-0.75,Falling,False,0,3.2152,0
1789904332981,267,410353,1,4272,-4.020043,1.28233,-0.75,Falling,False,0,3.2152,0
1789904332981,267,410353,1,4272,-4.020043,1.28233,-0.75,Falling,False,0,3.2152,0
1789904332981,267,410353,1,4272,-4.020043,1.28233,-0.75,Falling,False,0,3.2152,0
1789904332997,268,411613,1,4288,-4.020043,1.331262,-0.75,Falling,False,0,3.05824,0
1789904332997,268,411613,1,4288,-4.020043,1.331262,-0.75,Falling,False,0,3.05824,0
1789904332997,268,411613,1,4288,-4.020043,1.331262,-0.75,Falling,False,0,3.05824,0
1789904332997,268,411613,1,4288,-4.020043,1.331262,-0.75,Falling,False,0,3.05824,0
1789904332997,268,411613,1,4288,-4.020043,1.331262,-0.75,Falling,False,0,3.05824,0
1789904332997,268,411613,1,4288,-4.020043,1.331262,-0.75,Falling,False,0,3.05824,0
1789904332997,268,411613,1,4288,-4.020043,1.331262,-0.75,Falling,False,0,3.05824,0
1789904332997,268,411613,1,4288,-4.020043,1.331262,-0.75,Falling,False,0,3.05824,0
1789904333012,269,413062,1,4304,-4.020043,1.377682,-0.75,Falling,False,0,2.90128,0
1789904333012,269,413062,1,4304,-4.020043,1.377682,-0.75,Falling,False,0,2.90128,0
1789904333012,269,413062,1,4304,-4.020043,1.377682,-0.75,Falling,False,0,2.90128,0
1789904333012,269,413062,1,4304,-4.020043,1.377682,-0.75,Falling,False,0,2.90128,0
1789904333012,269,413062,1,4304,-4.020043,1.377682,-0.75,Falling,False,0,2.90128,0
1789904333012,269,413062,1,4304,-4.020043,1.377682,-0.75,Falling,False,0,2.90128,0
1789904333012,269,413062,1,4304,-4.020043,1.377682,-0.75,Falling,False,0,2.90128,0
1789904333012,269,413062,1,4304,-4.020043,1.377682,-0.75,Falling,False,0,2.90128,0
1789904333028,270,414561,1,4320,-4.020043,1.421591,-0.75,Falling,False,0,2.74432,0
1789904333028,270,414561,1,4320,-4.020043,1.421591,-0.75,Falling,False,0,2.74432,0
1789904333028,270,414561,1,4320,-4.020043,1.421591,-0.75,Falling,False,0,2.74432,0
1789904333028,270,414561,1,4320,-4.020043,1.421591,-0.75,Falling,False,0,2.74432,0
1789904333028,270,414561,1,4320,-4.020043,1.421591,-0.75,Falling,False,0,2.74432,0
1789904333028,270,414561,1,4320,-4.020043,1.421591,-0.75,Falling,False,0,2.74432,0
1789904333028,270,414561,1,4320,-4.020043,1.421591,-0.75,Falling,False,0,2.74432,0
1789904333028,270,414561,1,4320,-4.020043,1.421591,-0.75,Falling,False,0,2.74432,0
1789904333043,271,415978,1,4336,-4.020043,1.462989,-0.75,Falling,False,0,2.58736,0
1789904333043,271,415978,1,4336,-4.020043,1.462989,-0.75,Falling,False,0,2.58736,0
1789904333043,271,415978,1,4336,-4.020043,1.462989,-0.75,Falling,False,0,2.58736,0
1789904333043,271,415978,1,4336,-4.020043,1.462989,-0.75,Falling,False,0,2.58736,0
1789904333043,271,415978,1,4336,-4.020043,1.462989,-0.75,Falling,False,0,2.58736,0
1789904333043,271,415978,1,4336,-4.020043,1.462989,-0.75,Falling,False,0,2.58736,0
1789904333043,271,415978,1,4336,-4.020043,1.462989,-0.75,Falling,False,0,2.58736,0
1789904333043,271,415978,1,4336,-4.020043,1.462989,-0.75,Falling,False,0,2.58736,0
1789904333058,272,417488,1,4352,-4.020043,1.501875,-0.75,Falling,False,0,2.4304,0
1789904333058,272,417488,1,4352,-4.020043,1.501875,-0.75,Falling,False,0,2.4304,0
1789904333058,272,417488,1,4352,-4.020043,1.501875,-0.75,Falling,False,0,2.4304,0
1789904333058,272,417488,1,4352,-4.020043,1.501875,-0.75,Falling,False,0,2.4304,0
1789904333058,272,417488,1,4352,-4.020043,1.501875,-0.75,Falling,False,0,2.4304,0
1789904333058,272,417488,1,4352,-4.020043,1.501875,-0.75,Falling,False,0,2.4304,0
1789904333058,272,417488,1,4352,-4.020043,1.501875,-0.75,Falling,False,0,2.4304,0
1789904333058,272,417488,1,4352,-4.020043,1.501875,-0.75,Falling,False,0,2.4304,0
1789904333074,273,418946,1,4368,-4.020043,1.53825,-0.75,Falling,False,0,2.27344,0
1789904333074,273,418946,1,4368,-4.020043,1.53825,-0.75,Falling,False,0,2.27344,0
1789904333074,273,418946,1,4368,-4.020043,1.53825,-0.75,Falling,False,0,2.27344,0
1789904333074,273,418946,1,4368,-4.020043,1.53825,-0.75,Falling,False,0,2.27344,0
1789904333074,273,418946,1,4368,-4.020043,1.53825,-0.75,Falling,False,0,2.27344,0
1789904333074,273,418946,1,4368,-4.020043,1.53825,-0.75,Falling,False,0,2.27344,0
1789904333074,273,418946,1,4368,-4.020043,1.53825,-0.75,Falling,False,0,2.27344,0
1789904333074,273,418946,1,4368,-4.020043,1.53825,-0.75,Falling,False,0,2.27344,0
1789904333091,274,420505,1,4384,-4.020043,1.572114,-0.75,Falling,False,0,2.11648,0
1789904333091,274,420505,1,4384,-4.020043,1.572114,-0.75,Falling,False,0,2.11648,0
1789904333091,274,420505,1,4384,-4.020043,1.572114,-0.75,Falling,False,0,2.11648,0
1789904333091,274,420505,1,4384,-4.020043,1.572114,-0.75,Falling,False,0,2.11648,0
1789904333091,274,420505,1,4384,-4.020043,1.572114,-0.75,Falling,False,0,2.11648,0
1789904333091,274,420505,1,4384,-4.020043,1.572114,-0.75,Falling,False,0,2.11648,0
1789904333091,274,420505,1,4384,-4.020043,1.572114,-0.75,Falling,False,0,2.11648,0
1789904333091,274,420505,1,4384,-4.020043,1.572114,-0.75,Falling,False,0,2.11648,0
1789904333106,275,421922,1,4400,-4.020043,1.603466,-0.75,Falling,False,0,1.95952,0
1789904333106,275,421922,1,4400,-4.020043,1.603466,-0.75,Falling,False,0,1.95952,0
1789904333106,275,421922,1,4400,-4.020043,1.603466,-0.75,Falling,False,0,1.95952,0
1789904333106,275,421922,1,4400,-4.020043,1.603466,-0.75,Falling,False,0,1.95952,0
1789904333107,275,421922,1,4400,-4.020043,1.603466,-0.75,Falling,False,0,1.95952,0
1789904333107,275,421922,1,4400,-4.020043,1.603466,-0.75,Falling,False,0,1.95952,0
1789904333107,275,421922,1,4400,-4.020043,1.603466,-0.75,Falling,False,0,1.95952,0
1789904333107,275,421922,1,4400,-4.020043,1.603466,-0.75,Falling,False,0,1.95952,0
1789904333122,276,423465,1,4416,-4.020043,1.632307,-0.75,Falling,False,0,1.80256,0
1789904333122,276,423465,1,4416,-4.020043,1.632307,-0.75,Falling,False,0,1.80256,0
1789904333122,276,423465,1,4416,-4.020043,1.632307,-0.75,Falling,False,0,1.80256,0
1789904333122,276,423465,1,4416,-4.020043,1.632307,-0.75,Falling,False,0,1.80256,0
1789904333122,276,423465,1,4416,-4.020043,1.632307,-0.75,Falling,False,0,1.80256,0
1789904333122,276,423465,1,4416,-4.020043,1.632307,-0.75,Falling,False,0,1.80256,0
1789904333122,276,423465,1,4416,-4.020043,1.632307,-0.75,Falling,False,0,1.80256,0
1789904333122,276,423465,1,4416,-4.020043,1.632307,-0.75,Falling,False,0,1.80256,0
1789904333138,277,424901,1,4432,-4.020043,1.658637,-0.75,Falling,False,0,1.6456,0
1789904333138,277,424901,1,4432,-4.020043,1.658637,-0.75,Falling,False,0,1.6456,0
1789904333138,277,424901,1,4432,-4.020043,1.658637,-0.75,Falling,False,0,1.6456,0
1789904333138,277,424901,1,4432,-4.020043,1.658637,-0.75,Falling,False,0,1.6456,0
1789904333138,277,424901,1,4432,-4.020043,1.658637,-0.75,Falling,False,0,1.6456,0
1789904333138,277,424901,1,4432,-4.020043,1.658637,-0.75,Falling,False,0,1.6456,0
1789904333138,277,424901,1,4432,-4.020043,1.658637,-0.75,Falling,False,0,1.6456,0
1789904333138,277,424901,1,4432,-4.020043,1.658637,-0.75,Falling,False,0,1.6456,0
1789904333153,278,426245,1,4448,-4.020043,1.682455,-0.75,Falling,False,0,1.48864,0
1789904333153,278,426245,1,4448,-4.020043,1.682455,-0.75,Falling,False,0,1.48864,0
1789904333153,278,426245,1,4448,-4.020043,1.682455,-0.75,Falling,False,0,1.48864,0
1789904333153,278,426245,1,4448,-4.020043,1.682455,-0.75,Falling,False,0,1.48864,0
1789904333153,278,426245,1,4448,-4.020043,1.682455,-0.75,Falling,False,0,1.48864,0
1789904333153,278,426245,1,4448,-4.020043,1.682455,-0.75,Falling,False,0,1.48864,0
1789904333153,278,426245,1,4448,-4.020043,1.682455,-0.75,Falling,False,0,1.48864,0
1789904333153,278,426245,1,4448,-4.020043,1.682455,-0.75,Falling,False,0,1.48864,0
1789904333169,279,427583,1,4464,-4.020043,1.703762,-0.75,Falling,False,0,1.33168,0
1789904333169,279,427583,1,4464,-4.020043,1.703762,-0.75,Falling,False,0,1.33168,0
1789904333169,279,427583,1,4464,-4.020043,1.703762,-0.75,Falling,False,0,1.33168,0
1789904333169,279,427583,1,4464,-4.020043,1.703762,-0.75,Falling,False,0,1.33168,0
1789904333169,279,427583,1,4464,-4.020043,1.703762,-0.75,Falling,False,0,1.33168,0
1789904333169,279,427583,1,4464,-4.020043,1.703762,-0.75,Falling,False,0,1.33168,0
1789904333169,279,427583,1,4464,-4.020043,1.703762,-0.75,Falling,False,0,1.33168,0
1789904333169,279,427583,1,4464,-4.020043,1.703762,-0.75,Falling,False,0,1.33168,0
1789904333184,280,428879,1,4480,-4.020043,1.722558,-0.75,Falling,False,0,1.17472,0
1789904333184,280,428879,1,4480,-4.020043,1.722558,-0.75,Falling,False,0,1.17472,0
1789904333184,280,428879,1,4480,-4.020043,1.722558,-0.75,Falling,False,0,1.17472,0
1789904333184,280,428879,1,4480,-4.020043,1.722558,-0.75,Falling,False,0,1.17472,0
1789904333184,280,428879,1,4480,-4.020043,1.722558,-0.75,Falling,False,0,1.17472,0
1789904333184,280,428879,1,4480,-4.020043,1.722558,-0.75,Falling,False,0,1.17472,0
1789904333184,280,428879,1,4480,-4.020043,1.722558,-0.75,Falling,False,0,1.17472,0
1789904333184,280,428879,1,4480,-4.020043,1.722558,-0.75,Falling,False,0,1.17472,0
1789904333200,281,430240,1,4496,-4.020043,1.738842,-0.75,Falling,False,0,1.01776,0
1789904333200,281,430240,1,4496,-4.020043,1.738842,-0.75,Falling,False,0,1.01776,0
1789904333200,281,430240,1,4496,-4.020043,1.738842,-0.75,Falling,False,0,1.01776,0
1789904333200,281,430240,1,4496,-4.020043,1.738842,-0.75,Falling,False,0,1.01776,0
1789904333200,281,430240,1,4496,-4.020043,1.738842,-0.75,Falling,False,0,1.01776,0
1789904333200,281,430240,1,4496,-4.020043,1.738842,-0.75,Falling,False,0,1.01776,0
1789904333200,281,430240,1,4496,-4.020043,1.738842,-0.75,Falling,False,0,1.01776,0
1789904333200,281,430240,1,4496,-4.020043,1.738842,-0.75,Falling,False,0,1.01776,0
1789904333216,282,431675,1,4512,-4.020043,1.752614,-0.75,Falling,False,0,0.8608,0
1789904333216,282,431675,1,4512,-4.020043,1.752614,-0.75,Falling,False,0,0.8608,0
1789904333216,282,431675,1,4512,-4.020043,1.752614,-0.75,Falling,False,0,0.8608,0
1789904333216,282,431675,1,4512,-4.020043,1.752614,-0.75,Falling,False,0,0.8608,0
1789904333216,282,431675,1,4512,-4.020043,1.752614,-0.75,Falling,False,0,0.8608,0
1789904333216,282,431675,1,4512,-4.020043,1.752614,-0.75,Falling,False,0,0.8608,0
1789904333216,282,431675,1,4512,-4.020043,1.752614,-0.75,Falling,False,0,0.8608,0
1789904333216,282,431675,1,4512,-4.020043,1.752614,-0.75,Falling,False,0,0.8608,0
1789904333230,283,432908,1,4528,-4.020043,1.763876,-0.75,Falling,False,0,0.70384,0
1789904333230,283,432908,1,4528,-4.020043,1.763876,-0.75,Falling,False,0,0.70384,0
1789904333230,283,432908,1,4528,-4.020043,1.763876,-0.75,Falling,False,0,0.70384,0
1789904333230,283,432908,1,4528,-4.020043,1.763876,-0.75,Falling,False,0,0.70384,0
1789904333230,283,432908,1,4528,-4.020043,1.763876,-0.75,Falling,False,0,0.70384,0
1789904333230,283,432908,1,4528,-4.020043,1.763876,-0.75,Falling,False,0,0.70384,0
1789904333230,283,432908,1,4528,-4.020043,1.763876,-0.75,Falling,False,0,0.70384,0
1789904333231,283,432908,1,4528,-4.020043,1.763876,-0.75,Falling,False,0,0.70384,0
1789904333247,284,434071,1,4544,-4.020043,1.772626,-0.75,Falling,False,0,0.54688,0
1789904333247,284,434071,1,4544,-4.020043,1.772626,-0.75,Falling,False,0,0.54688,0
1789904333247,284,434071,1,4544,-4.020043,1.772626,-0.75,Falling,False,0,0.54688,0
1789904333247,284,434071,1,4544,-4.020043,1.772626,-0.75,Falling,False,0,0.54688,0
1789904333247,284,434071,1,4544,-4.020043,1.772626,-0.75,Falling,False,0,0.54688,0
1789904333247,284,434071,1,4544,-4.020043,1.772626,-0.75,Falling,False,0,0.54688,0
1789904333247,284,434071,1,4544,-4.020043,1.772626,-0.75,Falling,False,0,0.54688,0
1789904333247,284,434071,1,4544,-4.020043,1.772626,-0.75,Falling,False,0,0.54688,0
1789904333262,285,435331,1,4560,-4.020043,1.778865,-0.75,Falling,False,0,0.38992,0
1789904333262,285,435331,1,4560,-4.020043,1.778865,-0.75,Falling,False,0,0.38992,0
1789904333262,285,435331,1,4560,-4.020043,1.778865,-0.75,Falling,False,0,0.38992,0
1789904333262,285,435331,1,4560,-4.020043,1.778865,-0.75,Falling,False,0,0.38992,0
1789904333262,285,435331,1,4560,-4.020043,1.778865,-0.75,Falling,False,0,0.38992,0
1789904333262,285,435331,1,4560,-4.020043,1.778865,-0.75,Falling,False,0,0.38992,0
1789904333262,285,435331,1,4560,-4.020043,1.778865,-0.75,Falling,False,0,0.38992,0
1789904333262,285,435331,1,4560,-4.020043,1.778865,-0.75,Falling,False,0,0.38992,0
1789904333278,286,436703,1,4576,-4.020043,1.782592,-0.75,Falling,False,0,0.23296,0
1789904333278,286,436703,1,4576,-4.020043,1.782592,-0.75,Falling,False,0,0.23296,0
1789904333278,286,436703,1,4576,-4.020043,1.782592,-0.75,Falling,False,0,0.23296,0
1789904333278,286,436703,1,4576,-4.020043,1.782592,-0.75,Falling,False,0,0.23296,0
1789904333278,286,436703,1,4576,-4.020043,1.782592,-0.75,Falling,False,0,0.23296,0
1789904333278,286,436703,1,4576,-4.020043,1.782592,-0.75,Falling,False,0,0.23296,0
1789904333278,286,436703,1,4576,-4.020043,1.782592,-0.75,Falling,False,0,0.23296,0
1789904333278,286,436703,1,4576,-4.020043,1.782592,-0.75,Falling,False,0,0.23296,0
1789904333294,287,437909,1,4592,-4.020043,1.783808,-0.75,Falling,False,0,0.076,0
1789904333294,287,437909,1,4592,-4.020043,1.783808,-0.75,Falling,False,0,0.076,0
1789904333294,287,437909,1,4592,-4.020043,1.783808,-0.75,Falling,False,0,0.076,0
1789904333294,287,437909,1,4592,-4.020043,1.783808,-0.75,Falling,False,0,0.076,0
1789904333294,287,437909,1,4592,-4.020043,1.783808,-0.75,Falling,False,0,0.076,0
1789904333294,287,437909,1,4592,-4.020043,1.783808,-0.75,Falling,False,0,0.076,0
1789904333294,287,437909,1,4592,-4.020043,1.783808,-0.75,Falling,False,0,0.076,0
1789904333294,287,437909,1,4592,-4.020043,1.783808,-0.75,Falling,False,0,0.076,0
1789904333310,288,439288,1,4608,-4.020043,1.782513,-0.75,Falling,False,0,-0.08096,0
1789904333310,288,439288,1,4608,-4.020043,1.782513,-0.75,Falling,False,0,-0.08096,0
1789904333310,288,439288,1,4608,-4.020043,1.782513,-0.75,Falling,False,0,-0.08096,0
1789904333310,288,439288,1,4608,-4.020043,1.782513,-0.75,Falling,False,0,-0.08096,0
1789904333310,288,439288,1,4608,-4.020043,1.782513,-0.75,Falling,False,0,-0.08096,0
1789904333310,288,439288,1,4608,-4.020043,1.782513,-0.75,Falling,False,0,-0.08096,0
1789904333310,288,439288,1,4608,-4.020043,1.782513,-0.75,Falling,False,0,-0.08096,0
1789904333310,288,439288,1,4608,-4.020043,1.782513,-0.75,Falling,False,0,-0.08096,0
1789904333326,289,440890,1,4624,-4.020043,1.778706,-0.75,Falling,False,0,-0.23792,0
1789904333326,289,440890,1,4624,-4.020043,1.778706,-0.75,Falling,False,0,-0.23792,0
1789904333326,289,440890,1,4624,-4.020043,1.778706,-0.75,Falling,False,0,-0.23792,0
1789904333326,289,440890,1,4624,-4.020043,1.778706,-0.75,Falling,False,0,-0.23792,0
1789904333326,289,440890,1,4624,-4.020043,1.778706,-0.75,Falling,False,0,-0.23792,0
1789904333326,289,440890,1,4624,-4.020043,1.778706,-0.75,Falling,False,0,-0.23792,0
1789904333326,289,440890,1,4624,-4.020043,1.778706,-0.75,Falling,False,0,-0.23792,0
1789904333326,289,440890,1,4624,-4.020043,1.778706,-0.75,Falling,False,0,-0.23792,0
1789904333342,290,442415,1,4640,-4.020043,1.772388,-0.75,Falling,False,0,-0.39488,0
1789904333342,290,442415,1,4640,-4.020043,1.772388,-0.75,Falling,False,0,-0.39488,0
1789904333342,290,442415,1,4640,-4.020043,1.772388,-0.75,Falling,False,0,-0.39488,0
1789904333342,290,442415,1,4640,-4.020043,1.772388,-0.75,Falling,False,0,-0.39488,0
1789904333342,290,442415,1,4640,-4.020043,1.772388,-0.75,Falling,False,0,-0.39488,0
1789904333342,290,442415,1,4640,-4.020043,1.772388,-0.75,Falling,False,0,-0.39488,0
1789904333342,290,442415,1,4640,-4.020043,1.772388,-0.75,Falling,False,0,-0.39488,0
1789904333342,290,442415,1,4640,-4.020043,1.772388,-0.75,Falling,False,0,-0.39488,0
1789904333357,291,443966,1,4656,-4.020043,1.763559,-0.75,Falling,False,0,-0.55184,0
1789904333357,291,443966,1,4656,-4.020043,1.763559,-0.75,Falling,False,0,-0.55184,0
1789904333357,291,443966,1,4656,-4.020043,1.763559,-0.75,Falling,False,0,-0.55184,0
1789904333357,291,443966,1,4656,-4.020043,1.763559,-0.75,Falling,False,0,-0.55184,0
1789904333357,291,443966,1,4656,-4.020043,1.763559,-0.75,Falling,False,0,-0.55184,0
1789904333357,291,443966,1,4656,-4.020043,1.763559,-0.75,Falling,False,0,-0.55184,0
1789904333357,291,443966,1,4656,-4.020043,1.763559,-0.75,Falling,False,0,-0.55184,0
1789904333357,291,443966,1,4656,-4.020043,1.763559,-0.75,Falling,False,0,-0.55184,0
1789904333373,292,445443,1,4672,-4.020043,1.752218,-0.75,Falling,False,0,-0.7088,0
1789904333373,292,445443,1,4672,-4.020043,1.752218,-0.75,Falling,False,0,-0.7088,0
1789904333373,292,445443,1,4672,-4.020043,1.752218,-0.75,Falling,False,0,-0.7088,0
1789904333373,292,445443,1,4672,-4.020043,1.752218,-0.75,Falling,False,0,-0.7088,0
1789904333373,292,445443,1,4672,-4.020043,1.752218,-0.75,Falling,False,0,-0.7088,0
1789904333373,292,445443,1,4672,-4.020043,1.752218,-0.75,Falling,False,0,-0.7088,0
1789904333373,292,445443,1,4672,-4.020043,1.752218,-0.75,Falling,False,0,-0.7088,0
1789904333373,292,445443,1,4672,-4.020043,1.752218,-0.75,Falling,False,0,-0.7088,0
1789904333389,293,446985,1,4688,-4.020043,1.738366,-0.75,Falling,False,0,-0.86576,0
1789904333389,293,446985,1,4688,-4.020043,1.738366,-0.75,Falling,False,0,-0.86576,0
1789904333389,293,446985,1,4688,-4.020043,1.738366,-0.75,Falling,False,0,-0.86576,0
1789904333389,293,446985,1,4688,-4.020043,1.738366,-0.75,Falling,False,0,-0.86576,0
1789904333389,293,446985,1,4688,-4.020043,1.738366,-0.75,Falling,False,0,-0.86576,0
1789904333389,293,446985,1,4688,-4.020043,1.738366,-0.75,Falling,False,0,-0.86576,0
1789904333389,293,446985,1,4688,-4.020043,1.738366,-0.75,Falling,False,0,-0.86576,0
1789904333389,293,446985,1,4688,-4.020043,1.738366,-0.75,Falling,False,0,-0.86576,0
1789904333405,294,448588,1,4704,-4.020043,1.722002,-0.75,Falling,False,0,-1.02272,0
1789904333405,294,448588,1,4704,-4.020043,1.722002,-0.75,Falling,False,0,-1.02272,0
1789904333405,294,448588,1,4704,-4.020043,1.722002,-0.75,Falling,False,0,-1.02272,0
1789904333405,294,448588,1,4704,-4.020043,1.722002,-0.75,Falling,False,0,-1.02272,0
1789904333405,294,448588,1,4704,-4.020043,1.722002,-0.75,Falling,False,0,-1.02272,0
1789904333405,294,448588,1,4704,-4.020043,1.722002,-0.75,Falling,False,0,-1.02272,0
1789904333405,294,448588,1,4704,-4.020043,1.722002,-0.75,Falling,False,0,-1.02272,0
1789904333405,294,448588,1,4704,-4.020043,1.722002,-0.75,Falling,False,0,-1.02272,0
1789904333420,295,450196,1,4720,-4.020043,1.703127,-0.75,Falling,False,0,-1.17968,0
1789904333420,295,450196,1,4720,-4.020043,1.703127,-0.75,Falling,False,0,-1.17968,0
1789904333420,295,450196,1,4720,-4.020043,1.703127,-0.75,Falling,False,0,-1.17968,0
1789904333420,295,450196,1,4720,-4.020043,1.703127,-0.75,Falling,False,0,-1.17968,0
1789904333420,295,450196,1,4720,-4.020043,1.703127,-0.75,Falling,False,0,-1.17968,0
1789904333420,295,450196,1,4720,-4.020043,1.703127,-0.75,Falling,False,0,-1.17968,0
1789904333420,295,450196,1,4720,-4.020043,1.703127,-0.75,Falling,False,0,-1.17968,0
1789904333420,295,450196,1,4720,-4.020043,1.703127,-0.75,Falling,False,0,-1.17968,0
1789904333436,296,451739,1,4736,-4.020043,1.681741,-0.75,Falling,False,0,-1.33664,0
1789904333436,296,451739,1,4736,-4.020043,1.681741,-0.75,Falling,False,0,-1.33664,0
1789904333436,296,451739,1,4736,-4.020043,1.681741,-0.75,Falling,False,0,-1.33664,0
1789904333436,296,451739,1,4736,-4.020043,1.681741,-0.75,Falling,False,0,-1.33664,0
1789904333436,296,451739,1,4736,-4.020043,1.681741,-0.75,Falling,False,0,-1.33664,0
1789904333436,296,451739,1,4736,-4.020043,1.681741,-0.75,Falling,False,0,-1.33664,0
1789904333436,296,451739,1,4736,-4.020043,1.681741,-0.75,Falling,False,0,-1.33664,0
1789904333436,296,451739,1,4736,-4.020043,1.681741,-0.75,Falling,False,0,-1.33664,0
1789904333451,297,453201,1,4752,-4.020043,1.657843,-0.75,Falling,False,0,-1.4936,0
1789904333452,297,453201,1,4752,-4.020043,1.657843,-0.75,Falling,False,0,-1.4936,0
1789904333452,297,453201,1,4752,-4.020043,1.657843,-0.75,Falling,False,0,-1.4936,0
1789904333452,297,453201,1,4752,-4.020043,1.657843,-0.75,Falling,False,0,-1.4936,0
1789904333452,297,453201,1,4752,-4.020043,1.657843,-0.75,Falling,False,0,-1.4936,0
1789904333452,297,453201,1,4752,-4.020043,1.657843,-0.75,Falling,False,0,-1.4936,0
1789904333452,297,453201,1,4752,-4.020043,1.657843,-0.75,Falling,False,0,-1.4936,0
1789904333452,297,453201,1,4752,-4.020043,1.657843,-0.75,Falling,False,0,-1.4936,0
1789904333467,298,454702,1,4768,-4.020043,1.631434,-0.75,Falling,False,0,-1.65056,0
1789904333467,298,454702,1,4768,-4.020043,1.631434,-0.75,Falling,False,0,-1.65056,0
1789904333467,298,454702,1,4768,-4.020043,1.631434,-0.75,Falling,False,0,-1.65056,0
1789904333467,298,454702,1,4768,-4.020043,1.631434,-0.75,Falling,False,0,-1.65056,0
1789904333467,298,454702,1,4768,-4.020043,1.631434,-0.75,Falling,False,0,-1.65056,0
1789904333467,298,454702,1,4768,-4.020043,1.631434,-0.75,Falling,False,0,-1.65056,0
1789904333467,298,454702,1,4768,-4.020043,1.631434,-0.75,Falling,False,0,-1.65056,0
1789904333467,298,454702,1,4768,-4.020043,1.631434,-0.75,Falling,False,0,-1.65056,0
1789904333482,299,456120,1,4784,-4.020043,1.602514,-0.75,Falling,False,0,-1.80752,0
1789904333482,299,456120,1,4784,-4.020043,1.602514,-0.75,Falling,False,0,-1.80752,0
1789904333482,299,456120,1,4784,-4.020043,1.602514,-0.75,Falling,False,0,-1.80752,0
1789904333482,299,456120,1,4784,-4.020043,1.602514,-0.75,Falling,False,0,-1.80752,0
1789904333482,299,456120,1,4784,-4.020043,1.602514,-0.75,Falling,False,0,-1.80752,0
1789904333482,299,456120,1,4784,-4.020043,1.602514,-0.75,Falling,False,0,-1.80752,0
1789904333482,299,456120,1,4784,-4.020043,1.602514,-0.75,Falling,False,0,-1.80752,0
1789904333482,299,456120,1,4784,-4.020043,1.602514,-0.75,Falling,False,0,-1.80752,0
1789904333498,300,457633,1,4800,-4.020043,1.571082,-0.75,Falling,False,0,-1.96448,0
1789904333498,300,457633,1,4800,-4.020043,1.571082,-0.75,Falling,False,0,-1.96448,0
1789904333498,300,457633,1,4800,-4.020043,1.571082,-0.75,Falling,False,0,-1.96448,0
1789904333498,300,457633,1,4800,-4.020043,1.571082,-0.75,Falling,False,0,-1.96448,0
1789904333498,300,457633,1,4800,-4.020043,1.571082,-0.75,Falling,False,0,-1.96448,0
1789904333498,300,457633,1,4800,-4.020043,1.571082,-0.75,Falling,False,0,-1.96448,0
1789904333498,300,457633,1,4800,-4.020043,1.571082,-0.75,Falling,False,0,-1.96448,0
1789904333498,300,457633,1,4800,-4.020043,1.571082,-0.75,Falling,False,0,-1.96448,0
1789904333514,301,459103,1,4816,-4.020043,1.537139,-0.75,Falling,False,0,-2.12144,0
1789904333514,301,459103,1,4816,-4.020043,1.537139,-0.75,Falling,False,0,-2.12144,0
1789904333514,301,459103,1,4816,-4.020043,1.537139,-0.75,Falling,False,0,-2.12144,0
1789904333514,301,459103,1,4816,-4.020043,1.537139,-0.75,Falling,False,0,-2.12144,0
1789904333514,301,459103,1,4816,-4.020043,1.537139,-0.75,Falling,False,0,-2.12144,0
1789904333514,301,459103,1,4816,-4.020043,1.537139,-0.75,Falling,False,0,-2.12144,0
1789904333514,301,459103,1,4816,-4.020043,1.537139,-0.75,Falling,False,0,-2.12144,0
1789904333514,301,459103,1,4816,-4.020043,1.537139,-0.75,Falling,False,0,-2.12144,0
1789904333545,302,460600,1,4832,-4.020043,1.500685,-0.75,Falling,False,0,-2.2784,0
1789904333545,302,460600,1,4832,-4.020043,1.500685,-0.75,Falling,False,0,-2.2784,0
1789904333545,302,460600,1,4832,-4.020043,1.500685,-0.75,Falling,False,0,-2.2784,0
1789904333545,302,460600,1,4832,-4.020043,1.500685,-0.75,Falling,False,0,-2.2784,0
1789904333545,302,460600,1,4832,-4.020043,1.500685,-0.75,Falling,False,0,-2.2784,0
1789904333545,302,460600,1,4832,-4.020043,1.500685,-0.75,Falling,False,0,-2.2784,0
1789904333545,302,460600,1,4832,-4.020043,1.500685,-0.75,Falling,False,0,-2.2784,0
1789904333545,302,460600,1,4832,-4.020043,1.500685,-0.75,Falling,False,0,-2.2784,0
1789904333577,303,463511,1,4848,-4.020043,1.461719,-0.75,Falling,False,0,-2.43536,0
1789904333577,304,463512,1,4864,-4.020043,1.420242,-0.75,Falling,False,0,-2.59232,0
1789904333577,304,463512,1,4864,-4.020043,1.420242,-0.75,Falling,False,0,-2.59232,0
1789904333577,304,463512,1,4864,-4.020043,1.420242,-0.75,Falling,False,0,-2.59232,0
1789904333577,304,463512,1,4864,-4.020043,1.420242,-0.75,Falling,False,0,-2.59232,0
1789904333577,304,463512,1,4864,-4.020043,1.420242,-0.75,Falling,False,0,-2.59232,0
1789904333577,304,463512,1,4864,-4.020043,1.420242,-0.75,Falling,False,0,-2.59232,0
1789904333577,304,463512,1,4864,-4.020043,1.420242,-0.75,Falling,False,0,-2.59232,0
1789904333577,305,466403,1,4880,-4.020043,1.376253,-0.75,Falling,False,0,-2.74928,0
1789904333594,305,466403,1,4880,-4.020043,1.376253,-0.75,Falling,False,0,-2.74928,0
1789904333594,305,466403,1,4880,-4.020043,1.376253,-0.75,Falling,False,0,-2.74928,0
1789904333594,306,466407,1,4896,-4.020043,1.329754,-0.75,Falling,False,0,-2.90624,0
1789904333594,306,466407,1,4896,-4.020043,1.329754,-0.75,Falling,False,0,-2.90624,0
1789904333594,306,466407,1,4896,-4.020043,1.329754,-0.75,Falling,False,0,-2.90624,0
1789904333594,306,466407,1,4896,-4.020043,1.329754,-0.75,Falling,False,0,-2.90624,0
1789904333594,306,466407,1,4896,-4.020043,1.329754,-0.75,Falling,False,0,-2.90624,0
1789904333594,306,466407,1,4896,-4.020043,1.329754,-0.75,Falling,False,0,-2.90624,0
1789904333624,307,468008,1,4912,-4.020043,1.280742,-0.75,Falling,False,0,-3.0632,0
1789904333624,307,468008,1,4912,-4.020043,1.280742,-0.75,Falling,False,0,-3.0632,0
1789904333624,307,468008,1,4912,-4.020043,1.280742,-0.75,Falling,False,0,-3.0632,0
1789904333624,307,468008,1,4912,-4.020043,1.280742,-0.75,Falling,False,0,-3.0632,0
1789904333624,307,468008,1,4912,-4.020043,1.280742,-0.75,Falling,False,0,-3.0632,0
1789904333624,307,468008,1,4912,-4.020043,1.280742,-0.75,Falling,False,0,-3.0632,0
1789904333624,307,468008,1,4912,-4.020043,1.280742,-0.75,Falling,False,0,-3.0632,0
1789904333624,307,468008,1,4912,-4.020043,1.280742,-0.75,Falling,False,0,-3.0632,0
1789904333638,308,470994,1,4928,-4.020043,1.22922,-0.75,Falling,False,0,-3.22016,0
1789904333638,308,470994,1,4928,-4.020043,1.22922,-0.75,Falling,False,0,-3.22016,0
1789904333638,308,470994,1,4928,-4.020043,1.22922,-0.75,Falling,False,0,-3.22016,0
1789904333638,308,470994,1,4928,-4.020043,1.22922,-0.75,Falling,False,0,-3.22016,0
1789904333638,308,470994,1,4928,-4.020043,1.22922,-0.75,Falling,False,0,-3.22016,0
1789904333638,308,470994,1,4928,-4.020043,1.22922,-0.75,Falling,False,0,-3.22016,0
1789904333639,308,470994,1,4928,-4.020043,1.22922,-0.75,Falling,False,0,-3.22016,0
1789904333639,308,470994,1,4928,-4.020043,1.22922,-0.75,Falling,False,0,-3.22016,0
1789904333655,309,472368,1,4944,-4.020043,1.175186,-0.75,Falling,False,0,-3.37712,0
1789904333655,309,472368,1,4944,-4.020043,1.175186,-0.75,Falling,False,0,-3.37712,0
1789904333655,309,472368,1,4944,-4.020043,1.175186,-0.75,Falling,False,0,-3.37712,0
1789904333655,309,472368,1,4944,-4.020043,1.175186,-0.75,Falling,False,0,-3.37712,0
1789904333655,309,472368,1,4944,-4.020043,1.175186,-0.75,Falling,False,0,-3.37712,0
1789904333655,309,472368,1,4944,-4.020043,1.175186,-0.75,Falling,False,0,-3.37712,0
1789904333655,309,472368,1,4944,-4.020043,1.175186,-0.75,Falling,False,0,-3.37712,0
1789904333655,309,472368,1,4944,-4.020043,1.175186,-0.75,Falling,False,0,-3.37712,0
1789904333670,310,473890,1,4960,-4.020043,1.118641,-0.75,Falling,False,0,-3.534081,0
1789904333670,310,473890,1,4960,-4.020043,1.118641,-0.75,Falling,False,0,-3.534081,0
1789904333670,310,473890,1,4960,-4.020043,1.118641,-0.75,Falling,False,0,-3.534081,0
1789904333670,310,473890,1,4960,-4.020043,1.118641,-0.75,Falling,False,0,-3.534081,0
1789904333670,310,473890,1,4960,-4.020043,1.118641,-0.75,Falling,False,0,-3.534081,0
1789904333670,310,473890,1,4960,-4.020043,1.118641,-0.75,Falling,False,0,-3.534081,0
1789904333670,310,473890,1,4960,-4.020043,1.118641,-0.75,Falling,False,0,-3.534081,0
1789904333670,310,473890,1,4960,-4.020043,1.118641,-0.75,Falling,False,0,-3.534081,0
1789904333686,311,475363,1,4976,-4.020043,1.059584,-0.75,Falling,False,0,-3.691041,0
1789904333686,311,475363,1,4976,-4.020043,1.059584,-0.75,Falling,False,0,-3.691041,0
1789904333686,311,475363,1,4976,-4.020043,1.059584,-0.75,Falling,False,0,-3.691041,0
1789904333686,311,475363,1,4976,-4.020043,1.059584,-0.75,Falling,False,0,-3.691041,0
1789904333686,311,475363,1,4976,-4.020043,1.059584,-0.75,Falling,False,0,-3.691041,0
1789904333686,311,475363,1,4976,-4.020043,1.059584,-0.75,Falling,False,0,-3.691041,0
1789904333686,311,475363,1,4976,-4.020043,1.059584,-0.75,Falling,False,0,-3.691041,0
1789904333686,311,475363,1,4976,-4.020043,1.059584,-0.75,Falling,False,0,-3.691041,0
1789904333702,312,476879,1,4992,-4.020043,1,-0.75,Walking,True,0,0,0
1789904333702,312,476879,1,4992,-4.020043,1,-0.75,Walking,True,0,0,0
1789904333702,312,476879,1,4992,-4.020043,1,-0.75,Walking,True,0,0,0
1789904333702,312,476879,1,4992,-4.020043,1,-0.75,Walking,True,0,0,0
1789904333702,312,476879,1,4992,-4.020043,1,-0.75,Walking,True,0,0,0
1789904333702,312,476879,1,4992,-4.020043,1,-0.75,Walking,True,0,0,0
1789904333702,312,476879,1,4992,-4.020043,1,-0.75,Walking,True,0,0,0
1789904333702,312,476879,1,4992,-4.020043,1,-0.75,Walking,True,0,0,0
1789904333718,313,478325,1,5008,-4.020043,1,-0.75,Walking,True,0,0,0
1789904333718,313,478325,1,5008,-4.020043,1,-0.75,Walking,True,0,0,0
1789904333718,313,478325,1,5008,-4.020043,1,-0.75,Walking,True,0,0,0
1789904333718,313,478325,1,5008,-4.020043,1,-0.75,Walking,True,0,0,0
1789904333718,313,478325,1,5008,-4.020043,1,-0.75,Walking,True,0,0,0
1789904333718,313,478325,1,5008,-4.020043,1,-0.75,Walking,True,0,0,0
1789904333718,313,478325,1,5008,-4.020043,1,-0.75,Walking,True,0,0,0
1789904333718,313,478325,1,5008,-4.020043,1,-0.75,Walking,True,0,0,0
1789904333733,314,479850,1,5024,-4.020043,1,-0.75,Walking,True,0,0,0
1789904333733,314,479850,1,5024,-4.020043,1,-0.75,Walking,True,0,0,0
1789904333733,314,479850,1,5024,-4.020043,1,-0.75,Walking,True,0,0,0
1789904333733,314,479850,1,5024,-4.020043,1,-0.75,Walking,True,0,0,0
1789904333733,314,479850,1,5024,-4.020043,1,-0.75,Walking,True,0,0,0
1789904333733,314,479850,1,5024,-4.020043,1,-0.75,Walking,True,0,0,0
1789904333733,314,479850,1,5024,-4.020043,1,-0.75,Walking,True,0,0,0
1789904333733,314,479850,1,5024,-4.020043,1,-0.75,Walking,True,0,0,0
1789904333749,315,481352,1,5040,-4.020043,1,-0.75,Walking,True,0,0,0
1789904333749,315,481352,1,5040,-4.020043,1,-0.75,Walking,True,0,0,0
1789904333749,315,481352,1,5040,-4.020043,1,-0.75,Walking,True,0,0,0
1789904333749,315,481352,1,5040,-4.020043,1,-0.75,Walking,True,0,0,0
1789904333749,315,481352,1,5040,-4.020043,1,-0.75,Walking,True,0,0,0
1789904333749,315,481352,1,5040,-4.020043,1,-0.75,Walking,True,0,0,0
1789904333749,315,481352,1,5040,-4.020043,1,-0.75,Walking,True,0,0,0
1789904333749,315,481352,1,5040,-4.020043,1,-0.75,Walking,True,0,0,0
1789904333764,316,482823,1,5056,-4.020043,1,-0.75,Walking,True,0,0,0
1789904333764,316,482823,1,5056,-4.020043,1,-0.75,Walking,True,0,0,0
1789904333764,316,482823,1,5056,-4.020043,1,-0.75,Walking,True,0,0,0
1789904333764,316,482823,1,5056,-4.020043,1,-0.75,Walking,True,0,0,0
1789904333764,316,482823,1,5056,-4.020043,1,-0.75,Walking,True,0,0,0
1789904333764,316,482823,1,5056,-4.020043,1,-0.75,Walking,True,0,0,0
1789904333764,316,482823,1,5056,-4.020043,1,-0.75,Walking,True,0,0,0
1789904333764,316,482823,1,5056,-4.020043,1,-0.75,Walking,True,0,0,0
1789904333780,317,484151,1,5072,-4.020043,1,-0.75,Walking,True,0,0,0
1789904333780,317,484151,1,5072,-4.020043,1,-0.75,Walking,True,0,0,0
1789904333780,317,484151,1,5072,-4.020043,1,-0.75,Walking,True,0,0,0
1789904333780,317,484151,1,5072,-4.020043,1,-0.75,Walking,True,0,0,0
1789904333781,317,484151,1,5072,-4.020043,1,-0.75,Walking,True,0,0,0
1789904333781,317,484151,1,5072,-4.020043,1,-0.75,Walking,True,0,0,0
1789904333781,317,484151,1,5072,-4.020043,1,-0.75,Walking,True,0,0,0
1789904333781,317,484151,1,5072,-4.020043,1,-0.75,Walking,True,0,0,0
1789904333796,318,485687,1,5088,-4.020043,1,-0.75,Walking,True,0,0,0
1789904333796,318,485687,1,5088,-4.020043,1,-0.75,Walking,True,0,0,0
1789904333796,318,485687,1,5088,-4.020043,1,-0.75,Walking,True,0,0,0
1789904333796,318,485687,1,5088,-4.020043,1,-0.75,Walking,True,0,0,0
1789904333796,318,485687,1,5088,-4.020043,1,-0.75,Walking,True,0,0,0
1789904333796,318,485687,1,5088,-4.020043,1,-0.75,Walking,True,0,0,0
1789904333796,318,485687,1,5088,-4.020043,1,-0.75,Walking,True,0,0,0
1789904333796,318,485687,1,5088,-4.020043,1,-0.75,Walking,True,0,0,0
1789904333812,319,487178,1,5104,-4.020043,1,-0.75,Walking,True,0,0,0
1789904333812,319,487178,1,5104,-4.020043,1,-0.75,Walking,True,0,0,0
1789904333812,319,487178,1,5104,-4.020043,1,-0.75,Walking,True,0,0,0
1789904333812,319,487178,1,5104,-4.020043,1,-0.75,Walking,True,0,0,0
1789904333812,319,487178,1,5104,-4.020043,1,-0.75,Walking,True,0,0,0
1789904333812,319,487178,1,5104,-4.020043,1,-0.75,Walking,True,0,0,0
1789904333812,319,487178,1,5104,-4.020043,1,-0.75,Walking,True,0,0,0
1789904333812,319,487178,1,5104,-4.020043,1,-0.75,Walking,True,0,0,0
1789904333828,320,488562,1,5120,-4.020043,1,-0.75,Walking,True,0,0,0
1789904333828,320,488562,1,5120,-4.020043,1,-0.75,Walking,True,0,0,0
1789904333828,320,488562,1,5120,-4.020043,1,-0.75,Walking,True,0,0,0
1789904333828,320,488562,1,5120,-4.020043,1,-0.75,Walking,True,0,0,0
1789904333828,320,488562,1,5120,-4.020043,1,-0.75,Walking,True,0,0,0
1789904333828,320,488562,1,5120,-4.020043,1,-0.75,Walking,True,0,0,0
1789904333828,320,488562,1,5120,-4.020043,1,-0.75,Walking,True,0,0,0
1789904333828,320,488562,1,5120,-4.020043,1,-0.75,Walking,True,0,0,0
1789904333843,321,490036,1,5136,-4.020043,1,-0.75,Walking,True,0,0,0
1789904333843,321,490036,1,5136,-4.020043,1,-0.75,Walking,True,0,0,0
1789904333843,321,490036,1,5136,-4.020043,1,-0.75,Walking,True,0,0,0
1789904333843,321,490036,1,5136,-4.020043,1,-0.75,Walking,True,0,0,0
1789904333843,321,490036,1,5136,-4.020043,1,-0.75,Walking,True,0,0,0
1789904333843,321,490036,1,5136,-4.020043,1,-0.75,Walking,True,0,0,0
1789904333843,321,490036,1,5136,-4.020043,1,-0.75,Walking,True,0,0,0
1789904333843,321,490036,1,5136,-4.020043,1,-0.75,Walking,True,0,0,0
1789904333859,322,491476,1,5152,-4.020043,1,-0.75,Walking,True,0,0,0
1789904333859,322,491476,1,5152,-4.020043,1,-0.75,Walking,True,0,0,0
1789904333859,322,491476,1,5152,-4.020043,1,-0.75,Walking,True,0,0,0
1789904333859,322,491476,1,5152,-4.020043,1,-0.75,Walking,True,0,0,0
1789904333859,322,491476,1,5152,-4.020043,1,-0.75,Walking,True,0,0,0
1789904333859,322,491476,1,5152,-4.020043,1,-0.75,Walking,True,0,0,0
1789904333859,322,491476,1,5152,-4.020043,1,-0.75,Walking,True,0,0,0
1789904333859,322,491476,1,5152,-4.020043,1,-0.75,Walking,True,0,0,0
1789904333874,323,492858,1,5168,-4.020043,1,-0.75,Walking,True,0,0,0
1789904333874,323,492858,1,5168,-4.020043,1,-0.75,Walking,True,0,0,0
1789904333874,323,492858,1,5168,-4.020043,1,-0.75,Walking,True,0,0,0
1789904333874,323,492858,1,5168,-4.020043,1,-0.75,Walking,True,0,0,0
1789904333874,323,492858,1,5168,-4.020043,1,-0.75,Walking,True,0,0,0
1789904333874,323,492858,1,5168,-4.020043,1,-0.75,Walking,True,0,0,0
1789904333874,323,492858,1,5168,-4.020043,1,-0.75,Walking,True,0,0,0
1789904333874,323,492858,1,5168,-4.020043,1,-0.75,Walking,True,0,0,0
1789904333889,324,494137,1,5184,-4.020043,1,-0.75,Walking,True,0,0,0
1789904333889,324,494137,1,5184,-4.020043,1,-0.75,Walking,True,0,0,0
1789904333889,324,494137,1,5184,-4.020043,1,-0.75,Walking,True,0,0,0
1789904333889,324,494137,1,5184,-4.020043,1,-0.75,Walking,True,0,0,0
1789904333889,324,494137,1,5184,-4.020043,1,-0.75,Walking,True,0,0,0
1789904333889,324,494137,1,5184,-4.020043,1,-0.75,Walking,True,0,0,0
1789904333889,324,494137,1,5184,-4.020043,1,-0.75,Walking,True,0,0,0
1789904333889,324,494137,1,5184,-4.020043,1,-0.75,Walking,True,0,0,0
1789904333906,325,495512,1,5200,-4.020043,1,-0.75,Walking,True,0,0,0
1789904333906,325,495512,1,5200,-4.020043,1,-0.75,Walking,True,0,0,0
1789904333906,325,495512,1,5200,-4.020043,1,-0.75,Walking,True,0,0,0
1789904333906,325,495512,1,5200,-4.020043,1,-0.75,Walking,True,0,0,0
1789904333906,325,495512,1,5200,-4.020043,1,-0.75,Walking,True,0,0,0
1789904333906,325,495512,1,5200,-4.020043,1,-0.75,Walking,True,0,0,0
1789904333906,325,495512,1,5200,-4.020043,1,-0.75,Walking,True,0,0,0
1789904333906,325,495512,1,5200,-4.020043,1,-0.75,Walking,True,0,0,0
1789904333921,326,496728,1,5216,-4.020043,1,-0.75,Walking,True,0,0,0
1789904333921,326,496728,1,5216,-4.020043,1,-0.75,Walking,True,0,0,0
1789904333921,326,496728,1,5216,-4.020043,1,-0.75,Walking,True,0,0,0
1789904333921,326,496728,1,5216,-4.020043,1,-0.75,Walking,True,0,0,0
1789904333921,326,496728,1,5216,-4.020043,1,-0.75,Walking,True,0,0,0
1789904333921,326,496728,1,5216,-4.020043,1,-0.75,Walking,True,0,0,0
1789904333921,326,496728,1,5216,-4.020043,1,-0.75,Walking,True,0,0,0
1789904333921,326,496728,1,5216,-4.020043,1,-0.75,Walking,True,0,0,0
1789904333936,327,497877,1,5232,-4.020043,1,-0.75,Walking,True,0,0,0
1789904333936,327,497877,1,5232,-4.020043,1,-0.75,Walking,True,0,0,0
1789904333936,327,497877,1,5232,-4.020043,1,-0.75,Walking,True,0,0,0
1789904333936,327,497877,1,5232,-4.020043,1,-0.75,Walking,True,0,0,0
1789904333936,327,497877,1,5232,-4.020043,1,-0.75,Walking,True,0,0,0
1789904333936,327,497877,1,5232,-4.020043,1,-0.75,Walking,True,0,0,0
1789904333936,327,497877,1,5232,-4.020043,1,-0.75,Walking,True,0,0,0
1789904333936,327,497877,1,5232,-4.020043,1,-0.75,Walking,True,0,0,0
1789904333951,328,499105,1,5248,-4.020043,1,-0.75,Walking,True,0,0,0
1789904333951,328,499105,1,5248,-4.020043,1,-0.75,Walking,True,0,0,0
1789904333951,328,499105,1,5248,-4.020043,1,-0.75,Walking,True,0,0,0
1789904333951,328,499105,1,5248,-4.020043,1,-0.75,Walking,True,0,0,0
1789904333951,328,499105,1,5248,-4.020043,1,-0.75,Walking,True,0,0,0
1789904333951,328,499105,1,5248,-4.020043,1,-0.75,Walking,True,0,0,0
1789904333951,328,499105,1,5248,-4.020043,1,-0.75,Walking,True,0,0,0
1789904333951,328,499105,1,5248,-4.020043,1,-0.75,Walking,True,0,0,0
1789904333967,329,500362,1,5264,-4.020043,1,-0.75,Walking,True,0,0,0
1789904333967,329,500362,1,5264,-4.020043,1,-0.75,Walking,True,0,0,0
1789904333967,329,500362,1,5264,-4.020043,1,-0.75,Walking,True,0,0,0
1789904333967,329,500362,1,5264,-4.020043,1,-0.75,Walking,True,0,0,0
1789904333967,329,500362,1,5264,-4.020043,1,-0.75,Walking,True,0,0,0
1789904333967,329,500362,1,5264,-4.020043,1,-0.75,Walking,True,0,0,0
1789904333967,329,500362,1,5264,-4.020043,1,-0.75,Walking,True,0,0,0
1789904333967,329,500362,1,5264,-4.020043,1,-0.75,Walking,True,0,0,0
1789904333982,330,501533,1,5280,-4.020043,1,-0.75,Walking,True,0,0,0
1789904333982,330,501533,1,5280,-4.020043,1,-0.75,Walking,True,0,0,0
1789904333982,330,501533,1,5280,-4.020043,1,-0.75,Walking,True,0,0,0
1789904333982,330,501533,1,5280,-4.020043,1,-0.75,Walking,True,0,0,0
1789904333982,330,501533,1,5280,-4.020043,1,-0.75,Walking,True,0,0,0
1789904333982,330,501533,1,5280,-4.020043,1,-0.75,Walking,True,0,0,0
1789904333982,330,501533,1,5280,-4.020043,1,-0.75,Walking,True,0,0,0
1789904333982,330,501533,1,5280,-4.020043,1,-0.75,Walking,True,0,0,0
1789904333997,331,502738,1,5296,-4.020043,1,-0.75,Walking,True,0,0,0
1789904333997,331,502738,1,5296,-4.020043,1,-0.75,Walking,True,0,0,0
1789904333997,331,502738,1,5296,-4.020043,1,-0.75,Walking,True,0,0,0
1789904333997,331,502738,1,5296,-4.020043,1,-0.75,Walking,True,0,0,0
1789904333997,331,502738,1,5296,-4.020043,1,-0.75,Walking,True,0,0,0
1789904333997,331,502738,1,5296,-4.020043,1,-0.75,Walking,True,0,0,0
1789904333997,331,502738,1,5296,-4.020043,1,-0.75,Walking,True,0,0,0
1789904333997,331,502738,1,5296,-4.020043,1,-0.75,Walking,True,0,0,0
1789904334012,332,503917,1,5312,-4.020043,1,-0.75,Walking,True,0,0,0
1789904334012,332,503917,1,5312,-4.020043,1,-0.75,Walking,True,0,0,0
1789904334012,332,503917,1,5312,-4.020043,1,-0.75,Walking,True,0,0,0
1789904334012,332,503917,1,5312,-4.020043,1,-0.75,Walking,True,0,0,0
1789904334012,332,503917,1,5312,-4.020043,1,-0.75,Walking,True,0,0,0
1789904334012,332,503917,1,5312,-4.020043,1,-0.75,Walking,True,0,0,0
1789904334012,332,503917,1,5312,-4.020043,1,-0.75,Walking,True,0,0,0
1789904334012,332,503917,1,5312,-4.020043,1,-0.75,Walking,True,0,0,0
1789904334028,333,505069,1,5328,-4.020043,1,-0.75,Walking,True,0,0,0
1789904334028,333,505069,1,5328,-4.020043,1,-0.75,Walking,True,0,0,0
1789904334028,333,505069,1,5328,-4.020043,1,-0.75,Walking,True,0,0,0
1789904334028,333,505069,1,5328,-4.020043,1,-0.75,Walking,True,0,0,0
1789904334028,333,505069,1,5328,-4.020043,1,-0.75,Walking,True,0,0,0
1789904334028,333,505069,1,5328,-4.020043,1,-0.75,Walking,True,0,0,0
1789904334028,333,505069,1,5328,-4.020043,1,-0.75,Walking,True,0,0,0
1789904334028,333,505069,1,5328,-4.020043,1,-0.75,Walking,True,0,0,0
1789904334043,334,506416,1,5344,-4.020043,1,-0.75,Walking,True,0,0,0
1789904334043,334,506416,1,5344,-4.020043,1,-0.75,Walking,True,0,0,0
1789904334043,334,506416,1,5344,-4.020043,1,-0.75,Walking,True,0,0,0
1789904334043,334,506416,1,5344,-4.020043,1,-0.75,Walking,True,0,0,0
1789904334043,334,506416,1,5344,-4.020043,1,-0.75,Walking,True,0,0,0
1789904334043,334,506416,1,5344,-4.020043,1,-0.75,Walking,True,0,0,0
1789904334043,334,506416,1,5344,-4.020043,1,-0.75,Walking,True,0,0,0
1789904334043,334,506416,1,5344,-4.020043,1,-0.75,Walking,True,0,0,0
1789904334059,335,507669,1,5360,-4.020043,1,-0.75,Walking,True,0,0,0
1789904334059,335,507669,1,5360,-4.020043,1,-0.75,Walking,True,0,0,0
1789904334059,335,507669,1,5360,-4.020043,1,-0.75,Walking,True,0,0,0
1789904334059,335,507669,1,5360,-4.020043,1,-0.75,Walking,True,0,0,0
1789904334059,335,507669,1,5360,-4.020043,1,-0.75,Walking,True,0,0,0
1789904334059,335,507669,1,5360,-4.020043,1,-0.75,Walking,True,0,0,0
1789904334059,335,507669,1,5360,-4.020043,1,-0.75,Walking,True,0,0,0
1789904334059,335,507669,1,5360,-4.020043,1,-0.75,Walking,True,0,0,0
1789904334074,336,508883,1,5376,-4.020043,1,-0.75,Walking,True,0,0,0
1789904334074,336,508883,1,5376,-4.020043,1,-0.75,Walking,True,0,0,0
1789904334074,336,508883,1,5376,-4.020043,1,-0.75,Walking,True,0,0,0
1789904334074,336,508883,1,5376,-4.020043,1,-0.75,Walking,True,0,0,0
1789904334074,336,508883,1,5376,-4.020043,1,-0.75,Walking,True,0,0,0
1789904334074,336,508883,1,5376,-4.020043,1,-0.75,Walking,True,0,0,0
1789904334074,336,508883,1,5376,-4.020043,1,-0.75,Walking,True,0,0,0
1789904334074,336,508883,1,5376,-4.020043,1,-0.75,Walking,True,0,0,0
1789904334105,337,510173,1,5392,-4.020043,1,-0.75,Walking,True,0,0,0
1789904334105,337,510173,1,5392,-4.020043,1,-0.75,Walking,True,0,0,0
1789904334105,337,510173,1,5392,-4.020043,1,-0.75,Walking,True,0,0,0
1789904334105,337,510173,1,5392,-4.020043,1,-0.75,Walking,True,0,0,0
1789904334105,337,510173,1,5392,-4.020043,1,-0.75,Walking,True,0,0,0
1789904334105,337,510173,1,5392,-4.020043,1,-0.75,Walking,True,0,0,0
1789904334105,337,510173,1,5392,-4.020043,1,-0.75,Walking,True,0,0,0
1789904334105,337,510173,1,5392,-4.020043,1,-0.75,Walking,True,0,0,0
1789904334120,338,513196,1,5408,-4.020043,1,-0.75,Walking,True,0,0,0
1789904334120,338,513196,1,5408,-4.020043,1,-0.75,Walking,True,0,0,0
1789904334120,338,513196,1,5408,-4.020043,1,-0.75,Walking,True,0,0,0
1789904334120,338,513196,1,5408,-4.020043,1,-0.75,Walking,True,0,0,0
1789904334120,338,513196,1,5408,-4.020043,1,-0.75,Walking,True,0,0,0
1789904334120,338,513196,1,5408,-4.020043,1,-0.75,Walking,True,0,0,0
1789904334120,338,513196,1,5408,-4.020043,1,-0.75,Walking,True,0,0,0
1789904334120,338,513196,1,5408,-4.020043,1,-0.75,Walking,True,0,0,0
1789904334136,339,514642,1,5424,-4.020043,1,-0.75,Walking,True,0,0,0
1789904334136,339,514642,1,5424,-4.020043,1,-0.75,Walking,True,0,0,0
1789904334136,339,514642,1,5424,-4.020043,1,-0.75,Walking,True,0,0,0
1789904334136,339,514642,1,5424,-4.020043,1,-0.75,Walking,True,0,0,0
1789904334136,339,514642,1,5424,-4.020043,1,-0.75,Walking,True,0,0,0
1789904334136,339,514642,1,5424,-4.020043,1,-0.75,Walking,True,0,0,0
1789904334136,339,514642,1,5424,-4.020043,1,-0.75,Walking,True,0,0,0
1789904334136,339,514642,1,5424,-4.020043,1,-0.75,Walking,True,0,0,0
1789904334152,340,515879,1,5440,-4.020043,1,-0.75,Walking,True,0,0,0
1789904334152,340,515879,1,5440,-4.020043,1,-0.75,Walking,True,0,0,0
1789904334152,340,515879,1,5440,-4.020043,1,-0.75,Walking,True,0,0,0
1789904334152,340,515879,1,5440,-4.020043,1,-0.75,Walking,True,0,0,0
1789904334152,340,515879,1,5440,-4.020043,1,-0.75,Walking,True,0,0,0
1789904334152,340,515879,1,5440,-4.020043,1,-0.75,Walking,True,0,0,0
1789904334152,340,515879,1,5440,-4.020043,1,-0.75,Walking,True,0,0,0
1789904334152,340,515879,1,5440,-4.020043,1,-0.75,Walking,True,0,0,0
1789904334168,341,516955,1,5456,-4.020043,1,-0.75,Walking,True,0,0,0
1789904334168,341,516955,1,5456,-4.020043,1,-0.75,Walking,True,0,0,0
1789904334168,341,516955,1,5456,-4.020043,1,-0.75,Walking,True,0,0,0
1789904334168,341,516955,1,5456,-4.020043,1,-0.75,Walking,True,0,0,0
1789904334168,341,516955,1,5456,-4.020043,1,-0.75,Walking,True,0,0,0
1789904334168,341,516955,1,5456,-4.020043,1,-0.75,Walking,True,0,0,0
1789904334168,341,516955,1,5456,-4.020043,1,-0.75,Walking,True,0,0,0
1789904334168,341,516955,1,5456,-4.020043,1,-0.75,Walking,True,0,0,0
1789904334183,342,518136,1,5472,-4.020043,1,-0.75,Walking,True,0,0,0
1789904334183,342,518136,1,5472,-4.020043,1,-0.75,Walking,True,0,0,0
1789904334183,342,518136,1,5472,-4.020043,1,-0.75,Walking,True,0,0,0
1789904334183,342,518136,1,5472,-4.020043,1,-0.75,Walking,True,0,0,0
1789904334183,342,518136,1,5472,-4.020043,1,-0.75,Walking,True,0,0,0
1789904334183,342,518136,1,5472,-4.020043,1,-0.75,Walking,True,0,0,0
1789904334183,342,518136,1,5472,-4.020043,1,-0.75,Walking,True,0,0,0
1789904334183,342,518136,1,5472,-4.020043,1,-0.75,Walking,True,0,0,0
1789904334198,343,519364,1,5488,-4.020043,1,-0.75,Walking,True,0,0,0
1789904334198,343,519364,1,5488,-4.020043,1,-0.75,Walking,True,0,0,0
1789904334198,343,519364,1,5488,-4.020043,1,-0.75,Walking,True,0,0,0
1789904334198,343,519364,1,5488,-4.020043,1,-0.75,Walking,True,0,0,0
1789904334198,343,519364,1,5488,-4.020043,1,-0.75,Walking,True,0,0,0
1789904334198,343,519364,1,5488,-4.020043,1,-0.75,Walking,True,0,0,0
1789904334198,343,519364,1,5488,-4.020043,1,-0.75,Walking,True,0,0,0
1789904334198,343,519364,1,5488,-4.020043,1,-0.75,Walking,True,0,0,0
1789904334214,344,520556,1,5504,-4.020043,1,-0.75,Walking,True,0,0,0
1789904334214,344,520556,1,5504,-4.020043,1,-0.75,Walking,True,0,0,0
1789904334214,344,520556,1,5504,-4.020043,1,-0.75,Walking,True,0,0,0
1789904334214,344,520556,1,5504,-4.020043,1,-0.75,Walking,True,0,0,0
1789904334214,344,520556,1,5504,-4.020043,1,-0.75,Walking,True,0,0,0
1789904334214,344,520556,1,5504,-4.020043,1,-0.75,Walking,True,0,0,0
1789904334214,344,520556,1,5504,-4.020043,1,-0.75,Walking,True,0,0,0
1789904334214,344,520556,1,5504,-4.020043,1,-0.75,Walking,True,0,0,0
1789904334230,345,521719,1,5520,-4.020043,1,-0.75,Walking,True,0,0,0
1789904334230,345,521719,1,5520,-4.020043,1,-0.75,Walking,True,0,0,0
1789904334230,345,521719,1,5520,-4.020043,1,-0.75,Walking,True,0,0,0
1789904334230,345,521719,1,5520,-4.020043,1,-0.75,Walking,True,0,0,0
1789904334230,345,521719,1,5520,-4.020043,1,-0.75,Walking,True,0,0,0
1789904334230,345,521719,1,5520,-4.020043,1,-0.75,Walking,True,0,0,0
1789904334230,345,521719,1,5520,-4.020043,1,-0.75,Walking,True,0,0,0
1789904334230,345,521719,1,5520,-4.020043,1,-0.75,Walking,True,0,0,0
1789904334246,346,522903,1,5536,-4.020043,1,-0.75,Walking,True,0,0,0
1789904334246,346,522903,1,5536,-4.020043,1,-0.75,Walking,True,0,0,0
1789904334246,346,522903,1,5536,-4.020043,1,-0.75,Walking,True,0,0,0
1789904334246,346,522903,1,5536,-4.020043,1,-0.75,Walking,True,0,0,0
1789904334246,346,522903,1,5536,-4.020043,1,-0.75,Walking,True,0,0,0
1789904334246,346,522903,1,5536,-4.020043,1,-0.75,Walking,True,0,0,0
1789904334246,346,522903,1,5536,-4.020043,1,-0.75,Walking,True,0,0,0
1789904334246,346,522903,1,5536,-4.020043,1,-0.75,Walking,True,0,0,0
1789904334262,347,523968,1,5552,-4.020043,1,-0.75,Walking,True,0,0,0
1789904334262,347,523968,1,5552,-4.020043,1,-0.75,Walking,True,0,0,0
1789904334262,347,523968,1,5552,-4.020043,1,-0.75,Walking,True,0,0,0
1789904334262,347,523968,1,5552,-4.020043,1,-0.75,Walking,True,0,0,0
1789904334262,347,523968,1,5552,-4.020043,1,-0.75,Walking,True,0,0,0
1789904334262,347,523968,1,5552,-4.020043,1,-0.75,Walking,True,0,0,0
1789904334262,347,523968,1,5552,-4.020043,1,-0.75,Walking,True,0,0,0
1789904334262,347,523968,1,5552,-4.020043,1,-0.75,Walking,True,0,0,0
1789904334278,348,525116,1,5568,-4.020043,1,-0.75,Walking,True,0,0,0
1789904334278,348,525116,1,5568,-4.020043,1,-0.75,Walking,True,0,0,0
1789904334278,348,525116,1,5568,-4.020043,1,-0.75,Walking,True,0,0,0
1789904334278,348,525116,1,5568,-4.020043,1,-0.75,Walking,True,0,0,0
1789904334278,348,525116,1,5568,-4.020043,1,-0.75,Walking,True,0,0,0
1789904334278,348,525116,1,5568,-4.020043,1,-0.75,Walking,True,0,0,0
1789904334278,348,525116,1,5568,-4.020043,1,-0.75,Walking,True,0,0,0
1789904334278,348,525116,1,5568,-4.020043,1,-0.75,Walking,True,0,0,0
1789904334294,349,526270,1,5584,-4.020043,1,-0.75,Walking,True,0,0,0
1789904334294,349,526270,1,5584,-4.020043,1,-0.75,Walking,True,0,0,0
1789904334294,349,526270,1,5584,-4.020043,1,-0.75,Walking,True,0,0,0
1789904334294,349,526270,1,5584,-4.020043,1,-0.75,Walking,True,0,0,0
1789904334294,349,526270,1,5584,-4.020043,1,-0.75,Walking,True,0,0,0
1789904334294,349,526270,1,5584,-4.020043,1,-0.75,Walking,True,0,0,0
1789904334294,349,526270,1,5584,-4.020043,1,-0.75,Walking,True,0,0,0
1789904334294,349,526270,1,5584,-4.020043,1,-0.75,Walking,True,0,0,0
1789904334309,350,527416,1,5600,-4.020043,1,-0.75,Walking,True,0,0,0
1789904334309,350,527416,1,5600,-4.020043,1,-0.75,Walking,True,0,0,0
1789904334309,350,527416,1,5600,-4.020043,1,-0.75,Walking,True,0,0,0
1789904334309,350,527416,1,5600,-4.020043,1,-0.75,Walking,True,0,0,0
1789904334309,350,527416,1,5600,-4.020043,1,-0.75,Walking,True,0,0,0
1789904334309,350,527416,1,5600,-4.020043,1,-0.75,Walking,True,0,0,0
1789904334309,350,527416,1,5600,-4.020043,1,-0.75,Walking,True,0,0,0
1789904334309,350,527416,1,5600,-4.020043,1,-0.75,Walking,True,0,0,0
1789904334326,351,528576,1,5616,-4.020043,1,-0.75,Walking,True,0,0,0
1789904334326,351,528576,1,5616,-4.020043,1,-0.75,Walking,True,0,0,0
1789904334326,351,528576,1,5616,-4.020043,1,-0.75,Walking,True,0,0,0
1789904334326,351,528576,1,5616,-4.020043,1,-0.75,Walking,True,0,0,0
1789904334326,351,528576,1,5616,-4.020043,1,-0.75,Walking,True,0,0,0
1789904334326,351,528576,1,5616,-4.020043,1,-0.75,Walking,True,0,0,0
1789904334326,351,528576,1,5616,-4.020043,1,-0.75,Walking,True,0,0,0
1789904334326,351,528576,1,5616,-4.020043,1,-0.75,Walking,True,0,0,0
1789904334341,352,529735,1,5632,-4.020043,1,-0.75,Walking,True,0,0,0
1789904334341,352,529735,1,5632,-4.020043,1,-0.75,Walking,True,0,0,0
1789904334341,352,529735,1,5632,-4.020043,1,-0.75,Walking,True,0,0,0
1789904334341,352,529735,1,5632,-4.020043,1,-0.75,Walking,True,0,0,0
1789904334341,352,529735,1,5632,-4.020043,1,-0.75,Walking,True,0,0,0
1789904334341,352,529735,1,5632,-4.020043,1,-0.75,Walking,True,0,0,0
1789904334341,352,529735,1,5632,-4.020043,1,-0.75,Walking,True,0,0,0
1789904334341,352,529735,1,5632,-4.020043,1,-0.75,Walking,True,0,0,0
1789904334357,353,530895,1,5648,-4.020043,1,-0.75,Walking,True,0,0,0
1789904334357,353,530895,1,5648,-4.020043,1,-0.75,Walking,True,0,0,0
1789904334357,353,530895,1,5648,-4.020043,1,-0.75,Walking,True,0,0,0
1789904334357,353,530895,1,5648,-4.020043,1,-0.75,Walking,True,0,0,0
1789904334357,353,530895,1,5648,-4.020043,1,-0.75,Walking,True,0,0,0
1789904334357,353,530895,1,5648,-4.020043,1,-0.75,Walking,True,0,0,0
1789904334357,353,530895,1,5648,-4.020043,1,-0.75,Walking,True,0,0,0
1789904334357,353,530895,1,5648,-4.020043,1,-0.75,Walking,True,0,0,0
1789904334372,354,532072,1,5664,-4.020043,1,-0.75,Walking,True,0,0,0
1789904334372,354,532072,1,5664,-4.020043,1,-0.75,Walking,True,0,0,0
1789904334372,354,532072,1,5664,-4.020043,1,-0.75,Walking,True,0,0,0
1789904334372,354,532072,1,5664,-4.020043,1,-0.75,Walking,True,0,0,0
1789904334372,354,532072,1,5664,-4.020043,1,-0.75,Walking,True,0,0,0
1789904334372,354,532072,1,5664,-4.020043,1,-0.75,Walking,True,0,0,0
1789904334372,354,532072,1,5664,-4.020043,1,-0.75,Walking,True,0,0,0
1789904334372,354,532072,1,5664,-4.020043,1,-0.75,Walking,True,0,0,0
1789904334387,355,533215,1,5680,-4.020043,1,-0.75,Walking,True,0,0,0
1789904334387,355,533215,1,5680,-4.020043,1,-0.75,Walking,True,0,0,0
1789904334387,355,533215,1,5680,-4.020043,1,-0.75,Walking,True,0,0,0
1789904334387,355,533215,1,5680,-4.020043,1,-0.75,Walking,True,0,0,0
1789904334387,355,533215,1,5680,-4.020043,1,-0.75,Walking,True,0,0,0
1789904334387,355,533215,1,5680,-4.020043,1,-0.75,Walking,True,0,0,0
1789904334387,355,533215,1,5680,-4.020043,1,-0.75,Walking,True,0,0,0
1789904334387,355,533215,1,5680,-4.020043,1,-0.75,Walking,True,0,0,0
1789904334402,356,534523,1,5696,-4.020043,1,-0.75,Walking,True,0,0,0
1789904334402,356,534523,1,5696,-4.020043,1,-0.75,Walking,True,0,0,0
1789904334402,356,534523,1,5696,-4.020043,1,-0.75,Walking,True,0,0,0
1789904334402,356,534523,1,5696,-4.020043,1,-0.75,Walking,True,0,0,0
1789904334402,356,534523,1,5696,-4.020043,1,-0.75,Walking,True,0,0,0
1789904334402,356,534523,1,5696,-4.020043,1,-0.75,Walking,True,0,0,0
1789904334402,356,534523,1,5696,-4.020043,1,-0.75,Walking,True,0,0,0
1789904334402,356,534523,1,5696,-4.020043,1,-0.75,Walking,True,0,0,0
1789904334806,357,586026,1,5712,-4.020043,1,-0.75,Walking,True,0,0,0
1789904334806,357,586026,1,5712,-4.020043,1,-0.75,Walking,True,0,0,0
1789904334806,357,586026,1,5712,-4.020043,1,-0.75,Walking,True,0,0,0
1789904334806,357,586026,1,5712,-4.020043,1,-0.75,Walking,True,0,0,0
1789904334806,357,586026,1,5712,-4.020043,1,-0.75,Walking,True,0,0,0
1789904334806,357,586026,1,5712,-4.020043,1,-0.75,Walking,True,0,0,0
1789904334807,357,586026,1,5712,-4.020043,1,-0.75,Walking,True,0,0,0
1789904334807,357,586026,1,5712,-4.020043,1,-0.75,Walking,True,0,0,0
1789904334822,358,588900,1,5728,-4.020043,1,-0.75,Walking,True,0,0,0
1789904334822,358,588900,1,5728,-4.020043,1,-0.75,Walking,True,0,0,0
1789904334822,358,588900,1,5728,-4.020043,1,-0.75,Walking,True,0,0,0
1789904334822,358,588900,1,5728,-4.020043,1,-0.75,Walking,True,0,0,0
1789904334822,358,588900,1,5728,-4.020043,1,-0.75,Walking,True,0,0,0
1789904334822,358,588900,1,5728,-4.020043,1,-0.75,Walking,True,0,0,0
1789904334822,358,588900,1,5728,-4.020043,1,-0.75,Walking,True,0,0,0
1789904334822,358,588900,1,5728,-4.020043,1,-0.75,Walking,True,0,0,0
1789904334837,359,590445,1,5744,-4.020043,1,-0.75,Walking,True,0,0,0
1789904334837,359,590445,1,5744,-4.020043,1,-0.75,Walking,True,0,0,0
1789904334837,359,590445,1,5744,-4.020043,1,-0.75,Walking,True,0,0,0
1789904334837,359,590445,1,5744,-4.020043,1,-0.75,Walking,True,0,0,0
1789904334838,359,590445,1,5744,-4.020043,1,-0.75,Walking,True,0,0,0
1789904334838,359,590445,1,5744,-4.020043,1,-0.75,Walking,True,0,0,0
1789904334838,359,590445,1,5744,-4.020043,1,-0.75,Walking,True,0,0,0
1789904334838,359,590445,1,5744,-4.020043,1,-0.75,Walking,True,0,0,0
1789904334852,360,591885,1,5760,-4.020043,1,-0.75,Walking,True,0,0,0
1789904334852,360,591885,1,5760,-4.020043,1,-0.75,Walking,True,0,0,0
1789904334852,360,591885,1,5760,-4.020043,1,-0.75,Walking,True,0,0,0
1789904334852,360,591885,1,5760,-4.020043,1,-0.75,Walking,True,0,0,0
1789904334852,360,591885,1,5760,-4.020043,1,-0.75,Walking,True,0,0,0
1789904334852,360,591885,1,5760,-4.020043,1,-0.75,Walking,True,0,0,0
1789904334852,360,591885,1,5760,-4.020043,1,-0.75,Walking,True,0,0,0
1789904334852,360,591885,1,5760,-4.020043,1,-0.75,Walking,True,0,0,0
1789904334868,361,593253,1,5776,-4.020043,1,-0.75,Walking,True,0,0,0
1789904334868,361,593253,1,5776,-4.020043,1,-0.75,Walking,True,0,0,0
1789904334868,361,593253,1,5776,-4.020043,1,-0.75,Walking,True,0,0,0
1789904334868,361,593253,1,5776,-4.020043,1,-0.75,Walking,True,0,0,0
1789904334868,361,593253,1,5776,-4.020043,1,-0.75,Walking,True,0,0,0
1789904334868,361,593253,1,5776,-4.020043,1,-0.75,Walking,True,0,0,0
1789904334868,361,593253,1,5776,-4.020043,1,-0.75,Walking,True,0,0,0
1789904334868,361,593253,1,5776,-4.020043,1,-0.75,Walking,True,0,0,0
1789904334884,362,594642,1,5792,-4.020043,1,-0.75,Walking,True,0,0,0
1789904334884,362,594642,1,5792,-4.020043,1,-0.75,Walking,True,0,0,0
1789904334884,362,594642,1,5792,-4.020043,1,-0.75,Walking,True,0,0,0
1789904334884,362,594642,1,5792,-4.020043,1,-0.75,Walking,True,0,0,0
1789904334884,362,594642,1,5792,-4.020043,1,-0.75,Walking,True,0,0,0
1789904334884,362,594642,1,5792,-4.020043,1,-0.75,Walking,True,0,0,0
1789904334884,362,594642,1,5792,-4.020043,1,-0.75,Walking,True,0,0,0
1789904334884,362,594642,1,5792,-4.020043,1,-0.75,Walking,True,0,0,0
1789904334901,363,596015,1,5808,-4.020043,1,-0.75,Walking,True,0,0,0
1789904334901,363,596015,1,5808,-4.020043,1,-0.75,Walking,True,0,0,0
1789904334901,363,596015,1,5808,-4.020043,1,-0.75,Walking,True,0,0,0
1789904334901,363,596015,1,5808,-4.020043,1,-0.75,Walking,True,0,0,0
1789904334901,363,596015,1,5808,-4.020043,1,-0.75,Walking,True,0,0,0
1789904334901,363,596015,1,5808,-4.020043,1,-0.75,Walking,True,0,0,0
1789904334901,363,596015,1,5808,-4.020043,1,-0.75,Walking,True,0,0,0
1789904334901,363,596015,1,5808,-4.020043,1,-0.75,Walking,True,0,0,0
1789904334916,364,597581,1,5824,-4.020043,1,-0.75,Walking,True,0,0,0
1789904334916,364,597581,1,5824,-4.020043,1,-0.75,Walking,True,0,0,0
1789904334916,364,597581,1,5824,-4.020043,1,-0.75,Walking,True,0,0,0
1789904334916,364,597581,1,5824,-4.020043,1,-0.75,Walking,True,0,0,0
1789904334916,364,597581,1,5824,-4.020043,1,-0.75,Walking,True,0,0,0
1789904334916,364,597581,1,5824,-4.020043,1,-0.75,Walking,True,0,0,0
1789904334916,364,597581,1,5824,-4.020043,1,-0.75,Walking,True,0,0,0
1789904334916,364,597581,1,5824,-4.020043,1,-0.75,Walking,True,0,0,0
1789904334932,365,599108,1,5840,-4.020043,1,-0.75,Walking,True,0,0,0
1789904334932,365,599108,1,5840,-4.020043,1,-0.75,Walking,True,0,0,0
1789904334932,365,599108,1,5840,-4.020043,1,-0.75,Walking,True,0,0,0
1789904334932,365,599108,1,5840,-4.020043,1,-0.75,Walking,True,0,0,0
1789904334932,365,599108,1,5840,-4.020043,1,-0.75,Walking,True,0,0,0
1789904334932,365,599108,1,5840,-4.020043,1,-0.75,Walking,True,0,0,0
1789904334932,365,599108,1,5840,-4.020043,1,-0.75,Walking,True,0,0,0
1789904334932,365,599108,1,5840,-4.020043,1,-0.75,Walking,True,0,0,0
1789904334947,366,600501,1,5856,-4.020043,1,-0.75,Walking,True,0,0,0
1789904334947,366,600501,1,5856,-4.020043,1,-0.75,Walking,True,0,0,0
1789904334947,366,600501,1,5856,-4.020043,1,-0.75,Walking,True,0,0,0
1789904334947,366,600501,1,5856,-4.020043,1,-0.75,Walking,True,0,0,0
1789904334947,366,600501,1,5856,-4.020043,1,-0.75,Walking,True,0,0,0
1789904334947,366,600501,1,5856,-4.020043,1,-0.75,Walking,True,0,0,0
1789904334947,366,600501,1,5856,-4.020043,1,-0.75,Walking,True,0,0,0
1789904334947,366,600501,1,5856,-4.020043,1,-0.75,Walking,True,0,0,0
1789904334963,367,601793,1,5872,-4.020043,1,-0.75,Walking,True,0,0,0
1789904334963,367,601793,1,5872,-4.020043,1,-0.75,Walking,True,0,0,0
1789904334963,367,601793,1,5872,-4.020043,1,-0.75,Walking,True,0,0,0
1789904334963,367,601793,1,5872,-4.020043,1,-0.75,Walking,True,0,0,0
1789904334963,367,601793,1,5872,-4.020043,1,-0.75,Walking,True,0,0,0
1789904334963,367,601793,1,5872,-4.020043,1,-0.75,Walking,True,0,0,0
1789904334963,367,601793,1,5872,-4.020043,1,-0.75,Walking,True,0,0,0
1789904334963,367,601793,1,5872,-4.020043,1,-0.75,Walking,True,0,0,0
1789904334978,368,603248,1,5888,-4.020043,1,-0.75,Walking,True,0,0,0
1789904334978,368,603248,1,5888,-4.020043,1,-0.75,Walking,True,0,0,0
1789904334978,368,603248,1,5888,-4.020043,1,-0.75,Walking,True,0,0,0
1789904334978,368,603248,1,5888,-4.020043,1,-0.75,Walking,True,0,0,0
1789904334978,368,603248,1,5888,-4.020043,1,-0.75,Walking,True,0,0,0
1789904334978,368,603248,1,5888,-4.020043,1,-0.75,Walking,True,0,0,0
1789904334978,368,603248,1,5888,-4.020043,1,-0.75,Walking,True,0,0,0
1789904334978,368,603248,1,5888,-4.020043,1,-0.75,Walking,True,0,0,0
1789904334994,369,604464,1,5904,-4.020043,1,-0.75,Walking,True,0,0,0
1789904334994,369,604464,1,5904,-4.020043,1,-0.75,Walking,True,0,0,0
1789904334994,369,604464,1,5904,-4.020043,1,-0.75,Walking,True,0,0,0
1789904334994,369,604464,1,5904,-4.020043,1,-0.75,Walking,True,0,0,0
1789904334994,369,604464,1,5904,-4.020043,1,-0.75,Walking,True,0,0,0
1789904334994,369,604464,1,5904,-4.020043,1,-0.75,Walking,True,0,0,0
1789904334994,369,604464,1,5904,-4.020043,1,-0.75,Walking,True,0,0,0
1789904334994,369,604464,1,5904,-4.020043,1,-0.75,Walking,True,0,0,0
1789904335010,370,605774,1,5920,-4.020043,1,-0.75,Walking,True,0,0,0
1789904335010,370,605774,1,5920,-4.020043,1,-0.75,Walking,True,0,0,0
1789904335010,370,605774,1,5920,-4.020043,1,-0.75,Walking,True,0,0,0
1789904335010,370,605774,1,5920,-4.020043,1,-0.75,Walking,True,0,0,0
1789904335010,370,605774,1,5920,-4.020043,1,-0.75,Walking,True,0,0,0
1789904335010,370,605774,1,5920,-4.020043,1,-0.75,Walking,True,0,0,0
1789904335010,370,605774,1,5920,-4.020043,1,-0.75,Walking,True,0,0,0
1789904335010,370,605774,1,5920,-4.020043,1,-0.75,Walking,True,0,0,0
1789904335026,371,607033,1,5936,-4.020043,1,-0.75,Walking,True,0,0,0
1789904335026,371,607033,1,5936,-4.020043,1,-0.75,Walking,True,0,0,0
1789904335026,371,607033,1,5936,-4.020043,1,-0.75,Walking,True,0,0,0
1789904335026,371,607033,1,5936,-4.020043,1,-0.75,Walking,True,0,0,0
1789904335026,371,607033,1,5936,-4.020043,1,-0.75,Walking,True,0,0,0
1789904335026,371,607033,1,5936,-4.020043,1,-0.75,Walking,True,0,0,0
1789904335026,371,607033,1,5936,-4.020043,1,-0.75,Walking,True,0,0,0
1789904335026,371,607033,1,5936,-4.020043,1,-0.75,Walking,True,0,0,0
1789904335041,372,608269,1,5952,-4.020043,1,-0.75,Walking,True,0,0,0
1789904335041,372,608269,1,5952,-4.020043,1,-0.75,Walking,True,0,0,0
1789904335041,372,608269,1,5952,-4.020043,1,-0.75,Walking,True,0,0,0
1789904335041,372,608269,1,5952,-4.020043,1,-0.75,Walking,True,0,0,0
1789904335041,372,608269,1,5952,-4.020043,1,-0.75,Walking,True,0,0,0
1789904335041,372,608269,1,5952,-4.020043,1,-0.75,Walking,True,0,0,0
1789904335041,372,608269,1,5952,-4.020043,1,-0.75,Walking,True,0,0,0
1789904335041,372,608269,1,5952,-4.020043,1,-0.75,Walking,True,0,0,0
1789904335057,373,609440,1,5968,-4.020043,1,-0.75,Walking,True,0,0,0
1789904335057,373,609440,1,5968,-4.020043,1,-0.75,Walking,True,0,0,0
1789904335057,373,609440,1,5968,-4.020043,1,-0.75,Walking,True,0,0,0
1789904335057,373,609440,1,5968,-4.020043,1,-0.75,Walking,True,0,0,0
1789904335057,373,609440,1,5968,-4.020043,1,-0.75,Walking,True,0,0,0
1789904335057,373,609440,1,5968,-4.020043,1,-0.75,Walking,True,0,0,0
1789904335057,373,609440,1,5968,-4.020043,1,-0.75,Walking,True,0,0,0
1789904335057,373,609440,1,5968,-4.020043,1,-0.75,Walking,True,0,0,0
1789904335072,374,610819,1,5984,-4.020043,1,-0.75,Walking,True,0,0,0
1789904335072,374,610819,1,5984,-4.020043,1,-0.75,Walking,True,0,0,0
1789904335072,374,610819,1,5984,-4.020043,1,-0.75,Walking,True,0,0,0
1789904335072,374,610819,1,5984,-4.020043,1,-0.75,Walking,True,0,0,0
1789904335072,374,610819,1,5984,-4.020043,1,-0.75,Walking,True,0,0,0
1789904335072,374,610819,1,5984,-4.020043,1,-0.75,Walking,True,0,0,0
1789904335072,374,610819,1,5984,-4.020043,1,-0.75,Walking,True,0,0,0
1789904335072,374,610819,1,5984,-4.020043,1,-0.75,Walking,True,0,0,0
1789904335087,375,611960,1,6000,-4.020043,1,-0.75,Walking,True,0,0,0
1789904335087,375,611960,1,6000,-4.020043,1,-0.75,Walking,True,0,0,0
1789904335087,375,611960,1,6000,-4.020043,1,-0.75,Walking,True,0,0,0
1789904335087,375,611960,1,6000,-4.020043,1,-0.75,Walking,True,0,0,0
1789904335087,375,611960,1,6000,-4.020043,1,-0.75,Walking,True,0,0,0
1789904335087,375,611960,1,6000,-4.020043,1,-0.75,Walking,True,0,0,0
1789904335087,375,611960,1,6000,-4.020043,1,-0.75,Walking,True,0,0,0
1789904335087,375,611960,1,6000,-4.020043,1,-0.75,Walking,True,0,0,0
1789904335102,376,613273,1,6016,-4.020043,1,-0.75,Walking,True,0,0,0
1789904335102,376,613273,1,6016,-4.020043,1,-0.75,Walking,True,0,0,0
1789904335102,376,613273,1,6016,-4.020043,1,-0.75,Walking,True,0,0,0
1789904335102,376,613273,1,6016,-4.020043,1,-0.75,Walking,True,0,0,0
1789904335102,376,613273,1,6016,-4.020043,1,-0.75,Walking,True,0,0,0
1789904335102,376,613273,1,6016,-4.020043,1,-0.75,Walking,True,0,0,0
1789904335102,376,613273,1,6016,-4.020043,1,-0.75,Walking,True,0,0,0
1789904335102,376,613273,1,6016,-4.020043,1,-0.75,Walking,True,0,0,0
1789904335117,377,614723,1,6032,-4.020043,1,-0.75,Walking,True,0,0,0
1789904335117,377,614723,1,6032,-4.020043,1,-0.75,Walking,True,0,0,0
1789904335117,377,614723,1,6032,-4.020043,1,-0.75,Walking,True,0,0,0
1789904335117,377,614723,1,6032,-4.020043,1,-0.75,Walking,True,0,0,0
1789904335117,377,614723,1,6032,-4.020043,1,-0.75,Walking,True,0,0,0
1789904335117,377,614723,1,6032,-4.020043,1,-0.75,Walking,True,0,0,0
1789904335117,377,614723,1,6032,-4.020043,1,-0.75,Walking,True,0,0,0
1789904335117,377,614723,1,6032,-4.020043,1,-0.75,Walking,True,0,0,0
1789904335133,378,616192,1,6048,-4.020043,1,-0.75,Walking,True,0,0,0
1789904335133,378,616192,1,6048,-4.020043,1,-0.75,Walking,True,0,0,0
1789904335133,378,616192,1,6048,-4.020043,1,-0.75,Walking,True,0,0,0
1789904335133,378,616192,1,6048,-4.020043,1,-0.75,Walking,True,0,0,0
1789904335133,378,616192,1,6048,-4.020043,1,-0.75,Walking,True,0,0,0
1789904335133,378,616192,1,6048,-4.020043,1,-0.75,Walking,True,0,0,0
1789904335133,378,616192,1,6048,-4.020043,1,-0.75,Walking,True,0,0,0
1789904335133,378,616192,1,6048,-4.020043,1,-0.75,Walking,True,0,0,0
1789904335150,379,617660,1,6064,-4.020043,1,-0.75,Walking,True,0,0,0
1789904335150,379,617660,1,6064,-4.020043,1,-0.75,Walking,True,0,0,0
1789904335150,379,617660,1,6064,-4.020043,1,-0.75,Walking,True,0,0,0
1789904335150,379,617660,1,6064,-4.020043,1,-0.75,Walking,True,0,0,0
1789904335150,379,617660,1,6064,-4.020043,1,-0.75,Walking,True,0,0,0
1789904335150,379,617660,1,6064,-4.020043,1,-0.75,Walking,True,0,0,0
1789904335150,379,617660,1,6064,-4.020043,1,-0.75,Walking,True,0,0,0
1789904335150,379,617660,1,6064,-4.020043,1,-0.75,Walking,True,0,0,0
1789904335166,380,619293,1,6080,-4.020043,1,-0.75,Walking,True,0,0,0
1789904335166,380,619293,1,6080,-4.020043,1,-0.75,Walking,True,0,0,0
1789904335166,380,619293,1,6080,-4.020043,1,-0.75,Walking,True,0,0,0
1789904335166,380,619293,1,6080,-4.020043,1,-0.75,Walking,True,0,0,0
1789904335166,380,619293,1,6080,-4.020043,1,-0.75,Walking,True,0,0,0
1789904335166,380,619293,1,6080,-4.020043,1,-0.75,Walking,True,0,0,0
1789904335166,380,619293,1,6080,-4.020043,1,-0.75,Walking,True,0,0,0
1789904335166,380,619293,1,6080,-4.020043,1,-0.75,Walking,True,0,0,0
1789904335182,381,620841,1,6096,-4.020043,1,-0.75,Walking,True,0,0,0
1789904335182,381,620841,1,6096,-4.020043,1,-0.75,Walking,True,0,0,0
1789904335182,381,620841,1,6096,-4.020043,1,-0.75,Walking,True,0,0,0
1789904335182,381,620841,1,6096,-4.020043,1,-0.75,Walking,True,0,0,0
1789904335182,381,620841,1,6096,-4.020043,1,-0.75,Walking,True,0,0,0
1789904335182,381,620841,1,6096,-4.020043,1,-0.75,Walking,True,0,0,0
1789904335182,381,620841,1,6096,-4.020043,1,-0.75,Walking,True,0,0,0
1789904335182,381,620841,1,6096,-4.020043,1,-0.75,Walking,True,0,0,0
1789904335198,382,622440,1,6112,-4.020043,1,-0.75,Walking,True,0,0,0
1789904335198,382,622440,1,6112,-4.020043,1,-0.75,Walking,True,0,0,0
1789904335198,382,622440,1,6112,-4.020043,1,-0.75,Walking,True,0,0,0
1789904335198,382,622440,1,6112,-4.020043,1,-0.75,Walking,True,0,0,0
1789904335198,382,622440,1,6112,-4.020043,1,-0.75,Walking,True,0,0,0
1789904335198,382,622440,1,6112,-4.020043,1,-0.75,Walking,True,0,0,0
1789904335198,382,622440,1,6112,-4.020043,1,-0.75,Walking,True,0,0,0
1789904335198,382,622440,1,6112,-4.020043,1,-0.75,Walking,True,0,0,0
1789904335213,383,624005,1,6128,-4.020043,1,-0.75,Walking,True,0,0,0
1789904335213,383,624005,1,6128,-4.020043,1,-0.75,Walking,True,0,0,0
1789904335213,383,624005,1,6128,-4.020043,1,-0.75,Walking,True,0,0,0
1789904335213,383,624005,1,6128,-4.020043,1,-0.75,Walking,True,0,0,0
1789904335213,383,624005,1,6128,-4.020043,1,-0.75,Walking,True,0,0,0
1789904335213,383,624005,1,6128,-4.020043,1,-0.75,Walking,True,0,0,0
1789904335213,383,624005,1,6128,-4.020043,1,-0.75,Walking,True,0,0,0
1789904335213,383,624005,1,6128,-4.020043,1,-0.75,Walking,True,0,0,0
1789904335228,384,625486,1,6144,-4.020043,1,-0.75,Walking,True,0,0,0
1789904335228,384,625486,1,6144,-4.020043,1,-0.75,Walking,True,0,0,0
1789904335228,384,625486,1,6144,-4.020043,1,-0.75,Walking,True,0,0,0
1789904335228,384,625486,1,6144,-4.020043,1,-0.75,Walking,True,0,0,0
1789904335228,384,625486,1,6144,-4.020043,1,-0.75,Walking,True,0,0,0
1789904335228,384,625486,1,6144,-4.020043,1,-0.75,Walking,True,0,0,0
1789904335228,384,625486,1,6144,-4.020043,1,-0.75,Walking,True,0,0,0
1789904335228,384,625486,1,6144,-4.020043,1,-0.75,Walking,True,0,0,0
1789904335244,385,626865,1,6160,-4.020043,1,-0.75,Walking,True,0,0,0
1789904335244,385,626865,1,6160,-4.020043,1,-0.75,Walking,True,0,0,0
1789904335244,385,626865,1,6160,-4.020043,1,-0.75,Walking,True,0,0,0
1789904335244,385,626865,1,6160,-4.020043,1,-0.75,Walking,True,0,0,0
1789904335244,385,626865,1,6160,-4.020043,1,-0.75,Walking,True,0,0,0
1789904335244,385,626865,1,6160,-4.020043,1,-0.75,Walking,True,0,0,0
1789904335244,385,626865,1,6160,-4.020043,1,-0.75,Walking,True,0,0,0
1789904335244,385,626865,1,6160,-4.020043,1,-0.75,Walking,True,0,0,0
1789904335259,386,628380,1,6176,-4.020043,1,-0.75,Walking,True,0,0,0
1789904335259,386,628380,1,6176,-4.020043,1,-0.75,Walking,True,0,0,0
1789904335259,386,628380,1,6176,-4.020043,1,-0.75,Walking,True,0,0,0
1789904335259,386,628380,1,6176,-4.020043,1,-0.75,Walking,True,0,0,0
1789904335259,386,628380,1,6176,-4.020043,1,-0.75,Walking,True,0,0,0
1789904335259,386,628380,1,6176,-4.020043,1,-0.75,Walking,True,0,0,0
1789904335259,386,628380,1,6176,-4.020043,1,-0.75,Walking,True,0,0,0
1789904335259,386,628380,1,6176,-4.020043,1,-0.75,Walking,True,0,0,0
1789904335274,387,629554,1,6192,-4.020043,1,-0.75,Walking,True,0,0,0
1789904335274,387,629554,1,6192,-4.020043,1,-0.75,Walking,True,0,0,0
1789904335274,387,629554,1,6192,-4.020043,1,-0.75,Walking,True,0,0,0
1789904335274,387,629554,1,6192,-4.020043,1,-0.75,Walking,True,0,0,0
1789904335274,387,629554,1,6192,-4.020043,1,-0.75,Walking,True,0,0,0
1789904335274,387,629554,1,6192,-4.020043,1,-0.75,Walking,True,0,0,0
1789904335274,387,629554,1,6192,-4.020043,1,-0.75,Walking,True,0,0,0
1789904335274,387,629554,1,6192,-4.020043,1,-0.75,Walking,True,0,0,0
1789904335290,388,630893,1,6208,-4.020043,1,-0.75,Walking,True,0,0,0
1789904335290,388,630893,1,6208,-4.020043,1,-0.75,Walking,True,0,0,0
1789904335291,388,630893,1,6208,-4.020043,1,-0.75,Walking,True,0,0,0
1789904335291,388,630893,1,6208,-4.020043,1,-0.75,Walking,True,0,0,0
1789904335291,388,630893,1,6208,-4.020043,1,-0.75,Walking,True,0,0,0
1789904335291,388,630893,1,6208,-4.020043,1,-0.75,Walking,True,0,0,0
1789904335291,388,630893,1,6208,-4.020043,1,-0.75,Walking,True,0,0,0
1789904335291,388,630893,1,6208,-4.020043,1,-0.75,Walking,True,0,0,0
1789904335306,389,632404,1,6224,-4.020043,1,-0.75,Walking,True,0,0,0
1789904335306,389,632404,1,6224,-4.020043,1,-0.75,Walking,True,0,0,0
1789904335306,389,632404,1,6224,-4.020043,1,-0.75,Walking,True,0,0,0
1789904335306,389,632404,1,6224,-4.020043,1,-0.75,Walking,True,0,0,0
1789904335306,389,632404,1,6224,-4.020043,1,-0.75,Walking,True,0,0,0
1789904335306,389,632404,1,6224,-4.020043,1,-0.75,Walking,True,0,0,0
1789904335306,389,632404,1,6224,-4.020043,1,-0.75,Walking,True,0,0,0
1789904335306,389,632404,1,6224,-4.020043,1,-0.75,Walking,True,0,0,0
1789904335321,390,633751,1,6240,-4.020043,1,-0.75,Walking,True,0,0,0
1789904335321,390,633751,1,6240,-4.020043,1,-0.75,Walking,True,0,0,0
1789904335321,390,633751,1,6240,-4.020043,1,-0.75,Walking,True,0,0,0
1789904335321,390,633751,1,6240,-4.020043,1,-0.75,Walking,True,0,0,0
1789904335321,390,633751,1,6240,-4.020043,1,-0.75,Walking,True,0,0,0
1789904335321,390,633751,1,6240,-4.020043,1,-0.75,Walking,True,0,0,0
1789904335321,390,633751,1,6240,-4.020043,1,-0.75,Walking,True,0,0,0
1789904335321,390,633751,1,6240,-4.020043,1,-0.75,Walking,True,0,0,0
1789904335352,391,635160,1,6256,-4.020043,1,-0.75,Walking,True,0,0,0
1789904335352,391,635160,1,6256,-4.020043,1,-0.75,Walking,True,0,0,0
1789904335352,391,635160,1,6256,-4.020043,1,-0.75,Walking,True,0,0,0
1789904335352,391,635160,1,6256,-4.020043,1,-0.75,Walking,True,0,0,0
1789904335352,391,635160,1,6256,-4.020043,1,-0.75,Walking,True,0,0,0
1789904335352,391,635160,1,6256,-4.020043,1,-0.75,Walking,True,0,0,0
1789904335352,391,635160,1,6256,-4.020043,1,-0.75,Walking,True,0,0,0
1789904335352,391,635160,1,6256,-4.020043,1,-0.75,Walking,True,0,0,0
1789904335368,392,637643,1,6272,-4.020043,1,-0.75,Walking,True,0,0,0
1789904335368,392,637643,1,6272,-4.020043,1,-0.75,Walking,True,0,0,0
1789904335368,392,637643,1,6272,-4.020043,1,-0.75,Walking,True,0,0,0
1789904335368,392,637643,1,6272,-4.020043,1,-0.75,Walking,True,0,0,0
1789904335368,392,637643,1,6272,-4.020043,1,-0.75,Walking,True,0,0,0
1789904335368,392,637643,1,6272,-4.020043,1,-0.75,Walking,True,0,0,0
1789904335368,392,637643,1,6272,-4.020043,1,-0.75,Walking,True,0,0,0
1789904335368,392,637643,1,6272,-4.020043,1,-0.75,Walking,True,0,0,0
1789904335382,393,638931,1,6288,-4.020043,1,-0.75,Walking,True,0,0,0
1789904335382,393,638931,1,6288,-4.020043,1,-0.75,Walking,True,0,0,0
1789904335382,393,638931,1,6288,-4.020043,1,-0.75,Walking,True,0,0,0
1789904335382,393,638931,1,6288,-4.020043,1,-0.75,Walking,True,0,0,0
1789904335382,393,638931,1,6288,-4.020043,1,-0.75,Walking,True,0,0,0
1789904335382,393,638931,1,6288,-4.020043,1,-0.75,Walking,True,0,0,0
1789904335382,393,638931,1,6288,-4.020043,1,-0.75,Walking,True,0,0,0
1789904335382,393,638931,1,6288,-4.020043,1,-0.75,Walking,True,0,0,0
1789904335694,393,678559,2,6288,-4.020043,1,-0.75,Walking,True,0,0,0
1789904335694,393,678559,2,6288,-4.020043,1,-0.75,Walking,True,0,0,0
1789904335694,393,678559,2,6288,-4.020043,1,-0.75,Walking,True,0,0,0
1789904335694,393,678559,2,6288,-4.020043,1,-0.75,Walking,True,0,0,0
1789904335694,393,678559,2,6288,-4.020043,1,-0.75,Walking,True,0,0,0
1789904335694,393,678559,2,6288,-4.020043,1,-0.75,Walking,True,0,0,0
1789904335694,393,678559,2,6288,-4.020043,1,-0.75,Walking,True,0,0,0
1789904335694,393,678559,2,6288,-4.020043,1,-0.75,Walking,True,0,0,0
1789904336527,394,784102,2,6304,-4.025163,1,-0.75,Walking,True,-0.32,0,0
1789904336527,394,784102,2,6304,-4.025163,1,-0.75,Walking,True,-0.32,0,0
1789904336527,394,784102,2,6304,-4.025163,1,-0.75,Walking,True,-0.32,0,0
1789904336527,394,784102,2,6304,-4.025163,1,-0.75,Walking,True,-0.32,0,0
1789904336527,394,784102,2,6304,-4.025163,1,-0.75,Walking,True,-0.32,0,0
1789904336527,394,784102,2,6304,-4.025163,1,-0.75,Walking,True,-0.32,0,0
1789904336527,394,784102,2,6304,-4.025163,1,-0.75,Walking,True,-0.32,0,0
1789904336527,394,784102,2,6304,-4.025163,1,-0.75,Walking,True,-0.32,0,0
1789904336543,395,787580,2,6320,-4.035403,1,-0.75,Walking,True,-0.64,0,0
1789904336543,395,787580,2,6320,-4.035403,1,-0.75,Walking,True,-0.64,0,0
1789904336543,395,787580,2,6320,-4.035403,1,-0.75,Walking,True,-0.64,0,0
1789904336543,395,787580,2,6320,-4.035403,1,-0.75,Walking,True,-0.64,0,0
1789904336543,395,787580,2,6320,-4.035403,1,-0.75,Walking,True,-0.64,0,0
1789904336543,395,787580,2,6320,-4.035403,1,-0.75,Walking,True,-0.64,0,0
1789904336543,395,787580,2,6320,-4.035403,1,-0.75,Walking,True,-0.64,0,0
1789904336543,395,787580,2,6320,-4.035403,1,-0.75,Walking,True,-0.64,0,0
1789904336559,396,789497,2,6336,-4.050763,1,-0.75,Walking,True,-0.96,0,0
1789904336559,396,789497,2,6336,-4.050763,1,-0.75,Walking,True,-0.96,0,0
1789904336559,396,789497,2,6336,-4.050763,1,-0.75,Walking,True,-0.96,0,0
1789904336559,396,789497,2,6336,-4.050763,1,-0.75,Walking,True,-0.96,0,0
1789904336559,396,789497,2,6336,-4.050763,1,-0.75,Walking,True,-0.96,0,0
1789904336559,396,789497,2,6336,-4.050763,1,-0.75,Walking,True,-0.96,0,0
1789904336559,396,789497,2,6336,-4.050763,1,-0.75,Walking,True,-0.96,0,0
1789904336559,396,789497,2,6336,-4.050763,1,-0.75,Walking,True,-0.96,0,0
1789904336574,397,791287,2,6352,-4.071243,1,-0.75,Walking,True,-1.28,0,0
1789904336574,397,791287,2,6352,-4.071243,1,-0.75,Walking,True,-1.28,0,0
1789904336574,397,791287,2,6352,-4.071243,1,-0.75,Walking,True,-1.28,0,0
1789904336574,397,791287,2,6352,-4.071243,1,-0.75,Walking,True,-1.28,0,0
1789904336574,397,791287,2,6352,-4.071243,1,-0.75,Walking,True,-1.28,0,0
1789904336574,397,791287,2,6352,-4.071243,1,-0.75,Walking,True,-1.28,0,0
1789904336574,397,791287,2,6352,-4.071243,1,-0.75,Walking,True,-1.28,0,0
1789904336574,397,791287,2,6352,-4.071243,1,-0.75,Walking,True,-1.28,0,0
1789904336590,398,793059,2,6368,-4.096843,1,-0.75,Walking,True,-1.6,0,0
1789904336590,398,793059,2,6368,-4.096843,1,-0.75,Walking,True,-1.6,0,0
1789904336590,398,793059,2,6368,-4.096843,1,-0.75,Walking,True,-1.6,0,0
1789904336590,398,793059,2,6368,-4.096843,1,-0.75,Walking,True,-1.6,0,0
1789904336590,398,793059,2,6368,-4.096843,1,-0.75,Walking,True,-1.6,0,0
1789904336590,398,793059,2,6368,-4.096843,1,-0.75,Walking,True,-1.6,0,0
1789904336590,398,793059,2,6368,-4.096843,1,-0.75,Walking,True,-1.6,0,0
1789904336590,398,793059,2,6368,-4.096843,1,-0.75,Walking,True,-1.6,0,0
1789904336606,399,794880,2,6384,-4.127563,1,-0.75,Walking,True,-1.92,0,0
1789904336606,399,794880,2,6384,-4.127563,1,-0.75,Walking,True,-1.92,0,0
1789904336606,399,794880,2,6384,-4.127563,1,-0.75,Walking,True,-1.92,0,0
1789904336606,399,794880,2,6384,-4.127563,1,-0.75,Walking,True,-1.92,0,0
1789904336606,399,794880,2,6384,-4.127563,1,-0.75,Walking,True,-1.92,0,0
1789904336606,399,794880,2,6384,-4.127563,1,-0.75,Walking,True,-1.92,0,0
1789904336607,399,794880,2,6384,-4.127563,1,-0.75,Walking,True,-1.92,0,0
1789904336607,399,794880,2,6384,-4.127563,1,-0.75,Walking,True,-1.92,0,0
1789904336622,400,796663,2,6400,-4.163403,1,-0.75,Walking,True,-2.24,0,0
1789904336622,400,796663,2,6400,-4.163403,1,-0.75,Walking,True,-2.24,0,0
1789904336622,400,796663,2,6400,-4.163403,1,-0.75,Walking,True,-2.24,0,0
1789904336622,400,796663,2,6400,-4.163403,1,-0.75,Walking,True,-2.24,0,0
1789904336622,400,796663,2,6400,-4.163403,1,-0.75,Walking,True,-2.24,0,0
1789904336622,400,796663,2,6400,-4.163403,1,-0.75,Walking,True,-2.24,0,0
1789904336622,400,796663,2,6400,-4.163403,1,-0.75,Walking,True,-2.24,0,0
1789904336622,400,796663,2,6400,-4.163403,1,-0.75,Walking,True,-2.24,0,0
1789904336638,401,798213,2,6416,-4.204363,1,-0.75,Walking,True,-2.56,0,0
1789904336638,401,798213,2,6416,-4.204363,1,-0.75,Walking,True,-2.56,0,0
1789904336638,401,798213,2,6416,-4.204363,1,-0.75,Walking,True,-2.56,0,0
1789904336638,401,798213,2,6416,-4.204363,1,-0.75,Walking,True,-2.56,0,0
1789904336638,401,798213,2,6416,-4.204363,1,-0.75,Walking,True,-2.56,0,0
1789904336638,401,798213,2,6416,-4.204363,1,-0.75,Walking,True,-2.56,0,0
1789904336638,401,798213,2,6416,-4.204363,1,-0.75,Walking,True,-2.56,0,0
1789904336638,401,798213,2,6416,-4.204363,1,-0.75,Walking,True,-2.56,0,0
1789904336654,402,800095,2,6432,-4.250443,1,-0.75,Walking,True,-2.88,0,0
1789904336654,402,800095,2,6432,-4.250443,1,-0.75,Walking,True,-2.88,0,0
1789904336654,402,800095,2,6432,-4.250443,1,-0.75,Walking,True,-2.88,0,0
1789904336654,402,800095,2,6432,-4.250443,1,-0.75,Walking,True,-2.88,0,0
1789904336654,402,800095,2,6432,-4.250443,1,-0.75,Walking,True,-2.88,0,0
1789904336654,402,800095,2,6432,-4.250443,1,-0.75,Walking,True,-2.88,0,0
1789904336654,402,800095,2,6432,-4.250443,1,-0.75,Walking,True,-2.88,0,0
1789904336654,402,800095,2,6432,-4.250443,1,-0.75,Walking,True,-2.88,0,0
1789904336670,403,801945,2,6448,-4.301643,1,-0.75,Walking,True,-3.2,0,0
1789904336670,403,801945,2,6448,-4.301643,1,-0.75,Walking,True,-3.2,0,0
1789904336670,403,801945,2,6448,-4.301643,1,-0.75,Walking,True,-3.2,0,0
1789904336671,403,801945,2,6448,-4.301643,1,-0.75,Walking,True,-3.2,0,0
1789904336671,403,801945,2,6448,-4.301643,1,-0.75,Walking,True,-3.2,0,0
1789904336671,403,801945,2,6448,-4.301643,1,-0.75,Walking,True,-3.2,0,0
1789904336671,403,801945,2,6448,-4.301643,1,-0.75,Walking,True,-3.2,0,0
1789904336671,403,801945,2,6448,-4.301643,1,-0.75,Walking,True,-3.2,0,0
1789904336686,404,803824,2,6464,-4.357963,1,-0.75,Walking,True,-3.52,0,0
1789904336686,404,803824,2,6464,-4.357963,1,-0.75,Walking,True,-3.52,0,0
1789904336686,404,803824,2,6464,-4.357963,1,-0.75,Walking,True,-3.52,0,0
1789904336686,404,803824,2,6464,-4.357963,1,-0.75,Walking,True,-3.52,0,0
1789904336686,404,803824,2,6464,-4.357963,1,-0.75,Walking,True,-3.52,0,0
1789904336686,404,803824,2,6464,-4.357963,1,-0.75,Walking,True,-3.52,0,0
1789904336686,404,803824,2,6464,-4.357963,1,-0.75,Walking,True,-3.52,0,0
1789904336686,404,803824,2,6464,-4.357963,1,-0.75,Walking,True,-3.52,0,0
1789904336702,405,805501,2,6480,-4.419403,1,-0.75,Walking,True,-3.84,0,0
1789904336702,405,805501,2,6480,-4.419403,1,-0.75,Walking,True,-3.84,0,0
1789904336702,405,805501,2,6480,-4.419403,1,-0.75,Walking,True,-3.84,0,0
1789904336702,405,805501,2,6480,-4.419403,1,-0.75,Walking,True,-3.84,0,0
1789904336702,405,805501,2,6480,-4.419403,1,-0.75,Walking,True,-3.84,0,0
1789904336702,405,805501,2,6480,-4.419403,1,-0.75,Walking,True,-3.84,0,0
1789904336702,405,805501,2,6480,-4.419403,1,-0.75,Walking,True,-3.84,0,0
1789904336702,405,805501,2,6480,-4.419403,1,-0.75,Walking,True,-3.84,0,0
1789904336718,406,807191,2,6496,-4.481803,1,-0.75,Walking,True,-3.9,0,0
1789904336718,406,807191,2,6496,-4.481803,1,-0.75,Walking,True,-3.9,0,0
1789904336718,406,807191,2,6496,-4.481803,1,-0.75,Walking,True,-3.9,0,0
1789904336718,406,807191,2,6496,-4.481803,1,-0.75,Walking,True,-3.9,0,0
1789904336718,406,807191,2,6496,-4.481803,1,-0.75,Walking,True,-3.9,0,0
1789904336718,406,807191,2,6496,-4.481803,1,-0.75,Walking,True,-3.9,0,0
1789904336718,406,807191,2,6496,-4.481803,1,-0.75,Walking,True,-3.9,0,0
1789904336718,406,807191,2,6496,-4.481803,1,-0.75,Walking,True,-3.9,0,0
1789904336734,407,808756,2,6512,-4.544203,1,-0.75,Walking,True,-3.9,0,0
1789904336734,407,808756,2,6512,-4.544203,1,-0.75,Walking,True,-3.9,0,0
1789904336734,407,808756,2,6512,-4.544203,1,-0.75,Walking,True,-3.9,0,0
1789904336734,407,808756,2,6512,-4.544203,1,-0.75,Walking,True,-3.9,0,0
1789904336734,407,808756,2,6512,-4.544203,1,-0.75,Walking,True,-3.9,0,0
1789904336734,407,808756,2,6512,-4.544203,1,-0.75,Walking,True,-3.9,0,0
1789904336734,407,808756,2,6512,-4.544203,1,-0.75,Walking,True,-3.9,0,0
1789904336734,407,808756,2,6512,-4.544203,1,-0.75,Walking,True,-3.9,0,0
1789904336750,408,810492,2,6528,-4.606603,1,-0.75,Walking,True,-3.9,0,0
1789904336750,408,810492,2,6528,-4.606603,1,-0.75,Walking,True,-3.9,0,0
1789904336750,408,810492,2,6528,-4.606603,1,-0.75,Walking,True,-3.9,0,0
1789904336750,408,810492,2,6528,-4.606603,1,-0.75,Walking,True,-3.9,0,0
1789904336750,408,810492,2,6528,-4.606603,1,-0.75,Walking,True,-3.9,0,0
1789904336750,408,810492,2,6528,-4.606603,1,-0.75,Walking,True,-3.9,0,0
1789904336750,408,810492,2,6528,-4.606603,1,-0.75,Walking,True,-3.9,0,0
1789904336750,408,810492,2,6528,-4.606603,1,-0.75,Walking,True,-3.9,0,0
1789904336766,409,812213,2,6544,-4.669003,1,-0.75,Walking,True,-3.9,0,0
1789904336766,409,812213,2,6544,-4.669003,1,-0.75,Walking,True,-3.9,0,0
1789904336766,409,812213,2,6544,-4.669003,1,-0.75,Walking,True,-3.9,0,0
1789904336766,409,812213,2,6544,-4.669003,1,-0.75,Walking,True,-3.9,0,0
1789904336766,409,812213,2,6544,-4.669003,1,-0.75,Walking,True,-3.9,0,0
1789904336766,409,812213,2,6544,-4.669003,1,-0.75,Walking,True,-3.9,0,0
1789904336766,409,812213,2,6544,-4.669003,1,-0.75,Walking,True,-3.9,0,0
1789904336766,409,812213,2,6544,-4.669003,1,-0.75,Walking,True,-3.9,0,0
1789904336781,410,813683,2,6560,-4.731402,1,-0.75,Walking,True,-3.9,0,0
1789904336781,410,813683,2,6560,-4.731402,1,-0.75,Walking,True,-3.9,0,0
1789904336781,410,813683,2,6560,-4.731402,1,-0.75,Walking,True,-3.9,0,0
1789904336781,410,813683,2,6560,-4.731402,1,-0.75,Walking,True,-3.9,0,0
1789904336781,410,813683,2,6560,-4.731402,1,-0.75,Walking,True,-3.9,0,0
1789904336781,410,813683,2,6560,-4.731402,1,-0.75,Walking,True,-3.9,0,0
1789904336781,410,813683,2,6560,-4.731402,1,-0.75,Walking,True,-3.9,0,0
1789904336781,410,813683,2,6560,-4.731402,1,-0.75,Walking,True,-3.9,0,0
1789904336795,411,814924,2,6576,-4.793802,1,-0.75,Walking,True,-3.9,0,0
1789904336795,411,814924,2,6576,-4.793802,1,-0.75,Walking,True,-3.9,0,0
1789904336795,411,814924,2,6576,-4.793802,1,-0.75,Walking,True,-3.9,0,0
1789904336795,411,814924,2,6576,-4.793802,1,-0.75,Walking,True,-3.9,0,0
1789904336795,411,814924,2,6576,-4.793802,1,-0.75,Walking,True,-3.9,0,0
1789904336795,411,814924,2,6576,-4.793802,1,-0.75,Walking,True,-3.9,0,0
1789904336795,411,814924,2,6576,-4.793802,1,-0.75,Walking,True,-3.9,0,0
1789904336795,411,814924,2,6576,-4.793802,1,-0.75,Walking,True,-3.9,0,0
1789904336811,412,816287,2,6592,-4.856202,1,-0.75,Walking,True,-3.9,0,0
1789904336811,412,816287,2,6592,-4.856202,1,-0.75,Walking,True,-3.9,0,0
1789904336811,412,816287,2,6592,-4.856202,1,-0.75,Walking,True,-3.9,0,0
1789904336811,412,816287,2,6592,-4.856202,1,-0.75,Walking,True,-3.9,0,0
1789904336811,412,816287,2,6592,-4.856202,1,-0.75,Walking,True,-3.9,0,0
1789904336811,412,816287,2,6592,-4.856202,1,-0.75,Walking,True,-3.9,0,0
1789904336811,412,816287,2,6592,-4.856202,1,-0.75,Walking,True,-3.9,0,0
1789904336811,412,816287,2,6592,-4.856202,1,-0.75,Walking,True,-3.9,0,0
1789904336826,413,817836,2,6608,-4.918602,1,-0.75,Walking,True,-3.9,0,0
1789904336826,413,817836,2,6608,-4.918602,1,-0.75,Walking,True,-3.9,0,0
1789904336826,413,817836,2,6608,-4.918602,1,-0.75,Walking,True,-3.9,0,0
1789904336826,413,817836,2,6608,-4.918602,1,-0.75,Walking,True,-3.9,0,0
1789904336826,413,817836,2,6608,-4.918602,1,-0.75,Walking,True,-3.9,0,0
1789904336826,413,817836,2,6608,-4.918602,1,-0.75,Walking,True,-3.9,0,0
1789904336826,413,817836,2,6608,-4.918602,1,-0.75,Walking,True,-3.9,0,0
1789904336826,413,817836,2,6608,-4.918602,1,-0.75,Walking,True,-3.9,0,0
1789904336843,414,819330,2,6624,-4.981002,1,-0.75,Walking,True,-3.9,0,0
1789904336843,414,819330,2,6624,-4.981002,1,-0.75,Walking,True,-3.9,0,0
1789904336843,414,819330,2,6624,-4.981002,1,-0.75,Walking,True,-3.9,0,0
1789904336843,414,819330,2,6624,-4.981002,1,-0.75,Walking,True,-3.9,0,0
1789904336843,414,819330,2,6624,-4.981002,1,-0.75,Walking,True,-3.9,0,0
1789904336843,414,819330,2,6624,-4.981002,1,-0.75,Walking,True,-3.9,0,0
1789904336843,414,819330,2,6624,-4.981002,1,-0.75,Walking,True,-3.9,0,0
1789904336843,414,819330,2,6624,-4.981002,1,-0.75,Walking,True,-3.9,0,0
1789904336858,415,820933,2,6640,-5.043402,1,-0.75,Walking,True,-3.9,0,0
1789904336858,415,820933,2,6640,-5.043402,1,-0.75,Walking,True,-3.9,0,0
1789904336858,415,820933,2,6640,-5.043402,1,-0.75,Walking,True,-3.9,0,0
1789904336858,415,820933,2,6640,-5.043402,1,-0.75,Walking,True,-3.9,0,0
1789904336858,415,820933,2,6640,-5.043402,1,-0.75,Walking,True,-3.9,0,0
1789904336858,415,820933,2,6640,-5.043402,1,-0.75,Walking,True,-3.9,0,0
1789904336858,415,820933,2,6640,-5.043402,1,-0.75,Walking,True,-3.9,0,0
1789904336858,415,820933,2,6640,-5.043402,1,-0.75,Walking,True,-3.9,0,0
1789904336874,416,822347,2,6656,-5.105802,1,-0.75,Walking,True,-3.9,0,0
1789904336874,416,822347,2,6656,-5.105802,1,-0.75,Walking,True,-3.9,0,0
1789904336874,416,822347,2,6656,-5.105802,1,-0.75,Walking,True,-3.9,0,0
1789904336874,416,822347,2,6656,-5.105802,1,-0.75,Walking,True,-3.9,0,0
1789904336874,416,822347,2,6656,-5.105802,1,-0.75,Walking,True,-3.9,0,0
1789904336874,416,822347,2,6656,-5.105802,1,-0.75,Walking,True,-3.9,0,0
1789904336874,416,822347,2,6656,-5.105802,1,-0.75,Walking,True,-3.9,0,0
1789904336874,416,822347,2,6656,-5.105802,1,-0.75,Walking,True,-3.9,0,0
1789904336890,417,823961,2,6672,-5.168201,1,-0.75,Walking,True,-3.9,0,0
1789904336890,417,823961,2,6672,-5.168201,1,-0.75,Walking,True,-3.9,0,0
1789904336890,417,823961,2,6672,-5.168201,1,-0.75,Walking,True,-3.9,0,0
1789904336890,417,823961,2,6672,-5.168201,1,-0.75,Walking,True,-3.9,0,0
1789904336890,417,823961,2,6672,-5.168201,1,-0.75,Walking,True,-3.9,0,0
1789904336890,417,823961,2,6672,-5.168201,1,-0.75,Walking,True,-3.9,0,0
1789904336890,417,823961,2,6672,-5.168201,1,-0.75,Walking,True,-3.9,0,0
1789904336890,417,823961,2,6672,-5.168201,1,-0.75,Walking,True,-3.9,0,0
1789904336905,418,825549,2,6688,-5.230601,1,-0.75,Walking,True,-3.9,0,0
1789904336905,418,825549,2,6688,-5.230601,1,-0.75,Walking,True,-3.9,0,0
1789904336905,418,825549,2,6688,-5.230601,1,-0.75,Walking,True,-3.9,0,0
1789904336905,418,825549,2,6688,-5.230601,1,-0.75,Walking,True,-3.9,0,0
1789904336905,418,825549,2,6688,-5.230601,1,-0.75,Walking,True,-3.9,0,0
1789904336905,418,825549,2,6688,-5.230601,1,-0.75,Walking,True,-3.9,0,0
1789904336905,418,825549,2,6688,-5.230601,1,-0.75,Walking,True,-3.9,0,0
1789904336905,418,825549,2,6688,-5.230601,1,-0.75,Walking,True,-3.9,0,0
1789904336920,419,826845,2,6704,-5.293001,1,-0.75,Walking,True,-3.9,0,0
1789904336920,419,826845,2,6704,-5.293001,1,-0.75,Walking,True,-3.9,0,0
1789904336920,419,826845,2,6704,-5.293001,1,-0.75,Walking,True,-3.9,0,0
1789904336920,419,826845,2,6704,-5.293001,1,-0.75,Walking,True,-3.9,0,0
1789904336920,419,826845,2,6704,-5.293001,1,-0.75,Walking,True,-3.9,0,0
1789904336920,419,826845,2,6704,-5.293001,1,-0.75,Walking,True,-3.9,0,0
1789904336920,419,826845,2,6704,-5.293001,1,-0.75,Walking,True,-3.9,0,0
1789904336920,419,826845,2,6704,-5.293001,1,-0.75,Walking,True,-3.9,0,0
1789904336937,420,828339,2,6720,-5.355401,1,-0.75,Walking,True,-3.9,0,0
1789904336937,420,828339,2,6720,-5.355401,1,-0.75,Walking,True,-3.9,0,0
1789904336937,420,828339,2,6720,-5.355401,1,-0.75,Walking,True,-3.9,0,0
1789904336937,420,828339,2,6720,-5.355401,1,-0.75,Walking,True,-3.9,0,0
1789904336937,420,828339,2,6720,-5.355401,1,-0.75,Walking,True,-3.9,0,0
1789904336937,420,828339,2,6720,-5.355401,1,-0.75,Walking,True,-3.9,0,0
1789904336937,420,828339,2,6720,-5.355401,1,-0.75,Walking,True,-3.9,0,0
1789904336937,420,828339,2,6720,-5.355401,1,-0.75,Walking,True,-3.9,0,0
1789904336952,421,829935,2,6736,-5.417801,1,-0.75,Walking,True,-3.9,0,0
1789904336952,421,829935,2,6736,-5.417801,1,-0.75,Walking,True,-3.9,0,0
1789904336952,421,829935,2,6736,-5.417801,1,-0.75,Walking,True,-3.9,0,0
1789904336952,421,829935,2,6736,-5.417801,1,-0.75,Walking,True,-3.9,0,0
1789904336952,421,829935,2,6736,-5.417801,1,-0.75,Walking,True,-3.9,0,0
1789904336952,421,829935,2,6736,-5.417801,1,-0.75,Walking,True,-3.9,0,0
1789904336952,421,829935,2,6736,-5.417801,1,-0.75,Walking,True,-3.9,0,0
1789904336952,421,829935,2,6736,-5.417801,1,-0.75,Walking,True,-3.9,0,0
1789904336967,422,831440,2,6752,-5.480201,1,-0.75,Walking,True,-3.9,0,0
1789904336967,422,831440,2,6752,-5.480201,1,-0.75,Walking,True,-3.9,0,0
1789904336967,422,831440,2,6752,-5.480201,1,-0.75,Walking,True,-3.9,0,0
1789904336967,422,831440,2,6752,-5.480201,1,-0.75,Walking,True,-3.9,0,0
1789904336967,422,831440,2,6752,-5.480201,1,-0.75,Walking,True,-3.9,0,0
1789904336967,422,831440,2,6752,-5.480201,1,-0.75,Walking,True,-3.9,0,0
1789904336967,422,831440,2,6752,-5.480201,1,-0.75,Walking,True,-3.9,0,0
1789904336967,422,831440,2,6752,-5.480201,1,-0.75,Walking,True,-3.9,0,0
1789904336983,423,832827,2,6768,-5.542601,1,-0.75,Walking,True,-3.9,0,0
1789904336983,423,832827,2,6768,-5.542601,1,-0.75,Walking,True,-3.9,0,0
1789904336983,423,832827,2,6768,-5.542601,1,-0.75,Walking,True,-3.9,0,0
1789904336983,423,832827,2,6768,-5.542601,1,-0.75,Walking,True,-3.9,0,0
1789904336983,423,832827,2,6768,-5.542601,1,-0.75,Walking,True,-3.9,0,0
1789904336983,423,832827,2,6768,-5.542601,1,-0.75,Walking,True,-3.9,0,0
1789904336983,423,832827,2,6768,-5.542601,1,-0.75,Walking,True,-3.9,0,0
1789904336983,423,832827,2,6768,-5.542601,1,-0.75,Walking,True,-3.9,0,0
1789904336998,424,834228,2,6784,-5.605,1,-0.75,Walking,True,-3.9,0,0
1789904336998,424,834228,2,6784,-5.605,1,-0.75,Walking,True,-3.9,0,0
1789904336998,424,834228,2,6784,-5.605,1,-0.75,Walking,True,-3.9,0,0
1789904336998,424,834228,2,6784,-5.605,1,-0.75,Walking,True,-3.9,0,0
1789904336998,424,834228,2,6784,-5.605,1,-0.75,Walking,True,-3.9,0,0
1789904336998,424,834228,2,6784,-5.605,1,-0.75,Walking,True,-3.9,0,0
1789904336998,424,834228,2,6784,-5.605,1,-0.75,Walking,True,-3.9,0,0
1789904336998,424,834228,2,6784,-5.605,1,-0.75,Walking,True,-3.9,0,0
1789904337013,425,835621,2,6800,-5.6674,1,-0.75,Walking,True,-3.9,0,0
1789904337013,425,835621,2,6800,-5.6674,1,-0.75,Walking,True,-3.9,0,0
1789904337013,425,835621,2,6800,-5.6674,1,-0.75,Walking,True,-3.9,0,0
1789904337013,425,835621,2,6800,-5.6674,1,-0.75,Walking,True,-3.9,0,0
1789904337013,425,835621,2,6800,-5.6674,1,-0.75,Walking,True,-3.9,0,0
1789904337013,425,835621,2,6800,-5.6674,1,-0.75,Walking,True,-3.9,0,0
1789904337013,425,835621,2,6800,-5.6674,1,-0.75,Walking,True,-3.9,0,0
1789904337013,425,835621,2,6800,-5.6674,1,-0.75,Walking,True,-3.9,0,0
1789904337029,426,837061,2,6816,-5.7298,1,-0.75,Walking,True,-3.9,0,0
1789904337029,426,837061,2,6816,-5.7298,1,-0.75,Walking,True,-3.9,0,0
1789904337029,426,837061,2,6816,-5.7298,1,-0.75,Walking,True,-3.9,0,0
1789904337029,426,837061,2,6816,-5.7298,1,-0.75,Walking,True,-3.9,0,0
1789904337029,426,837061,2,6816,-5.7298,1,-0.75,Walking,True,-3.9,0,0
1789904337029,426,837061,2,6816,-5.7298,1,-0.75,Walking,True,-3.9,0,0
1789904337029,426,837061,2,6816,-5.7298,1,-0.75,Walking,True,-3.9,0,0
1789904337029,426,837061,2,6816,-5.7298,1,-0.75,Walking,True,-3.9,0,0
1789904337045,427,838453,2,6832,-5.7922,1,-0.75,Walking,True,-3.9,0,0
1789904337045,427,838453,2,6832,-5.7922,1,-0.75,Walking,True,-3.9,0,0
1789904337045,427,838453,2,6832,-5.7922,1,-0.75,Walking,True,-3.9,0,0
1789904337045,427,838453,2,6832,-5.7922,1,-0.75,Walking,True,-3.9,0,0
1789904337045,427,838453,2,6832,-5.7922,1,-0.75,Walking,True,-3.9,0,0
1789904337045,427,838453,2,6832,-5.7922,1,-0.75,Walking,True,-3.9,0,0
1789904337045,427,838453,2,6832,-5.7922,1,-0.75,Walking,True,-3.9,0,0
1789904337045,427,838453,2,6832,-5.7922,1,-0.75,Walking,True,-3.9,0,0
1789904337061,428,840007,2,6848,-5.8546,1,-0.75,Walking,True,-3.9,0,0
1789904337061,428,840007,2,6848,-5.8546,1,-0.75,Walking,True,-3.9,0,0
1789904337061,428,840007,2,6848,-5.8546,1,-0.75,Walking,True,-3.9,0,0
1789904337061,428,840007,2,6848,-5.8546,1,-0.75,Walking,True,-3.9,0,0
1789904337061,428,840007,2,6848,-5.8546,1,-0.75,Walking,True,-3.9,0,0
1789904337061,428,840007,2,6848,-5.8546,1,-0.75,Walking,True,-3.9,0,0
1789904337061,428,840007,2,6848,-5.8546,1,-0.75,Walking,True,-3.9,0,0
1789904337061,428,840007,2,6848,-5.8546,1,-0.75,Walking,True,-3.9,0,0
1789904337077,429,841504,2,6864,-5.917,1,-0.75,Walking,True,-3.9,0,0
1789904337077,429,841504,2,6864,-5.917,1,-0.75,Walking,True,-3.9,0,0
1789904337077,429,841504,2,6864,-5.917,1,-0.75,Walking,True,-3.9,0,0
1789904337077,429,841504,2,6864,-5.917,1,-0.75,Walking,True,-3.9,0,0
1789904337077,429,841504,2,6864,-5.917,1,-0.75,Walking,True,-3.9,0,0
1789904337077,429,841504,2,6864,-5.917,1,-0.75,Walking,True,-3.9,0,0
1789904337077,429,841504,2,6864,-5.917,1,-0.75,Walking,True,-3.9,0,0
1789904337077,429,841504,2,6864,-5.917,1,-0.75,Walking,True,-3.9,0,0
1789904337092,430,843142,2,6880,-5.9794,1,-0.75,Walking,True,-3.9,0,0
1789904337092,430,843142,2,6880,-5.9794,1,-0.75,Walking,True,-3.9,0,0
1789904337092,430,843142,2,6880,-5.9794,1,-0.75,Walking,True,-3.9,0,0
1789904337092,430,843142,2,6880,-5.9794,1,-0.75,Walking,True,-3.9,0,0
1789904337092,430,843142,2,6880,-5.9794,1,-0.75,Walking,True,-3.9,0,0
1789904337092,430,843142,2,6880,-5.9794,1,-0.75,Walking,True,-3.9,0,0
1789904337092,430,843142,2,6880,-5.9794,1,-0.75,Walking,True,-3.9,0,0
1789904337092,430,843142,2,6880,-5.9794,1,-0.75,Walking,True,-3.9,0,0
1789904337107,431,844594,2,6896,-6.0418,1,-0.75,Walking,True,-3.9,0,0
1789904337107,431,844594,2,6896,-6.0418,1,-0.75,Walking,True,-3.9,0,0
1789904337107,431,844594,2,6896,-6.0418,1,-0.75,Walking,True,-3.9,0,0
1789904337107,431,844594,2,6896,-6.0418,1,-0.75,Walking,True,-3.9,0,0
1789904337107,431,844594,2,6896,-6.0418,1,-0.75,Walking,True,-3.9,0,0
1789904337107,431,844594,2,6896,-6.0418,1,-0.75,Walking,True,-3.9,0,0
1789904337107,431,844594,2,6896,-6.0418,1,-0.75,Walking,True,-3.9,0,0
1789904337107,431,844594,2,6896,-6.0418,1,-0.75,Walking,True,-3.9,0,0
1789904337123,432,846181,2,6912,-6.104199,1,-0.75,Walking,True,-3.9,0,0
1789904337123,432,846181,2,6912,-6.104199,1,-0.75,Walking,True,-3.9,0,0
1789904337123,432,846181,2,6912,-6.104199,1,-0.75,Walking,True,-3.9,0,0
1789904337123,432,846181,2,6912,-6.104199,1,-0.75,Walking,True,-3.9,0,0
1789904337123,432,846181,2,6912,-6.104199,1,-0.75,Walking,True,-3.9,0,0
1789904337123,432,846181,2,6912,-6.104199,1,-0.75,Walking,True,-3.9,0,0
1789904337123,432,846181,2,6912,-6.104199,1,-0.75,Walking,True,-3.9,0,0
1789904337123,432,846181,2,6912,-6.104199,1,-0.75,Walking,True,-3.9,0,0
1789904337138,433,847749,2,6928,-6.166599,1,-0.75,Walking,True,-3.9,0,0
1789904337138,433,847749,2,6928,-6.166599,1,-0.75,Walking,True,-3.9,0,0
1789904337138,433,847749,2,6928,-6.166599,1,-0.75,Walking,True,-3.9,0,0
1789904337138,433,847749,2,6928,-6.166599,1,-0.75,Walking,True,-3.9,0,0
1789904337138,433,847749,2,6928,-6.166599,1,-0.75,Walking,True,-3.9,0,0
1789904337138,433,847749,2,6928,-6.166599,1,-0.75,Walking,True,-3.9,0,0
1789904337138,433,847749,2,6928,-6.166599,1,-0.75,Walking,True,-3.9,0,0
1789904337138,433,847749,2,6928,-6.166599,1,-0.75,Walking,True,-3.9,0,0
1789904337154,434,849206,2,6944,-6.228999,1,-0.75,Walking,True,-3.9,0,0
1789904337154,434,849206,2,6944,-6.228999,1,-0.75,Walking,True,-3.9,0,0
1789904337154,434,849206,2,6944,-6.228999,1,-0.75,Walking,True,-3.9,0,0
1789904337154,434,849206,2,6944,-6.228999,1,-0.75,Walking,True,-3.9,0,0
1789904337154,434,849206,2,6944,-6.228999,1,-0.75,Walking,True,-3.9,0,0
1789904337154,434,849206,2,6944,-6.228999,1,-0.75,Walking,True,-3.9,0,0
1789904337154,434,849206,2,6944,-6.228999,1,-0.75,Walking,True,-3.9,0,0
1789904337154,434,849206,2,6944,-6.228999,1,-0.75,Walking,True,-3.9,0,0
1789904337186,435,850728,2,6960,-6.291399,1,-0.75,Walking,True,-3.9,0,0
1789904337186,435,850728,2,6960,-6.291399,1,-0.75,Walking,True,-3.9,0,0
1789904337186,435,850728,2,6960,-6.291399,1,-0.75,Walking,True,-3.9,0,0
1789904337186,435,850728,2,6960,-6.291399,1,-0.75,Walking,True,-3.9,0,0
1789904337186,435,850728,2,6960,-6.291399,1,-0.75,Walking,True,-3.9,0,0
1789904337186,435,850728,2,6960,-6.291399,1,-0.75,Walking,True,-3.9,0,0
1789904337186,435,850728,2,6960,-6.291399,1,-0.75,Walking,True,-3.9,0,0
1789904337186,435,850728,2,6960,-6.291399,1,-0.75,Walking,True,-3.9,0,0
1789904337186,436,853872,2,6976,-6.353799,1,-0.75,Walking,True,-3.9,0,0
1789904337202,436,853872,2,6976,-6.353799,1,-0.75,Walking,True,-3.9,0,0
1789904337202,436,853872,2,6976,-6.353799,1,-0.75,Walking,True,-3.9,0,0
1789904337202,437,853876,2,6992,-6.416199,1,-0.75,Walking,True,-3.9,0,0
1789904337202,437,853876,2,6992,-6.416199,1,-0.75,Walking,True,-3.9,0,0
1789904337202,437,853876,2,6992,-6.416199,1,-0.75,Walking,True,-3.9,0,0
1789904337202,437,853876,2,6992,-6.416199,1,-0.75,Walking,True,-3.9,0,0
1789904337202,437,853876,2,6992,-6.416199,1,-0.75,Walking,True,-3.9,0,0
1789904337202,437,853876,2,6992,-6.416199,1,-0.75,Walking,True,-3.9,0,0
1789904337218,438,855407,2,7008,-6.478599,1,-0.75,Walking,True,-3.9,0,0
1789904337218,438,855407,2,7008,-6.478599,1,-0.75,Walking,True,-3.9,0,0
1789904337218,438,855407,2,7008,-6.478599,1,-0.75,Walking,True,-3.9,0,0
1789904337218,438,855407,2,7008,-6.478599,1,-0.75,Walking,True,-3.9,0,0
1789904337218,438,855407,2,7008,-6.478599,1,-0.75,Walking,True,-3.9,0,0
1789904337218,438,855407,2,7008,-6.478599,1,-0.75,Walking,True,-3.9,0,0
1789904337218,438,855407,2,7008,-6.478599,1,-0.75,Walking,True,-3.9,0,0
1789904337218,438,855407,2,7008,-6.478599,1,-0.75,Walking,True,-3.9,0,0
1789904337234,439,857111,2,7024,-6.540998,1,-0.75,Walking,True,-3.9,0,0
1789904337234,439,857111,2,7024,-6.540998,1,-0.75,Walking,True,-3.9,0,0
1789904337234,439,857111,2,7024,-6.540998,1,-0.75,Walking,True,-3.9,0,0
1789904337234,439,857111,2,7024,-6.540998,1,-0.75,Walking,True,-3.9,0,0
1789904337234,439,857111,2,7024,-6.540998,1,-0.75,Walking,True,-3.9,0,0
1789904337234,439,857111,2,7024,-6.540998,1,-0.75,Walking,True,-3.9,0,0
1789904337234,439,857111,2,7024,-6.540998,1,-0.75,Walking,True,-3.9,0,0
1789904337234,439,857111,2,7024,-6.540998,1,-0.75,Walking,True,-3.9,0,0
1789904337265,440,858648,2,7040,-6.603398,1,-0.75,Walking,True,-3.9,0,0
1789904337265,440,858648,2,7040,-6.603398,1,-0.75,Walking,True,-3.9,0,0
1789904337265,440,858648,2,7040,-6.603398,1,-0.75,Walking,True,-3.9,0,0
1789904337265,440,858648,2,7040,-6.603398,1,-0.75,Walking,True,-3.9,0,0
1789904337265,440,858648,2,7040,-6.603398,1,-0.75,Walking,True,-3.9,0,0
1789904337265,440,858648,2,7040,-6.603398,1,-0.75,Walking,True,-3.9,0,0
1789904337265,440,858648,2,7040,-6.603398,1,-0.75,Walking,True,-3.9,0,0
1789904337265,440,858648,2,7040,-6.603398,1,-0.75,Walking,True,-3.9,0,0
1789904337281,441,861857,2,7056,-6.665798,1,-0.75,Walking,True,-3.9,0,0
1789904337281,441,861857,2,7056,-6.665798,1,-0.75,Walking,True,-3.9,0,0
1789904337281,441,861857,2,7056,-6.665798,1,-0.75,Walking,True,-3.9,0,0
1789904337281,441,861857,2,7056,-6.665798,1,-0.75,Walking,True,-3.9,0,0
1789904337281,441,861857,2,7056,-6.665798,1,-0.75,Walking,True,-3.9,0,0
1789904337281,441,861857,2,7056,-6.665798,1,-0.75,Walking,True,-3.9,0,0
1789904337281,441,861857,2,7056,-6.665798,1,-0.75,Walking,True,-3.9,0,0
1789904337281,441,861857,2,7056,-6.665798,1,-0.75,Walking,True,-3.9,0,0
1789904337312,442,863293,2,7072,-6.728198,1,-0.75,Walking,True,-3.9,0,0
1789904337312,442,863293,2,7072,-6.728198,1,-0.75,Walking,True,-3.9,0,0
1789904337312,443,863295,2,7088,-6.790598,1,-0.75,Walking,True,-3.9,0,0
1789904337312,443,863295,2,7088,-6.790598,1,-0.75,Walking,True,-3.9,0,0
1789904337312,443,863295,2,7088,-6.790598,1,-0.75,Walking,True,-3.9,0,0
1789904337312,443,863295,2,7088,-6.790598,1,-0.75,Walking,True,-3.9,0,0
1789904337312,443,863295,2,7088,-6.790598,1,-0.75,Walking,True,-3.9,0,0
1789904337312,443,863295,2,7088,-6.790598,1,-0.75,Walking,True,-3.9,0,0
1789904337327,444,866529,2,7104,-6.852998,1,-0.75,Walking,True,-3.9,0,0
1789904337327,444,866529,2,7104,-6.852998,1,-0.75,Walking,True,-3.9,0,0
1789904337327,444,866529,2,7104,-6.852998,1,-0.75,Walking,True,-3.9,0,0
1789904337327,444,866529,2,7104,-6.852998,1,-0.75,Walking,True,-3.9,0,0
1789904337327,444,866529,2,7104,-6.852998,1,-0.75,Walking,True,-3.9,0,0
1789904337327,444,866529,2,7104,-6.852998,1,-0.75,Walking,True,-3.9,0,0
1789904337327,444,866529,2,7104,-6.852998,1,-0.75,Walking,True,-3.9,0,0
1789904337327,444,866529,2,7104,-6.852998,1,-0.75,Walking,True,-3.9,0,0
1789904337343,445,867990,2,7120,-6.915398,1,-0.75,Walking,True,-3.9,0,0
1789904337343,445,867990,2,7120,-6.915398,1,-0.75,Walking,True,-3.9,0,0
1789904337343,445,867990,2,7120,-6.915398,1,-0.75,Walking,True,-3.9,0,0
1789904337343,445,867990,2,7120,-6.915398,1,-0.75,Walking,True,-3.9,0,0
1789904337343,445,867990,2,7120,-6.915398,1,-0.75,Walking,True,-3.9,0,0
1789904337343,445,867990,2,7120,-6.915398,1,-0.75,Walking,True,-3.9,0,0
1789904337343,445,867990,2,7120,-6.915398,1,-0.75,Walking,True,-3.9,0,0
1789904337343,445,867990,2,7120,-6.915398,1,-0.75,Walking,True,-3.9,0,0
1789904337359,446,869655,2,7136,-6.977798,1,-0.75,Walking,True,-3.9,0,0
1789904337359,446,869655,2,7136,-6.977798,1,-0.75,Walking,True,-3.9,0,0
1789904337359,446,869655,2,7136,-6.977798,1,-0.75,Walking,True,-3.9,0,0
1789904337359,446,869655,2,7136,-6.977798,1,-0.75,Walking,True,-3.9,0,0
1789904337359,446,869655,2,7136,-6.977798,1,-0.75,Walking,True,-3.9,0,0
1789904337359,446,869655,2,7136,-6.977798,1,-0.75,Walking,True,-3.9,0,0
1789904337359,446,869655,2,7136,-6.977798,1,-0.75,Walking,True,-3.9,0,0
1789904337359,446,869655,2,7136,-6.977798,1,-0.75,Walking,True,-3.9,0,0
1789904337374,447,871272,2,7152,-7.040197,1,-0.75,Walking,True,-3.9,0,0
1789904337374,447,871272,2,7152,-7.040197,1,-0.75,Walking,True,-3.9,0,0
1789904337374,447,871272,2,7152,-7.040197,1,-0.75,Walking,True,-3.9,0,0
1789904337374,447,871272,2,7152,-7.040197,1,-0.75,Walking,True,-3.9,0,0
1789904337374,447,871272,2,7152,-7.040197,1,-0.75,Walking,True,-3.9,0,0
1789904337374,447,871272,2,7152,-7.040197,1,-0.75,Walking,True,-3.9,0,0
1789904337374,447,871272,2,7152,-7.040197,1,-0.75,Walking,True,-3.9,0,0
1789904337374,447,871272,2,7152,-7.040197,1,-0.75,Walking,True,-3.9,0,0
1789904337389,448,872698,2,7168,-7.102597,1,-0.75,Walking,True,-3.9,0,0
1789904337389,448,872698,2,7168,-7.102597,1,-0.75,Walking,True,-3.9,0,0
1789904337389,448,872698,2,7168,-7.102597,1,-0.75,Walking,True,-3.9,0,0
1789904337389,448,872698,2,7168,-7.102597,1,-0.75,Walking,True,-3.9,0,0
1789904337389,448,872698,2,7168,-7.102597,1,-0.75,Walking,True,-3.9,0,0
1789904337389,448,872698,2,7168,-7.102597,1,-0.75,Walking,True,-3.9,0,0
1789904337389,448,872698,2,7168,-7.102597,1,-0.75,Walking,True,-3.9,0,0
1789904337389,448,872698,2,7168,-7.102597,1,-0.75,Walking,True,-3.9,0,0
1789904337405,449,874332,2,7184,-7.164997,1,-0.75,Walking,True,-3.9,0,0
1789904337405,449,874332,2,7184,-7.164997,1,-0.75,Walking,True,-3.9,0,0
1789904337405,449,874332,2,7184,-7.164997,1,-0.75,Walking,True,-3.9,0,0
1789904337405,449,874332,2,7184,-7.164997,1,-0.75,Walking,True,-3.9,0,0
1789904337405,449,874332,2,7184,-7.164997,1,-0.75,Walking,True,-3.9,0,0
1789904337405,449,874332,2,7184,-7.164997,1,-0.75,Walking,True,-3.9,0,0
1789904337405,449,874332,2,7184,-7.164997,1,-0.75,Walking,True,-3.9,0,0
1789904337405,449,874332,2,7184,-7.164997,1,-0.75,Walking,True,-3.9,0,0
# 对手 SP 侧收到的真实 DS 权威快照轨迹
1789904328236,0,0,1,0,-3,1,0.75,Walking,True,0,0,0
1789904328265,1,7470,1,16,-2.99488,1,0.75,Walking,True,0.32,0,0
1789904328265,1,7470,1,16,-2.99488,1,0.75,Walking,True,0.32,0,0
1789904328266,1,7470,1,16,-2.99488,1,0.75,Walking,True,0.32,0,0
1789904328266,1,7470,1,16,-2.99488,1,0.75,Walking,True,0.32,0,0
1789904328266,1,7470,1,16,-2.99488,1,0.75,Walking,True,0.32,0,0
1789904328266,1,7470,1,16,-2.99488,1,0.75,Walking,True,0.32,0,0
1789904328266,1,7470,1,16,-2.99488,1,0.75,Walking,True,0.32,0,0
1789904328266,1,7470,1,16,-2.99488,1,0.75,Walking,True,0.32,0,0
1789904328283,2,8676,1,32,-2.98464,1,0.75,Walking,True,0.64,0,0
1789904328283,2,8676,1,32,-2.98464,1,0.75,Walking,True,0.64,0,0
1789904328283,2,8676,1,32,-2.98464,1,0.75,Walking,True,0.64,0,0
1789904328283,2,8676,1,32,-2.98464,1,0.75,Walking,True,0.64,0,0
1789904328283,2,8676,1,32,-2.98464,1,0.75,Walking,True,0.64,0,0
1789904328283,2,8676,1,32,-2.98464,1,0.75,Walking,True,0.64,0,0
1789904328283,2,8676,1,32,-2.98464,1,0.75,Walking,True,0.64,0,0
1789904328283,2,8676,1,32,-2.98464,1,0.75,Walking,True,0.64,0,0
1789904328297,3,10268,1,48,-2.96928,1,0.75,Walking,True,0.96,0,0
1789904328297,3,10268,1,48,-2.96928,1,0.75,Walking,True,0.96,0,0
1789904328297,3,10268,1,48,-2.96928,1,0.75,Walking,True,0.96,0,0
1789904328297,3,10268,1,48,-2.96928,1,0.75,Walking,True,0.96,0,0
1789904328297,3,10268,1,48,-2.96928,1,0.75,Walking,True,0.96,0,0
1789904328297,3,10268,1,48,-2.96928,1,0.75,Walking,True,0.96,0,0
1789904328297,3,10268,1,48,-2.96928,1,0.75,Walking,True,0.96,0,0
1789904328297,3,10268,1,48,-2.96928,1,0.75,Walking,True,0.96,0,0
1789904328312,4,11534,1,64,-2.9488,1,0.75,Walking,True,1.28,0,0
1789904328312,4,11534,1,64,-2.9488,1,0.75,Walking,True,1.28,0,0
1789904328312,4,11534,1,64,-2.9488,1,0.75,Walking,True,1.28,0,0
1789904328312,4,11534,1,64,-2.9488,1,0.75,Walking,True,1.28,0,0
1789904328312,4,11534,1,64,-2.9488,1,0.75,Walking,True,1.28,0,0
1789904328312,4,11534,1,64,-2.9488,1,0.75,Walking,True,1.28,0,0
1789904328312,4,11534,1,64,-2.9488,1,0.75,Walking,True,1.28,0,0
1789904328312,4,11534,1,64,-2.9488,1,0.75,Walking,True,1.28,0,0
1789904328327,5,13060,1,80,-2.9232,1,0.75,Walking,True,1.6,0,0
1789904328327,5,13060,1,80,-2.9232,1,0.75,Walking,True,1.6,0,0
1789904328328,5,13060,1,80,-2.9232,1,0.75,Walking,True,1.6,0,0
1789904328328,5,13060,1,80,-2.9232,1,0.75,Walking,True,1.6,0,0
1789904328328,5,13060,1,80,-2.9232,1,0.75,Walking,True,1.6,0,0
1789904328328,5,13060,1,80,-2.9232,1,0.75,Walking,True,1.6,0,0
1789904328328,5,13060,1,80,-2.9232,1,0.75,Walking,True,1.6,0,0
1789904328328,5,13060,1,80,-2.9232,1,0.75,Walking,True,1.6,0,0
1789904328343,6,14401,1,96,-2.89248,1,0.75,Walking,True,1.92,0,0
1789904328344,6,14401,1,96,-2.89248,1,0.75,Walking,True,1.92,0,0
1789904328344,6,14401,1,96,-2.89248,1,0.75,Walking,True,1.92,0,0
1789904328344,6,14401,1,96,-2.89248,1,0.75,Walking,True,1.92,0,0
1789904328344,6,14401,1,96,-2.89248,1,0.75,Walking,True,1.92,0,0
1789904328344,6,14401,1,96,-2.89248,1,0.75,Walking,True,1.92,0,0
1789904328344,6,14401,1,96,-2.89248,1,0.75,Walking,True,1.92,0,0
1789904328344,6,14401,1,96,-2.89248,1,0.75,Walking,True,1.92,0,0
1789904328359,7,15929,1,112,-2.85664,1,0.75,Walking,True,2.24,0,0
1789904328359,7,15929,1,112,-2.85664,1,0.75,Walking,True,2.24,0,0
1789904328359,7,15929,1,112,-2.85664,1,0.75,Walking,True,2.24,0,0
1789904328359,7,15929,1,112,-2.85664,1,0.75,Walking,True,2.24,0,0
1789904328359,7,15929,1,112,-2.85664,1,0.75,Walking,True,2.24,0,0
1789904328359,7,15929,1,112,-2.85664,1,0.75,Walking,True,2.24,0,0
1789904328359,7,15929,1,112,-2.85664,1,0.75,Walking,True,2.24,0,0
1789904328359,7,15929,1,112,-2.85664,1,0.75,Walking,True,2.24,0,0
1789904328374,8,17417,1,128,-2.81568,1,0.75,Walking,True,2.56,0,0
1789904328374,8,17417,1,128,-2.81568,1,0.75,Walking,True,2.56,0,0
1789904328374,8,17417,1,128,-2.81568,1,0.75,Walking,True,2.56,0,0
1789904328374,8,17417,1,128,-2.81568,1,0.75,Walking,True,2.56,0,0
1789904328374,8,17417,1,128,-2.81568,1,0.75,Walking,True,2.56,0,0
1789904328374,8,17417,1,128,-2.81568,1,0.75,Walking,True,2.56,0,0
1789904328374,8,17417,1,128,-2.81568,1,0.75,Walking,True,2.56,0,0
1789904328374,8,17417,1,128,-2.81568,1,0.75,Walking,True,2.56,0,0
1789904328389,9,18752,1,144,-2.7696,1,0.75,Walking,True,2.88,0,0
1789904328389,9,18752,1,144,-2.7696,1,0.75,Walking,True,2.88,0,0
1789904328389,9,18752,1,144,-2.7696,1,0.75,Walking,True,2.88,0,0
1789904328389,9,18752,1,144,-2.7696,1,0.75,Walking,True,2.88,0,0
1789904328389,9,18752,1,144,-2.7696,1,0.75,Walking,True,2.88,0,0
1789904328389,9,18752,1,144,-2.7696,1,0.75,Walking,True,2.88,0,0
1789904328389,9,18752,1,144,-2.7696,1,0.75,Walking,True,2.88,0,0
1789904328389,9,18752,1,144,-2.7696,1,0.75,Walking,True,2.88,0,0
1789904328404,10,20087,1,160,-2.7184,1,0.75,Walking,True,3.2,0,0
1789904328404,10,20087,1,160,-2.7184,1,0.75,Walking,True,3.2,0,0
1789904328404,10,20087,1,160,-2.7184,1,0.75,Walking,True,3.2,0,0
1789904328404,10,20087,1,160,-2.7184,1,0.75,Walking,True,3.2,0,0
1789904328404,10,20087,1,160,-2.7184,1,0.75,Walking,True,3.2,0,0
1789904328404,10,20087,1,160,-2.7184,1,0.75,Walking,True,3.2,0,0
1789904328404,10,20087,1,160,-2.7184,1,0.75,Walking,True,3.2,0,0
1789904328404,10,20087,1,160,-2.7184,1,0.75,Walking,True,3.2,0,0
1789904328419,11,21471,1,176,-2.66208,1,0.75,Walking,True,3.52,0,0
1789904328419,11,21471,1,176,-2.66208,1,0.75,Walking,True,3.52,0,0
1789904328419,11,21471,1,176,-2.66208,1,0.75,Walking,True,3.52,0,0
1789904328419,11,21471,1,176,-2.66208,1,0.75,Walking,True,3.52,0,0
1789904328419,11,21471,1,176,-2.66208,1,0.75,Walking,True,3.52,0,0
1789904328419,11,21471,1,176,-2.66208,1,0.75,Walking,True,3.52,0,0
1789904328419,11,21471,1,176,-2.66208,1,0.75,Walking,True,3.52,0,0
1789904328419,11,21471,1,176,-2.66208,1,0.75,Walking,True,3.52,0,0
1789904328435,12,22798,1,192,-2.60064,1,0.75,Walking,True,3.84,0,0
1789904328435,12,22798,1,192,-2.60064,1,0.75,Walking,True,3.84,0,0
1789904328435,12,22798,1,192,-2.60064,1,0.75,Walking,True,3.84,0,0
1789904328435,12,22798,1,192,-2.60064,1,0.75,Walking,True,3.84,0,0
1789904328435,12,22798,1,192,-2.60064,1,0.75,Walking,True,3.84,0,0
1789904328435,12,22798,1,192,-2.60064,1,0.75,Walking,True,3.84,0,0
1789904328435,12,22798,1,192,-2.60064,1,0.75,Walking,True,3.84,0,0
1789904328435,12,22798,1,192,-2.60064,1,0.75,Walking,True,3.84,0,0
1789904328451,13,24282,1,208,-2.53824,1,0.75,Walking,True,3.9,0,0
1789904328451,13,24282,1,208,-2.53824,1,0.75,Walking,True,3.9,0,0
1789904328451,13,24282,1,208,-2.53824,1,0.75,Walking,True,3.9,0,0
1789904328451,13,24282,1,208,-2.53824,1,0.75,Walking,True,3.9,0,0
1789904328451,13,24282,1,208,-2.53824,1,0.75,Walking,True,3.9,0,0
1789904328451,13,24282,1,208,-2.53824,1,0.75,Walking,True,3.9,0,0
1789904328451,13,24282,1,208,-2.53824,1,0.75,Walking,True,3.9,0,0
1789904328451,13,24282,1,208,-2.53824,1,0.75,Walking,True,3.9,0,0
1789904328467,14,25702,1,224,-2.47584,1,0.75,Walking,True,3.9,0,0
1789904328467,14,25702,1,224,-2.47584,1,0.75,Walking,True,3.9,0,0
1789904328467,14,25702,1,224,-2.47584,1,0.75,Walking,True,3.9,0,0
1789904328467,14,25702,1,224,-2.47584,1,0.75,Walking,True,3.9,0,0
1789904328467,14,25702,1,224,-2.47584,1,0.75,Walking,True,3.9,0,0
1789904328467,14,25702,1,224,-2.47584,1,0.75,Walking,True,3.9,0,0
1789904328467,14,25702,1,224,-2.47584,1,0.75,Walking,True,3.9,0,0
1789904328467,14,25702,1,224,-2.47584,1,0.75,Walking,True,3.9,0,0
1789904328483,15,27189,1,240,-2.41344,1,0.75,Walking,True,3.9,0,0
1789904328483,15,27189,1,240,-2.41344,1,0.75,Walking,True,3.9,0,0
1789904328483,15,27189,1,240,-2.41344,1,0.75,Walking,True,3.9,0,0
1789904328483,15,27189,1,240,-2.41344,1,0.75,Walking,True,3.9,0,0
1789904328483,15,27189,1,240,-2.41344,1,0.75,Walking,True,3.9,0,0
1789904328483,15,27189,1,240,-2.41344,1,0.75,Walking,True,3.9,0,0
1789904328483,15,27189,1,240,-2.41344,1,0.75,Walking,True,3.9,0,0
1789904328483,15,27189,1,240,-2.41344,1,0.75,Walking,True,3.9,0,0
1789904328497,16,28588,1,256,-2.351039,1,0.75,Walking,True,3.9,0,0
1789904328497,16,28588,1,256,-2.351039,1,0.75,Walking,True,3.9,0,0
1789904328497,16,28588,1,256,-2.351039,1,0.75,Walking,True,3.9,0,0
1789904328497,16,28588,1,256,-2.351039,1,0.75,Walking,True,3.9,0,0
1789904328497,16,28588,1,256,-2.351039,1,0.75,Walking,True,3.9,0,0
1789904328497,16,28588,1,256,-2.351039,1,0.75,Walking,True,3.9,0,0
1789904328497,16,28588,1,256,-2.351039,1,0.75,Walking,True,3.9,0,0
1789904328497,16,28588,1,256,-2.351039,1,0.75,Walking,True,3.9,0,0
1789904328513,17,29783,1,272,-2.288639,1,0.75,Walking,True,3.9,0,0
1789904328513,17,29783,1,272,-2.288639,1,0.75,Walking,True,3.9,0,0
1789904328513,17,29783,1,272,-2.288639,1,0.75,Walking,True,3.9,0,0
1789904328513,17,29783,1,272,-2.288639,1,0.75,Walking,True,3.9,0,0
1789904328513,17,29783,1,272,-2.288639,1,0.75,Walking,True,3.9,0,0
1789904328513,17,29783,1,272,-2.288639,1,0.75,Walking,True,3.9,0,0
1789904328513,17,29783,1,272,-2.288639,1,0.75,Walking,True,3.9,0,0
1789904328513,17,29783,1,272,-2.288639,1,0.75,Walking,True,3.9,0,0
1789904328530,18,31172,1,288,-2.226239,1,0.75,Walking,True,3.9,0,0
1789904328530,18,31172,1,288,-2.226239,1,0.75,Walking,True,3.9,0,0
1789904328530,18,31172,1,288,-2.226239,1,0.75,Walking,True,3.9,0,0
1789904328530,18,31172,1,288,-2.226239,1,0.75,Walking,True,3.9,0,0
1789904328530,18,31172,1,288,-2.226239,1,0.75,Walking,True,3.9,0,0
1789904328530,18,31172,1,288,-2.226239,1,0.75,Walking,True,3.9,0,0
1789904328530,18,31172,1,288,-2.226239,1,0.75,Walking,True,3.9,0,0
1789904328530,18,31172,1,288,-2.226239,1,0.75,Walking,True,3.9,0,0
1789904328545,19,32657,1,304,-2.163839,1,0.75,Walking,True,3.9,0,0
1789904328545,19,32657,1,304,-2.163839,1,0.75,Walking,True,3.9,0,0
1789904328545,19,32657,1,304,-2.163839,1,0.75,Walking,True,3.9,0,0
1789904328545,19,32657,1,304,-2.163839,1,0.75,Walking,True,3.9,0,0
1789904328545,19,32657,1,304,-2.163839,1,0.75,Walking,True,3.9,0,0
1789904328545,19,32657,1,304,-2.163839,1,0.75,Walking,True,3.9,0,0
1789904328545,19,32657,1,304,-2.163839,1,0.75,Walking,True,3.9,0,0
1789904328545,19,32657,1,304,-2.163839,1,0.75,Walking,True,3.9,0,0
1789904328561,20,34082,1,320,-2.101439,1,0.75,Walking,True,3.9,0,0
1789904328561,20,34082,1,320,-2.101439,1,0.75,Walking,True,3.9,0,0
1789904328561,20,34082,1,320,-2.101439,1,0.75,Walking,True,3.9,0,0
1789904328561,20,34082,1,320,-2.101439,1,0.75,Walking,True,3.9,0,0
1789904328561,20,34082,1,320,-2.101439,1,0.75,Walking,True,3.9,0,0
1789904328561,20,34082,1,320,-2.101439,1,0.75,Walking,True,3.9,0,0
1789904328561,20,34082,1,320,-2.101439,1,0.75,Walking,True,3.9,0,0
1789904328561,20,34082,1,320,-2.101439,1,0.75,Walking,True,3.9,0,0
1789904328576,21,35345,1,336,-2.039039,1,0.75,Walking,True,3.9,0,0
1789904328576,21,35345,1,336,-2.039039,1,0.75,Walking,True,3.9,0,0
1789904328576,21,35345,1,336,-2.039039,1,0.75,Walking,True,3.9,0,0
1789904328576,21,35345,1,336,-2.039039,1,0.75,Walking,True,3.9,0,0
1789904328576,21,35345,1,336,-2.039039,1,0.75,Walking,True,3.9,0,0
1789904328576,21,35345,1,336,-2.039039,1,0.75,Walking,True,3.9,0,0
1789904328576,21,35345,1,336,-2.039039,1,0.75,Walking,True,3.9,0,0
1789904328576,21,35345,1,336,-2.039039,1,0.75,Walking,True,3.9,0,0
1789904328592,22,36718,1,352,-1.976639,1,0.75,Walking,True,3.9,0,0
1789904328592,22,36718,1,352,-1.976639,1,0.75,Walking,True,3.9,0,0
1789904328592,22,36718,1,352,-1.976639,1,0.75,Walking,True,3.9,0,0
1789904328592,22,36718,1,352,-1.976639,1,0.75,Walking,True,3.9,0,0
1789904328592,22,36718,1,352,-1.976639,1,0.75,Walking,True,3.9,0,0
1789904328592,22,36718,1,352,-1.976639,1,0.75,Walking,True,3.9,0,0
1789904328592,22,36718,1,352,-1.976639,1,0.75,Walking,True,3.9,0,0
1789904328592,22,36718,1,352,-1.976639,1,0.75,Walking,True,3.9,0,0
1789904328607,23,38037,1,368,-1.914239,1,0.75,Walking,True,3.9,0,0
1789904328607,23,38037,1,368,-1.914239,1,0.75,Walking,True,3.9,0,0
1789904328608,23,38037,1,368,-1.914239,1,0.75,Walking,True,3.9,0,0
1789904328608,23,38037,1,368,-1.914239,1,0.75,Walking,True,3.9,0,0
1789904328608,23,38037,1,368,-1.914239,1,0.75,Walking,True,3.9,0,0
1789904328608,23,38037,1,368,-1.914239,1,0.75,Walking,True,3.9,0,0
1789904328608,23,38037,1,368,-1.914239,1,0.75,Walking,True,3.9,0,0
1789904328608,23,38037,1,368,-1.914239,1,0.75,Walking,True,3.9,0,0
1789904328623,24,39418,1,384,-1.851839,1,0.75,Walking,True,3.9,0,0
1789904328623,24,39418,1,384,-1.851839,1,0.75,Walking,True,3.9,0,0
1789904328623,24,39418,1,384,-1.851839,1,0.75,Walking,True,3.9,0,0
1789904328623,24,39418,1,384,-1.851839,1,0.75,Walking,True,3.9,0,0
1789904328623,24,39418,1,384,-1.851839,1,0.75,Walking,True,3.9,0,0
1789904328623,24,39418,1,384,-1.851839,1,0.75,Walking,True,3.9,0,0
1789904328623,24,39418,1,384,-1.851839,1,0.75,Walking,True,3.9,0,0
1789904328623,24,39418,1,384,-1.851839,1,0.75,Walking,True,3.9,0,0
1789904328639,25,40819,1,400,-1.789439,1,0.75,Walking,True,3.9,0,0
1789904328639,25,40819,1,400,-1.789439,1,0.75,Walking,True,3.9,0,0
1789904328639,25,40819,1,400,-1.789439,1,0.75,Walking,True,3.9,0,0
1789904328639,25,40819,1,400,-1.789439,1,0.75,Walking,True,3.9,0,0
1789904328639,25,40819,1,400,-1.789439,1,0.75,Walking,True,3.9,0,0
1789904328639,25,40819,1,400,-1.789439,1,0.75,Walking,True,3.9,0,0
1789904328639,25,40819,1,400,-1.789439,1,0.75,Walking,True,3.9,0,0
1789904328639,25,40819,1,400,-1.789439,1,0.75,Walking,True,3.9,0,0
1789904328654,26,42287,1,416,-1.727039,1,0.75,Walking,True,3.9,0,0
1789904328654,26,42287,1,416,-1.727039,1,0.75,Walking,True,3.9,0,0
1789904328655,26,42287,1,416,-1.727039,1,0.75,Walking,True,3.9,0,0
1789904328655,26,42287,1,416,-1.727039,1,0.75,Walking,True,3.9,0,0
1789904328655,26,42287,1,416,-1.727039,1,0.75,Walking,True,3.9,0,0
1789904328655,26,42287,1,416,-1.727039,1,0.75,Walking,True,3.9,0,0
1789904328655,26,42287,1,416,-1.727039,1,0.75,Walking,True,3.9,0,0
1789904328655,26,42287,1,416,-1.727039,1,0.75,Walking,True,3.9,0,0
1789904328685,27,43688,1,432,-1.664639,1,0.75,Walking,True,3.9,0,0
1789904328685,27,43688,1,432,-1.664639,1,0.75,Walking,True,3.9,0,0
1789904328685,27,43688,1,432,-1.664639,1,0.75,Walking,True,3.9,0,0
1789904328685,27,43688,1,432,-1.664639,1,0.75,Walking,True,3.9,0,0
1789904328685,27,43688,1,432,-1.664639,1,0.75,Walking,True,3.9,0,0
1789904328685,27,43688,1,432,-1.664639,1,0.75,Walking,True,3.9,0,0
1789904328685,27,43688,1,432,-1.664639,1,0.75,Walking,True,3.9,0,0
1789904328685,27,43688,1,432,-1.664639,1,0.75,Walking,True,3.9,0,0
1789904328701,28,46610,1,448,-1.602239,1,0.75,Walking,True,3.9,0,0
1789904328701,28,46610,1,448,-1.602239,1,0.75,Walking,True,3.9,0,0
1789904328701,28,46610,1,448,-1.602239,1,0.75,Walking,True,3.9,0,0
1789904328701,28,46610,1,448,-1.602239,1,0.75,Walking,True,3.9,0,0
1789904328701,28,46610,1,448,-1.602239,1,0.75,Walking,True,3.9,0,0
1789904328701,28,46610,1,448,-1.602239,1,0.75,Walking,True,3.9,0,0
1789904328701,28,46610,1,448,-1.602239,1,0.75,Walking,True,3.9,0,0
1789904328701,28,46610,1,448,-1.602239,1,0.75,Walking,True,3.9,0,0
1789904328716,29,48020,1,464,-1.539839,1,0.75,Walking,True,3.9,0,0
1789904328716,29,48020,1,464,-1.539839,1,0.75,Walking,True,3.9,0,0
1789904328716,29,48020,1,464,-1.539839,1,0.75,Walking,True,3.9,0,0
1789904328716,29,48020,1,464,-1.539839,1,0.75,Walking,True,3.9,0,0
1789904328716,29,48020,1,464,-1.539839,1,0.75,Walking,True,3.9,0,0
1789904328716,29,48020,1,464,-1.539839,1,0.75,Walking,True,3.9,0,0
1789904328716,29,48020,1,464,-1.539839,1,0.75,Walking,True,3.9,0,0
1789904328716,29,48020,1,464,-1.539839,1,0.75,Walking,True,3.9,0,0
1789904328732,30,49374,1,480,-1.477439,1,0.75,Walking,True,3.9,0,0
1789904328732,30,49374,1,480,-1.477439,1,0.75,Walking,True,3.9,0,0
1789904328732,30,49374,1,480,-1.477439,1,0.75,Walking,True,3.9,0,0
1789904328732,30,49374,1,480,-1.477439,1,0.75,Walking,True,3.9,0,0
1789904328732,30,49374,1,480,-1.477439,1,0.75,Walking,True,3.9,0,0
1789904328732,30,49374,1,480,-1.477439,1,0.75,Walking,True,3.9,0,0
1789904328732,30,49374,1,480,-1.477439,1,0.75,Walking,True,3.9,0,0
1789904328732,30,49374,1,480,-1.477439,1,0.75,Walking,True,3.9,0,0
1789904328747,31,50785,1,496,-1.415039,1,0.75,Walking,True,3.9,0,0
1789904328747,31,50785,1,496,-1.415039,1,0.75,Walking,True,3.9,0,0
1789904328748,31,50785,1,496,-1.415039,1,0.75,Walking,True,3.9,0,0
1789904328748,31,50785,1,496,-1.415039,1,0.75,Walking,True,3.9,0,0
1789904328748,31,50785,1,496,-1.415039,1,0.75,Walking,True,3.9,0,0
1789904328748,31,50785,1,496,-1.415039,1,0.75,Walking,True,3.9,0,0
1789904328748,31,50785,1,496,-1.415039,1,0.75,Walking,True,3.9,0,0
1789904328748,31,50785,1,496,-1.415039,1,0.75,Walking,True,3.9,0,0
1789904328763,32,51839,1,512,-1.352639,1,0.75,Walking,True,3.9,0,0
1789904328763,32,51839,1,512,-1.352639,1,0.75,Walking,True,3.9,0,0
1789904328763,32,51839,1,512,-1.352639,1,0.75,Walking,True,3.9,0,0
1789904328763,32,51839,1,512,-1.352639,1,0.75,Walking,True,3.9,0,0
1789904328763,32,51839,1,512,-1.352639,1,0.75,Walking,True,3.9,0,0
1789904328763,32,51839,1,512,-1.352639,1,0.75,Walking,True,3.9,0,0
1789904328763,32,51839,1,512,-1.352639,1,0.75,Walking,True,3.9,0,0
1789904328763,32,51839,1,512,-1.352639,1,0.75,Walking,True,3.9,0,0
1789904328779,33,53139,1,528,-1.290239,1,0.75,Walking,True,3.9,0,0
1789904328779,33,53139,1,528,-1.290239,1,0.75,Walking,True,3.9,0,0
1789904328779,33,53139,1,528,-1.290239,1,0.75,Walking,True,3.9,0,0
1789904328779,33,53139,1,528,-1.290239,1,0.75,Walking,True,3.9,0,0
1789904328779,33,53139,1,528,-1.290239,1,0.75,Walking,True,3.9,0,0
1789904328779,33,53139,1,528,-1.290239,1,0.75,Walking,True,3.9,0,0
1789904328779,33,53139,1,528,-1.290239,1,0.75,Walking,True,3.9,0,0
1789904328779,33,53139,1,528,-1.290239,1,0.75,Walking,True,3.9,0,0
1789904328794,34,54494,1,544,-1.227839,1,0.75,Walking,True,3.9,0,0
1789904328794,34,54494,1,544,-1.227839,1,0.75,Walking,True,3.9,0,0
1789904328794,34,54494,1,544,-1.227839,1,0.75,Walking,True,3.9,0,0
1789904328794,34,54494,1,544,-1.227839,1,0.75,Walking,True,3.9,0,0
1789904328794,34,54494,1,544,-1.227839,1,0.75,Walking,True,3.9,0,0
1789904328794,34,54494,1,544,-1.227839,1,0.75,Walking,True,3.9,0,0
1789904328794,34,54494,1,544,-1.227839,1,0.75,Walking,True,3.9,0,0
1789904328794,34,54494,1,544,-1.227839,1,0.75,Walking,True,3.9,0,0
1789904328809,35,55822,1,560,-1.165439,1,0.75,Walking,True,3.9,0,0
1789904328809,35,55822,1,560,-1.165439,1,0.75,Walking,True,3.9,0,0
1789904328809,35,55822,1,560,-1.165439,1,0.75,Walking,True,3.9,0,0
1789904328809,35,55822,1,560,-1.165439,1,0.75,Walking,True,3.9,0,0
1789904328809,35,55822,1,560,-1.165439,1,0.75,Walking,True,3.9,0,0
1789904328809,35,55822,1,560,-1.165439,1,0.75,Walking,True,3.9,0,0
1789904328809,35,55822,1,560,-1.165439,1,0.75,Walking,True,3.9,0,0
1789904328809,35,55822,1,560,-1.165439,1,0.75,Walking,True,3.9,0,0
1789904328825,36,57191,1,576,-1.103039,1,0.75,Walking,True,3.9,0,0
1789904328825,36,57191,1,576,-1.103039,1,0.75,Walking,True,3.9,0,0
1789904328825,36,57191,1,576,-1.103039,1,0.75,Walking,True,3.9,0,0
1789904328825,36,57191,1,576,-1.103039,1,0.75,Walking,True,3.9,0,0
1789904328825,36,57191,1,576,-1.103039,1,0.75,Walking,True,3.9,0,0
1789904328825,36,57191,1,576,-1.103039,1,0.75,Walking,True,3.9,0,0
1789904328825,36,57191,1,576,-1.103039,1,0.75,Walking,True,3.9,0,0
1789904328825,36,57191,1,576,-1.103039,1,0.75,Walking,True,3.9,0,0
1789904328840,37,58675,1,592,-1.040639,1,0.75,Walking,True,3.9,0,0
1789904328840,37,58675,1,592,-1.040639,1,0.75,Walking,True,3.9,0,0
1789904328840,37,58675,1,592,-1.040639,1,0.75,Walking,True,3.9,0,0
1789904328840,37,58675,1,592,-1.040639,1,0.75,Walking,True,3.9,0,0
1789904328840,37,58675,1,592,-1.040639,1,0.75,Walking,True,3.9,0,0
1789904328840,37,58675,1,592,-1.040639,1,0.75,Walking,True,3.9,0,0
1789904328840,37,58675,1,592,-1.040639,1,0.75,Walking,True,3.9,0,0
1789904328840,37,58675,1,592,-1.040639,1,0.75,Walking,True,3.9,0,0
1789904328856,38,60087,1,608,-0.978239,1,0.75,Walking,True,3.9,0,0
1789904328856,38,60087,1,608,-0.978239,1,0.75,Walking,True,3.9,0,0
1789904328856,38,60087,1,608,-0.978239,1,0.75,Walking,True,3.9,0,0
1789904328856,38,60087,1,608,-0.978239,1,0.75,Walking,True,3.9,0,0
1789904328856,38,60087,1,608,-0.978239,1,0.75,Walking,True,3.9,0,0
1789904328856,38,60087,1,608,-0.978239,1,0.75,Walking,True,3.9,0,0
1789904328856,38,60087,1,608,-0.978239,1,0.75,Walking,True,3.9,0,0
1789904328856,38,60087,1,608,-0.978239,1,0.75,Walking,True,3.9,0,0
1789904328872,39,61468,1,624,-0.915839,1,0.75,Walking,True,3.9,0,0
1789904328872,39,61468,1,624,-0.915839,1,0.75,Walking,True,3.9,0,0
1789904328872,39,61468,1,624,-0.915839,1,0.75,Walking,True,3.9,0,0
1789904328872,39,61468,1,624,-0.915839,1,0.75,Walking,True,3.9,0,0
1789904328872,39,61468,1,624,-0.915839,1,0.75,Walking,True,3.9,0,0
1789904328872,39,61468,1,624,-0.915839,1,0.75,Walking,True,3.9,0,0
1789904328872,39,61468,1,624,-0.915839,1,0.75,Walking,True,3.9,0,0
1789904328872,39,61468,1,624,-0.915839,1,0.75,Walking,True,3.9,0,0
1789904328887,40,62969,1,640,-0.901,1,0.75,Walking,True,3.9,0,0
1789904328887,40,62969,1,640,-0.901,1,0.75,Walking,True,3.9,0,0
1789904328887,40,62969,1,640,-0.901,1,0.75,Walking,True,3.9,0,0
1789904328887,40,62969,1,640,-0.901,1,0.75,Walking,True,3.9,0,0
1789904328887,40,62969,1,640,-0.901,1,0.75,Walking,True,3.9,0,0
1789904328887,40,62969,1,640,-0.901,1,0.75,Walking,True,3.9,0,0
1789904328887,40,62969,1,640,-0.901,1,0.75,Walking,True,3.9,0,0
1789904328887,40,62969,1,640,-0.901,1,0.75,Walking,True,3.9,0,0
1789904328902,41,64343,1,656,-0.901,1,0.75,Walking,True,3.9,0,0
1789904328902,41,64343,1,656,-0.901,1,0.75,Walking,True,3.9,0,0
1789904328902,41,64343,1,656,-0.901,1,0.75,Walking,True,3.9,0,0
1789904328902,41,64343,1,656,-0.901,1,0.75,Walking,True,3.9,0,0
1789904328902,41,64343,1,656,-0.901,1,0.75,Walking,True,3.9,0,0
1789904328902,41,64343,1,656,-0.901,1,0.75,Walking,True,3.9,0,0
1789904328902,41,64343,1,656,-0.901,1,0.75,Walking,True,3.9,0,0
1789904328902,41,64343,1,656,-0.901,1,0.75,Walking,True,3.9,0,0
1789904328918,42,65799,1,672,-0.901,1,0.75,Walking,True,3.9,0,0
1789904328918,42,65799,1,672,-0.901,1,0.75,Walking,True,3.9,0,0
1789904328918,42,65799,1,672,-0.901,1,0.75,Walking,True,3.9,0,0
1789904328918,42,65799,1,672,-0.901,1,0.75,Walking,True,3.9,0,0
1789904328918,42,65799,1,672,-0.901,1,0.75,Walking,True,3.9,0,0
1789904328918,42,65799,1,672,-0.901,1,0.75,Walking,True,3.9,0,0
1789904328918,42,65799,1,672,-0.901,1,0.75,Walking,True,3.9,0,0
1789904328918,42,65799,1,672,-0.901,1,0.75,Walking,True,3.9,0,0
1789904328934,43,67307,1,688,-0.901,1,0.75,Walking,True,3.9,0,0
1789904328934,43,67307,1,688,-0.901,1,0.75,Walking,True,3.9,0,0
1789904328934,43,67307,1,688,-0.901,1,0.75,Walking,True,3.9,0,0
1789904328934,43,67307,1,688,-0.901,1,0.75,Walking,True,3.9,0,0
1789904328934,43,67307,1,688,-0.901,1,0.75,Walking,True,3.9,0,0
1789904328934,43,67307,1,688,-0.901,1,0.75,Walking,True,3.9,0,0
1789904328934,43,67307,1,688,-0.901,1,0.75,Walking,True,3.9,0,0
1789904328934,43,67307,1,688,-0.901,1,0.75,Walking,True,3.9,0,0
1789904328950,44,68793,1,704,-0.901,1,0.75,Walking,True,3.9,0,0
1789904328950,44,68793,1,704,-0.901,1,0.75,Walking,True,3.9,0,0
1789904328950,44,68793,1,704,-0.901,1,0.75,Walking,True,3.9,0,0
1789904328950,44,68793,1,704,-0.901,1,0.75,Walking,True,3.9,0,0
1789904328950,44,68793,1,704,-0.901,1,0.75,Walking,True,3.9,0,0
1789904328950,44,68793,1,704,-0.901,1,0.75,Walking,True,3.9,0,0
1789904328950,44,68793,1,704,-0.901,1,0.75,Walking,True,3.9,0,0
1789904328950,44,68793,1,704,-0.901,1,0.75,Walking,True,3.9,0,0
1789904328965,45,70232,1,720,-0.901,1,0.75,Walking,True,3.9,0,0
1789904328965,45,70232,1,720,-0.901,1,0.75,Walking,True,3.9,0,0
1789904328965,45,70232,1,720,-0.901,1,0.75,Walking,True,3.9,0,0
1789904328965,45,70232,1,720,-0.901,1,0.75,Walking,True,3.9,0,0
1789904328965,45,70232,1,720,-0.901,1,0.75,Walking,True,3.9,0,0
1789904328965,45,70232,1,720,-0.901,1,0.75,Walking,True,3.9,0,0
1789904328965,45,70232,1,720,-0.901,1,0.75,Walking,True,3.9,0,0
1789904328965,45,70232,1,720,-0.901,1,0.75,Walking,True,3.9,0,0
1789904328981,46,71610,1,736,-0.901,1,0.75,Walking,True,3.9,0,0
1789904328981,46,71610,1,736,-0.901,1,0.75,Walking,True,3.9,0,0
1789904328981,46,71610,1,736,-0.901,1,0.75,Walking,True,3.9,0,0
1789904328981,46,71610,1,736,-0.901,1,0.75,Walking,True,3.9,0,0
1789904328981,46,71610,1,736,-0.901,1,0.75,Walking,True,3.9,0,0
1789904328981,46,71610,1,736,-0.901,1,0.75,Walking,True,3.9,0,0
1789904328981,46,71610,1,736,-0.901,1,0.75,Walking,True,3.9,0,0
1789904328981,46,71610,1,736,-0.901,1,0.75,Walking,True,3.9,0,0
1789904328996,47,73069,1,752,-0.901,1,0.75,Walking,True,3.9,0,0
1789904328996,47,73069,1,752,-0.901,1,0.75,Walking,True,3.9,0,0
1789904328996,47,73069,1,752,-0.901,1,0.75,Walking,True,3.9,0,0
1789904328996,47,73069,1,752,-0.901,1,0.75,Walking,True,3.9,0,0
1789904328996,47,73069,1,752,-0.901,1,0.75,Walking,True,3.9,0,0
1789904328996,47,73069,1,752,-0.901,1,0.75,Walking,True,3.9,0,0
1789904328996,47,73069,1,752,-0.901,1,0.75,Walking,True,3.9,0,0
1789904328996,47,73069,1,752,-0.901,1,0.75,Walking,True,3.9,0,0
1789904329012,48,74515,1,768,-0.901,1,0.75,Walking,True,3.9,0,0
1789904329012,48,74515,1,768,-0.901,1,0.75,Walking,True,3.9,0,0
1789904329012,48,74515,1,768,-0.901,1,0.75,Walking,True,3.9,0,0
1789904329012,48,74515,1,768,-0.901,1,0.75,Walking,True,3.9,0,0
1789904329012,48,74515,1,768,-0.901,1,0.75,Walking,True,3.9,0,0
1789904329012,48,74515,1,768,-0.901,1,0.75,Walking,True,3.9,0,0
1789904329012,48,74515,1,768,-0.901,1,0.75,Walking,True,3.9,0,0
1789904329012,48,74515,1,768,-0.901,1,0.75,Walking,True,3.9,0,0
1789904329028,49,75942,1,784,-0.901,1,0.75,Walking,True,3.9,0,0
1789904329028,49,75942,1,784,-0.901,1,0.75,Walking,True,3.9,0,0
1789904329028,49,75942,1,784,-0.901,1,0.75,Walking,True,3.9,0,0
1789904329028,49,75942,1,784,-0.901,1,0.75,Walking,True,3.9,0,0
1789904329028,49,75942,1,784,-0.901,1,0.75,Walking,True,3.9,0,0
1789904329028,49,75942,1,784,-0.901,1,0.75,Walking,True,3.9,0,0
1789904329028,49,75942,1,784,-0.901,1,0.75,Walking,True,3.9,0,0
1789904329028,49,75942,1,784,-0.901,1,0.75,Walking,True,3.9,0,0
1789904329044,50,76972,1,800,-0.901,1,0.75,Walking,True,3.9,0,0
1789904329044,50,76972,1,800,-0.901,1,0.75,Walking,True,3.9,0,0
1789904329044,50,76972,1,800,-0.901,1,0.75,Walking,True,3.9,0,0
1789904329044,50,76972,1,800,-0.901,1,0.75,Walking,True,3.9,0,0
1789904329044,50,76972,1,800,-0.901,1,0.75,Walking,True,3.9,0,0
1789904329044,50,76972,1,800,-0.901,1,0.75,Walking,True,3.9,0,0
1789904329044,50,76972,1,800,-0.901,1,0.75,Walking,True,3.9,0,0
1789904329044,50,76972,1,800,-0.901,1,0.75,Walking,True,3.9,0,0
1789904329059,51,78011,1,816,-0.901,1,0.75,Walking,True,3.9,0,0
1789904329059,51,78011,1,816,-0.901,1,0.75,Walking,True,3.9,0,0
1789904329059,51,78011,1,816,-0.901,1,0.75,Walking,True,3.9,0,0
1789904329059,51,78011,1,816,-0.901,1,0.75,Walking,True,3.9,0,0
1789904329059,51,78011,1,816,-0.901,1,0.75,Walking,True,3.9,0,0
1789904329059,51,78011,1,816,-0.901,1,0.75,Walking,True,3.9,0,0
1789904329059,51,78011,1,816,-0.901,1,0.75,Walking,True,3.9,0,0
1789904329059,51,78011,1,816,-0.901,1,0.75,Walking,True,3.9,0,0
1789904329076,52,79102,1,832,-0.901,1,0.75,Walking,True,3.9,0,0
1789904329076,52,79102,1,832,-0.901,1,0.75,Walking,True,3.9,0,0
1789904329076,52,79102,1,832,-0.901,1,0.75,Walking,True,3.9,0,0
1789904329076,52,79102,1,832,-0.901,1,0.75,Walking,True,3.9,0,0
1789904329076,52,79102,1,832,-0.901,1,0.75,Walking,True,3.9,0,0
1789904329076,52,79102,1,832,-0.901,1,0.75,Walking,True,3.9,0,0
1789904329076,52,79102,1,832,-0.901,1,0.75,Walking,True,3.9,0,0
1789904329076,52,79102,1,832,-0.901,1,0.75,Walking,True,3.9,0,0
1789904329091,53,80222,1,848,-0.901,1,0.75,Walking,True,3.9,0,0
1789904329091,53,80222,1,848,-0.901,1,0.75,Walking,True,3.9,0,0
1789904329091,53,80222,1,848,-0.901,1,0.75,Walking,True,3.9,0,0
1789904329091,53,80222,1,848,-0.901,1,0.75,Walking,True,3.9,0,0
1789904329091,53,80222,1,848,-0.901,1,0.75,Walking,True,3.9,0,0
1789904329091,53,80222,1,848,-0.901,1,0.75,Walking,True,3.9,0,0
1789904329091,53,80222,1,848,-0.901,1,0.75,Walking,True,3.9,0,0
1789904329091,53,80222,1,848,-0.901,1,0.75,Walking,True,3.9,0,0
1789904329106,54,81247,1,864,-0.901,1,0.75,Walking,True,3.9,0,0
1789904329106,54,81247,1,864,-0.901,1,0.75,Walking,True,3.9,0,0
1789904329106,54,81247,1,864,-0.901,1,0.75,Walking,True,3.9,0,0
1789904329106,54,81247,1,864,-0.901,1,0.75,Walking,True,3.9,0,0
1789904329106,54,81247,1,864,-0.901,1,0.75,Walking,True,3.9,0,0
1789904329106,54,81247,1,864,-0.901,1,0.75,Walking,True,3.9,0,0
1789904329106,54,81247,1,864,-0.901,1,0.75,Walking,True,3.9,0,0
1789904329106,54,81247,1,864,-0.901,1,0.75,Walking,True,3.9,0,0
1789904329121,55,82323,1,880,-0.901,1,0.75,Walking,True,3.9,0,0
1789904329121,55,82323,1,880,-0.901,1,0.75,Walking,True,3.9,0,0
1789904329121,55,82323,1,880,-0.901,1,0.75,Walking,True,3.9,0,0
1789904329121,55,82323,1,880,-0.901,1,0.75,Walking,True,3.9,0,0
1789904329121,55,82323,1,880,-0.901,1,0.75,Walking,True,3.9,0,0
1789904329121,55,82323,1,880,-0.901,1,0.75,Walking,True,3.9,0,0
1789904329121,55,82323,1,880,-0.901,1,0.75,Walking,True,3.9,0,0
1789904329121,55,82323,1,880,-0.901,1,0.75,Walking,True,3.9,0,0
1789904329137,56,83308,1,896,-0.901,1,0.75,Walking,True,3.9,0,0
1789904329137,56,83308,1,896,-0.901,1,0.75,Walking,True,3.9,0,0
1789904329137,56,83308,1,896,-0.901,1,0.75,Walking,True,3.9,0,0
1789904329137,56,83308,1,896,-0.901,1,0.75,Walking,True,3.9,0,0
1789904329137,56,83308,1,896,-0.901,1,0.75,Walking,True,3.9,0,0
1789904329137,56,83308,1,896,-0.901,1,0.75,Walking,True,3.9,0,0
1789904329137,56,83308,1,896,-0.901,1,0.75,Walking,True,3.9,0,0
1789904329137,56,83308,1,896,-0.901,1,0.75,Walking,True,3.9,0,0
1789904329152,57,84314,1,912,-0.901,1,0.75,Walking,True,3.9,0,0
1789904329152,57,84314,1,912,-0.901,1,0.75,Walking,True,3.9,0,0
1789904329152,57,84314,1,912,-0.901,1,0.75,Walking,True,3.9,0,0
1789904329152,57,84314,1,912,-0.901,1,0.75,Walking,True,3.9,0,0
1789904329152,57,84314,1,912,-0.901,1,0.75,Walking,True,3.9,0,0
1789904329152,57,84314,1,912,-0.901,1,0.75,Walking,True,3.9,0,0
1789904329152,57,84314,1,912,-0.901,1,0.75,Walking,True,3.9,0,0
1789904329152,57,84314,1,912,-0.901,1,0.75,Walking,True,3.9,0,0
1789904329168,58,85377,1,928,-0.901,1,0.75,Walking,True,3.9,0,0
1789904329168,58,85377,1,928,-0.901,1,0.75,Walking,True,3.9,0,0
1789904329168,58,85377,1,928,-0.901,1,0.75,Walking,True,3.9,0,0
1789904329168,58,85377,1,928,-0.901,1,0.75,Walking,True,3.9,0,0
1789904329168,58,85377,1,928,-0.901,1,0.75,Walking,True,3.9,0,0
1789904329168,58,85377,1,928,-0.901,1,0.75,Walking,True,3.9,0,0
1789904329168,58,85377,1,928,-0.901,1,0.75,Walking,True,3.9,0,0
1789904329168,58,85377,1,928,-0.901,1,0.75,Walking,True,3.9,0,0
1789904329184,59,86477,1,944,-0.901,1,0.75,Walking,True,3.9,0,0
1789904329184,59,86477,1,944,-0.901,1,0.75,Walking,True,3.9,0,0
1789904329185,59,86477,1,944,-0.901,1,0.75,Walking,True,3.9,0,0
1789904329185,59,86477,1,944,-0.901,1,0.75,Walking,True,3.9,0,0
1789904329185,59,86477,1,944,-0.901,1,0.75,Walking,True,3.9,0,0
1789904329185,59,86477,1,944,-0.901,1,0.75,Walking,True,3.9,0,0
1789904329185,59,86477,1,944,-0.901,1,0.75,Walking,True,3.9,0,0
1789904329185,59,86477,1,944,-0.901,1,0.75,Walking,True,3.9,0,0
1789904329199,60,87561,1,960,-0.901,1,0.75,Walking,True,3.9,0,0
1789904329199,60,87561,1,960,-0.901,1,0.75,Walking,True,3.9,0,0
1789904329199,60,87561,1,960,-0.901,1,0.75,Walking,True,3.9,0,0
1789904329199,60,87561,1,960,-0.901,1,0.75,Walking,True,3.9,0,0
1789904329199,60,87561,1,960,-0.901,1,0.75,Walking,True,3.9,0,0
1789904329199,60,87561,1,960,-0.901,1,0.75,Walking,True,3.9,0,0
1789904329199,60,87561,1,960,-0.901,1,0.75,Walking,True,3.9,0,0
1789904329199,60,87561,1,960,-0.901,1,0.75,Walking,True,3.9,0,0
1789904329215,61,88706,1,976,-0.901,1,0.75,Walking,True,3.9,0,0
1789904329215,61,88706,1,976,-0.901,1,0.75,Walking,True,3.9,0,0
1789904329215,61,88706,1,976,-0.901,1,0.75,Walking,True,3.9,0,0
1789904329215,61,88706,1,976,-0.901,1,0.75,Walking,True,3.9,0,0
1789904329215,61,88706,1,976,-0.901,1,0.75,Walking,True,3.9,0,0
1789904329215,61,88706,1,976,-0.901,1,0.75,Walking,True,3.9,0,0
1789904329215,61,88706,1,976,-0.901,1,0.75,Walking,True,3.9,0,0
1789904329215,61,88706,1,976,-0.901,1,0.75,Walking,True,3.9,0,0
1789904329231,62,89777,1,992,-0.901,1,0.75,Walking,True,3.9,0,0
1789904329231,62,89777,1,992,-0.901,1,0.75,Walking,True,3.9,0,0
1789904329231,62,89777,1,992,-0.901,1,0.75,Walking,True,3.9,0,0
1789904329231,62,89777,1,992,-0.901,1,0.75,Walking,True,3.9,0,0
1789904329231,62,89777,1,992,-0.901,1,0.75,Walking,True,3.9,0,0
1789904329231,62,89777,1,992,-0.901,1,0.75,Walking,True,3.9,0,0
1789904329231,62,89777,1,992,-0.901,1,0.75,Walking,True,3.9,0,0
1789904329231,62,89777,1,992,-0.901,1,0.75,Walking,True,3.9,0,0
1789904329247,63,90927,1,1008,-0.901,1,0.75,Walking,True,3.9,0,0
1789904329247,63,90927,1,1008,-0.901,1,0.75,Walking,True,3.9,0,0
1789904329247,63,90927,1,1008,-0.901,1,0.75,Walking,True,3.9,0,0
1789904329247,63,90927,1,1008,-0.901,1,0.75,Walking,True,3.9,0,0
1789904329247,63,90927,1,1008,-0.901,1,0.75,Walking,True,3.9,0,0
1789904329247,63,90927,1,1008,-0.901,1,0.75,Walking,True,3.9,0,0
1789904329247,63,90927,1,1008,-0.901,1,0.75,Walking,True,3.9,0,0
1789904329247,63,90927,1,1008,-0.901,1,0.75,Walking,True,3.9,0,0
1789904329263,64,92041,1,1024,-0.901,1,0.75,Walking,True,3.9,0,0
1789904329263,64,92041,1,1024,-0.901,1,0.75,Walking,True,3.9,0,0
1789904329263,64,92041,1,1024,-0.901,1,0.75,Walking,True,3.9,0,0
1789904329263,64,92041,1,1024,-0.901,1,0.75,Walking,True,3.9,0,0
1789904329263,64,92041,1,1024,-0.901,1,0.75,Walking,True,3.9,0,0
1789904329263,64,92041,1,1024,-0.901,1,0.75,Walking,True,3.9,0,0
1789904329263,64,92041,1,1024,-0.901,1,0.75,Walking,True,3.9,0,0
1789904329263,64,92041,1,1024,-0.901,1,0.75,Walking,True,3.9,0,0
1789904329278,65,93255,1,1040,-0.901,1,0.75,Walking,True,3.9,0,0
1789904329278,65,93255,1,1040,-0.901,1,0.75,Walking,True,3.9,0,0
1789904329278,65,93255,1,1040,-0.901,1,0.75,Walking,True,3.9,0,0
1789904329278,65,93255,1,1040,-0.901,1,0.75,Walking,True,3.9,0,0
1789904329278,65,93255,1,1040,-0.901,1,0.75,Walking,True,3.9,0,0
1789904329278,65,93255,1,1040,-0.901,1,0.75,Walking,True,3.9,0,0
1789904329278,65,93255,1,1040,-0.901,1,0.75,Walking,True,3.9,0,0
1789904329278,65,93255,1,1040,-0.901,1,0.75,Walking,True,3.9,0,0
1789904329294,66,94256,1,1056,-0.901,1,0.75,Walking,True,3.9,0,0
1789904329294,66,94256,1,1056,-0.901,1,0.75,Walking,True,3.9,0,0
1789904329294,66,94256,1,1056,-0.901,1,0.75,Walking,True,3.9,0,0
1789904329294,66,94256,1,1056,-0.901,1,0.75,Walking,True,3.9,0,0
1789904329294,66,94256,1,1056,-0.901,1,0.75,Walking,True,3.9,0,0
1789904329294,66,94256,1,1056,-0.901,1,0.75,Walking,True,3.9,0,0
1789904329294,66,94256,1,1056,-0.901,1,0.75,Walking,True,3.9,0,0
1789904329294,66,94256,1,1056,-0.901,1,0.75,Walking,True,3.9,0,0
1789904329325,67,95370,1,1072,-0.901,1,0.75,Walking,True,3.9,0,0
1789904329325,67,95370,1,1072,-0.901,1,0.75,Walking,True,3.9,0,0
1789904329325,67,95370,1,1072,-0.901,1,0.75,Walking,True,3.9,0,0
1789904329325,67,95370,1,1072,-0.901,1,0.75,Walking,True,3.9,0,0
1789904329325,67,95370,1,1072,-0.901,1,0.75,Walking,True,3.9,0,0
1789904329325,67,95370,1,1072,-0.901,1,0.75,Walking,True,3.9,0,0
1789904329325,67,95370,1,1072,-0.901,1,0.75,Walking,True,3.9,0,0
1789904329325,67,95370,1,1072,-0.901,1,0.75,Walking,True,3.9,0,0
1789904329341,68,98024,1,1088,-0.901,1,0.75,Walking,True,3.9,0,0
1789904329341,68,98024,1,1088,-0.901,1,0.75,Walking,True,3.9,0,0
1789904329341,68,98024,1,1088,-0.901,1,0.75,Walking,True,3.9,0,0
1789904329341,68,98024,1,1088,-0.901,1,0.75,Walking,True,3.9,0,0
1789904329341,68,98024,1,1088,-0.901,1,0.75,Walking,True,3.9,0,0
1789904329341,68,98024,1,1088,-0.901,1,0.75,Walking,True,3.9,0,0
1789904329341,68,98024,1,1088,-0.901,1,0.75,Walking,True,3.9,0,0
1789904329341,68,98024,1,1088,-0.901,1,0.75,Walking,True,3.9,0,0
1789904329356,69,99509,1,1104,-0.901,1,0.75,Walking,True,3.9,0,0
1789904329356,69,99509,1,1104,-0.901,1,0.75,Walking,True,3.9,0,0
1789904329356,69,99509,1,1104,-0.901,1,0.75,Walking,True,3.9,0,0
1789904329356,69,99509,1,1104,-0.901,1,0.75,Walking,True,3.9,0,0
1789904329356,69,99509,1,1104,-0.901,1,0.75,Walking,True,3.9,0,0
1789904329356,69,99509,1,1104,-0.901,1,0.75,Walking,True,3.9,0,0
1789904329356,69,99509,1,1104,-0.901,1,0.75,Walking,True,3.9,0,0
1789904329356,69,99509,1,1104,-0.901,1,0.75,Walking,True,3.9,0,0
1789904329372,70,100805,1,1120,-0.901,1,0.75,Walking,True,3.9,0,0
1789904329372,70,100805,1,1120,-0.901,1,0.75,Walking,True,3.9,0,0
1789904329372,70,100805,1,1120,-0.901,1,0.75,Walking,True,3.9,0,0
1789904329372,70,100805,1,1120,-0.901,1,0.75,Walking,True,3.9,0,0
1789904329372,70,100805,1,1120,-0.901,1,0.75,Walking,True,3.9,0,0
1789904329372,70,100805,1,1120,-0.901,1,0.75,Walking,True,3.9,0,0
1789904329372,70,100805,1,1120,-0.901,1,0.75,Walking,True,3.9,0,0
1789904329372,70,100805,1,1120,-0.901,1,0.75,Walking,True,3.9,0,0
1789904329387,71,101965,1,1136,-0.901,1,0.75,Walking,True,3.9,0,0
1789904329387,71,101965,1,1136,-0.901,1,0.75,Walking,True,3.9,0,0
1789904329387,71,101965,1,1136,-0.901,1,0.75,Walking,True,3.9,0,0
1789904329387,71,101965,1,1136,-0.901,1,0.75,Walking,True,3.9,0,0
1789904329387,71,101965,1,1136,-0.901,1,0.75,Walking,True,3.9,0,0
1789904329387,71,101965,1,1136,-0.901,1,0.75,Walking,True,3.9,0,0
1789904329387,71,101965,1,1136,-0.901,1,0.75,Walking,True,3.9,0,0
1789904329387,71,101965,1,1136,-0.901,1,0.75,Walking,True,3.9,0,0
1789904329403,72,103077,1,1152,-0.901,1,0.75,Walking,True,3.9,0,0
1789904329403,72,103077,1,1152,-0.901,1,0.75,Walking,True,3.9,0,0
1789904329403,72,103077,1,1152,-0.901,1,0.75,Walking,True,3.9,0,0
1789904329403,72,103077,1,1152,-0.901,1,0.75,Walking,True,3.9,0,0
1789904329403,72,103077,1,1152,-0.901,1,0.75,Walking,True,3.9,0,0
1789904329403,72,103077,1,1152,-0.901,1,0.75,Walking,True,3.9,0,0
1789904329403,72,103077,1,1152,-0.901,1,0.75,Walking,True,3.9,0,0
1789904329403,72,103077,1,1152,-0.901,1,0.75,Walking,True,3.9,0,0
1789904329418,73,104042,1,1168,-0.901,1,0.75,Walking,True,3.9,0,0
1789904329418,73,104042,1,1168,-0.901,1,0.75,Walking,True,3.9,0,0
1789904329418,73,104042,1,1168,-0.901,1,0.75,Walking,True,3.9,0,0
1789904329418,73,104042,1,1168,-0.901,1,0.75,Walking,True,3.9,0,0
1789904329418,73,104042,1,1168,-0.901,1,0.75,Walking,True,3.9,0,0
1789904329418,73,104042,1,1168,-0.901,1,0.75,Walking,True,3.9,0,0
1789904329418,73,104042,1,1168,-0.901,1,0.75,Walking,True,3.9,0,0
1789904329418,73,104042,1,1168,-0.901,1,0.75,Walking,True,3.9,0,0
1789904329434,74,105206,1,1184,-0.901,1,0.75,Walking,True,3.9,0,0
1789904329434,74,105206,1,1184,-0.901,1,0.75,Walking,True,3.9,0,0
1789904329434,74,105206,1,1184,-0.901,1,0.75,Walking,True,3.9,0,0
1789904329434,74,105206,1,1184,-0.901,1,0.75,Walking,True,3.9,0,0
1789904329434,74,105206,1,1184,-0.901,1,0.75,Walking,True,3.9,0,0
1789904329434,74,105206,1,1184,-0.901,1,0.75,Walking,True,3.9,0,0
1789904329434,74,105206,1,1184,-0.901,1,0.75,Walking,True,3.9,0,0
1789904329434,74,105206,1,1184,-0.901,1,0.75,Walking,True,3.9,0,0
1789904329449,75,106286,1,1200,-0.901,1,0.75,Walking,True,3.9,0,0
1789904329449,75,106286,1,1200,-0.901,1,0.75,Walking,True,3.9,0,0
1789904329449,75,106286,1,1200,-0.901,1,0.75,Walking,True,3.9,0,0
1789904329449,75,106286,1,1200,-0.901,1,0.75,Walking,True,3.9,0,0
1789904329449,75,106286,1,1200,-0.901,1,0.75,Walking,True,3.9,0,0
1789904329450,75,106286,1,1200,-0.901,1,0.75,Walking,True,3.9,0,0
1789904329450,75,106286,1,1200,-0.901,1,0.75,Walking,True,3.9,0,0
1789904329450,75,106286,1,1200,-0.901,1,0.75,Walking,True,3.9,0,0
1789904329464,76,107351,1,1216,-0.901,1,0.75,Walking,True,3.9,0,0
1789904329464,76,107351,1,1216,-0.901,1,0.75,Walking,True,3.9,0,0
1789904329464,76,107351,1,1216,-0.901,1,0.75,Walking,True,3.9,0,0
1789904329464,76,107351,1,1216,-0.901,1,0.75,Walking,True,3.9,0,0
1789904329464,76,107351,1,1216,-0.901,1,0.75,Walking,True,3.9,0,0
1789904329464,76,107351,1,1216,-0.901,1,0.75,Walking,True,3.9,0,0
1789904329464,76,107351,1,1216,-0.901,1,0.75,Walking,True,3.9,0,0
1789904329464,76,107351,1,1216,-0.901,1,0.75,Walking,True,3.9,0,0
1789904329481,77,108318,1,1232,-0.901,1,0.75,Walking,True,3.9,0,0
1789904329481,77,108318,1,1232,-0.901,1,0.75,Walking,True,3.9,0,0
1789904329481,77,108318,1,1232,-0.901,1,0.75,Walking,True,3.9,0,0
1789904329481,77,108318,1,1232,-0.901,1,0.75,Walking,True,3.9,0,0
1789904329481,77,108318,1,1232,-0.901,1,0.75,Walking,True,3.9,0,0
1789904329481,77,108318,1,1232,-0.901,1,0.75,Walking,True,3.9,0,0
1789904329481,77,108318,1,1232,-0.901,1,0.75,Walking,True,3.9,0,0
1789904329481,77,108318,1,1232,-0.901,1,0.75,Walking,True,3.9,0,0
1789904329496,78,109443,1,1248,-0.901,1,0.75,Walking,True,3.9,0,0
1789904329496,78,109443,1,1248,-0.901,1,0.75,Walking,True,3.9,0,0
1789904329496,78,109443,1,1248,-0.901,1,0.75,Walking,True,3.9,0,0
1789904329496,78,109443,1,1248,-0.901,1,0.75,Walking,True,3.9,0,0
1789904329496,78,109443,1,1248,-0.901,1,0.75,Walking,True,3.9,0,0
1789904329496,78,109443,1,1248,-0.901,1,0.75,Walking,True,3.9,0,0
1789904329496,78,109443,1,1248,-0.901,1,0.75,Walking,True,3.9,0,0
1789904329496,78,109443,1,1248,-0.901,1,0.75,Walking,True,3.9,0,0
1789904329511,79,110375,1,1264,-0.901,1,0.75,Walking,True,3.9,0,0
1789904329511,79,110375,1,1264,-0.901,1,0.75,Walking,True,3.9,0,0
1789904329511,79,110375,1,1264,-0.901,1,0.75,Walking,True,3.9,0,0
1789904329511,79,110375,1,1264,-0.901,1,0.75,Walking,True,3.9,0,0
1789904329511,79,110375,1,1264,-0.901,1,0.75,Walking,True,3.9,0,0
1789904329511,79,110375,1,1264,-0.901,1,0.75,Walking,True,3.9,0,0
1789904329511,79,110375,1,1264,-0.901,1,0.75,Walking,True,3.9,0,0
1789904329511,79,110375,1,1264,-0.901,1,0.75,Walking,True,3.9,0,0
1789904329527,80,111410,1,1280,-0.901,1,0.75,Walking,True,3.9,0,0
1789904329527,80,111410,1,1280,-0.901,1,0.75,Walking,True,3.9,0,0
1789904329527,80,111410,1,1280,-0.901,1,0.75,Walking,True,3.9,0,0
1789904329527,80,111410,1,1280,-0.901,1,0.75,Walking,True,3.9,0,0
1789904329527,80,111410,1,1280,-0.901,1,0.75,Walking,True,3.9,0,0
1789904329527,80,111410,1,1280,-0.901,1,0.75,Walking,True,3.9,0,0
1789904329527,80,111410,1,1280,-0.901,1,0.75,Walking,True,3.9,0,0
1789904329527,80,111410,1,1280,-0.901,1,0.75,Walking,True,3.9,0,0
1789904329543,81,112559,1,1296,-0.901,1,0.75,Walking,True,3.9,0,0
1789904329543,81,112559,1,1296,-0.901,1,0.75,Walking,True,3.9,0,0
1789904329543,81,112559,1,1296,-0.901,1,0.75,Walking,True,3.9,0,0
1789904329543,81,112559,1,1296,-0.901,1,0.75,Walking,True,3.9,0,0
1789904329543,81,112559,1,1296,-0.901,1,0.75,Walking,True,3.9,0,0
1789904329543,81,112559,1,1296,-0.901,1,0.75,Walking,True,3.9,0,0
1789904329543,81,112559,1,1296,-0.901,1,0.75,Walking,True,3.9,0,0
1789904329543,81,112559,1,1296,-0.901,1,0.75,Walking,True,3.9,0,0
1789904329558,82,113666,1,1312,-0.901,1,0.75,Walking,True,3.9,0,0
1789904329558,82,113666,1,1312,-0.901,1,0.75,Walking,True,3.9,0,0
1789904329558,82,113666,1,1312,-0.901,1,0.75,Walking,True,3.9,0,0
1789904329558,82,113666,1,1312,-0.901,1,0.75,Walking,True,3.9,0,0
1789904329558,82,113666,1,1312,-0.901,1,0.75,Walking,True,3.9,0,0
1789904329558,82,113666,1,1312,-0.901,1,0.75,Walking,True,3.9,0,0
1789904329558,82,113666,1,1312,-0.901,1,0.75,Walking,True,3.9,0,0
1789904329558,82,113666,1,1312,-0.901,1,0.75,Walking,True,3.9,0,0
1789904329574,83,114683,1,1328,-0.901,1,0.75,Walking,True,3.9,0,0
1789904329574,83,114683,1,1328,-0.901,1,0.75,Walking,True,3.9,0,0
1789904329574,83,114683,1,1328,-0.901,1,0.75,Walking,True,3.9,0,0
1789904329574,83,114683,1,1328,-0.901,1,0.75,Walking,True,3.9,0,0
1789904329574,83,114683,1,1328,-0.901,1,0.75,Walking,True,3.9,0,0
1789904329574,83,114683,1,1328,-0.901,1,0.75,Walking,True,3.9,0,0
1789904329574,83,114683,1,1328,-0.901,1,0.75,Walking,True,3.9,0,0
1789904329574,83,114683,1,1328,-0.901,1,0.75,Walking,True,3.9,0,0
1789904329590,84,115704,1,1344,-0.901,1,0.75,Walking,True,3.9,0,0
1789904329590,84,115704,1,1344,-0.901,1,0.75,Walking,True,3.9,0,0
1789904329590,84,115704,1,1344,-0.901,1,0.75,Walking,True,3.9,0,0
1789904329590,84,115704,1,1344,-0.901,1,0.75,Walking,True,3.9,0,0
1789904329590,84,115704,1,1344,-0.901,1,0.75,Walking,True,3.9,0,0
1789904329590,84,115704,1,1344,-0.901,1,0.75,Walking,True,3.9,0,0
1789904329590,84,115704,1,1344,-0.901,1,0.75,Walking,True,3.9,0,0
1789904329590,84,115704,1,1344,-0.901,1,0.75,Walking,True,3.9,0,0
1789904329605,85,116967,1,1360,-0.901,1,0.75,Walking,True,3.9,0,0
1789904329605,85,116967,1,1360,-0.901,1,0.75,Walking,True,3.9,0,0
1789904329605,85,116967,1,1360,-0.901,1,0.75,Walking,True,3.9,0,0
1789904329605,85,116967,1,1360,-0.901,1,0.75,Walking,True,3.9,0,0
1789904329605,85,116967,1,1360,-0.901,1,0.75,Walking,True,3.9,0,0
1789904329605,85,116967,1,1360,-0.901,1,0.75,Walking,True,3.9,0,0
1789904329605,85,116967,1,1360,-0.901,1,0.75,Walking,True,3.9,0,0
1789904329605,85,116967,1,1360,-0.901,1,0.75,Walking,True,3.9,0,0
1789904329621,86,118168,1,1376,-0.901,1,0.75,Walking,True,3.9,0,0
1789904329621,86,118168,1,1376,-0.901,1,0.75,Walking,True,3.9,0,0
1789904329621,86,118168,1,1376,-0.901,1,0.75,Walking,True,3.9,0,0
1789904329621,86,118168,1,1376,-0.901,1,0.75,Walking,True,3.9,0,0
1789904329621,86,118168,1,1376,-0.901,1,0.75,Walking,True,3.9,0,0
1789904329621,86,118168,1,1376,-0.901,1,0.75,Walking,True,3.9,0,0
1789904329621,86,118168,1,1376,-0.901,1,0.75,Walking,True,3.9,0,0
1789904329621,86,118168,1,1376,-0.901,1,0.75,Walking,True,3.9,0,0
1789904329637,87,119182,1,1392,-0.901,1,0.75,Walking,True,3.9,0,0
1789904329637,87,119182,1,1392,-0.901,1,0.75,Walking,True,3.9,0,0
1789904329637,87,119182,1,1392,-0.901,1,0.75,Walking,True,3.9,0,0
1789904329637,87,119182,1,1392,-0.901,1,0.75,Walking,True,3.9,0,0
1789904329637,87,119182,1,1392,-0.901,1,0.75,Walking,True,3.9,0,0
1789904329637,87,119182,1,1392,-0.901,1,0.75,Walking,True,3.9,0,0
1789904329637,87,119182,1,1392,-0.901,1,0.75,Walking,True,3.9,0,0
1789904329637,87,119182,1,1392,-0.901,1,0.75,Walking,True,3.9,0,0
1789904329652,88,120392,1,1408,-0.901,1,0.75,Walking,True,3.9,0,0
1789904329652,88,120392,1,1408,-0.901,1,0.75,Walking,True,3.9,0,0
1789904329652,88,120392,1,1408,-0.901,1,0.75,Walking,True,3.9,0,0
1789904329652,88,120392,1,1408,-0.901,1,0.75,Walking,True,3.9,0,0
1789904329652,88,120392,1,1408,-0.901,1,0.75,Walking,True,3.9,0,0
1789904329652,88,120392,1,1408,-0.901,1,0.75,Walking,True,3.9,0,0
1789904329652,88,120392,1,1408,-0.901,1,0.75,Walking,True,3.9,0,0
1789904329652,88,120392,1,1408,-0.901,1,0.75,Walking,True,3.9,0,0
1789904329668,89,121550,1,1424,-0.901,1,0.75,Walking,True,3.9,0,0
1789904329668,89,121550,1,1424,-0.901,1,0.75,Walking,True,3.9,0,0
1789904329668,89,121550,1,1424,-0.901,1,0.75,Walking,True,3.9,0,0
1789904329668,89,121550,1,1424,-0.901,1,0.75,Walking,True,3.9,0,0
1789904329668,89,121550,1,1424,-0.901,1,0.75,Walking,True,3.9,0,0
1789904329668,89,121550,1,1424,-0.901,1,0.75,Walking,True,3.9,0,0
1789904329668,89,121550,1,1424,-0.901,1,0.75,Walking,True,3.9,0,0
1789904329668,89,121550,1,1424,-0.901,1,0.75,Walking,True,3.9,0,0
1789904329684,90,122676,1,1440,-0.901,1,0.75,Walking,True,3.9,0,0
1789904329684,90,122676,1,1440,-0.901,1,0.75,Walking,True,3.9,0,0
1789904329684,90,122676,1,1440,-0.901,1,0.75,Walking,True,3.9,0,0
1789904329684,90,122676,1,1440,-0.901,1,0.75,Walking,True,3.9,0,0
1789904329684,90,122676,1,1440,-0.901,1,0.75,Walking,True,3.9,0,0
1789904329684,90,122676,1,1440,-0.901,1,0.75,Walking,True,3.9,0,0
1789904329684,90,122676,1,1440,-0.901,1,0.75,Walking,True,3.9,0,0
1789904329684,90,122676,1,1440,-0.901,1,0.75,Walking,True,3.9,0,0
1789904329698,91,123863,1,1456,-0.901,1,0.75,Walking,True,3.9,0,0
1789904329698,91,123863,1,1456,-0.901,1,0.75,Walking,True,3.9,0,0
1789904329698,91,123863,1,1456,-0.901,1,0.75,Walking,True,3.9,0,0
1789904329698,91,123863,1,1456,-0.901,1,0.75,Walking,True,3.9,0,0
1789904329698,91,123863,1,1456,-0.901,1,0.75,Walking,True,3.9,0,0
1789904329698,91,123863,1,1456,-0.901,1,0.75,Walking,True,3.9,0,0
1789904329698,91,123863,1,1456,-0.901,1,0.75,Walking,True,3.9,0,0
1789904329698,91,123863,1,1456,-0.901,1,0.75,Walking,True,3.9,0,0
1789904329714,92,125073,1,1472,-0.901,1,0.75,Walking,True,3.9,0,0
1789904329714,92,125073,1,1472,-0.901,1,0.75,Walking,True,3.9,0,0
1789904329714,92,125073,1,1472,-0.901,1,0.75,Walking,True,3.9,0,0
1789904329714,92,125073,1,1472,-0.901,1,0.75,Walking,True,3.9,0,0
1789904329714,92,125073,1,1472,-0.901,1,0.75,Walking,True,3.9,0,0
1789904329714,92,125073,1,1472,-0.901,1,0.75,Walking,True,3.9,0,0
1789904329714,92,125073,1,1472,-0.901,1,0.75,Walking,True,3.9,0,0
1789904329714,92,125073,1,1472,-0.901,1,0.75,Walking,True,3.9,0,0
1789904329729,93,126476,1,1488,-0.901,1,0.75,Walking,True,3.9,0,0
1789904329730,93,126476,1,1488,-0.901,1,0.75,Walking,True,3.9,0,0
1789904329730,93,126476,1,1488,-0.901,1,0.75,Walking,True,3.9,0,0
1789904329730,93,126476,1,1488,-0.901,1,0.75,Walking,True,3.9,0,0
1789904329730,93,126476,1,1488,-0.901,1,0.75,Walking,True,3.9,0,0
1789904329730,93,126476,1,1488,-0.901,1,0.75,Walking,True,3.9,0,0
1789904329730,93,126476,1,1488,-0.901,1,0.75,Walking,True,3.9,0,0
1789904329730,93,126476,1,1488,-0.901,1,0.75,Walking,True,3.9,0,0
1789904329745,94,127964,1,1504,-0.901,1,0.75,Walking,True,3.9,0,0
1789904329745,94,127964,1,1504,-0.901,1,0.75,Walking,True,3.9,0,0
1789904329745,94,127964,1,1504,-0.901,1,0.75,Walking,True,3.9,0,0
1789904329745,94,127964,1,1504,-0.901,1,0.75,Walking,True,3.9,0,0
1789904329745,94,127964,1,1504,-0.901,1,0.75,Walking,True,3.9,0,0
1789904329745,94,127964,1,1504,-0.901,1,0.75,Walking,True,3.9,0,0
1789904329745,94,127964,1,1504,-0.901,1,0.75,Walking,True,3.9,0,0
1789904329745,94,127964,1,1504,-0.901,1,0.75,Walking,True,3.9,0,0
1789904329760,95,129499,1,1520,-0.901,1,0.75,Walking,True,3.9,0,0
1789904329760,95,129499,1,1520,-0.901,1,0.75,Walking,True,3.9,0,0
1789904329760,95,129499,1,1520,-0.901,1,0.75,Walking,True,3.9,0,0
1789904329760,95,129499,1,1520,-0.901,1,0.75,Walking,True,3.9,0,0
1789904329760,95,129499,1,1520,-0.901,1,0.75,Walking,True,3.9,0,0
1789904329760,95,129499,1,1520,-0.901,1,0.75,Walking,True,3.9,0,0
1789904329760,95,129499,1,1520,-0.901,1,0.75,Walking,True,3.9,0,0
1789904329760,95,129499,1,1520,-0.901,1,0.75,Walking,True,3.9,0,0
1789904329775,96,130930,1,1536,-0.901,1,0.75,Walking,True,3.9,0,0
1789904329775,96,130930,1,1536,-0.901,1,0.75,Walking,True,3.9,0,0
1789904329775,96,130930,1,1536,-0.901,1,0.75,Walking,True,3.9,0,0
1789904329775,96,130930,1,1536,-0.901,1,0.75,Walking,True,3.9,0,0
1789904329775,96,130930,1,1536,-0.901,1,0.75,Walking,True,3.9,0,0
1789904329775,96,130930,1,1536,-0.901,1,0.75,Walking,True,3.9,0,0
1789904329775,96,130930,1,1536,-0.901,1,0.75,Walking,True,3.9,0,0
1789904329775,96,130930,1,1536,-0.901,1,0.75,Walking,True,3.9,0,0
1789904329791,97,132370,1,1552,-0.901,1,0.75,Walking,True,3.9,0,0
1789904329791,97,132370,1,1552,-0.901,1,0.75,Walking,True,3.9,0,0
1789904329791,97,132370,1,1552,-0.901,1,0.75,Walking,True,3.9,0,0
1789904329791,97,132370,1,1552,-0.901,1,0.75,Walking,True,3.9,0,0
1789904329791,97,132370,1,1552,-0.901,1,0.75,Walking,True,3.9,0,0
1789904329791,97,132370,1,1552,-0.901,1,0.75,Walking,True,3.9,0,0
1789904329791,97,132370,1,1552,-0.901,1,0.75,Walking,True,3.9,0,0
1789904329791,97,132370,1,1552,-0.901,1,0.75,Walking,True,3.9,0,0
1789904329806,98,133832,1,1568,-0.901,1,0.75,Walking,True,3.9,0,0
1789904329806,98,133832,1,1568,-0.901,1,0.75,Walking,True,3.9,0,0
1789904329806,98,133832,1,1568,-0.901,1,0.75,Walking,True,3.9,0,0
1789904329806,98,133832,1,1568,-0.901,1,0.75,Walking,True,3.9,0,0
1789904329806,98,133832,1,1568,-0.901,1,0.75,Walking,True,3.9,0,0
1789904329806,98,133832,1,1568,-0.901,1,0.75,Walking,True,3.9,0,0
1789904329806,98,133832,1,1568,-0.901,1,0.75,Walking,True,3.9,0,0
1789904329806,98,133832,1,1568,-0.901,1,0.75,Walking,True,3.9,0,0
1789904329837,99,135329,1,1584,-0.901,1,0.75,Walking,True,3.9,0,0
1789904329837,99,135329,1,1584,-0.901,1,0.75,Walking,True,3.9,0,0
1789904329837,99,135329,1,1584,-0.901,1,0.75,Walking,True,3.9,0,0
1789904329837,99,135329,1,1584,-0.901,1,0.75,Walking,True,3.9,0,0
1789904329837,99,135329,1,1584,-0.901,1,0.75,Walking,True,3.9,0,0
1789904329837,99,135329,1,1584,-0.901,1,0.75,Walking,True,3.9,0,0
1789904329837,99,135329,1,1584,-0.901,1,0.75,Walking,True,3.9,0,0
1789904329837,99,135329,1,1584,-0.901,1,0.75,Walking,True,3.9,0,0
1789904329869,101,138312,1,1616,-0.901,1,0.75,Walking,True,3.9,0,0
1789904329869,101,138312,1,1616,-0.901,1,0.75,Walking,True,3.9,0,0
1789904329869,101,138312,1,1616,-0.901,1,0.75,Walking,True,3.9,0,0
1789904329869,101,138312,1,1616,-0.901,1,0.75,Walking,True,3.9,0,0
1789904329869,101,138312,1,1616,-0.901,1,0.75,Walking,True,3.9,0,0
1789904329869,101,138312,1,1616,-0.901,1,0.75,Walking,True,3.9,0,0
1789904329869,101,138312,1,1616,-0.901,1,0.75,Walking,True,3.9,0,0
1789904329869,101,138312,1,1616,-0.901,1,0.75,Walking,True,3.9,0,0
1789904329885,102,141175,1,1632,-0.901,1,0.75,Walking,True,3.9,0,0
1789904329885,102,141175,1,1632,-0.901,1,0.75,Walking,True,3.9,0,0
1789904329885,102,141175,1,1632,-0.901,1,0.75,Walking,True,3.9,0,0
1789904329885,102,141175,1,1632,-0.901,1,0.75,Walking,True,3.9,0,0
1789904329885,102,141175,1,1632,-0.901,1,0.75,Walking,True,3.9,0,0
1789904329885,102,141175,1,1632,-0.901,1,0.75,Walking,True,3.9,0,0
1789904329885,102,141175,1,1632,-0.901,1,0.75,Walking,True,3.9,0,0
1789904329885,102,141175,1,1632,-0.901,1,0.75,Walking,True,3.9,0,0
1789904329901,103,142579,1,1648,-0.901,1,0.75,Walking,True,3.9,0,0
1789904329901,103,142579,1,1648,-0.901,1,0.75,Walking,True,3.9,0,0
1789904329901,103,142579,1,1648,-0.901,1,0.75,Walking,True,3.9,0,0
1789904329901,103,142579,1,1648,-0.901,1,0.75,Walking,True,3.9,0,0
1789904329901,103,142579,1,1648,-0.901,1,0.75,Walking,True,3.9,0,0
1789904329901,103,142579,1,1648,-0.901,1,0.75,Walking,True,3.9,0,0
1789904329901,103,142579,1,1648,-0.901,1,0.75,Walking,True,3.9,0,0
1789904329901,103,142579,1,1648,-0.901,1,0.75,Walking,True,3.9,0,0
1789904329916,104,143820,1,1664,-0.901,1,0.75,Walking,True,3.9,0,0
1789904329916,104,143820,1,1664,-0.901,1,0.75,Walking,True,3.9,0,0
1789904329916,104,143820,1,1664,-0.901,1,0.75,Walking,True,3.9,0,0
1789904329916,104,143820,1,1664,-0.901,1,0.75,Walking,True,3.9,0,0
1789904329916,104,143820,1,1664,-0.901,1,0.75,Walking,True,3.9,0,0
1789904329916,104,143820,1,1664,-0.901,1,0.75,Walking,True,3.9,0,0
1789904329916,104,143820,1,1664,-0.901,1,0.75,Walking,True,3.9,0,0
1789904329917,104,143820,1,1664,-0.901,1,0.75,Walking,True,3.9,0,0
1789904329932,105,144940,1,1680,-0.901,1,0.75,Walking,True,3.9,0,0
1789904329932,105,144940,1,1680,-0.901,1,0.75,Walking,True,3.9,0,0
1789904329932,105,144940,1,1680,-0.901,1,0.75,Walking,True,3.9,0,0
1789904329932,105,144940,1,1680,-0.901,1,0.75,Walking,True,3.9,0,0
1789904329932,105,144940,1,1680,-0.901,1,0.75,Walking,True,3.9,0,0
1789904329932,105,144940,1,1680,-0.901,1,0.75,Walking,True,3.9,0,0
1789904329932,105,144940,1,1680,-0.901,1,0.75,Walking,True,3.9,0,0
1789904329932,105,144940,1,1680,-0.901,1,0.75,Walking,True,3.9,0,0
1789904329948,106,146042,1,1696,-0.901,1,0.75,Walking,True,3.9,0,0
1789904329948,106,146042,1,1696,-0.901,1,0.75,Walking,True,3.9,0,0
1789904329948,106,146042,1,1696,-0.901,1,0.75,Walking,True,3.9,0,0
1789904329949,106,146042,1,1696,-0.901,1,0.75,Walking,True,3.9,0,0
1789904329949,106,146042,1,1696,-0.901,1,0.75,Walking,True,3.9,0,0
1789904329949,106,146042,1,1696,-0.901,1,0.75,Walking,True,3.9,0,0
1789904329949,106,146042,1,1696,-0.901,1,0.75,Walking,True,3.9,0,0
1789904329949,106,146042,1,1696,-0.901,1,0.75,Walking,True,3.9,0,0
1789904329964,107,147237,1,1712,-0.901,1,0.75,Walking,True,3.9,0,0
1789904329964,107,147237,1,1712,-0.901,1,0.75,Walking,True,3.9,0,0
1789904329964,107,147237,1,1712,-0.901,1,0.75,Walking,True,3.9,0,0
1789904329964,107,147237,1,1712,-0.901,1,0.75,Walking,True,3.9,0,0
1789904329964,107,147237,1,1712,-0.901,1,0.75,Walking,True,3.9,0,0
1789904329964,107,147237,1,1712,-0.901,1,0.75,Walking,True,3.9,0,0
1789904329964,107,147237,1,1712,-0.901,1,0.75,Walking,True,3.9,0,0
1789904329964,107,147237,1,1712,-0.901,1,0.75,Walking,True,3.9,0,0
1789904329979,108,148342,1,1728,-0.901,1,0.75,Walking,True,3.9,0,0
1789904329979,108,148342,1,1728,-0.901,1,0.75,Walking,True,3.9,0,0
1789904329979,108,148342,1,1728,-0.901,1,0.75,Walking,True,3.9,0,0
1789904329979,108,148342,1,1728,-0.901,1,0.75,Walking,True,3.9,0,0
1789904329979,108,148342,1,1728,-0.901,1,0.75,Walking,True,3.9,0,0
1789904329979,108,148342,1,1728,-0.901,1,0.75,Walking,True,3.9,0,0
1789904329979,108,148342,1,1728,-0.901,1,0.75,Walking,True,3.9,0,0
1789904329979,108,148342,1,1728,-0.901,1,0.75,Walking,True,3.9,0,0
1789904329995,109,149655,1,1744,-0.901,1,0.75,Walking,True,3.9,0,0
1789904329995,109,149655,1,1744,-0.901,1,0.75,Walking,True,3.9,0,0
1789904329995,109,149655,1,1744,-0.901,1,0.75,Walking,True,3.9,0,0
1789904329995,109,149655,1,1744,-0.901,1,0.75,Walking,True,3.9,0,0
1789904329995,109,149655,1,1744,-0.901,1,0.75,Walking,True,3.9,0,0
1789904329995,109,149655,1,1744,-0.901,1,0.75,Walking,True,3.9,0,0
1789904329995,109,149655,1,1744,-0.901,1,0.75,Walking,True,3.9,0,0
1789904329995,109,149655,1,1744,-0.901,1,0.75,Walking,True,3.9,0,0
1789904330011,110,150979,1,1760,-0.901,1,0.75,Walking,True,3.9,0,0
1789904330011,110,150979,1,1760,-0.901,1,0.75,Walking,True,3.9,0,0
1789904330011,110,150979,1,1760,-0.901,1,0.75,Walking,True,3.9,0,0
1789904330011,110,150979,1,1760,-0.901,1,0.75,Walking,True,3.9,0,0
1789904330011,110,150979,1,1760,-0.901,1,0.75,Walking,True,3.9,0,0
1789904330011,110,150979,1,1760,-0.901,1,0.75,Walking,True,3.9,0,0
1789904330011,110,150979,1,1760,-0.901,1,0.75,Walking,True,3.9,0,0
1789904330011,110,150979,1,1760,-0.901,1,0.75,Walking,True,3.9,0,0
1789904330026,111,152289,1,1776,-0.901,1,0.75,Walking,True,3.9,0,0
1789904330026,111,152289,1,1776,-0.901,1,0.75,Walking,True,3.9,0,0
1789904330026,111,152289,1,1776,-0.901,1,0.75,Walking,True,3.9,0,0
1789904330026,111,152289,1,1776,-0.901,1,0.75,Walking,True,3.9,0,0
1789904330026,111,152289,1,1776,-0.901,1,0.75,Walking,True,3.9,0,0
1789904330027,111,152289,1,1776,-0.901,1,0.75,Walking,True,3.9,0,0
1789904330027,111,152289,1,1776,-0.901,1,0.75,Walking,True,3.9,0,0
1789904330027,111,152289,1,1776,-0.901,1,0.75,Walking,True,3.9,0,0
1789904330043,112,153766,1,1792,-0.901,1,0.75,Walking,True,3.9,0,0
1789904330043,112,153766,1,1792,-0.901,1,0.75,Walking,True,3.9,0,0
1789904330043,112,153766,1,1792,-0.901,1,0.75,Walking,True,3.9,0,0
1789904330043,112,153766,1,1792,-0.901,1,0.75,Walking,True,3.9,0,0
1789904330043,112,153766,1,1792,-0.901,1,0.75,Walking,True,3.9,0,0
1789904330043,112,153766,1,1792,-0.901,1,0.75,Walking,True,3.9,0,0
1789904330043,112,153766,1,1792,-0.901,1,0.75,Walking,True,3.9,0,0
1789904330043,112,153766,1,1792,-0.901,1,0.75,Walking,True,3.9,0,0
1789904330058,113,155249,1,1808,-0.901,1,0.75,Walking,True,3.9,0,0
1789904330058,113,155249,1,1808,-0.901,1,0.75,Walking,True,3.9,0,0
1789904330058,113,155249,1,1808,-0.901,1,0.75,Walking,True,3.9,0,0
1789904330058,113,155249,1,1808,-0.901,1,0.75,Walking,True,3.9,0,0
1789904330058,113,155249,1,1808,-0.901,1,0.75,Walking,True,3.9,0,0
1789904330058,113,155249,1,1808,-0.901,1,0.75,Walking,True,3.9,0,0
1789904330058,113,155249,1,1808,-0.901,1,0.75,Walking,True,3.9,0,0
1789904330058,113,155249,1,1808,-0.901,1,0.75,Walking,True,3.9,0,0
1789904330073,114,156701,1,1824,-0.901,1,0.75,Walking,True,3.9,0,0
1789904330073,114,156701,1,1824,-0.901,1,0.75,Walking,True,3.9,0,0
1789904330073,114,156701,1,1824,-0.901,1,0.75,Walking,True,3.9,0,0
1789904330073,114,156701,1,1824,-0.901,1,0.75,Walking,True,3.9,0,0
1789904330073,114,156701,1,1824,-0.901,1,0.75,Walking,True,3.9,0,0
1789904330073,114,156701,1,1824,-0.901,1,0.75,Walking,True,3.9,0,0
1789904330073,114,156701,1,1824,-0.901,1,0.75,Walking,True,3.9,0,0
1789904330073,114,156701,1,1824,-0.901,1,0.75,Walking,True,3.9,0,0
1789904330089,115,158145,1,1840,-0.901,1,0.75,Walking,True,3.9,0,0
1789904330089,115,158145,1,1840,-0.901,1,0.75,Walking,True,3.9,0,0
1789904330089,115,158145,1,1840,-0.901,1,0.75,Walking,True,3.9,0,0
1789904330089,115,158145,1,1840,-0.901,1,0.75,Walking,True,3.9,0,0
1789904330089,115,158145,1,1840,-0.901,1,0.75,Walking,True,3.9,0,0
1789904330089,115,158145,1,1840,-0.901,1,0.75,Walking,True,3.9,0,0
1789904330089,115,158145,1,1840,-0.901,1,0.75,Walking,True,3.9,0,0
1789904330089,115,158145,1,1840,-0.901,1,0.75,Walking,True,3.9,0,0
1789904330105,116,159563,1,1856,-0.901,1,0.75,Walking,True,3.9,0,0
1789904330105,116,159563,1,1856,-0.901,1,0.75,Walking,True,3.9,0,0
1789904330105,116,159563,1,1856,-0.901,1,0.75,Walking,True,3.9,0,0
1789904330105,116,159563,1,1856,-0.901,1,0.75,Walking,True,3.9,0,0
1789904330105,116,159563,1,1856,-0.901,1,0.75,Walking,True,3.9,0,0
1789904330105,116,159563,1,1856,-0.901,1,0.75,Walking,True,3.9,0,0
1789904330105,116,159563,1,1856,-0.901,1,0.75,Walking,True,3.9,0,0
1789904330105,116,159563,1,1856,-0.901,1,0.75,Walking,True,3.9,0,0
1789904330120,117,160503,1,1872,-0.901,1,0.75,Walking,True,3.9,0,0
1789904330120,117,160503,1,1872,-0.901,1,0.75,Walking,True,3.9,0,0
1789904330120,117,160503,1,1872,-0.901,1,0.75,Walking,True,3.9,0,0
1789904330120,117,160503,1,1872,-0.901,1,0.75,Walking,True,3.9,0,0
1789904330120,117,160503,1,1872,-0.901,1,0.75,Walking,True,3.9,0,0
1789904330120,117,160503,1,1872,-0.901,1,0.75,Walking,True,3.9,0,0
1789904330120,117,160503,1,1872,-0.901,1,0.75,Walking,True,3.9,0,0
1789904330120,117,160503,1,1872,-0.901,1,0.75,Walking,True,3.9,0,0
1789904330136,118,161791,1,1888,-0.901,1,0.75,Walking,True,3.9,0,0
1789904330136,118,161791,1,1888,-0.901,1,0.75,Walking,True,3.9,0,0
1789904330136,118,161791,1,1888,-0.901,1,0.75,Walking,True,3.9,0,0
1789904330136,118,161791,1,1888,-0.901,1,0.75,Walking,True,3.9,0,0
1789904330136,118,161791,1,1888,-0.901,1,0.75,Walking,True,3.9,0,0
1789904330136,118,161791,1,1888,-0.901,1,0.75,Walking,True,3.9,0,0
1789904330136,118,161791,1,1888,-0.901,1,0.75,Walking,True,3.9,0,0
1789904330136,118,161791,1,1888,-0.901,1,0.75,Walking,True,3.9,0,0
1789904330150,119,163240,1,1904,-0.901,1,0.75,Walking,True,3.9,0,0
1789904330150,119,163240,1,1904,-0.901,1,0.75,Walking,True,3.9,0,0
1789904330150,119,163240,1,1904,-0.901,1,0.75,Walking,True,3.9,0,0
1789904330150,119,163240,1,1904,-0.901,1,0.75,Walking,True,3.9,0,0
1789904330150,119,163240,1,1904,-0.901,1,0.75,Walking,True,3.9,0,0
1789904330150,119,163240,1,1904,-0.901,1,0.75,Walking,True,3.9,0,0
1789904330150,119,163240,1,1904,-0.901,1,0.75,Walking,True,3.9,0,0
1789904330150,119,163240,1,1904,-0.901,1,0.75,Walking,True,3.9,0,0
1789904330166,120,164541,1,1920,-0.901,1,0.75,Walking,True,3.9,0,0
1789904330166,120,164541,1,1920,-0.901,1,0.75,Walking,True,3.9,0,0
1789904330166,120,164541,1,1920,-0.901,1,0.75,Walking,True,3.9,0,0
1789904330166,120,164541,1,1920,-0.901,1,0.75,Walking,True,3.9,0,0
1789904330166,120,164541,1,1920,-0.901,1,0.75,Walking,True,3.9,0,0
1789904330166,120,164541,1,1920,-0.901,1,0.75,Walking,True,3.9,0,0
1789904330166,120,164541,1,1920,-0.901,1,0.75,Walking,True,3.9,0,0
1789904330166,120,164541,1,1920,-0.901,1,0.75,Walking,True,3.9,0,0
1789904330181,121,165847,1,1936,-0.901,1,0.75,Walking,True,3.9,0,0
1789904330181,121,165847,1,1936,-0.901,1,0.75,Walking,True,3.9,0,0
1789904330181,121,165847,1,1936,-0.901,1,0.75,Walking,True,3.9,0,0
1789904330181,121,165847,1,1936,-0.901,1,0.75,Walking,True,3.9,0,0
1789904330181,121,165847,1,1936,-0.901,1,0.75,Walking,True,3.9,0,0
1789904330181,121,165847,1,1936,-0.901,1,0.75,Walking,True,3.9,0,0
1789904330181,121,165847,1,1936,-0.901,1,0.75,Walking,True,3.9,0,0
1789904330181,121,165847,1,1936,-0.901,1,0.75,Walking,True,3.9,0,0
1789904330196,122,167158,1,1952,-0.901,1,0.75,Walking,True,3.9,0,0
1789904330196,122,167158,1,1952,-0.901,1,0.75,Walking,True,3.9,0,0
1789904330196,122,167158,1,1952,-0.901,1,0.75,Walking,True,3.9,0,0
1789904330196,122,167158,1,1952,-0.901,1,0.75,Walking,True,3.9,0,0
1789904330196,122,167158,1,1952,-0.901,1,0.75,Walking,True,3.9,0,0
1789904330197,122,167158,1,1952,-0.901,1,0.75,Walking,True,3.9,0,0
1789904330197,122,167158,1,1952,-0.901,1,0.75,Walking,True,3.9,0,0
1789904330197,122,167158,1,1952,-0.901,1,0.75,Walking,True,3.9,0,0
1789904330212,123,168510,1,1968,-0.901,1,0.75,Walking,True,3.9,0,0
1789904330212,123,168510,1,1968,-0.901,1,0.75,Walking,True,3.9,0,0
1789904330212,123,168510,1,1968,-0.901,1,0.75,Walking,True,3.9,0,0
1789904330212,123,168510,1,1968,-0.901,1,0.75,Walking,True,3.9,0,0
1789904330212,123,168510,1,1968,-0.901,1,0.75,Walking,True,3.9,0,0
1789904330212,123,168510,1,1968,-0.901,1,0.75,Walking,True,3.9,0,0
1789904330212,123,168510,1,1968,-0.901,1,0.75,Walking,True,3.9,0,0
1789904330212,123,168510,1,1968,-0.901,1,0.75,Walking,True,3.9,0,0
1789904330227,124,169772,1,1984,-0.901,1,0.75,Walking,True,3.9,0,0
1789904330227,124,169772,1,1984,-0.901,1,0.75,Walking,True,3.9,0,0
1789904330227,124,169772,1,1984,-0.901,1,0.75,Walking,True,3.9,0,0
1789904330227,124,169772,1,1984,-0.901,1,0.75,Walking,True,3.9,0,0
1789904330227,124,169772,1,1984,-0.901,1,0.75,Walking,True,3.9,0,0
1789904330227,124,169772,1,1984,-0.901,1,0.75,Walking,True,3.9,0,0
1789904330227,124,169772,1,1984,-0.901,1,0.75,Walking,True,3.9,0,0
1789904330227,124,169772,1,1984,-0.901,1,0.75,Walking,True,3.9,0,0
1789904330244,125,171001,1,2000,-0.901,1,0.75,Walking,True,3.9,0,0
1789904330244,125,171001,1,2000,-0.901,1,0.75,Walking,True,3.9,0,0
1789904330244,125,171001,1,2000,-0.901,1,0.75,Walking,True,3.9,0,0
1789904330244,125,171001,1,2000,-0.901,1,0.75,Walking,True,3.9,0,0
1789904330244,125,171001,1,2000,-0.901,1,0.75,Walking,True,3.9,0,0
1789904330244,125,171001,1,2000,-0.901,1,0.75,Walking,True,3.9,0,0
1789904330244,125,171001,1,2000,-0.901,1,0.75,Walking,True,3.9,0,0
1789904330244,125,171001,1,2000,-0.901,1,0.75,Walking,True,3.9,0,0
1789904330259,126,172429,1,2016,-0.901,1,0.75,Walking,True,3.9,0,0
1789904330259,126,172429,1,2016,-0.901,1,0.75,Walking,True,3.9,0,0
1789904330259,126,172429,1,2016,-0.901,1,0.75,Walking,True,3.9,0,0
1789904330259,126,172429,1,2016,-0.901,1,0.75,Walking,True,3.9,0,0
1789904330259,126,172429,1,2016,-0.901,1,0.75,Walking,True,3.9,0,0
1789904330259,126,172429,1,2016,-0.901,1,0.75,Walking,True,3.9,0,0
1789904330259,126,172429,1,2016,-0.901,1,0.75,Walking,True,3.9,0,0
1789904330259,126,172429,1,2016,-0.901,1,0.75,Walking,True,3.9,0,0
1789904330275,127,173938,1,2032,-0.901,1,0.75,Walking,True,3.9,0,0
1789904330275,127,173938,1,2032,-0.901,1,0.75,Walking,True,3.9,0,0
1789904330275,127,173938,1,2032,-0.901,1,0.75,Walking,True,3.9,0,0
1789904330275,127,173938,1,2032,-0.901,1,0.75,Walking,True,3.9,0,0
1789904330275,127,173938,1,2032,-0.901,1,0.75,Walking,True,3.9,0,0
1789904330275,127,173938,1,2032,-0.901,1,0.75,Walking,True,3.9,0,0
1789904330275,127,173938,1,2032,-0.901,1,0.75,Walking,True,3.9,0,0
1789904330275,127,173938,1,2032,-0.901,1,0.75,Walking,True,3.9,0,0
1789904330291,128,175298,1,2048,-0.901,1,0.75,Walking,True,3.9,0,0
1789904330291,128,175298,1,2048,-0.901,1,0.75,Walking,True,3.9,0,0
1789904330291,128,175298,1,2048,-0.901,1,0.75,Walking,True,3.9,0,0
1789904330291,128,175298,1,2048,-0.901,1,0.75,Walking,True,3.9,0,0
1789904330291,128,175298,1,2048,-0.901,1,0.75,Walking,True,3.9,0,0
1789904330291,128,175298,1,2048,-0.901,1,0.75,Walking,True,3.9,0,0
1789904330291,128,175298,1,2048,-0.901,1,0.75,Walking,True,3.9,0,0
1789904330291,128,175298,1,2048,-0.901,1,0.75,Walking,True,3.9,0,0
1789904330306,129,176592,1,2064,-0.901,1,0.75,Walking,True,3.9,0,0
1789904330306,129,176592,1,2064,-0.901,1,0.75,Walking,True,3.9,0,0
1789904330306,129,176592,1,2064,-0.901,1,0.75,Walking,True,3.9,0,0
1789904330306,129,176592,1,2064,-0.901,1,0.75,Walking,True,3.9,0,0
1789904330306,129,176592,1,2064,-0.901,1,0.75,Walking,True,3.9,0,0
1789904330306,129,176592,1,2064,-0.901,1,0.75,Walking,True,3.9,0,0
1789904330306,129,176592,1,2064,-0.901,1,0.75,Walking,True,3.9,0,0
1789904330306,129,176592,1,2064,-0.901,1,0.75,Walking,True,3.9,0,0
1789904330321,130,177718,1,2080,-0.901,1,0.75,Walking,True,3.9,0,0
1789904330321,130,177718,1,2080,-0.901,1,0.75,Walking,True,3.9,0,0
1789904330321,130,177718,1,2080,-0.901,1,0.75,Walking,True,3.9,0,0
1789904330321,130,177718,1,2080,-0.901,1,0.75,Walking,True,3.9,0,0
1789904330321,130,177718,1,2080,-0.901,1,0.75,Walking,True,3.9,0,0
1789904330321,130,177718,1,2080,-0.901,1,0.75,Walking,True,3.9,0,0
1789904330321,130,177718,1,2080,-0.901,1,0.75,Walking,True,3.9,0,0
1789904330321,130,177718,1,2080,-0.901,1,0.75,Walking,True,3.9,0,0
1789904330337,131,178862,1,2096,-0.901,1,0.75,Walking,True,3.9,0,0
1789904330337,131,178862,1,2096,-0.901,1,0.75,Walking,True,3.9,0,0
1789904330337,131,178862,1,2096,-0.901,1,0.75,Walking,True,3.9,0,0
1789904330337,131,178862,1,2096,-0.901,1,0.75,Walking,True,3.9,0,0
1789904330337,131,178862,1,2096,-0.901,1,0.75,Walking,True,3.9,0,0
1789904330337,131,178862,1,2096,-0.901,1,0.75,Walking,True,3.9,0,0
1789904330337,131,178862,1,2096,-0.901,1,0.75,Walking,True,3.9,0,0
1789904330337,131,178862,1,2096,-0.901,1,0.75,Walking,True,3.9,0,0
1789904330352,132,180087,1,2112,-0.901,1,0.75,Walking,True,3.9,0,0
1789904330352,132,180087,1,2112,-0.901,1,0.75,Walking,True,3.9,0,0
1789904330353,132,180087,1,2112,-0.901,1,0.75,Walking,True,3.9,0,0
1789904330353,132,180087,1,2112,-0.901,1,0.75,Walking,True,3.9,0,0
1789904330353,132,180087,1,2112,-0.901,1,0.75,Walking,True,3.9,0,0
1789904330353,132,180087,1,2112,-0.901,1,0.75,Walking,True,3.9,0,0
1789904330353,132,180087,1,2112,-0.901,1,0.75,Walking,True,3.9,0,0
1789904330353,132,180087,1,2112,-0.901,1,0.75,Walking,True,3.9,0,0
1789904330369,133,181253,1,2128,-0.901,1,0.75,Walking,True,3.9,0,0
1789904330369,133,181253,1,2128,-0.901,1,0.75,Walking,True,3.9,0,0
1789904330369,133,181253,1,2128,-0.901,1,0.75,Walking,True,3.9,0,0
1789904330369,133,181253,1,2128,-0.901,1,0.75,Walking,True,3.9,0,0
1789904330369,133,181253,1,2128,-0.901,1,0.75,Walking,True,3.9,0,0
1789904330369,133,181253,1,2128,-0.901,1,0.75,Walking,True,3.9,0,0
1789904330369,133,181253,1,2128,-0.901,1,0.75,Walking,True,3.9,0,0
1789904330369,133,181253,1,2128,-0.901,1,0.75,Walking,True,3.9,0,0
1789904330384,134,182470,1,2144,-0.901,1,0.75,Walking,True,3.9,0,0
1789904330384,134,182470,1,2144,-0.901,1,0.75,Walking,True,3.9,0,0
1789904330384,134,182470,1,2144,-0.901,1,0.75,Walking,True,3.9,0,0
1789904330384,134,182470,1,2144,-0.901,1,0.75,Walking,True,3.9,0,0
1789904330384,134,182470,1,2144,-0.901,1,0.75,Walking,True,3.9,0,0
1789904330384,134,182470,1,2144,-0.901,1,0.75,Walking,True,3.9,0,0
1789904330384,134,182470,1,2144,-0.901,1,0.75,Walking,True,3.9,0,0
1789904330384,134,182470,1,2144,-0.901,1,0.75,Walking,True,3.9,0,0
1789904330401,135,183653,1,2160,-0.901,1,0.75,Walking,True,3.9,0,0
1789904330401,135,183653,1,2160,-0.901,1,0.75,Walking,True,3.9,0,0
1789904330401,135,183653,1,2160,-0.901,1,0.75,Walking,True,3.9,0,0
1789904330401,135,183653,1,2160,-0.901,1,0.75,Walking,True,3.9,0,0
1789904330401,135,183653,1,2160,-0.901,1,0.75,Walking,True,3.9,0,0
1789904330401,135,183653,1,2160,-0.901,1,0.75,Walking,True,3.9,0,0
1789904330401,135,183653,1,2160,-0.901,1,0.75,Walking,True,3.9,0,0
1789904330401,135,183653,1,2160,-0.901,1,0.75,Walking,True,3.9,0,0
1789904330417,136,184824,1,2176,-0.901,1,0.75,Walking,True,3.9,0,0
1789904330417,136,184824,1,2176,-0.901,1,0.75,Walking,True,3.9,0,0
1789904330417,136,184824,1,2176,-0.901,1,0.75,Walking,True,3.9,0,0
1789904330417,136,184824,1,2176,-0.901,1,0.75,Walking,True,3.9,0,0
1789904330417,136,184824,1,2176,-0.901,1,0.75,Walking,True,3.9,0,0
1789904330417,136,184824,1,2176,-0.901,1,0.75,Walking,True,3.9,0,0
1789904330417,136,184824,1,2176,-0.901,1,0.75,Walking,True,3.9,0,0
1789904330417,136,184824,1,2176,-0.901,1,0.75,Walking,True,3.9,0,0
1789904330433,137,186026,1,2192,-0.901,1,0.75,Walking,True,3.9,0,0
1789904330433,137,186026,1,2192,-0.901,1,0.75,Walking,True,3.9,0,0
1789904330433,137,186026,1,2192,-0.901,1,0.75,Walking,True,3.9,0,0
1789904330433,137,186026,1,2192,-0.901,1,0.75,Walking,True,3.9,0,0
1789904330433,137,186026,1,2192,-0.901,1,0.75,Walking,True,3.9,0,0
1789904330433,137,186026,1,2192,-0.901,1,0.75,Walking,True,3.9,0,0
1789904330433,137,186026,1,2192,-0.901,1,0.75,Walking,True,3.9,0,0
1789904330433,137,186026,1,2192,-0.901,1,0.75,Walking,True,3.9,0,0
1789904330448,138,187206,1,2208,-0.901,1,0.75,Walking,True,3.9,0,0
1789904330448,138,187206,1,2208,-0.901,1,0.75,Walking,True,3.9,0,0
1789904330448,138,187206,1,2208,-0.901,1,0.75,Walking,True,3.9,0,0
1789904330448,138,187206,1,2208,-0.901,1,0.75,Walking,True,3.9,0,0
1789904330448,138,187206,1,2208,-0.901,1,0.75,Walking,True,3.9,0,0
1789904330448,138,187206,1,2208,-0.901,1,0.75,Walking,True,3.9,0,0
1789904330448,138,187206,1,2208,-0.901,1,0.75,Walking,True,3.9,0,0
1789904330448,138,187206,1,2208,-0.901,1,0.75,Walking,True,3.9,0,0
1789904330463,139,188327,1,2224,-0.901,1,0.75,Walking,True,3.9,0,0
1789904330463,139,188327,1,2224,-0.901,1,0.75,Walking,True,3.9,0,0
1789904330463,139,188327,1,2224,-0.901,1,0.75,Walking,True,3.9,0,0
1789904330463,139,188327,1,2224,-0.901,1,0.75,Walking,True,3.9,0,0
1789904330463,139,188327,1,2224,-0.901,1,0.75,Walking,True,3.9,0,0
1789904330463,139,188327,1,2224,-0.901,1,0.75,Walking,True,3.9,0,0
1789904330463,139,188327,1,2224,-0.901,1,0.75,Walking,True,3.9,0,0
1789904330463,139,188327,1,2224,-0.901,1,0.75,Walking,True,3.9,0,0
1789904330479,140,189212,1,2240,-0.901,1,0.75,Walking,True,3.9,0,0
1789904330479,140,189212,1,2240,-0.901,1,0.75,Walking,True,3.9,0,0
1789904330479,140,189212,1,2240,-0.901,1,0.75,Walking,True,3.9,0,0
1789904330479,140,189212,1,2240,-0.901,1,0.75,Walking,True,3.9,0,0
1789904330479,140,189212,1,2240,-0.901,1,0.75,Walking,True,3.9,0,0
1789904330479,140,189212,1,2240,-0.901,1,0.75,Walking,True,3.9,0,0
1789904330479,140,189212,1,2240,-0.901,1,0.75,Walking,True,3.9,0,0
1789904330480,140,189212,1,2240,-0.901,1,0.75,Walking,True,3.9,0,0
1789904330496,141,190119,1,2256,-0.901,1,0.75,Walking,True,3.9,0,0
1789904330496,141,190119,1,2256,-0.901,1,0.75,Walking,True,3.9,0,0
1789904330496,141,190119,1,2256,-0.901,1,0.75,Walking,True,3.9,0,0
1789904330496,141,190119,1,2256,-0.901,1,0.75,Walking,True,3.9,0,0
1789904330496,141,190119,1,2256,-0.901,1,0.75,Walking,True,3.9,0,0
1789904330496,141,190119,1,2256,-0.901,1,0.75,Walking,True,3.9,0,0
1789904330496,141,190119,1,2256,-0.901,1,0.75,Walking,True,3.9,0,0
1789904330496,141,190119,1,2256,-0.901,1,0.75,Walking,True,3.9,0,0
1789904330511,142,191090,1,2272,-0.901,1,0.75,Walking,True,3.9,0,0
1789904330511,142,191090,1,2272,-0.901,1,0.75,Walking,True,3.9,0,0
1789904330511,142,191090,1,2272,-0.901,1,0.75,Walking,True,3.9,0,0
1789904330511,142,191090,1,2272,-0.901,1,0.75,Walking,True,3.9,0,0
1789904330511,142,191090,1,2272,-0.901,1,0.75,Walking,True,3.9,0,0
1789904330511,142,191090,1,2272,-0.901,1,0.75,Walking,True,3.9,0,0
1789904330511,142,191090,1,2272,-0.901,1,0.75,Walking,True,3.9,0,0
1789904330511,142,191090,1,2272,-0.901,1,0.75,Walking,True,3.9,0,0
1789904330526,143,192018,1,2288,-0.901,1,0.75,Walking,True,3.9,0,0
1789904330526,143,192018,1,2288,-0.901,1,0.75,Walking,True,3.9,0,0
1789904330526,143,192018,1,2288,-0.901,1,0.75,Walking,True,3.9,0,0
1789904330526,143,192018,1,2288,-0.901,1,0.75,Walking,True,3.9,0,0
1789904330526,143,192018,1,2288,-0.901,1,0.75,Walking,True,3.9,0,0
1789904330526,143,192018,1,2288,-0.901,1,0.75,Walking,True,3.9,0,0
1789904330526,143,192018,1,2288,-0.901,1,0.75,Walking,True,3.9,0,0
1789904330526,143,192018,1,2288,-0.901,1,0.75,Walking,True,3.9,0,0
1789904330557,144,192944,1,2304,-0.901,1,0.75,Walking,True,3.9,0,0
1789904330557,144,192944,1,2304,-0.901,1,0.75,Walking,True,3.9,0,0
1789904330557,144,192944,1,2304,-0.901,1,0.75,Walking,True,3.9,0,0
1789904330557,144,192944,1,2304,-0.901,1,0.75,Walking,True,3.9,0,0
1789904330557,144,192944,1,2304,-0.901,1,0.75,Walking,True,3.9,0,0
1789904330557,144,192944,1,2304,-0.901,1,0.75,Walking,True,3.9,0,0
1789904330557,144,192944,1,2304,-0.901,1,0.75,Walking,True,3.9,0,0
1789904330557,144,192944,1,2304,-0.901,1,0.75,Walking,True,3.9,0,0
1789904330573,145,195278,1,2320,-0.901,1,0.75,Walking,True,3.9,0,0
1789904330573,145,195278,1,2320,-0.901,1,0.75,Walking,True,3.9,0,0
1789904330573,145,195278,1,2320,-0.901,1,0.75,Walking,True,3.9,0,0
1789904330573,145,195278,1,2320,-0.901,1,0.75,Walking,True,3.9,0,0
1789904330573,145,195278,1,2320,-0.901,1,0.75,Walking,True,3.9,0,0
1789904330573,145,195278,1,2320,-0.901,1,0.75,Walking,True,3.9,0,0
1789904330573,145,195278,1,2320,-0.901,1,0.75,Walking,True,3.9,0,0
1789904330573,145,195278,1,2320,-0.901,1,0.75,Walking,True,3.9,0,0
1789904330589,146,196485,1,2336,-0.901,1,0.75,Walking,True,3.9,0,0
1789904330589,146,196485,1,2336,-0.901,1,0.75,Walking,True,3.9,0,0
1789904330589,146,196485,1,2336,-0.901,1,0.75,Walking,True,3.9,0,0
1789904330589,146,196485,1,2336,-0.901,1,0.75,Walking,True,3.9,0,0
1789904330589,146,196485,1,2336,-0.901,1,0.75,Walking,True,3.9,0,0
1789904330589,146,196485,1,2336,-0.901,1,0.75,Walking,True,3.9,0,0
1789904330589,146,196485,1,2336,-0.901,1,0.75,Walking,True,3.9,0,0
1789904330589,146,196485,1,2336,-0.901,1,0.75,Walking,True,3.9,0,0
1789904330604,147,197836,1,2352,-0.901,1,0.75,Walking,True,3.9,0,0
1789904330604,147,197836,1,2352,-0.901,1,0.75,Walking,True,3.9,0,0
1789904330604,147,197836,1,2352,-0.901,1,0.75,Walking,True,3.9,0,0
1789904330604,147,197836,1,2352,-0.901,1,0.75,Walking,True,3.9,0,0
1789904330604,147,197836,1,2352,-0.901,1,0.75,Walking,True,3.9,0,0
1789904330604,147,197836,1,2352,-0.901,1,0.75,Walking,True,3.9,0,0
1789904330604,147,197836,1,2352,-0.901,1,0.75,Walking,True,3.9,0,0
1789904330604,147,197836,1,2352,-0.901,1,0.75,Walking,True,3.9,0,0
1789904330620,148,199083,1,2368,-0.901,1,0.75,Walking,True,3.9,0,0
1789904330620,148,199083,1,2368,-0.901,1,0.75,Walking,True,3.9,0,0
1789904330620,148,199083,1,2368,-0.901,1,0.75,Walking,True,3.9,0,0
1789904330620,148,199083,1,2368,-0.901,1,0.75,Walking,True,3.9,0,0
1789904330620,148,199083,1,2368,-0.901,1,0.75,Walking,True,3.9,0,0
1789904330620,148,199083,1,2368,-0.901,1,0.75,Walking,True,3.9,0,0
1789904330620,148,199083,1,2368,-0.901,1,0.75,Walking,True,3.9,0,0
1789904330620,148,199083,1,2368,-0.901,1,0.75,Walking,True,3.9,0,0
1789904330635,149,200245,1,2384,-0.901,1,0.75,Walking,True,3.9,0,0
1789904330635,149,200245,1,2384,-0.901,1,0.75,Walking,True,3.9,0,0
1789904330635,149,200245,1,2384,-0.901,1,0.75,Walking,True,3.9,0,0
1789904330635,149,200245,1,2384,-0.901,1,0.75,Walking,True,3.9,0,0
1789904330635,149,200245,1,2384,-0.901,1,0.75,Walking,True,3.9,0,0
1789904330635,149,200245,1,2384,-0.901,1,0.75,Walking,True,3.9,0,0
1789904330635,149,200245,1,2384,-0.901,1,0.75,Walking,True,3.9,0,0
1789904330635,149,200245,1,2384,-0.901,1,0.75,Walking,True,3.9,0,0
1789904330651,150,201394,1,2400,-0.901,1,0.75,Walking,True,3.9,0,0
1789904330651,150,201394,1,2400,-0.901,1,0.75,Walking,True,3.9,0,0
1789904330651,150,201394,1,2400,-0.901,1,0.75,Walking,True,3.9,0,0
1789904330651,150,201394,1,2400,-0.901,1,0.75,Walking,True,3.9,0,0
1789904330651,150,201394,1,2400,-0.901,1,0.75,Walking,True,3.9,0,0
1789904330651,150,201394,1,2400,-0.901,1,0.75,Walking,True,3.9,0,0
1789904330651,150,201394,1,2400,-0.901,1,0.75,Walking,True,3.9,0,0
1789904330651,150,201394,1,2400,-0.901,1,0.75,Walking,True,3.9,0,0
1789904330682,151,202570,1,2416,-0.901,1,0.75,Walking,True,3.58,0,0
1789904330682,151,202570,1,2416,-0.901,1,0.75,Walking,True,3.58,0,0
1789904330682,151,202570,1,2416,-0.901,1,0.75,Walking,True,3.58,0,0
1789904330682,151,202570,1,2416,-0.901,1,0.75,Walking,True,3.58,0,0
1789904330682,151,202570,1,2416,-0.901,1,0.75,Walking,True,3.58,0,0
1789904330682,151,202570,1,2416,-0.901,1,0.75,Walking,True,3.58,0,0
1789904330682,151,202570,1,2416,-0.901,1,0.75,Walking,True,3.58,0,0
1789904330682,151,202570,1,2416,-0.901,1,0.75,Walking,True,3.58,0,0
1789904330698,152,205011,1,2432,-0.901,1,0.75,Walking,True,3.26,0,0
1789904330698,152,205011,1,2432,-0.901,1,0.75,Walking,True,3.26,0,0
1789904330698,152,205011,1,2432,-0.901,1,0.75,Walking,True,3.26,0,0
1789904330698,152,205011,1,2432,-0.901,1,0.75,Walking,True,3.26,0,0
1789904330698,152,205011,1,2432,-0.901,1,0.75,Walking,True,3.26,0,0
1789904330698,152,205011,1,2432,-0.901,1,0.75,Walking,True,3.26,0,0
1789904330698,152,205011,1,2432,-0.901,1,0.75,Walking,True,3.26,0,0
1789904330698,152,205011,1,2432,-0.901,1,0.75,Walking,True,3.26,0,0
1789904330713,153,206154,1,2448,-0.901,1,0.75,Walking,True,2.94,0,0
1789904330713,153,206154,1,2448,-0.901,1,0.75,Walking,True,2.94,0,0
1789904330713,153,206154,1,2448,-0.901,1,0.75,Walking,True,2.94,0,0
1789904330713,153,206154,1,2448,-0.901,1,0.75,Walking,True,2.94,0,0
1789904330713,153,206154,1,2448,-0.901,1,0.75,Walking,True,2.94,0,0
1789904330713,153,206154,1,2448,-0.901,1,0.75,Walking,True,2.94,0,0
1789904330713,153,206154,1,2448,-0.901,1,0.75,Walking,True,2.94,0,0
1789904330713,153,206154,1,2448,-0.901,1,0.75,Walking,True,2.94,0,0
1789904330729,154,207293,1,2464,-0.901,1,0.75,Walking,True,2.62,0,0
1789904330729,154,207293,1,2464,-0.901,1,0.75,Walking,True,2.62,0,0
1789904330729,154,207293,1,2464,-0.901,1,0.75,Walking,True,2.62,0,0
1789904330729,154,207293,1,2464,-0.901,1,0.75,Walking,True,2.62,0,0
1789904330729,154,207293,1,2464,-0.901,1,0.75,Walking,True,2.62,0,0
1789904330729,154,207293,1,2464,-0.901,1,0.75,Walking,True,2.62,0,0
1789904330729,154,207293,1,2464,-0.901,1,0.75,Walking,True,2.62,0,0
1789904330729,154,207293,1,2464,-0.901,1,0.75,Walking,True,2.62,0,0
1789904330744,155,208583,1,2480,-0.901,1,0.75,Walking,True,2.3,0,0
1789904330744,155,208583,1,2480,-0.901,1,0.75,Walking,True,2.3,0,0
1789904330744,155,208583,1,2480,-0.901,1,0.75,Walking,True,2.3,0,0
1789904330744,155,208583,1,2480,-0.901,1,0.75,Walking,True,2.3,0,0
1789904330744,155,208583,1,2480,-0.901,1,0.75,Walking,True,2.3,0,0
1789904330744,155,208583,1,2480,-0.901,1,0.75,Walking,True,2.3,0,0
1789904330744,155,208583,1,2480,-0.901,1,0.75,Walking,True,2.3,0,0
1789904330744,155,208583,1,2480,-0.901,1,0.75,Walking,True,2.3,0,0
1789904330761,156,209818,1,2496,-0.901,1,0.75,Walking,True,1.98,0,0
1789904330761,156,209818,1,2496,-0.901,1,0.75,Walking,True,1.98,0,0
1789904330761,156,209818,1,2496,-0.901,1,0.75,Walking,True,1.98,0,0
1789904330761,156,209818,1,2496,-0.901,1,0.75,Walking,True,1.98,0,0
1789904330761,156,209818,1,2496,-0.901,1,0.75,Walking,True,1.98,0,0
1789904330761,156,209818,1,2496,-0.901,1,0.75,Walking,True,1.98,0,0
1789904330761,156,209818,1,2496,-0.901,1,0.75,Walking,True,1.98,0,0
1789904330761,156,209818,1,2496,-0.901,1,0.75,Walking,True,1.98,0,0
1789904330776,157,211172,1,2512,-0.901,1,0.75,Walking,True,1.66,0,0
1789904330776,157,211172,1,2512,-0.901,1,0.75,Walking,True,1.66,0,0
1789904330776,157,211172,1,2512,-0.901,1,0.75,Walking,True,1.66,0,0
1789904330777,157,211172,1,2512,-0.901,1,0.75,Walking,True,1.66,0,0
1789904330777,157,211172,1,2512,-0.901,1,0.75,Walking,True,1.66,0,0
1789904330777,157,211172,1,2512,-0.901,1,0.75,Walking,True,1.66,0,0
1789904330777,157,211172,1,2512,-0.901,1,0.75,Walking,True,1.66,0,0
1789904330777,157,211172,1,2512,-0.901,1,0.75,Walking,True,1.66,0,0
1789904330791,158,212604,1,2528,-0.901,1,0.75,Walking,True,1.34,0,0
1789904330791,158,212604,1,2528,-0.901,1,0.75,Walking,True,1.34,0,0
1789904330791,158,212604,1,2528,-0.901,1,0.75,Walking,True,1.34,0,0
1789904330791,158,212604,1,2528,-0.901,1,0.75,Walking,True,1.34,0,0
1789904330791,158,212604,1,2528,-0.901,1,0.75,Walking,True,1.34,0,0
1789904330791,158,212604,1,2528,-0.901,1,0.75,Walking,True,1.34,0,0
1789904330791,158,212604,1,2528,-0.901,1,0.75,Walking,True,1.34,0,0
1789904330791,158,212604,1,2528,-0.901,1,0.75,Walking,True,1.34,0,0
1789904330807,159,213927,1,2544,-0.901,1,0.75,Walking,True,1.02,0,0
1789904330807,159,213927,1,2544,-0.901,1,0.75,Walking,True,1.02,0,0
1789904330807,159,213927,1,2544,-0.901,1,0.75,Walking,True,1.02,0,0
1789904330807,159,213927,1,2544,-0.901,1,0.75,Walking,True,1.02,0,0
1789904330807,159,213927,1,2544,-0.901,1,0.75,Walking,True,1.02,0,0
1789904330807,159,213927,1,2544,-0.901,1,0.75,Walking,True,1.02,0,0
1789904330807,159,213927,1,2544,-0.901,1,0.75,Walking,True,1.02,0,0
1789904330807,159,213927,1,2544,-0.901,1,0.75,Walking,True,1.02,0,0
1789904330822,160,215365,1,2560,-0.901,1,0.75,Walking,True,0.7,0,0
1789904330822,160,215365,1,2560,-0.901,1,0.75,Walking,True,0.7,0,0
1789904330822,160,215365,1,2560,-0.901,1,0.75,Walking,True,0.7,0,0
1789904330822,160,215365,1,2560,-0.901,1,0.75,Walking,True,0.7,0,0
1789904330822,160,215365,1,2560,-0.901,1,0.75,Walking,True,0.7,0,0
1789904330822,160,215365,1,2560,-0.901,1,0.75,Walking,True,0.7,0,0
1789904330822,160,215365,1,2560,-0.901,1,0.75,Walking,True,0.7,0,0
1789904330822,160,215365,1,2560,-0.901,1,0.75,Walking,True,0.7,0,0
1789904330838,161,216754,1,2576,-0.901,1,0.75,Walking,True,0.38,0,0
1789904330838,161,216754,1,2576,-0.901,1,0.75,Walking,True,0.38,0,0
1789904330838,161,216754,1,2576,-0.901,1,0.75,Walking,True,0.38,0,0
1789904330838,161,216754,1,2576,-0.901,1,0.75,Walking,True,0.38,0,0
1789904330838,161,216754,1,2576,-0.901,1,0.75,Walking,True,0.38,0,0
1789904330838,161,216754,1,2576,-0.901,1,0.75,Walking,True,0.38,0,0
1789904330838,161,216754,1,2576,-0.901,1,0.75,Walking,True,0.38,0,0
1789904330838,161,216754,1,2576,-0.901,1,0.75,Walking,True,0.38,0,0
1789904330852,162,217722,1,2592,-0.901,1,0.75,Walking,True,0.06,0,0
1789904330852,162,217722,1,2592,-0.901,1,0.75,Walking,True,0.06,0,0
1789904330852,162,217722,1,2592,-0.901,1,0.75,Walking,True,0.06,0,0
1789904330852,162,217722,1,2592,-0.901,1,0.75,Walking,True,0.06,0,0
1789904330852,162,217722,1,2592,-0.901,1,0.75,Walking,True,0.06,0,0
1789904330852,162,217722,1,2592,-0.901,1,0.75,Walking,True,0.06,0,0
1789904330852,162,217722,1,2592,-0.901,1,0.75,Walking,True,0.06,0,0
1789904330852,162,217722,1,2592,-0.901,1,0.75,Walking,True,0.06,0,0
1789904330868,163,218825,1,2608,-0.901,1,0.75,Walking,True,0,0,0
1789904330868,163,218825,1,2608,-0.901,1,0.75,Walking,True,0,0,0
1789904330868,163,218825,1,2608,-0.901,1,0.75,Walking,True,0,0,0
1789904330868,163,218825,1,2608,-0.901,1,0.75,Walking,True,0,0,0
1789904330868,163,218825,1,2608,-0.901,1,0.75,Walking,True,0,0,0
1789904330868,163,218825,1,2608,-0.901,1,0.75,Walking,True,0,0,0
1789904330868,163,218825,1,2608,-0.901,1,0.75,Walking,True,0,0,0
1789904330868,163,218825,1,2608,-0.901,1,0.75,Walking,True,0,0,0
1789904330883,164,219973,1,2624,-0.901,1,0.75,Walking,True,0,0,0
1789904330883,164,219973,1,2624,-0.901,1,0.75,Walking,True,0,0,0
1789904330883,164,219973,1,2624,-0.901,1,0.75,Walking,True,0,0,0
1789904330883,164,219973,1,2624,-0.901,1,0.75,Walking,True,0,0,0
1789904330883,164,219973,1,2624,-0.901,1,0.75,Walking,True,0,0,0
1789904330883,164,219973,1,2624,-0.901,1,0.75,Walking,True,0,0,0
1789904330883,164,219973,1,2624,-0.901,1,0.75,Walking,True,0,0,0
1789904330883,164,219973,1,2624,-0.901,1,0.75,Walking,True,0,0,0
1789904330898,165,221147,1,2640,-0.901,1,0.75,Walking,True,0,0,0
1789904330898,165,221147,1,2640,-0.901,1,0.75,Walking,True,0,0,0
1789904330898,165,221147,1,2640,-0.901,1,0.75,Walking,True,0,0,0
1789904330898,165,221147,1,2640,-0.901,1,0.75,Walking,True,0,0,0
1789904330898,165,221147,1,2640,-0.901,1,0.75,Walking,True,0,0,0
1789904330898,165,221147,1,2640,-0.901,1,0.75,Walking,True,0,0,0
1789904330898,165,221147,1,2640,-0.901,1,0.75,Walking,True,0,0,0
1789904330898,165,221147,1,2640,-0.901,1,0.75,Walking,True,0,0,0
1789904330913,166,222280,1,2656,-0.901,1,0.75,Walking,True,0,0,0
1789904330913,166,222280,1,2656,-0.901,1,0.75,Walking,True,0,0,0
1789904330913,166,222280,1,2656,-0.901,1,0.75,Walking,True,0,0,0
1789904330913,166,222280,1,2656,-0.901,1,0.75,Walking,True,0,0,0
1789904330914,166,222280,1,2656,-0.901,1,0.75,Walking,True,0,0,0
1789904330914,166,222280,1,2656,-0.901,1,0.75,Walking,True,0,0,0
1789904330914,166,222280,1,2656,-0.901,1,0.75,Walking,True,0,0,0
1789904330914,166,222280,1,2656,-0.901,1,0.75,Walking,True,0,0,0
1789904330930,167,223293,1,2672,-0.901,1,0.75,Walking,True,0,0,0
1789904330930,167,223293,1,2672,-0.901,1,0.75,Walking,True,0,0,0
1789904330930,167,223293,1,2672,-0.901,1,0.75,Walking,True,0,0,0
1789904330930,167,223293,1,2672,-0.901,1,0.75,Walking,True,0,0,0
1789904330930,167,223293,1,2672,-0.901,1,0.75,Walking,True,0,0,0
1789904330930,167,223293,1,2672,-0.901,1,0.75,Walking,True,0,0,0
1789904330930,167,223293,1,2672,-0.901,1,0.75,Walking,True,0,0,0
1789904330930,167,223293,1,2672,-0.901,1,0.75,Walking,True,0,0,0
1789904330946,168,224558,1,2688,-0.901,1,0.75,Walking,True,0,0,0
1789904330946,168,224558,1,2688,-0.901,1,0.75,Walking,True,0,0,0
1789904330946,168,224558,1,2688,-0.901,1,0.75,Walking,True,0,0,0
1789904330946,168,224558,1,2688,-0.901,1,0.75,Walking,True,0,0,0
1789904330946,168,224558,1,2688,-0.901,1,0.75,Walking,True,0,0,0
1789904330946,168,224558,1,2688,-0.901,1,0.75,Walking,True,0,0,0
1789904330946,168,224558,1,2688,-0.901,1,0.75,Walking,True,0,0,0
1789904330946,168,224558,1,2688,-0.901,1,0.75,Walking,True,0,0,0
1789904330961,169,225656,1,2704,-0.901,1,0.75,Walking,True,0,0,0
1789904330961,169,225656,1,2704,-0.901,1,0.75,Walking,True,0,0,0
1789904330961,169,225656,1,2704,-0.901,1,0.75,Walking,True,0,0,0
1789904330961,169,225656,1,2704,-0.901,1,0.75,Walking,True,0,0,0
1789904330961,169,225656,1,2704,-0.901,1,0.75,Walking,True,0,0,0
1789904330961,169,225656,1,2704,-0.901,1,0.75,Walking,True,0,0,0
1789904330961,169,225656,1,2704,-0.901,1,0.75,Walking,True,0,0,0
1789904330961,169,225656,1,2704,-0.901,1,0.75,Walking,True,0,0,0
1789904330976,170,226742,1,2720,-0.901,1,0.75,Walking,True,0,0,0
1789904330977,170,226742,1,2720,-0.901,1,0.75,Walking,True,0,0,0
1789904330977,170,226742,1,2720,-0.901,1,0.75,Walking,True,0,0,0
1789904330977,170,226742,1,2720,-0.901,1,0.75,Walking,True,0,0,0
1789904330977,170,226742,1,2720,-0.901,1,0.75,Walking,True,0,0,0
1789904330977,170,226742,1,2720,-0.901,1,0.75,Walking,True,0,0,0
1789904330977,170,226742,1,2720,-0.901,1,0.75,Walking,True,0,0,0
1789904330977,170,226742,1,2720,-0.901,1,0.75,Walking,True,0,0,0
1789904330992,171,228118,1,2736,-0.901,1,0.75,Walking,True,0,0,0
1789904330992,171,228118,1,2736,-0.901,1,0.75,Walking,True,0,0,0
1789904330992,171,228118,1,2736,-0.901,1,0.75,Walking,True,0,0,0
1789904330992,171,228118,1,2736,-0.901,1,0.75,Walking,True,0,0,0
1789904330992,171,228118,1,2736,-0.901,1,0.75,Walking,True,0,0,0
1789904330992,171,228118,1,2736,-0.901,1,0.75,Walking,True,0,0,0
1789904330992,171,228118,1,2736,-0.901,1,0.75,Walking,True,0,0,0
1789904330992,171,228118,1,2736,-0.901,1,0.75,Walking,True,0,0,0
1789904331007,172,229381,1,2752,-0.901,1,0.75,Walking,True,0,0,0
1789904331007,172,229381,1,2752,-0.901,1,0.75,Walking,True,0,0,0
1789904331007,172,229381,1,2752,-0.901,1,0.75,Walking,True,0,0,0
1789904331007,172,229381,1,2752,-0.901,1,0.75,Walking,True,0,0,0
1789904331007,172,229381,1,2752,-0.901,1,0.75,Walking,True,0,0,0
1789904331007,172,229381,1,2752,-0.901,1,0.75,Walking,True,0,0,0
1789904331007,172,229381,1,2752,-0.901,1,0.75,Walking,True,0,0,0
1789904331007,172,229381,1,2752,-0.901,1,0.75,Walking,True,0,0,0
1789904331023,173,230651,1,2768,-0.901,1,0.75,Walking,True,0,0,0
1789904331023,173,230651,1,2768,-0.901,1,0.75,Walking,True,0,0,0
1789904331023,173,230651,1,2768,-0.901,1,0.75,Walking,True,0,0,0
1789904331023,173,230651,1,2768,-0.901,1,0.75,Walking,True,0,0,0
1789904331023,173,230651,1,2768,-0.901,1,0.75,Walking,True,0,0,0
1789904331023,173,230651,1,2768,-0.901,1,0.75,Walking,True,0,0,0
1789904331023,173,230651,1,2768,-0.901,1,0.75,Walking,True,0,0,0
1789904331023,173,230651,1,2768,-0.901,1,0.75,Walking,True,0,0,0
1789904331038,174,231767,1,2784,-0.901,1,0.75,Walking,True,0,0,0
1789904331038,174,231767,1,2784,-0.901,1,0.75,Walking,True,0,0,0
1789904331038,174,231767,1,2784,-0.901,1,0.75,Walking,True,0,0,0
1789904331038,174,231767,1,2784,-0.901,1,0.75,Walking,True,0,0,0
1789904331038,174,231767,1,2784,-0.901,1,0.75,Walking,True,0,0,0
1789904331038,174,231767,1,2784,-0.901,1,0.75,Walking,True,0,0,0
1789904331038,174,231767,1,2784,-0.901,1,0.75,Walking,True,0,0,0
1789904331038,174,231767,1,2784,-0.901,1,0.75,Walking,True,0,0,0
1789904331053,175,232856,1,2800,-0.901,1,0.75,Walking,True,0,0,0
1789904331053,175,232856,1,2800,-0.901,1,0.75,Walking,True,0,0,0
1789904331054,175,232856,1,2800,-0.901,1,0.75,Walking,True,0,0,0
1789904331054,175,232856,1,2800,-0.901,1,0.75,Walking,True,0,0,0
1789904331054,175,232856,1,2800,-0.901,1,0.75,Walking,True,0,0,0
1789904331054,175,232856,1,2800,-0.901,1,0.75,Walking,True,0,0,0
1789904331054,175,232856,1,2800,-0.901,1,0.75,Walking,True,0,0,0
1789904331054,175,232856,1,2800,-0.901,1,0.75,Walking,True,0,0,0
1789904331069,176,234045,1,2816,-0.901,1,0.75,Walking,True,0,0,0
1789904331069,176,234045,1,2816,-0.901,1,0.75,Walking,True,0,0,0
1789904331069,176,234045,1,2816,-0.901,1,0.75,Walking,True,0,0,0
1789904331069,176,234045,1,2816,-0.901,1,0.75,Walking,True,0,0,0
1789904331069,176,234045,1,2816,-0.901,1,0.75,Walking,True,0,0,0
1789904331069,176,234045,1,2816,-0.901,1,0.75,Walking,True,0,0,0
1789904331069,176,234045,1,2816,-0.901,1,0.75,Walking,True,0,0,0
1789904331069,176,234045,1,2816,-0.901,1,0.75,Walking,True,0,0,0
1789904331084,177,235088,1,2832,-0.901,1,0.75,Walking,True,0,0,0
1789904331084,177,235088,1,2832,-0.901,1,0.75,Walking,True,0,0,0
1789904331084,177,235088,1,2832,-0.901,1,0.75,Walking,True,0,0,0
1789904331084,177,235088,1,2832,-0.901,1,0.75,Walking,True,0,0,0
1789904331084,177,235088,1,2832,-0.901,1,0.75,Walking,True,0,0,0
1789904331084,177,235088,1,2832,-0.901,1,0.75,Walking,True,0,0,0
1789904331084,177,235088,1,2832,-0.901,1,0.75,Walking,True,0,0,0
1789904331084,177,235088,1,2832,-0.901,1,0.75,Walking,True,0,0,0
1789904331099,178,236270,1,2848,-0.901,1,0.75,Walking,True,0,0,0
1789904331099,178,236270,1,2848,-0.901,1,0.75,Walking,True,0,0,0
1789904331099,178,236270,1,2848,-0.901,1,0.75,Walking,True,0,0,0
1789904331099,178,236270,1,2848,-0.901,1,0.75,Walking,True,0,0,0
1789904331099,178,236270,1,2848,-0.901,1,0.75,Walking,True,0,0,0
1789904331099,178,236270,1,2848,-0.901,1,0.75,Walking,True,0,0,0
1789904331099,178,236270,1,2848,-0.901,1,0.75,Walking,True,0,0,0
1789904331099,178,236270,1,2848,-0.901,1,0.75,Walking,True,0,0,0
1789904331115,179,237386,1,2864,-0.901,1,0.75,Walking,True,0,0,0
1789904331115,179,237386,1,2864,-0.901,1,0.75,Walking,True,0,0,0
1789904331115,179,237386,1,2864,-0.901,1,0.75,Walking,True,0,0,0
1789904331115,179,237386,1,2864,-0.901,1,0.75,Walking,True,0,0,0
1789904331115,179,237386,1,2864,-0.901,1,0.75,Walking,True,0,0,0
1789904331115,179,237386,1,2864,-0.901,1,0.75,Walking,True,0,0,0
1789904331115,179,237386,1,2864,-0.901,1,0.75,Walking,True,0,0,0
1789904331115,179,237386,1,2864,-0.901,1,0.75,Walking,True,0,0,0
1789904331131,180,238316,1,2880,-0.901,1,0.75,Walking,True,0,0,0
1789904331131,180,238316,1,2880,-0.901,1,0.75,Walking,True,0,0,0
1789904331131,180,238316,1,2880,-0.901,1,0.75,Walking,True,0,0,0
1789904331131,180,238316,1,2880,-0.901,1,0.75,Walking,True,0,0,0
1789904331131,180,238316,1,2880,-0.901,1,0.75,Walking,True,0,0,0
1789904331131,180,238316,1,2880,-0.901,1,0.75,Walking,True,0,0,0
1789904331131,180,238316,1,2880,-0.901,1,0.75,Walking,True,0,0,0
1789904331131,180,238316,1,2880,-0.901,1,0.75,Walking,True,0,0,0
1789904331162,181,239420,1,2896,-0.901,1,0.75,Walking,True,0,0,0
1789904331162,181,239420,1,2896,-0.901,1,0.75,Walking,True,0,0,0
1789904331162,181,239420,1,2896,-0.901,1,0.75,Walking,True,0,0,0
1789904331162,181,239420,1,2896,-0.901,1,0.75,Walking,True,0,0,0
1789904331162,181,239420,1,2896,-0.901,1,0.75,Walking,True,0,0,0
1789904331162,181,239420,1,2896,-0.901,1,0.75,Walking,True,0,0,0
1789904331162,181,239420,1,2896,-0.901,1,0.75,Walking,True,0,0,0
1789904331162,181,239420,1,2896,-0.901,1,0.75,Walking,True,0,0,0
1789904331396,182,269350,1,2912,-0.90612,1,0.75,Walking,True,-0.32,0,0
1789904331396,182,269350,1,2912,-0.90612,1,0.75,Walking,True,-0.32,0,0
1789904331396,182,269350,1,2912,-0.90612,1,0.75,Walking,True,-0.32,0,0
1789904331396,182,269350,1,2912,-0.90612,1,0.75,Walking,True,-0.32,0,0
1789904331396,182,269350,1,2912,-0.90612,1,0.75,Walking,True,-0.32,0,0
1789904331396,182,269350,1,2912,-0.90612,1,0.75,Walking,True,-0.32,0,0
1789904331396,182,269350,1,2912,-0.90612,1,0.75,Walking,True,-0.32,0,0
1789904331396,182,269350,1,2912,-0.90612,1,0.75,Walking,True,-0.32,0,0
1789904331410,183,271633,1,2928,-0.91636,1,0.75,Walking,True,-0.64,0,0
1789904331410,183,271633,1,2928,-0.91636,1,0.75,Walking,True,-0.64,0,0
1789904331410,183,271633,1,2928,-0.91636,1,0.75,Walking,True,-0.64,0,0
1789904331410,183,271633,1,2928,-0.91636,1,0.75,Walking,True,-0.64,0,0
1789904331410,183,271633,1,2928,-0.91636,1,0.75,Walking,True,-0.64,0,0
1789904331410,183,271633,1,2928,-0.91636,1,0.75,Walking,True,-0.64,0,0
1789904331410,183,271633,1,2928,-0.91636,1,0.75,Walking,True,-0.64,0,0
1789904331410,183,271633,1,2928,-0.91636,1,0.75,Walking,True,-0.64,0,0
1789904331425,184,272568,1,2944,-0.93172,1,0.75,Walking,True,-0.96,0,0
1789904331425,184,272568,1,2944,-0.93172,1,0.75,Walking,True,-0.96,0,0
1789904331425,184,272568,1,2944,-0.93172,1,0.75,Walking,True,-0.96,0,0
1789904331425,184,272568,1,2944,-0.93172,1,0.75,Walking,True,-0.96,0,0
1789904331425,184,272568,1,2944,-0.93172,1,0.75,Walking,True,-0.96,0,0
1789904331425,184,272568,1,2944,-0.93172,1,0.75,Walking,True,-0.96,0,0
1789904331425,184,272568,1,2944,-0.93172,1,0.75,Walking,True,-0.96,0,0
1789904331425,184,272568,1,2944,-0.93172,1,0.75,Walking,True,-0.96,0,0
1789904331441,185,273780,1,2960,-0.9522,1,0.75,Walking,True,-1.28,0,0
1789904331441,185,273780,1,2960,-0.9522,1,0.75,Walking,True,-1.28,0,0
1789904331441,185,273780,1,2960,-0.9522,1,0.75,Walking,True,-1.28,0,0
1789904331441,185,273780,1,2960,-0.9522,1,0.75,Walking,True,-1.28,0,0
1789904331441,185,273780,1,2960,-0.9522,1,0.75,Walking,True,-1.28,0,0
1789904331441,185,273780,1,2960,-0.9522,1,0.75,Walking,True,-1.28,0,0
1789904331441,185,273780,1,2960,-0.9522,1,0.75,Walking,True,-1.28,0,0
1789904331441,185,273780,1,2960,-0.9522,1,0.75,Walking,True,-1.28,0,0
1789904331456,186,274858,1,2976,-0.9778,1,0.75,Walking,True,-1.6,0,0
1789904331456,186,274858,1,2976,-0.9778,1,0.75,Walking,True,-1.6,0,0
1789904331456,186,274858,1,2976,-0.9778,1,0.75,Walking,True,-1.6,0,0
1789904331456,186,274858,1,2976,-0.9778,1,0.75,Walking,True,-1.6,0,0
1789904331456,186,274858,1,2976,-0.9778,1,0.75,Walking,True,-1.6,0,0
1789904331456,186,274858,1,2976,-0.9778,1,0.75,Walking,True,-1.6,0,0
1789904331456,186,274858,1,2976,-0.9778,1,0.75,Walking,True,-1.6,0,0
1789904331456,186,274858,1,2976,-0.9778,1,0.75,Walking,True,-1.6,0,0
1789904331472,187,276045,1,2992,-1.00852,1,0.75,Walking,True,-1.92,0,0
1789904331472,187,276045,1,2992,-1.00852,1,0.75,Walking,True,-1.92,0,0
1789904331472,187,276045,1,2992,-1.00852,1,0.75,Walking,True,-1.92,0,0
1789904331472,187,276045,1,2992,-1.00852,1,0.75,Walking,True,-1.92,0,0
1789904331472,187,276045,1,2992,-1.00852,1,0.75,Walking,True,-1.92,0,0
1789904331472,187,276045,1,2992,-1.00852,1,0.75,Walking,True,-1.92,0,0
1789904331472,187,276045,1,2992,-1.00852,1,0.75,Walking,True,-1.92,0,0
1789904331472,187,276045,1,2992,-1.00852,1,0.75,Walking,True,-1.92,0,0
1789904331487,188,277144,1,3008,-1.04436,1,0.75,Walking,True,-2.24,0,0
1789904331487,188,277144,1,3008,-1.04436,1,0.75,Walking,True,-2.24,0,0
1789904331487,188,277144,1,3008,-1.04436,1,0.75,Walking,True,-2.24,0,0
1789904331487,188,277144,1,3008,-1.04436,1,0.75,Walking,True,-2.24,0,0
1789904331487,188,277144,1,3008,-1.04436,1,0.75,Walking,True,-2.24,0,0
1789904331487,188,277144,1,3008,-1.04436,1,0.75,Walking,True,-2.24,0,0
1789904331487,188,277144,1,3008,-1.04436,1,0.75,Walking,True,-2.24,0,0
1789904331487,188,277144,1,3008,-1.04436,1,0.75,Walking,True,-2.24,0,0
1789904331503,189,278207,1,3024,-1.08532,1,0.75,Walking,True,-2.56,0,0
1789904331503,189,278207,1,3024,-1.08532,1,0.75,Walking,True,-2.56,0,0
1789904331503,189,278207,1,3024,-1.08532,1,0.75,Walking,True,-2.56,0,0
1789904331503,189,278207,1,3024,-1.08532,1,0.75,Walking,True,-2.56,0,0
1789904331503,189,278207,1,3024,-1.08532,1,0.75,Walking,True,-2.56,0,0
1789904331503,189,278207,1,3024,-1.08532,1,0.75,Walking,True,-2.56,0,0
1789904331503,189,278207,1,3024,-1.08532,1,0.75,Walking,True,-2.56,0,0
1789904331503,189,278207,1,3024,-1.08532,1,0.75,Walking,True,-2.56,0,0
1789904331518,190,279419,1,3040,-1.1314,1,0.75,Walking,True,-2.88,0,0
1789904331518,190,279419,1,3040,-1.1314,1,0.75,Walking,True,-2.88,0,0
1789904331518,190,279419,1,3040,-1.1314,1,0.75,Walking,True,-2.88,0,0
1789904331518,190,279419,1,3040,-1.1314,1,0.75,Walking,True,-2.88,0,0
1789904331518,190,279419,1,3040,-1.1314,1,0.75,Walking,True,-2.88,0,0
1789904331518,190,279419,1,3040,-1.1314,1,0.75,Walking,True,-2.88,0,0
1789904331518,190,279419,1,3040,-1.1314,1,0.75,Walking,True,-2.88,0,0
1789904331518,190,279419,1,3040,-1.1314,1,0.75,Walking,True,-2.88,0,0
1789904331533,191,280472,1,3056,-1.1826,1,0.75,Walking,True,-3.2,0,0
1789904331533,191,280472,1,3056,-1.1826,1,0.75,Walking,True,-3.2,0,0
1789904331533,191,280472,1,3056,-1.1826,1,0.75,Walking,True,-3.2,0,0
1789904331533,191,280472,1,3056,-1.1826,1,0.75,Walking,True,-3.2,0,0
1789904331533,191,280472,1,3056,-1.1826,1,0.75,Walking,True,-3.2,0,0
1789904331533,191,280472,1,3056,-1.1826,1,0.75,Walking,True,-3.2,0,0
1789904331533,191,280472,1,3056,-1.1826,1,0.75,Walking,True,-3.2,0,0
1789904331533,191,280472,1,3056,-1.1826,1,0.75,Walking,True,-3.2,0,0
1789904331549,192,281646,1,3072,-1.23892,1,0.75,Walking,True,-3.52,0,0
1789904331549,192,281646,1,3072,-1.23892,1,0.75,Walking,True,-3.52,0,0
1789904331549,192,281646,1,3072,-1.23892,1,0.75,Walking,True,-3.52,0,0
1789904331549,192,281646,1,3072,-1.23892,1,0.75,Walking,True,-3.52,0,0
1789904331549,192,281646,1,3072,-1.23892,1,0.75,Walking,True,-3.52,0,0
1789904331549,192,281646,1,3072,-1.23892,1,0.75,Walking,True,-3.52,0,0
1789904331549,192,281646,1,3072,-1.23892,1,0.75,Walking,True,-3.52,0,0
1789904331549,192,281646,1,3072,-1.23892,1,0.75,Walking,True,-3.52,0,0
1789904331564,193,282701,1,3088,-1.30036,1,0.75,Walking,True,-3.84,0,0
1789904331564,193,282701,1,3088,-1.30036,1,0.75,Walking,True,-3.84,0,0
1789904331564,193,282701,1,3088,-1.30036,1,0.75,Walking,True,-3.84,0,0
1789904331564,193,282701,1,3088,-1.30036,1,0.75,Walking,True,-3.84,0,0
1789904331564,193,282701,1,3088,-1.30036,1,0.75,Walking,True,-3.84,0,0
1789904331564,193,282701,1,3088,-1.30036,1,0.75,Walking,True,-3.84,0,0
1789904331564,193,282701,1,3088,-1.30036,1,0.75,Walking,True,-3.84,0,0
1789904331564,193,282701,1,3088,-1.30036,1,0.75,Walking,True,-3.84,0,0
1789904331580,194,283874,1,3104,-1.36276,1,0.75,Walking,True,-3.9,0,0
1789904331580,194,283874,1,3104,-1.36276,1,0.75,Walking,True,-3.9,0,0
1789904331580,194,283874,1,3104,-1.36276,1,0.75,Walking,True,-3.9,0,0
1789904331580,194,283874,1,3104,-1.36276,1,0.75,Walking,True,-3.9,0,0
1789904331580,194,283874,1,3104,-1.36276,1,0.75,Walking,True,-3.9,0,0
1789904331580,194,283874,1,3104,-1.36276,1,0.75,Walking,True,-3.9,0,0
1789904331580,194,283874,1,3104,-1.36276,1,0.75,Walking,True,-3.9,0,0
1789904331580,194,283874,1,3104,-1.36276,1,0.75,Walking,True,-3.9,0,0
1789904331595,195,285268,1,3120,-1.42516,1,0.75,Walking,True,-3.9,0,0
1789904331595,195,285268,1,3120,-1.42516,1,0.75,Walking,True,-3.9,0,0
1789904331595,195,285268,1,3120,-1.42516,1,0.75,Walking,True,-3.9,0,0
1789904331595,195,285268,1,3120,-1.42516,1,0.75,Walking,True,-3.9,0,0
1789904331595,195,285268,1,3120,-1.42516,1,0.75,Walking,True,-3.9,0,0
1789904331595,195,285268,1,3120,-1.42516,1,0.75,Walking,True,-3.9,0,0
1789904331595,195,285268,1,3120,-1.42516,1,0.75,Walking,True,-3.9,0,0
1789904331595,195,285268,1,3120,-1.42516,1,0.75,Walking,True,-3.9,0,0
1789904331610,196,286449,1,3136,-1.48756,1,0.75,Walking,True,-3.9,0,0
1789904331610,196,286449,1,3136,-1.48756,1,0.75,Walking,True,-3.9,0,0
1789904331610,196,286449,1,3136,-1.48756,1,0.75,Walking,True,-3.9,0,0
1789904331610,196,286449,1,3136,-1.48756,1,0.75,Walking,True,-3.9,0,0
1789904331610,196,286449,1,3136,-1.48756,1,0.75,Walking,True,-3.9,0,0
1789904331610,196,286449,1,3136,-1.48756,1,0.75,Walking,True,-3.9,0,0
1789904331610,196,286449,1,3136,-1.48756,1,0.75,Walking,True,-3.9,0,0
1789904331610,196,286449,1,3136,-1.48756,1,0.75,Walking,True,-3.9,0,0
1789904331627,197,287610,1,3152,-1.54996,1,0.75,Walking,True,-3.9,0,0
1789904331627,197,287610,1,3152,-1.54996,1,0.75,Walking,True,-3.9,0,0
1789904331627,197,287610,1,3152,-1.54996,1,0.75,Walking,True,-3.9,0,0
1789904331627,197,287610,1,3152,-1.54996,1,0.75,Walking,True,-3.9,0,0
1789904331627,197,287610,1,3152,-1.54996,1,0.75,Walking,True,-3.9,0,0
1789904331627,197,287610,1,3152,-1.54996,1,0.75,Walking,True,-3.9,0,0
1789904331627,197,287610,1,3152,-1.54996,1,0.75,Walking,True,-3.9,0,0
1789904331627,197,287610,1,3152,-1.54996,1,0.75,Walking,True,-3.9,0,0
1789904331641,198,288974,1,3168,-1.61236,1,0.75,Walking,True,-3.9,0,0
1789904331641,198,288974,1,3168,-1.61236,1,0.75,Walking,True,-3.9,0,0
1789904331641,198,288974,1,3168,-1.61236,1,0.75,Walking,True,-3.9,0,0
1789904331641,198,288974,1,3168,-1.61236,1,0.75,Walking,True,-3.9,0,0
1789904331641,198,288974,1,3168,-1.61236,1,0.75,Walking,True,-3.9,0,0
1789904331641,198,288974,1,3168,-1.61236,1,0.75,Walking,True,-3.9,0,0
1789904331641,198,288974,1,3168,-1.61236,1,0.75,Walking,True,-3.9,0,0
1789904331641,198,288974,1,3168,-1.61236,1,0.75,Walking,True,-3.9,0,0
1789904331657,199,290171,1,3184,-1.67476,1,0.75,Walking,True,-3.9,0,0
1789904331657,199,290171,1,3184,-1.67476,1,0.75,Walking,True,-3.9,0,0
1789904331657,199,290171,1,3184,-1.67476,1,0.75,Walking,True,-3.9,0,0
1789904331657,199,290171,1,3184,-1.67476,1,0.75,Walking,True,-3.9,0,0
1789904331657,199,290171,1,3184,-1.67476,1,0.75,Walking,True,-3.9,0,0
1789904331657,199,290171,1,3184,-1.67476,1,0.75,Walking,True,-3.9,0,0
1789904331657,199,290171,1,3184,-1.67476,1,0.75,Walking,True,-3.9,0,0
1789904331657,199,290171,1,3184,-1.67476,1,0.75,Walking,True,-3.9,0,0
1789904331673,200,291515,1,3200,-1.73716,1,0.75,Walking,True,-3.9,0,0
1789904331673,200,291515,1,3200,-1.73716,1,0.75,Walking,True,-3.9,0,0
1789904331673,200,291515,1,3200,-1.73716,1,0.75,Walking,True,-3.9,0,0
1789904331673,200,291515,1,3200,-1.73716,1,0.75,Walking,True,-3.9,0,0
1789904331673,200,291515,1,3200,-1.73716,1,0.75,Walking,True,-3.9,0,0
1789904331673,200,291515,1,3200,-1.73716,1,0.75,Walking,True,-3.9,0,0
1789904331673,200,291515,1,3200,-1.73716,1,0.75,Walking,True,-3.9,0,0
1789904331673,200,291515,1,3200,-1.73716,1,0.75,Walking,True,-3.9,0,0
1789904331688,201,293002,1,3216,-1.79956,1,0.75,Walking,True,-3.9,0,0
1789904331688,201,293002,1,3216,-1.79956,1,0.75,Walking,True,-3.9,0,0
1789904331688,201,293002,1,3216,-1.79956,1,0.75,Walking,True,-3.9,0,0
1789904331688,201,293002,1,3216,-1.79956,1,0.75,Walking,True,-3.9,0,0
1789904331688,201,293002,1,3216,-1.79956,1,0.75,Walking,True,-3.9,0,0
1789904331688,201,293002,1,3216,-1.79956,1,0.75,Walking,True,-3.9,0,0
1789904331688,201,293002,1,3216,-1.79956,1,0.75,Walking,True,-3.9,0,0
1789904331688,201,293002,1,3216,-1.79956,1,0.75,Walking,True,-3.9,0,0
1789904331703,202,294457,1,3232,-1.86196,1,0.75,Walking,True,-3.9,0,0
1789904331703,202,294457,1,3232,-1.86196,1,0.75,Walking,True,-3.9,0,0
1789904331703,202,294457,1,3232,-1.86196,1,0.75,Walking,True,-3.9,0,0
1789904331703,202,294457,1,3232,-1.86196,1,0.75,Walking,True,-3.9,0,0
1789904331703,202,294457,1,3232,-1.86196,1,0.75,Walking,True,-3.9,0,0
1789904331703,202,294457,1,3232,-1.86196,1,0.75,Walking,True,-3.9,0,0
1789904331703,202,294457,1,3232,-1.86196,1,0.75,Walking,True,-3.9,0,0
1789904331703,202,294457,1,3232,-1.86196,1,0.75,Walking,True,-3.9,0,0
1789904331719,203,295864,1,3248,-1.92436,1,0.75,Walking,True,-3.9,0,0
1789904331719,203,295864,1,3248,-1.92436,1,0.75,Walking,True,-3.9,0,0
1789904331719,203,295864,1,3248,-1.92436,1,0.75,Walking,True,-3.9,0,0
1789904331719,203,295864,1,3248,-1.92436,1,0.75,Walking,True,-3.9,0,0
1789904331719,203,295864,1,3248,-1.92436,1,0.75,Walking,True,-3.9,0,0
1789904331719,203,295864,1,3248,-1.92436,1,0.75,Walking,True,-3.9,0,0
1789904331719,203,295864,1,3248,-1.92436,1,0.75,Walking,True,-3.9,0,0
1789904331719,203,295864,1,3248,-1.92436,1,0.75,Walking,True,-3.9,0,0
1789904331735,204,297239,1,3264,-1.98676,1,0.75,Walking,True,-3.9,0,0
1789904331735,204,297239,1,3264,-1.98676,1,0.75,Walking,True,-3.9,0,0
1789904331735,204,297239,1,3264,-1.98676,1,0.75,Walking,True,-3.9,0,0
1789904331735,204,297239,1,3264,-1.98676,1,0.75,Walking,True,-3.9,0,0
1789904331736,204,297239,1,3264,-1.98676,1,0.75,Walking,True,-3.9,0,0
1789904331736,204,297239,1,3264,-1.98676,1,0.75,Walking,True,-3.9,0,0
1789904331736,204,297239,1,3264,-1.98676,1,0.75,Walking,True,-3.9,0,0
1789904331736,204,297239,1,3264,-1.98676,1,0.75,Walking,True,-3.9,0,0
1789904331766,205,298544,1,3280,-2.04916,1,0.75,Walking,True,-3.9,0,0
1789904331766,205,298544,1,3280,-2.04916,1,0.75,Walking,True,-3.9,0,0
1789904331766,205,298544,1,3280,-2.04916,1,0.75,Walking,True,-3.9,0,0
1789904331766,205,298544,1,3280,-2.04916,1,0.75,Walking,True,-3.9,0,0
1789904331766,205,298544,1,3280,-2.04916,1,0.75,Walking,True,-3.9,0,0
1789904331766,205,298544,1,3280,-2.04916,1,0.75,Walking,True,-3.9,0,0
1789904331766,205,298544,1,3280,-2.04916,1,0.75,Walking,True,-3.9,0,0
1789904331766,205,298544,1,3280,-2.04916,1,0.75,Walking,True,-3.9,0,0
1789904331783,206,300777,1,3296,-2.11156,1,0.75,Walking,True,-3.9,0,0
1789904331783,206,300777,1,3296,-2.11156,1,0.75,Walking,True,-3.9,0,0
1789904331783,206,300777,1,3296,-2.11156,1,0.75,Walking,True,-3.9,0,0
1789904331783,206,300777,1,3296,-2.11156,1,0.75,Walking,True,-3.9,0,0
1789904331783,206,300777,1,3296,-2.11156,1,0.75,Walking,True,-3.9,0,0
1789904331783,206,300777,1,3296,-2.11156,1,0.75,Walking,True,-3.9,0,0
1789904331783,206,300777,1,3296,-2.11156,1,0.75,Walking,True,-3.9,0,0
1789904331783,206,300777,1,3296,-2.11156,1,0.75,Walking,True,-3.9,0,0
1789904331813,207,302090,1,3312,-2.17396,1,0.75,Walking,True,-3.9,0,0
1789904331813,208,302091,1,3328,-2.23636,1,0.75,Walking,True,-3.9,0,0
1789904331813,208,302091,1,3328,-2.23636,1,0.75,Walking,True,-3.9,0,0
1789904331813,208,302091,1,3328,-2.23636,1,0.75,Walking,True,-3.9,0,0
1789904331813,208,302091,1,3328,-2.23636,1,0.75,Walking,True,-3.9,0,0
1789904331813,208,302091,1,3328,-2.23636,1,0.75,Walking,True,-3.9,0,0
1789904331813,208,302091,1,3328,-2.23636,1,0.75,Walking,True,-3.9,0,0
1789904331813,208,302091,1,3328,-2.23636,1,0.75,Walking,True,-3.9,0,0
1789904331829,209,304468,1,3344,-2.29876,1,0.75,Walking,True,-3.9,0,0
1789904331829,209,304468,1,3344,-2.29876,1,0.75,Walking,True,-3.9,0,0
1789904331829,209,304468,1,3344,-2.29876,1,0.75,Walking,True,-3.9,0,0
1789904331829,209,304468,1,3344,-2.29876,1,0.75,Walking,True,-3.9,0,0
1789904331829,209,304468,1,3344,-2.29876,1,0.75,Walking,True,-3.9,0,0
1789904331829,209,304468,1,3344,-2.29876,1,0.75,Walking,True,-3.9,0,0
1789904331829,209,304468,1,3344,-2.29876,1,0.75,Walking,True,-3.9,0,0
1789904331829,209,304468,1,3344,-2.29876,1,0.75,Walking,True,-3.9,0,0
1789904331844,210,305661,1,3360,-2.361161,1,0.75,Walking,True,-3.9,0,0
1789904331844,210,305661,1,3360,-2.361161,1,0.75,Walking,True,-3.9,0,0
1789904331844,210,305661,1,3360,-2.361161,1,0.75,Walking,True,-3.9,0,0
1789904331844,210,305661,1,3360,-2.361161,1,0.75,Walking,True,-3.9,0,0
1789904331844,210,305661,1,3360,-2.361161,1,0.75,Walking,True,-3.9,0,0
1789904331844,210,305661,1,3360,-2.361161,1,0.75,Walking,True,-3.9,0,0
1789904331844,210,305661,1,3360,-2.361161,1,0.75,Walking,True,-3.9,0,0
1789904331844,210,305661,1,3360,-2.361161,1,0.75,Walking,True,-3.9,0,0
1789904331859,211,306788,1,3376,-2.423561,1,0.75,Walking,True,-3.9,0,0
1789904331859,211,306788,1,3376,-2.423561,1,0.75,Walking,True,-3.9,0,0
1789904331859,211,306788,1,3376,-2.423561,1,0.75,Walking,True,-3.9,0,0
1789904331859,211,306788,1,3376,-2.423561,1,0.75,Walking,True,-3.9,0,0
1789904331859,211,306788,1,3376,-2.423561,1,0.75,Walking,True,-3.9,0,0
1789904331859,211,306788,1,3376,-2.423561,1,0.75,Walking,True,-3.9,0,0
1789904331859,211,306788,1,3376,-2.423561,1,0.75,Walking,True,-3.9,0,0
1789904331859,211,306788,1,3376,-2.423561,1,0.75,Walking,True,-3.9,0,0
1789904331876,212,308053,1,3392,-2.485961,1,0.75,Walking,True,-3.9,0,0
1789904331876,212,308053,1,3392,-2.485961,1,0.75,Walking,True,-3.9,0,0
1789904331876,212,308053,1,3392,-2.485961,1,0.75,Walking,True,-3.9,0,0
1789904331876,212,308053,1,3392,-2.485961,1,0.75,Walking,True,-3.9,0,0
1789904331876,212,308053,1,3392,-2.485961,1,0.75,Walking,True,-3.9,0,0
1789904331876,212,308053,1,3392,-2.485961,1,0.75,Walking,True,-3.9,0,0
1789904331876,212,308053,1,3392,-2.485961,1,0.75,Walking,True,-3.9,0,0
1789904331876,212,308053,1,3392,-2.485961,1,0.75,Walking,True,-3.9,0,0
1789904331891,213,309506,1,3408,-2.548361,1,0.75,Walking,True,-3.9,0,0
1789904331891,213,309506,1,3408,-2.548361,1,0.75,Walking,True,-3.9,0,0
1789904331891,213,309506,1,3408,-2.548361,1,0.75,Walking,True,-3.9,0,0
1789904331891,213,309506,1,3408,-2.548361,1,0.75,Walking,True,-3.9,0,0
1789904331891,213,309506,1,3408,-2.548361,1,0.75,Walking,True,-3.9,0,0
1789904331891,213,309506,1,3408,-2.548361,1,0.75,Walking,True,-3.9,0,0
1789904331891,213,309506,1,3408,-2.548361,1,0.75,Walking,True,-3.9,0,0
1789904331891,213,309506,1,3408,-2.548361,1,0.75,Walking,True,-3.9,0,0
1789904331907,214,310808,1,3424,-2.610761,1,0.75,Walking,True,-3.9,0,0
1789904331907,214,310808,1,3424,-2.610761,1,0.75,Walking,True,-3.9,0,0
1789904331907,214,310808,1,3424,-2.610761,1,0.75,Walking,True,-3.9,0,0
1789904331907,214,310808,1,3424,-2.610761,1,0.75,Walking,True,-3.9,0,0
1789904331907,214,310808,1,3424,-2.610761,1,0.75,Walking,True,-3.9,0,0
1789904331907,214,310808,1,3424,-2.610761,1,0.75,Walking,True,-3.9,0,0
1789904331907,214,310808,1,3424,-2.610761,1,0.75,Walking,True,-3.9,0,0
1789904331907,214,310808,1,3424,-2.610761,1,0.75,Walking,True,-3.9,0,0
1789904331922,215,312119,1,3440,-2.673161,1,0.75,Walking,True,-3.9,0,0
1789904331922,215,312119,1,3440,-2.673161,1,0.75,Walking,True,-3.9,0,0
1789904331922,215,312119,1,3440,-2.673161,1,0.75,Walking,True,-3.9,0,0
1789904331922,215,312119,1,3440,-2.673161,1,0.75,Walking,True,-3.9,0,0
1789904331922,215,312119,1,3440,-2.673161,1,0.75,Walking,True,-3.9,0,0
1789904331922,215,312119,1,3440,-2.673161,1,0.75,Walking,True,-3.9,0,0
1789904331922,215,312119,1,3440,-2.673161,1,0.75,Walking,True,-3.9,0,0
1789904331922,215,312119,1,3440,-2.673161,1,0.75,Walking,True,-3.9,0,0
1789904331938,216,313581,1,3456,-2.735561,1,0.75,Walking,True,-3.9,0,0
1789904331938,216,313581,1,3456,-2.735561,1,0.75,Walking,True,-3.9,0,0
1789904331938,216,313581,1,3456,-2.735561,1,0.75,Walking,True,-3.9,0,0
1789904331938,216,313581,1,3456,-2.735561,1,0.75,Walking,True,-3.9,0,0
1789904331938,216,313581,1,3456,-2.735561,1,0.75,Walking,True,-3.9,0,0
1789904331938,216,313581,1,3456,-2.735561,1,0.75,Walking,True,-3.9,0,0
1789904331938,216,313581,1,3456,-2.735561,1,0.75,Walking,True,-3.9,0,0
1789904331938,216,313581,1,3456,-2.735561,1,0.75,Walking,True,-3.9,0,0
1789904331954,217,315054,1,3472,-2.797961,1,0.75,Walking,True,-3.9,0,0
1789904331954,217,315054,1,3472,-2.797961,1,0.75,Walking,True,-3.9,0,0
1789904331954,217,315054,1,3472,-2.797961,1,0.75,Walking,True,-3.9,0,0
1789904331954,217,315054,1,3472,-2.797961,1,0.75,Walking,True,-3.9,0,0
1789904331954,217,315054,1,3472,-2.797961,1,0.75,Walking,True,-3.9,0,0
1789904331954,217,315054,1,3472,-2.797961,1,0.75,Walking,True,-3.9,0,0
1789904331954,217,315054,1,3472,-2.797961,1,0.75,Walking,True,-3.9,0,0
1789904331954,217,315054,1,3472,-2.797961,1,0.75,Walking,True,-3.9,0,0
1789904331970,218,316510,1,3488,-2.860361,1,0.75,Walking,True,-3.9,0,0
1789904331970,218,316510,1,3488,-2.860361,1,0.75,Walking,True,-3.9,0,0
1789904331970,218,316510,1,3488,-2.860361,1,0.75,Walking,True,-3.9,0,0
1789904331970,218,316510,1,3488,-2.860361,1,0.75,Walking,True,-3.9,0,0
1789904331970,218,316510,1,3488,-2.860361,1,0.75,Walking,True,-3.9,0,0
1789904331970,218,316510,1,3488,-2.860361,1,0.75,Walking,True,-3.9,0,0
1789904331970,218,316510,1,3488,-2.860361,1,0.75,Walking,True,-3.9,0,0
1789904331970,218,316510,1,3488,-2.860361,1,0.75,Walking,True,-3.9,0,0
1789904331985,219,318114,1,3504,-2.922761,1,0.75,Walking,True,-3.9,0,0
1789904331985,219,318114,1,3504,-2.922761,1,0.75,Walking,True,-3.9,0,0
1789904331985,219,318114,1,3504,-2.922761,1,0.75,Walking,True,-3.9,0,0
1789904331985,219,318114,1,3504,-2.922761,1,0.75,Walking,True,-3.9,0,0
1789904331985,219,318114,1,3504,-2.922761,1,0.75,Walking,True,-3.9,0,0
1789904331985,219,318114,1,3504,-2.922761,1,0.75,Walking,True,-3.9,0,0
1789904331985,219,318114,1,3504,-2.922761,1,0.75,Walking,True,-3.9,0,0
1789904331985,219,318114,1,3504,-2.922761,1,0.75,Walking,True,-3.9,0,0
1789904332001,220,319562,1,3520,-2.985162,1,0.75,Walking,True,-3.9,0,0
1789904332001,220,319562,1,3520,-2.985162,1,0.75,Walking,True,-3.9,0,0
1789904332001,220,319562,1,3520,-2.985162,1,0.75,Walking,True,-3.9,0,0
1789904332001,220,319562,1,3520,-2.985162,1,0.75,Walking,True,-3.9,0,0
1789904332001,220,319562,1,3520,-2.985162,1,0.75,Walking,True,-3.9,0,0
1789904332001,220,319562,1,3520,-2.985162,1,0.75,Walking,True,-3.9,0,0
1789904332001,220,319562,1,3520,-2.985162,1,0.75,Walking,True,-3.9,0,0
1789904332001,220,319562,1,3520,-2.985162,1,0.75,Walking,True,-3.9,0,0
1789904332016,221,321022,1,3536,-3.047562,1,0.75,Walking,True,-3.9,0,0
1789904332016,221,321022,1,3536,-3.047562,1,0.75,Walking,True,-3.9,0,0
1789904332016,221,321022,1,3536,-3.047562,1,0.75,Walking,True,-3.9,0,0
1789904332016,221,321022,1,3536,-3.047562,1,0.75,Walking,True,-3.9,0,0
1789904332016,221,321022,1,3536,-3.047562,1,0.75,Walking,True,-3.9,0,0
1789904332016,221,321022,1,3536,-3.047562,1,0.75,Walking,True,-3.9,0,0
1789904332016,221,321022,1,3536,-3.047562,1,0.75,Walking,True,-3.9,0,0
1789904332016,221,321022,1,3536,-3.047562,1,0.75,Walking,True,-3.9,0,0
1789904332031,222,322430,1,3552,-3.109962,1,0.75,Walking,True,-3.9,0,0
1789904332031,222,322430,1,3552,-3.109962,1,0.75,Walking,True,-3.9,0,0
1789904332031,222,322430,1,3552,-3.109962,1,0.75,Walking,True,-3.9,0,0
1789904332031,222,322430,1,3552,-3.109962,1,0.75,Walking,True,-3.9,0,0
1789904332031,222,322430,1,3552,-3.109962,1,0.75,Walking,True,-3.9,0,0
1789904332031,222,322430,1,3552,-3.109962,1,0.75,Walking,True,-3.9,0,0
1789904332031,222,322430,1,3552,-3.109962,1,0.75,Walking,True,-3.9,0,0
1789904332031,222,322430,1,3552,-3.109962,1,0.75,Walking,True,-3.9,0,0
1789904332047,223,323497,1,3568,-3.172362,1,0.75,Walking,True,-3.9,0,0
1789904332047,223,323497,1,3568,-3.172362,1,0.75,Walking,True,-3.9,0,0
1789904332047,223,323497,1,3568,-3.172362,1,0.75,Walking,True,-3.9,0,0
1789904332047,223,323497,1,3568,-3.172362,1,0.75,Walking,True,-3.9,0,0
1789904332047,223,323497,1,3568,-3.172362,1,0.75,Walking,True,-3.9,0,0
1789904332047,223,323497,1,3568,-3.172362,1,0.75,Walking,True,-3.9,0,0
1789904332047,223,323497,1,3568,-3.172362,1,0.75,Walking,True,-3.9,0,0
1789904332047,223,323497,1,3568,-3.172362,1,0.75,Walking,True,-3.9,0,0
1789904332062,224,324802,1,3584,-3.234762,1,0.75,Walking,True,-3.9,0,0
1789904332062,224,324802,1,3584,-3.234762,1,0.75,Walking,True,-3.9,0,0
1789904332062,224,324802,1,3584,-3.234762,1,0.75,Walking,True,-3.9,0,0
1789904332062,224,324802,1,3584,-3.234762,1,0.75,Walking,True,-3.9,0,0
1789904332062,224,324802,1,3584,-3.234762,1,0.75,Walking,True,-3.9,0,0
1789904332062,224,324802,1,3584,-3.234762,1,0.75,Walking,True,-3.9,0,0
1789904332062,224,324802,1,3584,-3.234762,1,0.75,Walking,True,-3.9,0,0
1789904332062,224,324802,1,3584,-3.234762,1,0.75,Walking,True,-3.9,0,0
1789904332078,225,326155,1,3600,-3.297162,1,0.75,Walking,True,-3.9,0,0
1789904332078,225,326155,1,3600,-3.297162,1,0.75,Walking,True,-3.9,0,0
1789904332078,225,326155,1,3600,-3.297162,1,0.75,Walking,True,-3.9,0,0
1789904332078,225,326155,1,3600,-3.297162,1,0.75,Walking,True,-3.9,0,0
1789904332078,225,326155,1,3600,-3.297162,1,0.75,Walking,True,-3.9,0,0
1789904332078,225,326155,1,3600,-3.297162,1,0.75,Walking,True,-3.9,0,0
1789904332078,225,326155,1,3600,-3.297162,1,0.75,Walking,True,-3.9,0,0
1789904332078,225,326155,1,3600,-3.297162,1,0.75,Walking,True,-3.9,0,0
1789904332093,226,327586,1,3616,-3.359562,1,0.75,Walking,True,-3.9,0,0
1789904332093,226,327586,1,3616,-3.359562,1,0.75,Walking,True,-3.9,0,0
1789904332093,226,327586,1,3616,-3.359562,1,0.75,Walking,True,-3.9,0,0
1789904332093,226,327586,1,3616,-3.359562,1,0.75,Walking,True,-3.9,0,0
1789904332093,226,327586,1,3616,-3.359562,1,0.75,Walking,True,-3.9,0,0
1789904332093,226,327586,1,3616,-3.359562,1,0.75,Walking,True,-3.9,0,0
1789904332093,226,327586,1,3616,-3.359562,1,0.75,Walking,True,-3.9,0,0
1789904332093,226,327586,1,3616,-3.359562,1,0.75,Walking,True,-3.9,0,0
1789904332108,227,328908,1,3632,-3.421962,1,0.75,Walking,True,-3.9,0,0
1789904332108,227,328908,1,3632,-3.421962,1,0.75,Walking,True,-3.9,0,0
1789904332108,227,328908,1,3632,-3.421962,1,0.75,Walking,True,-3.9,0,0
1789904332108,227,328908,1,3632,-3.421962,1,0.75,Walking,True,-3.9,0,0
1789904332108,227,328908,1,3632,-3.421962,1,0.75,Walking,True,-3.9,0,0
1789904332108,227,328908,1,3632,-3.421962,1,0.75,Walking,True,-3.9,0,0
1789904332108,227,328908,1,3632,-3.421962,1,0.75,Walking,True,-3.9,0,0
1789904332108,227,328908,1,3632,-3.421962,1,0.75,Walking,True,-3.9,0,0
1789904332124,228,330036,1,3648,-3.484362,1,0.75,Walking,True,-3.9,0,0
1789904332124,228,330036,1,3648,-3.484362,1,0.75,Walking,True,-3.9,0,0
1789904332124,228,330036,1,3648,-3.484362,1,0.75,Walking,True,-3.9,0,0
1789904332124,228,330036,1,3648,-3.484362,1,0.75,Walking,True,-3.9,0,0
1789904332124,228,330036,1,3648,-3.484362,1,0.75,Walking,True,-3.9,0,0
1789904332124,228,330036,1,3648,-3.484362,1,0.75,Walking,True,-3.9,0,0
1789904332124,228,330036,1,3648,-3.484362,1,0.75,Walking,True,-3.9,0,0
1789904332124,228,330036,1,3648,-3.484362,1,0.75,Walking,True,-3.9,0,0
1789904332139,229,331244,1,3664,-3.546762,1,0.75,Walking,True,-3.9,0,0
1789904332139,229,331244,1,3664,-3.546762,1,0.75,Walking,True,-3.9,0,0
1789904332139,229,331244,1,3664,-3.546762,1,0.75,Walking,True,-3.9,0,0
1789904332139,229,331244,1,3664,-3.546762,1,0.75,Walking,True,-3.9,0,0
1789904332139,229,331244,1,3664,-3.546762,1,0.75,Walking,True,-3.9,0,0
1789904332139,229,331244,1,3664,-3.546762,1,0.75,Walking,True,-3.9,0,0
1789904332139,229,331244,1,3664,-3.546762,1,0.75,Walking,True,-3.9,0,0
1789904332139,229,331244,1,3664,-3.546762,1,0.75,Walking,True,-3.9,0,0
1789904332156,230,332320,1,3680,-3.609163,1,0.75,Walking,True,-3.9,0,0
1789904332156,230,332320,1,3680,-3.609163,1,0.75,Walking,True,-3.9,0,0
1789904332156,230,332320,1,3680,-3.609163,1,0.75,Walking,True,-3.9,0,0
1789904332156,230,332320,1,3680,-3.609163,1,0.75,Walking,True,-3.9,0,0
1789904332156,230,332320,1,3680,-3.609163,1,0.75,Walking,True,-3.9,0,0
1789904332156,230,332320,1,3680,-3.609163,1,0.75,Walking,True,-3.9,0,0
1789904332156,230,332320,1,3680,-3.609163,1,0.75,Walking,True,-3.9,0,0
1789904332156,230,332320,1,3680,-3.609163,1,0.75,Walking,True,-3.9,0,0
1789904332172,231,333549,1,3696,-3.671563,1,0.75,Walking,True,-3.9,0,0
1789904332172,231,333549,1,3696,-3.671563,1,0.75,Walking,True,-3.9,0,0
1789904332172,231,333549,1,3696,-3.671563,1,0.75,Walking,True,-3.9,0,0
1789904332172,231,333549,1,3696,-3.671563,1,0.75,Walking,True,-3.9,0,0
1789904332172,231,333549,1,3696,-3.671563,1,0.75,Walking,True,-3.9,0,0
1789904332172,231,333549,1,3696,-3.671563,1,0.75,Walking,True,-3.9,0,0
1789904332172,231,333549,1,3696,-3.671563,1,0.75,Walking,True,-3.9,0,0
1789904332172,231,333549,1,3696,-3.671563,1,0.75,Walking,True,-3.9,0,0
1789904332202,232,334698,1,3712,-3.728843,1,0.75,Walking,True,-3.58,0,0
1789904332202,232,334698,1,3712,-3.728843,1,0.75,Walking,True,-3.58,0,0
1789904332202,232,334698,1,3712,-3.728843,1,0.75,Walking,True,-3.58,0,0
1789904332202,232,334698,1,3712,-3.728843,1,0.75,Walking,True,-3.58,0,0
1789904332202,232,334698,1,3712,-3.728843,1,0.75,Walking,True,-3.58,0,0
1789904332202,232,334698,1,3712,-3.728843,1,0.75,Walking,True,-3.58,0,0
1789904332202,232,334698,1,3712,-3.728843,1,0.75,Walking,True,-3.58,0,0
1789904332202,232,334698,1,3712,-3.728843,1,0.75,Walking,True,-3.58,0,0
1789904332218,233,336914,1,3728,-3.781003,1,0.75,Walking,True,-3.26,0,0
1789904332218,233,336914,1,3728,-3.781003,1,0.75,Walking,True,-3.26,0,0
1789904332218,233,336914,1,3728,-3.781003,1,0.75,Walking,True,-3.26,0,0
1789904332218,233,336914,1,3728,-3.781003,1,0.75,Walking,True,-3.26,0,0
1789904332218,233,336914,1,3728,-3.781003,1,0.75,Walking,True,-3.26,0,0
1789904332218,233,336914,1,3728,-3.781003,1,0.75,Walking,True,-3.26,0,0
1789904332218,233,336914,1,3728,-3.781003,1,0.75,Walking,True,-3.26,0,0
1789904332218,233,336914,1,3728,-3.781003,1,0.75,Walking,True,-3.26,0,0
1789904332234,234,338054,1,3744,-3.828043,1,0.75,Walking,True,-2.94,0,0
1789904332234,234,338054,1,3744,-3.828043,1,0.75,Walking,True,-2.94,0,0
1789904332234,234,338054,1,3744,-3.828043,1,0.75,Walking,True,-2.94,0,0
1789904332234,234,338054,1,3744,-3.828043,1,0.75,Walking,True,-2.94,0,0
1789904332235,234,338054,1,3744,-3.828043,1,0.75,Walking,True,-2.94,0,0
1789904332235,234,338054,1,3744,-3.828043,1,0.75,Walking,True,-2.94,0,0
1789904332235,234,338054,1,3744,-3.828043,1,0.75,Walking,True,-2.94,0,0
1789904332235,234,338054,1,3744,-3.828043,1,0.75,Walking,True,-2.94,0,0
1789904332251,235,339092,1,3760,-3.869963,1,0.75,Walking,True,-2.62,0,0
1789904332251,235,339092,1,3760,-3.869963,1,0.75,Walking,True,-2.62,0,0
1789904332251,235,339092,1,3760,-3.869963,1,0.75,Walking,True,-2.62,0,0
1789904332251,235,339092,1,3760,-3.869963,1,0.75,Walking,True,-2.62,0,0
1789904332251,235,339092,1,3760,-3.869963,1,0.75,Walking,True,-2.62,0,0
1789904332251,235,339092,1,3760,-3.869963,1,0.75,Walking,True,-2.62,0,0
1789904332251,235,339092,1,3760,-3.869963,1,0.75,Walking,True,-2.62,0,0
1789904332251,235,339092,1,3760,-3.869963,1,0.75,Walking,True,-2.62,0,0
1789904332267,236,340180,1,3776,-3.906763,1,0.75,Walking,True,-2.3,0,0
1789904332267,236,340180,1,3776,-3.906763,1,0.75,Walking,True,-2.3,0,0
1789904332267,236,340180,1,3776,-3.906763,1,0.75,Walking,True,-2.3,0,0
1789904332267,236,340180,1,3776,-3.906763,1,0.75,Walking,True,-2.3,0,0
1789904332267,236,340180,1,3776,-3.906763,1,0.75,Walking,True,-2.3,0,0
1789904332267,236,340180,1,3776,-3.906763,1,0.75,Walking,True,-2.3,0,0
1789904332267,236,340180,1,3776,-3.906763,1,0.75,Walking,True,-2.3,0,0
1789904332267,236,340180,1,3776,-3.906763,1,0.75,Walking,True,-2.3,0,0
1789904332283,237,341271,1,3792,-3.938443,1,0.75,Walking,True,-1.98,0,0
1789904332283,237,341271,1,3792,-3.938443,1,0.75,Walking,True,-1.98,0,0
1789904332283,237,341271,1,3792,-3.938443,1,0.75,Walking,True,-1.98,0,0
1789904332283,237,341271,1,3792,-3.938443,1,0.75,Walking,True,-1.98,0,0
1789904332283,237,341271,1,3792,-3.938443,1,0.75,Walking,True,-1.98,0,0
1789904332283,237,341271,1,3792,-3.938443,1,0.75,Walking,True,-1.98,0,0
1789904332283,237,341271,1,3792,-3.938443,1,0.75,Walking,True,-1.98,0,0
1789904332283,237,341271,1,3792,-3.938443,1,0.75,Walking,True,-1.98,0,0
1789904332313,238,342620,1,3808,-3.965003,1,0.75,Walking,True,-1.66,0,0
1789904332313,239,342621,1,3824,-3.986443,1,0.75,Walking,True,-1.34,0,0
1789904332313,239,342621,1,3824,-3.986443,1,0.75,Walking,True,-1.34,0,0
1789904332313,239,342621,1,3824,-3.986443,1,0.75,Walking,True,-1.34,0,0
1789904332313,239,342621,1,3824,-3.986443,1,0.75,Walking,True,-1.34,0,0
1789904332313,239,342621,1,3824,-3.986443,1,0.75,Walking,True,-1.34,0,0
1789904332313,239,342621,1,3824,-3.986443,1,0.75,Walking,True,-1.34,0,0
1789904332313,239,342621,1,3824,-3.986443,1,0.75,Walking,True,-1.34,0,0
1789904332328,240,344885,1,3840,-4.002763,1,0.75,Walking,True,-1.02,0,0
1789904332328,240,344885,1,3840,-4.002763,1,0.75,Walking,True,-1.02,0,0
1789904332328,240,344885,1,3840,-4.002763,1,0.75,Walking,True,-1.02,0,0
1789904332328,240,344885,1,3840,-4.002763,1,0.75,Walking,True,-1.02,0,0
1789904332328,240,344885,1,3840,-4.002763,1,0.75,Walking,True,-1.02,0,0
1789904332328,240,344885,1,3840,-4.002763,1,0.75,Walking,True,-1.02,0,0
1789904332328,240,344885,1,3840,-4.002763,1,0.75,Walking,True,-1.02,0,0
1789904332328,240,344885,1,3840,-4.002763,1,0.75,Walking,True,-1.02,0,0
1789904332343,241,345811,1,3856,-4.013963,1,0.75,Walking,True,-0.7,0,0
1789904332343,241,345811,1,3856,-4.013963,1,0.75,Walking,True,-0.7,0,0
1789904332343,241,345811,1,3856,-4.013963,1,0.75,Walking,True,-0.7,0,0
1789904332343,241,345811,1,3856,-4.013963,1,0.75,Walking,True,-0.7,0,0
1789904332343,241,345811,1,3856,-4.013963,1,0.75,Walking,True,-0.7,0,0
1789904332343,241,345811,1,3856,-4.013963,1,0.75,Walking,True,-0.7,0,0
1789904332343,241,345811,1,3856,-4.013963,1,0.75,Walking,True,-0.7,0,0
1789904332343,241,345811,1,3856,-4.013963,1,0.75,Walking,True,-0.7,0,0
1789904332359,242,346972,1,3872,-4.020043,1,0.75,Walking,True,-0.38,0,0
1789904332359,242,346972,1,3872,-4.020043,1,0.75,Walking,True,-0.38,0,0
1789904332359,242,346972,1,3872,-4.020043,1,0.75,Walking,True,-0.38,0,0
1789904332359,242,346972,1,3872,-4.020043,1,0.75,Walking,True,-0.38,0,0
1789904332359,242,346972,1,3872,-4.020043,1,0.75,Walking,True,-0.38,0,0
1789904332359,242,346972,1,3872,-4.020043,1,0.75,Walking,True,-0.38,0,0
1789904332359,242,346972,1,3872,-4.020043,1,0.75,Walking,True,-0.38,0,0
1789904332359,242,346972,1,3872,-4.020043,1,0.75,Walking,True,-0.38,0,0
1789904332375,243,348203,1,3888,-4.020043,1,0.75,Walking,True,-0.06,0,0
1789904332375,243,348203,1,3888,-4.020043,1,0.75,Walking,True,-0.06,0,0
1789904332375,243,348203,1,3888,-4.020043,1,0.75,Walking,True,-0.06,0,0
1789904332375,243,348203,1,3888,-4.020043,1,0.75,Walking,True,-0.06,0,0
1789904332375,243,348203,1,3888,-4.020043,1,0.75,Walking,True,-0.06,0,0
1789904332375,243,348203,1,3888,-4.020043,1,0.75,Walking,True,-0.06,0,0
1789904332375,243,348203,1,3888,-4.020043,1,0.75,Walking,True,-0.06,0,0
1789904332375,243,348203,1,3888,-4.020043,1,0.75,Walking,True,-0.06,0,0
1789904332391,244,349599,1,3904,-4.020043,1,0.75,Walking,True,0,0,0
1789904332391,244,349599,1,3904,-4.020043,1,0.75,Walking,True,0,0,0
1789904332391,244,349599,1,3904,-4.020043,1,0.75,Walking,True,0,0,0
1789904332391,244,349599,1,3904,-4.020043,1,0.75,Walking,True,0,0,0
1789904332391,244,349599,1,3904,-4.020043,1,0.75,Walking,True,0,0,0
1789904332391,244,349599,1,3904,-4.020043,1,0.75,Walking,True,0,0,0
1789904332391,244,349599,1,3904,-4.020043,1,0.75,Walking,True,0,0,0
1789904332391,244,349599,1,3904,-4.020043,1,0.75,Walking,True,0,0,0
1789904332406,245,350955,1,3920,-4.020043,1,0.75,Walking,True,0,0,0
1789904332406,245,350955,1,3920,-4.020043,1,0.75,Walking,True,0,0,0
1789904332406,245,350955,1,3920,-4.020043,1,0.75,Walking,True,0,0,0
1789904332406,245,350955,1,3920,-4.020043,1,0.75,Walking,True,0,0,0
1789904332406,245,350955,1,3920,-4.020043,1,0.75,Walking,True,0,0,0
1789904332406,245,350955,1,3920,-4.020043,1,0.75,Walking,True,0,0,0
1789904332406,245,350955,1,3920,-4.020043,1,0.75,Walking,True,0,0,0
1789904332406,245,350955,1,3920,-4.020043,1,0.75,Walking,True,0,0,0
1789904332421,246,352306,1,3936,-4.020043,1,0.75,Walking,True,0,0,0
1789904332421,246,352306,1,3936,-4.020043,1,0.75,Walking,True,0,0,0
1789904332421,246,352306,1,3936,-4.020043,1,0.75,Walking,True,0,0,0
1789904332421,246,352306,1,3936,-4.020043,1,0.75,Walking,True,0,0,0
1789904332421,246,352306,1,3936,-4.020043,1,0.75,Walking,True,0,0,0
1789904332421,246,352306,1,3936,-4.020043,1,0.75,Walking,True,0,0,0
1789904332421,246,352306,1,3936,-4.020043,1,0.75,Walking,True,0,0,0
1789904332421,246,352306,1,3936,-4.020043,1,0.75,Walking,True,0,0,0
1789904332437,247,353639,1,3952,-4.020043,1,0.75,Walking,True,0,0,0
1789904332437,247,353639,1,3952,-4.020043,1,0.75,Walking,True,0,0,0
1789904332437,247,353639,1,3952,-4.020043,1,0.75,Walking,True,0,0,0
1789904332437,247,353639,1,3952,-4.020043,1,0.75,Walking,True,0,0,0
1789904332437,247,353639,1,3952,-4.020043,1,0.75,Walking,True,0,0,0
1789904332437,247,353639,1,3952,-4.020043,1,0.75,Walking,True,0,0,0
1789904332437,247,353639,1,3952,-4.020043,1,0.75,Walking,True,0,0,0
1789904332437,247,353639,1,3952,-4.020043,1,0.75,Walking,True,0,0,0
1789904332452,248,355105,1,3968,-4.020043,1,0.75,Walking,True,0,0,0
1789904332452,248,355105,1,3968,-4.020043,1,0.75,Walking,True,0,0,0
1789904332452,248,355105,1,3968,-4.020043,1,0.75,Walking,True,0,0,0
1789904332452,248,355105,1,3968,-4.020043,1,0.75,Walking,True,0,0,0
1789904332452,248,355105,1,3968,-4.020043,1,0.75,Walking,True,0,0,0
1789904332452,248,355105,1,3968,-4.020043,1,0.75,Walking,True,0,0,0
1789904332453,248,355105,1,3968,-4.020043,1,0.75,Walking,True,0,0,0
1789904332453,248,355105,1,3968,-4.020043,1,0.75,Walking,True,0,0,0
1789904332468,249,356528,1,3984,-4.020043,1,0.75,Walking,True,0,0,0
1789904332468,249,356528,1,3984,-4.020043,1,0.75,Walking,True,0,0,0
1789904332468,249,356528,1,3984,-4.020043,1,0.75,Walking,True,0,0,0
1789904332468,249,356528,1,3984,-4.020043,1,0.75,Walking,True,0,0,0
1789904332468,249,356528,1,3984,-4.020043,1,0.75,Walking,True,0,0,0
1789904332468,249,356528,1,3984,-4.020043,1,0.75,Walking,True,0,0,0
1789904332468,249,356528,1,3984,-4.020043,1,0.75,Walking,True,0,0,0
1789904332468,249,356528,1,3984,-4.020043,1,0.75,Walking,True,0,0,0
1789904332484,250,358096,1,4000,-4.020043,1,0.75,Walking,True,0,0,0
1789904332484,250,358096,1,4000,-4.020043,1,0.75,Walking,True,0,0,0
1789904332484,250,358096,1,4000,-4.020043,1,0.75,Walking,True,0,0,0
1789904332484,250,358096,1,4000,-4.020043,1,0.75,Walking,True,0,0,0
1789904332484,250,358096,1,4000,-4.020043,1,0.75,Walking,True,0,0,0
1789904332484,250,358096,1,4000,-4.020043,1,0.75,Walking,True,0,0,0
1789904332484,250,358096,1,4000,-4.020043,1,0.75,Walking,True,0,0,0
1789904332484,250,358096,1,4000,-4.020043,1,0.75,Walking,True,0,0,0
1789904332500,251,359675,1,4016,-4.020043,1,0.75,Walking,True,0,0,0
1789904332500,251,359675,1,4016,-4.020043,1,0.75,Walking,True,0,0,0
1789904332500,251,359675,1,4016,-4.020043,1,0.75,Walking,True,0,0,0
1789904332500,251,359675,1,4016,-4.020043,1,0.75,Walking,True,0,0,0
1789904332500,251,359675,1,4016,-4.020043,1,0.75,Walking,True,0,0,0
1789904332500,251,359675,1,4016,-4.020043,1,0.75,Walking,True,0,0,0
1789904332500,251,359675,1,4016,-4.020043,1,0.75,Walking,True,0,0,0
1789904332500,251,359675,1,4016,-4.020043,1,0.75,Walking,True,0,0,0
1789904332516,252,361009,1,4032,-4.020043,1,0.75,Walking,True,0,0,0
1789904332516,252,361009,1,4032,-4.020043,1,0.75,Walking,True,0,0,0
1789904332516,252,361009,1,4032,-4.020043,1,0.75,Walking,True,0,0,0
1789904332516,252,361009,1,4032,-4.020043,1,0.75,Walking,True,0,0,0
1789904332516,252,361009,1,4032,-4.020043,1,0.75,Walking,True,0,0,0
1789904332516,252,361009,1,4032,-4.020043,1,0.75,Walking,True,0,0,0
1789904332516,252,361009,1,4032,-4.020043,1,0.75,Walking,True,0,0,0
1789904332516,252,361009,1,4032,-4.020043,1,0.75,Walking,True,0,0,0
1789904332532,253,362380,1,4048,-4.020043,1,0.75,Walking,True,0,0,0
1789904332532,253,362380,1,4048,-4.020043,1,0.75,Walking,True,0,0,0
1789904332532,253,362380,1,4048,-4.020043,1,0.75,Walking,True,0,0,0
1789904332532,253,362380,1,4048,-4.020043,1,0.75,Walking,True,0,0,0
1789904332532,253,362380,1,4048,-4.020043,1,0.75,Walking,True,0,0,0
1789904332532,253,362380,1,4048,-4.020043,1,0.75,Walking,True,0,0,0
1789904332532,253,362380,1,4048,-4.020043,1,0.75,Walking,True,0,0,0
1789904332532,253,362380,1,4048,-4.020043,1,0.75,Walking,True,0,0,0
1789904332547,254,363765,1,4064,-4.020043,1,0.75,Walking,True,0,0,0
1789904332547,254,363765,1,4064,-4.020043,1,0.75,Walking,True,0,0,0
1789904332547,254,363765,1,4064,-4.020043,1,0.75,Walking,True,0,0,0
1789904332547,254,363765,1,4064,-4.020043,1,0.75,Walking,True,0,0,0
1789904332547,254,363765,1,4064,-4.020043,1,0.75,Walking,True,0,0,0
1789904332547,254,363765,1,4064,-4.020043,1,0.75,Walking,True,0,0,0
1789904332547,254,363765,1,4064,-4.020043,1,0.75,Walking,True,0,0,0
1789904332547,254,363765,1,4064,-4.020043,1,0.75,Walking,True,0,0,0
1789904332563,255,365054,1,4080,-4.020043,1,0.75,Walking,True,0,0,0
1789904332563,255,365054,1,4080,-4.020043,1,0.75,Walking,True,0,0,0
1789904332563,255,365054,1,4080,-4.020043,1,0.75,Walking,True,0,0,0
1789904332563,255,365054,1,4080,-4.020043,1,0.75,Walking,True,0,0,0
1789904332563,255,365054,1,4080,-4.020043,1,0.75,Walking,True,0,0,0
1789904332563,255,365054,1,4080,-4.020043,1,0.75,Walking,True,0,0,0
1789904332563,255,365054,1,4080,-4.020043,1,0.75,Walking,True,0,0,0
1789904332563,255,365054,1,4080,-4.020043,1,0.75,Walking,True,0,0,0
1789904332578,256,366435,1,4096,-4.020043,1,0.75,Walking,True,0,0,0
1789904332578,256,366435,1,4096,-4.020043,1,0.75,Walking,True,0,0,0
1789904332578,256,366435,1,4096,-4.020043,1,0.75,Walking,True,0,0,0
1789904332578,256,366435,1,4096,-4.020043,1,0.75,Walking,True,0,0,0
1789904332578,256,366435,1,4096,-4.020043,1,0.75,Walking,True,0,0,0
1789904332578,256,366435,1,4096,-4.020043,1,0.75,Walking,True,0,0,0
1789904332578,256,366435,1,4096,-4.020043,1,0.75,Walking,True,0,0,0
1789904332578,256,366435,1,4096,-4.020043,1,0.75,Walking,True,0,0,0
1789904332594,257,367836,1,4112,-4.020043,1,0.75,Walking,True,0,0,0
1789904332594,257,367836,1,4112,-4.020043,1,0.75,Walking,True,0,0,0
1789904332594,257,367836,1,4112,-4.020043,1,0.75,Walking,True,0,0,0
1789904332594,257,367836,1,4112,-4.020043,1,0.75,Walking,True,0,0,0
1789904332594,257,367836,1,4112,-4.020043,1,0.75,Walking,True,0,0,0
1789904332594,257,367836,1,4112,-4.020043,1,0.75,Walking,True,0,0,0
1789904332594,257,367836,1,4112,-4.020043,1,0.75,Walking,True,0,0,0
1789904332594,257,367836,1,4112,-4.020043,1,0.75,Walking,True,0,0,0
1789904332610,258,369140,1,4128,-4.020043,1,0.75,Walking,True,0,0,0
1789904332610,258,369140,1,4128,-4.020043,1,0.75,Walking,True,0,0,0
1789904332610,258,369140,1,4128,-4.020043,1,0.75,Walking,True,0,0,0
1789904332610,258,369140,1,4128,-4.020043,1,0.75,Walking,True,0,0,0
1789904332610,258,369140,1,4128,-4.020043,1,0.75,Walking,True,0,0,0
1789904332610,258,369140,1,4128,-4.020043,1,0.75,Walking,True,0,0,0
1789904332610,258,369140,1,4128,-4.020043,1,0.75,Walking,True,0,0,0
1789904332610,258,369140,1,4128,-4.020043,1,0.75,Walking,True,0,0,0
1789904332626,259,370693,1,4144,-4.020043,1,0.75,Walking,True,0,0,0
1789904332626,259,370693,1,4144,-4.020043,1,0.75,Walking,True,0,0,0
1789904332626,259,370693,1,4144,-4.020043,1,0.75,Walking,True,0,0,0
1789904332626,259,370693,1,4144,-4.020043,1,0.75,Walking,True,0,0,0
1789904332626,259,370693,1,4144,-4.020043,1,0.75,Walking,True,0,0,0
1789904332626,259,370693,1,4144,-4.020043,1,0.75,Walking,True,0,0,0
1789904332626,259,370693,1,4144,-4.020043,1,0.75,Walking,True,0,0,0
1789904332626,259,370693,1,4144,-4.020043,1,0.75,Walking,True,0,0,0
1789904332641,260,372203,1,4160,-4.020043,1,0.75,Walking,True,0,0,0
1789904332641,260,372203,1,4160,-4.020043,1,0.75,Walking,True,0,0,0
1789904332641,260,372203,1,4160,-4.020043,1,0.75,Walking,True,0,0,0
1789904332641,260,372203,1,4160,-4.020043,1,0.75,Walking,True,0,0,0
1789904332641,260,372203,1,4160,-4.020043,1,0.75,Walking,True,0,0,0
1789904332641,260,372203,1,4160,-4.020043,1,0.75,Walking,True,0,0,0
1789904332641,260,372203,1,4160,-4.020043,1,0.75,Walking,True,0,0,0
1789904332641,260,372203,1,4160,-4.020043,1,0.75,Walking,True,0,0,0
1789904332657,261,373445,1,4176,-4.020043,1,0.75,Walking,True,0,0,0
1789904332657,261,373445,1,4176,-4.020043,1,0.75,Walking,True,0,0,0
1789904332657,261,373445,1,4176,-4.020043,1,0.75,Walking,True,0,0,0
1789904332657,261,373445,1,4176,-4.020043,1,0.75,Walking,True,0,0,0
1789904332657,261,373445,1,4176,-4.020043,1,0.75,Walking,True,0,0,0
1789904332657,261,373445,1,4176,-4.020043,1,0.75,Walking,True,0,0,0
1789904332657,261,373445,1,4176,-4.020043,1,0.75,Walking,True,0,0,0
1789904332657,261,373445,1,4176,-4.020043,1,0.75,Walking,True,0,0,0
1789904332672,262,374689,1,4192,-4.020043,1,0.75,Walking,True,0,0,0
1789904332672,262,374689,1,4192,-4.020043,1,0.75,Walking,True,0,0,0
1789904332672,262,374689,1,4192,-4.020043,1,0.75,Walking,True,0,0,0
1789904332673,262,374689,1,4192,-4.020043,1,0.75,Walking,True,0,0,0
1789904332673,262,374689,1,4192,-4.020043,1,0.75,Walking,True,0,0,0
1789904332673,262,374689,1,4192,-4.020043,1,0.75,Walking,True,0,0,0
1789904332673,262,374689,1,4192,-4.020043,1,0.75,Walking,True,0,0,0
1789904332673,262,374689,1,4192,-4.020043,1,0.75,Walking,True,0,0,0
1789904332907,263,404326,1,4208,-4.020043,1.061489,0.75,Falling,False,0,3.84304,0
1789904332907,263,404326,1,4208,-4.020043,1.061489,0.75,Falling,False,0,3.84304,0
1789904332907,263,404326,1,4208,-4.020043,1.061489,0.75,Falling,False,0,3.84304,0
1789904332907,263,404326,1,4208,-4.020043,1.061489,0.75,Falling,False,0,3.84304,0
1789904332907,263,404326,1,4208,-4.020043,1.061489,0.75,Falling,False,0,3.84304,0
1789904332907,263,404326,1,4208,-4.020043,1.061489,0.75,Falling,False,0,3.84304,0
1789904332907,263,404326,1,4208,-4.020043,1.061489,0.75,Falling,False,0,3.84304,0
1789904332907,263,404326,1,4208,-4.020043,1.061489,0.75,Falling,False,0,3.84304,0
1789904332937,264,405494,1,4224,-4.020043,1.120466,0.75,Falling,False,0,3.68608,0
1789904332937,264,405494,1,4224,-4.020043,1.120466,0.75,Falling,False,0,3.68608,0
1789904332937,264,405494,1,4224,-4.020043,1.120466,0.75,Falling,False,0,3.68608,0
1789904332937,264,405494,1,4224,-4.020043,1.120466,0.75,Falling,False,0,3.68608,0
1789904332937,264,405494,1,4224,-4.020043,1.120466,0.75,Falling,False,0,3.68608,0
1789904332938,264,405494,1,4224,-4.020043,1.120466,0.75,Falling,False,0,3.68608,0
1789904332938,264,405494,1,4224,-4.020043,1.120466,0.75,Falling,False,0,3.68608,0
1789904332938,264,405494,1,4224,-4.020043,1.120466,0.75,Falling,False,0,3.68608,0
1789904332966,266,407884,1,4256,-4.020043,1.230886,0.75,Falling,False,0,3.37216,0
1789904332966,266,407884,1,4256,-4.020043,1.230886,0.75,Falling,False,0,3.37216,0
1789904332966,266,407884,1,4256,-4.020043,1.230886,0.75,Falling,False,0,3.37216,0
1789904332966,266,407884,1,4256,-4.020043,1.230886,0.75,Falling,False,0,3.37216,0
1789904332966,266,407884,1,4256,-4.020043,1.230886,0.75,Falling,False,0,3.37216,0
1789904332966,266,407884,1,4256,-4.020043,1.230886,0.75,Falling,False,0,3.37216,0
1789904332966,266,407884,1,4256,-4.020043,1.230886,0.75,Falling,False,0,3.37216,0
1789904332966,266,407884,1,4256,-4.020043,1.230886,0.75,Falling,False,0,3.37216,0
1789904332981,267,410354,1,4272,-4.020043,1.28233,0.75,Falling,False,0,3.2152,0
1789904332981,267,410354,1,4272,-4.020043,1.28233,0.75,Falling,False,0,3.2152,0
1789904332981,267,410354,1,4272,-4.020043,1.28233,0.75,Falling,False,0,3.2152,0
1789904332981,267,410354,1,4272,-4.020043,1.28233,0.75,Falling,False,0,3.2152,0
1789904332981,267,410354,1,4272,-4.020043,1.28233,0.75,Falling,False,0,3.2152,0
1789904332981,267,410354,1,4272,-4.020043,1.28233,0.75,Falling,False,0,3.2152,0
1789904332981,267,410354,1,4272,-4.020043,1.28233,0.75,Falling,False,0,3.2152,0
1789904332981,267,410354,1,4272,-4.020043,1.28233,0.75,Falling,False,0,3.2152,0
1789904332997,268,411614,1,4288,-4.020043,1.331262,0.75,Falling,False,0,3.05824,0
1789904332997,268,411614,1,4288,-4.020043,1.331262,0.75,Falling,False,0,3.05824,0
1789904332997,268,411614,1,4288,-4.020043,1.331262,0.75,Falling,False,0,3.05824,0
1789904332997,268,411614,1,4288,-4.020043,1.331262,0.75,Falling,False,0,3.05824,0
1789904332997,268,411614,1,4288,-4.020043,1.331262,0.75,Falling,False,0,3.05824,0
1789904332997,268,411614,1,4288,-4.020043,1.331262,0.75,Falling,False,0,3.05824,0
1789904332997,268,411614,1,4288,-4.020043,1.331262,0.75,Falling,False,0,3.05824,0
1789904332997,268,411614,1,4288,-4.020043,1.331262,0.75,Falling,False,0,3.05824,0
1789904333012,269,413063,1,4304,-4.020043,1.377682,0.75,Falling,False,0,2.90128,0
1789904333012,269,413063,1,4304,-4.020043,1.377682,0.75,Falling,False,0,2.90128,0
1789904333012,269,413063,1,4304,-4.020043,1.377682,0.75,Falling,False,0,2.90128,0
1789904333012,269,413063,1,4304,-4.020043,1.377682,0.75,Falling,False,0,2.90128,0
1789904333012,269,413063,1,4304,-4.020043,1.377682,0.75,Falling,False,0,2.90128,0
1789904333012,269,413063,1,4304,-4.020043,1.377682,0.75,Falling,False,0,2.90128,0
1789904333012,269,413063,1,4304,-4.020043,1.377682,0.75,Falling,False,0,2.90128,0
1789904333012,269,413063,1,4304,-4.020043,1.377682,0.75,Falling,False,0,2.90128,0
1789904333028,270,414562,1,4320,-4.020043,1.421591,0.75,Falling,False,0,2.74432,0
1789904333028,270,414562,1,4320,-4.020043,1.421591,0.75,Falling,False,0,2.74432,0
1789904333028,270,414562,1,4320,-4.020043,1.421591,0.75,Falling,False,0,2.74432,0
1789904333028,270,414562,1,4320,-4.020043,1.421591,0.75,Falling,False,0,2.74432,0
1789904333028,270,414562,1,4320,-4.020043,1.421591,0.75,Falling,False,0,2.74432,0
1789904333028,270,414562,1,4320,-4.020043,1.421591,0.75,Falling,False,0,2.74432,0
1789904333028,270,414562,1,4320,-4.020043,1.421591,0.75,Falling,False,0,2.74432,0
1789904333028,270,414562,1,4320,-4.020043,1.421591,0.75,Falling,False,0,2.74432,0
1789904333043,271,415979,1,4336,-4.020043,1.462989,0.75,Falling,False,0,2.58736,0
1789904333043,271,415979,1,4336,-4.020043,1.462989,0.75,Falling,False,0,2.58736,0
1789904333043,271,415979,1,4336,-4.020043,1.462989,0.75,Falling,False,0,2.58736,0
1789904333043,271,415979,1,4336,-4.020043,1.462989,0.75,Falling,False,0,2.58736,0
1789904333043,271,415979,1,4336,-4.020043,1.462989,0.75,Falling,False,0,2.58736,0
1789904333043,271,415979,1,4336,-4.020043,1.462989,0.75,Falling,False,0,2.58736,0
1789904333043,271,415979,1,4336,-4.020043,1.462989,0.75,Falling,False,0,2.58736,0
1789904333043,271,415979,1,4336,-4.020043,1.462989,0.75,Falling,False,0,2.58736,0
1789904333058,272,417489,1,4352,-4.020043,1.501875,0.75,Falling,False,0,2.4304,0
1789904333058,272,417489,1,4352,-4.020043,1.501875,0.75,Falling,False,0,2.4304,0
1789904333058,272,417489,1,4352,-4.020043,1.501875,0.75,Falling,False,0,2.4304,0
1789904333058,272,417489,1,4352,-4.020043,1.501875,0.75,Falling,False,0,2.4304,0
1789904333058,272,417489,1,4352,-4.020043,1.501875,0.75,Falling,False,0,2.4304,0
1789904333058,272,417489,1,4352,-4.020043,1.501875,0.75,Falling,False,0,2.4304,0
1789904333058,272,417489,1,4352,-4.020043,1.501875,0.75,Falling,False,0,2.4304,0
1789904333058,272,417489,1,4352,-4.020043,1.501875,0.75,Falling,False,0,2.4304,0
1789904333074,273,418948,1,4368,-4.020043,1.53825,0.75,Falling,False,0,2.27344,0
1789904333074,273,418948,1,4368,-4.020043,1.53825,0.75,Falling,False,0,2.27344,0
1789904333074,273,418948,1,4368,-4.020043,1.53825,0.75,Falling,False,0,2.27344,0
1789904333074,273,418948,1,4368,-4.020043,1.53825,0.75,Falling,False,0,2.27344,0
1789904333074,273,418948,1,4368,-4.020043,1.53825,0.75,Falling,False,0,2.27344,0
1789904333074,273,418948,1,4368,-4.020043,1.53825,0.75,Falling,False,0,2.27344,0
1789904333074,273,418948,1,4368,-4.020043,1.53825,0.75,Falling,False,0,2.27344,0
1789904333074,273,418948,1,4368,-4.020043,1.53825,0.75,Falling,False,0,2.27344,0
1789904333091,274,420508,1,4384,-4.020043,1.572114,0.75,Falling,False,0,2.11648,0
1789904333091,274,420508,1,4384,-4.020043,1.572114,0.75,Falling,False,0,2.11648,0
1789904333091,274,420508,1,4384,-4.020043,1.572114,0.75,Falling,False,0,2.11648,0
1789904333091,274,420508,1,4384,-4.020043,1.572114,0.75,Falling,False,0,2.11648,0
1789904333091,274,420508,1,4384,-4.020043,1.572114,0.75,Falling,False,0,2.11648,0
1789904333091,274,420508,1,4384,-4.020043,1.572114,0.75,Falling,False,0,2.11648,0
1789904333091,274,420508,1,4384,-4.020043,1.572114,0.75,Falling,False,0,2.11648,0
1789904333091,274,420508,1,4384,-4.020043,1.572114,0.75,Falling,False,0,2.11648,0
1789904333106,275,421923,1,4400,-4.020043,1.603466,0.75,Falling,False,0,1.95952,0
1789904333106,275,421923,1,4400,-4.020043,1.603466,0.75,Falling,False,0,1.95952,0
1789904333106,275,421923,1,4400,-4.020043,1.603466,0.75,Falling,False,0,1.95952,0
1789904333107,275,421923,1,4400,-4.020043,1.603466,0.75,Falling,False,0,1.95952,0
1789904333107,275,421923,1,4400,-4.020043,1.603466,0.75,Falling,False,0,1.95952,0
1789904333107,275,421923,1,4400,-4.020043,1.603466,0.75,Falling,False,0,1.95952,0
1789904333107,275,421923,1,4400,-4.020043,1.603466,0.75,Falling,False,0,1.95952,0
1789904333107,275,421923,1,4400,-4.020043,1.603466,0.75,Falling,False,0,1.95952,0
1789904333122,276,423466,1,4416,-4.020043,1.632307,0.75,Falling,False,0,1.80256,0
1789904333122,276,423466,1,4416,-4.020043,1.632307,0.75,Falling,False,0,1.80256,0
1789904333122,276,423466,1,4416,-4.020043,1.632307,0.75,Falling,False,0,1.80256,0
1789904333122,276,423466,1,4416,-4.020043,1.632307,0.75,Falling,False,0,1.80256,0
1789904333122,276,423466,1,4416,-4.020043,1.632307,0.75,Falling,False,0,1.80256,0
1789904333122,276,423466,1,4416,-4.020043,1.632307,0.75,Falling,False,0,1.80256,0
1789904333122,276,423466,1,4416,-4.020043,1.632307,0.75,Falling,False,0,1.80256,0
1789904333122,276,423466,1,4416,-4.020043,1.632307,0.75,Falling,False,0,1.80256,0
1789904333138,277,424902,1,4432,-4.020043,1.658637,0.75,Falling,False,0,1.6456,0
1789904333138,277,424902,1,4432,-4.020043,1.658637,0.75,Falling,False,0,1.6456,0
1789904333138,277,424902,1,4432,-4.020043,1.658637,0.75,Falling,False,0,1.6456,0
1789904333138,277,424902,1,4432,-4.020043,1.658637,0.75,Falling,False,0,1.6456,0
1789904333138,277,424902,1,4432,-4.020043,1.658637,0.75,Falling,False,0,1.6456,0
1789904333138,277,424902,1,4432,-4.020043,1.658637,0.75,Falling,False,0,1.6456,0
1789904333138,277,424902,1,4432,-4.020043,1.658637,0.75,Falling,False,0,1.6456,0
1789904333138,277,424902,1,4432,-4.020043,1.658637,0.75,Falling,False,0,1.6456,0
1789904333153,278,426246,1,4448,-4.020043,1.682455,0.75,Falling,False,0,1.48864,0
1789904333153,278,426246,1,4448,-4.020043,1.682455,0.75,Falling,False,0,1.48864,0
1789904333153,278,426246,1,4448,-4.020043,1.682455,0.75,Falling,False,0,1.48864,0
1789904333153,278,426246,1,4448,-4.020043,1.682455,0.75,Falling,False,0,1.48864,0
1789904333153,278,426246,1,4448,-4.020043,1.682455,0.75,Falling,False,0,1.48864,0
1789904333153,278,426246,1,4448,-4.020043,1.682455,0.75,Falling,False,0,1.48864,0
1789904333153,278,426246,1,4448,-4.020043,1.682455,0.75,Falling,False,0,1.48864,0
1789904333153,278,426246,1,4448,-4.020043,1.682455,0.75,Falling,False,0,1.48864,0
1789904333169,279,427586,1,4464,-4.020043,1.703762,0.75,Falling,False,0,1.33168,0
1789904333169,279,427586,1,4464,-4.020043,1.703762,0.75,Falling,False,0,1.33168,0
1789904333169,279,427586,1,4464,-4.020043,1.703762,0.75,Falling,False,0,1.33168,0
1789904333169,279,427586,1,4464,-4.020043,1.703762,0.75,Falling,False,0,1.33168,0
1789904333169,279,427586,1,4464,-4.020043,1.703762,0.75,Falling,False,0,1.33168,0
1789904333169,279,427586,1,4464,-4.020043,1.703762,0.75,Falling,False,0,1.33168,0
1789904333169,279,427586,1,4464,-4.020043,1.703762,0.75,Falling,False,0,1.33168,0
1789904333169,279,427586,1,4464,-4.020043,1.703762,0.75,Falling,False,0,1.33168,0
1789904333184,280,428880,1,4480,-4.020043,1.722558,0.75,Falling,False,0,1.17472,0
1789904333184,280,428880,1,4480,-4.020043,1.722558,0.75,Falling,False,0,1.17472,0
1789904333184,280,428880,1,4480,-4.020043,1.722558,0.75,Falling,False,0,1.17472,0
1789904333184,280,428880,1,4480,-4.020043,1.722558,0.75,Falling,False,0,1.17472,0
1789904333184,280,428880,1,4480,-4.020043,1.722558,0.75,Falling,False,0,1.17472,0
1789904333184,280,428880,1,4480,-4.020043,1.722558,0.75,Falling,False,0,1.17472,0
1789904333184,280,428880,1,4480,-4.020043,1.722558,0.75,Falling,False,0,1.17472,0
1789904333184,280,428880,1,4480,-4.020043,1.722558,0.75,Falling,False,0,1.17472,0
1789904333200,281,430241,1,4496,-4.020043,1.738842,0.75,Falling,False,0,1.01776,0
1789904333200,281,430241,1,4496,-4.020043,1.738842,0.75,Falling,False,0,1.01776,0
1789904333200,281,430241,1,4496,-4.020043,1.738842,0.75,Falling,False,0,1.01776,0
1789904333200,281,430241,1,4496,-4.020043,1.738842,0.75,Falling,False,0,1.01776,0
1789904333200,281,430241,1,4496,-4.020043,1.738842,0.75,Falling,False,0,1.01776,0
1789904333200,281,430241,1,4496,-4.020043,1.738842,0.75,Falling,False,0,1.01776,0
1789904333200,281,430241,1,4496,-4.020043,1.738842,0.75,Falling,False,0,1.01776,0
1789904333200,281,430241,1,4496,-4.020043,1.738842,0.75,Falling,False,0,1.01776,0
1789904333216,282,431676,1,4512,-4.020043,1.752614,0.75,Falling,False,0,0.8608,0
1789904333216,282,431676,1,4512,-4.020043,1.752614,0.75,Falling,False,0,0.8608,0
1789904333216,282,431676,1,4512,-4.020043,1.752614,0.75,Falling,False,0,0.8608,0
1789904333216,282,431676,1,4512,-4.020043,1.752614,0.75,Falling,False,0,0.8608,0
1789904333216,282,431676,1,4512,-4.020043,1.752614,0.75,Falling,False,0,0.8608,0
1789904333216,282,431676,1,4512,-4.020043,1.752614,0.75,Falling,False,0,0.8608,0
1789904333216,282,431676,1,4512,-4.020043,1.752614,0.75,Falling,False,0,0.8608,0
1789904333216,282,431676,1,4512,-4.020043,1.752614,0.75,Falling,False,0,0.8608,0
1789904333230,283,432908,1,4528,-4.020043,1.763876,0.75,Falling,False,0,0.70384,0
1789904333230,283,432908,1,4528,-4.020043,1.763876,0.75,Falling,False,0,0.70384,0
1789904333230,283,432908,1,4528,-4.020043,1.763876,0.75,Falling,False,0,0.70384,0
1789904333230,283,432908,1,4528,-4.020043,1.763876,0.75,Falling,False,0,0.70384,0
1789904333230,283,432908,1,4528,-4.020043,1.763876,0.75,Falling,False,0,0.70384,0
1789904333230,283,432908,1,4528,-4.020043,1.763876,0.75,Falling,False,0,0.70384,0
1789904333230,283,432908,1,4528,-4.020043,1.763876,0.75,Falling,False,0,0.70384,0
1789904333231,283,432908,1,4528,-4.020043,1.763876,0.75,Falling,False,0,0.70384,0
1789904333247,284,434072,1,4544,-4.020043,1.772626,0.75,Falling,False,0,0.54688,0
1789904333247,284,434072,1,4544,-4.020043,1.772626,0.75,Falling,False,0,0.54688,0
1789904333247,284,434072,1,4544,-4.020043,1.772626,0.75,Falling,False,0,0.54688,0
1789904333247,284,434072,1,4544,-4.020043,1.772626,0.75,Falling,False,0,0.54688,0
1789904333247,284,434072,1,4544,-4.020043,1.772626,0.75,Falling,False,0,0.54688,0
1789904333247,284,434072,1,4544,-4.020043,1.772626,0.75,Falling,False,0,0.54688,0
1789904333247,284,434072,1,4544,-4.020043,1.772626,0.75,Falling,False,0,0.54688,0
1789904333247,284,434072,1,4544,-4.020043,1.772626,0.75,Falling,False,0,0.54688,0
1789904333262,285,435332,1,4560,-4.020043,1.778865,0.75,Falling,False,0,0.38992,0
1789904333262,285,435332,1,4560,-4.020043,1.778865,0.75,Falling,False,0,0.38992,0
1789904333262,285,435332,1,4560,-4.020043,1.778865,0.75,Falling,False,0,0.38992,0
1789904333262,285,435332,1,4560,-4.020043,1.778865,0.75,Falling,False,0,0.38992,0
1789904333262,285,435332,1,4560,-4.020043,1.778865,0.75,Falling,False,0,0.38992,0
1789904333262,285,435332,1,4560,-4.020043,1.778865,0.75,Falling,False,0,0.38992,0
1789904333262,285,435332,1,4560,-4.020043,1.778865,0.75,Falling,False,0,0.38992,0
1789904333262,285,435332,1,4560,-4.020043,1.778865,0.75,Falling,False,0,0.38992,0
1789904333278,286,436704,1,4576,-4.020043,1.782592,0.75,Falling,False,0,0.23296,0
1789904333278,286,436704,1,4576,-4.020043,1.782592,0.75,Falling,False,0,0.23296,0
1789904333278,286,436704,1,4576,-4.020043,1.782592,0.75,Falling,False,0,0.23296,0
1789904333278,286,436704,1,4576,-4.020043,1.782592,0.75,Falling,False,0,0.23296,0
1789904333278,286,436704,1,4576,-4.020043,1.782592,0.75,Falling,False,0,0.23296,0
1789904333278,286,436704,1,4576,-4.020043,1.782592,0.75,Falling,False,0,0.23296,0
1789904333278,286,436704,1,4576,-4.020043,1.782592,0.75,Falling,False,0,0.23296,0
1789904333278,286,436704,1,4576,-4.020043,1.782592,0.75,Falling,False,0,0.23296,0
1789904333294,287,437910,1,4592,-4.020043,1.783808,0.75,Falling,False,0,0.076,0
1789904333294,287,437910,1,4592,-4.020043,1.783808,0.75,Falling,False,0,0.076,0
1789904333294,287,437910,1,4592,-4.020043,1.783808,0.75,Falling,False,0,0.076,0
1789904333294,287,437910,1,4592,-4.020043,1.783808,0.75,Falling,False,0,0.076,0
1789904333294,287,437910,1,4592,-4.020043,1.783808,0.75,Falling,False,0,0.076,0
1789904333294,287,437910,1,4592,-4.020043,1.783808,0.75,Falling,False,0,0.076,0
1789904333294,287,437910,1,4592,-4.020043,1.783808,0.75,Falling,False,0,0.076,0
1789904333294,287,437910,1,4592,-4.020043,1.783808,0.75,Falling,False,0,0.076,0
1789904333310,288,439288,1,4608,-4.020043,1.782513,0.75,Falling,False,0,-0.08096,0
1789904333310,288,439288,1,4608,-4.020043,1.782513,0.75,Falling,False,0,-0.08096,0
1789904333310,288,439288,1,4608,-4.020043,1.782513,0.75,Falling,False,0,-0.08096,0
1789904333310,288,439288,1,4608,-4.020043,1.782513,0.75,Falling,False,0,-0.08096,0
1789904333310,288,439288,1,4608,-4.020043,1.782513,0.75,Falling,False,0,-0.08096,0
1789904333310,288,439288,1,4608,-4.020043,1.782513,0.75,Falling,False,0,-0.08096,0
1789904333310,288,439288,1,4608,-4.020043,1.782513,0.75,Falling,False,0,-0.08096,0
1789904333310,288,439288,1,4608,-4.020043,1.782513,0.75,Falling,False,0,-0.08096,0
1789904333326,289,440892,1,4624,-4.020043,1.778706,0.75,Falling,False,0,-0.23792,0
1789904333326,289,440892,1,4624,-4.020043,1.778706,0.75,Falling,False,0,-0.23792,0
1789904333326,289,440892,1,4624,-4.020043,1.778706,0.75,Falling,False,0,-0.23792,0
1789904333326,289,440892,1,4624,-4.020043,1.778706,0.75,Falling,False,0,-0.23792,0
1789904333326,289,440892,1,4624,-4.020043,1.778706,0.75,Falling,False,0,-0.23792,0
1789904333326,289,440892,1,4624,-4.020043,1.778706,0.75,Falling,False,0,-0.23792,0
1789904333326,289,440892,1,4624,-4.020043,1.778706,0.75,Falling,False,0,-0.23792,0
1789904333326,289,440892,1,4624,-4.020043,1.778706,0.75,Falling,False,0,-0.23792,0
1789904333342,290,442416,1,4640,-4.020043,1.772388,0.75,Falling,False,0,-0.39488,0
1789904333342,290,442416,1,4640,-4.020043,1.772388,0.75,Falling,False,0,-0.39488,0
1789904333342,290,442416,1,4640,-4.020043,1.772388,0.75,Falling,False,0,-0.39488,0
1789904333342,290,442416,1,4640,-4.020043,1.772388,0.75,Falling,False,0,-0.39488,0
1789904333342,290,442416,1,4640,-4.020043,1.772388,0.75,Falling,False,0,-0.39488,0
1789904333342,290,442416,1,4640,-4.020043,1.772388,0.75,Falling,False,0,-0.39488,0
1789904333342,290,442416,1,4640,-4.020043,1.772388,0.75,Falling,False,0,-0.39488,0
1789904333342,290,442416,1,4640,-4.020043,1.772388,0.75,Falling,False,0,-0.39488,0
1789904333357,291,443967,1,4656,-4.020043,1.763559,0.75,Falling,False,0,-0.55184,0
1789904333357,291,443967,1,4656,-4.020043,1.763559,0.75,Falling,False,0,-0.55184,0
1789904333357,291,443967,1,4656,-4.020043,1.763559,0.75,Falling,False,0,-0.55184,0
1789904333357,291,443967,1,4656,-4.020043,1.763559,0.75,Falling,False,0,-0.55184,0
1789904333357,291,443967,1,4656,-4.020043,1.763559,0.75,Falling,False,0,-0.55184,0
1789904333357,291,443967,1,4656,-4.020043,1.763559,0.75,Falling,False,0,-0.55184,0
1789904333357,291,443967,1,4656,-4.020043,1.763559,0.75,Falling,False,0,-0.55184,0
1789904333357,291,443967,1,4656,-4.020043,1.763559,0.75,Falling,False,0,-0.55184,0
1789904333373,292,445444,1,4672,-4.020043,1.752218,0.75,Falling,False,0,-0.7088,0
1789904333373,292,445444,1,4672,-4.020043,1.752218,0.75,Falling,False,0,-0.7088,0
1789904333373,292,445444,1,4672,-4.020043,1.752218,0.75,Falling,False,0,-0.7088,0
1789904333373,292,445444,1,4672,-4.020043,1.752218,0.75,Falling,False,0,-0.7088,0
1789904333373,292,445444,1,4672,-4.020043,1.752218,0.75,Falling,False,0,-0.7088,0
1789904333373,292,445444,1,4672,-4.020043,1.752218,0.75,Falling,False,0,-0.7088,0
1789904333373,292,445444,1,4672,-4.020043,1.752218,0.75,Falling,False,0,-0.7088,0
1789904333373,292,445444,1,4672,-4.020043,1.752218,0.75,Falling,False,0,-0.7088,0
1789904333389,293,446986,1,4688,-4.020043,1.738366,0.75,Falling,False,0,-0.86576,0
1789904333389,293,446986,1,4688,-4.020043,1.738366,0.75,Falling,False,0,-0.86576,0
1789904333389,293,446986,1,4688,-4.020043,1.738366,0.75,Falling,False,0,-0.86576,0
1789904333389,293,446986,1,4688,-4.020043,1.738366,0.75,Falling,False,0,-0.86576,0
1789904333389,293,446986,1,4688,-4.020043,1.738366,0.75,Falling,False,0,-0.86576,0
1789904333389,293,446986,1,4688,-4.020043,1.738366,0.75,Falling,False,0,-0.86576,0
1789904333389,293,446986,1,4688,-4.020043,1.738366,0.75,Falling,False,0,-0.86576,0
1789904333389,293,446986,1,4688,-4.020043,1.738366,0.75,Falling,False,0,-0.86576,0
1789904333405,294,448590,1,4704,-4.020043,1.722002,0.75,Falling,False,0,-1.02272,0
1789904333405,294,448590,1,4704,-4.020043,1.722002,0.75,Falling,False,0,-1.02272,0
1789904333405,294,448590,1,4704,-4.020043,1.722002,0.75,Falling,False,0,-1.02272,0
1789904333405,294,448590,1,4704,-4.020043,1.722002,0.75,Falling,False,0,-1.02272,0
1789904333405,294,448590,1,4704,-4.020043,1.722002,0.75,Falling,False,0,-1.02272,0
1789904333405,294,448590,1,4704,-4.020043,1.722002,0.75,Falling,False,0,-1.02272,0
1789904333405,294,448590,1,4704,-4.020043,1.722002,0.75,Falling,False,0,-1.02272,0
1789904333405,294,448590,1,4704,-4.020043,1.722002,0.75,Falling,False,0,-1.02272,0
1789904333420,295,450197,1,4720,-4.020043,1.703127,0.75,Falling,False,0,-1.17968,0
1789904333420,295,450197,1,4720,-4.020043,1.703127,0.75,Falling,False,0,-1.17968,0
1789904333420,295,450197,1,4720,-4.020043,1.703127,0.75,Falling,False,0,-1.17968,0
1789904333420,295,450197,1,4720,-4.020043,1.703127,0.75,Falling,False,0,-1.17968,0
1789904333420,295,450197,1,4720,-4.020043,1.703127,0.75,Falling,False,0,-1.17968,0
1789904333420,295,450197,1,4720,-4.020043,1.703127,0.75,Falling,False,0,-1.17968,0
1789904333420,295,450197,1,4720,-4.020043,1.703127,0.75,Falling,False,0,-1.17968,0
1789904333420,295,450197,1,4720,-4.020043,1.703127,0.75,Falling,False,0,-1.17968,0
1789904333436,296,451740,1,4736,-4.020043,1.681741,0.75,Falling,False,0,-1.33664,0
1789904333436,296,451740,1,4736,-4.020043,1.681741,0.75,Falling,False,0,-1.33664,0
1789904333436,296,451740,1,4736,-4.020043,1.681741,0.75,Falling,False,0,-1.33664,0
1789904333436,296,451740,1,4736,-4.020043,1.681741,0.75,Falling,False,0,-1.33664,0
1789904333436,296,451740,1,4736,-4.020043,1.681741,0.75,Falling,False,0,-1.33664,0
1789904333436,296,451740,1,4736,-4.020043,1.681741,0.75,Falling,False,0,-1.33664,0
1789904333436,296,451740,1,4736,-4.020043,1.681741,0.75,Falling,False,0,-1.33664,0
1789904333436,296,451740,1,4736,-4.020043,1.681741,0.75,Falling,False,0,-1.33664,0
1789904333452,297,453202,1,4752,-4.020043,1.657843,0.75,Falling,False,0,-1.4936,0
1789904333452,297,453202,1,4752,-4.020043,1.657843,0.75,Falling,False,0,-1.4936,0
1789904333452,297,453202,1,4752,-4.020043,1.657843,0.75,Falling,False,0,-1.4936,0
1789904333452,297,453202,1,4752,-4.020043,1.657843,0.75,Falling,False,0,-1.4936,0
1789904333452,297,453202,1,4752,-4.020043,1.657843,0.75,Falling,False,0,-1.4936,0
1789904333452,297,453202,1,4752,-4.020043,1.657843,0.75,Falling,False,0,-1.4936,0
1789904333452,297,453202,1,4752,-4.020043,1.657843,0.75,Falling,False,0,-1.4936,0
1789904333452,297,453202,1,4752,-4.020043,1.657843,0.75,Falling,False,0,-1.4936,0
1789904333467,298,454703,1,4768,-4.020043,1.631434,0.75,Falling,False,0,-1.65056,0
1789904333467,298,454703,1,4768,-4.020043,1.631434,0.75,Falling,False,0,-1.65056,0
1789904333467,298,454703,1,4768,-4.020043,1.631434,0.75,Falling,False,0,-1.65056,0
1789904333467,298,454703,1,4768,-4.020043,1.631434,0.75,Falling,False,0,-1.65056,0
1789904333467,298,454703,1,4768,-4.020043,1.631434,0.75,Falling,False,0,-1.65056,0
1789904333467,298,454703,1,4768,-4.020043,1.631434,0.75,Falling,False,0,-1.65056,0
1789904333467,298,454703,1,4768,-4.020043,1.631434,0.75,Falling,False,0,-1.65056,0
1789904333467,298,454703,1,4768,-4.020043,1.631434,0.75,Falling,False,0,-1.65056,0
1789904333482,299,456121,1,4784,-4.020043,1.602514,0.75,Falling,False,0,-1.80752,0
1789904333482,299,456121,1,4784,-4.020043,1.602514,0.75,Falling,False,0,-1.80752,0
1789904333482,299,456121,1,4784,-4.020043,1.602514,0.75,Falling,False,0,-1.80752,0
1789904333482,299,456121,1,4784,-4.020043,1.602514,0.75,Falling,False,0,-1.80752,0
1789904333482,299,456121,1,4784,-4.020043,1.602514,0.75,Falling,False,0,-1.80752,0
1789904333482,299,456121,1,4784,-4.020043,1.602514,0.75,Falling,False,0,-1.80752,0
1789904333482,299,456121,1,4784,-4.020043,1.602514,0.75,Falling,False,0,-1.80752,0
1789904333482,299,456121,1,4784,-4.020043,1.602514,0.75,Falling,False,0,-1.80752,0
1789904333498,300,457633,1,4800,-4.020043,1.571082,0.75,Falling,False,0,-1.96448,0
1789904333498,300,457633,1,4800,-4.020043,1.571082,0.75,Falling,False,0,-1.96448,0
1789904333498,300,457633,1,4800,-4.020043,1.571082,0.75,Falling,False,0,-1.96448,0
1789904333498,300,457633,1,4800,-4.020043,1.571082,0.75,Falling,False,0,-1.96448,0
1789904333498,300,457633,1,4800,-4.020043,1.571082,0.75,Falling,False,0,-1.96448,0
1789904333498,300,457633,1,4800,-4.020043,1.571082,0.75,Falling,False,0,-1.96448,0
1789904333498,300,457633,1,4800,-4.020043,1.571082,0.75,Falling,False,0,-1.96448,0
1789904333498,300,457633,1,4800,-4.020043,1.571082,0.75,Falling,False,0,-1.96448,0
1789904333514,301,459104,1,4816,-4.020043,1.537139,0.75,Falling,False,0,-2.12144,0
1789904333514,301,459104,1,4816,-4.020043,1.537139,0.75,Falling,False,0,-2.12144,0
1789904333514,301,459104,1,4816,-4.020043,1.537139,0.75,Falling,False,0,-2.12144,0
1789904333514,301,459104,1,4816,-4.020043,1.537139,0.75,Falling,False,0,-2.12144,0
1789904333514,301,459104,1,4816,-4.020043,1.537139,0.75,Falling,False,0,-2.12144,0
1789904333514,301,459104,1,4816,-4.020043,1.537139,0.75,Falling,False,0,-2.12144,0
1789904333514,301,459104,1,4816,-4.020043,1.537139,0.75,Falling,False,0,-2.12144,0
1789904333514,301,459104,1,4816,-4.020043,1.537139,0.75,Falling,False,0,-2.12144,0
1789904333545,302,460602,1,4832,-4.020043,1.500685,0.75,Falling,False,0,-2.2784,0
1789904333545,302,460602,1,4832,-4.020043,1.500685,0.75,Falling,False,0,-2.2784,0
1789904333545,302,460602,1,4832,-4.020043,1.500685,0.75,Falling,False,0,-2.2784,0
1789904333545,302,460602,1,4832,-4.020043,1.500685,0.75,Falling,False,0,-2.2784,0
1789904333545,302,460602,1,4832,-4.020043,1.500685,0.75,Falling,False,0,-2.2784,0
1789904333545,302,460602,1,4832,-4.020043,1.500685,0.75,Falling,False,0,-2.2784,0
1789904333545,302,460602,1,4832,-4.020043,1.500685,0.75,Falling,False,0,-2.2784,0
1789904333545,302,460602,1,4832,-4.020043,1.500685,0.75,Falling,False,0,-2.2784,0
1789904333577,303,463512,1,4848,-4.020043,1.461719,0.75,Falling,False,0,-2.43536,0
1789904333577,304,463513,1,4864,-4.020043,1.420242,0.75,Falling,False,0,-2.59232,0
1789904333577,304,463513,1,4864,-4.020043,1.420242,0.75,Falling,False,0,-2.59232,0
1789904333577,304,463513,1,4864,-4.020043,1.420242,0.75,Falling,False,0,-2.59232,0
1789904333577,304,463513,1,4864,-4.020043,1.420242,0.75,Falling,False,0,-2.59232,0
1789904333577,304,463513,1,4864,-4.020043,1.420242,0.75,Falling,False,0,-2.59232,0
1789904333577,304,463513,1,4864,-4.020043,1.420242,0.75,Falling,False,0,-2.59232,0
1789904333577,304,463513,1,4864,-4.020043,1.420242,0.75,Falling,False,0,-2.59232,0
1789904333594,305,466405,1,4880,-4.020043,1.376253,0.75,Falling,False,0,-2.74928,0
1789904333594,305,466405,1,4880,-4.020043,1.376253,0.75,Falling,False,0,-2.74928,0
1789904333594,305,466405,1,4880,-4.020043,1.376253,0.75,Falling,False,0,-2.74928,0
1789904333594,305,466405,1,4880,-4.020043,1.376253,0.75,Falling,False,0,-2.74928,0
1789904333594,306,466409,1,4896,-4.020043,1.329754,0.75,Falling,False,0,-2.90624,0
1789904333594,306,466409,1,4896,-4.020043,1.329754,0.75,Falling,False,0,-2.90624,0
1789904333594,306,466409,1,4896,-4.020043,1.329754,0.75,Falling,False,0,-2.90624,0
1789904333594,306,466409,1,4896,-4.020043,1.329754,0.75,Falling,False,0,-2.90624,0
1789904333624,307,468009,1,4912,-4.020043,1.280742,0.75,Falling,False,0,-3.0632,0
1789904333624,307,468009,1,4912,-4.020043,1.280742,0.75,Falling,False,0,-3.0632,0
1789904333624,307,468009,1,4912,-4.020043,1.280742,0.75,Falling,False,0,-3.0632,0
1789904333624,307,468009,1,4912,-4.020043,1.280742,0.75,Falling,False,0,-3.0632,0
1789904333624,307,468009,1,4912,-4.020043,1.280742,0.75,Falling,False,0,-3.0632,0
1789904333624,307,468009,1,4912,-4.020043,1.280742,0.75,Falling,False,0,-3.0632,0
1789904333624,307,468009,1,4912,-4.020043,1.280742,0.75,Falling,False,0,-3.0632,0
1789904333624,307,468009,1,4912,-4.020043,1.280742,0.75,Falling,False,0,-3.0632,0
1789904333638,308,470995,1,4928,-4.020043,1.22922,0.75,Falling,False,0,-3.22016,0
1789904333638,308,470995,1,4928,-4.020043,1.22922,0.75,Falling,False,0,-3.22016,0
1789904333638,308,470995,1,4928,-4.020043,1.22922,0.75,Falling,False,0,-3.22016,0
1789904333638,308,470995,1,4928,-4.020043,1.22922,0.75,Falling,False,0,-3.22016,0
1789904333639,308,470995,1,4928,-4.020043,1.22922,0.75,Falling,False,0,-3.22016,0
1789904333639,308,470995,1,4928,-4.020043,1.22922,0.75,Falling,False,0,-3.22016,0
1789904333639,308,470995,1,4928,-4.020043,1.22922,0.75,Falling,False,0,-3.22016,0
1789904333639,308,470995,1,4928,-4.020043,1.22922,0.75,Falling,False,0,-3.22016,0
1789904333655,309,472370,1,4944,-4.020043,1.175186,0.75,Falling,False,0,-3.37712,0
1789904333655,309,472370,1,4944,-4.020043,1.175186,0.75,Falling,False,0,-3.37712,0
1789904333655,309,472370,1,4944,-4.020043,1.175186,0.75,Falling,False,0,-3.37712,0
1789904333655,309,472370,1,4944,-4.020043,1.175186,0.75,Falling,False,0,-3.37712,0
1789904333655,309,472370,1,4944,-4.020043,1.175186,0.75,Falling,False,0,-3.37712,0
1789904333655,309,472370,1,4944,-4.020043,1.175186,0.75,Falling,False,0,-3.37712,0
1789904333655,309,472370,1,4944,-4.020043,1.175186,0.75,Falling,False,0,-3.37712,0
1789904333655,309,472370,1,4944,-4.020043,1.175186,0.75,Falling,False,0,-3.37712,0
1789904333670,310,473890,1,4960,-4.020043,1.118641,0.75,Falling,False,0,-3.534081,0
1789904333670,310,473890,1,4960,-4.020043,1.118641,0.75,Falling,False,0,-3.534081,0
1789904333670,310,473890,1,4960,-4.020043,1.118641,0.75,Falling,False,0,-3.534081,0
1789904333670,310,473890,1,4960,-4.020043,1.118641,0.75,Falling,False,0,-3.534081,0
1789904333670,310,473890,1,4960,-4.020043,1.118641,0.75,Falling,False,0,-3.534081,0
1789904333670,310,473890,1,4960,-4.020043,1.118641,0.75,Falling,False,0,-3.534081,0
1789904333670,310,473890,1,4960,-4.020043,1.118641,0.75,Falling,False,0,-3.534081,0
1789904333670,310,473890,1,4960,-4.020043,1.118641,0.75,Falling,False,0,-3.534081,0
1789904333686,311,475365,1,4976,-4.020043,1.059584,0.75,Falling,False,0,-3.691041,0
1789904333686,311,475365,1,4976,-4.020043,1.059584,0.75,Falling,False,0,-3.691041,0
1789904333686,311,475365,1,4976,-4.020043,1.059584,0.75,Falling,False,0,-3.691041,0
1789904333686,311,475365,1,4976,-4.020043,1.059584,0.75,Falling,False,0,-3.691041,0
1789904333686,311,475365,1,4976,-4.020043,1.059584,0.75,Falling,False,0,-3.691041,0
1789904333686,311,475365,1,4976,-4.020043,1.059584,0.75,Falling,False,0,-3.691041,0
1789904333686,311,475365,1,4976,-4.020043,1.059584,0.75,Falling,False,0,-3.691041,0
1789904333686,311,475365,1,4976,-4.020043,1.059584,0.75,Falling,False,0,-3.691041,0
1789904333702,312,476879,1,4992,-4.020043,1,0.75,Walking,True,0,0,0
1789904333702,312,476879,1,4992,-4.020043,1,0.75,Walking,True,0,0,0
1789904333702,312,476879,1,4992,-4.020043,1,0.75,Walking,True,0,0,0
1789904333702,312,476879,1,4992,-4.020043,1,0.75,Walking,True,0,0,0
1789904333702,312,476879,1,4992,-4.020043,1,0.75,Walking,True,0,0,0
1789904333702,312,476879,1,4992,-4.020043,1,0.75,Walking,True,0,0,0
1789904333702,312,476879,1,4992,-4.020043,1,0.75,Walking,True,0,0,0
1789904333702,312,476879,1,4992,-4.020043,1,0.75,Walking,True,0,0,0
1789904333718,313,478326,1,5008,-4.020043,1,0.75,Walking,True,0,0,0
1789904333718,313,478326,1,5008,-4.020043,1,0.75,Walking,True,0,0,0
1789904333718,313,478326,1,5008,-4.020043,1,0.75,Walking,True,0,0,0
1789904333718,313,478326,1,5008,-4.020043,1,0.75,Walking,True,0,0,0
1789904333718,313,478326,1,5008,-4.020043,1,0.75,Walking,True,0,0,0
1789904333718,313,478326,1,5008,-4.020043,1,0.75,Walking,True,0,0,0
1789904333718,313,478326,1,5008,-4.020043,1,0.75,Walking,True,0,0,0
1789904333718,313,478326,1,5008,-4.020043,1,0.75,Walking,True,0,0,0
1789904333733,314,479851,1,5024,-4.020043,1,0.75,Walking,True,0,0,0
1789904333733,314,479851,1,5024,-4.020043,1,0.75,Walking,True,0,0,0
1789904333733,314,479851,1,5024,-4.020043,1,0.75,Walking,True,0,0,0
1789904333733,314,479851,1,5024,-4.020043,1,0.75,Walking,True,0,0,0
1789904333733,314,479851,1,5024,-4.020043,1,0.75,Walking,True,0,0,0
1789904333733,314,479851,1,5024,-4.020043,1,0.75,Walking,True,0,0,0
1789904333733,314,479851,1,5024,-4.020043,1,0.75,Walking,True,0,0,0
1789904333733,314,479851,1,5024,-4.020043,1,0.75,Walking,True,0,0,0
1789904333749,315,481353,1,5040,-4.020043,1,0.75,Walking,True,0,0,0
1789904333749,315,481353,1,5040,-4.020043,1,0.75,Walking,True,0,0,0
1789904333749,315,481353,1,5040,-4.020043,1,0.75,Walking,True,0,0,0
1789904333749,315,481353,1,5040,-4.020043,1,0.75,Walking,True,0,0,0
1789904333749,315,481353,1,5040,-4.020043,1,0.75,Walking,True,0,0,0
1789904333749,315,481353,1,5040,-4.020043,1,0.75,Walking,True,0,0,0
1789904333749,315,481353,1,5040,-4.020043,1,0.75,Walking,True,0,0,0
1789904333749,315,481353,1,5040,-4.020043,1,0.75,Walking,True,0,0,0
1789904333764,316,482824,1,5056,-4.020043,1,0.75,Walking,True,0,0,0
1789904333764,316,482824,1,5056,-4.020043,1,0.75,Walking,True,0,0,0
1789904333764,316,482824,1,5056,-4.020043,1,0.75,Walking,True,0,0,0
1789904333764,316,482824,1,5056,-4.020043,1,0.75,Walking,True,0,0,0
1789904333764,316,482824,1,5056,-4.020043,1,0.75,Walking,True,0,0,0
1789904333764,316,482824,1,5056,-4.020043,1,0.75,Walking,True,0,0,0
1789904333764,316,482824,1,5056,-4.020043,1,0.75,Walking,True,0,0,0
1789904333764,316,482824,1,5056,-4.020043,1,0.75,Walking,True,0,0,0
1789904333780,317,484152,1,5072,-4.020043,1,0.75,Walking,True,0,0,0
1789904333780,317,484152,1,5072,-4.020043,1,0.75,Walking,True,0,0,0
1789904333781,317,484152,1,5072,-4.020043,1,0.75,Walking,True,0,0,0
1789904333781,317,484152,1,5072,-4.020043,1,0.75,Walking,True,0,0,0
1789904333781,317,484152,1,5072,-4.020043,1,0.75,Walking,True,0,0,0
1789904333781,317,484152,1,5072,-4.020043,1,0.75,Walking,True,0,0,0
1789904333781,317,484152,1,5072,-4.020043,1,0.75,Walking,True,0,0,0
1789904333781,317,484152,1,5072,-4.020043,1,0.75,Walking,True,0,0,0
1789904333796,318,485693,1,5088,-4.020043,1,0.75,Walking,True,0,0,0
1789904333796,318,485693,1,5088,-4.020043,1,0.75,Walking,True,0,0,0
1789904333796,318,485693,1,5088,-4.020043,1,0.75,Walking,True,0,0,0
1789904333796,318,485693,1,5088,-4.020043,1,0.75,Walking,True,0,0,0
1789904333796,318,485693,1,5088,-4.020043,1,0.75,Walking,True,0,0,0
1789904333796,318,485693,1,5088,-4.020043,1,0.75,Walking,True,0,0,0
1789904333796,318,485693,1,5088,-4.020043,1,0.75,Walking,True,0,0,0
1789904333796,318,485693,1,5088,-4.020043,1,0.75,Walking,True,0,0,0
1789904333812,319,487179,1,5104,-4.020043,1,0.75,Walking,True,0,0,0
1789904333812,319,487179,1,5104,-4.020043,1,0.75,Walking,True,0,0,0
1789904333812,319,487179,1,5104,-4.020043,1,0.75,Walking,True,0,0,0
1789904333812,319,487179,1,5104,-4.020043,1,0.75,Walking,True,0,0,0
1789904333812,319,487179,1,5104,-4.020043,1,0.75,Walking,True,0,0,0
1789904333812,319,487179,1,5104,-4.020043,1,0.75,Walking,True,0,0,0
1789904333812,319,487179,1,5104,-4.020043,1,0.75,Walking,True,0,0,0
1789904333812,319,487179,1,5104,-4.020043,1,0.75,Walking,True,0,0,0
1789904333828,320,488563,1,5120,-4.020043,1,0.75,Walking,True,0,0,0
1789904333828,320,488563,1,5120,-4.020043,1,0.75,Walking,True,0,0,0
1789904333828,320,488563,1,5120,-4.020043,1,0.75,Walking,True,0,0,0
1789904333828,320,488563,1,5120,-4.020043,1,0.75,Walking,True,0,0,0
1789904333828,320,488563,1,5120,-4.020043,1,0.75,Walking,True,0,0,0
1789904333828,320,488563,1,5120,-4.020043,1,0.75,Walking,True,0,0,0
1789904333828,320,488563,1,5120,-4.020043,1,0.75,Walking,True,0,0,0
1789904333828,320,488563,1,5120,-4.020043,1,0.75,Walking,True,0,0,0
1789904333843,321,490037,1,5136,-4.020043,1,0.75,Walking,True,0,0,0
1789904333843,321,490037,1,5136,-4.020043,1,0.75,Walking,True,0,0,0
1789904333843,321,490037,1,5136,-4.020043,1,0.75,Walking,True,0,0,0
1789904333843,321,490037,1,5136,-4.020043,1,0.75,Walking,True,0,0,0
1789904333843,321,490037,1,5136,-4.020043,1,0.75,Walking,True,0,0,0
1789904333843,321,490037,1,5136,-4.020043,1,0.75,Walking,True,0,0,0
1789904333843,321,490037,1,5136,-4.020043,1,0.75,Walking,True,0,0,0
1789904333843,321,490037,1,5136,-4.020043,1,0.75,Walking,True,0,0,0
1789904333859,322,491478,1,5152,-4.020043,1,0.75,Walking,True,0,0,0
1789904333859,322,491478,1,5152,-4.020043,1,0.75,Walking,True,0,0,0
1789904333859,322,491478,1,5152,-4.020043,1,0.75,Walking,True,0,0,0
1789904333859,322,491478,1,5152,-4.020043,1,0.75,Walking,True,0,0,0
1789904333859,322,491478,1,5152,-4.020043,1,0.75,Walking,True,0,0,0
1789904333859,322,491478,1,5152,-4.020043,1,0.75,Walking,True,0,0,0
1789904333859,322,491478,1,5152,-4.020043,1,0.75,Walking,True,0,0,0
1789904333859,322,491478,1,5152,-4.020043,1,0.75,Walking,True,0,0,0
1789904333874,323,492859,1,5168,-4.020043,1,0.75,Walking,True,0,0,0
1789904333874,323,492859,1,5168,-4.020043,1,0.75,Walking,True,0,0,0
1789904333874,323,492859,1,5168,-4.020043,1,0.75,Walking,True,0,0,0
1789904333874,323,492859,1,5168,-4.020043,1,0.75,Walking,True,0,0,0
1789904333874,323,492859,1,5168,-4.020043,1,0.75,Walking,True,0,0,0
1789904333874,323,492859,1,5168,-4.020043,1,0.75,Walking,True,0,0,0
1789904333874,323,492859,1,5168,-4.020043,1,0.75,Walking,True,0,0,0
1789904333874,323,492859,1,5168,-4.020043,1,0.75,Walking,True,0,0,0
1789904333889,324,494138,1,5184,-4.020043,1,0.75,Walking,True,0,0,0
1789904333889,324,494138,1,5184,-4.020043,1,0.75,Walking,True,0,0,0
1789904333889,324,494138,1,5184,-4.020043,1,0.75,Walking,True,0,0,0
1789904333889,324,494138,1,5184,-4.020043,1,0.75,Walking,True,0,0,0
1789904333889,324,494138,1,5184,-4.020043,1,0.75,Walking,True,0,0,0
1789904333889,324,494138,1,5184,-4.020043,1,0.75,Walking,True,0,0,0
1789904333889,324,494138,1,5184,-4.020043,1,0.75,Walking,True,0,0,0
1789904333889,324,494138,1,5184,-4.020043,1,0.75,Walking,True,0,0,0
1789904333906,325,495513,1,5200,-4.020043,1,0.75,Walking,True,0,0,0
1789904333906,325,495513,1,5200,-4.020043,1,0.75,Walking,True,0,0,0
1789904333906,325,495513,1,5200,-4.020043,1,0.75,Walking,True,0,0,0
1789904333906,325,495513,1,5200,-4.020043,1,0.75,Walking,True,0,0,0
1789904333906,325,495513,1,5200,-4.020043,1,0.75,Walking,True,0,0,0
1789904333906,325,495513,1,5200,-4.020043,1,0.75,Walking,True,0,0,0
1789904333906,325,495513,1,5200,-4.020043,1,0.75,Walking,True,0,0,0
1789904333906,325,495513,1,5200,-4.020043,1,0.75,Walking,True,0,0,0
1789904333921,326,496729,1,5216,-4.020043,1,0.75,Walking,True,0,0,0
1789904333921,326,496729,1,5216,-4.020043,1,0.75,Walking,True,0,0,0
1789904333921,326,496729,1,5216,-4.020043,1,0.75,Walking,True,0,0,0
1789904333921,326,496729,1,5216,-4.020043,1,0.75,Walking,True,0,0,0
1789904333921,326,496729,1,5216,-4.020043,1,0.75,Walking,True,0,0,0
1789904333921,326,496729,1,5216,-4.020043,1,0.75,Walking,True,0,0,0
1789904333921,326,496729,1,5216,-4.020043,1,0.75,Walking,True,0,0,0
1789904333921,326,496729,1,5216,-4.020043,1,0.75,Walking,True,0,0,0
1789904333936,327,497879,1,5232,-4.020043,1,0.75,Walking,True,0,0,0
1789904333936,327,497879,1,5232,-4.020043,1,0.75,Walking,True,0,0,0
1789904333936,327,497879,1,5232,-4.020043,1,0.75,Walking,True,0,0,0
1789904333936,327,497879,1,5232,-4.020043,1,0.75,Walking,True,0,0,0
1789904333936,327,497879,1,5232,-4.020043,1,0.75,Walking,True,0,0,0
1789904333936,327,497879,1,5232,-4.020043,1,0.75,Walking,True,0,0,0
1789904333936,327,497879,1,5232,-4.020043,1,0.75,Walking,True,0,0,0
1789904333936,327,497879,1,5232,-4.020043,1,0.75,Walking,True,0,0,0
1789904333951,328,499106,1,5248,-4.020043,1,0.75,Walking,True,0,0,0
1789904333951,328,499106,1,5248,-4.020043,1,0.75,Walking,True,0,0,0
1789904333951,328,499106,1,5248,-4.020043,1,0.75,Walking,True,0,0,0
1789904333951,328,499106,1,5248,-4.020043,1,0.75,Walking,True,0,0,0
1789904333951,328,499106,1,5248,-4.020043,1,0.75,Walking,True,0,0,0
1789904333951,328,499106,1,5248,-4.020043,1,0.75,Walking,True,0,0,0
1789904333951,328,499106,1,5248,-4.020043,1,0.75,Walking,True,0,0,0
1789904333951,328,499106,1,5248,-4.020043,1,0.75,Walking,True,0,0,0
1789904333967,329,500363,1,5264,-4.020043,1,0.75,Walking,True,0,0,0
1789904333967,329,500363,1,5264,-4.020043,1,0.75,Walking,True,0,0,0
1789904333967,329,500363,1,5264,-4.020043,1,0.75,Walking,True,0,0,0
1789904333967,329,500363,1,5264,-4.020043,1,0.75,Walking,True,0,0,0
1789904333967,329,500363,1,5264,-4.020043,1,0.75,Walking,True,0,0,0
1789904333967,329,500363,1,5264,-4.020043,1,0.75,Walking,True,0,0,0
1789904333967,329,500363,1,5264,-4.020043,1,0.75,Walking,True,0,0,0
1789904333967,329,500363,1,5264,-4.020043,1,0.75,Walking,True,0,0,0
1789904333982,330,501534,1,5280,-4.020043,1,0.75,Walking,True,0,0,0
1789904333982,330,501534,1,5280,-4.020043,1,0.75,Walking,True,0,0,0
1789904333982,330,501534,1,5280,-4.020043,1,0.75,Walking,True,0,0,0
1789904333982,330,501534,1,5280,-4.020043,1,0.75,Walking,True,0,0,0
1789904333982,330,501534,1,5280,-4.020043,1,0.75,Walking,True,0,0,0
1789904333982,330,501534,1,5280,-4.020043,1,0.75,Walking,True,0,0,0
1789904333982,330,501534,1,5280,-4.020043,1,0.75,Walking,True,0,0,0
1789904333982,330,501534,1,5280,-4.020043,1,0.75,Walking,True,0,0,0
1789904333997,331,502738,1,5296,-4.020043,1,0.75,Walking,True,0,0,0
1789904333997,331,502738,1,5296,-4.020043,1,0.75,Walking,True,0,0,0
1789904333997,331,502738,1,5296,-4.020043,1,0.75,Walking,True,0,0,0
1789904333997,331,502738,1,5296,-4.020043,1,0.75,Walking,True,0,0,0
1789904333997,331,502738,1,5296,-4.020043,1,0.75,Walking,True,0,0,0
1789904333997,331,502738,1,5296,-4.020043,1,0.75,Walking,True,0,0,0
1789904333997,331,502738,1,5296,-4.020043,1,0.75,Walking,True,0,0,0
1789904333997,331,502738,1,5296,-4.020043,1,0.75,Walking,True,0,0,0
1789904334012,332,503918,1,5312,-4.020043,1,0.75,Walking,True,0,0,0
1789904334012,332,503918,1,5312,-4.020043,1,0.75,Walking,True,0,0,0
1789904334012,332,503918,1,5312,-4.020043,1,0.75,Walking,True,0,0,0
1789904334012,332,503918,1,5312,-4.020043,1,0.75,Walking,True,0,0,0
1789904334012,332,503918,1,5312,-4.020043,1,0.75,Walking,True,0,0,0
1789904334012,332,503918,1,5312,-4.020043,1,0.75,Walking,True,0,0,0
1789904334012,332,503918,1,5312,-4.020043,1,0.75,Walking,True,0,0,0
1789904334012,332,503918,1,5312,-4.020043,1,0.75,Walking,True,0,0,0
1789904334028,333,505071,1,5328,-4.020043,1,0.75,Walking,True,0,0,0
1789904334028,333,505071,1,5328,-4.020043,1,0.75,Walking,True,0,0,0
1789904334028,333,505071,1,5328,-4.020043,1,0.75,Walking,True,0,0,0
1789904334028,333,505071,1,5328,-4.020043,1,0.75,Walking,True,0,0,0
1789904334028,333,505071,1,5328,-4.020043,1,0.75,Walking,True,0,0,0
1789904334028,333,505071,1,5328,-4.020043,1,0.75,Walking,True,0,0,0
1789904334028,333,505071,1,5328,-4.020043,1,0.75,Walking,True,0,0,0
1789904334028,333,505071,1,5328,-4.020043,1,0.75,Walking,True,0,0,0
1789904334043,334,506417,1,5344,-4.020043,1,0.75,Walking,True,0,0,0
1789904334043,334,506417,1,5344,-4.020043,1,0.75,Walking,True,0,0,0
1789904334043,334,506417,1,5344,-4.020043,1,0.75,Walking,True,0,0,0
1789904334043,334,506417,1,5344,-4.020043,1,0.75,Walking,True,0,0,0
1789904334043,334,506417,1,5344,-4.020043,1,0.75,Walking,True,0,0,0
1789904334043,334,506417,1,5344,-4.020043,1,0.75,Walking,True,0,0,0
1789904334043,334,506417,1,5344,-4.020043,1,0.75,Walking,True,0,0,0
1789904334043,334,506417,1,5344,-4.020043,1,0.75,Walking,True,0,0,0
1789904334059,335,507670,1,5360,-4.020043,1,0.75,Walking,True,0,0,0
1789904334059,335,507670,1,5360,-4.020043,1,0.75,Walking,True,0,0,0
1789904334059,335,507670,1,5360,-4.020043,1,0.75,Walking,True,0,0,0
1789904334059,335,507670,1,5360,-4.020043,1,0.75,Walking,True,0,0,0
1789904334059,335,507670,1,5360,-4.020043,1,0.75,Walking,True,0,0,0
1789904334059,335,507670,1,5360,-4.020043,1,0.75,Walking,True,0,0,0
1789904334059,335,507670,1,5360,-4.020043,1,0.75,Walking,True,0,0,0
1789904334059,335,507670,1,5360,-4.020043,1,0.75,Walking,True,0,0,0
1789904334074,336,508884,1,5376,-4.020043,1,0.75,Walking,True,0,0,0
1789904334074,336,508884,1,5376,-4.020043,1,0.75,Walking,True,0,0,0
1789904334074,336,508884,1,5376,-4.020043,1,0.75,Walking,True,0,0,0
1789904334074,336,508884,1,5376,-4.020043,1,0.75,Walking,True,0,0,0
1789904334074,336,508884,1,5376,-4.020043,1,0.75,Walking,True,0,0,0
1789904334074,336,508884,1,5376,-4.020043,1,0.75,Walking,True,0,0,0
1789904334074,336,508884,1,5376,-4.020043,1,0.75,Walking,True,0,0,0
1789904334074,336,508884,1,5376,-4.020043,1,0.75,Walking,True,0,0,0
1789904334105,337,510176,1,5392,-4.020043,1,0.75,Walking,True,0,0,0
1789904334105,337,510176,1,5392,-4.020043,1,0.75,Walking,True,0,0,0
1789904334105,337,510176,1,5392,-4.020043,1,0.75,Walking,True,0,0,0
1789904334105,337,510176,1,5392,-4.020043,1,0.75,Walking,True,0,0,0
1789904334105,337,510176,1,5392,-4.020043,1,0.75,Walking,True,0,0,0
1789904334105,337,510176,1,5392,-4.020043,1,0.75,Walking,True,0,0,0
1789904334105,337,510176,1,5392,-4.020043,1,0.75,Walking,True,0,0,0
1789904334105,337,510176,1,5392,-4.020043,1,0.75,Walking,True,0,0,0
1789904334120,338,513198,1,5408,-4.020043,1,0.75,Walking,True,0,0,0
1789904334120,338,513198,1,5408,-4.020043,1,0.75,Walking,True,0,0,0
1789904334120,338,513198,1,5408,-4.020043,1,0.75,Walking,True,0,0,0
1789904334120,338,513198,1,5408,-4.020043,1,0.75,Walking,True,0,0,0
1789904334120,338,513198,1,5408,-4.020043,1,0.75,Walking,True,0,0,0
1789904334120,338,513198,1,5408,-4.020043,1,0.75,Walking,True,0,0,0
1789904334120,338,513198,1,5408,-4.020043,1,0.75,Walking,True,0,0,0
1789904334120,338,513198,1,5408,-4.020043,1,0.75,Walking,True,0,0,0
1789904334136,339,514650,1,5424,-4.020043,1,0.75,Walking,True,0,0,0
1789904334136,339,514650,1,5424,-4.020043,1,0.75,Walking,True,0,0,0
1789904334136,339,514650,1,5424,-4.020043,1,0.75,Walking,True,0,0,0
1789904334136,339,514650,1,5424,-4.020043,1,0.75,Walking,True,0,0,0
1789904334136,339,514650,1,5424,-4.020043,1,0.75,Walking,True,0,0,0
1789904334136,339,514650,1,5424,-4.020043,1,0.75,Walking,True,0,0,0
1789904334136,339,514650,1,5424,-4.020043,1,0.75,Walking,True,0,0,0
1789904334136,339,514650,1,5424,-4.020043,1,0.75,Walking,True,0,0,0
1789904334152,340,515880,1,5440,-4.020043,1,0.75,Walking,True,0,0,0
1789904334152,340,515880,1,5440,-4.020043,1,0.75,Walking,True,0,0,0
1789904334152,340,515880,1,5440,-4.020043,1,0.75,Walking,True,0,0,0
1789904334152,340,515880,1,5440,-4.020043,1,0.75,Walking,True,0,0,0
1789904334152,340,515880,1,5440,-4.020043,1,0.75,Walking,True,0,0,0
1789904334152,340,515880,1,5440,-4.020043,1,0.75,Walking,True,0,0,0
1789904334152,340,515880,1,5440,-4.020043,1,0.75,Walking,True,0,0,0
1789904334152,340,515880,1,5440,-4.020043,1,0.75,Walking,True,0,0,0
1789904334168,341,516956,1,5456,-4.020043,1,0.75,Walking,True,0,0,0
1789904334168,341,516956,1,5456,-4.020043,1,0.75,Walking,True,0,0,0
1789904334168,341,516956,1,5456,-4.020043,1,0.75,Walking,True,0,0,0
1789904334168,341,516956,1,5456,-4.020043,1,0.75,Walking,True,0,0,0
1789904334168,341,516956,1,5456,-4.020043,1,0.75,Walking,True,0,0,0
1789904334168,341,516956,1,5456,-4.020043,1,0.75,Walking,True,0,0,0
1789904334168,341,516956,1,5456,-4.020043,1,0.75,Walking,True,0,0,0
1789904334168,341,516956,1,5456,-4.020043,1,0.75,Walking,True,0,0,0
1789904334183,342,518136,1,5472,-4.020043,1,0.75,Walking,True,0,0,0
1789904334183,342,518136,1,5472,-4.020043,1,0.75,Walking,True,0,0,0
1789904334183,342,518136,1,5472,-4.020043,1,0.75,Walking,True,0,0,0
1789904334183,342,518136,1,5472,-4.020043,1,0.75,Walking,True,0,0,0
1789904334183,342,518136,1,5472,-4.020043,1,0.75,Walking,True,0,0,0
1789904334183,342,518136,1,5472,-4.020043,1,0.75,Walking,True,0,0,0
1789904334183,342,518136,1,5472,-4.020043,1,0.75,Walking,True,0,0,0
1789904334183,342,518136,1,5472,-4.020043,1,0.75,Walking,True,0,0,0
1789904334198,343,519365,1,5488,-4.020043,1,0.75,Walking,True,0,0,0
1789904334198,343,519365,1,5488,-4.020043,1,0.75,Walking,True,0,0,0
1789904334198,343,519365,1,5488,-4.020043,1,0.75,Walking,True,0,0,0
1789904334198,343,519365,1,5488,-4.020043,1,0.75,Walking,True,0,0,0
1789904334198,343,519365,1,5488,-4.020043,1,0.75,Walking,True,0,0,0
1789904334198,343,519365,1,5488,-4.020043,1,0.75,Walking,True,0,0,0
1789904334198,343,519365,1,5488,-4.020043,1,0.75,Walking,True,0,0,0
1789904334198,343,519365,1,5488,-4.020043,1,0.75,Walking,True,0,0,0
1789904334214,344,520557,1,5504,-4.020043,1,0.75,Walking,True,0,0,0
1789904334214,344,520557,1,5504,-4.020043,1,0.75,Walking,True,0,0,0
1789904334214,344,520557,1,5504,-4.020043,1,0.75,Walking,True,0,0,0
1789904334214,344,520557,1,5504,-4.020043,1,0.75,Walking,True,0,0,0
1789904334214,344,520557,1,5504,-4.020043,1,0.75,Walking,True,0,0,0
1789904334214,344,520557,1,5504,-4.020043,1,0.75,Walking,True,0,0,0
1789904334214,344,520557,1,5504,-4.020043,1,0.75,Walking,True,0,0,0
1789904334214,344,520557,1,5504,-4.020043,1,0.75,Walking,True,0,0,0
1789904334230,345,521720,1,5520,-4.020043,1,0.75,Walking,True,0,0,0
1789904334230,345,521720,1,5520,-4.020043,1,0.75,Walking,True,0,0,0
1789904334230,345,521720,1,5520,-4.020043,1,0.75,Walking,True,0,0,0
1789904334230,345,521720,1,5520,-4.020043,1,0.75,Walking,True,0,0,0
1789904334230,345,521720,1,5520,-4.020043,1,0.75,Walking,True,0,0,0
1789904334230,345,521720,1,5520,-4.020043,1,0.75,Walking,True,0,0,0
1789904334230,345,521720,1,5520,-4.020043,1,0.75,Walking,True,0,0,0
1789904334230,345,521720,1,5520,-4.020043,1,0.75,Walking,True,0,0,0
1789904334246,346,522904,1,5536,-4.020043,1,0.75,Walking,True,0,0,0
1789904334246,346,522904,1,5536,-4.020043,1,0.75,Walking,True,0,0,0
1789904334246,346,522904,1,5536,-4.020043,1,0.75,Walking,True,0,0,0
1789904334246,346,522904,1,5536,-4.020043,1,0.75,Walking,True,0,0,0
1789904334246,346,522904,1,5536,-4.020043,1,0.75,Walking,True,0,0,0
1789904334246,346,522904,1,5536,-4.020043,1,0.75,Walking,True,0,0,0
1789904334246,346,522904,1,5536,-4.020043,1,0.75,Walking,True,0,0,0
1789904334246,346,522904,1,5536,-4.020043,1,0.75,Walking,True,0,0,0
1789904334262,347,523969,1,5552,-4.020043,1,0.75,Walking,True,0,0,0
1789904334262,347,523969,1,5552,-4.020043,1,0.75,Walking,True,0,0,0
1789904334262,347,523969,1,5552,-4.020043,1,0.75,Walking,True,0,0,0
1789904334262,347,523969,1,5552,-4.020043,1,0.75,Walking,True,0,0,0
1789904334262,347,523969,1,5552,-4.020043,1,0.75,Walking,True,0,0,0
1789904334262,347,523969,1,5552,-4.020043,1,0.75,Walking,True,0,0,0
1789904334262,347,523969,1,5552,-4.020043,1,0.75,Walking,True,0,0,0
1789904334262,347,523969,1,5552,-4.020043,1,0.75,Walking,True,0,0,0
1789904334278,348,525117,1,5568,-4.020043,1,0.75,Walking,True,0,0,0
1789904334278,348,525117,1,5568,-4.020043,1,0.75,Walking,True,0,0,0
1789904334278,348,525117,1,5568,-4.020043,1,0.75,Walking,True,0,0,0
1789904334278,348,525117,1,5568,-4.020043,1,0.75,Walking,True,0,0,0
1789904334278,348,525117,1,5568,-4.020043,1,0.75,Walking,True,0,0,0
1789904334278,348,525117,1,5568,-4.020043,1,0.75,Walking,True,0,0,0
1789904334278,348,525117,1,5568,-4.020043,1,0.75,Walking,True,0,0,0
1789904334278,348,525117,1,5568,-4.020043,1,0.75,Walking,True,0,0,0
1789904334294,349,526272,1,5584,-4.020043,1,0.75,Walking,True,0,0,0
1789904334294,349,526272,1,5584,-4.020043,1,0.75,Walking,True,0,0,0
1789904334294,349,526272,1,5584,-4.020043,1,0.75,Walking,True,0,0,0
1789904334294,349,526272,1,5584,-4.020043,1,0.75,Walking,True,0,0,0
1789904334294,349,526272,1,5584,-4.020043,1,0.75,Walking,True,0,0,0
1789904334294,349,526272,1,5584,-4.020043,1,0.75,Walking,True,0,0,0
1789904334294,349,526272,1,5584,-4.020043,1,0.75,Walking,True,0,0,0
1789904334294,349,526272,1,5584,-4.020043,1,0.75,Walking,True,0,0,0
1789904334309,350,527416,1,5600,-4.020043,1,0.75,Walking,True,0,0,0
1789904334309,350,527416,1,5600,-4.020043,1,0.75,Walking,True,0,0,0
1789904334309,350,527416,1,5600,-4.020043,1,0.75,Walking,True,0,0,0
1789904334309,350,527416,1,5600,-4.020043,1,0.75,Walking,True,0,0,0
1789904334309,350,527416,1,5600,-4.020043,1,0.75,Walking,True,0,0,0
1789904334309,350,527416,1,5600,-4.020043,1,0.75,Walking,True,0,0,0
1789904334309,350,527416,1,5600,-4.020043,1,0.75,Walking,True,0,0,0
1789904334309,350,527416,1,5600,-4.020043,1,0.75,Walking,True,0,0,0
1789904334326,351,528576,1,5616,-4.020043,1,0.75,Walking,True,0,0,0
1789904334326,351,528576,1,5616,-4.020043,1,0.75,Walking,True,0,0,0
1789904334326,351,528576,1,5616,-4.020043,1,0.75,Walking,True,0,0,0
1789904334326,351,528576,1,5616,-4.020043,1,0.75,Walking,True,0,0,0
1789904334326,351,528576,1,5616,-4.020043,1,0.75,Walking,True,0,0,0
1789904334326,351,528576,1,5616,-4.020043,1,0.75,Walking,True,0,0,0
1789904334326,351,528576,1,5616,-4.020043,1,0.75,Walking,True,0,0,0
1789904334326,351,528576,1,5616,-4.020043,1,0.75,Walking,True,0,0,0
1789904334341,352,529735,1,5632,-4.020043,1,0.75,Walking,True,0,0,0
1789904334341,352,529735,1,5632,-4.020043,1,0.75,Walking,True,0,0,0
1789904334341,352,529735,1,5632,-4.020043,1,0.75,Walking,True,0,0,0
1789904334341,352,529735,1,5632,-4.020043,1,0.75,Walking,True,0,0,0
1789904334341,352,529735,1,5632,-4.020043,1,0.75,Walking,True,0,0,0
1789904334341,352,529735,1,5632,-4.020043,1,0.75,Walking,True,0,0,0
1789904334341,352,529735,1,5632,-4.020043,1,0.75,Walking,True,0,0,0
1789904334341,352,529735,1,5632,-4.020043,1,0.75,Walking,True,0,0,0
1789904334357,353,530895,1,5648,-4.020043,1,0.75,Walking,True,0,0,0
1789904334357,353,530895,1,5648,-4.020043,1,0.75,Walking,True,0,0,0
1789904334357,353,530895,1,5648,-4.020043,1,0.75,Walking,True,0,0,0
1789904334357,353,530895,1,5648,-4.020043,1,0.75,Walking,True,0,0,0
1789904334357,353,530895,1,5648,-4.020043,1,0.75,Walking,True,0,0,0
1789904334357,353,530895,1,5648,-4.020043,1,0.75,Walking,True,0,0,0
1789904334357,353,530895,1,5648,-4.020043,1,0.75,Walking,True,0,0,0
1789904334357,353,530895,1,5648,-4.020043,1,0.75,Walking,True,0,0,0
1789904334372,354,532073,1,5664,-4.020043,1,0.75,Walking,True,0,0,0
1789904334372,354,532073,1,5664,-4.020043,1,0.75,Walking,True,0,0,0
1789904334372,354,532073,1,5664,-4.020043,1,0.75,Walking,True,0,0,0
1789904334372,354,532073,1,5664,-4.020043,1,0.75,Walking,True,0,0,0
1789904334372,354,532073,1,5664,-4.020043,1,0.75,Walking,True,0,0,0
1789904334372,354,532073,1,5664,-4.020043,1,0.75,Walking,True,0,0,0
1789904334372,354,532073,1,5664,-4.020043,1,0.75,Walking,True,0,0,0
1789904334372,354,532073,1,5664,-4.020043,1,0.75,Walking,True,0,0,0
1789904334387,355,533215,1,5680,-4.020043,1,0.75,Walking,True,0,0,0
1789904334387,355,533215,1,5680,-4.020043,1,0.75,Walking,True,0,0,0
1789904334387,355,533215,1,5680,-4.020043,1,0.75,Walking,True,0,0,0
1789904334387,355,533215,1,5680,-4.020043,1,0.75,Walking,True,0,0,0
1789904334387,355,533215,1,5680,-4.020043,1,0.75,Walking,True,0,0,0
1789904334387,355,533215,1,5680,-4.020043,1,0.75,Walking,True,0,0,0
1789904334387,355,533215,1,5680,-4.020043,1,0.75,Walking,True,0,0,0
1789904334387,355,533215,1,5680,-4.020043,1,0.75,Walking,True,0,0,0
1789904334402,356,534524,1,5696,-4.020043,1,0.75,Walking,True,0,0,0
1789904334402,356,534524,1,5696,-4.020043,1,0.75,Walking,True,0,0,0
1789904334402,356,534524,1,5696,-4.020043,1,0.75,Walking,True,0,0,0
1789904334402,356,534524,1,5696,-4.020043,1,0.75,Walking,True,0,0,0
1789904334402,356,534524,1,5696,-4.020043,1,0.75,Walking,True,0,0,0
1789904334402,356,534524,1,5696,-4.020043,1,0.75,Walking,True,0,0,0
1789904334402,356,534524,1,5696,-4.020043,1,0.75,Walking,True,0,0,0
1789904334402,356,534524,1,5696,-4.020043,1,0.75,Walking,True,0,0,0
1789904334806,357,586027,1,5712,-4.020043,1,0.75,Walking,True,0,0,0
1789904334806,357,586027,1,5712,-4.020043,1,0.75,Walking,True,0,0,0
1789904334806,357,586027,1,5712,-4.020043,1,0.75,Walking,True,0,0,0
1789904334806,357,586027,1,5712,-4.020043,1,0.75,Walking,True,0,0,0
1789904334806,357,586027,1,5712,-4.020043,1,0.75,Walking,True,0,0,0
1789904334807,357,586027,1,5712,-4.020043,1,0.75,Walking,True,0,0,0
1789904334807,357,586027,1,5712,-4.020043,1,0.75,Walking,True,0,0,0
1789904334807,357,586027,1,5712,-4.020043,1,0.75,Walking,True,0,0,0
1789904334822,358,588902,1,5728,-4.020043,1,0.75,Walking,True,0,0,0
1789904334822,358,588902,1,5728,-4.020043,1,0.75,Walking,True,0,0,0
1789904334822,358,588902,1,5728,-4.020043,1,0.75,Walking,True,0,0,0
1789904334822,358,588902,1,5728,-4.020043,1,0.75,Walking,True,0,0,0
1789904334822,358,588902,1,5728,-4.020043,1,0.75,Walking,True,0,0,0
1789904334822,358,588902,1,5728,-4.020043,1,0.75,Walking,True,0,0,0
1789904334822,358,588902,1,5728,-4.020043,1,0.75,Walking,True,0,0,0
1789904334822,358,588902,1,5728,-4.020043,1,0.75,Walking,True,0,0,0
1789904334837,359,590445,1,5744,-4.020043,1,0.75,Walking,True,0,0,0
1789904334837,359,590445,1,5744,-4.020043,1,0.75,Walking,True,0,0,0
1789904334837,359,590445,1,5744,-4.020043,1,0.75,Walking,True,0,0,0
1789904334837,359,590445,1,5744,-4.020043,1,0.75,Walking,True,0,0,0
1789904334838,359,590445,1,5744,-4.020043,1,0.75,Walking,True,0,0,0
1789904334838,359,590445,1,5744,-4.020043,1,0.75,Walking,True,0,0,0
1789904334838,359,590445,1,5744,-4.020043,1,0.75,Walking,True,0,0,0
1789904334838,359,590445,1,5744,-4.020043,1,0.75,Walking,True,0,0,0
1789904334852,360,591887,1,5760,-4.020043,1,0.75,Walking,True,0,0,0
1789904334852,360,591887,1,5760,-4.020043,1,0.75,Walking,True,0,0,0
1789904334852,360,591887,1,5760,-4.020043,1,0.75,Walking,True,0,0,0
1789904334852,360,591887,1,5760,-4.020043,1,0.75,Walking,True,0,0,0
1789904334852,360,591887,1,5760,-4.020043,1,0.75,Walking,True,0,0,0
1789904334852,360,591887,1,5760,-4.020043,1,0.75,Walking,True,0,0,0
1789904334853,360,591887,1,5760,-4.020043,1,0.75,Walking,True,0,0,0
1789904334853,360,591887,1,5760,-4.020043,1,0.75,Walking,True,0,0,0
1789904334868,361,593255,1,5776,-4.020043,1,0.75,Walking,True,0,0,0
1789904334868,361,593255,1,5776,-4.020043,1,0.75,Walking,True,0,0,0
1789904334868,361,593255,1,5776,-4.020043,1,0.75,Walking,True,0,0,0
1789904334868,361,593255,1,5776,-4.020043,1,0.75,Walking,True,0,0,0
1789904334868,361,593255,1,5776,-4.020043,1,0.75,Walking,True,0,0,0
1789904334868,361,593255,1,5776,-4.020043,1,0.75,Walking,True,0,0,0
1789904334868,361,593255,1,5776,-4.020043,1,0.75,Walking,True,0,0,0
1789904334868,361,593255,1,5776,-4.020043,1,0.75,Walking,True,0,0,0
1789904334884,362,594643,1,5792,-4.020043,1,0.75,Walking,True,0,0,0
1789904334884,362,594643,1,5792,-4.020043,1,0.75,Walking,True,0,0,0
1789904334884,362,594643,1,5792,-4.020043,1,0.75,Walking,True,0,0,0
1789904334884,362,594643,1,5792,-4.020043,1,0.75,Walking,True,0,0,0
1789904334884,362,594643,1,5792,-4.020043,1,0.75,Walking,True,0,0,0
1789904334884,362,594643,1,5792,-4.020043,1,0.75,Walking,True,0,0,0
1789904334884,362,594643,1,5792,-4.020043,1,0.75,Walking,True,0,0,0
1789904334884,362,594643,1,5792,-4.020043,1,0.75,Walking,True,0,0,0
1789904334901,363,596016,1,5808,-4.020043,1,0.75,Walking,True,0,0,0
1789904334901,363,596016,1,5808,-4.020043,1,0.75,Walking,True,0,0,0
1789904334901,363,596016,1,5808,-4.020043,1,0.75,Walking,True,0,0,0
1789904334901,363,596016,1,5808,-4.020043,1,0.75,Walking,True,0,0,0
1789904334901,363,596016,1,5808,-4.020043,1,0.75,Walking,True,0,0,0
1789904334901,363,596016,1,5808,-4.020043,1,0.75,Walking,True,0,0,0
1789904334901,363,596016,1,5808,-4.020043,1,0.75,Walking,True,0,0,0
1789904334901,363,596016,1,5808,-4.020043,1,0.75,Walking,True,0,0,0
1789904334916,364,597582,1,5824,-4.020043,1,0.75,Walking,True,0,0,0
1789904334916,364,597582,1,5824,-4.020043,1,0.75,Walking,True,0,0,0
1789904334916,364,597582,1,5824,-4.020043,1,0.75,Walking,True,0,0,0
1789904334916,364,597582,1,5824,-4.020043,1,0.75,Walking,True,0,0,0
1789904334916,364,597582,1,5824,-4.020043,1,0.75,Walking,True,0,0,0
1789904334916,364,597582,1,5824,-4.020043,1,0.75,Walking,True,0,0,0
1789904334916,364,597582,1,5824,-4.020043,1,0.75,Walking,True,0,0,0
1789904334916,364,597582,1,5824,-4.020043,1,0.75,Walking,True,0,0,0
1789904334932,365,599108,1,5840,-4.020043,1,0.75,Walking,True,0,0,0
1789904334932,365,599108,1,5840,-4.020043,1,0.75,Walking,True,0,0,0
1789904334932,365,599108,1,5840,-4.020043,1,0.75,Walking,True,0,0,0
1789904334932,365,599108,1,5840,-4.020043,1,0.75,Walking,True,0,0,0
1789904334932,365,599108,1,5840,-4.020043,1,0.75,Walking,True,0,0,0
1789904334932,365,599108,1,5840,-4.020043,1,0.75,Walking,True,0,0,0
1789904334932,365,599108,1,5840,-4.020043,1,0.75,Walking,True,0,0,0
1789904334932,365,599108,1,5840,-4.020043,1,0.75,Walking,True,0,0,0
1789904334947,366,600502,1,5856,-4.020043,1,0.75,Walking,True,0,0,0
1789904334947,366,600502,1,5856,-4.020043,1,0.75,Walking,True,0,0,0
1789904334947,366,600502,1,5856,-4.020043,1,0.75,Walking,True,0,0,0
1789904334947,366,600502,1,5856,-4.020043,1,0.75,Walking,True,0,0,0
1789904334947,366,600502,1,5856,-4.020043,1,0.75,Walking,True,0,0,0
1789904334947,366,600502,1,5856,-4.020043,1,0.75,Walking,True,0,0,0
1789904334947,366,600502,1,5856,-4.020043,1,0.75,Walking,True,0,0,0
1789904334947,366,600502,1,5856,-4.020043,1,0.75,Walking,True,0,0,0
1789904334963,367,601794,1,5872,-4.020043,1,0.75,Walking,True,0,0,0
1789904334963,367,601794,1,5872,-4.020043,1,0.75,Walking,True,0,0,0
1789904334963,367,601794,1,5872,-4.020043,1,0.75,Walking,True,0,0,0
1789904334963,367,601794,1,5872,-4.020043,1,0.75,Walking,True,0,0,0
1789904334963,367,601794,1,5872,-4.020043,1,0.75,Walking,True,0,0,0
1789904334963,367,601794,1,5872,-4.020043,1,0.75,Walking,True,0,0,0
1789904334963,367,601794,1,5872,-4.020043,1,0.75,Walking,True,0,0,0
1789904334963,367,601794,1,5872,-4.020043,1,0.75,Walking,True,0,0,0
1789904334978,368,603248,1,5888,-4.020043,1,0.75,Walking,True,0,0,0
1789904334978,368,603248,1,5888,-4.020043,1,0.75,Walking,True,0,0,0
1789904334978,368,603248,1,5888,-4.020043,1,0.75,Walking,True,0,0,0
1789904334978,368,603248,1,5888,-4.020043,1,0.75,Walking,True,0,0,0
1789904334978,368,603248,1,5888,-4.020043,1,0.75,Walking,True,0,0,0
1789904334978,368,603248,1,5888,-4.020043,1,0.75,Walking,True,0,0,0
1789904334978,368,603248,1,5888,-4.020043,1,0.75,Walking,True,0,0,0
1789904334978,368,603248,1,5888,-4.020043,1,0.75,Walking,True,0,0,0
1789904334994,369,604465,1,5904,-4.020043,1,0.75,Walking,True,0,0,0
1789904334994,369,604465,1,5904,-4.020043,1,0.75,Walking,True,0,0,0
1789904334994,369,604465,1,5904,-4.020043,1,0.75,Walking,True,0,0,0
1789904334994,369,604465,1,5904,-4.020043,1,0.75,Walking,True,0,0,0
1789904334994,369,604465,1,5904,-4.020043,1,0.75,Walking,True,0,0,0
1789904334994,369,604465,1,5904,-4.020043,1,0.75,Walking,True,0,0,0
1789904334994,369,604465,1,5904,-4.020043,1,0.75,Walking,True,0,0,0
1789904334994,369,604465,1,5904,-4.020043,1,0.75,Walking,True,0,0,0
1789904335010,370,605776,1,5920,-4.020043,1,0.75,Walking,True,0,0,0
1789904335010,370,605776,1,5920,-4.020043,1,0.75,Walking,True,0,0,0
1789904335010,370,605776,1,5920,-4.020043,1,0.75,Walking,True,0,0,0
1789904335010,370,605776,1,5920,-4.020043,1,0.75,Walking,True,0,0,0
1789904335010,370,605776,1,5920,-4.020043,1,0.75,Walking,True,0,0,0
1789904335010,370,605776,1,5920,-4.020043,1,0.75,Walking,True,0,0,0
1789904335010,370,605776,1,5920,-4.020043,1,0.75,Walking,True,0,0,0
1789904335010,370,605776,1,5920,-4.020043,1,0.75,Walking,True,0,0,0
1789904335026,371,607034,1,5936,-4.020043,1,0.75,Walking,True,0,0,0
1789904335026,371,607034,1,5936,-4.020043,1,0.75,Walking,True,0,0,0
1789904335026,371,607034,1,5936,-4.020043,1,0.75,Walking,True,0,0,0
1789904335026,371,607034,1,5936,-4.020043,1,0.75,Walking,True,0,0,0
1789904335026,371,607034,1,5936,-4.020043,1,0.75,Walking,True,0,0,0
1789904335026,371,607034,1,5936,-4.020043,1,0.75,Walking,True,0,0,0
1789904335026,371,607034,1,5936,-4.020043,1,0.75,Walking,True,0,0,0
1789904335026,371,607034,1,5936,-4.020043,1,0.75,Walking,True,0,0,0
1789904335041,372,608270,1,5952,-4.020043,1,0.75,Walking,True,0,0,0
1789904335041,372,608270,1,5952,-4.020043,1,0.75,Walking,True,0,0,0
1789904335041,372,608270,1,5952,-4.020043,1,0.75,Walking,True,0,0,0
1789904335041,372,608270,1,5952,-4.020043,1,0.75,Walking,True,0,0,0
1789904335041,372,608270,1,5952,-4.020043,1,0.75,Walking,True,0,0,0
1789904335041,372,608270,1,5952,-4.020043,1,0.75,Walking,True,0,0,0
1789904335041,372,608270,1,5952,-4.020043,1,0.75,Walking,True,0,0,0
1789904335041,372,608270,1,5952,-4.020043,1,0.75,Walking,True,0,0,0
1789904335057,373,609441,1,5968,-4.020043,1,0.75,Walking,True,0,0,0
1789904335057,373,609441,1,5968,-4.020043,1,0.75,Walking,True,0,0,0
1789904335057,373,609441,1,5968,-4.020043,1,0.75,Walking,True,0,0,0
1789904335057,373,609441,1,5968,-4.020043,1,0.75,Walking,True,0,0,0
1789904335057,373,609441,1,5968,-4.020043,1,0.75,Walking,True,0,0,0
1789904335057,373,609441,1,5968,-4.020043,1,0.75,Walking,True,0,0,0
1789904335057,373,609441,1,5968,-4.020043,1,0.75,Walking,True,0,0,0
1789904335057,373,609441,1,5968,-4.020043,1,0.75,Walking,True,0,0,0
1789904335072,374,610820,1,5984,-4.020043,1,0.75,Walking,True,0,0,0
1789904335072,374,610820,1,5984,-4.020043,1,0.75,Walking,True,0,0,0
1789904335072,374,610820,1,5984,-4.020043,1,0.75,Walking,True,0,0,0
1789904335072,374,610820,1,5984,-4.020043,1,0.75,Walking,True,0,0,0
1789904335072,374,610820,1,5984,-4.020043,1,0.75,Walking,True,0,0,0
1789904335072,374,610820,1,5984,-4.020043,1,0.75,Walking,True,0,0,0
1789904335072,374,610820,1,5984,-4.020043,1,0.75,Walking,True,0,0,0
1789904335072,374,610820,1,5984,-4.020043,1,0.75,Walking,True,0,0,0
1789904335087,375,611961,1,6000,-4.020043,1,0.75,Walking,True,0,0,0
1789904335087,375,611961,1,6000,-4.020043,1,0.75,Walking,True,0,0,0
1789904335087,375,611961,1,6000,-4.020043,1,0.75,Walking,True,0,0,0
1789904335087,375,611961,1,6000,-4.020043,1,0.75,Walking,True,0,0,0
1789904335087,375,611961,1,6000,-4.020043,1,0.75,Walking,True,0,0,0
1789904335087,375,611961,1,6000,-4.020043,1,0.75,Walking,True,0,0,0
1789904335087,375,611961,1,6000,-4.020043,1,0.75,Walking,True,0,0,0
1789904335087,375,611961,1,6000,-4.020043,1,0.75,Walking,True,0,0,0
1789904335102,376,613274,1,6016,-4.020043,1,0.75,Walking,True,0,0,0
1789904335102,376,613274,1,6016,-4.020043,1,0.75,Walking,True,0,0,0
1789904335102,376,613274,1,6016,-4.020043,1,0.75,Walking,True,0,0,0
1789904335102,376,613274,1,6016,-4.020043,1,0.75,Walking,True,0,0,0
1789904335102,376,613274,1,6016,-4.020043,1,0.75,Walking,True,0,0,0
1789904335102,376,613274,1,6016,-4.020043,1,0.75,Walking,True,0,0,0
1789904335102,376,613274,1,6016,-4.020043,1,0.75,Walking,True,0,0,0
1789904335102,376,613274,1,6016,-4.020043,1,0.75,Walking,True,0,0,0
1789904335117,377,614724,1,6032,-4.020043,1,0.75,Walking,True,0,0,0
1789904335117,377,614724,1,6032,-4.020043,1,0.75,Walking,True,0,0,0
1789904335117,377,614724,1,6032,-4.020043,1,0.75,Walking,True,0,0,0
1789904335117,377,614724,1,6032,-4.020043,1,0.75,Walking,True,0,0,0
1789904335117,377,614724,1,6032,-4.020043,1,0.75,Walking,True,0,0,0
1789904335117,377,614724,1,6032,-4.020043,1,0.75,Walking,True,0,0,0
1789904335117,377,614724,1,6032,-4.020043,1,0.75,Walking,True,0,0,0
1789904335117,377,614724,1,6032,-4.020043,1,0.75,Walking,True,0,0,0
1789904335133,378,616193,1,6048,-4.020043,1,0.75,Walking,True,0,0,0
1789904335133,378,616193,1,6048,-4.020043,1,0.75,Walking,True,0,0,0
1789904335133,378,616193,1,6048,-4.020043,1,0.75,Walking,True,0,0,0
1789904335133,378,616193,1,6048,-4.020043,1,0.75,Walking,True,0,0,0
1789904335133,378,616193,1,6048,-4.020043,1,0.75,Walking,True,0,0,0
1789904335133,378,616193,1,6048,-4.020043,1,0.75,Walking,True,0,0,0
1789904335133,378,616193,1,6048,-4.020043,1,0.75,Walking,True,0,0,0
1789904335133,378,616193,1,6048,-4.020043,1,0.75,Walking,True,0,0,0
1789904335150,379,617661,1,6064,-4.020043,1,0.75,Walking,True,0,0,0
1789904335150,379,617661,1,6064,-4.020043,1,0.75,Walking,True,0,0,0
1789904335150,379,617661,1,6064,-4.020043,1,0.75,Walking,True,0,0,0
1789904335150,379,617661,1,6064,-4.020043,1,0.75,Walking,True,0,0,0
1789904335150,379,617661,1,6064,-4.020043,1,0.75,Walking,True,0,0,0
1789904335150,379,617661,1,6064,-4.020043,1,0.75,Walking,True,0,0,0
1789904335150,379,617661,1,6064,-4.020043,1,0.75,Walking,True,0,0,0
1789904335150,379,617661,1,6064,-4.020043,1,0.75,Walking,True,0,0,0
1789904335166,380,619295,1,6080,-4.020043,1,0.75,Walking,True,0,0,0
1789904335166,380,619295,1,6080,-4.020043,1,0.75,Walking,True,0,0,0
1789904335166,380,619295,1,6080,-4.020043,1,0.75,Walking,True,0,0,0
1789904335166,380,619295,1,6080,-4.020043,1,0.75,Walking,True,0,0,0
1789904335166,380,619295,1,6080,-4.020043,1,0.75,Walking,True,0,0,0
1789904335166,380,619295,1,6080,-4.020043,1,0.75,Walking,True,0,0,0
1789904335166,380,619295,1,6080,-4.020043,1,0.75,Walking,True,0,0,0
1789904335166,380,619295,1,6080,-4.020043,1,0.75,Walking,True,0,0,0
1789904335182,381,620843,1,6096,-4.020043,1,0.75,Walking,True,0,0,0
1789904335182,381,620843,1,6096,-4.020043,1,0.75,Walking,True,0,0,0
1789904335182,381,620843,1,6096,-4.020043,1,0.75,Walking,True,0,0,0
1789904335182,381,620843,1,6096,-4.020043,1,0.75,Walking,True,0,0,0
1789904335182,381,620843,1,6096,-4.020043,1,0.75,Walking,True,0,0,0
1789904335182,381,620843,1,6096,-4.020043,1,0.75,Walking,True,0,0,0
1789904335182,381,620843,1,6096,-4.020043,1,0.75,Walking,True,0,0,0
1789904335182,381,620843,1,6096,-4.020043,1,0.75,Walking,True,0,0,0
1789904335198,382,622442,1,6112,-4.020043,1,0.75,Walking,True,0,0,0
1789904335198,382,622442,1,6112,-4.020043,1,0.75,Walking,True,0,0,0
1789904335198,382,622442,1,6112,-4.020043,1,0.75,Walking,True,0,0,0
1789904335198,382,622442,1,6112,-4.020043,1,0.75,Walking,True,0,0,0
1789904335198,382,622442,1,6112,-4.020043,1,0.75,Walking,True,0,0,0
1789904335198,382,622442,1,6112,-4.020043,1,0.75,Walking,True,0,0,0
1789904335198,382,622442,1,6112,-4.020043,1,0.75,Walking,True,0,0,0
1789904335198,382,622442,1,6112,-4.020043,1,0.75,Walking,True,0,0,0
1789904335213,383,624006,1,6128,-4.020043,1,0.75,Walking,True,0,0,0
1789904335213,383,624006,1,6128,-4.020043,1,0.75,Walking,True,0,0,0
1789904335213,383,624006,1,6128,-4.020043,1,0.75,Walking,True,0,0,0
1789904335213,383,624006,1,6128,-4.020043,1,0.75,Walking,True,0,0,0
1789904335213,383,624006,1,6128,-4.020043,1,0.75,Walking,True,0,0,0
1789904335213,383,624006,1,6128,-4.020043,1,0.75,Walking,True,0,0,0
1789904335213,383,624006,1,6128,-4.020043,1,0.75,Walking,True,0,0,0
1789904335213,383,624006,1,6128,-4.020043,1,0.75,Walking,True,0,0,0
1789904335228,384,625487,1,6144,-4.020043,1,0.75,Walking,True,0,0,0
1789904335228,384,625487,1,6144,-4.020043,1,0.75,Walking,True,0,0,0
1789904335228,384,625487,1,6144,-4.020043,1,0.75,Walking,True,0,0,0
1789904335228,384,625487,1,6144,-4.020043,1,0.75,Walking,True,0,0,0
1789904335228,384,625487,1,6144,-4.020043,1,0.75,Walking,True,0,0,0
1789904335228,384,625487,1,6144,-4.020043,1,0.75,Walking,True,0,0,0
1789904335228,384,625487,1,6144,-4.020043,1,0.75,Walking,True,0,0,0
1789904335228,384,625487,1,6144,-4.020043,1,0.75,Walking,True,0,0,0
1789904335244,385,626866,1,6160,-4.020043,1,0.75,Walking,True,0,0,0
1789904335244,385,626866,1,6160,-4.020043,1,0.75,Walking,True,0,0,0
1789904335244,385,626866,1,6160,-4.020043,1,0.75,Walking,True,0,0,0
1789904335244,385,626866,1,6160,-4.020043,1,0.75,Walking,True,0,0,0
1789904335244,385,626866,1,6160,-4.020043,1,0.75,Walking,True,0,0,0
1789904335244,385,626866,1,6160,-4.020043,1,0.75,Walking,True,0,0,0
1789904335244,385,626866,1,6160,-4.020043,1,0.75,Walking,True,0,0,0
1789904335244,385,626866,1,6160,-4.020043,1,0.75,Walking,True,0,0,0
1789904335259,386,628381,1,6176,-4.020043,1,0.75,Walking,True,0,0,0
1789904335259,386,628381,1,6176,-4.020043,1,0.75,Walking,True,0,0,0
1789904335259,386,628381,1,6176,-4.020043,1,0.75,Walking,True,0,0,0
1789904335259,386,628381,1,6176,-4.020043,1,0.75,Walking,True,0,0,0
1789904335259,386,628381,1,6176,-4.020043,1,0.75,Walking,True,0,0,0
1789904335259,386,628381,1,6176,-4.020043,1,0.75,Walking,True,0,0,0
1789904335259,386,628381,1,6176,-4.020043,1,0.75,Walking,True,0,0,0
1789904335259,386,628381,1,6176,-4.020043,1,0.75,Walking,True,0,0,0
1789904335274,387,629555,1,6192,-4.020043,1,0.75,Walking,True,0,0,0
1789904335274,387,629555,1,6192,-4.020043,1,0.75,Walking,True,0,0,0
1789904335274,387,629555,1,6192,-4.020043,1,0.75,Walking,True,0,0,0
1789904335274,387,629555,1,6192,-4.020043,1,0.75,Walking,True,0,0,0
1789904335274,387,629555,1,6192,-4.020043,1,0.75,Walking,True,0,0,0
1789904335274,387,629555,1,6192,-4.020043,1,0.75,Walking,True,0,0,0
1789904335274,387,629555,1,6192,-4.020043,1,0.75,Walking,True,0,0,0
1789904335274,387,629555,1,6192,-4.020043,1,0.75,Walking,True,0,0,0
1789904335291,388,630894,1,6208,-4.020043,1,0.75,Walking,True,0,0,0
1789904335291,388,630894,1,6208,-4.020043,1,0.75,Walking,True,0,0,0
1789904335291,388,630894,1,6208,-4.020043,1,0.75,Walking,True,0,0,0
1789904335291,388,630894,1,6208,-4.020043,1,0.75,Walking,True,0,0,0
1789904335291,388,630894,1,6208,-4.020043,1,0.75,Walking,True,0,0,0
1789904335291,388,630894,1,6208,-4.020043,1,0.75,Walking,True,0,0,0
1789904335291,388,630894,1,6208,-4.020043,1,0.75,Walking,True,0,0,0
1789904335291,388,630894,1,6208,-4.020043,1,0.75,Walking,True,0,0,0
1789904335306,389,632405,1,6224,-4.020043,1,0.75,Walking,True,0,0,0
1789904335306,389,632405,1,6224,-4.020043,1,0.75,Walking,True,0,0,0
1789904335306,389,632405,1,6224,-4.020043,1,0.75,Walking,True,0,0,0
1789904335306,389,632405,1,6224,-4.020043,1,0.75,Walking,True,0,0,0
1789904335306,389,632405,1,6224,-4.020043,1,0.75,Walking,True,0,0,0
1789904335306,389,632405,1,6224,-4.020043,1,0.75,Walking,True,0,0,0
1789904335306,389,632405,1,6224,-4.020043,1,0.75,Walking,True,0,0,0
1789904335306,389,632405,1,6224,-4.020043,1,0.75,Walking,True,0,0,0
1789904335321,390,633751,1,6240,-4.020043,1,0.75,Walking,True,0,0,0
1789904335321,390,633751,1,6240,-4.020043,1,0.75,Walking,True,0,0,0
1789904335321,390,633751,1,6240,-4.020043,1,0.75,Walking,True,0,0,0
1789904335321,390,633751,1,6240,-4.020043,1,0.75,Walking,True,0,0,0
1789904335321,390,633751,1,6240,-4.020043,1,0.75,Walking,True,0,0,0
1789904335321,390,633751,1,6240,-4.020043,1,0.75,Walking,True,0,0,0
1789904335321,390,633751,1,6240,-4.020043,1,0.75,Walking,True,0,0,0
1789904335321,390,633751,1,6240,-4.020043,1,0.75,Walking,True,0,0,0
1789904335352,391,635161,1,6256,-4.020043,1,0.75,Walking,True,0,0,0
1789904335352,391,635161,1,6256,-4.020043,1,0.75,Walking,True,0,0,0
1789904335352,391,635161,1,6256,-4.020043,1,0.75,Walking,True,0,0,0
1789904335352,391,635161,1,6256,-4.020043,1,0.75,Walking,True,0,0,0
1789904335352,391,635161,1,6256,-4.020043,1,0.75,Walking,True,0,0,0
1789904335352,391,635161,1,6256,-4.020043,1,0.75,Walking,True,0,0,0
1789904335352,391,635161,1,6256,-4.020043,1,0.75,Walking,True,0,0,0
1789904335352,391,635161,1,6256,-4.020043,1,0.75,Walking,True,0,0,0
1789904335368,392,637644,1,6272,-4.020043,1,0.75,Walking,True,0,0,0
1789904335368,392,637644,1,6272,-4.020043,1,0.75,Walking,True,0,0,0
1789904335368,392,637644,1,6272,-4.020043,1,0.75,Walking,True,0,0,0
1789904335368,392,637644,1,6272,-4.020043,1,0.75,Walking,True,0,0,0
1789904335368,392,637644,1,6272,-4.020043,1,0.75,Walking,True,0,0,0
1789904335368,392,637644,1,6272,-4.020043,1,0.75,Walking,True,0,0,0
1789904335368,392,637644,1,6272,-4.020043,1,0.75,Walking,True,0,0,0
1789904335368,392,637644,1,6272,-4.020043,1,0.75,Walking,True,0,0,0
1789904335382,393,638932,1,6288,-4.020043,1,0.75,Walking,True,0,0,0
1789904335382,393,638932,1,6288,-4.020043,1,0.75,Walking,True,0,0,0
1789904335382,393,638932,1,6288,-4.020043,1,0.75,Walking,True,0,0,0
1789904335382,393,638932,1,6288,-4.020043,1,0.75,Walking,True,0,0,0
1789904335382,393,638932,1,6288,-4.020043,1,0.75,Walking,True,0,0,0
1789904335382,393,638932,1,6288,-4.020043,1,0.75,Walking,True,0,0,0
1789904335382,393,638932,1,6288,-4.020043,1,0.75,Walking,True,0,0,0
1789904335382,393,638932,1,6288,-4.020043,1,0.75,Walking,True,0,0,0
1789904337686,393,906975,2,6288,-4.020043,1,0.75,Walking,True,0,0,0
1789904337686,393,906975,2,6288,-4.020043,1,0.75,Walking,True,0,0,0
1789904337686,393,906975,2,6288,-4.020043,1,0.75,Walking,True,0,0,0
1789904337686,393,906975,2,6288,-4.020043,1,0.75,Walking,True,0,0,0
1789904337686,393,906975,2,6288,-4.020043,1,0.75,Walking,True,0,0,0
1789904337686,393,906975,2,6288,-4.020043,1,0.75,Walking,True,0,0,0
1789904337686,393,906975,2,6288,-4.020043,1,0.75,Walking,True,0,0,0
1789904337686,393,906975,2,6288,-4.020043,1,0.75,Walking,True,0,0,0
1789904338510,394,1014817,2,6304,-4.025163,1,0.75,Walking,True,-0.32,0,0
1789904338510,394,1014817,2,6304,-4.025163,1,0.75,Walking,True,-0.32,0,0
1789904338510,394,1014817,2,6304,-4.025163,1,0.75,Walking,True,-0.32,0,0
1789904338510,394,1014817,2,6304,-4.025163,1,0.75,Walking,True,-0.32,0,0
1789904338510,394,1014817,2,6304,-4.025163,1,0.75,Walking,True,-0.32,0,0
1789904338510,394,1014817,2,6304,-4.025163,1,0.75,Walking,True,-0.32,0,0
1789904338510,394,1014817,2,6304,-4.025163,1,0.75,Walking,True,-0.32,0,0
1789904338510,394,1014817,2,6304,-4.025163,1,0.75,Walking,True,-0.32,0,0
1789904338526,395,1017733,2,6320,-4.035403,1,0.75,Walking,True,-0.64,0,0
1789904338526,395,1017733,2,6320,-4.035403,1,0.75,Walking,True,-0.64,0,0
1789904338526,395,1017733,2,6320,-4.035403,1,0.75,Walking,True,-0.64,0,0
1789904338526,395,1017733,2,6320,-4.035403,1,0.75,Walking,True,-0.64,0,0
1789904338526,395,1017733,2,6320,-4.035403,1,0.75,Walking,True,-0.64,0,0
1789904338526,395,1017733,2,6320,-4.035403,1,0.75,Walking,True,-0.64,0,0
1789904338526,395,1017733,2,6320,-4.035403,1,0.75,Walking,True,-0.64,0,0
1789904338526,395,1017733,2,6320,-4.035403,1,0.75,Walking,True,-0.64,0,0
1789904338542,396,1019195,2,6336,-4.050763,1,0.75,Walking,True,-0.96,0,0
1789904338542,396,1019195,2,6336,-4.050763,1,0.75,Walking,True,-0.96,0,0
1789904338542,396,1019195,2,6336,-4.050763,1,0.75,Walking,True,-0.96,0,0
1789904338542,396,1019195,2,6336,-4.050763,1,0.75,Walking,True,-0.96,0,0
1789904338542,396,1019195,2,6336,-4.050763,1,0.75,Walking,True,-0.96,0,0
1789904338542,396,1019195,2,6336,-4.050763,1,0.75,Walking,True,-0.96,0,0
1789904338542,396,1019195,2,6336,-4.050763,1,0.75,Walking,True,-0.96,0,0
1789904338542,396,1019195,2,6336,-4.050763,1,0.75,Walking,True,-0.96,0,0
1789904338557,397,1020704,2,6352,-4.071243,1,0.75,Walking,True,-1.28,0,0
1789904338557,397,1020704,2,6352,-4.071243,1,0.75,Walking,True,-1.28,0,0
1789904338557,397,1020704,2,6352,-4.071243,1,0.75,Walking,True,-1.28,0,0
1789904338557,397,1020704,2,6352,-4.071243,1,0.75,Walking,True,-1.28,0,0
1789904338557,397,1020704,2,6352,-4.071243,1,0.75,Walking,True,-1.28,0,0
1789904338557,397,1020704,2,6352,-4.071243,1,0.75,Walking,True,-1.28,0,0
1789904338557,397,1020704,2,6352,-4.071243,1,0.75,Walking,True,-1.28,0,0
1789904338557,397,1020704,2,6352,-4.071243,1,0.75,Walking,True,-1.28,0,0
1789904338573,398,1021987,2,6368,-4.096843,1,0.75,Walking,True,-1.6,0,0
1789904338573,398,1021987,2,6368,-4.096843,1,0.75,Walking,True,-1.6,0,0
1789904338573,398,1021987,2,6368,-4.096843,1,0.75,Walking,True,-1.6,0,0
1789904338573,398,1021987,2,6368,-4.096843,1,0.75,Walking,True,-1.6,0,0
1789904338573,398,1021987,2,6368,-4.096843,1,0.75,Walking,True,-1.6,0,0
1789904338573,398,1021987,2,6368,-4.096843,1,0.75,Walking,True,-1.6,0,0
1789904338573,398,1021987,2,6368,-4.096843,1,0.75,Walking,True,-1.6,0,0
1789904338573,398,1021987,2,6368,-4.096843,1,0.75,Walking,True,-1.6,0,0
1789904338589,399,1023529,2,6384,-4.127563,1,0.75,Walking,True,-1.92,0,0
1789904338589,399,1023529,2,6384,-4.127563,1,0.75,Walking,True,-1.92,0,0
1789904338589,399,1023529,2,6384,-4.127563,1,0.75,Walking,True,-1.92,0,0
1789904338589,399,1023529,2,6384,-4.127563,1,0.75,Walking,True,-1.92,0,0
1789904338589,399,1023529,2,6384,-4.127563,1,0.75,Walking,True,-1.92,0,0
1789904338589,399,1023529,2,6384,-4.127563,1,0.75,Walking,True,-1.92,0,0
1789904338589,399,1023529,2,6384,-4.127563,1,0.75,Walking,True,-1.92,0,0
1789904338589,399,1023529,2,6384,-4.127563,1,0.75,Walking,True,-1.92,0,0
1789904338604,400,1025014,2,6400,-4.163403,1,0.75,Walking,True,-2.24,0,0
1789904338604,400,1025014,2,6400,-4.163403,1,0.75,Walking,True,-2.24,0,0
1789904338604,400,1025014,2,6400,-4.163403,1,0.75,Walking,True,-2.24,0,0
1789904338604,400,1025014,2,6400,-4.163403,1,0.75,Walking,True,-2.24,0,0
1789904338604,400,1025014,2,6400,-4.163403,1,0.75,Walking,True,-2.24,0,0
1789904338604,400,1025014,2,6400,-4.163403,1,0.75,Walking,True,-2.24,0,0
1789904338604,400,1025014,2,6400,-4.163403,1,0.75,Walking,True,-2.24,0,0
1789904338604,400,1025014,2,6400,-4.163403,1,0.75,Walking,True,-2.24,0,0
1789904338620,401,1026444,2,6416,-4.204363,1,0.75,Walking,True,-2.56,0,0
1789904338620,401,1026444,2,6416,-4.204363,1,0.75,Walking,True,-2.56,0,0
1789904338620,401,1026444,2,6416,-4.204363,1,0.75,Walking,True,-2.56,0,0
1789904338620,401,1026444,2,6416,-4.204363,1,0.75,Walking,True,-2.56,0,0
1789904338620,401,1026444,2,6416,-4.204363,1,0.75,Walking,True,-2.56,0,0
1789904338620,401,1026444,2,6416,-4.204363,1,0.75,Walking,True,-2.56,0,0
1789904338620,401,1026444,2,6416,-4.204363,1,0.75,Walking,True,-2.56,0,0
1789904338620,401,1026444,2,6416,-4.204363,1,0.75,Walking,True,-2.56,0,0
1789904338636,402,1027871,2,6432,-4.250443,1,0.75,Walking,True,-2.88,0,0
1789904338636,402,1027871,2,6432,-4.250443,1,0.75,Walking,True,-2.88,0,0
1789904338636,402,1027871,2,6432,-4.250443,1,0.75,Walking,True,-2.88,0,0
1789904338636,402,1027871,2,6432,-4.250443,1,0.75,Walking,True,-2.88,0,0
1789904338636,402,1027871,2,6432,-4.250443,1,0.75,Walking,True,-2.88,0,0
1789904338636,402,1027871,2,6432,-4.250443,1,0.75,Walking,True,-2.88,0,0
1789904338636,402,1027871,2,6432,-4.250443,1,0.75,Walking,True,-2.88,0,0
1789904338636,402,1027871,2,6432,-4.250443,1,0.75,Walking,True,-2.88,0,0
1789904338651,403,1029246,2,6448,-4.301643,1,0.75,Walking,True,-3.2,0,0
1789904338651,403,1029246,2,6448,-4.301643,1,0.75,Walking,True,-3.2,0,0
1789904338651,403,1029246,2,6448,-4.301643,1,0.75,Walking,True,-3.2,0,0
1789904338651,403,1029246,2,6448,-4.301643,1,0.75,Walking,True,-3.2,0,0
1789904338651,403,1029246,2,6448,-4.301643,1,0.75,Walking,True,-3.2,0,0
1789904338651,403,1029246,2,6448,-4.301643,1,0.75,Walking,True,-3.2,0,0
1789904338651,403,1029246,2,6448,-4.301643,1,0.75,Walking,True,-3.2,0,0
1789904338651,403,1029246,2,6448,-4.301643,1,0.75,Walking,True,-3.2,0,0
1789904338666,404,1030389,2,6464,-4.357963,1,0.75,Walking,True,-3.52,0,0
1789904338666,404,1030389,2,6464,-4.357963,1,0.75,Walking,True,-3.52,0,0
1789904338666,404,1030389,2,6464,-4.357963,1,0.75,Walking,True,-3.52,0,0
1789904338666,404,1030389,2,6464,-4.357963,1,0.75,Walking,True,-3.52,0,0
1789904338666,404,1030389,2,6464,-4.357963,1,0.75,Walking,True,-3.52,0,0
1789904338666,404,1030389,2,6464,-4.357963,1,0.75,Walking,True,-3.52,0,0
1789904338666,404,1030389,2,6464,-4.357963,1,0.75,Walking,True,-3.52,0,0
1789904338666,404,1030389,2,6464,-4.357963,1,0.75,Walking,True,-3.52,0,0
1789904338681,405,1031673,2,6480,-4.419403,1,0.75,Walking,True,-3.84,0,0
1789904338681,405,1031673,2,6480,-4.419403,1,0.75,Walking,True,-3.84,0,0
1789904338681,405,1031673,2,6480,-4.419403,1,0.75,Walking,True,-3.84,0,0
1789904338681,405,1031673,2,6480,-4.419403,1,0.75,Walking,True,-3.84,0,0
1789904338681,405,1031673,2,6480,-4.419403,1,0.75,Walking,True,-3.84,0,0
1789904338681,405,1031673,2,6480,-4.419403,1,0.75,Walking,True,-3.84,0,0
1789904338681,405,1031673,2,6480,-4.419403,1,0.75,Walking,True,-3.84,0,0
1789904338681,405,1031673,2,6480,-4.419403,1,0.75,Walking,True,-3.84,0,0
1789904338696,406,1033141,2,6496,-4.481803,1,0.75,Walking,True,-3.9,0,0
1789904338696,406,1033141,2,6496,-4.481803,1,0.75,Walking,True,-3.9,0,0
1789904338696,406,1033141,2,6496,-4.481803,1,0.75,Walking,True,-3.9,0,0
1789904338696,406,1033141,2,6496,-4.481803,1,0.75,Walking,True,-3.9,0,0
1789904338696,406,1033141,2,6496,-4.481803,1,0.75,Walking,True,-3.9,0,0
1789904338696,406,1033141,2,6496,-4.481803,1,0.75,Walking,True,-3.9,0,0
1789904338696,406,1033141,2,6496,-4.481803,1,0.75,Walking,True,-3.9,0,0
1789904338696,406,1033141,2,6496,-4.481803,1,0.75,Walking,True,-3.9,0,0
1789904338712,407,1034778,2,6512,-4.544203,1,0.75,Walking,True,-3.9,0,0
1789904338712,407,1034778,2,6512,-4.544203,1,0.75,Walking,True,-3.9,0,0
1789904338712,407,1034778,2,6512,-4.544203,1,0.75,Walking,True,-3.9,0,0
1789904338712,407,1034778,2,6512,-4.544203,1,0.75,Walking,True,-3.9,0,0
1789904338712,407,1034778,2,6512,-4.544203,1,0.75,Walking,True,-3.9,0,0
1789904338712,407,1034778,2,6512,-4.544203,1,0.75,Walking,True,-3.9,0,0
1789904338712,407,1034778,2,6512,-4.544203,1,0.75,Walking,True,-3.9,0,0
1789904338712,407,1034778,2,6512,-4.544203,1,0.75,Walking,True,-3.9,0,0
1789904338728,408,1036525,2,6528,-4.606603,1,0.75,Walking,True,-3.9,0,0
1789904338728,408,1036525,2,6528,-4.606603,1,0.75,Walking,True,-3.9,0,0
1789904338728,408,1036525,2,6528,-4.606603,1,0.75,Walking,True,-3.9,0,0
1789904338728,408,1036525,2,6528,-4.606603,1,0.75,Walking,True,-3.9,0,0
1789904338728,408,1036525,2,6528,-4.606603,1,0.75,Walking,True,-3.9,0,0
1789904338728,408,1036525,2,6528,-4.606603,1,0.75,Walking,True,-3.9,0,0
1789904338728,408,1036525,2,6528,-4.606603,1,0.75,Walking,True,-3.9,0,0
1789904338728,408,1036525,2,6528,-4.606603,1,0.75,Walking,True,-3.9,0,0
1789904338743,409,1038206,2,6544,-4.669003,1,0.75,Walking,True,-3.9,0,0
1789904338743,409,1038206,2,6544,-4.669003,1,0.75,Walking,True,-3.9,0,0
1789904338743,409,1038206,2,6544,-4.669003,1,0.75,Walking,True,-3.9,0,0
1789904338743,409,1038206,2,6544,-4.669003,1,0.75,Walking,True,-3.9,0,0
1789904338743,409,1038206,2,6544,-4.669003,1,0.75,Walking,True,-3.9,0,0
1789904338743,409,1038206,2,6544,-4.669003,1,0.75,Walking,True,-3.9,0,0
1789904338743,409,1038206,2,6544,-4.669003,1,0.75,Walking,True,-3.9,0,0
1789904338743,409,1038206,2,6544,-4.669003,1,0.75,Walking,True,-3.9,0,0
1789904338758,410,1039740,2,6560,-4.731402,1,0.75,Walking,True,-3.9,0,0
1789904338758,410,1039740,2,6560,-4.731402,1,0.75,Walking,True,-3.9,0,0
1789904338758,410,1039740,2,6560,-4.731402,1,0.75,Walking,True,-3.9,0,0
1789904338758,410,1039740,2,6560,-4.731402,1,0.75,Walking,True,-3.9,0,0
1789904338758,410,1039740,2,6560,-4.731402,1,0.75,Walking,True,-3.9,0,0
1789904338758,410,1039740,2,6560,-4.731402,1,0.75,Walking,True,-3.9,0,0
1789904338758,410,1039740,2,6560,-4.731402,1,0.75,Walking,True,-3.9,0,0
1789904338758,410,1039740,2,6560,-4.731402,1,0.75,Walking,True,-3.9,0,0
1789904338773,411,1041336,2,6576,-4.793802,1,0.75,Walking,True,-3.9,0,0
1789904338773,411,1041336,2,6576,-4.793802,1,0.75,Walking,True,-3.9,0,0
1789904338773,411,1041336,2,6576,-4.793802,1,0.75,Walking,True,-3.9,0,0
1789904338773,411,1041336,2,6576,-4.793802,1,0.75,Walking,True,-3.9,0,0
1789904338773,411,1041336,2,6576,-4.793802,1,0.75,Walking,True,-3.9,0,0
1789904338773,411,1041336,2,6576,-4.793802,1,0.75,Walking,True,-3.9,0,0
1789904338773,411,1041336,2,6576,-4.793802,1,0.75,Walking,True,-3.9,0,0
1789904338773,411,1041336,2,6576,-4.793802,1,0.75,Walking,True,-3.9,0,0
1789904338788,412,1043159,2,6592,-4.856202,1,0.75,Walking,True,-3.9,0,0
1789904338788,412,1043159,2,6592,-4.856202,1,0.75,Walking,True,-3.9,0,0
1789904338788,412,1043159,2,6592,-4.856202,1,0.75,Walking,True,-3.9,0,0
1789904338788,412,1043159,2,6592,-4.856202,1,0.75,Walking,True,-3.9,0,0
1789904338788,412,1043159,2,6592,-4.856202,1,0.75,Walking,True,-3.9,0,0
1789904338788,412,1043159,2,6592,-4.856202,1,0.75,Walking,True,-3.9,0,0
1789904338788,412,1043159,2,6592,-4.856202,1,0.75,Walking,True,-3.9,0,0
1789904338788,412,1043159,2,6592,-4.856202,1,0.75,Walking,True,-3.9,0,0
1789904338804,413,1044817,2,6608,-4.918602,1,0.75,Walking,True,-3.9,0,0
1789904338804,413,1044817,2,6608,-4.918602,1,0.75,Walking,True,-3.9,0,0
1789904338804,413,1044817,2,6608,-4.918602,1,0.75,Walking,True,-3.9,0,0
1789904338804,413,1044817,2,6608,-4.918602,1,0.75,Walking,True,-3.9,0,0
1789904338804,413,1044817,2,6608,-4.918602,1,0.75,Walking,True,-3.9,0,0
1789904338804,413,1044817,2,6608,-4.918602,1,0.75,Walking,True,-3.9,0,0
1789904338804,413,1044817,2,6608,-4.918602,1,0.75,Walking,True,-3.9,0,0
1789904338804,413,1044817,2,6608,-4.918602,1,0.75,Walking,True,-3.9,0,0
1789904338820,414,1046722,2,6624,-4.981002,1,0.75,Walking,True,-3.9,0,0
1789904338820,414,1046722,2,6624,-4.981002,1,0.75,Walking,True,-3.9,0,0
1789904338820,414,1046722,2,6624,-4.981002,1,0.75,Walking,True,-3.9,0,0
1789904338820,414,1046722,2,6624,-4.981002,1,0.75,Walking,True,-3.9,0,0
1789904338820,414,1046722,2,6624,-4.981002,1,0.75,Walking,True,-3.9,0,0
1789904338820,414,1046722,2,6624,-4.981002,1,0.75,Walking,True,-3.9,0,0
1789904338820,414,1046722,2,6624,-4.981002,1,0.75,Walking,True,-3.9,0,0
1789904338820,414,1046722,2,6624,-4.981002,1,0.75,Walking,True,-3.9,0,0
1789904338836,415,1048531,2,6640,-5.043402,1,0.75,Walking,True,-3.9,0,0
1789904338836,415,1048531,2,6640,-5.043402,1,0.75,Walking,True,-3.9,0,0
1789904338836,415,1048531,2,6640,-5.043402,1,0.75,Walking,True,-3.9,0,0
1789904338836,415,1048531,2,6640,-5.043402,1,0.75,Walking,True,-3.9,0,0
1789904338836,415,1048531,2,6640,-5.043402,1,0.75,Walking,True,-3.9,0,0
1789904338836,415,1048531,2,6640,-5.043402,1,0.75,Walking,True,-3.9,0,0
1789904338836,415,1048531,2,6640,-5.043402,1,0.75,Walking,True,-3.9,0,0
1789904338836,415,1048531,2,6640,-5.043402,1,0.75,Walking,True,-3.9,0,0
1789904338852,416,1050367,2,6656,-5.105802,1,0.75,Walking,True,-3.9,0,0
1789904338852,416,1050367,2,6656,-5.105802,1,0.75,Walking,True,-3.9,0,0
1789904338852,416,1050367,2,6656,-5.105802,1,0.75,Walking,True,-3.9,0,0
1789904338852,416,1050367,2,6656,-5.105802,1,0.75,Walking,True,-3.9,0,0
1789904338852,416,1050367,2,6656,-5.105802,1,0.75,Walking,True,-3.9,0,0
1789904338852,416,1050367,2,6656,-5.105802,1,0.75,Walking,True,-3.9,0,0
1789904338852,416,1050367,2,6656,-5.105802,1,0.75,Walking,True,-3.9,0,0
1789904338852,416,1050367,2,6656,-5.105802,1,0.75,Walking,True,-3.9,0,0
1789904338867,417,1052188,2,6672,-5.168201,1,0.75,Walking,True,-3.9,0,0
1789904338867,417,1052188,2,6672,-5.168201,1,0.75,Walking,True,-3.9,0,0
1789904338867,417,1052188,2,6672,-5.168201,1,0.75,Walking,True,-3.9,0,0
1789904338867,417,1052188,2,6672,-5.168201,1,0.75,Walking,True,-3.9,0,0
1789904338867,417,1052188,2,6672,-5.168201,1,0.75,Walking,True,-3.9,0,0
1789904338867,417,1052188,2,6672,-5.168201,1,0.75,Walking,True,-3.9,0,0
1789904338867,417,1052188,2,6672,-5.168201,1,0.75,Walking,True,-3.9,0,0
1789904338867,417,1052188,2,6672,-5.168201,1,0.75,Walking,True,-3.9,0,0
1789904338883,418,1053916,2,6688,-5.230601,1,0.75,Walking,True,-3.9,0,0
1789904338883,418,1053916,2,6688,-5.230601,1,0.75,Walking,True,-3.9,0,0
1789904338883,418,1053916,2,6688,-5.230601,1,0.75,Walking,True,-3.9,0,0
1789904338883,418,1053916,2,6688,-5.230601,1,0.75,Walking,True,-3.9,0,0
1789904338883,418,1053916,2,6688,-5.230601,1,0.75,Walking,True,-3.9,0,0
1789904338883,418,1053916,2,6688,-5.230601,1,0.75,Walking,True,-3.9,0,0
1789904338883,418,1053916,2,6688,-5.230601,1,0.75,Walking,True,-3.9,0,0
1789904338883,418,1053916,2,6688,-5.230601,1,0.75,Walking,True,-3.9,0,0
1789904338898,419,1055665,2,6704,-5.293001,1,0.75,Walking,True,-3.9,0,0
1789904338898,419,1055665,2,6704,-5.293001,1,0.75,Walking,True,-3.9,0,0
1789904338898,419,1055665,2,6704,-5.293001,1,0.75,Walking,True,-3.9,0,0
1789904338898,419,1055665,2,6704,-5.293001,1,0.75,Walking,True,-3.9,0,0
1789904338898,419,1055665,2,6704,-5.293001,1,0.75,Walking,True,-3.9,0,0
1789904338898,419,1055665,2,6704,-5.293001,1,0.75,Walking,True,-3.9,0,0
1789904338898,419,1055665,2,6704,-5.293001,1,0.75,Walking,True,-3.9,0,0
1789904338898,419,1055665,2,6704,-5.293001,1,0.75,Walking,True,-3.9,0,0
1789904338913,420,1057491,2,6720,-5.355401,1,0.75,Walking,True,-3.9,0,0
1789904338914,420,1057491,2,6720,-5.355401,1,0.75,Walking,True,-3.9,0,0
1789904338914,420,1057491,2,6720,-5.355401,1,0.75,Walking,True,-3.9,0,0
1789904338914,420,1057491,2,6720,-5.355401,1,0.75,Walking,True,-3.9,0,0
1789904338914,420,1057491,2,6720,-5.355401,1,0.75,Walking,True,-3.9,0,0
1789904338914,420,1057491,2,6720,-5.355401,1,0.75,Walking,True,-3.9,0,0
1789904338914,420,1057491,2,6720,-5.355401,1,0.75,Walking,True,-3.9,0,0
1789904338914,420,1057491,2,6720,-5.355401,1,0.75,Walking,True,-3.9,0,0
1789904338930,421,1059029,2,6736,-5.417801,1,0.75,Walking,True,-3.9,0,0
1789904338930,421,1059029,2,6736,-5.417801,1,0.75,Walking,True,-3.9,0,0
1789904338930,421,1059029,2,6736,-5.417801,1,0.75,Walking,True,-3.9,0,0
1789904338930,421,1059029,2,6736,-5.417801,1,0.75,Walking,True,-3.9,0,0
1789904338930,421,1059029,2,6736,-5.417801,1,0.75,Walking,True,-3.9,0,0
1789904338930,421,1059029,2,6736,-5.417801,1,0.75,Walking,True,-3.9,0,0
1789904338930,421,1059029,2,6736,-5.417801,1,0.75,Walking,True,-3.9,0,0
1789904338930,421,1059029,2,6736,-5.417801,1,0.75,Walking,True,-3.9,0,0
1789904338946,422,1060735,2,6752,-5.480201,1,0.75,Walking,True,-3.9,0,0
1789904338946,422,1060735,2,6752,-5.480201,1,0.75,Walking,True,-3.9,0,0
1789904338946,422,1060735,2,6752,-5.480201,1,0.75,Walking,True,-3.9,0,0
1789904338946,422,1060735,2,6752,-5.480201,1,0.75,Walking,True,-3.9,0,0
1789904338946,422,1060735,2,6752,-5.480201,1,0.75,Walking,True,-3.9,0,0
1789904338946,422,1060735,2,6752,-5.480201,1,0.75,Walking,True,-3.9,0,0
1789904338946,422,1060735,2,6752,-5.480201,1,0.75,Walking,True,-3.9,0,0
1789904338946,422,1060735,2,6752,-5.480201,1,0.75,Walking,True,-3.9,0,0
1789904338962,423,1062557,2,6768,-5.542601,1,0.75,Walking,True,-3.9,0,0
1789904338962,423,1062557,2,6768,-5.542601,1,0.75,Walking,True,-3.9,0,0
1789904338962,423,1062557,2,6768,-5.542601,1,0.75,Walking,True,-3.9,0,0
1789904338962,423,1062557,2,6768,-5.542601,1,0.75,Walking,True,-3.9,0,0
1789904338962,423,1062557,2,6768,-5.542601,1,0.75,Walking,True,-3.9,0,0
1789904338962,423,1062557,2,6768,-5.542601,1,0.75,Walking,True,-3.9,0,0
1789904338962,423,1062557,2,6768,-5.542601,1,0.75,Walking,True,-3.9,0,0
1789904338962,423,1062557,2,6768,-5.542601,1,0.75,Walking,True,-3.9,0,0
1789904338977,424,1064340,2,6784,-5.605,1,0.75,Walking,True,-3.9,0,0
1789904338977,424,1064340,2,6784,-5.605,1,0.75,Walking,True,-3.9,0,0
1789904338977,424,1064340,2,6784,-5.605,1,0.75,Walking,True,-3.9,0,0
1789904338977,424,1064340,2,6784,-5.605,1,0.75,Walking,True,-3.9,0,0
1789904338977,424,1064340,2,6784,-5.605,1,0.75,Walking,True,-3.9,0,0
1789904338977,424,1064340,2,6784,-5.605,1,0.75,Walking,True,-3.9,0,0
1789904338977,424,1064340,2,6784,-5.605,1,0.75,Walking,True,-3.9,0,0
1789904338977,424,1064340,2,6784,-5.605,1,0.75,Walking,True,-3.9,0,0
1789904338992,425,1066009,2,6800,-5.6674,1,0.75,Walking,True,-3.9,0,0
1789904338992,425,1066009,2,6800,-5.6674,1,0.75,Walking,True,-3.9,0,0
1789904338992,425,1066009,2,6800,-5.6674,1,0.75,Walking,True,-3.9,0,0
1789904338992,425,1066009,2,6800,-5.6674,1,0.75,Walking,True,-3.9,0,0
1789904338992,425,1066009,2,6800,-5.6674,1,0.75,Walking,True,-3.9,0,0
1789904338992,425,1066009,2,6800,-5.6674,1,0.75,Walking,True,-3.9,0,0
1789904338992,425,1066009,2,6800,-5.6674,1,0.75,Walking,True,-3.9,0,0
1789904338992,425,1066009,2,6800,-5.6674,1,0.75,Walking,True,-3.9,0,0
1789904339008,426,1067708,2,6816,-5.7298,1,0.75,Walking,True,-3.9,0,0
1789904339008,426,1067708,2,6816,-5.7298,1,0.75,Walking,True,-3.9,0,0
1789904339008,426,1067708,2,6816,-5.7298,1,0.75,Walking,True,-3.9,0,0
1789904339008,426,1067708,2,6816,-5.7298,1,0.75,Walking,True,-3.9,0,0
1789904339008,426,1067708,2,6816,-5.7298,1,0.75,Walking,True,-3.9,0,0
1789904339008,426,1067708,2,6816,-5.7298,1,0.75,Walking,True,-3.9,0,0
1789904339008,426,1067708,2,6816,-5.7298,1,0.75,Walking,True,-3.9,0,0
1789904339008,426,1067708,2,6816,-5.7298,1,0.75,Walking,True,-3.9,0,0
1789904339038,427,1069455,2,6832,-5.7922,1,0.75,Walking,True,-3.9,0,0
1789904339038,427,1069455,2,6832,-5.7922,1,0.75,Walking,True,-3.9,0,0
1789904339038,427,1069455,2,6832,-5.7922,1,0.75,Walking,True,-3.9,0,0
1789904339038,427,1069455,2,6832,-5.7922,1,0.75,Walking,True,-3.9,0,0
1789904339038,427,1069455,2,6832,-5.7922,1,0.75,Walking,True,-3.9,0,0
1789904339038,427,1069455,2,6832,-5.7922,1,0.75,Walking,True,-3.9,0,0
1789904339038,427,1069455,2,6832,-5.7922,1,0.75,Walking,True,-3.9,0,0
1789904339038,427,1069455,2,6832,-5.7922,1,0.75,Walking,True,-3.9,0,0
1789904339053,428,1072655,2,6848,-5.8546,1,0.75,Walking,True,-3.9,0,0
1789904339053,428,1072655,2,6848,-5.8546,1,0.75,Walking,True,-3.9,0,0
1789904339053,428,1072655,2,6848,-5.8546,1,0.75,Walking,True,-3.9,0,0
1789904339053,428,1072655,2,6848,-5.8546,1,0.75,Walking,True,-3.9,0,0
1789904339053,428,1072655,2,6848,-5.8546,1,0.75,Walking,True,-3.9,0,0
1789904339053,428,1072655,2,6848,-5.8546,1,0.75,Walking,True,-3.9,0,0
1789904339053,428,1072655,2,6848,-5.8546,1,0.75,Walking,True,-3.9,0,0
1789904339053,428,1072655,2,6848,-5.8546,1,0.75,Walking,True,-3.9,0,0
1789904339068,429,1074403,2,6864,-5.917,1,0.75,Walking,True,-3.9,0,0
1789904339068,429,1074403,2,6864,-5.917,1,0.75,Walking,True,-3.9,0,0
1789904339068,429,1074403,2,6864,-5.917,1,0.75,Walking,True,-3.9,0,0
1789904339068,429,1074403,2,6864,-5.917,1,0.75,Walking,True,-3.9,0,0
1789904339068,429,1074403,2,6864,-5.917,1,0.75,Walking,True,-3.9,0,0
1789904339068,429,1074403,2,6864,-5.917,1,0.75,Walking,True,-3.9,0,0
1789904339068,429,1074403,2,6864,-5.917,1,0.75,Walking,True,-3.9,0,0
1789904339068,429,1074403,2,6864,-5.917,1,0.75,Walking,True,-3.9,0,0
1789904339085,430,1076168,2,6880,-5.9794,1,0.75,Walking,True,-3.9,0,0
1789904339085,430,1076168,2,6880,-5.9794,1,0.75,Walking,True,-3.9,0,0
1789904339085,430,1076168,2,6880,-5.9794,1,0.75,Walking,True,-3.9,0,0
1789904339085,430,1076168,2,6880,-5.9794,1,0.75,Walking,True,-3.9,0,0
1789904339085,430,1076168,2,6880,-5.9794,1,0.75,Walking,True,-3.9,0,0
1789904339085,430,1076168,2,6880,-5.9794,1,0.75,Walking,True,-3.9,0,0
1789904339085,430,1076168,2,6880,-5.9794,1,0.75,Walking,True,-3.9,0,0
1789904339085,430,1076168,2,6880,-5.9794,1,0.75,Walking,True,-3.9,0,0
1789904339101,431,1078070,2,6896,-6.0418,1,0.75,Walking,True,-3.9,0,0
1789904339101,431,1078070,2,6896,-6.0418,1,0.75,Walking,True,-3.9,0,0
1789904339101,431,1078070,2,6896,-6.0418,1,0.75,Walking,True,-3.9,0,0
1789904339101,431,1078070,2,6896,-6.0418,1,0.75,Walking,True,-3.9,0,0
1789904339101,431,1078070,2,6896,-6.0418,1,0.75,Walking,True,-3.9,0,0
1789904339101,431,1078070,2,6896,-6.0418,1,0.75,Walking,True,-3.9,0,0
1789904339101,431,1078070,2,6896,-6.0418,1,0.75,Walking,True,-3.9,0,0
1789904339101,431,1078070,2,6896,-6.0418,1,0.75,Walking,True,-3.9,0,0
1789904339116,432,1080079,2,6912,-6.104199,1,0.75,Walking,True,-3.9,0,0
1789904339117,432,1080079,2,6912,-6.104199,1,0.75,Walking,True,-3.9,0,0
1789904339117,432,1080079,2,6912,-6.104199,1,0.75,Walking,True,-3.9,0,0
1789904339117,432,1080079,2,6912,-6.104199,1,0.75,Walking,True,-3.9,0,0
1789904339117,432,1080079,2,6912,-6.104199,1,0.75,Walking,True,-3.9,0,0
1789904339117,432,1080079,2,6912,-6.104199,1,0.75,Walking,True,-3.9,0,0
1789904339117,432,1080079,2,6912,-6.104199,1,0.75,Walking,True,-3.9,0,0
1789904339117,432,1080079,2,6912,-6.104199,1,0.75,Walking,True,-3.9,0,0
1789904339131,433,1081830,2,6928,-6.166599,1,0.75,Walking,True,-3.9,0,0
1789904339131,433,1081830,2,6928,-6.166599,1,0.75,Walking,True,-3.9,0,0
1789904339131,433,1081830,2,6928,-6.166599,1,0.75,Walking,True,-3.9,0,0
1789904339131,433,1081830,2,6928,-6.166599,1,0.75,Walking,True,-3.9,0,0
1789904339131,433,1081830,2,6928,-6.166599,1,0.75,Walking,True,-3.9,0,0
1789904339131,433,1081830,2,6928,-6.166599,1,0.75,Walking,True,-3.9,0,0
1789904339131,433,1081830,2,6928,-6.166599,1,0.75,Walking,True,-3.9,0,0
1789904339131,433,1081830,2,6928,-6.166599,1,0.75,Walking,True,-3.9,0,0
1789904339147,434,1083536,2,6944,-6.228999,1,0.75,Walking,True,-3.9,0,0
1789904339147,434,1083536,2,6944,-6.228999,1,0.75,Walking,True,-3.9,0,0
1789904339147,434,1083536,2,6944,-6.228999,1,0.75,Walking,True,-3.9,0,0
1789904339147,434,1083536,2,6944,-6.228999,1,0.75,Walking,True,-3.9,0,0
1789904339147,434,1083536,2,6944,-6.228999,1,0.75,Walking,True,-3.9,0,0
1789904339147,434,1083536,2,6944,-6.228999,1,0.75,Walking,True,-3.9,0,0
1789904339147,434,1083536,2,6944,-6.228999,1,0.75,Walking,True,-3.9,0,0
1789904339147,434,1083536,2,6944,-6.228999,1,0.75,Walking,True,-3.9,0,0
1789904339162,435,1085178,2,6960,-6.291399,1,0.75,Walking,True,-3.9,0,0
1789904339162,435,1085178,2,6960,-6.291399,1,0.75,Walking,True,-3.9,0,0
1789904339162,435,1085178,2,6960,-6.291399,1,0.75,Walking,True,-3.9,0,0
1789904339162,435,1085178,2,6960,-6.291399,1,0.75,Walking,True,-3.9,0,0
1789904339162,435,1085178,2,6960,-6.291399,1,0.75,Walking,True,-3.9,0,0
1789904339162,435,1085178,2,6960,-6.291399,1,0.75,Walking,True,-3.9,0,0
1789904339162,435,1085178,2,6960,-6.291399,1,0.75,Walking,True,-3.9,0,0
1789904339162,435,1085178,2,6960,-6.291399,1,0.75,Walking,True,-3.9,0,0
1789904339177,436,1086756,2,6976,-6.353799,1,0.75,Walking,True,-3.9,0,0
1789904339177,436,1086756,2,6976,-6.353799,1,0.75,Walking,True,-3.9,0,0
1789904339177,436,1086756,2,6976,-6.353799,1,0.75,Walking,True,-3.9,0,0
1789904339177,436,1086756,2,6976,-6.353799,1,0.75,Walking,True,-3.9,0,0
1789904339177,436,1086756,2,6976,-6.353799,1,0.75,Walking,True,-3.9,0,0
1789904339177,436,1086756,2,6976,-6.353799,1,0.75,Walking,True,-3.9,0,0
1789904339177,436,1086756,2,6976,-6.353799,1,0.75,Walking,True,-3.9,0,0
1789904339177,436,1086756,2,6976,-6.353799,1,0.75,Walking,True,-3.9,0,0
1789904339193,437,1088339,2,6992,-6.416199,1,0.75,Walking,True,-3.9,0,0
1789904339193,437,1088339,2,6992,-6.416199,1,0.75,Walking,True,-3.9,0,0
1789904339193,437,1088339,2,6992,-6.416199,1,0.75,Walking,True,-3.9,0,0
1789904339193,437,1088339,2,6992,-6.416199,1,0.75,Walking,True,-3.9,0,0
1789904339193,437,1088339,2,6992,-6.416199,1,0.75,Walking,True,-3.9,0,0
1789904339193,437,1088339,2,6992,-6.416199,1,0.75,Walking,True,-3.9,0,0
1789904339193,437,1088339,2,6992,-6.416199,1,0.75,Walking,True,-3.9,0,0
1789904339193,437,1088339,2,6992,-6.416199,1,0.75,Walking,True,-3.9,0,0
1789904339208,438,1089957,2,7008,-6.478599,1,0.75,Walking,True,-3.9,0,0
1789904339208,438,1089957,2,7008,-6.478599,1,0.75,Walking,True,-3.9,0,0
1789904339208,438,1089957,2,7008,-6.478599,1,0.75,Walking,True,-3.9,0,0
1789904339208,438,1089957,2,7008,-6.478599,1,0.75,Walking,True,-3.9,0,0
1789904339208,438,1089957,2,7008,-6.478599,1,0.75,Walking,True,-3.9,0,0
1789904339208,438,1089957,2,7008,-6.478599,1,0.75,Walking,True,-3.9,0,0
1789904339208,438,1089957,2,7008,-6.478599,1,0.75,Walking,True,-3.9,0,0
1789904339208,438,1089957,2,7008,-6.478599,1,0.75,Walking,True,-3.9,0,0
1789904339224,439,1091441,2,7024,-6.540998,1,0.75,Walking,True,-3.9,0,0
1789904339224,439,1091441,2,7024,-6.540998,1,0.75,Walking,True,-3.9,0,0
1789904339224,439,1091441,2,7024,-6.540998,1,0.75,Walking,True,-3.9,0,0
1789904339224,439,1091441,2,7024,-6.540998,1,0.75,Walking,True,-3.9,0,0
1789904339224,439,1091441,2,7024,-6.540998,1,0.75,Walking,True,-3.9,0,0
1789904339224,439,1091441,2,7024,-6.540998,1,0.75,Walking,True,-3.9,0,0
1789904339224,439,1091441,2,7024,-6.540998,1,0.75,Walking,True,-3.9,0,0
1789904339224,439,1091441,2,7024,-6.540998,1,0.75,Walking,True,-3.9,0,0
1789904339239,440,1092917,2,7040,-6.603398,1,0.75,Walking,True,-3.9,0,0
1789904339239,440,1092917,2,7040,-6.603398,1,0.75,Walking,True,-3.9,0,0
1789904339239,440,1092917,2,7040,-6.603398,1,0.75,Walking,True,-3.9,0,0
1789904339239,440,1092917,2,7040,-6.603398,1,0.75,Walking,True,-3.9,0,0
1789904339239,440,1092917,2,7040,-6.603398,1,0.75,Walking,True,-3.9,0,0
1789904339239,440,1092917,2,7040,-6.603398,1,0.75,Walking,True,-3.9,0,0
1789904339239,440,1092917,2,7040,-6.603398,1,0.75,Walking,True,-3.9,0,0
1789904339239,440,1092917,2,7040,-6.603398,1,0.75,Walking,True,-3.9,0,0
1789904339255,441,1094380,2,7056,-6.665798,1,0.75,Walking,True,-3.9,0,0
1789904339255,441,1094380,2,7056,-6.665798,1,0.75,Walking,True,-3.9,0,0
1789904339255,441,1094380,2,7056,-6.665798,1,0.75,Walking,True,-3.9,0,0
1789904339255,441,1094380,2,7056,-6.665798,1,0.75,Walking,True,-3.9,0,0
1789904339255,441,1094380,2,7056,-6.665798,1,0.75,Walking,True,-3.9,0,0
1789904339255,441,1094380,2,7056,-6.665798,1,0.75,Walking,True,-3.9,0,0
1789904339255,441,1094380,2,7056,-6.665798,1,0.75,Walking,True,-3.9,0,0
1789904339255,441,1094380,2,7056,-6.665798,1,0.75,Walking,True,-3.9,0,0
1789904339271,442,1095893,2,7072,-6.728198,1,0.75,Walking,True,-3.9,0,0
1789904339271,442,1095893,2,7072,-6.728198,1,0.75,Walking,True,-3.9,0,0
1789904339271,442,1095893,2,7072,-6.728198,1,0.75,Walking,True,-3.9,0,0
1789904339271,442,1095893,2,7072,-6.728198,1,0.75,Walking,True,-3.9,0,0
1789904339271,442,1095893,2,7072,-6.728198,1,0.75,Walking,True,-3.9,0,0
1789904339271,442,1095893,2,7072,-6.728198,1,0.75,Walking,True,-3.9,0,0
1789904339271,442,1095893,2,7072,-6.728198,1,0.75,Walking,True,-3.9,0,0
1789904339271,442,1095893,2,7072,-6.728198,1,0.75,Walking,True,-3.9,0,0
1789904339286,443,1097427,2,7088,-6.790598,1,0.75,Walking,True,-3.9,0,0
1789904339286,443,1097427,2,7088,-6.790598,1,0.75,Walking,True,-3.9,0,0
1789904339286,443,1097427,2,7088,-6.790598,1,0.75,Walking,True,-3.9,0,0
1789904339286,443,1097427,2,7088,-6.790598,1,0.75,Walking,True,-3.9,0,0
1789904339286,443,1097427,2,7088,-6.790598,1,0.75,Walking,True,-3.9,0,0
1789904339286,443,1097427,2,7088,-6.790598,1,0.75,Walking,True,-3.9,0,0
1789904339286,443,1097427,2,7088,-6.790598,1,0.75,Walking,True,-3.9,0,0
1789904339286,443,1097427,2,7088,-6.790598,1,0.75,Walking,True,-3.9,0,0
1789904339302,444,1098860,2,7104,-6.852998,1,0.75,Walking,True,-3.9,0,0
1789904339302,444,1098860,2,7104,-6.852998,1,0.75,Walking,True,-3.9,0,0
1789904339302,444,1098860,2,7104,-6.852998,1,0.75,Walking,True,-3.9,0,0
1789904339302,444,1098860,2,7104,-6.852998,1,0.75,Walking,True,-3.9,0,0
1789904339302,444,1098860,2,7104,-6.852998,1,0.75,Walking,True,-3.9,0,0
1789904339302,444,1098860,2,7104,-6.852998,1,0.75,Walking,True,-3.9,0,0
1789904339302,444,1098860,2,7104,-6.852998,1,0.75,Walking,True,-3.9,0,0
1789904339302,444,1098860,2,7104,-6.852998,1,0.75,Walking,True,-3.9,0,0
1789904339318,445,1100648,2,7120,-6.915398,1,0.75,Walking,True,-3.9,0,0
1789904339318,445,1100648,2,7120,-6.915398,1,0.75,Walking,True,-3.9,0,0
1789904339318,445,1100648,2,7120,-6.915398,1,0.75,Walking,True,-3.9,0,0
1789904339318,445,1100648,2,7120,-6.915398,1,0.75,Walking,True,-3.9,0,0
1789904339318,445,1100648,2,7120,-6.915398,1,0.75,Walking,True,-3.9,0,0
1789904339318,445,1100648,2,7120,-6.915398,1,0.75,Walking,True,-3.9,0,0
1789904339318,445,1100648,2,7120,-6.915398,1,0.75,Walking,True,-3.9,0,0
1789904339318,445,1100648,2,7120,-6.915398,1,0.75,Walking,True,-3.9,0,0
1789904339333,446,1102436,2,7136,-6.977798,1,0.75,Walking,True,-3.9,0,0
1789904339333,446,1102436,2,7136,-6.977798,1,0.75,Walking,True,-3.9,0,0
1789904339333,446,1102436,2,7136,-6.977798,1,0.75,Walking,True,-3.9,0,0
1789904339333,446,1102436,2,7136,-6.977798,1,0.75,Walking,True,-3.9,0,0
1789904339333,446,1102436,2,7136,-6.977798,1,0.75,Walking,True,-3.9,0,0
1789904339333,446,1102436,2,7136,-6.977798,1,0.75,Walking,True,-3.9,0,0
1789904339333,446,1102436,2,7136,-6.977798,1,0.75,Walking,True,-3.9,0,0
1789904339333,446,1102436,2,7136,-6.977798,1,0.75,Walking,True,-3.9,0,0
1789904339348,447,1104172,2,7152,-7.040197,1,0.75,Walking,True,-3.9,0,0
1789904339348,447,1104172,2,7152,-7.040197,1,0.75,Walking,True,-3.9,0,0
1789904339348,447,1104172,2,7152,-7.040197,1,0.75,Walking,True,-3.9,0,0
1789904339348,447,1104172,2,7152,-7.040197,1,0.75,Walking,True,-3.9,0,0
1789904339348,447,1104172,2,7152,-7.040197,1,0.75,Walking,True,-3.9,0,0
1789904339348,447,1104172,2,7152,-7.040197,1,0.75,Walking,True,-3.9,0,0
1789904339348,447,1104172,2,7152,-7.040197,1,0.75,Walking,True,-3.9,0,0
1789904339348,447,1104172,2,7152,-7.040197,1,0.75,Walking,True,-3.9,0,0
1789904339364,448,1105958,2,7168,-7.102597,1,0.75,Walking,True,-3.9,0,0
1789904339364,448,1105958,2,7168,-7.102597,1,0.75,Walking,True,-3.9,0,0
1789904339364,448,1105958,2,7168,-7.102597,1,0.75,Walking,True,-3.9,0,0
1789904339364,448,1105958,2,7168,-7.102597,1,0.75,Walking,True,-3.9,0,0
1789904339364,448,1105958,2,7168,-7.102597,1,0.75,Walking,True,-3.9,0,0
1789904339364,448,1105958,2,7168,-7.102597,1,0.75,Walking,True,-3.9,0,0
1789904339364,448,1105958,2,7168,-7.102597,1,0.75,Walking,True,-3.9,0,0
1789904339364,448,1105958,2,7168,-7.102597,1,0.75,Walking,True,-3.9,0,0
1789904339380,449,1107699,2,7184,-7.164997,1,0.75,Walking,True,-3.9,0,0
1789904339380,449,1107699,2,7184,-7.164997,1,0.75,Walking,True,-3.9,0,0
1789904339380,449,1107699,2,7184,-7.164997,1,0.75,Walking,True,-3.9,0,0
1789904339380,449,1107699,2,7184,-7.164997,1,0.75,Walking,True,-3.9,0,0
1789904339380,449,1107699,2,7184,-7.164997,1,0.75,Walking,True,-3.9,0,0
1789904339380,449,1107699,2,7184,-7.164997,1,0.75,Walking,True,-3.9,0,0
1789904339380,449,1107699,2,7184,-7.164997,1,0.75,Walking,True,-3.9,0,0
1789904339380,449,1107699,2,7184,-7.164997,1,0.75,Walking,True,-3.9,0,0

## 客户端 B（本端 uid=302，对手 uid=301）
note: ap=ok sp=ok
note: resync 1→2 旧流帧=26 对照帧=56 边界=393→449
apTicksAccepted=393 apTicksRejected=0
apResyncApplied=1 apStreamVersion=2 apUnacked=0 apSnapshotApplied=391 spInterpAuthorityAccepted=3540
apDescribe: PMR4MovementDriver role=AutonomousProxy epoch=1 instance=2 stream=2 pending=393 confirmed=393 unacked=0 journalPending=0 journalSeq=0 journalFailed=False frozen=False
apCounters: snapshotQueued=3553 snapshotApplied=391 snapshotDecodeFailed=0 snapshotRejectedIdentity=0 snapshotRejectedStreamNewer=8 snapshotRejectedWorldVersion=0 snapshotQueueDrops=0 snapshotPublished=0 snapshotStreamRebinds=0 snapshotRebindRejectedRegressing=0 snapshotRebindRejectedFrozen=0 rebindFallbacks=0 inputPayloadsSent=393 inputEntriesSent=787 unackedRetired=393 ticks=393 ticksRejected=0 placeholders=0 eventPayloadsReceived=2 eventBatchesAccepted=2 eventBatchesRejected=0 eventDecodeFailed=0 journalFailed=False journalSeqGaps=0 journalDuplicateEvents=0 journalDispatched=3 journalLateDispatches=0 journalOverflows=0 resyncRequestsSent=0 resyncPayloadsReceived=1 resyncApplied=1 resyncRejectedRegressing=0 resyncRejectedOldStream=0 resyncInlineRejected=0 frozen=False threadViolations=0
# owner 可靠事件（kind 1=ModeChanged, 2=Landed）
event kind=1 value=1 key=2105
event kind=1 value=0 key=2497
event kind=2 value=0 key=2498
# AP 侧收到的真实 DS 权威快照轨迹（wallMs,outputFrame,serverFrame,stream,totalMs,x,y,z,mode,grounded,velX,velY,velZ）
1789904328236,0,0,1,0,-3,1,0.75,Walking,True,0,0,0
1789904328266,1,7470,1,16,-2.99488,1,0.75,Walking,True,0.32,0,0
1789904328266,1,7470,1,16,-2.99488,1,0.75,Walking,True,0.32,0,0
1789904328266,1,7470,1,16,-2.99488,1,0.75,Walking,True,0.32,0,0
1789904328266,1,7470,1,16,-2.99488,1,0.75,Walking,True,0.32,0,0
1789904328266,1,7470,1,16,-2.99488,1,0.75,Walking,True,0.32,0,0
1789904328266,1,7470,1,16,-2.99488,1,0.75,Walking,True,0.32,0,0
1789904328266,1,7470,1,16,-2.99488,1,0.75,Walking,True,0.32,0,0
1789904328266,1,7470,1,16,-2.99488,1,0.75,Walking,True,0.32,0,0
1789904328283,2,8676,1,32,-2.98464,1,0.75,Walking,True,0.64,0,0
1789904328283,2,8676,1,32,-2.98464,1,0.75,Walking,True,0.64,0,0
1789904328283,2,8676,1,32,-2.98464,1,0.75,Walking,True,0.64,0,0
1789904328283,2,8676,1,32,-2.98464,1,0.75,Walking,True,0.64,0,0
1789904328283,2,8676,1,32,-2.98464,1,0.75,Walking,True,0.64,0,0
1789904328283,2,8676,1,32,-2.98464,1,0.75,Walking,True,0.64,0,0
1789904328283,2,8676,1,32,-2.98464,1,0.75,Walking,True,0.64,0,0
1789904328283,2,8676,1,32,-2.98464,1,0.75,Walking,True,0.64,0,0
1789904328297,3,10268,1,48,-2.96928,1,0.75,Walking,True,0.96,0,0
1789904328297,3,10268,1,48,-2.96928,1,0.75,Walking,True,0.96,0,0
1789904328297,3,10268,1,48,-2.96928,1,0.75,Walking,True,0.96,0,0
1789904328297,3,10268,1,48,-2.96928,1,0.75,Walking,True,0.96,0,0
1789904328297,3,10268,1,48,-2.96928,1,0.75,Walking,True,0.96,0,0
1789904328297,3,10268,1,48,-2.96928,1,0.75,Walking,True,0.96,0,0
1789904328297,3,10268,1,48,-2.96928,1,0.75,Walking,True,0.96,0,0
1789904328297,3,10268,1,48,-2.96928,1,0.75,Walking,True,0.96,0,0
1789904328312,4,11534,1,64,-2.9488,1,0.75,Walking,True,1.28,0,0
1789904328312,4,11534,1,64,-2.9488,1,0.75,Walking,True,1.28,0,0
1789904328312,4,11534,1,64,-2.9488,1,0.75,Walking,True,1.28,0,0
1789904328312,4,11534,1,64,-2.9488,1,0.75,Walking,True,1.28,0,0
1789904328312,4,11534,1,64,-2.9488,1,0.75,Walking,True,1.28,0,0
1789904328312,4,11534,1,64,-2.9488,1,0.75,Walking,True,1.28,0,0
1789904328312,4,11534,1,64,-2.9488,1,0.75,Walking,True,1.28,0,0
1789904328312,4,11534,1,64,-2.9488,1,0.75,Walking,True,1.28,0,0
1789904328328,5,13060,1,80,-2.9232,1,0.75,Walking,True,1.6,0,0
1789904328328,5,13060,1,80,-2.9232,1,0.75,Walking,True,1.6,0,0
1789904328328,5,13060,1,80,-2.9232,1,0.75,Walking,True,1.6,0,0
1789904328328,5,13060,1,80,-2.9232,1,0.75,Walking,True,1.6,0,0
1789904328328,5,13060,1,80,-2.9232,1,0.75,Walking,True,1.6,0,0
1789904328328,5,13060,1,80,-2.9232,1,0.75,Walking,True,1.6,0,0
1789904328328,5,13060,1,80,-2.9232,1,0.75,Walking,True,1.6,0,0
1789904328328,5,13060,1,80,-2.9232,1,0.75,Walking,True,1.6,0,0
1789904328344,6,14401,1,96,-2.89248,1,0.75,Walking,True,1.92,0,0
1789904328344,6,14401,1,96,-2.89248,1,0.75,Walking,True,1.92,0,0
1789904328344,6,14401,1,96,-2.89248,1,0.75,Walking,True,1.92,0,0
1789904328344,6,14401,1,96,-2.89248,1,0.75,Walking,True,1.92,0,0
1789904328344,6,14401,1,96,-2.89248,1,0.75,Walking,True,1.92,0,0
1789904328344,6,14401,1,96,-2.89248,1,0.75,Walking,True,1.92,0,0
1789904328344,6,14401,1,96,-2.89248,1,0.75,Walking,True,1.92,0,0
1789904328344,6,14401,1,96,-2.89248,1,0.75,Walking,True,1.92,0,0
1789904328359,7,15929,1,112,-2.85664,1,0.75,Walking,True,2.24,0,0
1789904328359,7,15929,1,112,-2.85664,1,0.75,Walking,True,2.24,0,0
1789904328359,7,15929,1,112,-2.85664,1,0.75,Walking,True,2.24,0,0
1789904328359,7,15929,1,112,-2.85664,1,0.75,Walking,True,2.24,0,0
1789904328360,7,15929,1,112,-2.85664,1,0.75,Walking,True,2.24,0,0
1789904328360,7,15929,1,112,-2.85664,1,0.75,Walking,True,2.24,0,0
1789904328360,7,15929,1,112,-2.85664,1,0.75,Walking,True,2.24,0,0
1789904328360,7,15929,1,112,-2.85664,1,0.75,Walking,True,2.24,0,0
1789904328374,8,17417,1,128,-2.81568,1,0.75,Walking,True,2.56,0,0
1789904328374,8,17417,1,128,-2.81568,1,0.75,Walking,True,2.56,0,0
1789904328374,8,17417,1,128,-2.81568,1,0.75,Walking,True,2.56,0,0
1789904328374,8,17417,1,128,-2.81568,1,0.75,Walking,True,2.56,0,0
1789904328374,8,17417,1,128,-2.81568,1,0.75,Walking,True,2.56,0,0
1789904328374,8,17417,1,128,-2.81568,1,0.75,Walking,True,2.56,0,0
1789904328374,8,17417,1,128,-2.81568,1,0.75,Walking,True,2.56,0,0
1789904328374,8,17417,1,128,-2.81568,1,0.75,Walking,True,2.56,0,0
1789904328389,9,18752,1,144,-2.7696,1,0.75,Walking,True,2.88,0,0
1789904328389,9,18752,1,144,-2.7696,1,0.75,Walking,True,2.88,0,0
1789904328389,9,18752,1,144,-2.7696,1,0.75,Walking,True,2.88,0,0
1789904328389,9,18752,1,144,-2.7696,1,0.75,Walking,True,2.88,0,0
1789904328389,9,18752,1,144,-2.7696,1,0.75,Walking,True,2.88,0,0
1789904328389,9,18752,1,144,-2.7696,1,0.75,Walking,True,2.88,0,0
1789904328389,9,18752,1,144,-2.7696,1,0.75,Walking,True,2.88,0,0
1789904328389,9,18752,1,144,-2.7696,1,0.75,Walking,True,2.88,0,0
1789904328404,10,20087,1,160,-2.7184,1,0.75,Walking,True,3.2,0,0
1789904328404,10,20087,1,160,-2.7184,1,0.75,Walking,True,3.2,0,0
1789904328404,10,20087,1,160,-2.7184,1,0.75,Walking,True,3.2,0,0
1789904328404,10,20087,1,160,-2.7184,1,0.75,Walking,True,3.2,0,0
1789904328404,10,20087,1,160,-2.7184,1,0.75,Walking,True,3.2,0,0
1789904328404,10,20087,1,160,-2.7184,1,0.75,Walking,True,3.2,0,0
1789904328404,10,20087,1,160,-2.7184,1,0.75,Walking,True,3.2,0,0
1789904328404,10,20087,1,160,-2.7184,1,0.75,Walking,True,3.2,0,0
1789904328419,11,21471,1,176,-2.66208,1,0.75,Walking,True,3.52,0,0
1789904328419,11,21471,1,176,-2.66208,1,0.75,Walking,True,3.52,0,0
1789904328419,11,21471,1,176,-2.66208,1,0.75,Walking,True,3.52,0,0
1789904328419,11,21471,1,176,-2.66208,1,0.75,Walking,True,3.52,0,0
1789904328419,11,21471,1,176,-2.66208,1,0.75,Walking,True,3.52,0,0
1789904328419,11,21471,1,176,-2.66208,1,0.75,Walking,True,3.52,0,0
1789904328419,11,21471,1,176,-2.66208,1,0.75,Walking,True,3.52,0,0
1789904328419,11,21471,1,176,-2.66208,1,0.75,Walking,True,3.52,0,0
1789904328435,12,22798,1,192,-2.60064,1,0.75,Walking,True,3.84,0,0
1789904328435,12,22798,1,192,-2.60064,1,0.75,Walking,True,3.84,0,0
1789904328435,12,22798,1,192,-2.60064,1,0.75,Walking,True,3.84,0,0
1789904328435,12,22798,1,192,-2.60064,1,0.75,Walking,True,3.84,0,0
1789904328435,12,22798,1,192,-2.60064,1,0.75,Walking,True,3.84,0,0
1789904328435,12,22798,1,192,-2.60064,1,0.75,Walking,True,3.84,0,0
1789904328435,12,22798,1,192,-2.60064,1,0.75,Walking,True,3.84,0,0
1789904328435,12,22798,1,192,-2.60064,1,0.75,Walking,True,3.84,0,0
1789904328451,13,24282,1,208,-2.53824,1,0.75,Walking,True,3.9,0,0
1789904328451,13,24282,1,208,-2.53824,1,0.75,Walking,True,3.9,0,0
1789904328451,13,24282,1,208,-2.53824,1,0.75,Walking,True,3.9,0,0
1789904328451,13,24282,1,208,-2.53824,1,0.75,Walking,True,3.9,0,0
1789904328451,13,24282,1,208,-2.53824,1,0.75,Walking,True,3.9,0,0
1789904328451,13,24282,1,208,-2.53824,1,0.75,Walking,True,3.9,0,0
1789904328451,13,24282,1,208,-2.53824,1,0.75,Walking,True,3.9,0,0
1789904328451,13,24282,1,208,-2.53824,1,0.75,Walking,True,3.9,0,0
1789904328467,14,25702,1,224,-2.47584,1,0.75,Walking,True,3.9,0,0
1789904328467,14,25702,1,224,-2.47584,1,0.75,Walking,True,3.9,0,0
1789904328467,14,25702,1,224,-2.47584,1,0.75,Walking,True,3.9,0,0
1789904328467,14,25702,1,224,-2.47584,1,0.75,Walking,True,3.9,0,0
1789904328467,14,25702,1,224,-2.47584,1,0.75,Walking,True,3.9,0,0
1789904328467,14,25702,1,224,-2.47584,1,0.75,Walking,True,3.9,0,0
1789904328467,14,25702,1,224,-2.47584,1,0.75,Walking,True,3.9,0,0
1789904328467,14,25702,1,224,-2.47584,1,0.75,Walking,True,3.9,0,0
1789904328483,15,27189,1,240,-2.41344,1,0.75,Walking,True,3.9,0,0
1789904328483,15,27189,1,240,-2.41344,1,0.75,Walking,True,3.9,0,0
1789904328483,15,27189,1,240,-2.41344,1,0.75,Walking,True,3.9,0,0
1789904328483,15,27189,1,240,-2.41344,1,0.75,Walking,True,3.9,0,0
1789904328483,15,27189,1,240,-2.41344,1,0.75,Walking,True,3.9,0,0
1789904328483,15,27189,1,240,-2.41344,1,0.75,Walking,True,3.9,0,0
1789904328483,15,27189,1,240,-2.41344,1,0.75,Walking,True,3.9,0,0
1789904328483,15,27189,1,240,-2.41344,1,0.75,Walking,True,3.9,0,0
1789904328497,16,28588,1,256,-2.351039,1,0.75,Walking,True,3.9,0,0
1789904328497,16,28588,1,256,-2.351039,1,0.75,Walking,True,3.9,0,0
1789904328498,16,28588,1,256,-2.351039,1,0.75,Walking,True,3.9,0,0
1789904328498,16,28588,1,256,-2.351039,1,0.75,Walking,True,3.9,0,0
1789904328498,16,28588,1,256,-2.351039,1,0.75,Walking,True,3.9,0,0
1789904328498,16,28588,1,256,-2.351039,1,0.75,Walking,True,3.9,0,0
1789904328498,16,28588,1,256,-2.351039,1,0.75,Walking,True,3.9,0,0
1789904328498,16,28588,1,256,-2.351039,1,0.75,Walking,True,3.9,0,0
1789904328514,17,29783,1,272,-2.288639,1,0.75,Walking,True,3.9,0,0
1789904328514,17,29783,1,272,-2.288639,1,0.75,Walking,True,3.9,0,0
1789904328514,17,29783,1,272,-2.288639,1,0.75,Walking,True,3.9,0,0
1789904328514,17,29783,1,272,-2.288639,1,0.75,Walking,True,3.9,0,0
1789904328514,17,29783,1,272,-2.288639,1,0.75,Walking,True,3.9,0,0
1789904328514,17,29783,1,272,-2.288639,1,0.75,Walking,True,3.9,0,0
1789904328514,17,29783,1,272,-2.288639,1,0.75,Walking,True,3.9,0,0
1789904328514,17,29783,1,272,-2.288639,1,0.75,Walking,True,3.9,0,0
1789904328530,18,31172,1,288,-2.226239,1,0.75,Walking,True,3.9,0,0
1789904328530,18,31172,1,288,-2.226239,1,0.75,Walking,True,3.9,0,0
1789904328530,18,31172,1,288,-2.226239,1,0.75,Walking,True,3.9,0,0
1789904328530,18,31172,1,288,-2.226239,1,0.75,Walking,True,3.9,0,0
1789904328530,18,31172,1,288,-2.226239,1,0.75,Walking,True,3.9,0,0
1789904328530,18,31172,1,288,-2.226239,1,0.75,Walking,True,3.9,0,0
1789904328530,18,31172,1,288,-2.226239,1,0.75,Walking,True,3.9,0,0
1789904328530,18,31172,1,288,-2.226239,1,0.75,Walking,True,3.9,0,0
1789904328545,19,32657,1,304,-2.163839,1,0.75,Walking,True,3.9,0,0
1789904328545,19,32657,1,304,-2.163839,1,0.75,Walking,True,3.9,0,0
1789904328545,19,32657,1,304,-2.163839,1,0.75,Walking,True,3.9,0,0
1789904328546,19,32657,1,304,-2.163839,1,0.75,Walking,True,3.9,0,0
1789904328546,19,32657,1,304,-2.163839,1,0.75,Walking,True,3.9,0,0
1789904328546,19,32657,1,304,-2.163839,1,0.75,Walking,True,3.9,0,0
1789904328546,19,32657,1,304,-2.163839,1,0.75,Walking,True,3.9,0,0
1789904328546,19,32657,1,304,-2.163839,1,0.75,Walking,True,3.9,0,0
1789904328561,20,34082,1,320,-2.101439,1,0.75,Walking,True,3.9,0,0
1789904328561,20,34082,1,320,-2.101439,1,0.75,Walking,True,3.9,0,0
1789904328561,20,34082,1,320,-2.101439,1,0.75,Walking,True,3.9,0,0
1789904328561,20,34082,1,320,-2.101439,1,0.75,Walking,True,3.9,0,0
1789904328561,20,34082,1,320,-2.101439,1,0.75,Walking,True,3.9,0,0
1789904328561,20,34082,1,320,-2.101439,1,0.75,Walking,True,3.9,0,0
1789904328561,20,34082,1,320,-2.101439,1,0.75,Walking,True,3.9,0,0
1789904328561,20,34082,1,320,-2.101439,1,0.75,Walking,True,3.9,0,0
1789904328577,21,35345,1,336,-2.039039,1,0.75,Walking,True,3.9,0,0
1789904328577,21,35345,1,336,-2.039039,1,0.75,Walking,True,3.9,0,0
1789904328577,21,35345,1,336,-2.039039,1,0.75,Walking,True,3.9,0,0
1789904328577,21,35345,1,336,-2.039039,1,0.75,Walking,True,3.9,0,0
1789904328577,21,35345,1,336,-2.039039,1,0.75,Walking,True,3.9,0,0
1789904328577,21,35345,1,336,-2.039039,1,0.75,Walking,True,3.9,0,0
1789904328577,21,35345,1,336,-2.039039,1,0.75,Walking,True,3.9,0,0
1789904328577,21,35345,1,336,-2.039039,1,0.75,Walking,True,3.9,0,0
1789904328592,22,36718,1,352,-1.976639,1,0.75,Walking,True,3.9,0,0
1789904328592,22,36718,1,352,-1.976639,1,0.75,Walking,True,3.9,0,0
1789904328592,22,36718,1,352,-1.976639,1,0.75,Walking,True,3.9,0,0
1789904328592,22,36718,1,352,-1.976639,1,0.75,Walking,True,3.9,0,0
1789904328592,22,36718,1,352,-1.976639,1,0.75,Walking,True,3.9,0,0
1789904328592,22,36718,1,352,-1.976639,1,0.75,Walking,True,3.9,0,0
1789904328592,22,36718,1,352,-1.976639,1,0.75,Walking,True,3.9,0,0
1789904328592,22,36718,1,352,-1.976639,1,0.75,Walking,True,3.9,0,0
1789904328608,23,38037,1,368,-1.914239,1,0.75,Walking,True,3.9,0,0
1789904328608,23,38037,1,368,-1.914239,1,0.75,Walking,True,3.9,0,0
1789904328608,23,38037,1,368,-1.914239,1,0.75,Walking,True,3.9,0,0
1789904328608,23,38037,1,368,-1.914239,1,0.75,Walking,True,3.9,0,0
1789904328608,23,38037,1,368,-1.914239,1,0.75,Walking,True,3.9,0,0
1789904328608,23,38037,1,368,-1.914239,1,0.75,Walking,True,3.9,0,0
1789904328608,23,38037,1,368,-1.914239,1,0.75,Walking,True,3.9,0,0
1789904328608,23,38037,1,368,-1.914239,1,0.75,Walking,True,3.9,0,0
1789904328623,24,39418,1,384,-1.851839,1,0.75,Walking,True,3.9,0,0
1789904328623,24,39418,1,384,-1.851839,1,0.75,Walking,True,3.9,0,0
1789904328623,24,39418,1,384,-1.851839,1,0.75,Walking,True,3.9,0,0
1789904328623,24,39418,1,384,-1.851839,1,0.75,Walking,True,3.9,0,0
1789904328623,24,39418,1,384,-1.851839,1,0.75,Walking,True,3.9,0,0
1789904328623,24,39418,1,384,-1.851839,1,0.75,Walking,True,3.9,0,0
1789904328623,24,39418,1,384,-1.851839,1,0.75,Walking,True,3.9,0,0
1789904328623,24,39418,1,384,-1.851839,1,0.75,Walking,True,3.9,0,0
1789904328639,25,40819,1,400,-1.789439,1,0.75,Walking,True,3.9,0,0
1789904328639,25,40819,1,400,-1.789439,1,0.75,Walking,True,3.9,0,0
1789904328639,25,40819,1,400,-1.789439,1,0.75,Walking,True,3.9,0,0
1789904328639,25,40819,1,400,-1.789439,1,0.75,Walking,True,3.9,0,0
1789904328639,25,40819,1,400,-1.789439,1,0.75,Walking,True,3.9,0,0
1789904328639,25,40819,1,400,-1.789439,1,0.75,Walking,True,3.9,0,0
1789904328639,25,40819,1,400,-1.789439,1,0.75,Walking,True,3.9,0,0
1789904328639,25,40819,1,400,-1.789439,1,0.75,Walking,True,3.9,0,0
1789904328655,26,42287,1,416,-1.727039,1,0.75,Walking,True,3.9,0,0
1789904328655,26,42287,1,416,-1.727039,1,0.75,Walking,True,3.9,0,0
1789904328655,26,42287,1,416,-1.727039,1,0.75,Walking,True,3.9,0,0
1789904328655,26,42287,1,416,-1.727039,1,0.75,Walking,True,3.9,0,0
1789904328655,26,42287,1,416,-1.727039,1,0.75,Walking,True,3.9,0,0
1789904328655,26,42287,1,416,-1.727039,1,0.75,Walking,True,3.9,0,0
1789904328655,26,42287,1,416,-1.727039,1,0.75,Walking,True,3.9,0,0
1789904328655,26,42287,1,416,-1.727039,1,0.75,Walking,True,3.9,0,0
1789904328685,27,43688,1,432,-1.664639,1,0.75,Walking,True,3.9,0,0
1789904328685,27,43688,1,432,-1.664639,1,0.75,Walking,True,3.9,0,0
1789904328685,27,43688,1,432,-1.664639,1,0.75,Walking,True,3.9,0,0
1789904328685,27,43688,1,432,-1.664639,1,0.75,Walking,True,3.9,0,0
1789904328685,27,43688,1,432,-1.664639,1,0.75,Walking,True,3.9,0,0
1789904328685,27,43688,1,432,-1.664639,1,0.75,Walking,True,3.9,0,0
1789904328685,27,43688,1,432,-1.664639,1,0.75,Walking,True,3.9,0,0
1789904328685,27,43688,1,432,-1.664639,1,0.75,Walking,True,3.9,0,0
1789904328701,28,46610,1,448,-1.602239,1,0.75,Walking,True,3.9,0,0
1789904328701,28,46610,1,448,-1.602239,1,0.75,Walking,True,3.9,0,0
1789904328701,28,46610,1,448,-1.602239,1,0.75,Walking,True,3.9,0,0
1789904328701,28,46610,1,448,-1.602239,1,0.75,Walking,True,3.9,0,0
1789904328701,28,46610,1,448,-1.602239,1,0.75,Walking,True,3.9,0,0
1789904328701,28,46610,1,448,-1.602239,1,0.75,Walking,True,3.9,0,0
1789904328701,28,46610,1,448,-1.602239,1,0.75,Walking,True,3.9,0,0
1789904328701,28,46610,1,448,-1.602239,1,0.75,Walking,True,3.9,0,0
1789904328716,29,48020,1,464,-1.539839,1,0.75,Walking,True,3.9,0,0
1789904328716,29,48020,1,464,-1.539839,1,0.75,Walking,True,3.9,0,0
1789904328716,29,48020,1,464,-1.539839,1,0.75,Walking,True,3.9,0,0
1789904328716,29,48020,1,464,-1.539839,1,0.75,Walking,True,3.9,0,0
1789904328716,29,48020,1,464,-1.539839,1,0.75,Walking,True,3.9,0,0
1789904328716,29,48020,1,464,-1.539839,1,0.75,Walking,True,3.9,0,0
1789904328716,29,48020,1,464,-1.539839,1,0.75,Walking,True,3.9,0,0
1789904328716,29,48020,1,464,-1.539839,1,0.75,Walking,True,3.9,0,0
1789904328732,30,49374,1,480,-1.477439,1,0.75,Walking,True,3.9,0,0
1789904328732,30,49374,1,480,-1.477439,1,0.75,Walking,True,3.9,0,0
1789904328732,30,49374,1,480,-1.477439,1,0.75,Walking,True,3.9,0,0
1789904328732,30,49374,1,480,-1.477439,1,0.75,Walking,True,3.9,0,0
1789904328732,30,49374,1,480,-1.477439,1,0.75,Walking,True,3.9,0,0
1789904328732,30,49374,1,480,-1.477439,1,0.75,Walking,True,3.9,0,0
1789904328732,30,49374,1,480,-1.477439,1,0.75,Walking,True,3.9,0,0
1789904328732,30,49374,1,480,-1.477439,1,0.75,Walking,True,3.9,0,0
1789904328748,31,50785,1,496,-1.415039,1,0.75,Walking,True,3.9,0,0
1789904328748,31,50785,1,496,-1.415039,1,0.75,Walking,True,3.9,0,0
1789904328748,31,50785,1,496,-1.415039,1,0.75,Walking,True,3.9,0,0
1789904328748,31,50785,1,496,-1.415039,1,0.75,Walking,True,3.9,0,0
1789904328748,31,50785,1,496,-1.415039,1,0.75,Walking,True,3.9,0,0
1789904328748,31,50785,1,496,-1.415039,1,0.75,Walking,True,3.9,0,0
1789904328748,31,50785,1,496,-1.415039,1,0.75,Walking,True,3.9,0,0
1789904328748,31,50785,1,496,-1.415039,1,0.75,Walking,True,3.9,0,0
1789904328763,32,51839,1,512,-1.352639,1,0.75,Walking,True,3.9,0,0
1789904328763,32,51839,1,512,-1.352639,1,0.75,Walking,True,3.9,0,0
1789904328763,32,51839,1,512,-1.352639,1,0.75,Walking,True,3.9,0,0
1789904328763,32,51839,1,512,-1.352639,1,0.75,Walking,True,3.9,0,0
1789904328763,32,51839,1,512,-1.352639,1,0.75,Walking,True,3.9,0,0
1789904328763,32,51839,1,512,-1.352639,1,0.75,Walking,True,3.9,0,0
1789904328763,32,51839,1,512,-1.352639,1,0.75,Walking,True,3.9,0,0
1789904328763,32,51839,1,512,-1.352639,1,0.75,Walking,True,3.9,0,0
1789904328779,33,53139,1,528,-1.290239,1,0.75,Walking,True,3.9,0,0
1789904328779,33,53139,1,528,-1.290239,1,0.75,Walking,True,3.9,0,0
1789904328779,33,53139,1,528,-1.290239,1,0.75,Walking,True,3.9,0,0
1789904328779,33,53139,1,528,-1.290239,1,0.75,Walking,True,3.9,0,0
1789904328779,33,53139,1,528,-1.290239,1,0.75,Walking,True,3.9,0,0
1789904328779,33,53139,1,528,-1.290239,1,0.75,Walking,True,3.9,0,0
1789904328779,33,53139,1,528,-1.290239,1,0.75,Walking,True,3.9,0,0
1789904328779,33,53139,1,528,-1.290239,1,0.75,Walking,True,3.9,0,0
1789904328794,34,54494,1,544,-1.227839,1,0.75,Walking,True,3.9,0,0
1789904328794,34,54494,1,544,-1.227839,1,0.75,Walking,True,3.9,0,0
1789904328794,34,54494,1,544,-1.227839,1,0.75,Walking,True,3.9,0,0
1789904328794,34,54494,1,544,-1.227839,1,0.75,Walking,True,3.9,0,0
1789904328794,34,54494,1,544,-1.227839,1,0.75,Walking,True,3.9,0,0
1789904328794,34,54494,1,544,-1.227839,1,0.75,Walking,True,3.9,0,0
1789904328794,34,54494,1,544,-1.227839,1,0.75,Walking,True,3.9,0,0
1789904328794,34,54494,1,544,-1.227839,1,0.75,Walking,True,3.9,0,0
1789904328809,35,55822,1,560,-1.165439,1,0.75,Walking,True,3.9,0,0
1789904328809,35,55822,1,560,-1.165439,1,0.75,Walking,True,3.9,0,0
1789904328809,35,55822,1,560,-1.165439,1,0.75,Walking,True,3.9,0,0
1789904328809,35,55822,1,560,-1.165439,1,0.75,Walking,True,3.9,0,0
1789904328809,35,55822,1,560,-1.165439,1,0.75,Walking,True,3.9,0,0
1789904328809,35,55822,1,560,-1.165439,1,0.75,Walking,True,3.9,0,0
1789904328809,35,55822,1,560,-1.165439,1,0.75,Walking,True,3.9,0,0
1789904328809,35,55822,1,560,-1.165439,1,0.75,Walking,True,3.9,0,0
1789904328825,36,57191,1,576,-1.103039,1,0.75,Walking,True,3.9,0,0
1789904328825,36,57191,1,576,-1.103039,1,0.75,Walking,True,3.9,0,0
1789904328825,36,57191,1,576,-1.103039,1,0.75,Walking,True,3.9,0,0
1789904328825,36,57191,1,576,-1.103039,1,0.75,Walking,True,3.9,0,0
1789904328825,36,57191,1,576,-1.103039,1,0.75,Walking,True,3.9,0,0
1789904328825,36,57191,1,576,-1.103039,1,0.75,Walking,True,3.9,0,0
1789904328825,36,57191,1,576,-1.103039,1,0.75,Walking,True,3.9,0,0
1789904328825,36,57191,1,576,-1.103039,1,0.75,Walking,True,3.9,0,0
1789904328841,37,58675,1,592,-1.040639,1,0.75,Walking,True,3.9,0,0
1789904328841,37,58675,1,592,-1.040639,1,0.75,Walking,True,3.9,0,0
1789904328841,37,58675,1,592,-1.040639,1,0.75,Walking,True,3.9,0,0
1789904328841,37,58675,1,592,-1.040639,1,0.75,Walking,True,3.9,0,0
1789904328841,37,58675,1,592,-1.040639,1,0.75,Walking,True,3.9,0,0
1789904328841,37,58675,1,592,-1.040639,1,0.75,Walking,True,3.9,0,0
1789904328841,37,58675,1,592,-1.040639,1,0.75,Walking,True,3.9,0,0
1789904328841,37,58675,1,592,-1.040639,1,0.75,Walking,True,3.9,0,0
1789904328856,38,60087,1,608,-0.978239,1,0.75,Walking,True,3.9,0,0
1789904328856,38,60087,1,608,-0.978239,1,0.75,Walking,True,3.9,0,0
1789904328856,38,60087,1,608,-0.978239,1,0.75,Walking,True,3.9,0,0
1789904328856,38,60087,1,608,-0.978239,1,0.75,Walking,True,3.9,0,0
1789904328856,38,60087,1,608,-0.978239,1,0.75,Walking,True,3.9,0,0
1789904328856,38,60087,1,608,-0.978239,1,0.75,Walking,True,3.9,0,0
1789904328856,38,60087,1,608,-0.978239,1,0.75,Walking,True,3.9,0,0
1789904328856,38,60087,1,608,-0.978239,1,0.75,Walking,True,3.9,0,0
1789904328872,39,61468,1,624,-0.915839,1,0.75,Walking,True,3.9,0,0
1789904328872,39,61468,1,624,-0.915839,1,0.75,Walking,True,3.9,0,0
1789904328872,39,61468,1,624,-0.915839,1,0.75,Walking,True,3.9,0,0
1789904328872,39,61468,1,624,-0.915839,1,0.75,Walking,True,3.9,0,0
1789904328872,39,61468,1,624,-0.915839,1,0.75,Walking,True,3.9,0,0
1789904328872,39,61468,1,624,-0.915839,1,0.75,Walking,True,3.9,0,0
1789904328872,39,61468,1,624,-0.915839,1,0.75,Walking,True,3.9,0,0
1789904328872,39,61468,1,624,-0.915839,1,0.75,Walking,True,3.9,0,0
1789904328887,40,62969,1,640,-0.901,1,0.75,Walking,True,3.9,0,0
1789904328887,40,62969,1,640,-0.901,1,0.75,Walking,True,3.9,0,0
1789904328887,40,62969,1,640,-0.901,1,0.75,Walking,True,3.9,0,0
1789904328887,40,62969,1,640,-0.901,1,0.75,Walking,True,3.9,0,0
1789904328887,40,62969,1,640,-0.901,1,0.75,Walking,True,3.9,0,0
1789904328887,40,62969,1,640,-0.901,1,0.75,Walking,True,3.9,0,0
1789904328887,40,62969,1,640,-0.901,1,0.75,Walking,True,3.9,0,0
1789904328887,40,62969,1,640,-0.901,1,0.75,Walking,True,3.9,0,0
1789904328903,41,64343,1,656,-0.901,1,0.75,Walking,True,3.9,0,0
1789904328903,41,64343,1,656,-0.901,1,0.75,Walking,True,3.9,0,0
1789904328903,41,64343,1,656,-0.901,1,0.75,Walking,True,3.9,0,0
1789904328903,41,64343,1,656,-0.901,1,0.75,Walking,True,3.9,0,0
1789904328903,41,64343,1,656,-0.901,1,0.75,Walking,True,3.9,0,0
1789904328903,41,64343,1,656,-0.901,1,0.75,Walking,True,3.9,0,0
1789904328903,41,64343,1,656,-0.901,1,0.75,Walking,True,3.9,0,0
1789904328903,41,64343,1,656,-0.901,1,0.75,Walking,True,3.9,0,0
1789904328918,42,65799,1,672,-0.901,1,0.75,Walking,True,3.9,0,0
1789904328918,42,65799,1,672,-0.901,1,0.75,Walking,True,3.9,0,0
1789904328918,42,65799,1,672,-0.901,1,0.75,Walking,True,3.9,0,0
1789904328918,42,65799,1,672,-0.901,1,0.75,Walking,True,3.9,0,0
1789904328918,42,65799,1,672,-0.901,1,0.75,Walking,True,3.9,0,0
1789904328918,42,65799,1,672,-0.901,1,0.75,Walking,True,3.9,0,0
1789904328918,42,65799,1,672,-0.901,1,0.75,Walking,True,3.9,0,0
1789904328918,42,65799,1,672,-0.901,1,0.75,Walking,True,3.9,0,0
1789904328934,43,67307,1,688,-0.901,1,0.75,Walking,True,3.9,0,0
1789904328934,43,67307,1,688,-0.901,1,0.75,Walking,True,3.9,0,0
1789904328934,43,67307,1,688,-0.901,1,0.75,Walking,True,3.9,0,0
1789904328934,43,67307,1,688,-0.901,1,0.75,Walking,True,3.9,0,0
1789904328934,43,67307,1,688,-0.901,1,0.75,Walking,True,3.9,0,0
1789904328934,43,67307,1,688,-0.901,1,0.75,Walking,True,3.9,0,0
1789904328934,43,67307,1,688,-0.901,1,0.75,Walking,True,3.9,0,0
1789904328934,43,67307,1,688,-0.901,1,0.75,Walking,True,3.9,0,0
1789904328950,44,68793,1,704,-0.901,1,0.75,Walking,True,3.9,0,0
1789904328950,44,68793,1,704,-0.901,1,0.75,Walking,True,3.9,0,0
1789904328950,44,68793,1,704,-0.901,1,0.75,Walking,True,3.9,0,0
1789904328950,44,68793,1,704,-0.901,1,0.75,Walking,True,3.9,0,0
1789904328950,44,68793,1,704,-0.901,1,0.75,Walking,True,3.9,0,0
1789904328950,44,68793,1,704,-0.901,1,0.75,Walking,True,3.9,0,0
1789904328950,44,68793,1,704,-0.901,1,0.75,Walking,True,3.9,0,0
1789904328950,44,68793,1,704,-0.901,1,0.75,Walking,True,3.9,0,0
1789904328965,45,70232,1,720,-0.901,1,0.75,Walking,True,3.9,0,0
1789904328965,45,70232,1,720,-0.901,1,0.75,Walking,True,3.9,0,0
1789904328965,45,70232,1,720,-0.901,1,0.75,Walking,True,3.9,0,0
1789904328965,45,70232,1,720,-0.901,1,0.75,Walking,True,3.9,0,0
1789904328965,45,70232,1,720,-0.901,1,0.75,Walking,True,3.9,0,0
1789904328965,45,70232,1,720,-0.901,1,0.75,Walking,True,3.9,0,0
1789904328965,45,70232,1,720,-0.901,1,0.75,Walking,True,3.9,0,0
1789904328965,45,70232,1,720,-0.901,1,0.75,Walking,True,3.9,0,0
1789904328981,46,71610,1,736,-0.901,1,0.75,Walking,True,3.9,0,0
1789904328981,46,71610,1,736,-0.901,1,0.75,Walking,True,3.9,0,0
1789904328981,46,71610,1,736,-0.901,1,0.75,Walking,True,3.9,0,0
1789904328981,46,71610,1,736,-0.901,1,0.75,Walking,True,3.9,0,0
1789904328981,46,71610,1,736,-0.901,1,0.75,Walking,True,3.9,0,0
1789904328981,46,71610,1,736,-0.901,1,0.75,Walking,True,3.9,0,0
1789904328981,46,71610,1,736,-0.901,1,0.75,Walking,True,3.9,0,0
1789904328981,46,71610,1,736,-0.901,1,0.75,Walking,True,3.9,0,0
1789904328996,47,73069,1,752,-0.901,1,0.75,Walking,True,3.9,0,0
1789904328996,47,73069,1,752,-0.901,1,0.75,Walking,True,3.9,0,0
1789904328996,47,73069,1,752,-0.901,1,0.75,Walking,True,3.9,0,0
1789904328996,47,73069,1,752,-0.901,1,0.75,Walking,True,3.9,0,0
1789904328996,47,73069,1,752,-0.901,1,0.75,Walking,True,3.9,0,0
1789904328996,47,73069,1,752,-0.901,1,0.75,Walking,True,3.9,0,0
1789904328996,47,73069,1,752,-0.901,1,0.75,Walking,True,3.9,0,0
1789904328996,47,73069,1,752,-0.901,1,0.75,Walking,True,3.9,0,0
1789904329012,48,74515,1,768,-0.901,1,0.75,Walking,True,3.9,0,0
1789904329012,48,74515,1,768,-0.901,1,0.75,Walking,True,3.9,0,0
1789904329012,48,74515,1,768,-0.901,1,0.75,Walking,True,3.9,0,0
1789904329012,48,74515,1,768,-0.901,1,0.75,Walking,True,3.9,0,0
1789904329012,48,74515,1,768,-0.901,1,0.75,Walking,True,3.9,0,0
1789904329012,48,74515,1,768,-0.901,1,0.75,Walking,True,3.9,0,0
1789904329012,48,74515,1,768,-0.901,1,0.75,Walking,True,3.9,0,0
1789904329012,48,74515,1,768,-0.901,1,0.75,Walking,True,3.9,0,0
1789904329028,49,75942,1,784,-0.901,1,0.75,Walking,True,3.9,0,0
1789904329028,49,75942,1,784,-0.901,1,0.75,Walking,True,3.9,0,0
1789904329028,49,75942,1,784,-0.901,1,0.75,Walking,True,3.9,0,0
1789904329028,49,75942,1,784,-0.901,1,0.75,Walking,True,3.9,0,0
1789904329028,49,75942,1,784,-0.901,1,0.75,Walking,True,3.9,0,0
1789904329028,49,75942,1,784,-0.901,1,0.75,Walking,True,3.9,0,0
1789904329028,49,75942,1,784,-0.901,1,0.75,Walking,True,3.9,0,0
1789904329028,49,75942,1,784,-0.901,1,0.75,Walking,True,3.9,0,0
1789904329044,50,76972,1,800,-0.901,1,0.75,Walking,True,3.9,0,0
1789904329044,50,76972,1,800,-0.901,1,0.75,Walking,True,3.9,0,0
1789904329044,50,76972,1,800,-0.901,1,0.75,Walking,True,3.9,0,0
1789904329044,50,76972,1,800,-0.901,1,0.75,Walking,True,3.9,0,0
1789904329044,50,76972,1,800,-0.901,1,0.75,Walking,True,3.9,0,0
1789904329044,50,76972,1,800,-0.901,1,0.75,Walking,True,3.9,0,0
1789904329044,50,76972,1,800,-0.901,1,0.75,Walking,True,3.9,0,0
1789904329044,50,76972,1,800,-0.901,1,0.75,Walking,True,3.9,0,0
1789904329059,51,78011,1,816,-0.901,1,0.75,Walking,True,3.9,0,0
1789904329059,51,78011,1,816,-0.901,1,0.75,Walking,True,3.9,0,0
1789904329060,51,78011,1,816,-0.901,1,0.75,Walking,True,3.9,0,0
1789904329060,51,78011,1,816,-0.901,1,0.75,Walking,True,3.9,0,0
1789904329060,51,78011,1,816,-0.901,1,0.75,Walking,True,3.9,0,0
1789904329060,51,78011,1,816,-0.901,1,0.75,Walking,True,3.9,0,0
1789904329060,51,78011,1,816,-0.901,1,0.75,Walking,True,3.9,0,0
1789904329060,51,78011,1,816,-0.901,1,0.75,Walking,True,3.9,0,0
1789904329076,52,79102,1,832,-0.901,1,0.75,Walking,True,3.9,0,0
1789904329076,52,79102,1,832,-0.901,1,0.75,Walking,True,3.9,0,0
1789904329076,52,79102,1,832,-0.901,1,0.75,Walking,True,3.9,0,0
1789904329076,52,79102,1,832,-0.901,1,0.75,Walking,True,3.9,0,0
1789904329076,52,79102,1,832,-0.901,1,0.75,Walking,True,3.9,0,0
1789904329076,52,79102,1,832,-0.901,1,0.75,Walking,True,3.9,0,0
1789904329076,52,79102,1,832,-0.901,1,0.75,Walking,True,3.9,0,0
1789904329076,52,79102,1,832,-0.901,1,0.75,Walking,True,3.9,0,0
1789904329091,53,80222,1,848,-0.901,1,0.75,Walking,True,3.9,0,0
1789904329091,53,80222,1,848,-0.901,1,0.75,Walking,True,3.9,0,0
1789904329091,53,80222,1,848,-0.901,1,0.75,Walking,True,3.9,0,0
1789904329091,53,80222,1,848,-0.901,1,0.75,Walking,True,3.9,0,0
1789904329091,53,80222,1,848,-0.901,1,0.75,Walking,True,3.9,0,0
1789904329091,53,80222,1,848,-0.901,1,0.75,Walking,True,3.9,0,0
1789904329091,53,80222,1,848,-0.901,1,0.75,Walking,True,3.9,0,0
1789904329091,53,80222,1,848,-0.901,1,0.75,Walking,True,3.9,0,0
1789904329106,54,81247,1,864,-0.901,1,0.75,Walking,True,3.9,0,0
1789904329106,54,81247,1,864,-0.901,1,0.75,Walking,True,3.9,0,0
1789904329106,54,81247,1,864,-0.901,1,0.75,Walking,True,3.9,0,0
1789904329106,54,81247,1,864,-0.901,1,0.75,Walking,True,3.9,0,0
1789904329106,54,81247,1,864,-0.901,1,0.75,Walking,True,3.9,0,0
1789904329106,54,81247,1,864,-0.901,1,0.75,Walking,True,3.9,0,0
1789904329106,54,81247,1,864,-0.901,1,0.75,Walking,True,3.9,0,0
1789904329106,54,81247,1,864,-0.901,1,0.75,Walking,True,3.9,0,0
1789904329121,55,82323,1,880,-0.901,1,0.75,Walking,True,3.9,0,0
1789904329121,55,82323,1,880,-0.901,1,0.75,Walking,True,3.9,0,0
1789904329121,55,82323,1,880,-0.901,1,0.75,Walking,True,3.9,0,0
1789904329121,55,82323,1,880,-0.901,1,0.75,Walking,True,3.9,0,0
1789904329121,55,82323,1,880,-0.901,1,0.75,Walking,True,3.9,0,0
1789904329121,55,82323,1,880,-0.901,1,0.75,Walking,True,3.9,0,0
1789904329121,55,82323,1,880,-0.901,1,0.75,Walking,True,3.9,0,0
1789904329121,55,82323,1,880,-0.901,1,0.75,Walking,True,3.9,0,0
1789904329137,56,83308,1,896,-0.901,1,0.75,Walking,True,3.9,0,0
1789904329137,56,83308,1,896,-0.901,1,0.75,Walking,True,3.9,0,0
1789904329137,56,83308,1,896,-0.901,1,0.75,Walking,True,3.9,0,0
1789904329137,56,83308,1,896,-0.901,1,0.75,Walking,True,3.9,0,0
1789904329137,56,83308,1,896,-0.901,1,0.75,Walking,True,3.9,0,0
1789904329137,56,83308,1,896,-0.901,1,0.75,Walking,True,3.9,0,0
1789904329137,56,83308,1,896,-0.901,1,0.75,Walking,True,3.9,0,0
1789904329137,56,83308,1,896,-0.901,1,0.75,Walking,True,3.9,0,0
1789904329153,57,84314,1,912,-0.901,1,0.75,Walking,True,3.9,0,0
1789904329153,57,84314,1,912,-0.901,1,0.75,Walking,True,3.9,0,0
1789904329153,57,84314,1,912,-0.901,1,0.75,Walking,True,3.9,0,0
1789904329153,57,84314,1,912,-0.901,1,0.75,Walking,True,3.9,0,0
1789904329153,57,84314,1,912,-0.901,1,0.75,Walking,True,3.9,0,0
1789904329153,57,84314,1,912,-0.901,1,0.75,Walking,True,3.9,0,0
1789904329153,57,84314,1,912,-0.901,1,0.75,Walking,True,3.9,0,0
1789904329153,57,84314,1,912,-0.901,1,0.75,Walking,True,3.9,0,0
1789904329169,58,85377,1,928,-0.901,1,0.75,Walking,True,3.9,0,0
1789904329169,58,85377,1,928,-0.901,1,0.75,Walking,True,3.9,0,0
1789904329169,58,85377,1,928,-0.901,1,0.75,Walking,True,3.9,0,0
1789904329169,58,85377,1,928,-0.901,1,0.75,Walking,True,3.9,0,0
1789904329169,58,85377,1,928,-0.901,1,0.75,Walking,True,3.9,0,0
1789904329169,58,85377,1,928,-0.901,1,0.75,Walking,True,3.9,0,0
1789904329169,58,85377,1,928,-0.901,1,0.75,Walking,True,3.9,0,0
1789904329169,58,85377,1,928,-0.901,1,0.75,Walking,True,3.9,0,0
1789904329185,59,86477,1,944,-0.901,1,0.75,Walking,True,3.9,0,0
1789904329185,59,86477,1,944,-0.901,1,0.75,Walking,True,3.9,0,0
1789904329185,59,86477,1,944,-0.901,1,0.75,Walking,True,3.9,0,0
1789904329185,59,86477,1,944,-0.901,1,0.75,Walking,True,3.9,0,0
1789904329185,59,86477,1,944,-0.901,1,0.75,Walking,True,3.9,0,0
1789904329185,59,86477,1,944,-0.901,1,0.75,Walking,True,3.9,0,0
1789904329185,59,86477,1,944,-0.901,1,0.75,Walking,True,3.9,0,0
1789904329185,59,86477,1,944,-0.901,1,0.75,Walking,True,3.9,0,0
1789904329199,60,87561,1,960,-0.901,1,0.75,Walking,True,3.9,0,0
1789904329199,60,87561,1,960,-0.901,1,0.75,Walking,True,3.9,0,0
1789904329199,60,87561,1,960,-0.901,1,0.75,Walking,True,3.9,0,0
1789904329199,60,87561,1,960,-0.901,1,0.75,Walking,True,3.9,0,0
1789904329199,60,87561,1,960,-0.901,1,0.75,Walking,True,3.9,0,0
1789904329199,60,87561,1,960,-0.901,1,0.75,Walking,True,3.9,0,0
1789904329199,60,87561,1,960,-0.901,1,0.75,Walking,True,3.9,0,0
1789904329199,60,87561,1,960,-0.901,1,0.75,Walking,True,3.9,0,0
1789904329216,61,88706,1,976,-0.901,1,0.75,Walking,True,3.9,0,0
1789904329216,61,88706,1,976,-0.901,1,0.75,Walking,True,3.9,0,0
1789904329216,61,88706,1,976,-0.901,1,0.75,Walking,True,3.9,0,0
1789904329216,61,88706,1,976,-0.901,1,0.75,Walking,True,3.9,0,0
1789904329216,61,88706,1,976,-0.901,1,0.75,Walking,True,3.9,0,0
1789904329216,61,88706,1,976,-0.901,1,0.75,Walking,True,3.9,0,0
1789904329216,61,88706,1,976,-0.901,1,0.75,Walking,True,3.9,0,0
1789904329216,61,88706,1,976,-0.901,1,0.75,Walking,True,3.9,0,0
1789904329231,62,89777,1,992,-0.901,1,0.75,Walking,True,3.9,0,0
1789904329231,62,89777,1,992,-0.901,1,0.75,Walking,True,3.9,0,0
1789904329231,62,89777,1,992,-0.901,1,0.75,Walking,True,3.9,0,0
1789904329231,62,89777,1,992,-0.901,1,0.75,Walking,True,3.9,0,0
1789904329231,62,89777,1,992,-0.901,1,0.75,Walking,True,3.9,0,0
1789904329231,62,89777,1,992,-0.901,1,0.75,Walking,True,3.9,0,0
1789904329231,62,89777,1,992,-0.901,1,0.75,Walking,True,3.9,0,0
1789904329231,62,89777,1,992,-0.901,1,0.75,Walking,True,3.9,0,0
1789904329247,63,90927,1,1008,-0.901,1,0.75,Walking,True,3.9,0,0
1789904329247,63,90927,1,1008,-0.901,1,0.75,Walking,True,3.9,0,0
1789904329247,63,90927,1,1008,-0.901,1,0.75,Walking,True,3.9,0,0
1789904329247,63,90927,1,1008,-0.901,1,0.75,Walking,True,3.9,0,0
1789904329247,63,90927,1,1008,-0.901,1,0.75,Walking,True,3.9,0,0
1789904329247,63,90927,1,1008,-0.901,1,0.75,Walking,True,3.9,0,0
1789904329247,63,90927,1,1008,-0.901,1,0.75,Walking,True,3.9,0,0
1789904329247,63,90927,1,1008,-0.901,1,0.75,Walking,True,3.9,0,0
1789904329263,64,92041,1,1024,-0.901,1,0.75,Walking,True,3.9,0,0
1789904329263,64,92041,1,1024,-0.901,1,0.75,Walking,True,3.9,0,0
1789904329263,64,92041,1,1024,-0.901,1,0.75,Walking,True,3.9,0,0
1789904329263,64,92041,1,1024,-0.901,1,0.75,Walking,True,3.9,0,0
1789904329263,64,92041,1,1024,-0.901,1,0.75,Walking,True,3.9,0,0
1789904329263,64,92041,1,1024,-0.901,1,0.75,Walking,True,3.9,0,0
1789904329263,64,92041,1,1024,-0.901,1,0.75,Walking,True,3.9,0,0
1789904329263,64,92041,1,1024,-0.901,1,0.75,Walking,True,3.9,0,0
1789904329278,65,93255,1,1040,-0.901,1,0.75,Walking,True,3.9,0,0
1789904329278,65,93255,1,1040,-0.901,1,0.75,Walking,True,3.9,0,0
1789904329278,65,93255,1,1040,-0.901,1,0.75,Walking,True,3.9,0,0
1789904329278,65,93255,1,1040,-0.901,1,0.75,Walking,True,3.9,0,0
1789904329278,65,93255,1,1040,-0.901,1,0.75,Walking,True,3.9,0,0
1789904329278,65,93255,1,1040,-0.901,1,0.75,Walking,True,3.9,0,0
1789904329278,65,93255,1,1040,-0.901,1,0.75,Walking,True,3.9,0,0
1789904329278,65,93255,1,1040,-0.901,1,0.75,Walking,True,3.9,0,0
1789904329295,66,94256,1,1056,-0.901,1,0.75,Walking,True,3.9,0,0
1789904329295,66,94256,1,1056,-0.901,1,0.75,Walking,True,3.9,0,0
1789904329295,66,94256,1,1056,-0.901,1,0.75,Walking,True,3.9,0,0
1789904329295,66,94256,1,1056,-0.901,1,0.75,Walking,True,3.9,0,0
1789904329295,66,94256,1,1056,-0.901,1,0.75,Walking,True,3.9,0,0
1789904329295,66,94256,1,1056,-0.901,1,0.75,Walking,True,3.9,0,0
1789904329295,66,94256,1,1056,-0.901,1,0.75,Walking,True,3.9,0,0
1789904329295,66,94256,1,1056,-0.901,1,0.75,Walking,True,3.9,0,0
1789904329325,67,95370,1,1072,-0.901,1,0.75,Walking,True,3.9,0,0
1789904329325,67,95370,1,1072,-0.901,1,0.75,Walking,True,3.9,0,0
1789904329325,67,95370,1,1072,-0.901,1,0.75,Walking,True,3.9,0,0
1789904329325,67,95370,1,1072,-0.901,1,0.75,Walking,True,3.9,0,0
1789904329325,67,95370,1,1072,-0.901,1,0.75,Walking,True,3.9,0,0
1789904329325,67,95370,1,1072,-0.901,1,0.75,Walking,True,3.9,0,0
1789904329325,67,95370,1,1072,-0.901,1,0.75,Walking,True,3.9,0,0
1789904329325,67,95370,1,1072,-0.901,1,0.75,Walking,True,3.9,0,0
1789904329341,68,98024,1,1088,-0.901,1,0.75,Walking,True,3.9,0,0
1789904329341,68,98024,1,1088,-0.901,1,0.75,Walking,True,3.9,0,0
1789904329341,68,98024,1,1088,-0.901,1,0.75,Walking,True,3.9,0,0
1789904329341,68,98024,1,1088,-0.901,1,0.75,Walking,True,3.9,0,0
1789904329341,68,98024,1,1088,-0.901,1,0.75,Walking,True,3.9,0,0
1789904329341,68,98024,1,1088,-0.901,1,0.75,Walking,True,3.9,0,0
1789904329341,68,98024,1,1088,-0.901,1,0.75,Walking,True,3.9,0,0
1789904329341,68,98024,1,1088,-0.901,1,0.75,Walking,True,3.9,0,0
1789904329356,69,99509,1,1104,-0.901,1,0.75,Walking,True,3.9,0,0
1789904329356,69,99509,1,1104,-0.901,1,0.75,Walking,True,3.9,0,0
1789904329356,69,99509,1,1104,-0.901,1,0.75,Walking,True,3.9,0,0
1789904329356,69,99509,1,1104,-0.901,1,0.75,Walking,True,3.9,0,0
1789904329356,69,99509,1,1104,-0.901,1,0.75,Walking,True,3.9,0,0
1789904329356,69,99509,1,1104,-0.901,1,0.75,Walking,True,3.9,0,0
1789904329356,69,99509,1,1104,-0.901,1,0.75,Walking,True,3.9,0,0
1789904329356,69,99509,1,1104,-0.901,1,0.75,Walking,True,3.9,0,0
1789904329372,70,100805,1,1120,-0.901,1,0.75,Walking,True,3.9,0,0
1789904329372,70,100805,1,1120,-0.901,1,0.75,Walking,True,3.9,0,0
1789904329372,70,100805,1,1120,-0.901,1,0.75,Walking,True,3.9,0,0
1789904329372,70,100805,1,1120,-0.901,1,0.75,Walking,True,3.9,0,0
1789904329372,70,100805,1,1120,-0.901,1,0.75,Walking,True,3.9,0,0
1789904329372,70,100805,1,1120,-0.901,1,0.75,Walking,True,3.9,0,0
1789904329372,70,100805,1,1120,-0.901,1,0.75,Walking,True,3.9,0,0
1789904329372,70,100805,1,1120,-0.901,1,0.75,Walking,True,3.9,0,0
1789904329387,71,101965,1,1136,-0.901,1,0.75,Walking,True,3.9,0,0
1789904329387,71,101965,1,1136,-0.901,1,0.75,Walking,True,3.9,0,0
1789904329387,71,101965,1,1136,-0.901,1,0.75,Walking,True,3.9,0,0
1789904329387,71,101965,1,1136,-0.901,1,0.75,Walking,True,3.9,0,0
1789904329387,71,101965,1,1136,-0.901,1,0.75,Walking,True,3.9,0,0
1789904329387,71,101965,1,1136,-0.901,1,0.75,Walking,True,3.9,0,0
1789904329387,71,101965,1,1136,-0.901,1,0.75,Walking,True,3.9,0,0
1789904329387,71,101965,1,1136,-0.901,1,0.75,Walking,True,3.9,0,0
1789904329403,72,103077,1,1152,-0.901,1,0.75,Walking,True,3.9,0,0
1789904329403,72,103077,1,1152,-0.901,1,0.75,Walking,True,3.9,0,0
1789904329403,72,103077,1,1152,-0.901,1,0.75,Walking,True,3.9,0,0
1789904329403,72,103077,1,1152,-0.901,1,0.75,Walking,True,3.9,0,0
1789904329403,72,103077,1,1152,-0.901,1,0.75,Walking,True,3.9,0,0
1789904329403,72,103077,1,1152,-0.901,1,0.75,Walking,True,3.9,0,0
1789904329403,72,103077,1,1152,-0.901,1,0.75,Walking,True,3.9,0,0
1789904329403,72,103077,1,1152,-0.901,1,0.75,Walking,True,3.9,0,0
1789904329419,73,104042,1,1168,-0.901,1,0.75,Walking,True,3.9,0,0
1789904329419,73,104042,1,1168,-0.901,1,0.75,Walking,True,3.9,0,0
1789904329419,73,104042,1,1168,-0.901,1,0.75,Walking,True,3.9,0,0
1789904329419,73,104042,1,1168,-0.901,1,0.75,Walking,True,3.9,0,0
1789904329419,73,104042,1,1168,-0.901,1,0.75,Walking,True,3.9,0,0
1789904329419,73,104042,1,1168,-0.901,1,0.75,Walking,True,3.9,0,0
1789904329419,73,104042,1,1168,-0.901,1,0.75,Walking,True,3.9,0,0
1789904329419,73,104042,1,1168,-0.901,1,0.75,Walking,True,3.9,0,0
1789904329434,74,105206,1,1184,-0.901,1,0.75,Walking,True,3.9,0,0
1789904329434,74,105206,1,1184,-0.901,1,0.75,Walking,True,3.9,0,0
1789904329434,74,105206,1,1184,-0.901,1,0.75,Walking,True,3.9,0,0
1789904329434,74,105206,1,1184,-0.901,1,0.75,Walking,True,3.9,0,0
1789904329434,74,105206,1,1184,-0.901,1,0.75,Walking,True,3.9,0,0
1789904329434,74,105206,1,1184,-0.901,1,0.75,Walking,True,3.9,0,0
1789904329434,74,105206,1,1184,-0.901,1,0.75,Walking,True,3.9,0,0
1789904329434,74,105206,1,1184,-0.901,1,0.75,Walking,True,3.9,0,0
1789904329450,75,106286,1,1200,-0.901,1,0.75,Walking,True,3.9,0,0
1789904329450,75,106286,1,1200,-0.901,1,0.75,Walking,True,3.9,0,0
1789904329450,75,106286,1,1200,-0.901,1,0.75,Walking,True,3.9,0,0
1789904329450,75,106286,1,1200,-0.901,1,0.75,Walking,True,3.9,0,0
1789904329450,75,106286,1,1200,-0.901,1,0.75,Walking,True,3.9,0,0
1789904329450,75,106286,1,1200,-0.901,1,0.75,Walking,True,3.9,0,0
1789904329450,75,106286,1,1200,-0.901,1,0.75,Walking,True,3.9,0,0
1789904329450,75,106286,1,1200,-0.901,1,0.75,Walking,True,3.9,0,0
1789904329464,76,107351,1,1216,-0.901,1,0.75,Walking,True,3.9,0,0
1789904329464,76,107351,1,1216,-0.901,1,0.75,Walking,True,3.9,0,0
1789904329464,76,107351,1,1216,-0.901,1,0.75,Walking,True,3.9,0,0
1789904329464,76,107351,1,1216,-0.901,1,0.75,Walking,True,3.9,0,0
1789904329464,76,107351,1,1216,-0.901,1,0.75,Walking,True,3.9,0,0
1789904329464,76,107351,1,1216,-0.901,1,0.75,Walking,True,3.9,0,0
1789904329464,76,107351,1,1216,-0.901,1,0.75,Walking,True,3.9,0,0
1789904329464,76,107351,1,1216,-0.901,1,0.75,Walking,True,3.9,0,0
1789904329481,77,108318,1,1232,-0.901,1,0.75,Walking,True,3.9,0,0
1789904329481,77,108318,1,1232,-0.901,1,0.75,Walking,True,3.9,0,0
1789904329481,77,108318,1,1232,-0.901,1,0.75,Walking,True,3.9,0,0
1789904329481,77,108318,1,1232,-0.901,1,0.75,Walking,True,3.9,0,0
1789904329481,77,108318,1,1232,-0.901,1,0.75,Walking,True,3.9,0,0
1789904329481,77,108318,1,1232,-0.901,1,0.75,Walking,True,3.9,0,0
1789904329481,77,108318,1,1232,-0.901,1,0.75,Walking,True,3.9,0,0
1789904329481,77,108318,1,1232,-0.901,1,0.75,Walking,True,3.9,0,0
1789904329496,78,109443,1,1248,-0.901,1,0.75,Walking,True,3.9,0,0
1789904329496,78,109443,1,1248,-0.901,1,0.75,Walking,True,3.9,0,0
1789904329496,78,109443,1,1248,-0.901,1,0.75,Walking,True,3.9,0,0
1789904329496,78,109443,1,1248,-0.901,1,0.75,Walking,True,3.9,0,0
1789904329496,78,109443,1,1248,-0.901,1,0.75,Walking,True,3.9,0,0
1789904329496,78,109443,1,1248,-0.901,1,0.75,Walking,True,3.9,0,0
1789904329496,78,109443,1,1248,-0.901,1,0.75,Walking,True,3.9,0,0
1789904329496,78,109443,1,1248,-0.901,1,0.75,Walking,True,3.9,0,0
1789904329511,79,110375,1,1264,-0.901,1,0.75,Walking,True,3.9,0,0
1789904329511,79,110375,1,1264,-0.901,1,0.75,Walking,True,3.9,0,0
1789904329511,79,110375,1,1264,-0.901,1,0.75,Walking,True,3.9,0,0
1789904329511,79,110375,1,1264,-0.901,1,0.75,Walking,True,3.9,0,0
1789904329511,79,110375,1,1264,-0.901,1,0.75,Walking,True,3.9,0,0
1789904329511,79,110375,1,1264,-0.901,1,0.75,Walking,True,3.9,0,0
1789904329511,79,110375,1,1264,-0.901,1,0.75,Walking,True,3.9,0,0
1789904329511,79,110375,1,1264,-0.901,1,0.75,Walking,True,3.9,0,0
1789904329527,80,111410,1,1280,-0.901,1,0.75,Walking,True,3.9,0,0
1789904329527,80,111410,1,1280,-0.901,1,0.75,Walking,True,3.9,0,0
1789904329527,80,111410,1,1280,-0.901,1,0.75,Walking,True,3.9,0,0
1789904329527,80,111410,1,1280,-0.901,1,0.75,Walking,True,3.9,0,0
1789904329527,80,111410,1,1280,-0.901,1,0.75,Walking,True,3.9,0,0
1789904329527,80,111410,1,1280,-0.901,1,0.75,Walking,True,3.9,0,0
1789904329527,80,111410,1,1280,-0.901,1,0.75,Walking,True,3.9,0,0
1789904329527,80,111410,1,1280,-0.901,1,0.75,Walking,True,3.9,0,0
1789904329543,81,112559,1,1296,-0.901,1,0.75,Walking,True,3.9,0,0
1789904329543,81,112559,1,1296,-0.901,1,0.75,Walking,True,3.9,0,0
1789904329543,81,112559,1,1296,-0.901,1,0.75,Walking,True,3.9,0,0
1789904329543,81,112559,1,1296,-0.901,1,0.75,Walking,True,3.9,0,0
1789904329543,81,112559,1,1296,-0.901,1,0.75,Walking,True,3.9,0,0
1789904329543,81,112559,1,1296,-0.901,1,0.75,Walking,True,3.9,0,0
1789904329543,81,112559,1,1296,-0.901,1,0.75,Walking,True,3.9,0,0
1789904329543,81,112559,1,1296,-0.901,1,0.75,Walking,True,3.9,0,0
1789904329559,82,113666,1,1312,-0.901,1,0.75,Walking,True,3.9,0,0
1789904329559,82,113666,1,1312,-0.901,1,0.75,Walking,True,3.9,0,0
1789904329559,82,113666,1,1312,-0.901,1,0.75,Walking,True,3.9,0,0
1789904329559,82,113666,1,1312,-0.901,1,0.75,Walking,True,3.9,0,0
1789904329559,82,113666,1,1312,-0.901,1,0.75,Walking,True,3.9,0,0
1789904329559,82,113666,1,1312,-0.901,1,0.75,Walking,True,3.9,0,0
1789904329559,82,113666,1,1312,-0.901,1,0.75,Walking,True,3.9,0,0
1789904329559,82,113666,1,1312,-0.901,1,0.75,Walking,True,3.9,0,0
1789904329574,83,114683,1,1328,-0.901,1,0.75,Walking,True,3.9,0,0
1789904329574,83,114683,1,1328,-0.901,1,0.75,Walking,True,3.9,0,0
1789904329574,83,114683,1,1328,-0.901,1,0.75,Walking,True,3.9,0,0
1789904329574,83,114683,1,1328,-0.901,1,0.75,Walking,True,3.9,0,0
1789904329574,83,114683,1,1328,-0.901,1,0.75,Walking,True,3.9,0,0
1789904329574,83,114683,1,1328,-0.901,1,0.75,Walking,True,3.9,0,0
1789904329574,83,114683,1,1328,-0.901,1,0.75,Walking,True,3.9,0,0
1789904329574,83,114683,1,1328,-0.901,1,0.75,Walking,True,3.9,0,0
1789904329590,84,115704,1,1344,-0.901,1,0.75,Walking,True,3.9,0,0
1789904329590,84,115704,1,1344,-0.901,1,0.75,Walking,True,3.9,0,0
1789904329590,84,115704,1,1344,-0.901,1,0.75,Walking,True,3.9,0,0
1789904329590,84,115704,1,1344,-0.901,1,0.75,Walking,True,3.9,0,0
1789904329590,84,115704,1,1344,-0.901,1,0.75,Walking,True,3.9,0,0
1789904329590,84,115704,1,1344,-0.901,1,0.75,Walking,True,3.9,0,0
1789904329590,84,115704,1,1344,-0.901,1,0.75,Walking,True,3.9,0,0
1789904329590,84,115704,1,1344,-0.901,1,0.75,Walking,True,3.9,0,0
1789904329605,85,116967,1,1360,-0.901,1,0.75,Walking,True,3.9,0,0
1789904329605,85,116967,1,1360,-0.901,1,0.75,Walking,True,3.9,0,0
1789904329605,85,116967,1,1360,-0.901,1,0.75,Walking,True,3.9,0,0
1789904329605,85,116967,1,1360,-0.901,1,0.75,Walking,True,3.9,0,0
1789904329605,85,116967,1,1360,-0.901,1,0.75,Walking,True,3.9,0,0
1789904329605,85,116967,1,1360,-0.901,1,0.75,Walking,True,3.9,0,0
1789904329605,85,116967,1,1360,-0.901,1,0.75,Walking,True,3.9,0,0
1789904329605,85,116967,1,1360,-0.901,1,0.75,Walking,True,3.9,0,0
1789904329621,86,118168,1,1376,-0.901,1,0.75,Walking,True,3.9,0,0
1789904329621,86,118168,1,1376,-0.901,1,0.75,Walking,True,3.9,0,0
1789904329621,86,118168,1,1376,-0.901,1,0.75,Walking,True,3.9,0,0
1789904329621,86,118168,1,1376,-0.901,1,0.75,Walking,True,3.9,0,0
1789904329621,86,118168,1,1376,-0.901,1,0.75,Walking,True,3.9,0,0
1789904329621,86,118168,1,1376,-0.901,1,0.75,Walking,True,3.9,0,0
1789904329621,86,118168,1,1376,-0.901,1,0.75,Walking,True,3.9,0,0
1789904329621,86,118168,1,1376,-0.901,1,0.75,Walking,True,3.9,0,0
1789904329637,87,119182,1,1392,-0.901,1,0.75,Walking,True,3.9,0,0
1789904329637,87,119182,1,1392,-0.901,1,0.75,Walking,True,3.9,0,0
1789904329637,87,119182,1,1392,-0.901,1,0.75,Walking,True,3.9,0,0
1789904329637,87,119182,1,1392,-0.901,1,0.75,Walking,True,3.9,0,0
1789904329637,87,119182,1,1392,-0.901,1,0.75,Walking,True,3.9,0,0
1789904329637,87,119182,1,1392,-0.901,1,0.75,Walking,True,3.9,0,0
1789904329637,87,119182,1,1392,-0.901,1,0.75,Walking,True,3.9,0,0
1789904329637,87,119182,1,1392,-0.901,1,0.75,Walking,True,3.9,0,0
1789904329652,88,120392,1,1408,-0.901,1,0.75,Walking,True,3.9,0,0
1789904329652,88,120392,1,1408,-0.901,1,0.75,Walking,True,3.9,0,0
1789904329652,88,120392,1,1408,-0.901,1,0.75,Walking,True,3.9,0,0
1789904329652,88,120392,1,1408,-0.901,1,0.75,Walking,True,3.9,0,0
1789904329652,88,120392,1,1408,-0.901,1,0.75,Walking,True,3.9,0,0
1789904329652,88,120392,1,1408,-0.901,1,0.75,Walking,True,3.9,0,0
1789904329652,88,120392,1,1408,-0.901,1,0.75,Walking,True,3.9,0,0
1789904329652,88,120392,1,1408,-0.901,1,0.75,Walking,True,3.9,0,0
1789904329668,89,121550,1,1424,-0.901,1,0.75,Walking,True,3.9,0,0
1789904329668,89,121550,1,1424,-0.901,1,0.75,Walking,True,3.9,0,0
1789904329668,89,121550,1,1424,-0.901,1,0.75,Walking,True,3.9,0,0
1789904329668,89,121550,1,1424,-0.901,1,0.75,Walking,True,3.9,0,0
1789904329668,89,121550,1,1424,-0.901,1,0.75,Walking,True,3.9,0,0
1789904329668,89,121550,1,1424,-0.901,1,0.75,Walking,True,3.9,0,0
1789904329668,89,121550,1,1424,-0.901,1,0.75,Walking,True,3.9,0,0
1789904329668,89,121550,1,1424,-0.901,1,0.75,Walking,True,3.9,0,0
1789904329684,90,122676,1,1440,-0.901,1,0.75,Walking,True,3.9,0,0
1789904329684,90,122676,1,1440,-0.901,1,0.75,Walking,True,3.9,0,0
1789904329684,90,122676,1,1440,-0.901,1,0.75,Walking,True,3.9,0,0
1789904329684,90,122676,1,1440,-0.901,1,0.75,Walking,True,3.9,0,0
1789904329684,90,122676,1,1440,-0.901,1,0.75,Walking,True,3.9,0,0
1789904329684,90,122676,1,1440,-0.901,1,0.75,Walking,True,3.9,0,0
1789904329684,90,122676,1,1440,-0.901,1,0.75,Walking,True,3.9,0,0
1789904329684,90,122676,1,1440,-0.901,1,0.75,Walking,True,3.9,0,0
1789904329698,91,123863,1,1456,-0.901,1,0.75,Walking,True,3.9,0,0
1789904329698,91,123863,1,1456,-0.901,1,0.75,Walking,True,3.9,0,0
1789904329698,91,123863,1,1456,-0.901,1,0.75,Walking,True,3.9,0,0
1789904329698,91,123863,1,1456,-0.901,1,0.75,Walking,True,3.9,0,0
1789904329698,91,123863,1,1456,-0.901,1,0.75,Walking,True,3.9,0,0
1789904329698,91,123863,1,1456,-0.901,1,0.75,Walking,True,3.9,0,0
1789904329698,91,123863,1,1456,-0.901,1,0.75,Walking,True,3.9,0,0
1789904329698,91,123863,1,1456,-0.901,1,0.75,Walking,True,3.9,0,0
1789904329714,92,125073,1,1472,-0.901,1,0.75,Walking,True,3.9,0,0
1789904329714,92,125073,1,1472,-0.901,1,0.75,Walking,True,3.9,0,0
1789904329714,92,125073,1,1472,-0.901,1,0.75,Walking,True,3.9,0,0
1789904329714,92,125073,1,1472,-0.901,1,0.75,Walking,True,3.9,0,0
1789904329714,92,125073,1,1472,-0.901,1,0.75,Walking,True,3.9,0,0
1789904329714,92,125073,1,1472,-0.901,1,0.75,Walking,True,3.9,0,0
1789904329714,92,125073,1,1472,-0.901,1,0.75,Walking,True,3.9,0,0
1789904329714,92,125073,1,1472,-0.901,1,0.75,Walking,True,3.9,0,0
1789904329730,93,126476,1,1488,-0.901,1,0.75,Walking,True,3.9,0,0
1789904329730,93,126476,1,1488,-0.901,1,0.75,Walking,True,3.9,0,0
1789904329730,93,126476,1,1488,-0.901,1,0.75,Walking,True,3.9,0,0
1789904329730,93,126476,1,1488,-0.901,1,0.75,Walking,True,3.9,0,0
1789904329730,93,126476,1,1488,-0.901,1,0.75,Walking,True,3.9,0,0
1789904329730,93,126476,1,1488,-0.901,1,0.75,Walking,True,3.9,0,0
1789904329730,93,126476,1,1488,-0.901,1,0.75,Walking,True,3.9,0,0
1789904329730,93,126476,1,1488,-0.901,1,0.75,Walking,True,3.9,0,0
1789904329746,94,127964,1,1504,-0.901,1,0.75,Walking,True,3.9,0,0
1789904329746,94,127964,1,1504,-0.901,1,0.75,Walking,True,3.9,0,0
1789904329746,94,127964,1,1504,-0.901,1,0.75,Walking,True,3.9,0,0
1789904329746,94,127964,1,1504,-0.901,1,0.75,Walking,True,3.9,0,0
1789904329746,94,127964,1,1504,-0.901,1,0.75,Walking,True,3.9,0,0
1789904329746,94,127964,1,1504,-0.901,1,0.75,Walking,True,3.9,0,0
1789904329746,94,127964,1,1504,-0.901,1,0.75,Walking,True,3.9,0,0
1789904329746,94,127964,1,1504,-0.901,1,0.75,Walking,True,3.9,0,0
1789904329760,95,129499,1,1520,-0.901,1,0.75,Walking,True,3.9,0,0
1789904329761,95,129499,1,1520,-0.901,1,0.75,Walking,True,3.9,0,0
1789904329761,95,129499,1,1520,-0.901,1,0.75,Walking,True,3.9,0,0
1789904329761,95,129499,1,1520,-0.901,1,0.75,Walking,True,3.9,0,0
1789904329761,95,129499,1,1520,-0.901,1,0.75,Walking,True,3.9,0,0
1789904329761,95,129499,1,1520,-0.901,1,0.75,Walking,True,3.9,0,0
1789904329761,95,129499,1,1520,-0.901,1,0.75,Walking,True,3.9,0,0
1789904329761,95,129499,1,1520,-0.901,1,0.75,Walking,True,3.9,0,0
1789904329775,96,130930,1,1536,-0.901,1,0.75,Walking,True,3.9,0,0
1789904329775,96,130930,1,1536,-0.901,1,0.75,Walking,True,3.9,0,0
1789904329775,96,130930,1,1536,-0.901,1,0.75,Walking,True,3.9,0,0
1789904329775,96,130930,1,1536,-0.901,1,0.75,Walking,True,3.9,0,0
1789904329775,96,130930,1,1536,-0.901,1,0.75,Walking,True,3.9,0,0
1789904329775,96,130930,1,1536,-0.901,1,0.75,Walking,True,3.9,0,0
1789904329775,96,130930,1,1536,-0.901,1,0.75,Walking,True,3.9,0,0
1789904329775,96,130930,1,1536,-0.901,1,0.75,Walking,True,3.9,0,0
1789904329791,97,132370,1,1552,-0.901,1,0.75,Walking,True,3.9,0,0
1789904329791,97,132370,1,1552,-0.901,1,0.75,Walking,True,3.9,0,0
1789904329791,97,132370,1,1552,-0.901,1,0.75,Walking,True,3.9,0,0
1789904329791,97,132370,1,1552,-0.901,1,0.75,Walking,True,3.9,0,0
1789904329791,97,132370,1,1552,-0.901,1,0.75,Walking,True,3.9,0,0
1789904329791,97,132370,1,1552,-0.901,1,0.75,Walking,True,3.9,0,0
1789904329791,97,132370,1,1552,-0.901,1,0.75,Walking,True,3.9,0,0
1789904329791,97,132370,1,1552,-0.901,1,0.75,Walking,True,3.9,0,0
1789904329806,98,133832,1,1568,-0.901,1,0.75,Walking,True,3.9,0,0
1789904329806,98,133832,1,1568,-0.901,1,0.75,Walking,True,3.9,0,0
1789904329806,98,133832,1,1568,-0.901,1,0.75,Walking,True,3.9,0,0
1789904329806,98,133832,1,1568,-0.901,1,0.75,Walking,True,3.9,0,0
1789904329806,98,133832,1,1568,-0.901,1,0.75,Walking,True,3.9,0,0
1789904329806,98,133832,1,1568,-0.901,1,0.75,Walking,True,3.9,0,0
1789904329806,98,133832,1,1568,-0.901,1,0.75,Walking,True,3.9,0,0
1789904329806,98,133832,1,1568,-0.901,1,0.75,Walking,True,3.9,0,0
1789904329838,99,135329,1,1584,-0.901,1,0.75,Walking,True,3.9,0,0
1789904329838,99,135329,1,1584,-0.901,1,0.75,Walking,True,3.9,0,0
1789904329838,99,135329,1,1584,-0.901,1,0.75,Walking,True,3.9,0,0
1789904329838,99,135329,1,1584,-0.901,1,0.75,Walking,True,3.9,0,0
1789904329838,99,135329,1,1584,-0.901,1,0.75,Walking,True,3.9,0,0
1789904329838,99,135329,1,1584,-0.901,1,0.75,Walking,True,3.9,0,0
1789904329838,99,135329,1,1584,-0.901,1,0.75,Walking,True,3.9,0,0
1789904329838,99,135329,1,1584,-0.901,1,0.75,Walking,True,3.9,0,0
1789904329869,101,138312,1,1616,-0.901,1,0.75,Walking,True,3.9,0,0
1789904329869,101,138312,1,1616,-0.901,1,0.75,Walking,True,3.9,0,0
1789904329869,101,138312,1,1616,-0.901,1,0.75,Walking,True,3.9,0,0
1789904329869,101,138312,1,1616,-0.901,1,0.75,Walking,True,3.9,0,0
1789904329869,101,138312,1,1616,-0.901,1,0.75,Walking,True,3.9,0,0
1789904329869,101,138312,1,1616,-0.901,1,0.75,Walking,True,3.9,0,0
1789904329869,101,138312,1,1616,-0.901,1,0.75,Walking,True,3.9,0,0
1789904329869,101,138312,1,1616,-0.901,1,0.75,Walking,True,3.9,0,0
1789904329885,102,141175,1,1632,-0.901,1,0.75,Walking,True,3.9,0,0
1789904329885,102,141175,1,1632,-0.901,1,0.75,Walking,True,3.9,0,0
1789904329885,102,141175,1,1632,-0.901,1,0.75,Walking,True,3.9,0,0
1789904329885,102,141175,1,1632,-0.901,1,0.75,Walking,True,3.9,0,0
1789904329885,102,141175,1,1632,-0.901,1,0.75,Walking,True,3.9,0,0
1789904329885,102,141175,1,1632,-0.901,1,0.75,Walking,True,3.9,0,0
1789904329885,102,141175,1,1632,-0.901,1,0.75,Walking,True,3.9,0,0
1789904329885,102,141175,1,1632,-0.901,1,0.75,Walking,True,3.9,0,0
1789904329901,103,142579,1,1648,-0.901,1,0.75,Walking,True,3.9,0,0
1789904329901,103,142579,1,1648,-0.901,1,0.75,Walking,True,3.9,0,0
1789904329901,103,142579,1,1648,-0.901,1,0.75,Walking,True,3.9,0,0
1789904329901,103,142579,1,1648,-0.901,1,0.75,Walking,True,3.9,0,0
1789904329901,103,142579,1,1648,-0.901,1,0.75,Walking,True,3.9,0,0
1789904329901,103,142579,1,1648,-0.901,1,0.75,Walking,True,3.9,0,0
1789904329901,103,142579,1,1648,-0.901,1,0.75,Walking,True,3.9,0,0
1789904329901,103,142579,1,1648,-0.901,1,0.75,Walking,True,3.9,0,0
1789904329917,104,143820,1,1664,-0.901,1,0.75,Walking,True,3.9,0,0
1789904329917,104,143820,1,1664,-0.901,1,0.75,Walking,True,3.9,0,0
1789904329917,104,143820,1,1664,-0.901,1,0.75,Walking,True,3.9,0,0
1789904329917,104,143820,1,1664,-0.901,1,0.75,Walking,True,3.9,0,0
1789904329917,104,143820,1,1664,-0.901,1,0.75,Walking,True,3.9,0,0
1789904329917,104,143820,1,1664,-0.901,1,0.75,Walking,True,3.9,0,0
1789904329917,104,143820,1,1664,-0.901,1,0.75,Walking,True,3.9,0,0
1789904329917,104,143820,1,1664,-0.901,1,0.75,Walking,True,3.9,0,0
1789904329932,105,144940,1,1680,-0.901,1,0.75,Walking,True,3.9,0,0
1789904329932,105,144940,1,1680,-0.901,1,0.75,Walking,True,3.9,0,0
1789904329932,105,144940,1,1680,-0.901,1,0.75,Walking,True,3.9,0,0
1789904329932,105,144940,1,1680,-0.901,1,0.75,Walking,True,3.9,0,0
1789904329932,105,144940,1,1680,-0.901,1,0.75,Walking,True,3.9,0,0
1789904329932,105,144940,1,1680,-0.901,1,0.75,Walking,True,3.9,0,0
1789904329932,105,144940,1,1680,-0.901,1,0.75,Walking,True,3.9,0,0
1789904329932,105,144940,1,1680,-0.901,1,0.75,Walking,True,3.9,0,0
1789904329949,106,146042,1,1696,-0.901,1,0.75,Walking,True,3.9,0,0
1789904329949,106,146042,1,1696,-0.901,1,0.75,Walking,True,3.9,0,0
1789904329949,106,146042,1,1696,-0.901,1,0.75,Walking,True,3.9,0,0
1789904329949,106,146042,1,1696,-0.901,1,0.75,Walking,True,3.9,0,0
1789904329949,106,146042,1,1696,-0.901,1,0.75,Walking,True,3.9,0,0
1789904329949,106,146042,1,1696,-0.901,1,0.75,Walking,True,3.9,0,0
1789904329949,106,146042,1,1696,-0.901,1,0.75,Walking,True,3.9,0,0
1789904329949,106,146042,1,1696,-0.901,1,0.75,Walking,True,3.9,0,0
1789904329964,107,147237,1,1712,-0.901,1,0.75,Walking,True,3.9,0,0
1789904329964,107,147237,1,1712,-0.901,1,0.75,Walking,True,3.9,0,0
1789904329964,107,147237,1,1712,-0.901,1,0.75,Walking,True,3.9,0,0
1789904329964,107,147237,1,1712,-0.901,1,0.75,Walking,True,3.9,0,0
1789904329964,107,147237,1,1712,-0.901,1,0.75,Walking,True,3.9,0,0
1789904329964,107,147237,1,1712,-0.901,1,0.75,Walking,True,3.9,0,0
1789904329964,107,147237,1,1712,-0.901,1,0.75,Walking,True,3.9,0,0
1789904329964,107,147237,1,1712,-0.901,1,0.75,Walking,True,3.9,0,0
1789904329979,108,148342,1,1728,-0.901,1,0.75,Walking,True,3.9,0,0
1789904329979,108,148342,1,1728,-0.901,1,0.75,Walking,True,3.9,0,0
1789904329979,108,148342,1,1728,-0.901,1,0.75,Walking,True,3.9,0,0
1789904329979,108,148342,1,1728,-0.901,1,0.75,Walking,True,3.9,0,0
1789904329979,108,148342,1,1728,-0.901,1,0.75,Walking,True,3.9,0,0
1789904329979,108,148342,1,1728,-0.901,1,0.75,Walking,True,3.9,0,0
1789904329979,108,148342,1,1728,-0.901,1,0.75,Walking,True,3.9,0,0
1789904329979,108,148342,1,1728,-0.901,1,0.75,Walking,True,3.9,0,0
1789904329995,109,149655,1,1744,-0.901,1,0.75,Walking,True,3.9,0,0
1789904329995,109,149655,1,1744,-0.901,1,0.75,Walking,True,3.9,0,0
1789904329995,109,149655,1,1744,-0.901,1,0.75,Walking,True,3.9,0,0
1789904329995,109,149655,1,1744,-0.901,1,0.75,Walking,True,3.9,0,0
1789904329995,109,149655,1,1744,-0.901,1,0.75,Walking,True,3.9,0,0
1789904329995,109,149655,1,1744,-0.901,1,0.75,Walking,True,3.9,0,0
1789904329995,109,149655,1,1744,-0.901,1,0.75,Walking,True,3.9,0,0
1789904329995,109,149655,1,1744,-0.901,1,0.75,Walking,True,3.9,0,0
1789904330011,110,150979,1,1760,-0.901,1,0.75,Walking,True,3.9,0,0
1789904330011,110,150979,1,1760,-0.901,1,0.75,Walking,True,3.9,0,0
1789904330011,110,150979,1,1760,-0.901,1,0.75,Walking,True,3.9,0,0
1789904330011,110,150979,1,1760,-0.901,1,0.75,Walking,True,3.9,0,0
1789904330011,110,150979,1,1760,-0.901,1,0.75,Walking,True,3.9,0,0
1789904330011,110,150979,1,1760,-0.901,1,0.75,Walking,True,3.9,0,0
1789904330011,110,150979,1,1760,-0.901,1,0.75,Walking,True,3.9,0,0
1789904330011,110,150979,1,1760,-0.901,1,0.75,Walking,True,3.9,0,0
1789904330027,111,152289,1,1776,-0.901,1,0.75,Walking,True,3.9,0,0
1789904330027,111,152289,1,1776,-0.901,1,0.75,Walking,True,3.9,0,0
1789904330027,111,152289,1,1776,-0.901,1,0.75,Walking,True,3.9,0,0
1789904330027,111,152289,1,1776,-0.901,1,0.75,Walking,True,3.9,0,0
1789904330027,111,152289,1,1776,-0.901,1,0.75,Walking,True,3.9,0,0
1789904330027,111,152289,1,1776,-0.901,1,0.75,Walking,True,3.9,0,0
1789904330027,111,152289,1,1776,-0.901,1,0.75,Walking,True,3.9,0,0
1789904330027,111,152289,1,1776,-0.901,1,0.75,Walking,True,3.9,0,0
1789904330043,112,153766,1,1792,-0.901,1,0.75,Walking,True,3.9,0,0
1789904330043,112,153766,1,1792,-0.901,1,0.75,Walking,True,3.9,0,0
1789904330043,112,153766,1,1792,-0.901,1,0.75,Walking,True,3.9,0,0
1789904330043,112,153766,1,1792,-0.901,1,0.75,Walking,True,3.9,0,0
1789904330043,112,153766,1,1792,-0.901,1,0.75,Walking,True,3.9,0,0
1789904330043,112,153766,1,1792,-0.901,1,0.75,Walking,True,3.9,0,0
1789904330043,112,153766,1,1792,-0.901,1,0.75,Walking,True,3.9,0,0
1789904330043,112,153766,1,1792,-0.901,1,0.75,Walking,True,3.9,0,0
1789904330058,113,155249,1,1808,-0.901,1,0.75,Walking,True,3.9,0,0
1789904330058,113,155249,1,1808,-0.901,1,0.75,Walking,True,3.9,0,0
1789904330058,113,155249,1,1808,-0.901,1,0.75,Walking,True,3.9,0,0
1789904330058,113,155249,1,1808,-0.901,1,0.75,Walking,True,3.9,0,0
1789904330058,113,155249,1,1808,-0.901,1,0.75,Walking,True,3.9,0,0
1789904330058,113,155249,1,1808,-0.901,1,0.75,Walking,True,3.9,0,0
1789904330058,113,155249,1,1808,-0.901,1,0.75,Walking,True,3.9,0,0
1789904330058,113,155249,1,1808,-0.901,1,0.75,Walking,True,3.9,0,0
1789904330073,114,156701,1,1824,-0.901,1,0.75,Walking,True,3.9,0,0
1789904330073,114,156701,1,1824,-0.901,1,0.75,Walking,True,3.9,0,0
1789904330073,114,156701,1,1824,-0.901,1,0.75,Walking,True,3.9,0,0
1789904330073,114,156701,1,1824,-0.901,1,0.75,Walking,True,3.9,0,0
1789904330073,114,156701,1,1824,-0.901,1,0.75,Walking,True,3.9,0,0
1789904330073,114,156701,1,1824,-0.901,1,0.75,Walking,True,3.9,0,0
1789904330073,114,156701,1,1824,-0.901,1,0.75,Walking,True,3.9,0,0
1789904330073,114,156701,1,1824,-0.901,1,0.75,Walking,True,3.9,0,0
1789904330089,115,158145,1,1840,-0.901,1,0.75,Walking,True,3.9,0,0
1789904330089,115,158145,1,1840,-0.901,1,0.75,Walking,True,3.9,0,0
1789904330089,115,158145,1,1840,-0.901,1,0.75,Walking,True,3.9,0,0
1789904330089,115,158145,1,1840,-0.901,1,0.75,Walking,True,3.9,0,0
1789904330089,115,158145,1,1840,-0.901,1,0.75,Walking,True,3.9,0,0
1789904330089,115,158145,1,1840,-0.901,1,0.75,Walking,True,3.9,0,0
1789904330089,115,158145,1,1840,-0.901,1,0.75,Walking,True,3.9,0,0
1789904330089,115,158145,1,1840,-0.901,1,0.75,Walking,True,3.9,0,0
1789904330105,116,159563,1,1856,-0.901,1,0.75,Walking,True,3.9,0,0
1789904330105,116,159563,1,1856,-0.901,1,0.75,Walking,True,3.9,0,0
1789904330105,116,159563,1,1856,-0.901,1,0.75,Walking,True,3.9,0,0
1789904330105,116,159563,1,1856,-0.901,1,0.75,Walking,True,3.9,0,0
1789904330105,116,159563,1,1856,-0.901,1,0.75,Walking,True,3.9,0,0
1789904330105,116,159563,1,1856,-0.901,1,0.75,Walking,True,3.9,0,0
1789904330105,116,159563,1,1856,-0.901,1,0.75,Walking,True,3.9,0,0
1789904330105,116,159563,1,1856,-0.901,1,0.75,Walking,True,3.9,0,0
1789904330120,117,160503,1,1872,-0.901,1,0.75,Walking,True,3.9,0,0
1789904330120,117,160503,1,1872,-0.901,1,0.75,Walking,True,3.9,0,0
1789904330120,117,160503,1,1872,-0.901,1,0.75,Walking,True,3.9,0,0
1789904330120,117,160503,1,1872,-0.901,1,0.75,Walking,True,3.9,0,0
1789904330120,117,160503,1,1872,-0.901,1,0.75,Walking,True,3.9,0,0
1789904330120,117,160503,1,1872,-0.901,1,0.75,Walking,True,3.9,0,0
1789904330120,117,160503,1,1872,-0.901,1,0.75,Walking,True,3.9,0,0
1789904330121,117,160503,1,1872,-0.901,1,0.75,Walking,True,3.9,0,0
1789904330136,118,161791,1,1888,-0.901,1,0.75,Walking,True,3.9,0,0
1789904330136,118,161791,1,1888,-0.901,1,0.75,Walking,True,3.9,0,0
1789904330136,118,161791,1,1888,-0.901,1,0.75,Walking,True,3.9,0,0
1789904330136,118,161791,1,1888,-0.901,1,0.75,Walking,True,3.9,0,0
1789904330136,118,161791,1,1888,-0.901,1,0.75,Walking,True,3.9,0,0
1789904330136,118,161791,1,1888,-0.901,1,0.75,Walking,True,3.9,0,0
1789904330136,118,161791,1,1888,-0.901,1,0.75,Walking,True,3.9,0,0
1789904330136,118,161791,1,1888,-0.901,1,0.75,Walking,True,3.9,0,0
1789904330151,119,163240,1,1904,-0.901,1,0.75,Walking,True,3.9,0,0
1789904330151,119,163240,1,1904,-0.901,1,0.75,Walking,True,3.9,0,0
1789904330151,119,163240,1,1904,-0.901,1,0.75,Walking,True,3.9,0,0
1789904330151,119,163240,1,1904,-0.901,1,0.75,Walking,True,3.9,0,0
1789904330151,119,163240,1,1904,-0.901,1,0.75,Walking,True,3.9,0,0
1789904330151,119,163240,1,1904,-0.901,1,0.75,Walking,True,3.9,0,0
1789904330151,119,163240,1,1904,-0.901,1,0.75,Walking,True,3.9,0,0
1789904330151,119,163240,1,1904,-0.901,1,0.75,Walking,True,3.9,0,0
1789904330166,120,164541,1,1920,-0.901,1,0.75,Walking,True,3.9,0,0
1789904330166,120,164541,1,1920,-0.901,1,0.75,Walking,True,3.9,0,0
1789904330166,120,164541,1,1920,-0.901,1,0.75,Walking,True,3.9,0,0
1789904330166,120,164541,1,1920,-0.901,1,0.75,Walking,True,3.9,0,0
1789904330166,120,164541,1,1920,-0.901,1,0.75,Walking,True,3.9,0,0
1789904330166,120,164541,1,1920,-0.901,1,0.75,Walking,True,3.9,0,0
1789904330166,120,164541,1,1920,-0.901,1,0.75,Walking,True,3.9,0,0
1789904330166,120,164541,1,1920,-0.901,1,0.75,Walking,True,3.9,0,0
1789904330181,121,165847,1,1936,-0.901,1,0.75,Walking,True,3.9,0,0
1789904330181,121,165847,1,1936,-0.901,1,0.75,Walking,True,3.9,0,0
1789904330181,121,165847,1,1936,-0.901,1,0.75,Walking,True,3.9,0,0
1789904330181,121,165847,1,1936,-0.901,1,0.75,Walking,True,3.9,0,0
1789904330181,121,165847,1,1936,-0.901,1,0.75,Walking,True,3.9,0,0
1789904330181,121,165847,1,1936,-0.901,1,0.75,Walking,True,3.9,0,0
1789904330181,121,165847,1,1936,-0.901,1,0.75,Walking,True,3.9,0,0
1789904330181,121,165847,1,1936,-0.901,1,0.75,Walking,True,3.9,0,0
1789904330197,122,167158,1,1952,-0.901,1,0.75,Walking,True,3.9,0,0
1789904330197,122,167158,1,1952,-0.901,1,0.75,Walking,True,3.9,0,0
1789904330197,122,167158,1,1952,-0.901,1,0.75,Walking,True,3.9,0,0
1789904330197,122,167158,1,1952,-0.901,1,0.75,Walking,True,3.9,0,0
1789904330197,122,167158,1,1952,-0.901,1,0.75,Walking,True,3.9,0,0
1789904330197,122,167158,1,1952,-0.901,1,0.75,Walking,True,3.9,0,0
1789904330197,122,167158,1,1952,-0.901,1,0.75,Walking,True,3.9,0,0
1789904330197,122,167158,1,1952,-0.901,1,0.75,Walking,True,3.9,0,0
1789904330212,123,168510,1,1968,-0.901,1,0.75,Walking,True,3.9,0,0
1789904330212,123,168510,1,1968,-0.901,1,0.75,Walking,True,3.9,0,0
1789904330212,123,168510,1,1968,-0.901,1,0.75,Walking,True,3.9,0,0
1789904330212,123,168510,1,1968,-0.901,1,0.75,Walking,True,3.9,0,0
1789904330212,123,168510,1,1968,-0.901,1,0.75,Walking,True,3.9,0,0
1789904330212,123,168510,1,1968,-0.901,1,0.75,Walking,True,3.9,0,0
1789904330212,123,168510,1,1968,-0.901,1,0.75,Walking,True,3.9,0,0
1789904330212,123,168510,1,1968,-0.901,1,0.75,Walking,True,3.9,0,0
1789904330228,124,169772,1,1984,-0.901,1,0.75,Walking,True,3.9,0,0
1789904330228,124,169772,1,1984,-0.901,1,0.75,Walking,True,3.9,0,0
1789904330228,124,169772,1,1984,-0.901,1,0.75,Walking,True,3.9,0,0
1789904330228,124,169772,1,1984,-0.901,1,0.75,Walking,True,3.9,0,0
1789904330228,124,169772,1,1984,-0.901,1,0.75,Walking,True,3.9,0,0
1789904330228,124,169772,1,1984,-0.901,1,0.75,Walking,True,3.9,0,0
1789904330228,124,169772,1,1984,-0.901,1,0.75,Walking,True,3.9,0,0
1789904330228,124,169772,1,1984,-0.901,1,0.75,Walking,True,3.9,0,0
1789904330244,125,171001,1,2000,-0.901,1,0.75,Walking,True,3.9,0,0
1789904330244,125,171001,1,2000,-0.901,1,0.75,Walking,True,3.9,0,0
1789904330244,125,171001,1,2000,-0.901,1,0.75,Walking,True,3.9,0,0
1789904330244,125,171001,1,2000,-0.901,1,0.75,Walking,True,3.9,0,0
1789904330244,125,171001,1,2000,-0.901,1,0.75,Walking,True,3.9,0,0
1789904330244,125,171001,1,2000,-0.901,1,0.75,Walking,True,3.9,0,0
1789904330244,125,171001,1,2000,-0.901,1,0.75,Walking,True,3.9,0,0
1789904330244,125,171001,1,2000,-0.901,1,0.75,Walking,True,3.9,0,0
1789904330259,126,172429,1,2016,-0.901,1,0.75,Walking,True,3.9,0,0
1789904330259,126,172429,1,2016,-0.901,1,0.75,Walking,True,3.9,0,0
1789904330259,126,172429,1,2016,-0.901,1,0.75,Walking,True,3.9,0,0
1789904330259,126,172429,1,2016,-0.901,1,0.75,Walking,True,3.9,0,0
1789904330259,126,172429,1,2016,-0.901,1,0.75,Walking,True,3.9,0,0
1789904330259,126,172429,1,2016,-0.901,1,0.75,Walking,True,3.9,0,0
1789904330259,126,172429,1,2016,-0.901,1,0.75,Walking,True,3.9,0,0
1789904330259,126,172429,1,2016,-0.901,1,0.75,Walking,True,3.9,0,0
1789904330275,127,173938,1,2032,-0.901,1,0.75,Walking,True,3.9,0,0
1789904330275,127,173938,1,2032,-0.901,1,0.75,Walking,True,3.9,0,0
1789904330275,127,173938,1,2032,-0.901,1,0.75,Walking,True,3.9,0,0
1789904330275,127,173938,1,2032,-0.901,1,0.75,Walking,True,3.9,0,0
1789904330275,127,173938,1,2032,-0.901,1,0.75,Walking,True,3.9,0,0
1789904330275,127,173938,1,2032,-0.901,1,0.75,Walking,True,3.9,0,0
1789904330275,127,173938,1,2032,-0.901,1,0.75,Walking,True,3.9,0,0
1789904330275,127,173938,1,2032,-0.901,1,0.75,Walking,True,3.9,0,0
1789904330291,128,175298,1,2048,-0.901,1,0.75,Walking,True,3.9,0,0
1789904330291,128,175298,1,2048,-0.901,1,0.75,Walking,True,3.9,0,0
1789904330291,128,175298,1,2048,-0.901,1,0.75,Walking,True,3.9,0,0
1789904330291,128,175298,1,2048,-0.901,1,0.75,Walking,True,3.9,0,0
1789904330291,128,175298,1,2048,-0.901,1,0.75,Walking,True,3.9,0,0
1789904330291,128,175298,1,2048,-0.901,1,0.75,Walking,True,3.9,0,0
1789904330291,128,175298,1,2048,-0.901,1,0.75,Walking,True,3.9,0,0
1789904330291,128,175298,1,2048,-0.901,1,0.75,Walking,True,3.9,0,0
1789904330306,129,176592,1,2064,-0.901,1,0.75,Walking,True,3.9,0,0
1789904330306,129,176592,1,2064,-0.901,1,0.75,Walking,True,3.9,0,0
1789904330306,129,176592,1,2064,-0.901,1,0.75,Walking,True,3.9,0,0
1789904330306,129,176592,1,2064,-0.901,1,0.75,Walking,True,3.9,0,0
1789904330306,129,176592,1,2064,-0.901,1,0.75,Walking,True,3.9,0,0
1789904330306,129,176592,1,2064,-0.901,1,0.75,Walking,True,3.9,0,0
1789904330306,129,176592,1,2064,-0.901,1,0.75,Walking,True,3.9,0,0
1789904330306,129,176592,1,2064,-0.901,1,0.75,Walking,True,3.9,0,0
1789904330321,130,177718,1,2080,-0.901,1,0.75,Walking,True,3.9,0,0
1789904330321,130,177718,1,2080,-0.901,1,0.75,Walking,True,3.9,0,0
1789904330321,130,177718,1,2080,-0.901,1,0.75,Walking,True,3.9,0,0
1789904330321,130,177718,1,2080,-0.901,1,0.75,Walking,True,3.9,0,0
1789904330322,130,177718,1,2080,-0.901,1,0.75,Walking,True,3.9,0,0
1789904330322,130,177718,1,2080,-0.901,1,0.75,Walking,True,3.9,0,0
1789904330322,130,177718,1,2080,-0.901,1,0.75,Walking,True,3.9,0,0
1789904330322,130,177718,1,2080,-0.901,1,0.75,Walking,True,3.9,0,0
1789904330337,131,178862,1,2096,-0.901,1,0.75,Walking,True,3.9,0,0
1789904330337,131,178862,1,2096,-0.901,1,0.75,Walking,True,3.9,0,0
1789904330337,131,178862,1,2096,-0.901,1,0.75,Walking,True,3.9,0,0
1789904330337,131,178862,1,2096,-0.901,1,0.75,Walking,True,3.9,0,0
1789904330337,131,178862,1,2096,-0.901,1,0.75,Walking,True,3.9,0,0
1789904330337,131,178862,1,2096,-0.901,1,0.75,Walking,True,3.9,0,0
1789904330337,131,178862,1,2096,-0.901,1,0.75,Walking,True,3.9,0,0
1789904330337,131,178862,1,2096,-0.901,1,0.75,Walking,True,3.9,0,0
1789904330353,132,180087,1,2112,-0.901,1,0.75,Walking,True,3.9,0,0
1789904330353,132,180087,1,2112,-0.901,1,0.75,Walking,True,3.9,0,0
1789904330353,132,180087,1,2112,-0.901,1,0.75,Walking,True,3.9,0,0
1789904330353,132,180087,1,2112,-0.901,1,0.75,Walking,True,3.9,0,0
1789904330353,132,180087,1,2112,-0.901,1,0.75,Walking,True,3.9,0,0
1789904330353,132,180087,1,2112,-0.901,1,0.75,Walking,True,3.9,0,0
1789904330353,132,180087,1,2112,-0.901,1,0.75,Walking,True,3.9,0,0
1789904330353,132,180087,1,2112,-0.901,1,0.75,Walking,True,3.9,0,0
1789904330369,133,181253,1,2128,-0.901,1,0.75,Walking,True,3.9,0,0
1789904330369,133,181253,1,2128,-0.901,1,0.75,Walking,True,3.9,0,0
1789904330369,133,181253,1,2128,-0.901,1,0.75,Walking,True,3.9,0,0
1789904330369,133,181253,1,2128,-0.901,1,0.75,Walking,True,3.9,0,0
1789904330369,133,181253,1,2128,-0.901,1,0.75,Walking,True,3.9,0,0
1789904330369,133,181253,1,2128,-0.901,1,0.75,Walking,True,3.9,0,0
1789904330369,133,181253,1,2128,-0.901,1,0.75,Walking,True,3.9,0,0
1789904330369,133,181253,1,2128,-0.901,1,0.75,Walking,True,3.9,0,0
1789904330385,134,182470,1,2144,-0.901,1,0.75,Walking,True,3.9,0,0
1789904330385,134,182470,1,2144,-0.901,1,0.75,Walking,True,3.9,0,0
1789904330385,134,182470,1,2144,-0.901,1,0.75,Walking,True,3.9,0,0
1789904330385,134,182470,1,2144,-0.901,1,0.75,Walking,True,3.9,0,0
1789904330385,134,182470,1,2144,-0.901,1,0.75,Walking,True,3.9,0,0
1789904330385,134,182470,1,2144,-0.901,1,0.75,Walking,True,3.9,0,0
1789904330385,134,182470,1,2144,-0.901,1,0.75,Walking,True,3.9,0,0
1789904330385,134,182470,1,2144,-0.901,1,0.75,Walking,True,3.9,0,0
1789904330401,135,183653,1,2160,-0.901,1,0.75,Walking,True,3.9,0,0
1789904330401,135,183653,1,2160,-0.901,1,0.75,Walking,True,3.9,0,0
1789904330401,135,183653,1,2160,-0.901,1,0.75,Walking,True,3.9,0,0
1789904330401,135,183653,1,2160,-0.901,1,0.75,Walking,True,3.9,0,0
1789904330401,135,183653,1,2160,-0.901,1,0.75,Walking,True,3.9,0,0
1789904330401,135,183653,1,2160,-0.901,1,0.75,Walking,True,3.9,0,0
1789904330401,135,183653,1,2160,-0.901,1,0.75,Walking,True,3.9,0,0
1789904330401,135,183653,1,2160,-0.901,1,0.75,Walking,True,3.9,0,0
1789904330417,136,184824,1,2176,-0.901,1,0.75,Walking,True,3.9,0,0
1789904330417,136,184824,1,2176,-0.901,1,0.75,Walking,True,3.9,0,0
1789904330417,136,184824,1,2176,-0.901,1,0.75,Walking,True,3.9,0,0
1789904330417,136,184824,1,2176,-0.901,1,0.75,Walking,True,3.9,0,0
1789904330417,136,184824,1,2176,-0.901,1,0.75,Walking,True,3.9,0,0
1789904330417,136,184824,1,2176,-0.901,1,0.75,Walking,True,3.9,0,0
1789904330417,136,184824,1,2176,-0.901,1,0.75,Walking,True,3.9,0,0
1789904330417,136,184824,1,2176,-0.901,1,0.75,Walking,True,3.9,0,0
1789904330433,137,186026,1,2192,-0.901,1,0.75,Walking,True,3.9,0,0
1789904330433,137,186026,1,2192,-0.901,1,0.75,Walking,True,3.9,0,0
1789904330433,137,186026,1,2192,-0.901,1,0.75,Walking,True,3.9,0,0
1789904330433,137,186026,1,2192,-0.901,1,0.75,Walking,True,3.9,0,0
1789904330433,137,186026,1,2192,-0.901,1,0.75,Walking,True,3.9,0,0
1789904330433,137,186026,1,2192,-0.901,1,0.75,Walking,True,3.9,0,0
1789904330433,137,186026,1,2192,-0.901,1,0.75,Walking,True,3.9,0,0
1789904330433,137,186026,1,2192,-0.901,1,0.75,Walking,True,3.9,0,0
1789904330448,138,187206,1,2208,-0.901,1,0.75,Walking,True,3.9,0,0
1789904330448,138,187206,1,2208,-0.901,1,0.75,Walking,True,3.9,0,0
1789904330448,138,187206,1,2208,-0.901,1,0.75,Walking,True,3.9,0,0
1789904330448,138,187206,1,2208,-0.901,1,0.75,Walking,True,3.9,0,0
1789904330448,138,187206,1,2208,-0.901,1,0.75,Walking,True,3.9,0,0
1789904330448,138,187206,1,2208,-0.901,1,0.75,Walking,True,3.9,0,0
1789904330448,138,187206,1,2208,-0.901,1,0.75,Walking,True,3.9,0,0
1789904330448,138,187206,1,2208,-0.901,1,0.75,Walking,True,3.9,0,0
1789904330464,139,188327,1,2224,-0.901,1,0.75,Walking,True,3.9,0,0
1789904330464,139,188327,1,2224,-0.901,1,0.75,Walking,True,3.9,0,0
1789904330464,139,188327,1,2224,-0.901,1,0.75,Walking,True,3.9,0,0
1789904330464,139,188327,1,2224,-0.901,1,0.75,Walking,True,3.9,0,0
1789904330464,139,188327,1,2224,-0.901,1,0.75,Walking,True,3.9,0,0
1789904330464,139,188327,1,2224,-0.901,1,0.75,Walking,True,3.9,0,0
1789904330464,139,188327,1,2224,-0.901,1,0.75,Walking,True,3.9,0,0
1789904330464,139,188327,1,2224,-0.901,1,0.75,Walking,True,3.9,0,0
1789904330480,140,189212,1,2240,-0.901,1,0.75,Walking,True,3.9,0,0
1789904330480,140,189212,1,2240,-0.901,1,0.75,Walking,True,3.9,0,0
1789904330480,140,189212,1,2240,-0.901,1,0.75,Walking,True,3.9,0,0
1789904330480,140,189212,1,2240,-0.901,1,0.75,Walking,True,3.9,0,0
1789904330480,140,189212,1,2240,-0.901,1,0.75,Walking,True,3.9,0,0
1789904330480,140,189212,1,2240,-0.901,1,0.75,Walking,True,3.9,0,0
1789904330480,140,189212,1,2240,-0.901,1,0.75,Walking,True,3.9,0,0
1789904330480,140,189212,1,2240,-0.901,1,0.75,Walking,True,3.9,0,0
1789904330496,141,190119,1,2256,-0.901,1,0.75,Walking,True,3.9,0,0
1789904330496,141,190119,1,2256,-0.901,1,0.75,Walking,True,3.9,0,0
1789904330496,141,190119,1,2256,-0.901,1,0.75,Walking,True,3.9,0,0
1789904330496,141,190119,1,2256,-0.901,1,0.75,Walking,True,3.9,0,0
1789904330496,141,190119,1,2256,-0.901,1,0.75,Walking,True,3.9,0,0
1789904330496,141,190119,1,2256,-0.901,1,0.75,Walking,True,3.9,0,0
1789904330496,141,190119,1,2256,-0.901,1,0.75,Walking,True,3.9,0,0
1789904330496,141,190119,1,2256,-0.901,1,0.75,Walking,True,3.9,0,0
1789904330511,142,191090,1,2272,-0.901,1,0.75,Walking,True,3.9,0,0
1789904330511,142,191090,1,2272,-0.901,1,0.75,Walking,True,3.9,0,0
1789904330511,142,191090,1,2272,-0.901,1,0.75,Walking,True,3.9,0,0
1789904330511,142,191090,1,2272,-0.901,1,0.75,Walking,True,3.9,0,0
1789904330511,142,191090,1,2272,-0.901,1,0.75,Walking,True,3.9,0,0
1789904330511,142,191090,1,2272,-0.901,1,0.75,Walking,True,3.9,0,0
1789904330511,142,191090,1,2272,-0.901,1,0.75,Walking,True,3.9,0,0
1789904330511,142,191090,1,2272,-0.901,1,0.75,Walking,True,3.9,0,0
1789904330526,143,192018,1,2288,-0.901,1,0.75,Walking,True,3.9,0,0
1789904330526,143,192018,1,2288,-0.901,1,0.75,Walking,True,3.9,0,0
1789904330526,143,192018,1,2288,-0.901,1,0.75,Walking,True,3.9,0,0
1789904330526,143,192018,1,2288,-0.901,1,0.75,Walking,True,3.9,0,0
1789904330526,143,192018,1,2288,-0.901,1,0.75,Walking,True,3.9,0,0
1789904330526,143,192018,1,2288,-0.901,1,0.75,Walking,True,3.9,0,0
1789904330526,143,192018,1,2288,-0.901,1,0.75,Walking,True,3.9,0,0
1789904330526,143,192018,1,2288,-0.901,1,0.75,Walking,True,3.9,0,0
1789904330557,144,192944,1,2304,-0.901,1,0.75,Walking,True,3.9,0,0
1789904330557,144,192944,1,2304,-0.901,1,0.75,Walking,True,3.9,0,0
1789904330557,144,192944,1,2304,-0.901,1,0.75,Walking,True,3.9,0,0
1789904330557,144,192944,1,2304,-0.901,1,0.75,Walking,True,3.9,0,0
1789904330557,144,192944,1,2304,-0.901,1,0.75,Walking,True,3.9,0,0
1789904330557,144,192944,1,2304,-0.901,1,0.75,Walking,True,3.9,0,0
1789904330557,144,192944,1,2304,-0.901,1,0.75,Walking,True,3.9,0,0
1789904330557,144,192944,1,2304,-0.901,1,0.75,Walking,True,3.9,0,0
1789904330573,145,195278,1,2320,-0.901,1,0.75,Walking,True,3.9,0,0
1789904330573,145,195278,1,2320,-0.901,1,0.75,Walking,True,3.9,0,0
1789904330573,145,195278,1,2320,-0.901,1,0.75,Walking,True,3.9,0,0
1789904330573,145,195278,1,2320,-0.901,1,0.75,Walking,True,3.9,0,0
1789904330573,145,195278,1,2320,-0.901,1,0.75,Walking,True,3.9,0,0
1789904330573,145,195278,1,2320,-0.901,1,0.75,Walking,True,3.9,0,0
1789904330573,145,195278,1,2320,-0.901,1,0.75,Walking,True,3.9,0,0
1789904330573,145,195278,1,2320,-0.901,1,0.75,Walking,True,3.9,0,0
1789904330589,146,196485,1,2336,-0.901,1,0.75,Walking,True,3.9,0,0
1789904330589,146,196485,1,2336,-0.901,1,0.75,Walking,True,3.9,0,0
1789904330589,146,196485,1,2336,-0.901,1,0.75,Walking,True,3.9,0,0
1789904330589,146,196485,1,2336,-0.901,1,0.75,Walking,True,3.9,0,0
1789904330589,146,196485,1,2336,-0.901,1,0.75,Walking,True,3.9,0,0
1789904330589,146,196485,1,2336,-0.901,1,0.75,Walking,True,3.9,0,0
1789904330589,146,196485,1,2336,-0.901,1,0.75,Walking,True,3.9,0,0
1789904330589,146,196485,1,2336,-0.901,1,0.75,Walking,True,3.9,0,0
1789904330605,147,197836,1,2352,-0.901,1,0.75,Walking,True,3.9,0,0
1789904330605,147,197836,1,2352,-0.901,1,0.75,Walking,True,3.9,0,0
1789904330605,147,197836,1,2352,-0.901,1,0.75,Walking,True,3.9,0,0
1789904330605,147,197836,1,2352,-0.901,1,0.75,Walking,True,3.9,0,0
1789904330605,147,197836,1,2352,-0.901,1,0.75,Walking,True,3.9,0,0
1789904330605,147,197836,1,2352,-0.901,1,0.75,Walking,True,3.9,0,0
1789904330605,147,197836,1,2352,-0.901,1,0.75,Walking,True,3.9,0,0
1789904330605,147,197836,1,2352,-0.901,1,0.75,Walking,True,3.9,0,0
1789904330620,148,199083,1,2368,-0.901,1,0.75,Walking,True,3.9,0,0
1789904330620,148,199083,1,2368,-0.901,1,0.75,Walking,True,3.9,0,0
1789904330620,148,199083,1,2368,-0.901,1,0.75,Walking,True,3.9,0,0
1789904330620,148,199083,1,2368,-0.901,1,0.75,Walking,True,3.9,0,0
1789904330620,148,199083,1,2368,-0.901,1,0.75,Walking,True,3.9,0,0
1789904330620,148,199083,1,2368,-0.901,1,0.75,Walking,True,3.9,0,0
1789904330620,148,199083,1,2368,-0.901,1,0.75,Walking,True,3.9,0,0
1789904330620,148,199083,1,2368,-0.901,1,0.75,Walking,True,3.9,0,0
1789904330635,149,200245,1,2384,-0.901,1,0.75,Walking,True,3.9,0,0
1789904330635,149,200245,1,2384,-0.901,1,0.75,Walking,True,3.9,0,0
1789904330635,149,200245,1,2384,-0.901,1,0.75,Walking,True,3.9,0,0
1789904330636,149,200245,1,2384,-0.901,1,0.75,Walking,True,3.9,0,0
1789904330636,149,200245,1,2384,-0.901,1,0.75,Walking,True,3.9,0,0
1789904330636,149,200245,1,2384,-0.901,1,0.75,Walking,True,3.9,0,0
1789904330636,149,200245,1,2384,-0.901,1,0.75,Walking,True,3.9,0,0
1789904330636,149,200245,1,2384,-0.901,1,0.75,Walking,True,3.9,0,0
1789904330651,150,201394,1,2400,-0.901,1,0.75,Walking,True,3.9,0,0
1789904330651,150,201394,1,2400,-0.901,1,0.75,Walking,True,3.9,0,0
1789904330651,150,201394,1,2400,-0.901,1,0.75,Walking,True,3.9,0,0
1789904330651,150,201394,1,2400,-0.901,1,0.75,Walking,True,3.9,0,0
1789904330651,150,201394,1,2400,-0.901,1,0.75,Walking,True,3.9,0,0
1789904330651,150,201394,1,2400,-0.901,1,0.75,Walking,True,3.9,0,0
1789904330651,150,201394,1,2400,-0.901,1,0.75,Walking,True,3.9,0,0
1789904330651,150,201394,1,2400,-0.901,1,0.75,Walking,True,3.9,0,0
1789904330682,151,202570,1,2416,-0.901,1,0.75,Walking,True,3.58,0,0
1789904330682,151,202570,1,2416,-0.901,1,0.75,Walking,True,3.58,0,0
1789904330682,151,202570,1,2416,-0.901,1,0.75,Walking,True,3.58,0,0
1789904330682,151,202570,1,2416,-0.901,1,0.75,Walking,True,3.58,0,0
1789904330682,151,202570,1,2416,-0.901,1,0.75,Walking,True,3.58,0,0
1789904330682,151,202570,1,2416,-0.901,1,0.75,Walking,True,3.58,0,0
1789904330682,151,202570,1,2416,-0.901,1,0.75,Walking,True,3.58,0,0
1789904330682,151,202570,1,2416,-0.901,1,0.75,Walking,True,3.58,0,0
1789904330698,152,205011,1,2432,-0.901,1,0.75,Walking,True,3.26,0,0
1789904330698,152,205011,1,2432,-0.901,1,0.75,Walking,True,3.26,0,0
1789904330698,152,205011,1,2432,-0.901,1,0.75,Walking,True,3.26,0,0
1789904330698,152,205011,1,2432,-0.901,1,0.75,Walking,True,3.26,0,0
1789904330698,152,205011,1,2432,-0.901,1,0.75,Walking,True,3.26,0,0
1789904330698,152,205011,1,2432,-0.901,1,0.75,Walking,True,3.26,0,0
1789904330698,152,205011,1,2432,-0.901,1,0.75,Walking,True,3.26,0,0
1789904330698,152,205011,1,2432,-0.901,1,0.75,Walking,True,3.26,0,0
1789904330714,153,206154,1,2448,-0.901,1,0.75,Walking,True,2.94,0,0
1789904330714,153,206154,1,2448,-0.901,1,0.75,Walking,True,2.94,0,0
1789904330714,153,206154,1,2448,-0.901,1,0.75,Walking,True,2.94,0,0
1789904330714,153,206154,1,2448,-0.901,1,0.75,Walking,True,2.94,0,0
1789904330714,153,206154,1,2448,-0.901,1,0.75,Walking,True,2.94,0,0
1789904330714,153,206154,1,2448,-0.901,1,0.75,Walking,True,2.94,0,0
1789904330714,153,206154,1,2448,-0.901,1,0.75,Walking,True,2.94,0,0
1789904330714,153,206154,1,2448,-0.901,1,0.75,Walking,True,2.94,0,0
1789904330729,154,207293,1,2464,-0.901,1,0.75,Walking,True,2.62,0,0
1789904330729,154,207293,1,2464,-0.901,1,0.75,Walking,True,2.62,0,0
1789904330729,154,207293,1,2464,-0.901,1,0.75,Walking,True,2.62,0,0
1789904330729,154,207293,1,2464,-0.901,1,0.75,Walking,True,2.62,0,0
1789904330729,154,207293,1,2464,-0.901,1,0.75,Walking,True,2.62,0,0
1789904330729,154,207293,1,2464,-0.901,1,0.75,Walking,True,2.62,0,0
1789904330729,154,207293,1,2464,-0.901,1,0.75,Walking,True,2.62,0,0
1789904330729,154,207293,1,2464,-0.901,1,0.75,Walking,True,2.62,0,0
1789904330745,155,208583,1,2480,-0.901,1,0.75,Walking,True,2.3,0,0
1789904330745,155,208583,1,2480,-0.901,1,0.75,Walking,True,2.3,0,0
1789904330745,155,208583,1,2480,-0.901,1,0.75,Walking,True,2.3,0,0
1789904330745,155,208583,1,2480,-0.901,1,0.75,Walking,True,2.3,0,0
1789904330745,155,208583,1,2480,-0.901,1,0.75,Walking,True,2.3,0,0
1789904330745,155,208583,1,2480,-0.901,1,0.75,Walking,True,2.3,0,0
1789904330745,155,208583,1,2480,-0.901,1,0.75,Walking,True,2.3,0,0
1789904330745,155,208583,1,2480,-0.901,1,0.75,Walking,True,2.3,0,0
1789904330761,156,209818,1,2496,-0.901,1,0.75,Walking,True,1.98,0,0
1789904330761,156,209818,1,2496,-0.901,1,0.75,Walking,True,1.98,0,0
1789904330761,156,209818,1,2496,-0.901,1,0.75,Walking,True,1.98,0,0
1789904330761,156,209818,1,2496,-0.901,1,0.75,Walking,True,1.98,0,0
1789904330761,156,209818,1,2496,-0.901,1,0.75,Walking,True,1.98,0,0
1789904330761,156,209818,1,2496,-0.901,1,0.75,Walking,True,1.98,0,0
1789904330761,156,209818,1,2496,-0.901,1,0.75,Walking,True,1.98,0,0
1789904330761,156,209818,1,2496,-0.901,1,0.75,Walking,True,1.98,0,0
1789904330777,157,211172,1,2512,-0.901,1,0.75,Walking,True,1.66,0,0
1789904330777,157,211172,1,2512,-0.901,1,0.75,Walking,True,1.66,0,0
1789904330777,157,211172,1,2512,-0.901,1,0.75,Walking,True,1.66,0,0
1789904330777,157,211172,1,2512,-0.901,1,0.75,Walking,True,1.66,0,0
1789904330777,157,211172,1,2512,-0.901,1,0.75,Walking,True,1.66,0,0
1789904330777,157,211172,1,2512,-0.901,1,0.75,Walking,True,1.66,0,0
1789904330777,157,211172,1,2512,-0.901,1,0.75,Walking,True,1.66,0,0
1789904330777,157,211172,1,2512,-0.901,1,0.75,Walking,True,1.66,0,0
1789904330791,158,212604,1,2528,-0.901,1,0.75,Walking,True,1.34,0,0
1789904330791,158,212604,1,2528,-0.901,1,0.75,Walking,True,1.34,0,0
1789904330791,158,212604,1,2528,-0.901,1,0.75,Walking,True,1.34,0,0
1789904330791,158,212604,1,2528,-0.901,1,0.75,Walking,True,1.34,0,0
1789904330791,158,212604,1,2528,-0.901,1,0.75,Walking,True,1.34,0,0
1789904330791,158,212604,1,2528,-0.901,1,0.75,Walking,True,1.34,0,0
1789904330791,158,212604,1,2528,-0.901,1,0.75,Walking,True,1.34,0,0
1789904330791,158,212604,1,2528,-0.901,1,0.75,Walking,True,1.34,0,0
1789904330807,159,213927,1,2544,-0.901,1,0.75,Walking,True,1.02,0,0
1789904330807,159,213927,1,2544,-0.901,1,0.75,Walking,True,1.02,0,0
1789904330807,159,213927,1,2544,-0.901,1,0.75,Walking,True,1.02,0,0
1789904330807,159,213927,1,2544,-0.901,1,0.75,Walking,True,1.02,0,0
1789904330807,159,213927,1,2544,-0.901,1,0.75,Walking,True,1.02,0,0
1789904330807,159,213927,1,2544,-0.901,1,0.75,Walking,True,1.02,0,0
1789904330807,159,213927,1,2544,-0.901,1,0.75,Walking,True,1.02,0,0
1789904330807,159,213927,1,2544,-0.901,1,0.75,Walking,True,1.02,0,0
1789904330822,160,215365,1,2560,-0.901,1,0.75,Walking,True,0.7,0,0
1789904330822,160,215365,1,2560,-0.901,1,0.75,Walking,True,0.7,0,0
1789904330822,160,215365,1,2560,-0.901,1,0.75,Walking,True,0.7,0,0
1789904330822,160,215365,1,2560,-0.901,1,0.75,Walking,True,0.7,0,0
1789904330822,160,215365,1,2560,-0.901,1,0.75,Walking,True,0.7,0,0
1789904330822,160,215365,1,2560,-0.901,1,0.75,Walking,True,0.7,0,0
1789904330822,160,215365,1,2560,-0.901,1,0.75,Walking,True,0.7,0,0
1789904330822,160,215365,1,2560,-0.901,1,0.75,Walking,True,0.7,0,0
1789904330838,161,216754,1,2576,-0.901,1,0.75,Walking,True,0.38,0,0
1789904330838,161,216754,1,2576,-0.901,1,0.75,Walking,True,0.38,0,0
1789904330838,161,216754,1,2576,-0.901,1,0.75,Walking,True,0.38,0,0
1789904330838,161,216754,1,2576,-0.901,1,0.75,Walking,True,0.38,0,0
1789904330838,161,216754,1,2576,-0.901,1,0.75,Walking,True,0.38,0,0
1789904330838,161,216754,1,2576,-0.901,1,0.75,Walking,True,0.38,0,0
1789904330838,161,216754,1,2576,-0.901,1,0.75,Walking,True,0.38,0,0
1789904330838,161,216754,1,2576,-0.901,1,0.75,Walking,True,0.38,0,0
1789904330853,162,217722,1,2592,-0.901,1,0.75,Walking,True,0.06,0,0
1789904330853,162,217722,1,2592,-0.901,1,0.75,Walking,True,0.06,0,0
1789904330853,162,217722,1,2592,-0.901,1,0.75,Walking,True,0.06,0,0
1789904330853,162,217722,1,2592,-0.901,1,0.75,Walking,True,0.06,0,0
1789904330853,162,217722,1,2592,-0.901,1,0.75,Walking,True,0.06,0,0
1789904330853,162,217722,1,2592,-0.901,1,0.75,Walking,True,0.06,0,0
1789904330853,162,217722,1,2592,-0.901,1,0.75,Walking,True,0.06,0,0
1789904330853,162,217722,1,2592,-0.901,1,0.75,Walking,True,0.06,0,0
1789904330868,163,218825,1,2608,-0.901,1,0.75,Walking,True,0,0,0
1789904330868,163,218825,1,2608,-0.901,1,0.75,Walking,True,0,0,0
1789904330868,163,218825,1,2608,-0.901,1,0.75,Walking,True,0,0,0
1789904330868,163,218825,1,2608,-0.901,1,0.75,Walking,True,0,0,0
1789904330868,163,218825,1,2608,-0.901,1,0.75,Walking,True,0,0,0
1789904330868,163,218825,1,2608,-0.901,1,0.75,Walking,True,0,0,0
1789904330868,163,218825,1,2608,-0.901,1,0.75,Walking,True,0,0,0
1789904330868,163,218825,1,2608,-0.901,1,0.75,Walking,True,0,0,0
1789904330883,164,219973,1,2624,-0.901,1,0.75,Walking,True,0,0,0
1789904330883,164,219973,1,2624,-0.901,1,0.75,Walking,True,0,0,0
1789904330883,164,219973,1,2624,-0.901,1,0.75,Walking,True,0,0,0
1789904330883,164,219973,1,2624,-0.901,1,0.75,Walking,True,0,0,0
1789904330883,164,219973,1,2624,-0.901,1,0.75,Walking,True,0,0,0
1789904330883,164,219973,1,2624,-0.901,1,0.75,Walking,True,0,0,0
1789904330883,164,219973,1,2624,-0.901,1,0.75,Walking,True,0,0,0
1789904330883,164,219973,1,2624,-0.901,1,0.75,Walking,True,0,0,0
1789904330898,165,221147,1,2640,-0.901,1,0.75,Walking,True,0,0,0
1789904330898,165,221147,1,2640,-0.901,1,0.75,Walking,True,0,0,0
1789904330898,165,221147,1,2640,-0.901,1,0.75,Walking,True,0,0,0
1789904330898,165,221147,1,2640,-0.901,1,0.75,Walking,True,0,0,0
1789904330898,165,221147,1,2640,-0.901,1,0.75,Walking,True,0,0,0
1789904330898,165,221147,1,2640,-0.901,1,0.75,Walking,True,0,0,0
1789904330898,165,221147,1,2640,-0.901,1,0.75,Walking,True,0,0,0
1789904330898,165,221147,1,2640,-0.901,1,0.75,Walking,True,0,0,0
1789904330914,166,222280,1,2656,-0.901,1,0.75,Walking,True,0,0,0
1789904330914,166,222280,1,2656,-0.901,1,0.75,Walking,True,0,0,0
1789904330914,166,222280,1,2656,-0.901,1,0.75,Walking,True,0,0,0
1789904330914,166,222280,1,2656,-0.901,1,0.75,Walking,True,0,0,0
1789904330914,166,222280,1,2656,-0.901,1,0.75,Walking,True,0,0,0
1789904330914,166,222280,1,2656,-0.901,1,0.75,Walking,True,0,0,0
1789904330914,166,222280,1,2656,-0.901,1,0.75,Walking,True,0,0,0
1789904330914,166,222280,1,2656,-0.901,1,0.75,Walking,True,0,0,0
1789904330931,167,223293,1,2672,-0.901,1,0.75,Walking,True,0,0,0
1789904330931,167,223293,1,2672,-0.901,1,0.75,Walking,True,0,0,0
1789904330931,167,223293,1,2672,-0.901,1,0.75,Walking,True,0,0,0
1789904330931,167,223293,1,2672,-0.901,1,0.75,Walking,True,0,0,0
1789904330931,167,223293,1,2672,-0.901,1,0.75,Walking,True,0,0,0
1789904330931,167,223293,1,2672,-0.901,1,0.75,Walking,True,0,0,0
1789904330931,167,223293,1,2672,-0.901,1,0.75,Walking,True,0,0,0
1789904330931,167,223293,1,2672,-0.901,1,0.75,Walking,True,0,0,0
1789904330946,168,224558,1,2688,-0.901,1,0.75,Walking,True,0,0,0
1789904330946,168,224558,1,2688,-0.901,1,0.75,Walking,True,0,0,0
1789904330946,168,224558,1,2688,-0.901,1,0.75,Walking,True,0,0,0
1789904330946,168,224558,1,2688,-0.901,1,0.75,Walking,True,0,0,0
1789904330946,168,224558,1,2688,-0.901,1,0.75,Walking,True,0,0,0
1789904330946,168,224558,1,2688,-0.901,1,0.75,Walking,True,0,0,0
1789904330946,168,224558,1,2688,-0.901,1,0.75,Walking,True,0,0,0
1789904330946,168,224558,1,2688,-0.901,1,0.75,Walking,True,0,0,0
1789904330961,169,225656,1,2704,-0.901,1,0.75,Walking,True,0,0,0
1789904330961,169,225656,1,2704,-0.901,1,0.75,Walking,True,0,0,0
1789904330961,169,225656,1,2704,-0.901,1,0.75,Walking,True,0,0,0
1789904330961,169,225656,1,2704,-0.901,1,0.75,Walking,True,0,0,0
1789904330961,169,225656,1,2704,-0.901,1,0.75,Walking,True,0,0,0
1789904330961,169,225656,1,2704,-0.901,1,0.75,Walking,True,0,0,0
1789904330961,169,225656,1,2704,-0.901,1,0.75,Walking,True,0,0,0
1789904330961,169,225656,1,2704,-0.901,1,0.75,Walking,True,0,0,0
1789904330977,170,226742,1,2720,-0.901,1,0.75,Walking,True,0,0,0
1789904330977,170,226742,1,2720,-0.901,1,0.75,Walking,True,0,0,0
1789904330977,170,226742,1,2720,-0.901,1,0.75,Walking,True,0,0,0
1789904330977,170,226742,1,2720,-0.901,1,0.75,Walking,True,0,0,0
1789904330977,170,226742,1,2720,-0.901,1,0.75,Walking,True,0,0,0
1789904330977,170,226742,1,2720,-0.901,1,0.75,Walking,True,0,0,0
1789904330977,170,226742,1,2720,-0.901,1,0.75,Walking,True,0,0,0
1789904330977,170,226742,1,2720,-0.901,1,0.75,Walking,True,0,0,0
1789904330992,171,228118,1,2736,-0.901,1,0.75,Walking,True,0,0,0
1789904330992,171,228118,1,2736,-0.901,1,0.75,Walking,True,0,0,0
1789904330992,171,228118,1,2736,-0.901,1,0.75,Walking,True,0,0,0
1789904330992,171,228118,1,2736,-0.901,1,0.75,Walking,True,0,0,0
1789904330992,171,228118,1,2736,-0.901,1,0.75,Walking,True,0,0,0
1789904330992,171,228118,1,2736,-0.901,1,0.75,Walking,True,0,0,0
1789904330992,171,228118,1,2736,-0.901,1,0.75,Walking,True,0,0,0
1789904330992,171,228118,1,2736,-0.901,1,0.75,Walking,True,0,0,0
1789904331008,172,229381,1,2752,-0.901,1,0.75,Walking,True,0,0,0
1789904331008,172,229381,1,2752,-0.901,1,0.75,Walking,True,0,0,0
1789904331008,172,229381,1,2752,-0.901,1,0.75,Walking,True,0,0,0
1789904331008,172,229381,1,2752,-0.901,1,0.75,Walking,True,0,0,0
1789904331008,172,229381,1,2752,-0.901,1,0.75,Walking,True,0,0,0
1789904331008,172,229381,1,2752,-0.901,1,0.75,Walking,True,0,0,0
1789904331008,172,229381,1,2752,-0.901,1,0.75,Walking,True,0,0,0
1789904331008,172,229381,1,2752,-0.901,1,0.75,Walking,True,0,0,0
1789904331023,173,230651,1,2768,-0.901,1,0.75,Walking,True,0,0,0
1789904331023,173,230651,1,2768,-0.901,1,0.75,Walking,True,0,0,0
1789904331023,173,230651,1,2768,-0.901,1,0.75,Walking,True,0,0,0
1789904331023,173,230651,1,2768,-0.901,1,0.75,Walking,True,0,0,0
1789904331023,173,230651,1,2768,-0.901,1,0.75,Walking,True,0,0,0
1789904331023,173,230651,1,2768,-0.901,1,0.75,Walking,True,0,0,0
1789904331023,173,230651,1,2768,-0.901,1,0.75,Walking,True,0,0,0
1789904331023,173,230651,1,2768,-0.901,1,0.75,Walking,True,0,0,0
1789904331038,174,231767,1,2784,-0.901,1,0.75,Walking,True,0,0,0
1789904331038,174,231767,1,2784,-0.901,1,0.75,Walking,True,0,0,0
1789904331038,174,231767,1,2784,-0.901,1,0.75,Walking,True,0,0,0
1789904331038,174,231767,1,2784,-0.901,1,0.75,Walking,True,0,0,0
1789904331038,174,231767,1,2784,-0.901,1,0.75,Walking,True,0,0,0
1789904331038,174,231767,1,2784,-0.901,1,0.75,Walking,True,0,0,0
1789904331038,174,231767,1,2784,-0.901,1,0.75,Walking,True,0,0,0
1789904331038,174,231767,1,2784,-0.901,1,0.75,Walking,True,0,0,0
1789904331054,175,232856,1,2800,-0.901,1,0.75,Walking,True,0,0,0
1789904331054,175,232856,1,2800,-0.901,1,0.75,Walking,True,0,0,0
1789904331054,175,232856,1,2800,-0.901,1,0.75,Walking,True,0,0,0
1789904331054,175,232856,1,2800,-0.901,1,0.75,Walking,True,0,0,0
1789904331054,175,232856,1,2800,-0.901,1,0.75,Walking,True,0,0,0
1789904331054,175,232856,1,2800,-0.901,1,0.75,Walking,True,0,0,0
1789904331054,175,232856,1,2800,-0.901,1,0.75,Walking,True,0,0,0
1789904331054,175,232856,1,2800,-0.901,1,0.75,Walking,True,0,0,0
1789904331069,176,234045,1,2816,-0.901,1,0.75,Walking,True,0,0,0
1789904331069,176,234045,1,2816,-0.901,1,0.75,Walking,True,0,0,0
1789904331069,176,234045,1,2816,-0.901,1,0.75,Walking,True,0,0,0
1789904331069,176,234045,1,2816,-0.901,1,0.75,Walking,True,0,0,0
1789904331069,176,234045,1,2816,-0.901,1,0.75,Walking,True,0,0,0
1789904331069,176,234045,1,2816,-0.901,1,0.75,Walking,True,0,0,0
1789904331069,176,234045,1,2816,-0.901,1,0.75,Walking,True,0,0,0
1789904331069,176,234045,1,2816,-0.901,1,0.75,Walking,True,0,0,0
1789904331085,177,235088,1,2832,-0.901,1,0.75,Walking,True,0,0,0
1789904331085,177,235088,1,2832,-0.901,1,0.75,Walking,True,0,0,0
1789904331085,177,235088,1,2832,-0.901,1,0.75,Walking,True,0,0,0
1789904331085,177,235088,1,2832,-0.901,1,0.75,Walking,True,0,0,0
1789904331085,177,235088,1,2832,-0.901,1,0.75,Walking,True,0,0,0
1789904331085,177,235088,1,2832,-0.901,1,0.75,Walking,True,0,0,0
1789904331085,177,235088,1,2832,-0.901,1,0.75,Walking,True,0,0,0
1789904331085,177,235088,1,2832,-0.901,1,0.75,Walking,True,0,0,0
1789904331100,178,236270,1,2848,-0.901,1,0.75,Walking,True,0,0,0
1789904331100,178,236270,1,2848,-0.901,1,0.75,Walking,True,0,0,0
1789904331100,178,236270,1,2848,-0.901,1,0.75,Walking,True,0,0,0
1789904331101,178,236270,1,2848,-0.901,1,0.75,Walking,True,0,0,0
1789904331101,178,236270,1,2848,-0.901,1,0.75,Walking,True,0,0,0
1789904331101,178,236270,1,2848,-0.901,1,0.75,Walking,True,0,0,0
1789904331101,178,236270,1,2848,-0.901,1,0.75,Walking,True,0,0,0
1789904331101,178,236270,1,2848,-0.901,1,0.75,Walking,True,0,0,0
1789904331116,179,237386,1,2864,-0.901,1,0.75,Walking,True,0,0,0
1789904331116,179,237386,1,2864,-0.901,1,0.75,Walking,True,0,0,0
1789904331116,179,237386,1,2864,-0.901,1,0.75,Walking,True,0,0,0
1789904331116,179,237386,1,2864,-0.901,1,0.75,Walking,True,0,0,0
1789904331116,179,237386,1,2864,-0.901,1,0.75,Walking,True,0,0,0
1789904331116,179,237386,1,2864,-0.901,1,0.75,Walking,True,0,0,0
1789904331116,179,237386,1,2864,-0.901,1,0.75,Walking,True,0,0,0
1789904331116,179,237386,1,2864,-0.901,1,0.75,Walking,True,0,0,0
1789904331132,180,238316,1,2880,-0.901,1,0.75,Walking,True,0,0,0
1789904331132,180,238316,1,2880,-0.901,1,0.75,Walking,True,0,0,0
1789904331132,180,238316,1,2880,-0.901,1,0.75,Walking,True,0,0,0
1789904331132,180,238316,1,2880,-0.901,1,0.75,Walking,True,0,0,0
1789904331132,180,238316,1,2880,-0.901,1,0.75,Walking,True,0,0,0
1789904331132,180,238316,1,2880,-0.901,1,0.75,Walking,True,0,0,0
1789904331132,180,238316,1,2880,-0.901,1,0.75,Walking,True,0,0,0
1789904331132,180,238316,1,2880,-0.901,1,0.75,Walking,True,0,0,0
1789904331162,181,239420,1,2896,-0.901,1,0.75,Walking,True,0,0,0
1789904331162,181,239420,1,2896,-0.901,1,0.75,Walking,True,0,0,0
1789904331162,181,239420,1,2896,-0.901,1,0.75,Walking,True,0,0,0
1789904331162,181,239420,1,2896,-0.901,1,0.75,Walking,True,0,0,0
1789904331162,181,239420,1,2896,-0.901,1,0.75,Walking,True,0,0,0
1789904331162,181,239420,1,2896,-0.901,1,0.75,Walking,True,0,0,0
1789904331162,181,239420,1,2896,-0.901,1,0.75,Walking,True,0,0,0
1789904331162,181,239420,1,2896,-0.901,1,0.75,Walking,True,0,0,0
1789904331396,182,269350,1,2912,-0.90612,1,0.75,Walking,True,-0.32,0,0
1789904331396,182,269350,1,2912,-0.90612,1,0.75,Walking,True,-0.32,0,0
1789904331396,182,269350,1,2912,-0.90612,1,0.75,Walking,True,-0.32,0,0
1789904331396,182,269350,1,2912,-0.90612,1,0.75,Walking,True,-0.32,0,0
1789904331396,182,269350,1,2912,-0.90612,1,0.75,Walking,True,-0.32,0,0
1789904331396,182,269350,1,2912,-0.90612,1,0.75,Walking,True,-0.32,0,0
1789904331396,182,269350,1,2912,-0.90612,1,0.75,Walking,True,-0.32,0,0
1789904331396,182,269350,1,2912,-0.90612,1,0.75,Walking,True,-0.32,0,0
1789904331410,183,271633,1,2928,-0.91636,1,0.75,Walking,True,-0.64,0,0
1789904331410,183,271633,1,2928,-0.91636,1,0.75,Walking,True,-0.64,0,0
1789904331410,183,271633,1,2928,-0.91636,1,0.75,Walking,True,-0.64,0,0
1789904331410,183,271633,1,2928,-0.91636,1,0.75,Walking,True,-0.64,0,0
1789904331410,183,271633,1,2928,-0.91636,1,0.75,Walking,True,-0.64,0,0
1789904331410,183,271633,1,2928,-0.91636,1,0.75,Walking,True,-0.64,0,0
1789904331410,183,271633,1,2928,-0.91636,1,0.75,Walking,True,-0.64,0,0
1789904331410,183,271633,1,2928,-0.91636,1,0.75,Walking,True,-0.64,0,0
1789904331425,184,272568,1,2944,-0.93172,1,0.75,Walking,True,-0.96,0,0
1789904331425,184,272568,1,2944,-0.93172,1,0.75,Walking,True,-0.96,0,0
1789904331425,184,272568,1,2944,-0.93172,1,0.75,Walking,True,-0.96,0,0
1789904331425,184,272568,1,2944,-0.93172,1,0.75,Walking,True,-0.96,0,0
1789904331425,184,272568,1,2944,-0.93172,1,0.75,Walking,True,-0.96,0,0
1789904331425,184,272568,1,2944,-0.93172,1,0.75,Walking,True,-0.96,0,0
1789904331425,184,272568,1,2944,-0.93172,1,0.75,Walking,True,-0.96,0,0
1789904331425,184,272568,1,2944,-0.93172,1,0.75,Walking,True,-0.96,0,0
1789904331441,185,273780,1,2960,-0.9522,1,0.75,Walking,True,-1.28,0,0
1789904331441,185,273780,1,2960,-0.9522,1,0.75,Walking,True,-1.28,0,0
1789904331441,185,273780,1,2960,-0.9522,1,0.75,Walking,True,-1.28,0,0
1789904331441,185,273780,1,2960,-0.9522,1,0.75,Walking,True,-1.28,0,0
1789904331441,185,273780,1,2960,-0.9522,1,0.75,Walking,True,-1.28,0,0
1789904331441,185,273780,1,2960,-0.9522,1,0.75,Walking,True,-1.28,0,0
1789904331441,185,273780,1,2960,-0.9522,1,0.75,Walking,True,-1.28,0,0
1789904331441,185,273780,1,2960,-0.9522,1,0.75,Walking,True,-1.28,0,0
1789904331457,186,274858,1,2976,-0.9778,1,0.75,Walking,True,-1.6,0,0
1789904331457,186,274858,1,2976,-0.9778,1,0.75,Walking,True,-1.6,0,0
1789904331457,186,274858,1,2976,-0.9778,1,0.75,Walking,True,-1.6,0,0
1789904331457,186,274858,1,2976,-0.9778,1,0.75,Walking,True,-1.6,0,0
1789904331457,186,274858,1,2976,-0.9778,1,0.75,Walking,True,-1.6,0,0
1789904331457,186,274858,1,2976,-0.9778,1,0.75,Walking,True,-1.6,0,0
1789904331457,186,274858,1,2976,-0.9778,1,0.75,Walking,True,-1.6,0,0
1789904331457,186,274858,1,2976,-0.9778,1,0.75,Walking,True,-1.6,0,0
1789904331472,187,276045,1,2992,-1.00852,1,0.75,Walking,True,-1.92,0,0
1789904331472,187,276045,1,2992,-1.00852,1,0.75,Walking,True,-1.92,0,0
1789904331472,187,276045,1,2992,-1.00852,1,0.75,Walking,True,-1.92,0,0
1789904331472,187,276045,1,2992,-1.00852,1,0.75,Walking,True,-1.92,0,0
1789904331472,187,276045,1,2992,-1.00852,1,0.75,Walking,True,-1.92,0,0
1789904331472,187,276045,1,2992,-1.00852,1,0.75,Walking,True,-1.92,0,0
1789904331472,187,276045,1,2992,-1.00852,1,0.75,Walking,True,-1.92,0,0
1789904331472,187,276045,1,2992,-1.00852,1,0.75,Walking,True,-1.92,0,0
1789904331487,188,277144,1,3008,-1.04436,1,0.75,Walking,True,-2.24,0,0
1789904331487,188,277144,1,3008,-1.04436,1,0.75,Walking,True,-2.24,0,0
1789904331487,188,277144,1,3008,-1.04436,1,0.75,Walking,True,-2.24,0,0
1789904331487,188,277144,1,3008,-1.04436,1,0.75,Walking,True,-2.24,0,0
1789904331487,188,277144,1,3008,-1.04436,1,0.75,Walking,True,-2.24,0,0
1789904331487,188,277144,1,3008,-1.04436,1,0.75,Walking,True,-2.24,0,0
1789904331487,188,277144,1,3008,-1.04436,1,0.75,Walking,True,-2.24,0,0
1789904331487,188,277144,1,3008,-1.04436,1,0.75,Walking,True,-2.24,0,0
1789904331503,189,278207,1,3024,-1.08532,1,0.75,Walking,True,-2.56,0,0
1789904331503,189,278207,1,3024,-1.08532,1,0.75,Walking,True,-2.56,0,0
1789904331503,189,278207,1,3024,-1.08532,1,0.75,Walking,True,-2.56,0,0
1789904331503,189,278207,1,3024,-1.08532,1,0.75,Walking,True,-2.56,0,0
1789904331503,189,278207,1,3024,-1.08532,1,0.75,Walking,True,-2.56,0,0
1789904331503,189,278207,1,3024,-1.08532,1,0.75,Walking,True,-2.56,0,0
1789904331503,189,278207,1,3024,-1.08532,1,0.75,Walking,True,-2.56,0,0
1789904331503,189,278207,1,3024,-1.08532,1,0.75,Walking,True,-2.56,0,0
1789904331518,190,279419,1,3040,-1.1314,1,0.75,Walking,True,-2.88,0,0
1789904331518,190,279419,1,3040,-1.1314,1,0.75,Walking,True,-2.88,0,0
1789904331518,190,279419,1,3040,-1.1314,1,0.75,Walking,True,-2.88,0,0
1789904331518,190,279419,1,3040,-1.1314,1,0.75,Walking,True,-2.88,0,0
1789904331518,190,279419,1,3040,-1.1314,1,0.75,Walking,True,-2.88,0,0
1789904331518,190,279419,1,3040,-1.1314,1,0.75,Walking,True,-2.88,0,0
1789904331518,190,279419,1,3040,-1.1314,1,0.75,Walking,True,-2.88,0,0
1789904331518,190,279419,1,3040,-1.1314,1,0.75,Walking,True,-2.88,0,0
1789904331533,191,280472,1,3056,-1.1826,1,0.75,Walking,True,-3.2,0,0
1789904331533,191,280472,1,3056,-1.1826,1,0.75,Walking,True,-3.2,0,0
1789904331533,191,280472,1,3056,-1.1826,1,0.75,Walking,True,-3.2,0,0
1789904331533,191,280472,1,3056,-1.1826,1,0.75,Walking,True,-3.2,0,0
1789904331533,191,280472,1,3056,-1.1826,1,0.75,Walking,True,-3.2,0,0
1789904331533,191,280472,1,3056,-1.1826,1,0.75,Walking,True,-3.2,0,0
1789904331533,191,280472,1,3056,-1.1826,1,0.75,Walking,True,-3.2,0,0
1789904331533,191,280472,1,3056,-1.1826,1,0.75,Walking,True,-3.2,0,0
1789904331549,192,281646,1,3072,-1.23892,1,0.75,Walking,True,-3.52,0,0
1789904331549,192,281646,1,3072,-1.23892,1,0.75,Walking,True,-3.52,0,0
1789904331549,192,281646,1,3072,-1.23892,1,0.75,Walking,True,-3.52,0,0
1789904331549,192,281646,1,3072,-1.23892,1,0.75,Walking,True,-3.52,0,0
1789904331549,192,281646,1,3072,-1.23892,1,0.75,Walking,True,-3.52,0,0
1789904331549,192,281646,1,3072,-1.23892,1,0.75,Walking,True,-3.52,0,0
1789904331549,192,281646,1,3072,-1.23892,1,0.75,Walking,True,-3.52,0,0
1789904331549,192,281646,1,3072,-1.23892,1,0.75,Walking,True,-3.52,0,0
1789904331565,193,282701,1,3088,-1.30036,1,0.75,Walking,True,-3.84,0,0
1789904331565,193,282701,1,3088,-1.30036,1,0.75,Walking,True,-3.84,0,0
1789904331565,193,282701,1,3088,-1.30036,1,0.75,Walking,True,-3.84,0,0
1789904331565,193,282701,1,3088,-1.30036,1,0.75,Walking,True,-3.84,0,0
1789904331565,193,282701,1,3088,-1.30036,1,0.75,Walking,True,-3.84,0,0
1789904331565,193,282701,1,3088,-1.30036,1,0.75,Walking,True,-3.84,0,0
1789904331565,193,282701,1,3088,-1.30036,1,0.75,Walking,True,-3.84,0,0
1789904331565,193,282701,1,3088,-1.30036,1,0.75,Walking,True,-3.84,0,0
1789904331580,194,283874,1,3104,-1.36276,1,0.75,Walking,True,-3.9,0,0
1789904331580,194,283874,1,3104,-1.36276,1,0.75,Walking,True,-3.9,0,0
1789904331580,194,283874,1,3104,-1.36276,1,0.75,Walking,True,-3.9,0,0
1789904331580,194,283874,1,3104,-1.36276,1,0.75,Walking,True,-3.9,0,0
1789904331580,194,283874,1,3104,-1.36276,1,0.75,Walking,True,-3.9,0,0
1789904331580,194,283874,1,3104,-1.36276,1,0.75,Walking,True,-3.9,0,0
1789904331580,194,283874,1,3104,-1.36276,1,0.75,Walking,True,-3.9,0,0
1789904331580,194,283874,1,3104,-1.36276,1,0.75,Walking,True,-3.9,0,0
1789904331595,195,285268,1,3120,-1.42516,1,0.75,Walking,True,-3.9,0,0
1789904331595,195,285268,1,3120,-1.42516,1,0.75,Walking,True,-3.9,0,0
1789904331595,195,285268,1,3120,-1.42516,1,0.75,Walking,True,-3.9,0,0
1789904331595,195,285268,1,3120,-1.42516,1,0.75,Walking,True,-3.9,0,0
1789904331595,195,285268,1,3120,-1.42516,1,0.75,Walking,True,-3.9,0,0
1789904331595,195,285268,1,3120,-1.42516,1,0.75,Walking,True,-3.9,0,0
1789904331595,195,285268,1,3120,-1.42516,1,0.75,Walking,True,-3.9,0,0
1789904331595,195,285268,1,3120,-1.42516,1,0.75,Walking,True,-3.9,0,0
1789904331611,196,286449,1,3136,-1.48756,1,0.75,Walking,True,-3.9,0,0
1789904331611,196,286449,1,3136,-1.48756,1,0.75,Walking,True,-3.9,0,0
1789904331611,196,286449,1,3136,-1.48756,1,0.75,Walking,True,-3.9,0,0
1789904331611,196,286449,1,3136,-1.48756,1,0.75,Walking,True,-3.9,0,0
1789904331611,196,286449,1,3136,-1.48756,1,0.75,Walking,True,-3.9,0,0
1789904331611,196,286449,1,3136,-1.48756,1,0.75,Walking,True,-3.9,0,0
1789904331611,196,286449,1,3136,-1.48756,1,0.75,Walking,True,-3.9,0,0
1789904331611,196,286449,1,3136,-1.48756,1,0.75,Walking,True,-3.9,0,0
1789904331628,197,287610,1,3152,-1.54996,1,0.75,Walking,True,-3.9,0,0
1789904331628,197,287610,1,3152,-1.54996,1,0.75,Walking,True,-3.9,0,0
1789904331628,197,287610,1,3152,-1.54996,1,0.75,Walking,True,-3.9,0,0
1789904331628,197,287610,1,3152,-1.54996,1,0.75,Walking,True,-3.9,0,0
1789904331628,197,287610,1,3152,-1.54996,1,0.75,Walking,True,-3.9,0,0
1789904331628,197,287610,1,3152,-1.54996,1,0.75,Walking,True,-3.9,0,0
1789904331628,197,287610,1,3152,-1.54996,1,0.75,Walking,True,-3.9,0,0
1789904331628,197,287610,1,3152,-1.54996,1,0.75,Walking,True,-3.9,0,0
1789904331642,198,288974,1,3168,-1.61236,1,0.75,Walking,True,-3.9,0,0
1789904331642,198,288974,1,3168,-1.61236,1,0.75,Walking,True,-3.9,0,0
1789904331642,198,288974,1,3168,-1.61236,1,0.75,Walking,True,-3.9,0,0
1789904331642,198,288974,1,3168,-1.61236,1,0.75,Walking,True,-3.9,0,0
1789904331642,198,288974,1,3168,-1.61236,1,0.75,Walking,True,-3.9,0,0
1789904331642,198,288974,1,3168,-1.61236,1,0.75,Walking,True,-3.9,0,0
1789904331642,198,288974,1,3168,-1.61236,1,0.75,Walking,True,-3.9,0,0
1789904331642,198,288974,1,3168,-1.61236,1,0.75,Walking,True,-3.9,0,0
1789904331657,199,290171,1,3184,-1.67476,1,0.75,Walking,True,-3.9,0,0
1789904331657,199,290171,1,3184,-1.67476,1,0.75,Walking,True,-3.9,0,0
1789904331657,199,290171,1,3184,-1.67476,1,0.75,Walking,True,-3.9,0,0
1789904331657,199,290171,1,3184,-1.67476,1,0.75,Walking,True,-3.9,0,0
1789904331657,199,290171,1,3184,-1.67476,1,0.75,Walking,True,-3.9,0,0
1789904331657,199,290171,1,3184,-1.67476,1,0.75,Walking,True,-3.9,0,0
1789904331657,199,290171,1,3184,-1.67476,1,0.75,Walking,True,-3.9,0,0
1789904331657,199,290171,1,3184,-1.67476,1,0.75,Walking,True,-3.9,0,0
1789904331673,200,291515,1,3200,-1.73716,1,0.75,Walking,True,-3.9,0,0
1789904331673,200,291515,1,3200,-1.73716,1,0.75,Walking,True,-3.9,0,0
1789904331673,200,291515,1,3200,-1.73716,1,0.75,Walking,True,-3.9,0,0
1789904331673,200,291515,1,3200,-1.73716,1,0.75,Walking,True,-3.9,0,0
1789904331673,200,291515,1,3200,-1.73716,1,0.75,Walking,True,-3.9,0,0
1789904331673,200,291515,1,3200,-1.73716,1,0.75,Walking,True,-3.9,0,0
1789904331673,200,291515,1,3200,-1.73716,1,0.75,Walking,True,-3.9,0,0
1789904331673,200,291515,1,3200,-1.73716,1,0.75,Walking,True,-3.9,0,0
1789904331688,201,293002,1,3216,-1.79956,1,0.75,Walking,True,-3.9,0,0
1789904331688,201,293002,1,3216,-1.79956,1,0.75,Walking,True,-3.9,0,0
1789904331688,201,293002,1,3216,-1.79956,1,0.75,Walking,True,-3.9,0,0
1789904331688,201,293002,1,3216,-1.79956,1,0.75,Walking,True,-3.9,0,0
1789904331688,201,293002,1,3216,-1.79956,1,0.75,Walking,True,-3.9,0,0
1789904331688,201,293002,1,3216,-1.79956,1,0.75,Walking,True,-3.9,0,0
1789904331688,201,293002,1,3216,-1.79956,1,0.75,Walking,True,-3.9,0,0
1789904331688,201,293002,1,3216,-1.79956,1,0.75,Walking,True,-3.9,0,0
1789904331703,202,294457,1,3232,-1.86196,1,0.75,Walking,True,-3.9,0,0
1789904331703,202,294457,1,3232,-1.86196,1,0.75,Walking,True,-3.9,0,0
1789904331703,202,294457,1,3232,-1.86196,1,0.75,Walking,True,-3.9,0,0
1789904331703,202,294457,1,3232,-1.86196,1,0.75,Walking,True,-3.9,0,0
1789904331703,202,294457,1,3232,-1.86196,1,0.75,Walking,True,-3.9,0,0
1789904331703,202,294457,1,3232,-1.86196,1,0.75,Walking,True,-3.9,0,0
1789904331703,202,294457,1,3232,-1.86196,1,0.75,Walking,True,-3.9,0,0
1789904331703,202,294457,1,3232,-1.86196,1,0.75,Walking,True,-3.9,0,0
1789904331720,203,295864,1,3248,-1.92436,1,0.75,Walking,True,-3.9,0,0
1789904331720,203,295864,1,3248,-1.92436,1,0.75,Walking,True,-3.9,0,0
1789904331720,203,295864,1,3248,-1.92436,1,0.75,Walking,True,-3.9,0,0
1789904331720,203,295864,1,3248,-1.92436,1,0.75,Walking,True,-3.9,0,0
1789904331720,203,295864,1,3248,-1.92436,1,0.75,Walking,True,-3.9,0,0
1789904331720,203,295864,1,3248,-1.92436,1,0.75,Walking,True,-3.9,0,0
1789904331720,203,295864,1,3248,-1.92436,1,0.75,Walking,True,-3.9,0,0
1789904331720,203,295864,1,3248,-1.92436,1,0.75,Walking,True,-3.9,0,0
1789904331736,204,297239,1,3264,-1.98676,1,0.75,Walking,True,-3.9,0,0
1789904331736,204,297239,1,3264,-1.98676,1,0.75,Walking,True,-3.9,0,0
1789904331736,204,297239,1,3264,-1.98676,1,0.75,Walking,True,-3.9,0,0
1789904331736,204,297239,1,3264,-1.98676,1,0.75,Walking,True,-3.9,0,0
1789904331736,204,297239,1,3264,-1.98676,1,0.75,Walking,True,-3.9,0,0
1789904331736,204,297239,1,3264,-1.98676,1,0.75,Walking,True,-3.9,0,0
1789904331736,204,297239,1,3264,-1.98676,1,0.75,Walking,True,-3.9,0,0
1789904331736,204,297239,1,3264,-1.98676,1,0.75,Walking,True,-3.9,0,0
1789904331766,205,298544,1,3280,-2.04916,1,0.75,Walking,True,-3.9,0,0
1789904331766,205,298544,1,3280,-2.04916,1,0.75,Walking,True,-3.9,0,0
1789904331766,205,298544,1,3280,-2.04916,1,0.75,Walking,True,-3.9,0,0
1789904331766,205,298544,1,3280,-2.04916,1,0.75,Walking,True,-3.9,0,0
1789904331766,205,298544,1,3280,-2.04916,1,0.75,Walking,True,-3.9,0,0
1789904331766,205,298544,1,3280,-2.04916,1,0.75,Walking,True,-3.9,0,0
1789904331766,205,298544,1,3280,-2.04916,1,0.75,Walking,True,-3.9,0,0
1789904331766,205,298544,1,3280,-2.04916,1,0.75,Walking,True,-3.9,0,0
1789904331783,206,300777,1,3296,-2.11156,1,0.75,Walking,True,-3.9,0,0
1789904331783,206,300777,1,3296,-2.11156,1,0.75,Walking,True,-3.9,0,0
1789904331783,206,300777,1,3296,-2.11156,1,0.75,Walking,True,-3.9,0,0
1789904331783,206,300777,1,3296,-2.11156,1,0.75,Walking,True,-3.9,0,0
1789904331783,206,300777,1,3296,-2.11156,1,0.75,Walking,True,-3.9,0,0
1789904331783,206,300777,1,3296,-2.11156,1,0.75,Walking,True,-3.9,0,0
1789904331783,206,300777,1,3296,-2.11156,1,0.75,Walking,True,-3.9,0,0
1789904331783,206,300777,1,3296,-2.11156,1,0.75,Walking,True,-3.9,0,0
1789904331813,207,302090,1,3312,-2.17396,1,0.75,Walking,True,-3.9,0,0
1789904331813,208,302091,1,3328,-2.23636,1,0.75,Walking,True,-3.9,0,0
1789904331813,208,302091,1,3328,-2.23636,1,0.75,Walking,True,-3.9,0,0
1789904331813,208,302091,1,3328,-2.23636,1,0.75,Walking,True,-3.9,0,0
1789904331813,208,302091,1,3328,-2.23636,1,0.75,Walking,True,-3.9,0,0
1789904331813,208,302091,1,3328,-2.23636,1,0.75,Walking,True,-3.9,0,0
1789904331813,208,302091,1,3328,-2.23636,1,0.75,Walking,True,-3.9,0,0
1789904331813,208,302091,1,3328,-2.23636,1,0.75,Walking,True,-3.9,0,0
1789904331830,209,304468,1,3344,-2.29876,1,0.75,Walking,True,-3.9,0,0
1789904331830,209,304468,1,3344,-2.29876,1,0.75,Walking,True,-3.9,0,0
1789904331830,209,304468,1,3344,-2.29876,1,0.75,Walking,True,-3.9,0,0
1789904331830,209,304468,1,3344,-2.29876,1,0.75,Walking,True,-3.9,0,0
1789904331830,209,304468,1,3344,-2.29876,1,0.75,Walking,True,-3.9,0,0
1789904331830,209,304468,1,3344,-2.29876,1,0.75,Walking,True,-3.9,0,0
1789904331830,209,304468,1,3344,-2.29876,1,0.75,Walking,True,-3.9,0,0
1789904331830,209,304468,1,3344,-2.29876,1,0.75,Walking,True,-3.9,0,0
1789904331844,210,305661,1,3360,-2.361161,1,0.75,Walking,True,-3.9,0,0
1789904331844,210,305661,1,3360,-2.361161,1,0.75,Walking,True,-3.9,0,0
1789904331845,210,305661,1,3360,-2.361161,1,0.75,Walking,True,-3.9,0,0
1789904331845,210,305661,1,3360,-2.361161,1,0.75,Walking,True,-3.9,0,0
1789904331845,210,305661,1,3360,-2.361161,1,0.75,Walking,True,-3.9,0,0
1789904331845,210,305661,1,3360,-2.361161,1,0.75,Walking,True,-3.9,0,0
1789904331845,210,305661,1,3360,-2.361161,1,0.75,Walking,True,-3.9,0,0
1789904331845,210,305661,1,3360,-2.361161,1,0.75,Walking,True,-3.9,0,0
1789904331860,211,306788,1,3376,-2.423561,1,0.75,Walking,True,-3.9,0,0
1789904331860,211,306788,1,3376,-2.423561,1,0.75,Walking,True,-3.9,0,0
1789904331860,211,306788,1,3376,-2.423561,1,0.75,Walking,True,-3.9,0,0
1789904331860,211,306788,1,3376,-2.423561,1,0.75,Walking,True,-3.9,0,0
1789904331860,211,306788,1,3376,-2.423561,1,0.75,Walking,True,-3.9,0,0
1789904331860,211,306788,1,3376,-2.423561,1,0.75,Walking,True,-3.9,0,0
1789904331860,211,306788,1,3376,-2.423561,1,0.75,Walking,True,-3.9,0,0
1789904331860,211,306788,1,3376,-2.423561,1,0.75,Walking,True,-3.9,0,0
1789904331876,212,308053,1,3392,-2.485961,1,0.75,Walking,True,-3.9,0,0
1789904331876,212,308053,1,3392,-2.485961,1,0.75,Walking,True,-3.9,0,0
1789904331876,212,308053,1,3392,-2.485961,1,0.75,Walking,True,-3.9,0,0
1789904331876,212,308053,1,3392,-2.485961,1,0.75,Walking,True,-3.9,0,0
1789904331876,212,308053,1,3392,-2.485961,1,0.75,Walking,True,-3.9,0,0
1789904331876,212,308053,1,3392,-2.485961,1,0.75,Walking,True,-3.9,0,0
1789904331876,212,308053,1,3392,-2.485961,1,0.75,Walking,True,-3.9,0,0
1789904331876,212,308053,1,3392,-2.485961,1,0.75,Walking,True,-3.9,0,0
1789904331891,213,309506,1,3408,-2.548361,1,0.75,Walking,True,-3.9,0,0
1789904331891,213,309506,1,3408,-2.548361,1,0.75,Walking,True,-3.9,0,0
1789904331891,213,309506,1,3408,-2.548361,1,0.75,Walking,True,-3.9,0,0
1789904331891,213,309506,1,3408,-2.548361,1,0.75,Walking,True,-3.9,0,0
1789904331891,213,309506,1,3408,-2.548361,1,0.75,Walking,True,-3.9,0,0
1789904331891,213,309506,1,3408,-2.548361,1,0.75,Walking,True,-3.9,0,0
1789904331891,213,309506,1,3408,-2.548361,1,0.75,Walking,True,-3.9,0,0
1789904331891,213,309506,1,3408,-2.548361,1,0.75,Walking,True,-3.9,0,0
1789904331907,214,310808,1,3424,-2.610761,1,0.75,Walking,True,-3.9,0,0
1789904331907,214,310808,1,3424,-2.610761,1,0.75,Walking,True,-3.9,0,0
1789904331907,214,310808,1,3424,-2.610761,1,0.75,Walking,True,-3.9,0,0
1789904331907,214,310808,1,3424,-2.610761,1,0.75,Walking,True,-3.9,0,0
1789904331907,214,310808,1,3424,-2.610761,1,0.75,Walking,True,-3.9,0,0
1789904331907,214,310808,1,3424,-2.610761,1,0.75,Walking,True,-3.9,0,0
1789904331907,214,310808,1,3424,-2.610761,1,0.75,Walking,True,-3.9,0,0
1789904331907,214,310808,1,3424,-2.610761,1,0.75,Walking,True,-3.9,0,0
1789904331922,215,312119,1,3440,-2.673161,1,0.75,Walking,True,-3.9,0,0
1789904331922,215,312119,1,3440,-2.673161,1,0.75,Walking,True,-3.9,0,0
1789904331922,215,312119,1,3440,-2.673161,1,0.75,Walking,True,-3.9,0,0
1789904331922,215,312119,1,3440,-2.673161,1,0.75,Walking,True,-3.9,0,0
1789904331922,215,312119,1,3440,-2.673161,1,0.75,Walking,True,-3.9,0,0
1789904331922,215,312119,1,3440,-2.673161,1,0.75,Walking,True,-3.9,0,0
1789904331922,215,312119,1,3440,-2.673161,1,0.75,Walking,True,-3.9,0,0
1789904331922,215,312119,1,3440,-2.673161,1,0.75,Walking,True,-3.9,0,0
1789904331938,216,313581,1,3456,-2.735561,1,0.75,Walking,True,-3.9,0,0
1789904331938,216,313581,1,3456,-2.735561,1,0.75,Walking,True,-3.9,0,0
1789904331938,216,313581,1,3456,-2.735561,1,0.75,Walking,True,-3.9,0,0
1789904331938,216,313581,1,3456,-2.735561,1,0.75,Walking,True,-3.9,0,0
1789904331938,216,313581,1,3456,-2.735561,1,0.75,Walking,True,-3.9,0,0
1789904331938,216,313581,1,3456,-2.735561,1,0.75,Walking,True,-3.9,0,0
1789904331938,216,313581,1,3456,-2.735561,1,0.75,Walking,True,-3.9,0,0
1789904331938,216,313581,1,3456,-2.735561,1,0.75,Walking,True,-3.9,0,0
1789904331954,217,315054,1,3472,-2.797961,1,0.75,Walking,True,-3.9,0,0
1789904331954,217,315054,1,3472,-2.797961,1,0.75,Walking,True,-3.9,0,0
1789904331954,217,315054,1,3472,-2.797961,1,0.75,Walking,True,-3.9,0,0
1789904331954,217,315054,1,3472,-2.797961,1,0.75,Walking,True,-3.9,0,0
1789904331954,217,315054,1,3472,-2.797961,1,0.75,Walking,True,-3.9,0,0
1789904331954,217,315054,1,3472,-2.797961,1,0.75,Walking,True,-3.9,0,0
1789904331954,217,315054,1,3472,-2.797961,1,0.75,Walking,True,-3.9,0,0
1789904331954,217,315054,1,3472,-2.797961,1,0.75,Walking,True,-3.9,0,0
1789904331970,218,316510,1,3488,-2.860361,1,0.75,Walking,True,-3.9,0,0
1789904331970,218,316510,1,3488,-2.860361,1,0.75,Walking,True,-3.9,0,0
1789904331970,218,316510,1,3488,-2.860361,1,0.75,Walking,True,-3.9,0,0
1789904331970,218,316510,1,3488,-2.860361,1,0.75,Walking,True,-3.9,0,0
1789904331970,218,316510,1,3488,-2.860361,1,0.75,Walking,True,-3.9,0,0
1789904331970,218,316510,1,3488,-2.860361,1,0.75,Walking,True,-3.9,0,0
1789904331970,218,316510,1,3488,-2.860361,1,0.75,Walking,True,-3.9,0,0
1789904331970,218,316510,1,3488,-2.860361,1,0.75,Walking,True,-3.9,0,0
1789904331985,219,318114,1,3504,-2.922761,1,0.75,Walking,True,-3.9,0,0
1789904331985,219,318114,1,3504,-2.922761,1,0.75,Walking,True,-3.9,0,0
1789904331985,219,318114,1,3504,-2.922761,1,0.75,Walking,True,-3.9,0,0
1789904331985,219,318114,1,3504,-2.922761,1,0.75,Walking,True,-3.9,0,0
1789904331985,219,318114,1,3504,-2.922761,1,0.75,Walking,True,-3.9,0,0
1789904331985,219,318114,1,3504,-2.922761,1,0.75,Walking,True,-3.9,0,0
1789904331985,219,318114,1,3504,-2.922761,1,0.75,Walking,True,-3.9,0,0
1789904331985,219,318114,1,3504,-2.922761,1,0.75,Walking,True,-3.9,0,0
1789904332001,220,319562,1,3520,-2.985162,1,0.75,Walking,True,-3.9,0,0
1789904332001,220,319562,1,3520,-2.985162,1,0.75,Walking,True,-3.9,0,0
1789904332001,220,319562,1,3520,-2.985162,1,0.75,Walking,True,-3.9,0,0
1789904332001,220,319562,1,3520,-2.985162,1,0.75,Walking,True,-3.9,0,0
1789904332001,220,319562,1,3520,-2.985162,1,0.75,Walking,True,-3.9,0,0
1789904332001,220,319562,1,3520,-2.985162,1,0.75,Walking,True,-3.9,0,0
1789904332001,220,319562,1,3520,-2.985162,1,0.75,Walking,True,-3.9,0,0
1789904332001,220,319562,1,3520,-2.985162,1,0.75,Walking,True,-3.9,0,0
1789904332017,221,321022,1,3536,-3.047562,1,0.75,Walking,True,-3.9,0,0
1789904332017,221,321022,1,3536,-3.047562,1,0.75,Walking,True,-3.9,0,0
1789904332017,221,321022,1,3536,-3.047562,1,0.75,Walking,True,-3.9,0,0
1789904332017,221,321022,1,3536,-3.047562,1,0.75,Walking,True,-3.9,0,0
1789904332017,221,321022,1,3536,-3.047562,1,0.75,Walking,True,-3.9,0,0
1789904332017,221,321022,1,3536,-3.047562,1,0.75,Walking,True,-3.9,0,0
1789904332017,221,321022,1,3536,-3.047562,1,0.75,Walking,True,-3.9,0,0
1789904332017,221,321022,1,3536,-3.047562,1,0.75,Walking,True,-3.9,0,0
1789904332032,222,322430,1,3552,-3.109962,1,0.75,Walking,True,-3.9,0,0
1789904332032,222,322430,1,3552,-3.109962,1,0.75,Walking,True,-3.9,0,0
1789904332032,222,322430,1,3552,-3.109962,1,0.75,Walking,True,-3.9,0,0
1789904332032,222,322430,1,3552,-3.109962,1,0.75,Walking,True,-3.9,0,0
1789904332032,222,322430,1,3552,-3.109962,1,0.75,Walking,True,-3.9,0,0
1789904332032,222,322430,1,3552,-3.109962,1,0.75,Walking,True,-3.9,0,0
1789904332032,222,322430,1,3552,-3.109962,1,0.75,Walking,True,-3.9,0,0
1789904332032,222,322430,1,3552,-3.109962,1,0.75,Walking,True,-3.9,0,0
1789904332047,223,323497,1,3568,-3.172362,1,0.75,Walking,True,-3.9,0,0
1789904332047,223,323497,1,3568,-3.172362,1,0.75,Walking,True,-3.9,0,0
1789904332047,223,323497,1,3568,-3.172362,1,0.75,Walking,True,-3.9,0,0
1789904332047,223,323497,1,3568,-3.172362,1,0.75,Walking,True,-3.9,0,0
1789904332047,223,323497,1,3568,-3.172362,1,0.75,Walking,True,-3.9,0,0
1789904332047,223,323497,1,3568,-3.172362,1,0.75,Walking,True,-3.9,0,0
1789904332047,223,323497,1,3568,-3.172362,1,0.75,Walking,True,-3.9,0,0
1789904332047,223,323497,1,3568,-3.172362,1,0.75,Walking,True,-3.9,0,0
1789904332062,224,324802,1,3584,-3.234762,1,0.75,Walking,True,-3.9,0,0
1789904332062,224,324802,1,3584,-3.234762,1,0.75,Walking,True,-3.9,0,0
1789904332062,224,324802,1,3584,-3.234762,1,0.75,Walking,True,-3.9,0,0
1789904332062,224,324802,1,3584,-3.234762,1,0.75,Walking,True,-3.9,0,0
1789904332062,224,324802,1,3584,-3.234762,1,0.75,Walking,True,-3.9,0,0
1789904332062,224,324802,1,3584,-3.234762,1,0.75,Walking,True,-3.9,0,0
1789904332062,224,324802,1,3584,-3.234762,1,0.75,Walking,True,-3.9,0,0
1789904332062,224,324802,1,3584,-3.234762,1,0.75,Walking,True,-3.9,0,0
1789904332078,225,326155,1,3600,-3.297162,1,0.75,Walking,True,-3.9,0,0
1789904332078,225,326155,1,3600,-3.297162,1,0.75,Walking,True,-3.9,0,0
1789904332078,225,326155,1,3600,-3.297162,1,0.75,Walking,True,-3.9,0,0
1789904332078,225,326155,1,3600,-3.297162,1,0.75,Walking,True,-3.9,0,0
1789904332078,225,326155,1,3600,-3.297162,1,0.75,Walking,True,-3.9,0,0
1789904332078,225,326155,1,3600,-3.297162,1,0.75,Walking,True,-3.9,0,0
1789904332078,225,326155,1,3600,-3.297162,1,0.75,Walking,True,-3.9,0,0
1789904332078,225,326155,1,3600,-3.297162,1,0.75,Walking,True,-3.9,0,0
1789904332094,226,327586,1,3616,-3.359562,1,0.75,Walking,True,-3.9,0,0
1789904332094,226,327586,1,3616,-3.359562,1,0.75,Walking,True,-3.9,0,0
1789904332094,226,327586,1,3616,-3.359562,1,0.75,Walking,True,-3.9,0,0
1789904332094,226,327586,1,3616,-3.359562,1,0.75,Walking,True,-3.9,0,0
1789904332094,226,327586,1,3616,-3.359562,1,0.75,Walking,True,-3.9,0,0
1789904332094,226,327586,1,3616,-3.359562,1,0.75,Walking,True,-3.9,0,0
1789904332094,226,327586,1,3616,-3.359562,1,0.75,Walking,True,-3.9,0,0
1789904332094,226,327586,1,3616,-3.359562,1,0.75,Walking,True,-3.9,0,0
1789904332109,227,328908,1,3632,-3.421962,1,0.75,Walking,True,-3.9,0,0
1789904332109,227,328908,1,3632,-3.421962,1,0.75,Walking,True,-3.9,0,0
1789904332109,227,328908,1,3632,-3.421962,1,0.75,Walking,True,-3.9,0,0
1789904332109,227,328908,1,3632,-3.421962,1,0.75,Walking,True,-3.9,0,0
1789904332109,227,328908,1,3632,-3.421962,1,0.75,Walking,True,-3.9,0,0
1789904332109,227,328908,1,3632,-3.421962,1,0.75,Walking,True,-3.9,0,0
1789904332109,227,328908,1,3632,-3.421962,1,0.75,Walking,True,-3.9,0,0
1789904332109,227,328908,1,3632,-3.421962,1,0.75,Walking,True,-3.9,0,0
1789904332124,228,330036,1,3648,-3.484362,1,0.75,Walking,True,-3.9,0,0
1789904332124,228,330036,1,3648,-3.484362,1,0.75,Walking,True,-3.9,0,0
1789904332124,228,330036,1,3648,-3.484362,1,0.75,Walking,True,-3.9,0,0
1789904332124,228,330036,1,3648,-3.484362,1,0.75,Walking,True,-3.9,0,0
1789904332124,228,330036,1,3648,-3.484362,1,0.75,Walking,True,-3.9,0,0
1789904332124,228,330036,1,3648,-3.484362,1,0.75,Walking,True,-3.9,0,0
1789904332124,228,330036,1,3648,-3.484362,1,0.75,Walking,True,-3.9,0,0
1789904332124,228,330036,1,3648,-3.484362,1,0.75,Walking,True,-3.9,0,0
1789904332140,229,331244,1,3664,-3.546762,1,0.75,Walking,True,-3.9,0,0
1789904332140,229,331244,1,3664,-3.546762,1,0.75,Walking,True,-3.9,0,0
1789904332140,229,331244,1,3664,-3.546762,1,0.75,Walking,True,-3.9,0,0
1789904332140,229,331244,1,3664,-3.546762,1,0.75,Walking,True,-3.9,0,0
1789904332140,229,331244,1,3664,-3.546762,1,0.75,Walking,True,-3.9,0,0
1789904332140,229,331244,1,3664,-3.546762,1,0.75,Walking,True,-3.9,0,0
1789904332140,229,331244,1,3664,-3.546762,1,0.75,Walking,True,-3.9,0,0
1789904332140,229,331244,1,3664,-3.546762,1,0.75,Walking,True,-3.9,0,0
1789904332156,230,332320,1,3680,-3.609163,1,0.75,Walking,True,-3.9,0,0
1789904332156,230,332320,1,3680,-3.609163,1,0.75,Walking,True,-3.9,0,0
1789904332156,230,332320,1,3680,-3.609163,1,0.75,Walking,True,-3.9,0,0
1789904332156,230,332320,1,3680,-3.609163,1,0.75,Walking,True,-3.9,0,0
1789904332156,230,332320,1,3680,-3.609163,1,0.75,Walking,True,-3.9,0,0
1789904332156,230,332320,1,3680,-3.609163,1,0.75,Walking,True,-3.9,0,0
1789904332156,230,332320,1,3680,-3.609163,1,0.75,Walking,True,-3.9,0,0
1789904332156,230,332320,1,3680,-3.609163,1,0.75,Walking,True,-3.9,0,0
1789904332172,231,333549,1,3696,-3.671563,1,0.75,Walking,True,-3.9,0,0
1789904332172,231,333549,1,3696,-3.671563,1,0.75,Walking,True,-3.9,0,0
1789904332172,231,333549,1,3696,-3.671563,1,0.75,Walking,True,-3.9,0,0
1789904332172,231,333549,1,3696,-3.671563,1,0.75,Walking,True,-3.9,0,0
1789904332172,231,333549,1,3696,-3.671563,1,0.75,Walking,True,-3.9,0,0
1789904332172,231,333549,1,3696,-3.671563,1,0.75,Walking,True,-3.9,0,0
1789904332172,231,333549,1,3696,-3.671563,1,0.75,Walking,True,-3.9,0,0
1789904332172,231,333549,1,3696,-3.671563,1,0.75,Walking,True,-3.9,0,0
1789904332202,232,334698,1,3712,-3.728843,1,0.75,Walking,True,-3.58,0,0
1789904332202,232,334698,1,3712,-3.728843,1,0.75,Walking,True,-3.58,0,0
1789904332202,232,334698,1,3712,-3.728843,1,0.75,Walking,True,-3.58,0,0
1789904332202,232,334698,1,3712,-3.728843,1,0.75,Walking,True,-3.58,0,0
1789904332202,232,334698,1,3712,-3.728843,1,0.75,Walking,True,-3.58,0,0
1789904332202,232,334698,1,3712,-3.728843,1,0.75,Walking,True,-3.58,0,0
1789904332202,232,334698,1,3712,-3.728843,1,0.75,Walking,True,-3.58,0,0
1789904332202,232,334698,1,3712,-3.728843,1,0.75,Walking,True,-3.58,0,0
1789904332218,233,336914,1,3728,-3.781003,1,0.75,Walking,True,-3.26,0,0
1789904332219,233,336914,1,3728,-3.781003,1,0.75,Walking,True,-3.26,0,0
1789904332219,233,336914,1,3728,-3.781003,1,0.75,Walking,True,-3.26,0,0
1789904332219,233,336914,1,3728,-3.781003,1,0.75,Walking,True,-3.26,0,0
1789904332219,233,336914,1,3728,-3.781003,1,0.75,Walking,True,-3.26,0,0
1789904332219,233,336914,1,3728,-3.781003,1,0.75,Walking,True,-3.26,0,0
1789904332219,233,336914,1,3728,-3.781003,1,0.75,Walking,True,-3.26,0,0
1789904332219,233,336914,1,3728,-3.781003,1,0.75,Walking,True,-3.26,0,0
1789904332235,234,338054,1,3744,-3.828043,1,0.75,Walking,True,-2.94,0,0
1789904332235,234,338054,1,3744,-3.828043,1,0.75,Walking,True,-2.94,0,0
1789904332235,234,338054,1,3744,-3.828043,1,0.75,Walking,True,-2.94,0,0
1789904332235,234,338054,1,3744,-3.828043,1,0.75,Walking,True,-2.94,0,0
1789904332235,234,338054,1,3744,-3.828043,1,0.75,Walking,True,-2.94,0,0
1789904332235,234,338054,1,3744,-3.828043,1,0.75,Walking,True,-2.94,0,0
1789904332235,234,338054,1,3744,-3.828043,1,0.75,Walking,True,-2.94,0,0
1789904332235,234,338054,1,3744,-3.828043,1,0.75,Walking,True,-2.94,0,0
1789904332251,235,339092,1,3760,-3.869963,1,0.75,Walking,True,-2.62,0,0
1789904332251,235,339092,1,3760,-3.869963,1,0.75,Walking,True,-2.62,0,0
1789904332251,235,339092,1,3760,-3.869963,1,0.75,Walking,True,-2.62,0,0
1789904332251,235,339092,1,3760,-3.869963,1,0.75,Walking,True,-2.62,0,0
1789904332251,235,339092,1,3760,-3.869963,1,0.75,Walking,True,-2.62,0,0
1789904332251,235,339092,1,3760,-3.869963,1,0.75,Walking,True,-2.62,0,0
1789904332251,235,339092,1,3760,-3.869963,1,0.75,Walking,True,-2.62,0,0
1789904332251,235,339092,1,3760,-3.869963,1,0.75,Walking,True,-2.62,0,0
1789904332267,236,340180,1,3776,-3.906763,1,0.75,Walking,True,-2.3,0,0
1789904332267,236,340180,1,3776,-3.906763,1,0.75,Walking,True,-2.3,0,0
1789904332267,236,340180,1,3776,-3.906763,1,0.75,Walking,True,-2.3,0,0
1789904332267,236,340180,1,3776,-3.906763,1,0.75,Walking,True,-2.3,0,0
1789904332267,236,340180,1,3776,-3.906763,1,0.75,Walking,True,-2.3,0,0
1789904332267,236,340180,1,3776,-3.906763,1,0.75,Walking,True,-2.3,0,0
1789904332267,236,340180,1,3776,-3.906763,1,0.75,Walking,True,-2.3,0,0
1789904332267,236,340180,1,3776,-3.906763,1,0.75,Walking,True,-2.3,0,0
1789904332283,237,341271,1,3792,-3.938443,1,0.75,Walking,True,-1.98,0,0
1789904332283,237,341271,1,3792,-3.938443,1,0.75,Walking,True,-1.98,0,0
1789904332283,237,341271,1,3792,-3.938443,1,0.75,Walking,True,-1.98,0,0
1789904332283,237,341271,1,3792,-3.938443,1,0.75,Walking,True,-1.98,0,0
1789904332283,237,341271,1,3792,-3.938443,1,0.75,Walking,True,-1.98,0,0
1789904332283,237,341271,1,3792,-3.938443,1,0.75,Walking,True,-1.98,0,0
1789904332283,237,341271,1,3792,-3.938443,1,0.75,Walking,True,-1.98,0,0
1789904332283,237,341271,1,3792,-3.938443,1,0.75,Walking,True,-1.98,0,0
1789904332313,238,342620,1,3808,-3.965003,1,0.75,Walking,True,-1.66,0,0
1789904332313,239,342621,1,3824,-3.986443,1,0.75,Walking,True,-1.34,0,0
1789904332313,239,342621,1,3824,-3.986443,1,0.75,Walking,True,-1.34,0,0
1789904332313,239,342621,1,3824,-3.986443,1,0.75,Walking,True,-1.34,0,0
1789904332313,239,342621,1,3824,-3.986443,1,0.75,Walking,True,-1.34,0,0
1789904332313,239,342621,1,3824,-3.986443,1,0.75,Walking,True,-1.34,0,0
1789904332313,239,342621,1,3824,-3.986443,1,0.75,Walking,True,-1.34,0,0
1789904332313,239,342621,1,3824,-3.986443,1,0.75,Walking,True,-1.34,0,0
1789904332328,240,344885,1,3840,-4.002763,1,0.75,Walking,True,-1.02,0,0
1789904332328,240,344885,1,3840,-4.002763,1,0.75,Walking,True,-1.02,0,0
1789904332328,240,344885,1,3840,-4.002763,1,0.75,Walking,True,-1.02,0,0
1789904332328,240,344885,1,3840,-4.002763,1,0.75,Walking,True,-1.02,0,0
1789904332328,240,344885,1,3840,-4.002763,1,0.75,Walking,True,-1.02,0,0
1789904332328,240,344885,1,3840,-4.002763,1,0.75,Walking,True,-1.02,0,0
1789904332328,240,344885,1,3840,-4.002763,1,0.75,Walking,True,-1.02,0,0
1789904332328,240,344885,1,3840,-4.002763,1,0.75,Walking,True,-1.02,0,0
1789904332343,241,345811,1,3856,-4.013963,1,0.75,Walking,True,-0.7,0,0
1789904332343,241,345811,1,3856,-4.013963,1,0.75,Walking,True,-0.7,0,0
1789904332343,241,345811,1,3856,-4.013963,1,0.75,Walking,True,-0.7,0,0
1789904332343,241,345811,1,3856,-4.013963,1,0.75,Walking,True,-0.7,0,0
1789904332343,241,345811,1,3856,-4.013963,1,0.75,Walking,True,-0.7,0,0
1789904332343,241,345811,1,3856,-4.013963,1,0.75,Walking,True,-0.7,0,0
1789904332343,241,345811,1,3856,-4.013963,1,0.75,Walking,True,-0.7,0,0
1789904332343,241,345811,1,3856,-4.013963,1,0.75,Walking,True,-0.7,0,0
1789904332359,242,346972,1,3872,-4.020043,1,0.75,Walking,True,-0.38,0,0
1789904332359,242,346972,1,3872,-4.020043,1,0.75,Walking,True,-0.38,0,0
1789904332359,242,346972,1,3872,-4.020043,1,0.75,Walking,True,-0.38,0,0
1789904332359,242,346972,1,3872,-4.020043,1,0.75,Walking,True,-0.38,0,0
1789904332359,242,346972,1,3872,-4.020043,1,0.75,Walking,True,-0.38,0,0
1789904332359,242,346972,1,3872,-4.020043,1,0.75,Walking,True,-0.38,0,0
1789904332359,242,346972,1,3872,-4.020043,1,0.75,Walking,True,-0.38,0,0
1789904332359,242,346972,1,3872,-4.020043,1,0.75,Walking,True,-0.38,0,0
1789904332375,243,348203,1,3888,-4.020043,1,0.75,Walking,True,-0.06,0,0
1789904332375,243,348203,1,3888,-4.020043,1,0.75,Walking,True,-0.06,0,0
1789904332375,243,348203,1,3888,-4.020043,1,0.75,Walking,True,-0.06,0,0
1789904332375,243,348203,1,3888,-4.020043,1,0.75,Walking,True,-0.06,0,0
1789904332375,243,348203,1,3888,-4.020043,1,0.75,Walking,True,-0.06,0,0
1789904332375,243,348203,1,3888,-4.020043,1,0.75,Walking,True,-0.06,0,0
1789904332375,243,348203,1,3888,-4.020043,1,0.75,Walking,True,-0.06,0,0
1789904332375,243,348203,1,3888,-4.020043,1,0.75,Walking,True,-0.06,0,0
1789904332391,244,349599,1,3904,-4.020043,1,0.75,Walking,True,0,0,0
1789904332391,244,349599,1,3904,-4.020043,1,0.75,Walking,True,0,0,0
1789904332391,244,349599,1,3904,-4.020043,1,0.75,Walking,True,0,0,0
1789904332391,244,349599,1,3904,-4.020043,1,0.75,Walking,True,0,0,0
1789904332391,244,349599,1,3904,-4.020043,1,0.75,Walking,True,0,0,0
1789904332391,244,349599,1,3904,-4.020043,1,0.75,Walking,True,0,0,0
1789904332391,244,349599,1,3904,-4.020043,1,0.75,Walking,True,0,0,0
1789904332391,244,349599,1,3904,-4.020043,1,0.75,Walking,True,0,0,0
1789904332406,245,350955,1,3920,-4.020043,1,0.75,Walking,True,0,0,0
1789904332406,245,350955,1,3920,-4.020043,1,0.75,Walking,True,0,0,0
1789904332406,245,350955,1,3920,-4.020043,1,0.75,Walking,True,0,0,0
1789904332406,245,350955,1,3920,-4.020043,1,0.75,Walking,True,0,0,0
1789904332406,245,350955,1,3920,-4.020043,1,0.75,Walking,True,0,0,0
1789904332406,245,350955,1,3920,-4.020043,1,0.75,Walking,True,0,0,0
1789904332406,245,350955,1,3920,-4.020043,1,0.75,Walking,True,0,0,0
1789904332406,245,350955,1,3920,-4.020043,1,0.75,Walking,True,0,0,0
1789904332422,246,352306,1,3936,-4.020043,1,0.75,Walking,True,0,0,0
1789904332422,246,352306,1,3936,-4.020043,1,0.75,Walking,True,0,0,0
1789904332422,246,352306,1,3936,-4.020043,1,0.75,Walking,True,0,0,0
1789904332422,246,352306,1,3936,-4.020043,1,0.75,Walking,True,0,0,0
1789904332422,246,352306,1,3936,-4.020043,1,0.75,Walking,True,0,0,0
1789904332422,246,352306,1,3936,-4.020043,1,0.75,Walking,True,0,0,0
1789904332422,246,352306,1,3936,-4.020043,1,0.75,Walking,True,0,0,0
1789904332422,246,352306,1,3936,-4.020043,1,0.75,Walking,True,0,0,0
1789904332437,247,353639,1,3952,-4.020043,1,0.75,Walking,True,0,0,0
1789904332437,247,353639,1,3952,-4.020043,1,0.75,Walking,True,0,0,0
1789904332437,247,353639,1,3952,-4.020043,1,0.75,Walking,True,0,0,0
1789904332437,247,353639,1,3952,-4.020043,1,0.75,Walking,True,0,0,0
1789904332437,247,353639,1,3952,-4.020043,1,0.75,Walking,True,0,0,0
1789904332437,247,353639,1,3952,-4.020043,1,0.75,Walking,True,0,0,0
1789904332437,247,353639,1,3952,-4.020043,1,0.75,Walking,True,0,0,0
1789904332437,247,353639,1,3952,-4.020043,1,0.75,Walking,True,0,0,0
1789904332453,248,355105,1,3968,-4.020043,1,0.75,Walking,True,0,0,0
1789904332453,248,355105,1,3968,-4.020043,1,0.75,Walking,True,0,0,0
1789904332453,248,355105,1,3968,-4.020043,1,0.75,Walking,True,0,0,0
1789904332453,248,355105,1,3968,-4.020043,1,0.75,Walking,True,0,0,0
1789904332453,248,355105,1,3968,-4.020043,1,0.75,Walking,True,0,0,0
1789904332453,248,355105,1,3968,-4.020043,1,0.75,Walking,True,0,0,0
1789904332453,248,355105,1,3968,-4.020043,1,0.75,Walking,True,0,0,0
1789904332453,248,355105,1,3968,-4.020043,1,0.75,Walking,True,0,0,0
1789904332469,249,356528,1,3984,-4.020043,1,0.75,Walking,True,0,0,0
1789904332469,249,356528,1,3984,-4.020043,1,0.75,Walking,True,0,0,0
1789904332469,249,356528,1,3984,-4.020043,1,0.75,Walking,True,0,0,0
1789904332469,249,356528,1,3984,-4.020043,1,0.75,Walking,True,0,0,0
1789904332469,249,356528,1,3984,-4.020043,1,0.75,Walking,True,0,0,0
1789904332469,249,356528,1,3984,-4.020043,1,0.75,Walking,True,0,0,0
1789904332469,249,356528,1,3984,-4.020043,1,0.75,Walking,True,0,0,0
1789904332469,249,356528,1,3984,-4.020043,1,0.75,Walking,True,0,0,0
1789904332485,250,358096,1,4000,-4.020043,1,0.75,Walking,True,0,0,0
1789904332485,250,358096,1,4000,-4.020043,1,0.75,Walking,True,0,0,0
1789904332485,250,358096,1,4000,-4.020043,1,0.75,Walking,True,0,0,0
1789904332485,250,358096,1,4000,-4.020043,1,0.75,Walking,True,0,0,0
1789904332485,250,358096,1,4000,-4.020043,1,0.75,Walking,True,0,0,0
1789904332485,250,358096,1,4000,-4.020043,1,0.75,Walking,True,0,0,0
1789904332485,250,358096,1,4000,-4.020043,1,0.75,Walking,True,0,0,0
1789904332485,250,358096,1,4000,-4.020043,1,0.75,Walking,True,0,0,0
1789904332500,251,359675,1,4016,-4.020043,1,0.75,Walking,True,0,0,0
1789904332500,251,359675,1,4016,-4.020043,1,0.75,Walking,True,0,0,0
1789904332500,251,359675,1,4016,-4.020043,1,0.75,Walking,True,0,0,0
1789904332500,251,359675,1,4016,-4.020043,1,0.75,Walking,True,0,0,0
1789904332500,251,359675,1,4016,-4.020043,1,0.75,Walking,True,0,0,0
1789904332500,251,359675,1,4016,-4.020043,1,0.75,Walking,True,0,0,0
1789904332500,251,359675,1,4016,-4.020043,1,0.75,Walking,True,0,0,0
1789904332500,251,359675,1,4016,-4.020043,1,0.75,Walking,True,0,0,0
1789904332516,252,361009,1,4032,-4.020043,1,0.75,Walking,True,0,0,0
1789904332516,252,361009,1,4032,-4.020043,1,0.75,Walking,True,0,0,0
1789904332516,252,361009,1,4032,-4.020043,1,0.75,Walking,True,0,0,0
1789904332516,252,361009,1,4032,-4.020043,1,0.75,Walking,True,0,0,0
1789904332516,252,361009,1,4032,-4.020043,1,0.75,Walking,True,0,0,0
1789904332516,252,361009,1,4032,-4.020043,1,0.75,Walking,True,0,0,0
1789904332516,252,361009,1,4032,-4.020043,1,0.75,Walking,True,0,0,0
1789904332516,252,361009,1,4032,-4.020043,1,0.75,Walking,True,0,0,0
1789904332532,253,362380,1,4048,-4.020043,1,0.75,Walking,True,0,0,0
1789904332532,253,362380,1,4048,-4.020043,1,0.75,Walking,True,0,0,0
1789904332532,253,362380,1,4048,-4.020043,1,0.75,Walking,True,0,0,0
1789904332532,253,362380,1,4048,-4.020043,1,0.75,Walking,True,0,0,0
1789904332532,253,362380,1,4048,-4.020043,1,0.75,Walking,True,0,0,0
1789904332532,253,362380,1,4048,-4.020043,1,0.75,Walking,True,0,0,0
1789904332532,253,362380,1,4048,-4.020043,1,0.75,Walking,True,0,0,0
1789904332532,253,362380,1,4048,-4.020043,1,0.75,Walking,True,0,0,0
1789904332547,254,363765,1,4064,-4.020043,1,0.75,Walking,True,0,0,0
1789904332547,254,363765,1,4064,-4.020043,1,0.75,Walking,True,0,0,0
1789904332547,254,363765,1,4064,-4.020043,1,0.75,Walking,True,0,0,0
1789904332547,254,363765,1,4064,-4.020043,1,0.75,Walking,True,0,0,0
1789904332547,254,363765,1,4064,-4.020043,1,0.75,Walking,True,0,0,0
1789904332547,254,363765,1,4064,-4.020043,1,0.75,Walking,True,0,0,0
1789904332547,254,363765,1,4064,-4.020043,1,0.75,Walking,True,0,0,0
1789904332547,254,363765,1,4064,-4.020043,1,0.75,Walking,True,0,0,0
1789904332563,255,365054,1,4080,-4.020043,1,0.75,Walking,True,0,0,0
1789904332563,255,365054,1,4080,-4.020043,1,0.75,Walking,True,0,0,0
1789904332563,255,365054,1,4080,-4.020043,1,0.75,Walking,True,0,0,0
1789904332563,255,365054,1,4080,-4.020043,1,0.75,Walking,True,0,0,0
1789904332563,255,365054,1,4080,-4.020043,1,0.75,Walking,True,0,0,0
1789904332563,255,365054,1,4080,-4.020043,1,0.75,Walking,True,0,0,0
1789904332563,255,365054,1,4080,-4.020043,1,0.75,Walking,True,0,0,0
1789904332563,255,365054,1,4080,-4.020043,1,0.75,Walking,True,0,0,0
1789904332578,256,366435,1,4096,-4.020043,1,0.75,Walking,True,0,0,0
1789904332578,256,366435,1,4096,-4.020043,1,0.75,Walking,True,0,0,0
1789904332578,256,366435,1,4096,-4.020043,1,0.75,Walking,True,0,0,0
1789904332578,256,366435,1,4096,-4.020043,1,0.75,Walking,True,0,0,0
1789904332578,256,366435,1,4096,-4.020043,1,0.75,Walking,True,0,0,0
1789904332578,256,366435,1,4096,-4.020043,1,0.75,Walking,True,0,0,0
1789904332578,256,366435,1,4096,-4.020043,1,0.75,Walking,True,0,0,0
1789904332578,256,366435,1,4096,-4.020043,1,0.75,Walking,True,0,0,0
1789904332594,257,367836,1,4112,-4.020043,1,0.75,Walking,True,0,0,0
1789904332594,257,367836,1,4112,-4.020043,1,0.75,Walking,True,0,0,0
1789904332594,257,367836,1,4112,-4.020043,1,0.75,Walking,True,0,0,0
1789904332594,257,367836,1,4112,-4.020043,1,0.75,Walking,True,0,0,0
1789904332594,257,367836,1,4112,-4.020043,1,0.75,Walking,True,0,0,0
1789904332594,257,367836,1,4112,-4.020043,1,0.75,Walking,True,0,0,0
1789904332594,257,367836,1,4112,-4.020043,1,0.75,Walking,True,0,0,0
1789904332594,257,367836,1,4112,-4.020043,1,0.75,Walking,True,0,0,0
1789904332610,258,369140,1,4128,-4.020043,1,0.75,Walking,True,0,0,0
1789904332610,258,369140,1,4128,-4.020043,1,0.75,Walking,True,0,0,0
1789904332610,258,369140,1,4128,-4.020043,1,0.75,Walking,True,0,0,0
1789904332610,258,369140,1,4128,-4.020043,1,0.75,Walking,True,0,0,0
1789904332610,258,369140,1,4128,-4.020043,1,0.75,Walking,True,0,0,0
1789904332610,258,369140,1,4128,-4.020043,1,0.75,Walking,True,0,0,0
1789904332610,258,369140,1,4128,-4.020043,1,0.75,Walking,True,0,0,0
1789904332610,258,369140,1,4128,-4.020043,1,0.75,Walking,True,0,0,0
1789904332627,259,370693,1,4144,-4.020043,1,0.75,Walking,True,0,0,0
1789904332627,259,370693,1,4144,-4.020043,1,0.75,Walking,True,0,0,0
1789904332627,259,370693,1,4144,-4.020043,1,0.75,Walking,True,0,0,0
1789904332627,259,370693,1,4144,-4.020043,1,0.75,Walking,True,0,0,0
1789904332627,259,370693,1,4144,-4.020043,1,0.75,Walking,True,0,0,0
1789904332627,259,370693,1,4144,-4.020043,1,0.75,Walking,True,0,0,0
1789904332627,259,370693,1,4144,-4.020043,1,0.75,Walking,True,0,0,0
1789904332627,259,370693,1,4144,-4.020043,1,0.75,Walking,True,0,0,0
1789904332641,260,372203,1,4160,-4.020043,1,0.75,Walking,True,0,0,0
1789904332641,260,372203,1,4160,-4.020043,1,0.75,Walking,True,0,0,0
1789904332641,260,372203,1,4160,-4.020043,1,0.75,Walking,True,0,0,0
1789904332641,260,372203,1,4160,-4.020043,1,0.75,Walking,True,0,0,0
1789904332641,260,372203,1,4160,-4.020043,1,0.75,Walking,True,0,0,0
1789904332641,260,372203,1,4160,-4.020043,1,0.75,Walking,True,0,0,0
1789904332641,260,372203,1,4160,-4.020043,1,0.75,Walking,True,0,0,0
1789904332641,260,372203,1,4160,-4.020043,1,0.75,Walking,True,0,0,0
1789904332657,261,373445,1,4176,-4.020043,1,0.75,Walking,True,0,0,0
1789904332657,261,373445,1,4176,-4.020043,1,0.75,Walking,True,0,0,0
1789904332657,261,373445,1,4176,-4.020043,1,0.75,Walking,True,0,0,0
1789904332657,261,373445,1,4176,-4.020043,1,0.75,Walking,True,0,0,0
1789904332657,261,373445,1,4176,-4.020043,1,0.75,Walking,True,0,0,0
1789904332657,261,373445,1,4176,-4.020043,1,0.75,Walking,True,0,0,0
1789904332657,261,373445,1,4176,-4.020043,1,0.75,Walking,True,0,0,0
1789904332657,261,373445,1,4176,-4.020043,1,0.75,Walking,True,0,0,0
1789904332673,262,374689,1,4192,-4.020043,1,0.75,Walking,True,0,0,0
1789904332673,262,374689,1,4192,-4.020043,1,0.75,Walking,True,0,0,0
1789904332673,262,374689,1,4192,-4.020043,1,0.75,Walking,True,0,0,0
1789904332673,262,374689,1,4192,-4.020043,1,0.75,Walking,True,0,0,0
1789904332673,262,374689,1,4192,-4.020043,1,0.75,Walking,True,0,0,0
1789904332673,262,374689,1,4192,-4.020043,1,0.75,Walking,True,0,0,0
1789904332673,262,374689,1,4192,-4.020043,1,0.75,Walking,True,0,0,0
1789904332673,262,374689,1,4192,-4.020043,1,0.75,Walking,True,0,0,0
1789904332907,263,404326,1,4208,-4.020043,1.061489,0.75,Falling,False,0,3.84304,0
1789904332907,263,404326,1,4208,-4.020043,1.061489,0.75,Falling,False,0,3.84304,0
1789904332907,263,404326,1,4208,-4.020043,1.061489,0.75,Falling,False,0,3.84304,0
1789904332907,263,404326,1,4208,-4.020043,1.061489,0.75,Falling,False,0,3.84304,0
1789904332907,263,404326,1,4208,-4.020043,1.061489,0.75,Falling,False,0,3.84304,0
1789904332907,263,404326,1,4208,-4.020043,1.061489,0.75,Falling,False,0,3.84304,0
1789904332907,263,404326,1,4208,-4.020043,1.061489,0.75,Falling,False,0,3.84304,0
1789904332907,263,404326,1,4208,-4.020043,1.061489,0.75,Falling,False,0,3.84304,0
1789904332938,264,405494,1,4224,-4.020043,1.120466,0.75,Falling,False,0,3.68608,0
1789904332938,264,405494,1,4224,-4.020043,1.120466,0.75,Falling,False,0,3.68608,0
1789904332938,264,405494,1,4224,-4.020043,1.120466,0.75,Falling,False,0,3.68608,0
1789904332938,264,405494,1,4224,-4.020043,1.120466,0.75,Falling,False,0,3.68608,0
1789904332938,264,405494,1,4224,-4.020043,1.120466,0.75,Falling,False,0,3.68608,0
1789904332938,264,405494,1,4224,-4.020043,1.120466,0.75,Falling,False,0,3.68608,0
1789904332938,264,405494,1,4224,-4.020043,1.120466,0.75,Falling,False,0,3.68608,0
1789904332938,264,405494,1,4224,-4.020043,1.120466,0.75,Falling,False,0,3.68608,0
1789904332966,266,407884,1,4256,-4.020043,1.230886,0.75,Falling,False,0,3.37216,0
1789904332966,266,407884,1,4256,-4.020043,1.230886,0.75,Falling,False,0,3.37216,0
1789904332966,266,407884,1,4256,-4.020043,1.230886,0.75,Falling,False,0,3.37216,0
1789904332966,266,407884,1,4256,-4.020043,1.230886,0.75,Falling,False,0,3.37216,0
1789904332966,266,407884,1,4256,-4.020043,1.230886,0.75,Falling,False,0,3.37216,0
1789904332966,266,407884,1,4256,-4.020043,1.230886,0.75,Falling,False,0,3.37216,0
1789904332966,266,407884,1,4256,-4.020043,1.230886,0.75,Falling,False,0,3.37216,0
1789904332966,266,407884,1,4256,-4.020043,1.230886,0.75,Falling,False,0,3.37216,0
1789904332981,267,410354,1,4272,-4.020043,1.28233,0.75,Falling,False,0,3.2152,0
1789904332981,267,410354,1,4272,-4.020043,1.28233,0.75,Falling,False,0,3.2152,0
1789904332981,267,410354,1,4272,-4.020043,1.28233,0.75,Falling,False,0,3.2152,0
1789904332981,267,410354,1,4272,-4.020043,1.28233,0.75,Falling,False,0,3.2152,0
1789904332981,267,410354,1,4272,-4.020043,1.28233,0.75,Falling,False,0,3.2152,0
1789904332981,267,410354,1,4272,-4.020043,1.28233,0.75,Falling,False,0,3.2152,0
1789904332981,267,410354,1,4272,-4.020043,1.28233,0.75,Falling,False,0,3.2152,0
1789904332981,267,410354,1,4272,-4.020043,1.28233,0.75,Falling,False,0,3.2152,0
1789904332997,268,411614,1,4288,-4.020043,1.331262,0.75,Falling,False,0,3.05824,0
1789904332997,268,411614,1,4288,-4.020043,1.331262,0.75,Falling,False,0,3.05824,0
1789904332997,268,411614,1,4288,-4.020043,1.331262,0.75,Falling,False,0,3.05824,0
1789904332997,268,411614,1,4288,-4.020043,1.331262,0.75,Falling,False,0,3.05824,0
1789904332997,268,411614,1,4288,-4.020043,1.331262,0.75,Falling,False,0,3.05824,0
1789904332997,268,411614,1,4288,-4.020043,1.331262,0.75,Falling,False,0,3.05824,0
1789904332997,268,411614,1,4288,-4.020043,1.331262,0.75,Falling,False,0,3.05824,0
1789904332997,268,411614,1,4288,-4.020043,1.331262,0.75,Falling,False,0,3.05824,0
1789904333012,269,413063,1,4304,-4.020043,1.377682,0.75,Falling,False,0,2.90128,0
1789904333012,269,413063,1,4304,-4.020043,1.377682,0.75,Falling,False,0,2.90128,0
1789904333012,269,413063,1,4304,-4.020043,1.377682,0.75,Falling,False,0,2.90128,0
1789904333012,269,413063,1,4304,-4.020043,1.377682,0.75,Falling,False,0,2.90128,0
1789904333012,269,413063,1,4304,-4.020043,1.377682,0.75,Falling,False,0,2.90128,0
1789904333012,269,413063,1,4304,-4.020043,1.377682,0.75,Falling,False,0,2.90128,0
1789904333012,269,413063,1,4304,-4.020043,1.377682,0.75,Falling,False,0,2.90128,0
1789904333012,269,413063,1,4304,-4.020043,1.377682,0.75,Falling,False,0,2.90128,0
1789904333028,270,414562,1,4320,-4.020043,1.421591,0.75,Falling,False,0,2.74432,0
1789904333028,270,414562,1,4320,-4.020043,1.421591,0.75,Falling,False,0,2.74432,0
1789904333028,270,414562,1,4320,-4.020043,1.421591,0.75,Falling,False,0,2.74432,0
1789904333028,270,414562,1,4320,-4.020043,1.421591,0.75,Falling,False,0,2.74432,0
1789904333028,270,414562,1,4320,-4.020043,1.421591,0.75,Falling,False,0,2.74432,0
1789904333028,270,414562,1,4320,-4.020043,1.421591,0.75,Falling,False,0,2.74432,0
1789904333028,270,414562,1,4320,-4.020043,1.421591,0.75,Falling,False,0,2.74432,0
1789904333028,270,414562,1,4320,-4.020043,1.421591,0.75,Falling,False,0,2.74432,0
1789904333043,271,415979,1,4336,-4.020043,1.462989,0.75,Falling,False,0,2.58736,0
1789904333043,271,415979,1,4336,-4.020043,1.462989,0.75,Falling,False,0,2.58736,0
1789904333043,271,415979,1,4336,-4.020043,1.462989,0.75,Falling,False,0,2.58736,0
1789904333043,271,415979,1,4336,-4.020043,1.462989,0.75,Falling,False,0,2.58736,0
1789904333043,271,415979,1,4336,-4.020043,1.462989,0.75,Falling,False,0,2.58736,0
1789904333043,271,415979,1,4336,-4.020043,1.462989,0.75,Falling,False,0,2.58736,0
1789904333043,271,415979,1,4336,-4.020043,1.462989,0.75,Falling,False,0,2.58736,0
1789904333043,271,415979,1,4336,-4.020043,1.462989,0.75,Falling,False,0,2.58736,0
1789904333058,272,417489,1,4352,-4.020043,1.501875,0.75,Falling,False,0,2.4304,0
1789904333058,272,417489,1,4352,-4.020043,1.501875,0.75,Falling,False,0,2.4304,0
1789904333058,272,417489,1,4352,-4.020043,1.501875,0.75,Falling,False,0,2.4304,0
1789904333058,272,417489,1,4352,-4.020043,1.501875,0.75,Falling,False,0,2.4304,0
1789904333058,272,417489,1,4352,-4.020043,1.501875,0.75,Falling,False,0,2.4304,0
1789904333058,272,417489,1,4352,-4.020043,1.501875,0.75,Falling,False,0,2.4304,0
1789904333058,272,417489,1,4352,-4.020043,1.501875,0.75,Falling,False,0,2.4304,0
1789904333058,272,417489,1,4352,-4.020043,1.501875,0.75,Falling,False,0,2.4304,0
1789904333074,273,418948,1,4368,-4.020043,1.53825,0.75,Falling,False,0,2.27344,0
1789904333074,273,418948,1,4368,-4.020043,1.53825,0.75,Falling,False,0,2.27344,0
1789904333074,273,418948,1,4368,-4.020043,1.53825,0.75,Falling,False,0,2.27344,0
1789904333074,273,418948,1,4368,-4.020043,1.53825,0.75,Falling,False,0,2.27344,0
1789904333074,273,418948,1,4368,-4.020043,1.53825,0.75,Falling,False,0,2.27344,0
1789904333074,273,418948,1,4368,-4.020043,1.53825,0.75,Falling,False,0,2.27344,0
1789904333074,273,418948,1,4368,-4.020043,1.53825,0.75,Falling,False,0,2.27344,0
1789904333074,273,418948,1,4368,-4.020043,1.53825,0.75,Falling,False,0,2.27344,0
1789904333091,274,420508,1,4384,-4.020043,1.572114,0.75,Falling,False,0,2.11648,0
1789904333091,274,420508,1,4384,-4.020043,1.572114,0.75,Falling,False,0,2.11648,0
1789904333091,274,420508,1,4384,-4.020043,1.572114,0.75,Falling,False,0,2.11648,0
1789904333091,274,420508,1,4384,-4.020043,1.572114,0.75,Falling,False,0,2.11648,0
1789904333091,274,420508,1,4384,-4.020043,1.572114,0.75,Falling,False,0,2.11648,0
1789904333091,274,420508,1,4384,-4.020043,1.572114,0.75,Falling,False,0,2.11648,0
1789904333091,274,420508,1,4384,-4.020043,1.572114,0.75,Falling,False,0,2.11648,0
1789904333091,274,420508,1,4384,-4.020043,1.572114,0.75,Falling,False,0,2.11648,0
1789904333107,275,421923,1,4400,-4.020043,1.603466,0.75,Falling,False,0,1.95952,0
1789904333107,275,421923,1,4400,-4.020043,1.603466,0.75,Falling,False,0,1.95952,0
1789904333107,275,421923,1,4400,-4.020043,1.603466,0.75,Falling,False,0,1.95952,0
1789904333107,275,421923,1,4400,-4.020043,1.603466,0.75,Falling,False,0,1.95952,0
1789904333107,275,421923,1,4400,-4.020043,1.603466,0.75,Falling,False,0,1.95952,0
1789904333107,275,421923,1,4400,-4.020043,1.603466,0.75,Falling,False,0,1.95952,0
1789904333107,275,421923,1,4400,-4.020043,1.603466,0.75,Falling,False,0,1.95952,0
1789904333107,275,421923,1,4400,-4.020043,1.603466,0.75,Falling,False,0,1.95952,0
1789904333122,276,423466,1,4416,-4.020043,1.632307,0.75,Falling,False,0,1.80256,0
1789904333122,276,423466,1,4416,-4.020043,1.632307,0.75,Falling,False,0,1.80256,0
1789904333122,276,423466,1,4416,-4.020043,1.632307,0.75,Falling,False,0,1.80256,0
1789904333122,276,423466,1,4416,-4.020043,1.632307,0.75,Falling,False,0,1.80256,0
1789904333122,276,423466,1,4416,-4.020043,1.632307,0.75,Falling,False,0,1.80256,0
1789904333122,276,423466,1,4416,-4.020043,1.632307,0.75,Falling,False,0,1.80256,0
1789904333122,276,423466,1,4416,-4.020043,1.632307,0.75,Falling,False,0,1.80256,0
1789904333122,276,423466,1,4416,-4.020043,1.632307,0.75,Falling,False,0,1.80256,0
1789904333138,277,424902,1,4432,-4.020043,1.658637,0.75,Falling,False,0,1.6456,0
1789904333138,277,424902,1,4432,-4.020043,1.658637,0.75,Falling,False,0,1.6456,0
1789904333138,277,424902,1,4432,-4.020043,1.658637,0.75,Falling,False,0,1.6456,0
1789904333138,277,424902,1,4432,-4.020043,1.658637,0.75,Falling,False,0,1.6456,0
1789904333138,277,424902,1,4432,-4.020043,1.658637,0.75,Falling,False,0,1.6456,0
1789904333138,277,424902,1,4432,-4.020043,1.658637,0.75,Falling,False,0,1.6456,0
1789904333138,277,424902,1,4432,-4.020043,1.658637,0.75,Falling,False,0,1.6456,0
1789904333138,277,424902,1,4432,-4.020043,1.658637,0.75,Falling,False,0,1.6456,0
1789904333153,278,426246,1,4448,-4.020043,1.682455,0.75,Falling,False,0,1.48864,0
1789904333153,278,426246,1,4448,-4.020043,1.682455,0.75,Falling,False,0,1.48864,0
1789904333153,278,426246,1,4448,-4.020043,1.682455,0.75,Falling,False,0,1.48864,0
1789904333153,278,426246,1,4448,-4.020043,1.682455,0.75,Falling,False,0,1.48864,0
1789904333153,278,426246,1,4448,-4.020043,1.682455,0.75,Falling,False,0,1.48864,0
1789904333153,278,426246,1,4448,-4.020043,1.682455,0.75,Falling,False,0,1.48864,0
1789904333153,278,426246,1,4448,-4.020043,1.682455,0.75,Falling,False,0,1.48864,0
1789904333153,278,426246,1,4448,-4.020043,1.682455,0.75,Falling,False,0,1.48864,0
1789904333169,279,427586,1,4464,-4.020043,1.703762,0.75,Falling,False,0,1.33168,0
1789904333169,279,427586,1,4464,-4.020043,1.703762,0.75,Falling,False,0,1.33168,0
1789904333169,279,427586,1,4464,-4.020043,1.703762,0.75,Falling,False,0,1.33168,0
1789904333169,279,427586,1,4464,-4.020043,1.703762,0.75,Falling,False,0,1.33168,0
1789904333169,279,427586,1,4464,-4.020043,1.703762,0.75,Falling,False,0,1.33168,0
1789904333169,279,427586,1,4464,-4.020043,1.703762,0.75,Falling,False,0,1.33168,0
1789904333169,279,427586,1,4464,-4.020043,1.703762,0.75,Falling,False,0,1.33168,0
1789904333169,279,427586,1,4464,-4.020043,1.703762,0.75,Falling,False,0,1.33168,0
1789904333184,280,428880,1,4480,-4.020043,1.722558,0.75,Falling,False,0,1.17472,0
1789904333184,280,428880,1,4480,-4.020043,1.722558,0.75,Falling,False,0,1.17472,0
1789904333184,280,428880,1,4480,-4.020043,1.722558,0.75,Falling,False,0,1.17472,0
1789904333184,280,428880,1,4480,-4.020043,1.722558,0.75,Falling,False,0,1.17472,0
1789904333184,280,428880,1,4480,-4.020043,1.722558,0.75,Falling,False,0,1.17472,0
1789904333184,280,428880,1,4480,-4.020043,1.722558,0.75,Falling,False,0,1.17472,0
1789904333184,280,428880,1,4480,-4.020043,1.722558,0.75,Falling,False,0,1.17472,0
1789904333184,280,428880,1,4480,-4.020043,1.722558,0.75,Falling,False,0,1.17472,0
1789904333200,281,430241,1,4496,-4.020043,1.738842,0.75,Falling,False,0,1.01776,0
1789904333200,281,430241,1,4496,-4.020043,1.738842,0.75,Falling,False,0,1.01776,0
1789904333200,281,430241,1,4496,-4.020043,1.738842,0.75,Falling,False,0,1.01776,0
1789904333200,281,430241,1,4496,-4.020043,1.738842,0.75,Falling,False,0,1.01776,0
1789904333200,281,430241,1,4496,-4.020043,1.738842,0.75,Falling,False,0,1.01776,0
1789904333200,281,430241,1,4496,-4.020043,1.738842,0.75,Falling,False,0,1.01776,0
1789904333200,281,430241,1,4496,-4.020043,1.738842,0.75,Falling,False,0,1.01776,0
1789904333200,281,430241,1,4496,-4.020043,1.738842,0.75,Falling,False,0,1.01776,0
1789904333216,282,431676,1,4512,-4.020043,1.752614,0.75,Falling,False,0,0.8608,0
1789904333216,282,431676,1,4512,-4.020043,1.752614,0.75,Falling,False,0,0.8608,0
1789904333216,282,431676,1,4512,-4.020043,1.752614,0.75,Falling,False,0,0.8608,0
1789904333216,282,431676,1,4512,-4.020043,1.752614,0.75,Falling,False,0,0.8608,0
1789904333216,282,431676,1,4512,-4.020043,1.752614,0.75,Falling,False,0,0.8608,0
1789904333216,282,431676,1,4512,-4.020043,1.752614,0.75,Falling,False,0,0.8608,0
1789904333216,282,431676,1,4512,-4.020043,1.752614,0.75,Falling,False,0,0.8608,0
1789904333216,282,431676,1,4512,-4.020043,1.752614,0.75,Falling,False,0,0.8608,0
1789904333231,283,432908,1,4528,-4.020043,1.763876,0.75,Falling,False,0,0.70384,0
1789904333231,283,432908,1,4528,-4.020043,1.763876,0.75,Falling,False,0,0.70384,0
1789904333231,283,432908,1,4528,-4.020043,1.763876,0.75,Falling,False,0,0.70384,0
1789904333231,283,432908,1,4528,-4.020043,1.763876,0.75,Falling,False,0,0.70384,0
1789904333231,283,432908,1,4528,-4.020043,1.763876,0.75,Falling,False,0,0.70384,0
1789904333231,283,432908,1,4528,-4.020043,1.763876,0.75,Falling,False,0,0.70384,0
1789904333231,283,432908,1,4528,-4.020043,1.763876,0.75,Falling,False,0,0.70384,0
1789904333231,283,432908,1,4528,-4.020043,1.763876,0.75,Falling,False,0,0.70384,0
1789904333247,284,434072,1,4544,-4.020043,1.772626,0.75,Falling,False,0,0.54688,0
1789904333247,284,434072,1,4544,-4.020043,1.772626,0.75,Falling,False,0,0.54688,0
1789904333247,284,434072,1,4544,-4.020043,1.772626,0.75,Falling,False,0,0.54688,0
1789904333247,284,434072,1,4544,-4.020043,1.772626,0.75,Falling,False,0,0.54688,0
1789904333247,284,434072,1,4544,-4.020043,1.772626,0.75,Falling,False,0,0.54688,0
1789904333247,284,434072,1,4544,-4.020043,1.772626,0.75,Falling,False,0,0.54688,0
1789904333247,284,434072,1,4544,-4.020043,1.772626,0.75,Falling,False,0,0.54688,0
1789904333247,284,434072,1,4544,-4.020043,1.772626,0.75,Falling,False,0,0.54688,0
1789904333263,285,435332,1,4560,-4.020043,1.778865,0.75,Falling,False,0,0.38992,0
1789904333263,285,435332,1,4560,-4.020043,1.778865,0.75,Falling,False,0,0.38992,0
1789904333263,285,435332,1,4560,-4.020043,1.778865,0.75,Falling,False,0,0.38992,0
1789904333263,285,435332,1,4560,-4.020043,1.778865,0.75,Falling,False,0,0.38992,0
1789904333263,285,435332,1,4560,-4.020043,1.778865,0.75,Falling,False,0,0.38992,0
1789904333263,285,435332,1,4560,-4.020043,1.778865,0.75,Falling,False,0,0.38992,0
1789904333263,285,435332,1,4560,-4.020043,1.778865,0.75,Falling,False,0,0.38992,0
1789904333263,285,435332,1,4560,-4.020043,1.778865,0.75,Falling,False,0,0.38992,0
1789904333279,286,436704,1,4576,-4.020043,1.782592,0.75,Falling,False,0,0.23296,0
1789904333279,286,436704,1,4576,-4.020043,1.782592,0.75,Falling,False,0,0.23296,0
1789904333279,286,436704,1,4576,-4.020043,1.782592,0.75,Falling,False,0,0.23296,0
1789904333279,286,436704,1,4576,-4.020043,1.782592,0.75,Falling,False,0,0.23296,0
1789904333279,286,436704,1,4576,-4.020043,1.782592,0.75,Falling,False,0,0.23296,0
1789904333279,286,436704,1,4576,-4.020043,1.782592,0.75,Falling,False,0,0.23296,0
1789904333279,286,436704,1,4576,-4.020043,1.782592,0.75,Falling,False,0,0.23296,0
1789904333279,286,436704,1,4576,-4.020043,1.782592,0.75,Falling,False,0,0.23296,0
1789904333294,287,437910,1,4592,-4.020043,1.783808,0.75,Falling,False,0,0.076,0
1789904333294,287,437910,1,4592,-4.020043,1.783808,0.75,Falling,False,0,0.076,0
1789904333294,287,437910,1,4592,-4.020043,1.783808,0.75,Falling,False,0,0.076,0
1789904333294,287,437910,1,4592,-4.020043,1.783808,0.75,Falling,False,0,0.076,0
1789904333294,287,437910,1,4592,-4.020043,1.783808,0.75,Falling,False,0,0.076,0
1789904333294,287,437910,1,4592,-4.020043,1.783808,0.75,Falling,False,0,0.076,0
1789904333294,287,437910,1,4592,-4.020043,1.783808,0.75,Falling,False,0,0.076,0
1789904333294,287,437910,1,4592,-4.020043,1.783808,0.75,Falling,False,0,0.076,0
1789904333311,288,439288,1,4608,-4.020043,1.782513,0.75,Falling,False,0,-0.08096,0
1789904333311,288,439288,1,4608,-4.020043,1.782513,0.75,Falling,False,0,-0.08096,0
1789904333311,288,439288,1,4608,-4.020043,1.782513,0.75,Falling,False,0,-0.08096,0
1789904333311,288,439288,1,4608,-4.020043,1.782513,0.75,Falling,False,0,-0.08096,0
1789904333311,288,439288,1,4608,-4.020043,1.782513,0.75,Falling,False,0,-0.08096,0
1789904333311,288,439288,1,4608,-4.020043,1.782513,0.75,Falling,False,0,-0.08096,0
1789904333311,288,439288,1,4608,-4.020043,1.782513,0.75,Falling,False,0,-0.08096,0
1789904333311,288,439288,1,4608,-4.020043,1.782513,0.75,Falling,False,0,-0.08096,0
1789904333326,289,440892,1,4624,-4.020043,1.778706,0.75,Falling,False,0,-0.23792,0
1789904333326,289,440892,1,4624,-4.020043,1.778706,0.75,Falling,False,0,-0.23792,0
1789904333326,289,440892,1,4624,-4.020043,1.778706,0.75,Falling,False,0,-0.23792,0
1789904333326,289,440892,1,4624,-4.020043,1.778706,0.75,Falling,False,0,-0.23792,0
1789904333326,289,440892,1,4624,-4.020043,1.778706,0.75,Falling,False,0,-0.23792,0
1789904333326,289,440892,1,4624,-4.020043,1.778706,0.75,Falling,False,0,-0.23792,0
1789904333326,289,440892,1,4624,-4.020043,1.778706,0.75,Falling,False,0,-0.23792,0
1789904333326,289,440892,1,4624,-4.020043,1.778706,0.75,Falling,False,0,-0.23792,0
1789904333342,290,442416,1,4640,-4.020043,1.772388,0.75,Falling,False,0,-0.39488,0
1789904333342,290,442416,1,4640,-4.020043,1.772388,0.75,Falling,False,0,-0.39488,0
1789904333342,290,442416,1,4640,-4.020043,1.772388,0.75,Falling,False,0,-0.39488,0
1789904333342,290,442416,1,4640,-4.020043,1.772388,0.75,Falling,False,0,-0.39488,0
1789904333342,290,442416,1,4640,-4.020043,1.772388,0.75,Falling,False,0,-0.39488,0
1789904333342,290,442416,1,4640,-4.020043,1.772388,0.75,Falling,False,0,-0.39488,0
1789904333342,290,442416,1,4640,-4.020043,1.772388,0.75,Falling,False,0,-0.39488,0
1789904333342,290,442416,1,4640,-4.020043,1.772388,0.75,Falling,False,0,-0.39488,0
1789904333358,291,443967,1,4656,-4.020043,1.763559,0.75,Falling,False,0,-0.55184,0
1789904333358,291,443967,1,4656,-4.020043,1.763559,0.75,Falling,False,0,-0.55184,0
1789904333358,291,443967,1,4656,-4.020043,1.763559,0.75,Falling,False,0,-0.55184,0
1789904333358,291,443967,1,4656,-4.020043,1.763559,0.75,Falling,False,0,-0.55184,0
1789904333358,291,443967,1,4656,-4.020043,1.763559,0.75,Falling,False,0,-0.55184,0
1789904333358,291,443967,1,4656,-4.020043,1.763559,0.75,Falling,False,0,-0.55184,0
1789904333358,291,443967,1,4656,-4.020043,1.763559,0.75,Falling,False,0,-0.55184,0
1789904333358,291,443967,1,4656,-4.020043,1.763559,0.75,Falling,False,0,-0.55184,0
1789904333374,292,445444,1,4672,-4.020043,1.752218,0.75,Falling,False,0,-0.7088,0
1789904333374,292,445444,1,4672,-4.020043,1.752218,0.75,Falling,False,0,-0.7088,0
1789904333374,292,445444,1,4672,-4.020043,1.752218,0.75,Falling,False,0,-0.7088,0
1789904333374,292,445444,1,4672,-4.020043,1.752218,0.75,Falling,False,0,-0.7088,0
1789904333374,292,445444,1,4672,-4.020043,1.752218,0.75,Falling,False,0,-0.7088,0
1789904333374,292,445444,1,4672,-4.020043,1.752218,0.75,Falling,False,0,-0.7088,0
1789904333374,292,445444,1,4672,-4.020043,1.752218,0.75,Falling,False,0,-0.7088,0
1789904333374,292,445444,1,4672,-4.020043,1.752218,0.75,Falling,False,0,-0.7088,0
1789904333389,293,446986,1,4688,-4.020043,1.738366,0.75,Falling,False,0,-0.86576,0
1789904333389,293,446986,1,4688,-4.020043,1.738366,0.75,Falling,False,0,-0.86576,0
1789904333389,293,446986,1,4688,-4.020043,1.738366,0.75,Falling,False,0,-0.86576,0
1789904333389,293,446986,1,4688,-4.020043,1.738366,0.75,Falling,False,0,-0.86576,0
1789904333389,293,446986,1,4688,-4.020043,1.738366,0.75,Falling,False,0,-0.86576,0
1789904333389,293,446986,1,4688,-4.020043,1.738366,0.75,Falling,False,0,-0.86576,0
1789904333389,293,446986,1,4688,-4.020043,1.738366,0.75,Falling,False,0,-0.86576,0
1789904333389,293,446986,1,4688,-4.020043,1.738366,0.75,Falling,False,0,-0.86576,0
1789904333405,294,448590,1,4704,-4.020043,1.722002,0.75,Falling,False,0,-1.02272,0
1789904333405,294,448590,1,4704,-4.020043,1.722002,0.75,Falling,False,0,-1.02272,0
1789904333405,294,448590,1,4704,-4.020043,1.722002,0.75,Falling,False,0,-1.02272,0
1789904333405,294,448590,1,4704,-4.020043,1.722002,0.75,Falling,False,0,-1.02272,0
1789904333405,294,448590,1,4704,-4.020043,1.722002,0.75,Falling,False,0,-1.02272,0
1789904333405,294,448590,1,4704,-4.020043,1.722002,0.75,Falling,False,0,-1.02272,0
1789904333405,294,448590,1,4704,-4.020043,1.722002,0.75,Falling,False,0,-1.02272,0
1789904333405,294,448590,1,4704,-4.020043,1.722002,0.75,Falling,False,0,-1.02272,0
1789904333420,295,450197,1,4720,-4.020043,1.703127,0.75,Falling,False,0,-1.17968,0
1789904333420,295,450197,1,4720,-4.020043,1.703127,0.75,Falling,False,0,-1.17968,0
1789904333420,295,450197,1,4720,-4.020043,1.703127,0.75,Falling,False,0,-1.17968,0
1789904333420,295,450197,1,4720,-4.020043,1.703127,0.75,Falling,False,0,-1.17968,0
1789904333420,295,450197,1,4720,-4.020043,1.703127,0.75,Falling,False,0,-1.17968,0
1789904333420,295,450197,1,4720,-4.020043,1.703127,0.75,Falling,False,0,-1.17968,0
1789904333420,295,450197,1,4720,-4.020043,1.703127,0.75,Falling,False,0,-1.17968,0
1789904333420,295,450197,1,4720,-4.020043,1.703127,0.75,Falling,False,0,-1.17968,0
1789904333436,296,451740,1,4736,-4.020043,1.681741,0.75,Falling,False,0,-1.33664,0
1789904333436,296,451740,1,4736,-4.020043,1.681741,0.75,Falling,False,0,-1.33664,0
1789904333436,296,451740,1,4736,-4.020043,1.681741,0.75,Falling,False,0,-1.33664,0
1789904333436,296,451740,1,4736,-4.020043,1.681741,0.75,Falling,False,0,-1.33664,0
1789904333436,296,451740,1,4736,-4.020043,1.681741,0.75,Falling,False,0,-1.33664,0
1789904333437,296,451740,1,4736,-4.020043,1.681741,0.75,Falling,False,0,-1.33664,0
1789904333437,296,451740,1,4736,-4.020043,1.681741,0.75,Falling,False,0,-1.33664,0
1789904333437,296,451740,1,4736,-4.020043,1.681741,0.75,Falling,False,0,-1.33664,0
1789904333452,297,453202,1,4752,-4.020043,1.657843,0.75,Falling,False,0,-1.4936,0
1789904333452,297,453202,1,4752,-4.020043,1.657843,0.75,Falling,False,0,-1.4936,0
1789904333452,297,453202,1,4752,-4.020043,1.657843,0.75,Falling,False,0,-1.4936,0
1789904333452,297,453202,1,4752,-4.020043,1.657843,0.75,Falling,False,0,-1.4936,0
1789904333452,297,453202,1,4752,-4.020043,1.657843,0.75,Falling,False,0,-1.4936,0
1789904333452,297,453202,1,4752,-4.020043,1.657843,0.75,Falling,False,0,-1.4936,0
1789904333452,297,453202,1,4752,-4.020043,1.657843,0.75,Falling,False,0,-1.4936,0
1789904333452,297,453202,1,4752,-4.020043,1.657843,0.75,Falling,False,0,-1.4936,0
1789904333467,298,454703,1,4768,-4.020043,1.631434,0.75,Falling,False,0,-1.65056,0
1789904333467,298,454703,1,4768,-4.020043,1.631434,0.75,Falling,False,0,-1.65056,0
1789904333467,298,454703,1,4768,-4.020043,1.631434,0.75,Falling,False,0,-1.65056,0
1789904333467,298,454703,1,4768,-4.020043,1.631434,0.75,Falling,False,0,-1.65056,0
1789904333467,298,454703,1,4768,-4.020043,1.631434,0.75,Falling,False,0,-1.65056,0
1789904333467,298,454703,1,4768,-4.020043,1.631434,0.75,Falling,False,0,-1.65056,0
1789904333467,298,454703,1,4768,-4.020043,1.631434,0.75,Falling,False,0,-1.65056,0
1789904333467,298,454703,1,4768,-4.020043,1.631434,0.75,Falling,False,0,-1.65056,0
1789904333482,299,456121,1,4784,-4.020043,1.602514,0.75,Falling,False,0,-1.80752,0
1789904333482,299,456121,1,4784,-4.020043,1.602514,0.75,Falling,False,0,-1.80752,0
1789904333482,299,456121,1,4784,-4.020043,1.602514,0.75,Falling,False,0,-1.80752,0
1789904333482,299,456121,1,4784,-4.020043,1.602514,0.75,Falling,False,0,-1.80752,0
1789904333482,299,456121,1,4784,-4.020043,1.602514,0.75,Falling,False,0,-1.80752,0
1789904333482,299,456121,1,4784,-4.020043,1.602514,0.75,Falling,False,0,-1.80752,0
1789904333482,299,456121,1,4784,-4.020043,1.602514,0.75,Falling,False,0,-1.80752,0
1789904333482,299,456121,1,4784,-4.020043,1.602514,0.75,Falling,False,0,-1.80752,0
1789904333498,300,457633,1,4800,-4.020043,1.571082,0.75,Falling,False,0,-1.96448,0
1789904333498,300,457633,1,4800,-4.020043,1.571082,0.75,Falling,False,0,-1.96448,0
1789904333498,300,457633,1,4800,-4.020043,1.571082,0.75,Falling,False,0,-1.96448,0
1789904333498,300,457633,1,4800,-4.020043,1.571082,0.75,Falling,False,0,-1.96448,0
1789904333498,300,457633,1,4800,-4.020043,1.571082,0.75,Falling,False,0,-1.96448,0
1789904333498,300,457633,1,4800,-4.020043,1.571082,0.75,Falling,False,0,-1.96448,0
1789904333498,300,457633,1,4800,-4.020043,1.571082,0.75,Falling,False,0,-1.96448,0
1789904333498,300,457633,1,4800,-4.020043,1.571082,0.75,Falling,False,0,-1.96448,0
1789904333514,301,459104,1,4816,-4.020043,1.537139,0.75,Falling,False,0,-2.12144,0
1789904333515,301,459104,1,4816,-4.020043,1.537139,0.75,Falling,False,0,-2.12144,0
1789904333515,301,459104,1,4816,-4.020043,1.537139,0.75,Falling,False,0,-2.12144,0
1789904333515,301,459104,1,4816,-4.020043,1.537139,0.75,Falling,False,0,-2.12144,0
1789904333515,301,459104,1,4816,-4.020043,1.537139,0.75,Falling,False,0,-2.12144,0
1789904333515,301,459104,1,4816,-4.020043,1.537139,0.75,Falling,False,0,-2.12144,0
1789904333515,301,459104,1,4816,-4.020043,1.537139,0.75,Falling,False,0,-2.12144,0
1789904333515,301,459104,1,4816,-4.020043,1.537139,0.75,Falling,False,0,-2.12144,0
1789904333546,302,460602,1,4832,-4.020043,1.500685,0.75,Falling,False,0,-2.2784,0
1789904333546,302,460602,1,4832,-4.020043,1.500685,0.75,Falling,False,0,-2.2784,0
1789904333546,302,460602,1,4832,-4.020043,1.500685,0.75,Falling,False,0,-2.2784,0
1789904333546,302,460602,1,4832,-4.020043,1.500685,0.75,Falling,False,0,-2.2784,0
1789904333546,302,460602,1,4832,-4.020043,1.500685,0.75,Falling,False,0,-2.2784,0
1789904333546,302,460602,1,4832,-4.020043,1.500685,0.75,Falling,False,0,-2.2784,0
1789904333546,302,460602,1,4832,-4.020043,1.500685,0.75,Falling,False,0,-2.2784,0
1789904333546,302,460602,1,4832,-4.020043,1.500685,0.75,Falling,False,0,-2.2784,0
1789904333577,303,463512,1,4848,-4.020043,1.461719,0.75,Falling,False,0,-2.43536,0
1789904333577,304,463513,1,4864,-4.020043,1.420242,0.75,Falling,False,0,-2.59232,0
1789904333577,304,463513,1,4864,-4.020043,1.420242,0.75,Falling,False,0,-2.59232,0
1789904333577,304,463513,1,4864,-4.020043,1.420242,0.75,Falling,False,0,-2.59232,0
1789904333577,304,463513,1,4864,-4.020043,1.420242,0.75,Falling,False,0,-2.59232,0
1789904333577,304,463513,1,4864,-4.020043,1.420242,0.75,Falling,False,0,-2.59232,0
1789904333577,304,463513,1,4864,-4.020043,1.420242,0.75,Falling,False,0,-2.59232,0
1789904333577,304,463513,1,4864,-4.020043,1.420242,0.75,Falling,False,0,-2.59232,0
1789904333577,305,466405,1,4880,-4.020043,1.376253,0.75,Falling,False,0,-2.74928,0
1789904333594,305,466405,1,4880,-4.020043,1.376253,0.75,Falling,False,0,-2.74928,0
1789904333594,305,466405,1,4880,-4.020043,1.376253,0.75,Falling,False,0,-2.74928,0
1789904333594,306,466409,1,4896,-4.020043,1.329754,0.75,Falling,False,0,-2.90624,0
1789904333594,306,466409,1,4896,-4.020043,1.329754,0.75,Falling,False,0,-2.90624,0
1789904333594,306,466409,1,4896,-4.020043,1.329754,0.75,Falling,False,0,-2.90624,0
1789904333594,306,466409,1,4896,-4.020043,1.329754,0.75,Falling,False,0,-2.90624,0
1789904333594,306,466409,1,4896,-4.020043,1.329754,0.75,Falling,False,0,-2.90624,0
1789904333594,306,466409,1,4896,-4.020043,1.329754,0.75,Falling,False,0,-2.90624,0
1789904333624,307,468009,1,4912,-4.020043,1.280742,0.75,Falling,False,0,-3.0632,0
1789904333624,307,468009,1,4912,-4.020043,1.280742,0.75,Falling,False,0,-3.0632,0
1789904333624,307,468009,1,4912,-4.020043,1.280742,0.75,Falling,False,0,-3.0632,0
1789904333624,307,468009,1,4912,-4.020043,1.280742,0.75,Falling,False,0,-3.0632,0
1789904333624,307,468009,1,4912,-4.020043,1.280742,0.75,Falling,False,0,-3.0632,0
1789904333624,307,468009,1,4912,-4.020043,1.280742,0.75,Falling,False,0,-3.0632,0
1789904333624,307,468009,1,4912,-4.020043,1.280742,0.75,Falling,False,0,-3.0632,0
1789904333624,307,468009,1,4912,-4.020043,1.280742,0.75,Falling,False,0,-3.0632,0
1789904333639,308,470995,1,4928,-4.020043,1.22922,0.75,Falling,False,0,-3.22016,0
1789904333639,308,470995,1,4928,-4.020043,1.22922,0.75,Falling,False,0,-3.22016,0
1789904333639,308,470995,1,4928,-4.020043,1.22922,0.75,Falling,False,0,-3.22016,0
1789904333639,308,470995,1,4928,-4.020043,1.22922,0.75,Falling,False,0,-3.22016,0
1789904333639,308,470995,1,4928,-4.020043,1.22922,0.75,Falling,False,0,-3.22016,0
1789904333639,308,470995,1,4928,-4.020043,1.22922,0.75,Falling,False,0,-3.22016,0
1789904333639,308,470995,1,4928,-4.020043,1.22922,0.75,Falling,False,0,-3.22016,0
1789904333639,308,470995,1,4928,-4.020043,1.22922,0.75,Falling,False,0,-3.22016,0
1789904333655,309,472370,1,4944,-4.020043,1.175186,0.75,Falling,False,0,-3.37712,0
1789904333655,309,472370,1,4944,-4.020043,1.175186,0.75,Falling,False,0,-3.37712,0
1789904333655,309,472370,1,4944,-4.020043,1.175186,0.75,Falling,False,0,-3.37712,0
1789904333655,309,472370,1,4944,-4.020043,1.175186,0.75,Falling,False,0,-3.37712,0
1789904333655,309,472370,1,4944,-4.020043,1.175186,0.75,Falling,False,0,-3.37712,0
1789904333655,309,472370,1,4944,-4.020043,1.175186,0.75,Falling,False,0,-3.37712,0
1789904333655,309,472370,1,4944,-4.020043,1.175186,0.75,Falling,False,0,-3.37712,0
1789904333655,309,472370,1,4944,-4.020043,1.175186,0.75,Falling,False,0,-3.37712,0
1789904333670,310,473890,1,4960,-4.020043,1.118641,0.75,Falling,False,0,-3.534081,0
1789904333670,310,473890,1,4960,-4.020043,1.118641,0.75,Falling,False,0,-3.534081,0
1789904333670,310,473890,1,4960,-4.020043,1.118641,0.75,Falling,False,0,-3.534081,0
1789904333670,310,473890,1,4960,-4.020043,1.118641,0.75,Falling,False,0,-3.534081,0
1789904333670,310,473890,1,4960,-4.020043,1.118641,0.75,Falling,False,0,-3.534081,0
1789904333670,310,473890,1,4960,-4.020043,1.118641,0.75,Falling,False,0,-3.534081,0
1789904333670,310,473890,1,4960,-4.020043,1.118641,0.75,Falling,False,0,-3.534081,0
1789904333670,310,473890,1,4960,-4.020043,1.118641,0.75,Falling,False,0,-3.534081,0
1789904333687,311,475365,1,4976,-4.020043,1.059584,0.75,Falling,False,0,-3.691041,0
1789904333687,311,475365,1,4976,-4.020043,1.059584,0.75,Falling,False,0,-3.691041,0
1789904333687,311,475365,1,4976,-4.020043,1.059584,0.75,Falling,False,0,-3.691041,0
1789904333687,311,475365,1,4976,-4.020043,1.059584,0.75,Falling,False,0,-3.691041,0
1789904333687,311,475365,1,4976,-4.020043,1.059584,0.75,Falling,False,0,-3.691041,0
1789904333687,311,475365,1,4976,-4.020043,1.059584,0.75,Falling,False,0,-3.691041,0
1789904333687,311,475365,1,4976,-4.020043,1.059584,0.75,Falling,False,0,-3.691041,0
1789904333687,311,475365,1,4976,-4.020043,1.059584,0.75,Falling,False,0,-3.691041,0
1789904333702,312,476879,1,4992,-4.020043,1,0.75,Walking,True,0,0,0
1789904333702,312,476879,1,4992,-4.020043,1,0.75,Walking,True,0,0,0
1789904333702,312,476879,1,4992,-4.020043,1,0.75,Walking,True,0,0,0
1789904333702,312,476879,1,4992,-4.020043,1,0.75,Walking,True,0,0,0
1789904333702,312,476879,1,4992,-4.020043,1,0.75,Walking,True,0,0,0
1789904333702,312,476879,1,4992,-4.020043,1,0.75,Walking,True,0,0,0
1789904333702,312,476879,1,4992,-4.020043,1,0.75,Walking,True,0,0,0
1789904333702,312,476879,1,4992,-4.020043,1,0.75,Walking,True,0,0,0
1789904333718,313,478326,1,5008,-4.020043,1,0.75,Walking,True,0,0,0
1789904333718,313,478326,1,5008,-4.020043,1,0.75,Walking,True,0,0,0
1789904333718,313,478326,1,5008,-4.020043,1,0.75,Walking,True,0,0,0
1789904333718,313,478326,1,5008,-4.020043,1,0.75,Walking,True,0,0,0
1789904333718,313,478326,1,5008,-4.020043,1,0.75,Walking,True,0,0,0
1789904333718,313,478326,1,5008,-4.020043,1,0.75,Walking,True,0,0,0
1789904333718,313,478326,1,5008,-4.020043,1,0.75,Walking,True,0,0,0
1789904333718,313,478326,1,5008,-4.020043,1,0.75,Walking,True,0,0,0
1789904333734,314,479851,1,5024,-4.020043,1,0.75,Walking,True,0,0,0
1789904333734,314,479851,1,5024,-4.020043,1,0.75,Walking,True,0,0,0
1789904333734,314,479851,1,5024,-4.020043,1,0.75,Walking,True,0,0,0
1789904333734,314,479851,1,5024,-4.020043,1,0.75,Walking,True,0,0,0
1789904333734,314,479851,1,5024,-4.020043,1,0.75,Walking,True,0,0,0
1789904333734,314,479851,1,5024,-4.020043,1,0.75,Walking,True,0,0,0
1789904333734,314,479851,1,5024,-4.020043,1,0.75,Walking,True,0,0,0
1789904333734,314,479851,1,5024,-4.020043,1,0.75,Walking,True,0,0,0
1789904333749,315,481353,1,5040,-4.020043,1,0.75,Walking,True,0,0,0
1789904333749,315,481353,1,5040,-4.020043,1,0.75,Walking,True,0,0,0
1789904333749,315,481353,1,5040,-4.020043,1,0.75,Walking,True,0,0,0
1789904333749,315,481353,1,5040,-4.020043,1,0.75,Walking,True,0,0,0
1789904333749,315,481353,1,5040,-4.020043,1,0.75,Walking,True,0,0,0
1789904333749,315,481353,1,5040,-4.020043,1,0.75,Walking,True,0,0,0
1789904333749,315,481353,1,5040,-4.020043,1,0.75,Walking,True,0,0,0
1789904333749,315,481353,1,5040,-4.020043,1,0.75,Walking,True,0,0,0
1789904333764,316,482824,1,5056,-4.020043,1,0.75,Walking,True,0,0,0
1789904333764,316,482824,1,5056,-4.020043,1,0.75,Walking,True,0,0,0
1789904333764,316,482824,1,5056,-4.020043,1,0.75,Walking,True,0,0,0
1789904333764,316,482824,1,5056,-4.020043,1,0.75,Walking,True,0,0,0
1789904333764,316,482824,1,5056,-4.020043,1,0.75,Walking,True,0,0,0
1789904333764,316,482824,1,5056,-4.020043,1,0.75,Walking,True,0,0,0
1789904333764,316,482824,1,5056,-4.020043,1,0.75,Walking,True,0,0,0
1789904333764,316,482824,1,5056,-4.020043,1,0.75,Walking,True,0,0,0
1789904333781,317,484152,1,5072,-4.020043,1,0.75,Walking,True,0,0,0
1789904333781,317,484152,1,5072,-4.020043,1,0.75,Walking,True,0,0,0
1789904333781,317,484152,1,5072,-4.020043,1,0.75,Walking,True,0,0,0
1789904333781,317,484152,1,5072,-4.020043,1,0.75,Walking,True,0,0,0
1789904333781,317,484152,1,5072,-4.020043,1,0.75,Walking,True,0,0,0
1789904333781,317,484152,1,5072,-4.020043,1,0.75,Walking,True,0,0,0
1789904333781,317,484152,1,5072,-4.020043,1,0.75,Walking,True,0,0,0
1789904333781,317,484152,1,5072,-4.020043,1,0.75,Walking,True,0,0,0
1789904333796,318,485693,1,5088,-4.020043,1,0.75,Walking,True,0,0,0
1789904333796,318,485693,1,5088,-4.020043,1,0.75,Walking,True,0,0,0
1789904333796,318,485693,1,5088,-4.020043,1,0.75,Walking,True,0,0,0
1789904333796,318,485693,1,5088,-4.020043,1,0.75,Walking,True,0,0,0
1789904333796,318,485693,1,5088,-4.020043,1,0.75,Walking,True,0,0,0
1789904333796,318,485693,1,5088,-4.020043,1,0.75,Walking,True,0,0,0
1789904333796,318,485693,1,5088,-4.020043,1,0.75,Walking,True,0,0,0
1789904333796,318,485693,1,5088,-4.020043,1,0.75,Walking,True,0,0,0
1789904333812,319,487179,1,5104,-4.020043,1,0.75,Walking,True,0,0,0
1789904333812,319,487179,1,5104,-4.020043,1,0.75,Walking,True,0,0,0
1789904333812,319,487179,1,5104,-4.020043,1,0.75,Walking,True,0,0,0
1789904333812,319,487179,1,5104,-4.020043,1,0.75,Walking,True,0,0,0
1789904333812,319,487179,1,5104,-4.020043,1,0.75,Walking,True,0,0,0
1789904333812,319,487179,1,5104,-4.020043,1,0.75,Walking,True,0,0,0
1789904333812,319,487179,1,5104,-4.020043,1,0.75,Walking,True,0,0,0
1789904333812,319,487179,1,5104,-4.020043,1,0.75,Walking,True,0,0,0
1789904333828,320,488563,1,5120,-4.020043,1,0.75,Walking,True,0,0,0
1789904333828,320,488563,1,5120,-4.020043,1,0.75,Walking,True,0,0,0
1789904333828,320,488563,1,5120,-4.020043,1,0.75,Walking,True,0,0,0
1789904333828,320,488563,1,5120,-4.020043,1,0.75,Walking,True,0,0,0
1789904333828,320,488563,1,5120,-4.020043,1,0.75,Walking,True,0,0,0
1789904333828,320,488563,1,5120,-4.020043,1,0.75,Walking,True,0,0,0
1789904333828,320,488563,1,5120,-4.020043,1,0.75,Walking,True,0,0,0
1789904333828,320,488563,1,5120,-4.020043,1,0.75,Walking,True,0,0,0
1789904333843,321,490037,1,5136,-4.020043,1,0.75,Walking,True,0,0,0
1789904333843,321,490037,1,5136,-4.020043,1,0.75,Walking,True,0,0,0
1789904333843,321,490037,1,5136,-4.020043,1,0.75,Walking,True,0,0,0
1789904333843,321,490037,1,5136,-4.020043,1,0.75,Walking,True,0,0,0
1789904333843,321,490037,1,5136,-4.020043,1,0.75,Walking,True,0,0,0
1789904333843,321,490037,1,5136,-4.020043,1,0.75,Walking,True,0,0,0
1789904333843,321,490037,1,5136,-4.020043,1,0.75,Walking,True,0,0,0
1789904333843,321,490037,1,5136,-4.020043,1,0.75,Walking,True,0,0,0
1789904333859,322,491478,1,5152,-4.020043,1,0.75,Walking,True,0,0,0
1789904333859,322,491478,1,5152,-4.020043,1,0.75,Walking,True,0,0,0
1789904333859,322,491478,1,5152,-4.020043,1,0.75,Walking,True,0,0,0
1789904333859,322,491478,1,5152,-4.020043,1,0.75,Walking,True,0,0,0
1789904333859,322,491478,1,5152,-4.020043,1,0.75,Walking,True,0,0,0
1789904333859,322,491478,1,5152,-4.020043,1,0.75,Walking,True,0,0,0
1789904333859,322,491478,1,5152,-4.020043,1,0.75,Walking,True,0,0,0
1789904333859,322,491478,1,5152,-4.020043,1,0.75,Walking,True,0,0,0
1789904333874,323,492859,1,5168,-4.020043,1,0.75,Walking,True,0,0,0
1789904333874,323,492859,1,5168,-4.020043,1,0.75,Walking,True,0,0,0
1789904333874,323,492859,1,5168,-4.020043,1,0.75,Walking,True,0,0,0
1789904333874,323,492859,1,5168,-4.020043,1,0.75,Walking,True,0,0,0
1789904333874,323,492859,1,5168,-4.020043,1,0.75,Walking,True,0,0,0
1789904333874,323,492859,1,5168,-4.020043,1,0.75,Walking,True,0,0,0
1789904333874,323,492859,1,5168,-4.020043,1,0.75,Walking,True,0,0,0
1789904333874,323,492859,1,5168,-4.020043,1,0.75,Walking,True,0,0,0
1789904333890,324,494138,1,5184,-4.020043,1,0.75,Walking,True,0,0,0
1789904333890,324,494138,1,5184,-4.020043,1,0.75,Walking,True,0,0,0
1789904333890,324,494138,1,5184,-4.020043,1,0.75,Walking,True,0,0,0
1789904333890,324,494138,1,5184,-4.020043,1,0.75,Walking,True,0,0,0
1789904333890,324,494138,1,5184,-4.020043,1,0.75,Walking,True,0,0,0
1789904333890,324,494138,1,5184,-4.020043,1,0.75,Walking,True,0,0,0
1789904333890,324,494138,1,5184,-4.020043,1,0.75,Walking,True,0,0,0
1789904333890,324,494138,1,5184,-4.020043,1,0.75,Walking,True,0,0,0
1789904333906,325,495513,1,5200,-4.020043,1,0.75,Walking,True,0,0,0
1789904333906,325,495513,1,5200,-4.020043,1,0.75,Walking,True,0,0,0
1789904333906,325,495513,1,5200,-4.020043,1,0.75,Walking,True,0,0,0
1789904333906,325,495513,1,5200,-4.020043,1,0.75,Walking,True,0,0,0
1789904333906,325,495513,1,5200,-4.020043,1,0.75,Walking,True,0,0,0
1789904333906,325,495513,1,5200,-4.020043,1,0.75,Walking,True,0,0,0
1789904333906,325,495513,1,5200,-4.020043,1,0.75,Walking,True,0,0,0
1789904333906,325,495513,1,5200,-4.020043,1,0.75,Walking,True,0,0,0
1789904333921,326,496729,1,5216,-4.020043,1,0.75,Walking,True,0,0,0
1789904333921,326,496729,1,5216,-4.020043,1,0.75,Walking,True,0,0,0
1789904333921,326,496729,1,5216,-4.020043,1,0.75,Walking,True,0,0,0
1789904333921,326,496729,1,5216,-4.020043,1,0.75,Walking,True,0,0,0
1789904333921,326,496729,1,5216,-4.020043,1,0.75,Walking,True,0,0,0
1789904333921,326,496729,1,5216,-4.020043,1,0.75,Walking,True,0,0,0
1789904333921,326,496729,1,5216,-4.020043,1,0.75,Walking,True,0,0,0
1789904333921,326,496729,1,5216,-4.020043,1,0.75,Walking,True,0,0,0
1789904333937,327,497879,1,5232,-4.020043,1,0.75,Walking,True,0,0,0
1789904333937,327,497879,1,5232,-4.020043,1,0.75,Walking,True,0,0,0
1789904333937,327,497879,1,5232,-4.020043,1,0.75,Walking,True,0,0,0
1789904333937,327,497879,1,5232,-4.020043,1,0.75,Walking,True,0,0,0
1789904333937,327,497879,1,5232,-4.020043,1,0.75,Walking,True,0,0,0
1789904333937,327,497879,1,5232,-4.020043,1,0.75,Walking,True,0,0,0
1789904333937,327,497879,1,5232,-4.020043,1,0.75,Walking,True,0,0,0
1789904333937,327,497879,1,5232,-4.020043,1,0.75,Walking,True,0,0,0
1789904333952,328,499106,1,5248,-4.020043,1,0.75,Walking,True,0,0,0
1789904333952,328,499106,1,5248,-4.020043,1,0.75,Walking,True,0,0,0
1789904333952,328,499106,1,5248,-4.020043,1,0.75,Walking,True,0,0,0
1789904333952,328,499106,1,5248,-4.020043,1,0.75,Walking,True,0,0,0
1789904333952,328,499106,1,5248,-4.020043,1,0.75,Walking,True,0,0,0
1789904333952,328,499106,1,5248,-4.020043,1,0.75,Walking,True,0,0,0
1789904333952,328,499106,1,5248,-4.020043,1,0.75,Walking,True,0,0,0
1789904333952,328,499106,1,5248,-4.020043,1,0.75,Walking,True,0,0,0
1789904333967,329,500363,1,5264,-4.020043,1,0.75,Walking,True,0,0,0
1789904333967,329,500363,1,5264,-4.020043,1,0.75,Walking,True,0,0,0
1789904333967,329,500363,1,5264,-4.020043,1,0.75,Walking,True,0,0,0
1789904333967,329,500363,1,5264,-4.020043,1,0.75,Walking,True,0,0,0
1789904333967,329,500363,1,5264,-4.020043,1,0.75,Walking,True,0,0,0
1789904333967,329,500363,1,5264,-4.020043,1,0.75,Walking,True,0,0,0
1789904333967,329,500363,1,5264,-4.020043,1,0.75,Walking,True,0,0,0
1789904333967,329,500363,1,5264,-4.020043,1,0.75,Walking,True,0,0,0
1789904333982,330,501534,1,5280,-4.020043,1,0.75,Walking,True,0,0,0
1789904333982,330,501534,1,5280,-4.020043,1,0.75,Walking,True,0,0,0
1789904333982,330,501534,1,5280,-4.020043,1,0.75,Walking,True,0,0,0
1789904333982,330,501534,1,5280,-4.020043,1,0.75,Walking,True,0,0,0
1789904333982,330,501534,1,5280,-4.020043,1,0.75,Walking,True,0,0,0
1789904333982,330,501534,1,5280,-4.020043,1,0.75,Walking,True,0,0,0
1789904333982,330,501534,1,5280,-4.020043,1,0.75,Walking,True,0,0,0
1789904333982,330,501534,1,5280,-4.020043,1,0.75,Walking,True,0,0,0
1789904333997,331,502738,1,5296,-4.020043,1,0.75,Walking,True,0,0,0
1789904333997,331,502738,1,5296,-4.020043,1,0.75,Walking,True,0,0,0
1789904333997,331,502738,1,5296,-4.020043,1,0.75,Walking,True,0,0,0
1789904333997,331,502738,1,5296,-4.020043,1,0.75,Walking,True,0,0,0
1789904333997,331,502738,1,5296,-4.020043,1,0.75,Walking,True,0,0,0
1789904333997,331,502738,1,5296,-4.020043,1,0.75,Walking,True,0,0,0
1789904333997,331,502738,1,5296,-4.020043,1,0.75,Walking,True,0,0,0
1789904333997,331,502738,1,5296,-4.020043,1,0.75,Walking,True,0,0,0
1789904334012,332,503918,1,5312,-4.020043,1,0.75,Walking,True,0,0,0
1789904334012,332,503918,1,5312,-4.020043,1,0.75,Walking,True,0,0,0
1789904334012,332,503918,1,5312,-4.020043,1,0.75,Walking,True,0,0,0
1789904334012,332,503918,1,5312,-4.020043,1,0.75,Walking,True,0,0,0
1789904334012,332,503918,1,5312,-4.020043,1,0.75,Walking,True,0,0,0
1789904334012,332,503918,1,5312,-4.020043,1,0.75,Walking,True,0,0,0
1789904334012,332,503918,1,5312,-4.020043,1,0.75,Walking,True,0,0,0
1789904334012,332,503918,1,5312,-4.020043,1,0.75,Walking,True,0,0,0
1789904334028,333,505071,1,5328,-4.020043,1,0.75,Walking,True,0,0,0
1789904334028,333,505071,1,5328,-4.020043,1,0.75,Walking,True,0,0,0
1789904334028,333,505071,1,5328,-4.020043,1,0.75,Walking,True,0,0,0
1789904334028,333,505071,1,5328,-4.020043,1,0.75,Walking,True,0,0,0
1789904334028,333,505071,1,5328,-4.020043,1,0.75,Walking,True,0,0,0
1789904334028,333,505071,1,5328,-4.020043,1,0.75,Walking,True,0,0,0
1789904334028,333,505071,1,5328,-4.020043,1,0.75,Walking,True,0,0,0
1789904334028,333,505071,1,5328,-4.020043,1,0.75,Walking,True,0,0,0
1789904334043,334,506417,1,5344,-4.020043,1,0.75,Walking,True,0,0,0
1789904334043,334,506417,1,5344,-4.020043,1,0.75,Walking,True,0,0,0
1789904334043,334,506417,1,5344,-4.020043,1,0.75,Walking,True,0,0,0
1789904334043,334,506417,1,5344,-4.020043,1,0.75,Walking,True,0,0,0
1789904334043,334,506417,1,5344,-4.020043,1,0.75,Walking,True,0,0,0
1789904334043,334,506417,1,5344,-4.020043,1,0.75,Walking,True,0,0,0
1789904334043,334,506417,1,5344,-4.020043,1,0.75,Walking,True,0,0,0
1789904334043,334,506417,1,5344,-4.020043,1,0.75,Walking,True,0,0,0
1789904334059,335,507670,1,5360,-4.020043,1,0.75,Walking,True,0,0,0
1789904334059,335,507670,1,5360,-4.020043,1,0.75,Walking,True,0,0,0
1789904334059,335,507670,1,5360,-4.020043,1,0.75,Walking,True,0,0,0
1789904334059,335,507670,1,5360,-4.020043,1,0.75,Walking,True,0,0,0
1789904334059,335,507670,1,5360,-4.020043,1,0.75,Walking,True,0,0,0
1789904334059,335,507670,1,5360,-4.020043,1,0.75,Walking,True,0,0,0
1789904334059,335,507670,1,5360,-4.020043,1,0.75,Walking,True,0,0,0
1789904334059,335,507670,1,5360,-4.020043,1,0.75,Walking,True,0,0,0
1789904334074,336,508884,1,5376,-4.020043,1,0.75,Walking,True,0,0,0
1789904334074,336,508884,1,5376,-4.020043,1,0.75,Walking,True,0,0,0
1789904334074,336,508884,1,5376,-4.020043,1,0.75,Walking,True,0,0,0
1789904334074,336,508884,1,5376,-4.020043,1,0.75,Walking,True,0,0,0
1789904334074,336,508884,1,5376,-4.020043,1,0.75,Walking,True,0,0,0
1789904334074,336,508884,1,5376,-4.020043,1,0.75,Walking,True,0,0,0
1789904334074,336,508884,1,5376,-4.020043,1,0.75,Walking,True,0,0,0
1789904334074,336,508884,1,5376,-4.020043,1,0.75,Walking,True,0,0,0
1789904334105,337,510176,1,5392,-4.020043,1,0.75,Walking,True,0,0,0
1789904334105,337,510176,1,5392,-4.020043,1,0.75,Walking,True,0,0,0
1789904334105,337,510176,1,5392,-4.020043,1,0.75,Walking,True,0,0,0
1789904334105,337,510176,1,5392,-4.020043,1,0.75,Walking,True,0,0,0
1789904334105,337,510176,1,5392,-4.020043,1,0.75,Walking,True,0,0,0
1789904334105,337,510176,1,5392,-4.020043,1,0.75,Walking,True,0,0,0
1789904334105,337,510176,1,5392,-4.020043,1,0.75,Walking,True,0,0,0
1789904334105,337,510176,1,5392,-4.020043,1,0.75,Walking,True,0,0,0
1789904334121,338,513198,1,5408,-4.020043,1,0.75,Walking,True,0,0,0
1789904334121,338,513198,1,5408,-4.020043,1,0.75,Walking,True,0,0,0
1789904334121,338,513198,1,5408,-4.020043,1,0.75,Walking,True,0,0,0
1789904334121,338,513198,1,5408,-4.020043,1,0.75,Walking,True,0,0,0
1789904334121,338,513198,1,5408,-4.020043,1,0.75,Walking,True,0,0,0
1789904334121,338,513198,1,5408,-4.020043,1,0.75,Walking,True,0,0,0
1789904334121,338,513198,1,5408,-4.020043,1,0.75,Walking,True,0,0,0
1789904334121,338,513198,1,5408,-4.020043,1,0.75,Walking,True,0,0,0
1789904334136,339,514650,1,5424,-4.020043,1,0.75,Walking,True,0,0,0
1789904334136,339,514650,1,5424,-4.020043,1,0.75,Walking,True,0,0,0
1789904334136,339,514650,1,5424,-4.020043,1,0.75,Walking,True,0,0,0
1789904334136,339,514650,1,5424,-4.020043,1,0.75,Walking,True,0,0,0
1789904334136,339,514650,1,5424,-4.020043,1,0.75,Walking,True,0,0,0
1789904334136,339,514650,1,5424,-4.020043,1,0.75,Walking,True,0,0,0
1789904334136,339,514650,1,5424,-4.020043,1,0.75,Walking,True,0,0,0
1789904334136,339,514650,1,5424,-4.020043,1,0.75,Walking,True,0,0,0
1789904334152,340,515880,1,5440,-4.020043,1,0.75,Walking,True,0,0,0
1789904334152,340,515880,1,5440,-4.020043,1,0.75,Walking,True,0,0,0
1789904334152,340,515880,1,5440,-4.020043,1,0.75,Walking,True,0,0,0
1789904334152,340,515880,1,5440,-4.020043,1,0.75,Walking,True,0,0,0
1789904334152,340,515880,1,5440,-4.020043,1,0.75,Walking,True,0,0,0
1789904334152,340,515880,1,5440,-4.020043,1,0.75,Walking,True,0,0,0
1789904334152,340,515880,1,5440,-4.020043,1,0.75,Walking,True,0,0,0
1789904334152,340,515880,1,5440,-4.020043,1,0.75,Walking,True,0,0,0
1789904334168,341,516956,1,5456,-4.020043,1,0.75,Walking,True,0,0,0
1789904334168,341,516956,1,5456,-4.020043,1,0.75,Walking,True,0,0,0
1789904334168,341,516956,1,5456,-4.020043,1,0.75,Walking,True,0,0,0
1789904334168,341,516956,1,5456,-4.020043,1,0.75,Walking,True,0,0,0
1789904334168,341,516956,1,5456,-4.020043,1,0.75,Walking,True,0,0,0
1789904334168,341,516956,1,5456,-4.020043,1,0.75,Walking,True,0,0,0
1789904334168,341,516956,1,5456,-4.020043,1,0.75,Walking,True,0,0,0
1789904334168,341,516956,1,5456,-4.020043,1,0.75,Walking,True,0,0,0
1789904334183,342,518136,1,5472,-4.020043,1,0.75,Walking,True,0,0,0
1789904334183,342,518136,1,5472,-4.020043,1,0.75,Walking,True,0,0,0
1789904334183,342,518136,1,5472,-4.020043,1,0.75,Walking,True,0,0,0
1789904334183,342,518136,1,5472,-4.020043,1,0.75,Walking,True,0,0,0
1789904334183,342,518136,1,5472,-4.020043,1,0.75,Walking,True,0,0,0
1789904334183,342,518136,1,5472,-4.020043,1,0.75,Walking,True,0,0,0
1789904334183,342,518136,1,5472,-4.020043,1,0.75,Walking,True,0,0,0
1789904334183,342,518136,1,5472,-4.020043,1,0.75,Walking,True,0,0,0
1789904334198,343,519365,1,5488,-4.020043,1,0.75,Walking,True,0,0,0
1789904334198,343,519365,1,5488,-4.020043,1,0.75,Walking,True,0,0,0
1789904334198,343,519365,1,5488,-4.020043,1,0.75,Walking,True,0,0,0
1789904334198,343,519365,1,5488,-4.020043,1,0.75,Walking,True,0,0,0
1789904334198,343,519365,1,5488,-4.020043,1,0.75,Walking,True,0,0,0
1789904334198,343,519365,1,5488,-4.020043,1,0.75,Walking,True,0,0,0
1789904334198,343,519365,1,5488,-4.020043,1,0.75,Walking,True,0,0,0
1789904334198,343,519365,1,5488,-4.020043,1,0.75,Walking,True,0,0,0
1789904334214,344,520557,1,5504,-4.020043,1,0.75,Walking,True,0,0,0
1789904334214,344,520557,1,5504,-4.020043,1,0.75,Walking,True,0,0,0
1789904334214,344,520557,1,5504,-4.020043,1,0.75,Walking,True,0,0,0
1789904334214,344,520557,1,5504,-4.020043,1,0.75,Walking,True,0,0,0
1789904334214,344,520557,1,5504,-4.020043,1,0.75,Walking,True,0,0,0
1789904334214,344,520557,1,5504,-4.020043,1,0.75,Walking,True,0,0,0
1789904334214,344,520557,1,5504,-4.020043,1,0.75,Walking,True,0,0,0
1789904334214,344,520557,1,5504,-4.020043,1,0.75,Walking,True,0,0,0
1789904334230,345,521720,1,5520,-4.020043,1,0.75,Walking,True,0,0,0
1789904334230,345,521720,1,5520,-4.020043,1,0.75,Walking,True,0,0,0
1789904334230,345,521720,1,5520,-4.020043,1,0.75,Walking,True,0,0,0
1789904334230,345,521720,1,5520,-4.020043,1,0.75,Walking,True,0,0,0
1789904334230,345,521720,1,5520,-4.020043,1,0.75,Walking,True,0,0,0
1789904334230,345,521720,1,5520,-4.020043,1,0.75,Walking,True,0,0,0
1789904334230,345,521720,1,5520,-4.020043,1,0.75,Walking,True,0,0,0
1789904334230,345,521720,1,5520,-4.020043,1,0.75,Walking,True,0,0,0
1789904334246,346,522904,1,5536,-4.020043,1,0.75,Walking,True,0,0,0
1789904334246,346,522904,1,5536,-4.020043,1,0.75,Walking,True,0,0,0
1789904334246,346,522904,1,5536,-4.020043,1,0.75,Walking,True,0,0,0
1789904334246,346,522904,1,5536,-4.020043,1,0.75,Walking,True,0,0,0
1789904334246,346,522904,1,5536,-4.020043,1,0.75,Walking,True,0,0,0
1789904334246,346,522904,1,5536,-4.020043,1,0.75,Walking,True,0,0,0
1789904334246,346,522904,1,5536,-4.020043,1,0.75,Walking,True,0,0,0
1789904334246,346,522904,1,5536,-4.020043,1,0.75,Walking,True,0,0,0
1789904334263,347,523969,1,5552,-4.020043,1,0.75,Walking,True,0,0,0
1789904334263,347,523969,1,5552,-4.020043,1,0.75,Walking,True,0,0,0
1789904334263,347,523969,1,5552,-4.020043,1,0.75,Walking,True,0,0,0
1789904334263,347,523969,1,5552,-4.020043,1,0.75,Walking,True,0,0,0
1789904334263,347,523969,1,5552,-4.020043,1,0.75,Walking,True,0,0,0
1789904334263,347,523969,1,5552,-4.020043,1,0.75,Walking,True,0,0,0
1789904334263,347,523969,1,5552,-4.020043,1,0.75,Walking,True,0,0,0
1789904334263,347,523969,1,5552,-4.020043,1,0.75,Walking,True,0,0,0
1789904334278,348,525117,1,5568,-4.020043,1,0.75,Walking,True,0,0,0
1789904334278,348,525117,1,5568,-4.020043,1,0.75,Walking,True,0,0,0
1789904334278,348,525117,1,5568,-4.020043,1,0.75,Walking,True,0,0,0
1789904334278,348,525117,1,5568,-4.020043,1,0.75,Walking,True,0,0,0
1789904334278,348,525117,1,5568,-4.020043,1,0.75,Walking,True,0,0,0
1789904334278,348,525117,1,5568,-4.020043,1,0.75,Walking,True,0,0,0
1789904334278,348,525117,1,5568,-4.020043,1,0.75,Walking,True,0,0,0
1789904334278,348,525117,1,5568,-4.020043,1,0.75,Walking,True,0,0,0
1789904334295,349,526272,1,5584,-4.020043,1,0.75,Walking,True,0,0,0
1789904334295,349,526272,1,5584,-4.020043,1,0.75,Walking,True,0,0,0
1789904334295,349,526272,1,5584,-4.020043,1,0.75,Walking,True,0,0,0
1789904334295,349,526272,1,5584,-4.020043,1,0.75,Walking,True,0,0,0
1789904334295,349,526272,1,5584,-4.020043,1,0.75,Walking,True,0,0,0
1789904334295,349,526272,1,5584,-4.020043,1,0.75,Walking,True,0,0,0
1789904334295,349,526272,1,5584,-4.020043,1,0.75,Walking,True,0,0,0
1789904334295,349,526272,1,5584,-4.020043,1,0.75,Walking,True,0,0,0
1789904334310,350,527416,1,5600,-4.020043,1,0.75,Walking,True,0,0,0
1789904334310,350,527416,1,5600,-4.020043,1,0.75,Walking,True,0,0,0
1789904334310,350,527416,1,5600,-4.020043,1,0.75,Walking,True,0,0,0
1789904334310,350,527416,1,5600,-4.020043,1,0.75,Walking,True,0,0,0
1789904334310,350,527416,1,5600,-4.020043,1,0.75,Walking,True,0,0,0
1789904334310,350,527416,1,5600,-4.020043,1,0.75,Walking,True,0,0,0
1789904334310,350,527416,1,5600,-4.020043,1,0.75,Walking,True,0,0,0
1789904334310,350,527416,1,5600,-4.020043,1,0.75,Walking,True,0,0,0
1789904334326,351,528576,1,5616,-4.020043,1,0.75,Walking,True,0,0,0
1789904334326,351,528576,1,5616,-4.020043,1,0.75,Walking,True,0,0,0
1789904334326,351,528576,1,5616,-4.020043,1,0.75,Walking,True,0,0,0
1789904334326,351,528576,1,5616,-4.020043,1,0.75,Walking,True,0,0,0
1789904334326,351,528576,1,5616,-4.020043,1,0.75,Walking,True,0,0,0
1789904334326,351,528576,1,5616,-4.020043,1,0.75,Walking,True,0,0,0
1789904334326,351,528576,1,5616,-4.020043,1,0.75,Walking,True,0,0,0
1789904334326,351,528576,1,5616,-4.020043,1,0.75,Walking,True,0,0,0
1789904334341,352,529735,1,5632,-4.020043,1,0.75,Walking,True,0,0,0
1789904334341,352,529735,1,5632,-4.020043,1,0.75,Walking,True,0,0,0
1789904334341,352,529735,1,5632,-4.020043,1,0.75,Walking,True,0,0,0
1789904334341,352,529735,1,5632,-4.020043,1,0.75,Walking,True,0,0,0
1789904334341,352,529735,1,5632,-4.020043,1,0.75,Walking,True,0,0,0
1789904334341,352,529735,1,5632,-4.020043,1,0.75,Walking,True,0,0,0
1789904334341,352,529735,1,5632,-4.020043,1,0.75,Walking,True,0,0,0
1789904334341,352,529735,1,5632,-4.020043,1,0.75,Walking,True,0,0,0
1789904334357,353,530895,1,5648,-4.020043,1,0.75,Walking,True,0,0,0
1789904334357,353,530895,1,5648,-4.020043,1,0.75,Walking,True,0,0,0
1789904334357,353,530895,1,5648,-4.020043,1,0.75,Walking,True,0,0,0
1789904334357,353,530895,1,5648,-4.020043,1,0.75,Walking,True,0,0,0
1789904334357,353,530895,1,5648,-4.020043,1,0.75,Walking,True,0,0,0
1789904334357,353,530895,1,5648,-4.020043,1,0.75,Walking,True,0,0,0
1789904334357,353,530895,1,5648,-4.020043,1,0.75,Walking,True,0,0,0
1789904334357,353,530895,1,5648,-4.020043,1,0.75,Walking,True,0,0,0
1789904334372,354,532073,1,5664,-4.020043,1,0.75,Walking,True,0,0,0
1789904334372,354,532073,1,5664,-4.020043,1,0.75,Walking,True,0,0,0
1789904334372,354,532073,1,5664,-4.020043,1,0.75,Walking,True,0,0,0
1789904334372,354,532073,1,5664,-4.020043,1,0.75,Walking,True,0,0,0
1789904334372,354,532073,1,5664,-4.020043,1,0.75,Walking,True,0,0,0
1789904334372,354,532073,1,5664,-4.020043,1,0.75,Walking,True,0,0,0
1789904334372,354,532073,1,5664,-4.020043,1,0.75,Walking,True,0,0,0
1789904334372,354,532073,1,5664,-4.020043,1,0.75,Walking,True,0,0,0
1789904334387,355,533215,1,5680,-4.020043,1,0.75,Walking,True,0,0,0
1789904334387,355,533215,1,5680,-4.020043,1,0.75,Walking,True,0,0,0
1789904334387,355,533215,1,5680,-4.020043,1,0.75,Walking,True,0,0,0
1789904334387,355,533215,1,5680,-4.020043,1,0.75,Walking,True,0,0,0
1789904334387,355,533215,1,5680,-4.020043,1,0.75,Walking,True,0,0,0
1789904334387,355,533215,1,5680,-4.020043,1,0.75,Walking,True,0,0,0
1789904334387,355,533215,1,5680,-4.020043,1,0.75,Walking,True,0,0,0
1789904334387,355,533215,1,5680,-4.020043,1,0.75,Walking,True,0,0,0
1789904334402,356,534524,1,5696,-4.020043,1,0.75,Walking,True,0,0,0
1789904334402,356,534524,1,5696,-4.020043,1,0.75,Walking,True,0,0,0
1789904334402,356,534524,1,5696,-4.020043,1,0.75,Walking,True,0,0,0
1789904334402,356,534524,1,5696,-4.020043,1,0.75,Walking,True,0,0,0
1789904334402,356,534524,1,5696,-4.020043,1,0.75,Walking,True,0,0,0
1789904334402,356,534524,1,5696,-4.020043,1,0.75,Walking,True,0,0,0
1789904334402,356,534524,1,5696,-4.020043,1,0.75,Walking,True,0,0,0
1789904334402,356,534524,1,5696,-4.020043,1,0.75,Walking,True,0,0,0
1789904334807,357,586027,1,5712,-4.020043,1,0.75,Walking,True,0,0,0
1789904334807,357,586027,1,5712,-4.020043,1,0.75,Walking,True,0,0,0
1789904334807,357,586027,1,5712,-4.020043,1,0.75,Walking,True,0,0,0
1789904334807,357,586027,1,5712,-4.020043,1,0.75,Walking,True,0,0,0
1789904334807,357,586027,1,5712,-4.020043,1,0.75,Walking,True,0,0,0
1789904334807,357,586027,1,5712,-4.020043,1,0.75,Walking,True,0,0,0
1789904334807,357,586027,1,5712,-4.020043,1,0.75,Walking,True,0,0,0
1789904334807,357,586027,1,5712,-4.020043,1,0.75,Walking,True,0,0,0
1789904334822,358,588902,1,5728,-4.020043,1,0.75,Walking,True,0,0,0
1789904334822,358,588902,1,5728,-4.020043,1,0.75,Walking,True,0,0,0
1789904334822,358,588902,1,5728,-4.020043,1,0.75,Walking,True,0,0,0
1789904334822,358,588902,1,5728,-4.020043,1,0.75,Walking,True,0,0,0
1789904334822,358,588902,1,5728,-4.020043,1,0.75,Walking,True,0,0,0
1789904334822,358,588902,1,5728,-4.020043,1,0.75,Walking,True,0,0,0
1789904334822,358,588902,1,5728,-4.020043,1,0.75,Walking,True,0,0,0
1789904334822,358,588902,1,5728,-4.020043,1,0.75,Walking,True,0,0,0
1789904334838,359,590445,1,5744,-4.020043,1,0.75,Walking,True,0,0,0
1789904334838,359,590445,1,5744,-4.020043,1,0.75,Walking,True,0,0,0
1789904334838,359,590445,1,5744,-4.020043,1,0.75,Walking,True,0,0,0
1789904334838,359,590445,1,5744,-4.020043,1,0.75,Walking,True,0,0,0
1789904334838,359,590445,1,5744,-4.020043,1,0.75,Walking,True,0,0,0
1789904334838,359,590445,1,5744,-4.020043,1,0.75,Walking,True,0,0,0
1789904334838,359,590445,1,5744,-4.020043,1,0.75,Walking,True,0,0,0
1789904334838,359,590445,1,5744,-4.020043,1,0.75,Walking,True,0,0,0
1789904334853,360,591887,1,5760,-4.020043,1,0.75,Walking,True,0,0,0
1789904334853,360,591887,1,5760,-4.020043,1,0.75,Walking,True,0,0,0
1789904334853,360,591887,1,5760,-4.020043,1,0.75,Walking,True,0,0,0
1789904334853,360,591887,1,5760,-4.020043,1,0.75,Walking,True,0,0,0
1789904334853,360,591887,1,5760,-4.020043,1,0.75,Walking,True,0,0,0
1789904334853,360,591887,1,5760,-4.020043,1,0.75,Walking,True,0,0,0
1789904334853,360,591887,1,5760,-4.020043,1,0.75,Walking,True,0,0,0
1789904334853,360,591887,1,5760,-4.020043,1,0.75,Walking,True,0,0,0
1789904334868,361,593255,1,5776,-4.020043,1,0.75,Walking,True,0,0,0
1789904334868,361,593255,1,5776,-4.020043,1,0.75,Walking,True,0,0,0
1789904334868,361,593255,1,5776,-4.020043,1,0.75,Walking,True,0,0,0
1789904334868,361,593255,1,5776,-4.020043,1,0.75,Walking,True,0,0,0
1789904334868,361,593255,1,5776,-4.020043,1,0.75,Walking,True,0,0,0
1789904334868,361,593255,1,5776,-4.020043,1,0.75,Walking,True,0,0,0
1789904334868,361,593255,1,5776,-4.020043,1,0.75,Walking,True,0,0,0
1789904334868,361,593255,1,5776,-4.020043,1,0.75,Walking,True,0,0,0
1789904334884,362,594643,1,5792,-4.020043,1,0.75,Walking,True,0,0,0
1789904334884,362,594643,1,5792,-4.020043,1,0.75,Walking,True,0,0,0
1789904334884,362,594643,1,5792,-4.020043,1,0.75,Walking,True,0,0,0
1789904334884,362,594643,1,5792,-4.020043,1,0.75,Walking,True,0,0,0
1789904334884,362,594643,1,5792,-4.020043,1,0.75,Walking,True,0,0,0
1789904334884,362,594643,1,5792,-4.020043,1,0.75,Walking,True,0,0,0
1789904334884,362,594643,1,5792,-4.020043,1,0.75,Walking,True,0,0,0
1789904334884,362,594643,1,5792,-4.020043,1,0.75,Walking,True,0,0,0
1789904334901,363,596016,1,5808,-4.020043,1,0.75,Walking,True,0,0,0
1789904334901,363,596016,1,5808,-4.020043,1,0.75,Walking,True,0,0,0
1789904334901,363,596016,1,5808,-4.020043,1,0.75,Walking,True,0,0,0
1789904334901,363,596016,1,5808,-4.020043,1,0.75,Walking,True,0,0,0
1789904334901,363,596016,1,5808,-4.020043,1,0.75,Walking,True,0,0,0
1789904334901,363,596016,1,5808,-4.020043,1,0.75,Walking,True,0,0,0
1789904334901,363,596016,1,5808,-4.020043,1,0.75,Walking,True,0,0,0
1789904334901,363,596016,1,5808,-4.020043,1,0.75,Walking,True,0,0,0
1789904334917,364,597582,1,5824,-4.020043,1,0.75,Walking,True,0,0,0
1789904334917,364,597582,1,5824,-4.020043,1,0.75,Walking,True,0,0,0
1789904334917,364,597582,1,5824,-4.020043,1,0.75,Walking,True,0,0,0
1789904334917,364,597582,1,5824,-4.020043,1,0.75,Walking,True,0,0,0
1789904334917,364,597582,1,5824,-4.020043,1,0.75,Walking,True,0,0,0
1789904334917,364,597582,1,5824,-4.020043,1,0.75,Walking,True,0,0,0
1789904334917,364,597582,1,5824,-4.020043,1,0.75,Walking,True,0,0,0
1789904334917,364,597582,1,5824,-4.020043,1,0.75,Walking,True,0,0,0
1789904334932,365,599108,1,5840,-4.020043,1,0.75,Walking,True,0,0,0
1789904334932,365,599108,1,5840,-4.020043,1,0.75,Walking,True,0,0,0
1789904334932,365,599108,1,5840,-4.020043,1,0.75,Walking,True,0,0,0
1789904334932,365,599108,1,5840,-4.020043,1,0.75,Walking,True,0,0,0
1789904334932,365,599108,1,5840,-4.020043,1,0.75,Walking,True,0,0,0
1789904334932,365,599108,1,5840,-4.020043,1,0.75,Walking,True,0,0,0
1789904334932,365,599108,1,5840,-4.020043,1,0.75,Walking,True,0,0,0
1789904334932,365,599108,1,5840,-4.020043,1,0.75,Walking,True,0,0,0
1789904334947,366,600502,1,5856,-4.020043,1,0.75,Walking,True,0,0,0
1789904334947,366,600502,1,5856,-4.020043,1,0.75,Walking,True,0,0,0
1789904334947,366,600502,1,5856,-4.020043,1,0.75,Walking,True,0,0,0
1789904334947,366,600502,1,5856,-4.020043,1,0.75,Walking,True,0,0,0
1789904334947,366,600502,1,5856,-4.020043,1,0.75,Walking,True,0,0,0
1789904334947,366,600502,1,5856,-4.020043,1,0.75,Walking,True,0,0,0
1789904334947,366,600502,1,5856,-4.020043,1,0.75,Walking,True,0,0,0
1789904334947,366,600502,1,5856,-4.020043,1,0.75,Walking,True,0,0,0
1789904334963,367,601794,1,5872,-4.020043,1,0.75,Walking,True,0,0,0
1789904334963,367,601794,1,5872,-4.020043,1,0.75,Walking,True,0,0,0
1789904334963,367,601794,1,5872,-4.020043,1,0.75,Walking,True,0,0,0
1789904334964,367,601794,1,5872,-4.020043,1,0.75,Walking,True,0,0,0
1789904334964,367,601794,1,5872,-4.020043,1,0.75,Walking,True,0,0,0
1789904334964,367,601794,1,5872,-4.020043,1,0.75,Walking,True,0,0,0
1789904334964,367,601794,1,5872,-4.020043,1,0.75,Walking,True,0,0,0
1789904334964,367,601794,1,5872,-4.020043,1,0.75,Walking,True,0,0,0
1789904334978,368,603248,1,5888,-4.020043,1,0.75,Walking,True,0,0,0
1789904334978,368,603248,1,5888,-4.020043,1,0.75,Walking,True,0,0,0
1789904334979,368,603248,1,5888,-4.020043,1,0.75,Walking,True,0,0,0
1789904334979,368,603248,1,5888,-4.020043,1,0.75,Walking,True,0,0,0
1789904334979,368,603248,1,5888,-4.020043,1,0.75,Walking,True,0,0,0
1789904334979,368,603248,1,5888,-4.020043,1,0.75,Walking,True,0,0,0
1789904334979,368,603248,1,5888,-4.020043,1,0.75,Walking,True,0,0,0
1789904334979,368,603248,1,5888,-4.020043,1,0.75,Walking,True,0,0,0
1789904334994,369,604465,1,5904,-4.020043,1,0.75,Walking,True,0,0,0
1789904334994,369,604465,1,5904,-4.020043,1,0.75,Walking,True,0,0,0
1789904334994,369,604465,1,5904,-4.020043,1,0.75,Walking,True,0,0,0
1789904334994,369,604465,1,5904,-4.020043,1,0.75,Walking,True,0,0,0
1789904334994,369,604465,1,5904,-4.020043,1,0.75,Walking,True,0,0,0
1789904334994,369,604465,1,5904,-4.020043,1,0.75,Walking,True,0,0,0
1789904334994,369,604465,1,5904,-4.020043,1,0.75,Walking,True,0,0,0
1789904334994,369,604465,1,5904,-4.020043,1,0.75,Walking,True,0,0,0
1789904335010,370,605776,1,5920,-4.020043,1,0.75,Walking,True,0,0,0
1789904335010,370,605776,1,5920,-4.020043,1,0.75,Walking,True,0,0,0
1789904335010,370,605776,1,5920,-4.020043,1,0.75,Walking,True,0,0,0
1789904335010,370,605776,1,5920,-4.020043,1,0.75,Walking,True,0,0,0
1789904335010,370,605776,1,5920,-4.020043,1,0.75,Walking,True,0,0,0
1789904335010,370,605776,1,5920,-4.020043,1,0.75,Walking,True,0,0,0
1789904335010,370,605776,1,5920,-4.020043,1,0.75,Walking,True,0,0,0
1789904335010,370,605776,1,5920,-4.020043,1,0.75,Walking,True,0,0,0
1789904335026,371,607034,1,5936,-4.020043,1,0.75,Walking,True,0,0,0
1789904335026,371,607034,1,5936,-4.020043,1,0.75,Walking,True,0,0,0
1789904335026,371,607034,1,5936,-4.020043,1,0.75,Walking,True,0,0,0
1789904335026,371,607034,1,5936,-4.020043,1,0.75,Walking,True,0,0,0
1789904335026,371,607034,1,5936,-4.020043,1,0.75,Walking,True,0,0,0
1789904335026,371,607034,1,5936,-4.020043,1,0.75,Walking,True,0,0,0
1789904335026,371,607034,1,5936,-4.020043,1,0.75,Walking,True,0,0,0
1789904335026,371,607034,1,5936,-4.020043,1,0.75,Walking,True,0,0,0
1789904335041,372,608270,1,5952,-4.020043,1,0.75,Walking,True,0,0,0
1789904335041,372,608270,1,5952,-4.020043,1,0.75,Walking,True,0,0,0
1789904335041,372,608270,1,5952,-4.020043,1,0.75,Walking,True,0,0,0
1789904335041,372,608270,1,5952,-4.020043,1,0.75,Walking,True,0,0,0
1789904335041,372,608270,1,5952,-4.020043,1,0.75,Walking,True,0,0,0
1789904335041,372,608270,1,5952,-4.020043,1,0.75,Walking,True,0,0,0
1789904335041,372,608270,1,5952,-4.020043,1,0.75,Walking,True,0,0,0
1789904335041,372,608270,1,5952,-4.020043,1,0.75,Walking,True,0,0,0
1789904335057,373,609441,1,5968,-4.020043,1,0.75,Walking,True,0,0,0
1789904335057,373,609441,1,5968,-4.020043,1,0.75,Walking,True,0,0,0
1789904335057,373,609441,1,5968,-4.020043,1,0.75,Walking,True,0,0,0
1789904335057,373,609441,1,5968,-4.020043,1,0.75,Walking,True,0,0,0
1789904335057,373,609441,1,5968,-4.020043,1,0.75,Walking,True,0,0,0
1789904335057,373,609441,1,5968,-4.020043,1,0.75,Walking,True,0,0,0
1789904335057,373,609441,1,5968,-4.020043,1,0.75,Walking,True,0,0,0
1789904335057,373,609441,1,5968,-4.020043,1,0.75,Walking,True,0,0,0
1789904335073,374,610820,1,5984,-4.020043,1,0.75,Walking,True,0,0,0
1789904335073,374,610820,1,5984,-4.020043,1,0.75,Walking,True,0,0,0
1789904335073,374,610820,1,5984,-4.020043,1,0.75,Walking,True,0,0,0
1789904335073,374,610820,1,5984,-4.020043,1,0.75,Walking,True,0,0,0
1789904335073,374,610820,1,5984,-4.020043,1,0.75,Walking,True,0,0,0
1789904335073,374,610820,1,5984,-4.020043,1,0.75,Walking,True,0,0,0
1789904335073,374,610820,1,5984,-4.020043,1,0.75,Walking,True,0,0,0
1789904335073,374,610820,1,5984,-4.020043,1,0.75,Walking,True,0,0,0
1789904335087,375,611961,1,6000,-4.020043,1,0.75,Walking,True,0,0,0
1789904335087,375,611961,1,6000,-4.020043,1,0.75,Walking,True,0,0,0
1789904335087,375,611961,1,6000,-4.020043,1,0.75,Walking,True,0,0,0
1789904335087,375,611961,1,6000,-4.020043,1,0.75,Walking,True,0,0,0
1789904335087,375,611961,1,6000,-4.020043,1,0.75,Walking,True,0,0,0
1789904335087,375,611961,1,6000,-4.020043,1,0.75,Walking,True,0,0,0
1789904335087,375,611961,1,6000,-4.020043,1,0.75,Walking,True,0,0,0
1789904335087,375,611961,1,6000,-4.020043,1,0.75,Walking,True,0,0,0
1789904335102,376,613274,1,6016,-4.020043,1,0.75,Walking,True,0,0,0
1789904335102,376,613274,1,6016,-4.020043,1,0.75,Walking,True,0,0,0
1789904335102,376,613274,1,6016,-4.020043,1,0.75,Walking,True,0,0,0
1789904335102,376,613274,1,6016,-4.020043,1,0.75,Walking,True,0,0,0
1789904335102,376,613274,1,6016,-4.020043,1,0.75,Walking,True,0,0,0
1789904335102,376,613274,1,6016,-4.020043,1,0.75,Walking,True,0,0,0
1789904335102,376,613274,1,6016,-4.020043,1,0.75,Walking,True,0,0,0
1789904335102,376,613274,1,6016,-4.020043,1,0.75,Walking,True,0,0,0
1789904335117,377,614724,1,6032,-4.020043,1,0.75,Walking,True,0,0,0
1789904335117,377,614724,1,6032,-4.020043,1,0.75,Walking,True,0,0,0
1789904335117,377,614724,1,6032,-4.020043,1,0.75,Walking,True,0,0,0
1789904335117,377,614724,1,6032,-4.020043,1,0.75,Walking,True,0,0,0
1789904335117,377,614724,1,6032,-4.020043,1,0.75,Walking,True,0,0,0
1789904335117,377,614724,1,6032,-4.020043,1,0.75,Walking,True,0,0,0
1789904335117,377,614724,1,6032,-4.020043,1,0.75,Walking,True,0,0,0
1789904335117,377,614724,1,6032,-4.020043,1,0.75,Walking,True,0,0,0
1789904335133,378,616193,1,6048,-4.020043,1,0.75,Walking,True,0,0,0
1789904335133,378,616193,1,6048,-4.020043,1,0.75,Walking,True,0,0,0
1789904335133,378,616193,1,6048,-4.020043,1,0.75,Walking,True,0,0,0
1789904335133,378,616193,1,6048,-4.020043,1,0.75,Walking,True,0,0,0
1789904335133,378,616193,1,6048,-4.020043,1,0.75,Walking,True,0,0,0
1789904335133,378,616193,1,6048,-4.020043,1,0.75,Walking,True,0,0,0
1789904335133,378,616193,1,6048,-4.020043,1,0.75,Walking,True,0,0,0
1789904335133,378,616193,1,6048,-4.020043,1,0.75,Walking,True,0,0,0
1789904335150,379,617661,1,6064,-4.020043,1,0.75,Walking,True,0,0,0
1789904335150,379,617661,1,6064,-4.020043,1,0.75,Walking,True,0,0,0
1789904335150,379,617661,1,6064,-4.020043,1,0.75,Walking,True,0,0,0
1789904335150,379,617661,1,6064,-4.020043,1,0.75,Walking,True,0,0,0
1789904335150,379,617661,1,6064,-4.020043,1,0.75,Walking,True,0,0,0
1789904335150,379,617661,1,6064,-4.020043,1,0.75,Walking,True,0,0,0
1789904335150,379,617661,1,6064,-4.020043,1,0.75,Walking,True,0,0,0
1789904335150,379,617661,1,6064,-4.020043,1,0.75,Walking,True,0,0,0
1789904335166,380,619295,1,6080,-4.020043,1,0.75,Walking,True,0,0,0
1789904335166,380,619295,1,6080,-4.020043,1,0.75,Walking,True,0,0,0
1789904335166,380,619295,1,6080,-4.020043,1,0.75,Walking,True,0,0,0
1789904335166,380,619295,1,6080,-4.020043,1,0.75,Walking,True,0,0,0
1789904335166,380,619295,1,6080,-4.020043,1,0.75,Walking,True,0,0,0
1789904335166,380,619295,1,6080,-4.020043,1,0.75,Walking,True,0,0,0
1789904335166,380,619295,1,6080,-4.020043,1,0.75,Walking,True,0,0,0
1789904335166,380,619295,1,6080,-4.020043,1,0.75,Walking,True,0,0,0
1789904335182,381,620843,1,6096,-4.020043,1,0.75,Walking,True,0,0,0
1789904335182,381,620843,1,6096,-4.020043,1,0.75,Walking,True,0,0,0
1789904335182,381,620843,1,6096,-4.020043,1,0.75,Walking,True,0,0,0
1789904335182,381,620843,1,6096,-4.020043,1,0.75,Walking,True,0,0,0
1789904335182,381,620843,1,6096,-4.020043,1,0.75,Walking,True,0,0,0
1789904335182,381,620843,1,6096,-4.020043,1,0.75,Walking,True,0,0,0
1789904335182,381,620843,1,6096,-4.020043,1,0.75,Walking,True,0,0,0
1789904335182,381,620843,1,6096,-4.020043,1,0.75,Walking,True,0,0,0
1789904335198,382,622442,1,6112,-4.020043,1,0.75,Walking,True,0,0,0
1789904335198,382,622442,1,6112,-4.020043,1,0.75,Walking,True,0,0,0
1789904335198,382,622442,1,6112,-4.020043,1,0.75,Walking,True,0,0,0
1789904335198,382,622442,1,6112,-4.020043,1,0.75,Walking,True,0,0,0
1789904335198,382,622442,1,6112,-4.020043,1,0.75,Walking,True,0,0,0
1789904335198,382,622442,1,6112,-4.020043,1,0.75,Walking,True,0,0,0
1789904335198,382,622442,1,6112,-4.020043,1,0.75,Walking,True,0,0,0
1789904335198,382,622442,1,6112,-4.020043,1,0.75,Walking,True,0,0,0
1789904335213,383,624006,1,6128,-4.020043,1,0.75,Walking,True,0,0,0
1789904335213,383,624006,1,6128,-4.020043,1,0.75,Walking,True,0,0,0
1789904335213,383,624006,1,6128,-4.020043,1,0.75,Walking,True,0,0,0
1789904335213,383,624006,1,6128,-4.020043,1,0.75,Walking,True,0,0,0
1789904335213,383,624006,1,6128,-4.020043,1,0.75,Walking,True,0,0,0
1789904335213,383,624006,1,6128,-4.020043,1,0.75,Walking,True,0,0,0
1789904335213,383,624006,1,6128,-4.020043,1,0.75,Walking,True,0,0,0
1789904335213,383,624006,1,6128,-4.020043,1,0.75,Walking,True,0,0,0
1789904335228,384,625487,1,6144,-4.020043,1,0.75,Walking,True,0,0,0
1789904335228,384,625487,1,6144,-4.020043,1,0.75,Walking,True,0,0,0
1789904335228,384,625487,1,6144,-4.020043,1,0.75,Walking,True,0,0,0
1789904335228,384,625487,1,6144,-4.020043,1,0.75,Walking,True,0,0,0
1789904335228,384,625487,1,6144,-4.020043,1,0.75,Walking,True,0,0,0
1789904335228,384,625487,1,6144,-4.020043,1,0.75,Walking,True,0,0,0
1789904335228,384,625487,1,6144,-4.020043,1,0.75,Walking,True,0,0,0
1789904335228,384,625487,1,6144,-4.020043,1,0.75,Walking,True,0,0,0
1789904335244,385,626866,1,6160,-4.020043,1,0.75,Walking,True,0,0,0
1789904335244,385,626866,1,6160,-4.020043,1,0.75,Walking,True,0,0,0
1789904335244,385,626866,1,6160,-4.020043,1,0.75,Walking,True,0,0,0
1789904335244,385,626866,1,6160,-4.020043,1,0.75,Walking,True,0,0,0
1789904335244,385,626866,1,6160,-4.020043,1,0.75,Walking,True,0,0,0
1789904335244,385,626866,1,6160,-4.020043,1,0.75,Walking,True,0,0,0
1789904335244,385,626866,1,6160,-4.020043,1,0.75,Walking,True,0,0,0
1789904335244,385,626866,1,6160,-4.020043,1,0.75,Walking,True,0,0,0
1789904335259,386,628381,1,6176,-4.020043,1,0.75,Walking,True,0,0,0
1789904335259,386,628381,1,6176,-4.020043,1,0.75,Walking,True,0,0,0
1789904335259,386,628381,1,6176,-4.020043,1,0.75,Walking,True,0,0,0
1789904335259,386,628381,1,6176,-4.020043,1,0.75,Walking,True,0,0,0
1789904335259,386,628381,1,6176,-4.020043,1,0.75,Walking,True,0,0,0
1789904335259,386,628381,1,6176,-4.020043,1,0.75,Walking,True,0,0,0
1789904335259,386,628381,1,6176,-4.020043,1,0.75,Walking,True,0,0,0
1789904335259,386,628381,1,6176,-4.020043,1,0.75,Walking,True,0,0,0
1789904335275,387,629555,1,6192,-4.020043,1,0.75,Walking,True,0,0,0
1789904335275,387,629555,1,6192,-4.020043,1,0.75,Walking,True,0,0,0
1789904335275,387,629555,1,6192,-4.020043,1,0.75,Walking,True,0,0,0
1789904335275,387,629555,1,6192,-4.020043,1,0.75,Walking,True,0,0,0
1789904335275,387,629555,1,6192,-4.020043,1,0.75,Walking,True,0,0,0
1789904335275,387,629555,1,6192,-4.020043,1,0.75,Walking,True,0,0,0
1789904335275,387,629555,1,6192,-4.020043,1,0.75,Walking,True,0,0,0
1789904335275,387,629555,1,6192,-4.020043,1,0.75,Walking,True,0,0,0
1789904335291,388,630894,1,6208,-4.020043,1,0.75,Walking,True,0,0,0
1789904335291,388,630894,1,6208,-4.020043,1,0.75,Walking,True,0,0,0
1789904335291,388,630894,1,6208,-4.020043,1,0.75,Walking,True,0,0,0
1789904335291,388,630894,1,6208,-4.020043,1,0.75,Walking,True,0,0,0
1789904335291,388,630894,1,6208,-4.020043,1,0.75,Walking,True,0,0,0
1789904335291,388,630894,1,6208,-4.020043,1,0.75,Walking,True,0,0,0
1789904335291,388,630894,1,6208,-4.020043,1,0.75,Walking,True,0,0,0
1789904335291,388,630894,1,6208,-4.020043,1,0.75,Walking,True,0,0,0
1789904335306,389,632405,1,6224,-4.020043,1,0.75,Walking,True,0,0,0
1789904335306,389,632405,1,6224,-4.020043,1,0.75,Walking,True,0,0,0
1789904335306,389,632405,1,6224,-4.020043,1,0.75,Walking,True,0,0,0
1789904335306,389,632405,1,6224,-4.020043,1,0.75,Walking,True,0,0,0
1789904335306,389,632405,1,6224,-4.020043,1,0.75,Walking,True,0,0,0
1789904335306,389,632405,1,6224,-4.020043,1,0.75,Walking,True,0,0,0
1789904335306,389,632405,1,6224,-4.020043,1,0.75,Walking,True,0,0,0
1789904335306,389,632405,1,6224,-4.020043,1,0.75,Walking,True,0,0,0
1789904335321,390,633751,1,6240,-4.020043,1,0.75,Walking,True,0,0,0
1789904335321,390,633751,1,6240,-4.020043,1,0.75,Walking,True,0,0,0
1789904335321,390,633751,1,6240,-4.020043,1,0.75,Walking,True,0,0,0
1789904335321,390,633751,1,6240,-4.020043,1,0.75,Walking,True,0,0,0
1789904335321,390,633751,1,6240,-4.020043,1,0.75,Walking,True,0,0,0
1789904335321,390,633751,1,6240,-4.020043,1,0.75,Walking,True,0,0,0
1789904335321,390,633751,1,6240,-4.020043,1,0.75,Walking,True,0,0,0
1789904335321,390,633751,1,6240,-4.020043,1,0.75,Walking,True,0,0,0
1789904335352,391,635161,1,6256,-4.020043,1,0.75,Walking,True,0,0,0
1789904335352,391,635161,1,6256,-4.020043,1,0.75,Walking,True,0,0,0
1789904335352,391,635161,1,6256,-4.020043,1,0.75,Walking,True,0,0,0
1789904335352,391,635161,1,6256,-4.020043,1,0.75,Walking,True,0,0,0
1789904335352,391,635161,1,6256,-4.020043,1,0.75,Walking,True,0,0,0
1789904335352,391,635161,1,6256,-4.020043,1,0.75,Walking,True,0,0,0
1789904335352,391,635161,1,6256,-4.020043,1,0.75,Walking,True,0,0,0
1789904335352,391,635161,1,6256,-4.020043,1,0.75,Walking,True,0,0,0
1789904335368,392,637644,1,6272,-4.020043,1,0.75,Walking,True,0,0,0
1789904335368,392,637644,1,6272,-4.020043,1,0.75,Walking,True,0,0,0
1789904335368,392,637644,1,6272,-4.020043,1,0.75,Walking,True,0,0,0
1789904335368,392,637644,1,6272,-4.020043,1,0.75,Walking,True,0,0,0
1789904335368,392,637644,1,6272,-4.020043,1,0.75,Walking,True,0,0,0
1789904335368,392,637644,1,6272,-4.020043,1,0.75,Walking,True,0,0,0
1789904335368,392,637644,1,6272,-4.020043,1,0.75,Walking,True,0,0,0
1789904335368,392,637644,1,6272,-4.020043,1,0.75,Walking,True,0,0,0
1789904335383,393,638932,1,6288,-4.020043,1,0.75,Walking,True,0,0,0
1789904335383,393,638932,1,6288,-4.020043,1,0.75,Walking,True,0,0,0
1789904335383,393,638932,1,6288,-4.020043,1,0.75,Walking,True,0,0,0
1789904335383,393,638932,1,6288,-4.020043,1,0.75,Walking,True,0,0,0
1789904335383,393,638932,1,6288,-4.020043,1,0.75,Walking,True,0,0,0
1789904335383,393,638932,1,6288,-4.020043,1,0.75,Walking,True,0,0,0
1789904335383,393,638932,1,6288,-4.020043,1,0.75,Walking,True,0,0,0
1789904335383,393,638932,1,6288,-4.020043,1,0.75,Walking,True,0,0,0
1789904337686,393,906975,2,6288,-4.020043,1,0.75,Walking,True,0,0,0
1789904337686,393,906975,2,6288,-4.020043,1,0.75,Walking,True,0,0,0
1789904337686,393,906975,2,6288,-4.020043,1,0.75,Walking,True,0,0,0
1789904337686,393,906975,2,6288,-4.020043,1,0.75,Walking,True,0,0,0
1789904337686,393,906975,2,6288,-4.020043,1,0.75,Walking,True,0,0,0
1789904337686,393,906975,2,6288,-4.020043,1,0.75,Walking,True,0,0,0
1789904337686,393,906975,2,6288,-4.020043,1,0.75,Walking,True,0,0,0
1789904337686,393,906975,2,6288,-4.020043,1,0.75,Walking,True,0,0,0
1789904338510,394,1014817,2,6304,-4.025163,1,0.75,Walking,True,-0.32,0,0
1789904338510,394,1014817,2,6304,-4.025163,1,0.75,Walking,True,-0.32,0,0
1789904338510,394,1014817,2,6304,-4.025163,1,0.75,Walking,True,-0.32,0,0
1789904338510,394,1014817,2,6304,-4.025163,1,0.75,Walking,True,-0.32,0,0
1789904338510,394,1014817,2,6304,-4.025163,1,0.75,Walking,True,-0.32,0,0
1789904338510,394,1014817,2,6304,-4.025163,1,0.75,Walking,True,-0.32,0,0
1789904338510,394,1014817,2,6304,-4.025163,1,0.75,Walking,True,-0.32,0,0
1789904338510,394,1014817,2,6304,-4.025163,1,0.75,Walking,True,-0.32,0,0
1789904338526,395,1017733,2,6320,-4.035403,1,0.75,Walking,True,-0.64,0,0
1789904338526,395,1017733,2,6320,-4.035403,1,0.75,Walking,True,-0.64,0,0
1789904338526,395,1017733,2,6320,-4.035403,1,0.75,Walking,True,-0.64,0,0
1789904338526,395,1017733,2,6320,-4.035403,1,0.75,Walking,True,-0.64,0,0
1789904338526,395,1017733,2,6320,-4.035403,1,0.75,Walking,True,-0.64,0,0
1789904338526,395,1017733,2,6320,-4.035403,1,0.75,Walking,True,-0.64,0,0
1789904338526,395,1017733,2,6320,-4.035403,1,0.75,Walking,True,-0.64,0,0
1789904338526,395,1017733,2,6320,-4.035403,1,0.75,Walking,True,-0.64,0,0
1789904338542,396,1019195,2,6336,-4.050763,1,0.75,Walking,True,-0.96,0,0
1789904338542,396,1019195,2,6336,-4.050763,1,0.75,Walking,True,-0.96,0,0
1789904338542,396,1019195,2,6336,-4.050763,1,0.75,Walking,True,-0.96,0,0
1789904338542,396,1019195,2,6336,-4.050763,1,0.75,Walking,True,-0.96,0,0
1789904338542,396,1019195,2,6336,-4.050763,1,0.75,Walking,True,-0.96,0,0
1789904338542,396,1019195,2,6336,-4.050763,1,0.75,Walking,True,-0.96,0,0
1789904338542,396,1019195,2,6336,-4.050763,1,0.75,Walking,True,-0.96,0,0
1789904338542,396,1019195,2,6336,-4.050763,1,0.75,Walking,True,-0.96,0,0
1789904338557,397,1020704,2,6352,-4.071243,1,0.75,Walking,True,-1.28,0,0
1789904338557,397,1020704,2,6352,-4.071243,1,0.75,Walking,True,-1.28,0,0
1789904338557,397,1020704,2,6352,-4.071243,1,0.75,Walking,True,-1.28,0,0
1789904338557,397,1020704,2,6352,-4.071243,1,0.75,Walking,True,-1.28,0,0
1789904338557,397,1020704,2,6352,-4.071243,1,0.75,Walking,True,-1.28,0,0
1789904338557,397,1020704,2,6352,-4.071243,1,0.75,Walking,True,-1.28,0,0
1789904338557,397,1020704,2,6352,-4.071243,1,0.75,Walking,True,-1.28,0,0
1789904338557,397,1020704,2,6352,-4.071243,1,0.75,Walking,True,-1.28,0,0
1789904338573,398,1021987,2,6368,-4.096843,1,0.75,Walking,True,-1.6,0,0
1789904338573,398,1021987,2,6368,-4.096843,1,0.75,Walking,True,-1.6,0,0
1789904338573,398,1021987,2,6368,-4.096843,1,0.75,Walking,True,-1.6,0,0
1789904338573,398,1021987,2,6368,-4.096843,1,0.75,Walking,True,-1.6,0,0
1789904338573,398,1021987,2,6368,-4.096843,1,0.75,Walking,True,-1.6,0,0
1789904338573,398,1021987,2,6368,-4.096843,1,0.75,Walking,True,-1.6,0,0
1789904338573,398,1021987,2,6368,-4.096843,1,0.75,Walking,True,-1.6,0,0
1789904338573,398,1021987,2,6368,-4.096843,1,0.75,Walking,True,-1.6,0,0
1789904338589,399,1023529,2,6384,-4.127563,1,0.75,Walking,True,-1.92,0,0
1789904338589,399,1023529,2,6384,-4.127563,1,0.75,Walking,True,-1.92,0,0
1789904338589,399,1023529,2,6384,-4.127563,1,0.75,Walking,True,-1.92,0,0
1789904338589,399,1023529,2,6384,-4.127563,1,0.75,Walking,True,-1.92,0,0
1789904338589,399,1023529,2,6384,-4.127563,1,0.75,Walking,True,-1.92,0,0
1789904338589,399,1023529,2,6384,-4.127563,1,0.75,Walking,True,-1.92,0,0
1789904338589,399,1023529,2,6384,-4.127563,1,0.75,Walking,True,-1.92,0,0
1789904338589,399,1023529,2,6384,-4.127563,1,0.75,Walking,True,-1.92,0,0
1789904338604,400,1025014,2,6400,-4.163403,1,0.75,Walking,True,-2.24,0,0
1789904338604,400,1025014,2,6400,-4.163403,1,0.75,Walking,True,-2.24,0,0
1789904338604,400,1025014,2,6400,-4.163403,1,0.75,Walking,True,-2.24,0,0
1789904338604,400,1025014,2,6400,-4.163403,1,0.75,Walking,True,-2.24,0,0
1789904338604,400,1025014,2,6400,-4.163403,1,0.75,Walking,True,-2.24,0,0
1789904338604,400,1025014,2,6400,-4.163403,1,0.75,Walking,True,-2.24,0,0
1789904338604,400,1025014,2,6400,-4.163403,1,0.75,Walking,True,-2.24,0,0
1789904338604,400,1025014,2,6400,-4.163403,1,0.75,Walking,True,-2.24,0,0
1789904338620,401,1026444,2,6416,-4.204363,1,0.75,Walking,True,-2.56,0,0
1789904338620,401,1026444,2,6416,-4.204363,1,0.75,Walking,True,-2.56,0,0
1789904338620,401,1026444,2,6416,-4.204363,1,0.75,Walking,True,-2.56,0,0
1789904338620,401,1026444,2,6416,-4.204363,1,0.75,Walking,True,-2.56,0,0
1789904338620,401,1026444,2,6416,-4.204363,1,0.75,Walking,True,-2.56,0,0
1789904338620,401,1026444,2,6416,-4.204363,1,0.75,Walking,True,-2.56,0,0
1789904338620,401,1026444,2,6416,-4.204363,1,0.75,Walking,True,-2.56,0,0
1789904338620,401,1026444,2,6416,-4.204363,1,0.75,Walking,True,-2.56,0,0
1789904338636,402,1027871,2,6432,-4.250443,1,0.75,Walking,True,-2.88,0,0
1789904338636,402,1027871,2,6432,-4.250443,1,0.75,Walking,True,-2.88,0,0
1789904338636,402,1027871,2,6432,-4.250443,1,0.75,Walking,True,-2.88,0,0
1789904338636,402,1027871,2,6432,-4.250443,1,0.75,Walking,True,-2.88,0,0
1789904338636,402,1027871,2,6432,-4.250443,1,0.75,Walking,True,-2.88,0,0
1789904338636,402,1027871,2,6432,-4.250443,1,0.75,Walking,True,-2.88,0,0
1789904338636,402,1027871,2,6432,-4.250443,1,0.75,Walking,True,-2.88,0,0
1789904338636,402,1027871,2,6432,-4.250443,1,0.75,Walking,True,-2.88,0,0
1789904338651,403,1029246,2,6448,-4.301643,1,0.75,Walking,True,-3.2,0,0
1789904338651,403,1029246,2,6448,-4.301643,1,0.75,Walking,True,-3.2,0,0
1789904338651,403,1029246,2,6448,-4.301643,1,0.75,Walking,True,-3.2,0,0
1789904338651,403,1029246,2,6448,-4.301643,1,0.75,Walking,True,-3.2,0,0
1789904338651,403,1029246,2,6448,-4.301643,1,0.75,Walking,True,-3.2,0,0
1789904338651,403,1029246,2,6448,-4.301643,1,0.75,Walking,True,-3.2,0,0
1789904338651,403,1029246,2,6448,-4.301643,1,0.75,Walking,True,-3.2,0,0
1789904338651,403,1029246,2,6448,-4.301643,1,0.75,Walking,True,-3.2,0,0
1789904338666,404,1030389,2,6464,-4.357963,1,0.75,Walking,True,-3.52,0,0
1789904338666,404,1030389,2,6464,-4.357963,1,0.75,Walking,True,-3.52,0,0
1789904338666,404,1030389,2,6464,-4.357963,1,0.75,Walking,True,-3.52,0,0
1789904338666,404,1030389,2,6464,-4.357963,1,0.75,Walking,True,-3.52,0,0
1789904338666,404,1030389,2,6464,-4.357963,1,0.75,Walking,True,-3.52,0,0
1789904338666,404,1030389,2,6464,-4.357963,1,0.75,Walking,True,-3.52,0,0
1789904338666,404,1030389,2,6464,-4.357963,1,0.75,Walking,True,-3.52,0,0
1789904338666,404,1030389,2,6464,-4.357963,1,0.75,Walking,True,-3.52,0,0
1789904338681,405,1031673,2,6480,-4.419403,1,0.75,Walking,True,-3.84,0,0
1789904338681,405,1031673,2,6480,-4.419403,1,0.75,Walking,True,-3.84,0,0
1789904338681,405,1031673,2,6480,-4.419403,1,0.75,Walking,True,-3.84,0,0
1789904338681,405,1031673,2,6480,-4.419403,1,0.75,Walking,True,-3.84,0,0
1789904338681,405,1031673,2,6480,-4.419403,1,0.75,Walking,True,-3.84,0,0
1789904338681,405,1031673,2,6480,-4.419403,1,0.75,Walking,True,-3.84,0,0
1789904338681,405,1031673,2,6480,-4.419403,1,0.75,Walking,True,-3.84,0,0
1789904338681,405,1031673,2,6480,-4.419403,1,0.75,Walking,True,-3.84,0,0
1789904338696,406,1033141,2,6496,-4.481803,1,0.75,Walking,True,-3.9,0,0
1789904338696,406,1033141,2,6496,-4.481803,1,0.75,Walking,True,-3.9,0,0
1789904338696,406,1033141,2,6496,-4.481803,1,0.75,Walking,True,-3.9,0,0
1789904338696,406,1033141,2,6496,-4.481803,1,0.75,Walking,True,-3.9,0,0
1789904338696,406,1033141,2,6496,-4.481803,1,0.75,Walking,True,-3.9,0,0
1789904338696,406,1033141,2,6496,-4.481803,1,0.75,Walking,True,-3.9,0,0
1789904338696,406,1033141,2,6496,-4.481803,1,0.75,Walking,True,-3.9,0,0
1789904338696,406,1033141,2,6496,-4.481803,1,0.75,Walking,True,-3.9,0,0
1789904338712,407,1034778,2,6512,-4.544203,1,0.75,Walking,True,-3.9,0,0
1789904338712,407,1034778,2,6512,-4.544203,1,0.75,Walking,True,-3.9,0,0
1789904338712,407,1034778,2,6512,-4.544203,1,0.75,Walking,True,-3.9,0,0
1789904338712,407,1034778,2,6512,-4.544203,1,0.75,Walking,True,-3.9,0,0
1789904338712,407,1034778,2,6512,-4.544203,1,0.75,Walking,True,-3.9,0,0
1789904338712,407,1034778,2,6512,-4.544203,1,0.75,Walking,True,-3.9,0,0
1789904338712,407,1034778,2,6512,-4.544203,1,0.75,Walking,True,-3.9,0,0
1789904338712,407,1034778,2,6512,-4.544203,1,0.75,Walking,True,-3.9,0,0
1789904338728,408,1036525,2,6528,-4.606603,1,0.75,Walking,True,-3.9,0,0
1789904338728,408,1036525,2,6528,-4.606603,1,0.75,Walking,True,-3.9,0,0
1789904338728,408,1036525,2,6528,-4.606603,1,0.75,Walking,True,-3.9,0,0
1789904338728,408,1036525,2,6528,-4.606603,1,0.75,Walking,True,-3.9,0,0
1789904338728,408,1036525,2,6528,-4.606603,1,0.75,Walking,True,-3.9,0,0
1789904338728,408,1036525,2,6528,-4.606603,1,0.75,Walking,True,-3.9,0,0
1789904338728,408,1036525,2,6528,-4.606603,1,0.75,Walking,True,-3.9,0,0
1789904338728,408,1036525,2,6528,-4.606603,1,0.75,Walking,True,-3.9,0,0
1789904338743,409,1038206,2,6544,-4.669003,1,0.75,Walking,True,-3.9,0,0
1789904338743,409,1038206,2,6544,-4.669003,1,0.75,Walking,True,-3.9,0,0
1789904338743,409,1038206,2,6544,-4.669003,1,0.75,Walking,True,-3.9,0,0
1789904338743,409,1038206,2,6544,-4.669003,1,0.75,Walking,True,-3.9,0,0
1789904338743,409,1038206,2,6544,-4.669003,1,0.75,Walking,True,-3.9,0,0
1789904338743,409,1038206,2,6544,-4.669003,1,0.75,Walking,True,-3.9,0,0
1789904338743,409,1038206,2,6544,-4.669003,1,0.75,Walking,True,-3.9,0,0
1789904338743,409,1038206,2,6544,-4.669003,1,0.75,Walking,True,-3.9,0,0
1789904338758,410,1039740,2,6560,-4.731402,1,0.75,Walking,True,-3.9,0,0
1789904338758,410,1039740,2,6560,-4.731402,1,0.75,Walking,True,-3.9,0,0
1789904338758,410,1039740,2,6560,-4.731402,1,0.75,Walking,True,-3.9,0,0
1789904338758,410,1039740,2,6560,-4.731402,1,0.75,Walking,True,-3.9,0,0
1789904338758,410,1039740,2,6560,-4.731402,1,0.75,Walking,True,-3.9,0,0
1789904338758,410,1039740,2,6560,-4.731402,1,0.75,Walking,True,-3.9,0,0
1789904338758,410,1039740,2,6560,-4.731402,1,0.75,Walking,True,-3.9,0,0
1789904338758,410,1039740,2,6560,-4.731402,1,0.75,Walking,True,-3.9,0,0
1789904338773,411,1041336,2,6576,-4.793802,1,0.75,Walking,True,-3.9,0,0
1789904338773,411,1041336,2,6576,-4.793802,1,0.75,Walking,True,-3.9,0,0
1789904338773,411,1041336,2,6576,-4.793802,1,0.75,Walking,True,-3.9,0,0
1789904338773,411,1041336,2,6576,-4.793802,1,0.75,Walking,True,-3.9,0,0
1789904338773,411,1041336,2,6576,-4.793802,1,0.75,Walking,True,-3.9,0,0
1789904338773,411,1041336,2,6576,-4.793802,1,0.75,Walking,True,-3.9,0,0
1789904338773,411,1041336,2,6576,-4.793802,1,0.75,Walking,True,-3.9,0,0
1789904338773,411,1041336,2,6576,-4.793802,1,0.75,Walking,True,-3.9,0,0
1789904338788,412,1043159,2,6592,-4.856202,1,0.75,Walking,True,-3.9,0,0
1789904338788,412,1043159,2,6592,-4.856202,1,0.75,Walking,True,-3.9,0,0
1789904338788,412,1043159,2,6592,-4.856202,1,0.75,Walking,True,-3.9,0,0
1789904338788,412,1043159,2,6592,-4.856202,1,0.75,Walking,True,-3.9,0,0
1789904338788,412,1043159,2,6592,-4.856202,1,0.75,Walking,True,-3.9,0,0
1789904338788,412,1043159,2,6592,-4.856202,1,0.75,Walking,True,-3.9,0,0
1789904338788,412,1043159,2,6592,-4.856202,1,0.75,Walking,True,-3.9,0,0
1789904338788,412,1043159,2,6592,-4.856202,1,0.75,Walking,True,-3.9,0,0
1789904338805,413,1044817,2,6608,-4.918602,1,0.75,Walking,True,-3.9,0,0
1789904338805,413,1044817,2,6608,-4.918602,1,0.75,Walking,True,-3.9,0,0
1789904338805,413,1044817,2,6608,-4.918602,1,0.75,Walking,True,-3.9,0,0
1789904338805,413,1044817,2,6608,-4.918602,1,0.75,Walking,True,-3.9,0,0
1789904338805,413,1044817,2,6608,-4.918602,1,0.75,Walking,True,-3.9,0,0
1789904338805,413,1044817,2,6608,-4.918602,1,0.75,Walking,True,-3.9,0,0
1789904338805,413,1044817,2,6608,-4.918602,1,0.75,Walking,True,-3.9,0,0
1789904338805,413,1044817,2,6608,-4.918602,1,0.75,Walking,True,-3.9,0,0
1789904338820,414,1046722,2,6624,-4.981002,1,0.75,Walking,True,-3.9,0,0
1789904338820,414,1046722,2,6624,-4.981002,1,0.75,Walking,True,-3.9,0,0
1789904338820,414,1046722,2,6624,-4.981002,1,0.75,Walking,True,-3.9,0,0
1789904338820,414,1046722,2,6624,-4.981002,1,0.75,Walking,True,-3.9,0,0
1789904338820,414,1046722,2,6624,-4.981002,1,0.75,Walking,True,-3.9,0,0
1789904338820,414,1046722,2,6624,-4.981002,1,0.75,Walking,True,-3.9,0,0
1789904338820,414,1046722,2,6624,-4.981002,1,0.75,Walking,True,-3.9,0,0
1789904338820,414,1046722,2,6624,-4.981002,1,0.75,Walking,True,-3.9,0,0
1789904338836,415,1048531,2,6640,-5.043402,1,0.75,Walking,True,-3.9,0,0
1789904338836,415,1048531,2,6640,-5.043402,1,0.75,Walking,True,-3.9,0,0
1789904338836,415,1048531,2,6640,-5.043402,1,0.75,Walking,True,-3.9,0,0
1789904338836,415,1048531,2,6640,-5.043402,1,0.75,Walking,True,-3.9,0,0
1789904338836,415,1048531,2,6640,-5.043402,1,0.75,Walking,True,-3.9,0,0
1789904338836,415,1048531,2,6640,-5.043402,1,0.75,Walking,True,-3.9,0,0
1789904338836,415,1048531,2,6640,-5.043402,1,0.75,Walking,True,-3.9,0,0
1789904338836,415,1048531,2,6640,-5.043402,1,0.75,Walking,True,-3.9,0,0
1789904338852,416,1050367,2,6656,-5.105802,1,0.75,Walking,True,-3.9,0,0
1789904338852,416,1050367,2,6656,-5.105802,1,0.75,Walking,True,-3.9,0,0
1789904338852,416,1050367,2,6656,-5.105802,1,0.75,Walking,True,-3.9,0,0
1789904338852,416,1050367,2,6656,-5.105802,1,0.75,Walking,True,-3.9,0,0
1789904338852,416,1050367,2,6656,-5.105802,1,0.75,Walking,True,-3.9,0,0
1789904338852,416,1050367,2,6656,-5.105802,1,0.75,Walking,True,-3.9,0,0
1789904338852,416,1050367,2,6656,-5.105802,1,0.75,Walking,True,-3.9,0,0
1789904338852,416,1050367,2,6656,-5.105802,1,0.75,Walking,True,-3.9,0,0
1789904338868,417,1052188,2,6672,-5.168201,1,0.75,Walking,True,-3.9,0,0
1789904338868,417,1052188,2,6672,-5.168201,1,0.75,Walking,True,-3.9,0,0
1789904338868,417,1052188,2,6672,-5.168201,1,0.75,Walking,True,-3.9,0,0
1789904338868,417,1052188,2,6672,-5.168201,1,0.75,Walking,True,-3.9,0,0
1789904338868,417,1052188,2,6672,-5.168201,1,0.75,Walking,True,-3.9,0,0
1789904338868,417,1052188,2,6672,-5.168201,1,0.75,Walking,True,-3.9,0,0
1789904338868,417,1052188,2,6672,-5.168201,1,0.75,Walking,True,-3.9,0,0
1789904338868,417,1052188,2,6672,-5.168201,1,0.75,Walking,True,-3.9,0,0
1789904338884,418,1053916,2,6688,-5.230601,1,0.75,Walking,True,-3.9,0,0
1789904338884,418,1053916,2,6688,-5.230601,1,0.75,Walking,True,-3.9,0,0
1789904338884,418,1053916,2,6688,-5.230601,1,0.75,Walking,True,-3.9,0,0
1789904338884,418,1053916,2,6688,-5.230601,1,0.75,Walking,True,-3.9,0,0
1789904338884,418,1053916,2,6688,-5.230601,1,0.75,Walking,True,-3.9,0,0
1789904338884,418,1053916,2,6688,-5.230601,1,0.75,Walking,True,-3.9,0,0
1789904338884,418,1053916,2,6688,-5.230601,1,0.75,Walking,True,-3.9,0,0
1789904338884,418,1053916,2,6688,-5.230601,1,0.75,Walking,True,-3.9,0,0
1789904338899,419,1055665,2,6704,-5.293001,1,0.75,Walking,True,-3.9,0,0
1789904338899,419,1055665,2,6704,-5.293001,1,0.75,Walking,True,-3.9,0,0
1789904338899,419,1055665,2,6704,-5.293001,1,0.75,Walking,True,-3.9,0,0
1789904338899,419,1055665,2,6704,-5.293001,1,0.75,Walking,True,-3.9,0,0
1789904338899,419,1055665,2,6704,-5.293001,1,0.75,Walking,True,-3.9,0,0
1789904338899,419,1055665,2,6704,-5.293001,1,0.75,Walking,True,-3.9,0,0
1789904338899,419,1055665,2,6704,-5.293001,1,0.75,Walking,True,-3.9,0,0
1789904338899,419,1055665,2,6704,-5.293001,1,0.75,Walking,True,-3.9,0,0
1789904338914,420,1057491,2,6720,-5.355401,1,0.75,Walking,True,-3.9,0,0
1789904338914,420,1057491,2,6720,-5.355401,1,0.75,Walking,True,-3.9,0,0
1789904338914,420,1057491,2,6720,-5.355401,1,0.75,Walking,True,-3.9,0,0
1789904338914,420,1057491,2,6720,-5.355401,1,0.75,Walking,True,-3.9,0,0
1789904338914,420,1057491,2,6720,-5.355401,1,0.75,Walking,True,-3.9,0,0
1789904338914,420,1057491,2,6720,-5.355401,1,0.75,Walking,True,-3.9,0,0
1789904338914,420,1057491,2,6720,-5.355401,1,0.75,Walking,True,-3.9,0,0
1789904338914,420,1057491,2,6720,-5.355401,1,0.75,Walking,True,-3.9,0,0
1789904338930,421,1059029,2,6736,-5.417801,1,0.75,Walking,True,-3.9,0,0
1789904338930,421,1059029,2,6736,-5.417801,1,0.75,Walking,True,-3.9,0,0
1789904338930,421,1059029,2,6736,-5.417801,1,0.75,Walking,True,-3.9,0,0
1789904338930,421,1059029,2,6736,-5.417801,1,0.75,Walking,True,-3.9,0,0
1789904338930,421,1059029,2,6736,-5.417801,1,0.75,Walking,True,-3.9,0,0
1789904338930,421,1059029,2,6736,-5.417801,1,0.75,Walking,True,-3.9,0,0
1789904338930,421,1059029,2,6736,-5.417801,1,0.75,Walking,True,-3.9,0,0
1789904338930,421,1059029,2,6736,-5.417801,1,0.75,Walking,True,-3.9,0,0
1789904338946,422,1060735,2,6752,-5.480201,1,0.75,Walking,True,-3.9,0,0
1789904338946,422,1060735,2,6752,-5.480201,1,0.75,Walking,True,-3.9,0,0
1789904338946,422,1060735,2,6752,-5.480201,1,0.75,Walking,True,-3.9,0,0
1789904338946,422,1060735,2,6752,-5.480201,1,0.75,Walking,True,-3.9,0,0
1789904338946,422,1060735,2,6752,-5.480201,1,0.75,Walking,True,-3.9,0,0
1789904338946,422,1060735,2,6752,-5.480201,1,0.75,Walking,True,-3.9,0,0
1789904338946,422,1060735,2,6752,-5.480201,1,0.75,Walking,True,-3.9,0,0
1789904338946,422,1060735,2,6752,-5.480201,1,0.75,Walking,True,-3.9,0,0
1789904338962,423,1062557,2,6768,-5.542601,1,0.75,Walking,True,-3.9,0,0
1789904338962,423,1062557,2,6768,-5.542601,1,0.75,Walking,True,-3.9,0,0
1789904338962,423,1062557,2,6768,-5.542601,1,0.75,Walking,True,-3.9,0,0
1789904338962,423,1062557,2,6768,-5.542601,1,0.75,Walking,True,-3.9,0,0
1789904338962,423,1062557,2,6768,-5.542601,1,0.75,Walking,True,-3.9,0,0
1789904338962,423,1062557,2,6768,-5.542601,1,0.75,Walking,True,-3.9,0,0
1789904338962,423,1062557,2,6768,-5.542601,1,0.75,Walking,True,-3.9,0,0
1789904338962,423,1062557,2,6768,-5.542601,1,0.75,Walking,True,-3.9,0,0
1789904338977,424,1064340,2,6784,-5.605,1,0.75,Walking,True,-3.9,0,0
1789904338977,424,1064340,2,6784,-5.605,1,0.75,Walking,True,-3.9,0,0
1789904338977,424,1064340,2,6784,-5.605,1,0.75,Walking,True,-3.9,0,0
1789904338977,424,1064340,2,6784,-5.605,1,0.75,Walking,True,-3.9,0,0
1789904338977,424,1064340,2,6784,-5.605,1,0.75,Walking,True,-3.9,0,0
1789904338977,424,1064340,2,6784,-5.605,1,0.75,Walking,True,-3.9,0,0
1789904338977,424,1064340,2,6784,-5.605,1,0.75,Walking,True,-3.9,0,0
1789904338977,424,1064340,2,6784,-5.605,1,0.75,Walking,True,-3.9,0,0
1789904338993,425,1066009,2,6800,-5.6674,1,0.75,Walking,True,-3.9,0,0
1789904338993,425,1066009,2,6800,-5.6674,1,0.75,Walking,True,-3.9,0,0
1789904338993,425,1066009,2,6800,-5.6674,1,0.75,Walking,True,-3.9,0,0
1789904338993,425,1066009,2,6800,-5.6674,1,0.75,Walking,True,-3.9,0,0
1789904338993,425,1066009,2,6800,-5.6674,1,0.75,Walking,True,-3.9,0,0
1789904338993,425,1066009,2,6800,-5.6674,1,0.75,Walking,True,-3.9,0,0
1789904338993,425,1066009,2,6800,-5.6674,1,0.75,Walking,True,-3.9,0,0
1789904338993,425,1066009,2,6800,-5.6674,1,0.75,Walking,True,-3.9,0,0
1789904339008,426,1067708,2,6816,-5.7298,1,0.75,Walking,True,-3.9,0,0
1789904339008,426,1067708,2,6816,-5.7298,1,0.75,Walking,True,-3.9,0,0
1789904339008,426,1067708,2,6816,-5.7298,1,0.75,Walking,True,-3.9,0,0
1789904339008,426,1067708,2,6816,-5.7298,1,0.75,Walking,True,-3.9,0,0
1789904339008,426,1067708,2,6816,-5.7298,1,0.75,Walking,True,-3.9,0,0
1789904339008,426,1067708,2,6816,-5.7298,1,0.75,Walking,True,-3.9,0,0
1789904339008,426,1067708,2,6816,-5.7298,1,0.75,Walking,True,-3.9,0,0
1789904339008,426,1067708,2,6816,-5.7298,1,0.75,Walking,True,-3.9,0,0
1789904339038,427,1069455,2,6832,-5.7922,1,0.75,Walking,True,-3.9,0,0
1789904339038,427,1069455,2,6832,-5.7922,1,0.75,Walking,True,-3.9,0,0
1789904339038,427,1069455,2,6832,-5.7922,1,0.75,Walking,True,-3.9,0,0
1789904339038,427,1069455,2,6832,-5.7922,1,0.75,Walking,True,-3.9,0,0
1789904339038,427,1069455,2,6832,-5.7922,1,0.75,Walking,True,-3.9,0,0
1789904339038,427,1069455,2,6832,-5.7922,1,0.75,Walking,True,-3.9,0,0
1789904339038,427,1069455,2,6832,-5.7922,1,0.75,Walking,True,-3.9,0,0
1789904339038,427,1069455,2,6832,-5.7922,1,0.75,Walking,True,-3.9,0,0
1789904339054,428,1072655,2,6848,-5.8546,1,0.75,Walking,True,-3.9,0,0
1789904339054,428,1072655,2,6848,-5.8546,1,0.75,Walking,True,-3.9,0,0
1789904339054,428,1072655,2,6848,-5.8546,1,0.75,Walking,True,-3.9,0,0
1789904339054,428,1072655,2,6848,-5.8546,1,0.75,Walking,True,-3.9,0,0
1789904339054,428,1072655,2,6848,-5.8546,1,0.75,Walking,True,-3.9,0,0
1789904339054,428,1072655,2,6848,-5.8546,1,0.75,Walking,True,-3.9,0,0
1789904339054,428,1072655,2,6848,-5.8546,1,0.75,Walking,True,-3.9,0,0
1789904339054,428,1072655,2,6848,-5.8546,1,0.75,Walking,True,-3.9,0,0
1789904339069,429,1074403,2,6864,-5.917,1,0.75,Walking,True,-3.9,0,0
1789904339069,429,1074403,2,6864,-5.917,1,0.75,Walking,True,-3.9,0,0
1789904339069,429,1074403,2,6864,-5.917,1,0.75,Walking,True,-3.9,0,0
1789904339069,429,1074403,2,6864,-5.917,1,0.75,Walking,True,-3.9,0,0
1789904339069,429,1074403,2,6864,-5.917,1,0.75,Walking,True,-3.9,0,0
1789904339069,429,1074403,2,6864,-5.917,1,0.75,Walking,True,-3.9,0,0
1789904339069,429,1074403,2,6864,-5.917,1,0.75,Walking,True,-3.9,0,0
1789904339069,429,1074403,2,6864,-5.917,1,0.75,Walking,True,-3.9,0,0
1789904339085,430,1076168,2,6880,-5.9794,1,0.75,Walking,True,-3.9,0,0
1789904339085,430,1076168,2,6880,-5.9794,1,0.75,Walking,True,-3.9,0,0
1789904339085,430,1076168,2,6880,-5.9794,1,0.75,Walking,True,-3.9,0,0
1789904339085,430,1076168,2,6880,-5.9794,1,0.75,Walking,True,-3.9,0,0
1789904339085,430,1076168,2,6880,-5.9794,1,0.75,Walking,True,-3.9,0,0
1789904339085,430,1076168,2,6880,-5.9794,1,0.75,Walking,True,-3.9,0,0
1789904339085,430,1076168,2,6880,-5.9794,1,0.75,Walking,True,-3.9,0,0
1789904339085,430,1076168,2,6880,-5.9794,1,0.75,Walking,True,-3.9,0,0
1789904339101,431,1078070,2,6896,-6.0418,1,0.75,Walking,True,-3.9,0,0
1789904339101,431,1078070,2,6896,-6.0418,1,0.75,Walking,True,-3.9,0,0
1789904339101,431,1078070,2,6896,-6.0418,1,0.75,Walking,True,-3.9,0,0
1789904339101,431,1078070,2,6896,-6.0418,1,0.75,Walking,True,-3.9,0,0
1789904339101,431,1078070,2,6896,-6.0418,1,0.75,Walking,True,-3.9,0,0
1789904339101,431,1078070,2,6896,-6.0418,1,0.75,Walking,True,-3.9,0,0
1789904339101,431,1078070,2,6896,-6.0418,1,0.75,Walking,True,-3.9,0,0
1789904339101,431,1078070,2,6896,-6.0418,1,0.75,Walking,True,-3.9,0,0
1789904339117,432,1080079,2,6912,-6.104199,1,0.75,Walking,True,-3.9,0,0
1789904339117,432,1080079,2,6912,-6.104199,1,0.75,Walking,True,-3.9,0,0
1789904339117,432,1080079,2,6912,-6.104199,1,0.75,Walking,True,-3.9,0,0
1789904339117,432,1080079,2,6912,-6.104199,1,0.75,Walking,True,-3.9,0,0
1789904339117,432,1080079,2,6912,-6.104199,1,0.75,Walking,True,-3.9,0,0
1789904339117,432,1080079,2,6912,-6.104199,1,0.75,Walking,True,-3.9,0,0
1789904339117,432,1080079,2,6912,-6.104199,1,0.75,Walking,True,-3.9,0,0
1789904339117,432,1080079,2,6912,-6.104199,1,0.75,Walking,True,-3.9,0,0
1789904339132,433,1081830,2,6928,-6.166599,1,0.75,Walking,True,-3.9,0,0
1789904339132,433,1081830,2,6928,-6.166599,1,0.75,Walking,True,-3.9,0,0
1789904339132,433,1081830,2,6928,-6.166599,1,0.75,Walking,True,-3.9,0,0
1789904339132,433,1081830,2,6928,-6.166599,1,0.75,Walking,True,-3.9,0,0
1789904339132,433,1081830,2,6928,-6.166599,1,0.75,Walking,True,-3.9,0,0
1789904339132,433,1081830,2,6928,-6.166599,1,0.75,Walking,True,-3.9,0,0
1789904339132,433,1081830,2,6928,-6.166599,1,0.75,Walking,True,-3.9,0,0
1789904339132,433,1081830,2,6928,-6.166599,1,0.75,Walking,True,-3.9,0,0
1789904339147,434,1083536,2,6944,-6.228999,1,0.75,Walking,True,-3.9,0,0
1789904339147,434,1083536,2,6944,-6.228999,1,0.75,Walking,True,-3.9,0,0
1789904339147,434,1083536,2,6944,-6.228999,1,0.75,Walking,True,-3.9,0,0
1789904339147,434,1083536,2,6944,-6.228999,1,0.75,Walking,True,-3.9,0,0
1789904339147,434,1083536,2,6944,-6.228999,1,0.75,Walking,True,-3.9,0,0
1789904339147,434,1083536,2,6944,-6.228999,1,0.75,Walking,True,-3.9,0,0
1789904339147,434,1083536,2,6944,-6.228999,1,0.75,Walking,True,-3.9,0,0
1789904339147,434,1083536,2,6944,-6.228999,1,0.75,Walking,True,-3.9,0,0
1789904339162,435,1085178,2,6960,-6.291399,1,0.75,Walking,True,-3.9,0,0
1789904339162,435,1085178,2,6960,-6.291399,1,0.75,Walking,True,-3.9,0,0
1789904339162,435,1085178,2,6960,-6.291399,1,0.75,Walking,True,-3.9,0,0
1789904339162,435,1085178,2,6960,-6.291399,1,0.75,Walking,True,-3.9,0,0
1789904339162,435,1085178,2,6960,-6.291399,1,0.75,Walking,True,-3.9,0,0
1789904339162,435,1085178,2,6960,-6.291399,1,0.75,Walking,True,-3.9,0,0
1789904339162,435,1085178,2,6960,-6.291399,1,0.75,Walking,True,-3.9,0,0
1789904339162,435,1085178,2,6960,-6.291399,1,0.75,Walking,True,-3.9,0,0
1789904339177,436,1086756,2,6976,-6.353799,1,0.75,Walking,True,-3.9,0,0
1789904339177,436,1086756,2,6976,-6.353799,1,0.75,Walking,True,-3.9,0,0
1789904339177,436,1086756,2,6976,-6.353799,1,0.75,Walking,True,-3.9,0,0
1789904339177,436,1086756,2,6976,-6.353799,1,0.75,Walking,True,-3.9,0,0
1789904339177,436,1086756,2,6976,-6.353799,1,0.75,Walking,True,-3.9,0,0
1789904339177,436,1086756,2,6976,-6.353799,1,0.75,Walking,True,-3.9,0,0
1789904339177,436,1086756,2,6976,-6.353799,1,0.75,Walking,True,-3.9,0,0
1789904339177,436,1086756,2,6976,-6.353799,1,0.75,Walking,True,-3.9,0,0
1789904339193,437,1088339,2,6992,-6.416199,1,0.75,Walking,True,-3.9,0,0
1789904339193,437,1088339,2,6992,-6.416199,1,0.75,Walking,True,-3.9,0,0
1789904339193,437,1088339,2,6992,-6.416199,1,0.75,Walking,True,-3.9,0,0
1789904339193,437,1088339,2,6992,-6.416199,1,0.75,Walking,True,-3.9,0,0
1789904339193,437,1088339,2,6992,-6.416199,1,0.75,Walking,True,-3.9,0,0
1789904339193,437,1088339,2,6992,-6.416199,1,0.75,Walking,True,-3.9,0,0
1789904339193,437,1088339,2,6992,-6.416199,1,0.75,Walking,True,-3.9,0,0
1789904339193,437,1088339,2,6992,-6.416199,1,0.75,Walking,True,-3.9,0,0
1789904339208,438,1089957,2,7008,-6.478599,1,0.75,Walking,True,-3.9,0,0
1789904339208,438,1089957,2,7008,-6.478599,1,0.75,Walking,True,-3.9,0,0
1789904339208,438,1089957,2,7008,-6.478599,1,0.75,Walking,True,-3.9,0,0
1789904339208,438,1089957,2,7008,-6.478599,1,0.75,Walking,True,-3.9,0,0
1789904339208,438,1089957,2,7008,-6.478599,1,0.75,Walking,True,-3.9,0,0
1789904339208,438,1089957,2,7008,-6.478599,1,0.75,Walking,True,-3.9,0,0
1789904339208,438,1089957,2,7008,-6.478599,1,0.75,Walking,True,-3.9,0,0
1789904339208,438,1089957,2,7008,-6.478599,1,0.75,Walking,True,-3.9,0,0
1789904339224,439,1091441,2,7024,-6.540998,1,0.75,Walking,True,-3.9,0,0
1789904339224,439,1091441,2,7024,-6.540998,1,0.75,Walking,True,-3.9,0,0
1789904339224,439,1091441,2,7024,-6.540998,1,0.75,Walking,True,-3.9,0,0
1789904339224,439,1091441,2,7024,-6.540998,1,0.75,Walking,True,-3.9,0,0
1789904339224,439,1091441,2,7024,-6.540998,1,0.75,Walking,True,-3.9,0,0
1789904339224,439,1091441,2,7024,-6.540998,1,0.75,Walking,True,-3.9,0,0
1789904339224,439,1091441,2,7024,-6.540998,1,0.75,Walking,True,-3.9,0,0
1789904339224,439,1091441,2,7024,-6.540998,1,0.75,Walking,True,-3.9,0,0
1789904339239,440,1092917,2,7040,-6.603398,1,0.75,Walking,True,-3.9,0,0
1789904339239,440,1092917,2,7040,-6.603398,1,0.75,Walking,True,-3.9,0,0
1789904339239,440,1092917,2,7040,-6.603398,1,0.75,Walking,True,-3.9,0,0
1789904339239,440,1092917,2,7040,-6.603398,1,0.75,Walking,True,-3.9,0,0
1789904339239,440,1092917,2,7040,-6.603398,1,0.75,Walking,True,-3.9,0,0
1789904339239,440,1092917,2,7040,-6.603398,1,0.75,Walking,True,-3.9,0,0
1789904339239,440,1092917,2,7040,-6.603398,1,0.75,Walking,True,-3.9,0,0
1789904339239,440,1092917,2,7040,-6.603398,1,0.75,Walking,True,-3.9,0,0
1789904339256,441,1094380,2,7056,-6.665798,1,0.75,Walking,True,-3.9,0,0
1789904339256,441,1094380,2,7056,-6.665798,1,0.75,Walking,True,-3.9,0,0
1789904339256,441,1094380,2,7056,-6.665798,1,0.75,Walking,True,-3.9,0,0
1789904339256,441,1094380,2,7056,-6.665798,1,0.75,Walking,True,-3.9,0,0
1789904339256,441,1094380,2,7056,-6.665798,1,0.75,Walking,True,-3.9,0,0
1789904339256,441,1094380,2,7056,-6.665798,1,0.75,Walking,True,-3.9,0,0
1789904339256,441,1094380,2,7056,-6.665798,1,0.75,Walking,True,-3.9,0,0
1789904339256,441,1094380,2,7056,-6.665798,1,0.75,Walking,True,-3.9,0,0
1789904339271,442,1095893,2,7072,-6.728198,1,0.75,Walking,True,-3.9,0,0
1789904339271,442,1095893,2,7072,-6.728198,1,0.75,Walking,True,-3.9,0,0
1789904339271,442,1095893,2,7072,-6.728198,1,0.75,Walking,True,-3.9,0,0
1789904339271,442,1095893,2,7072,-6.728198,1,0.75,Walking,True,-3.9,0,0
1789904339271,442,1095893,2,7072,-6.728198,1,0.75,Walking,True,-3.9,0,0
1789904339271,442,1095893,2,7072,-6.728198,1,0.75,Walking,True,-3.9,0,0
1789904339271,442,1095893,2,7072,-6.728198,1,0.75,Walking,True,-3.9,0,0
1789904339271,442,1095893,2,7072,-6.728198,1,0.75,Walking,True,-3.9,0,0
1789904339286,443,1097427,2,7088,-6.790598,1,0.75,Walking,True,-3.9,0,0
1789904339286,443,1097427,2,7088,-6.790598,1,0.75,Walking,True,-3.9,0,0
1789904339286,443,1097427,2,7088,-6.790598,1,0.75,Walking,True,-3.9,0,0
1789904339286,443,1097427,2,7088,-6.790598,1,0.75,Walking,True,-3.9,0,0
1789904339286,443,1097427,2,7088,-6.790598,1,0.75,Walking,True,-3.9,0,0
1789904339286,443,1097427,2,7088,-6.790598,1,0.75,Walking,True,-3.9,0,0
1789904339286,443,1097427,2,7088,-6.790598,1,0.75,Walking,True,-3.9,0,0
1789904339286,443,1097427,2,7088,-6.790598,1,0.75,Walking,True,-3.9,0,0
1789904339302,444,1098860,2,7104,-6.852998,1,0.75,Walking,True,-3.9,0,0
1789904339302,444,1098860,2,7104,-6.852998,1,0.75,Walking,True,-3.9,0,0
1789904339302,444,1098860,2,7104,-6.852998,1,0.75,Walking,True,-3.9,0,0
1789904339302,444,1098860,2,7104,-6.852998,1,0.75,Walking,True,-3.9,0,0
1789904339302,444,1098860,2,7104,-6.852998,1,0.75,Walking,True,-3.9,0,0
1789904339302,444,1098860,2,7104,-6.852998,1,0.75,Walking,True,-3.9,0,0
1789904339302,444,1098860,2,7104,-6.852998,1,0.75,Walking,True,-3.9,0,0
1789904339302,444,1098860,2,7104,-6.852998,1,0.75,Walking,True,-3.9,0,0
1789904339318,445,1100648,2,7120,-6.915398,1,0.75,Walking,True,-3.9,0,0
1789904339318,445,1100648,2,7120,-6.915398,1,0.75,Walking,True,-3.9,0,0
1789904339318,445,1100648,2,7120,-6.915398,1,0.75,Walking,True,-3.9,0,0
1789904339318,445,1100648,2,7120,-6.915398,1,0.75,Walking,True,-3.9,0,0
1789904339318,445,1100648,2,7120,-6.915398,1,0.75,Walking,True,-3.9,0,0
1789904339318,445,1100648,2,7120,-6.915398,1,0.75,Walking,True,-3.9,0,0
1789904339318,445,1100648,2,7120,-6.915398,1,0.75,Walking,True,-3.9,0,0
1789904339318,445,1100648,2,7120,-6.915398,1,0.75,Walking,True,-3.9,0,0
1789904339333,446,1102436,2,7136,-6.977798,1,0.75,Walking,True,-3.9,0,0
1789904339333,446,1102436,2,7136,-6.977798,1,0.75,Walking,True,-3.9,0,0
1789904339333,446,1102436,2,7136,-6.977798,1,0.75,Walking,True,-3.9,0,0
1789904339333,446,1102436,2,7136,-6.977798,1,0.75,Walking,True,-3.9,0,0
1789904339333,446,1102436,2,7136,-6.977798,1,0.75,Walking,True,-3.9,0,0
1789904339333,446,1102436,2,7136,-6.977798,1,0.75,Walking,True,-3.9,0,0
1789904339333,446,1102436,2,7136,-6.977798,1,0.75,Walking,True,-3.9,0,0
1789904339333,446,1102436,2,7136,-6.977798,1,0.75,Walking,True,-3.9,0,0
1789904339349,447,1104172,2,7152,-7.040197,1,0.75,Walking,True,-3.9,0,0
1789904339349,447,1104172,2,7152,-7.040197,1,0.75,Walking,True,-3.9,0,0
1789904339349,447,1104172,2,7152,-7.040197,1,0.75,Walking,True,-3.9,0,0
1789904339349,447,1104172,2,7152,-7.040197,1,0.75,Walking,True,-3.9,0,0
1789904339349,447,1104172,2,7152,-7.040197,1,0.75,Walking,True,-3.9,0,0
1789904339349,447,1104172,2,7152,-7.040197,1,0.75,Walking,True,-3.9,0,0
1789904339349,447,1104172,2,7152,-7.040197,1,0.75,Walking,True,-3.9,0,0
1789904339349,447,1104172,2,7152,-7.040197,1,0.75,Walking,True,-3.9,0,0
1789904339365,448,1105958,2,7168,-7.102597,1,0.75,Walking,True,-3.9,0,0
1789904339365,448,1105958,2,7168,-7.102597,1,0.75,Walking,True,-3.9,0,0
1789904339365,448,1105958,2,7168,-7.102597,1,0.75,Walking,True,-3.9,0,0
1789904339365,448,1105958,2,7168,-7.102597,1,0.75,Walking,True,-3.9,0,0
1789904339365,448,1105958,2,7168,-7.102597,1,0.75,Walking,True,-3.9,0,0
1789904339365,448,1105958,2,7168,-7.102597,1,0.75,Walking,True,-3.9,0,0
1789904339365,448,1105958,2,7168,-7.102597,1,0.75,Walking,True,-3.9,0,0
1789904339365,448,1105958,2,7168,-7.102597,1,0.75,Walking,True,-3.9,0,0
1789904339380,449,1107699,2,7184,-7.164997,1,0.75,Walking,True,-3.9,0,0
1789904339380,449,1107699,2,7184,-7.164997,1,0.75,Walking,True,-3.9,0,0
1789904339380,449,1107699,2,7184,-7.164997,1,0.75,Walking,True,-3.9,0,0
1789904339380,449,1107699,2,7184,-7.164997,1,0.75,Walking,True,-3.9,0,0
1789904339380,449,1107699,2,7184,-7.164997,1,0.75,Walking,True,-3.9,0,0
1789904339380,449,1107699,2,7184,-7.164997,1,0.75,Walking,True,-3.9,0,0
1789904339380,449,1107699,2,7184,-7.164997,1,0.75,Walking,True,-3.9,0,0
1789904339380,449,1107699,2,7184,-7.164997,1,0.75,Walking,True,-3.9,0,0
# 对手 SP 侧收到的真实 DS 权威快照轨迹
1789904328236,0,0,1,0,-3,1,-0.75,Walking,True,0,0,0
1789904328266,1,7469,1,16,-2.99488,1,-0.75,Walking,True,0.32,0,0
1789904328266,1,7469,1,16,-2.99488,1,-0.75,Walking,True,0.32,0,0
1789904328266,1,7469,1,16,-2.99488,1,-0.75,Walking,True,0.32,0,0
1789904328266,1,7469,1,16,-2.99488,1,-0.75,Walking,True,0.32,0,0
1789904328266,1,7469,1,16,-2.99488,1,-0.75,Walking,True,0.32,0,0
1789904328266,1,7469,1,16,-2.99488,1,-0.75,Walking,True,0.32,0,0
1789904328266,1,7469,1,16,-2.99488,1,-0.75,Walking,True,0.32,0,0
1789904328266,1,7469,1,16,-2.99488,1,-0.75,Walking,True,0.32,0,0
1789904328283,2,8671,1,32,-2.98464,1,-0.75,Walking,True,0.64,0,0
1789904328283,2,8671,1,32,-2.98464,1,-0.75,Walking,True,0.64,0,0
1789904328283,2,8671,1,32,-2.98464,1,-0.75,Walking,True,0.64,0,0
1789904328283,2,8671,1,32,-2.98464,1,-0.75,Walking,True,0.64,0,0
1789904328283,2,8671,1,32,-2.98464,1,-0.75,Walking,True,0.64,0,0
1789904328283,2,8671,1,32,-2.98464,1,-0.75,Walking,True,0.64,0,0
1789904328283,2,8671,1,32,-2.98464,1,-0.75,Walking,True,0.64,0,0
1789904328283,2,8671,1,32,-2.98464,1,-0.75,Walking,True,0.64,0,0
1789904328297,3,10268,1,48,-2.96928,1,-0.75,Walking,True,0.96,0,0
1789904328297,3,10268,1,48,-2.96928,1,-0.75,Walking,True,0.96,0,0
1789904328297,3,10268,1,48,-2.96928,1,-0.75,Walking,True,0.96,0,0
1789904328297,3,10268,1,48,-2.96928,1,-0.75,Walking,True,0.96,0,0
1789904328297,3,10268,1,48,-2.96928,1,-0.75,Walking,True,0.96,0,0
1789904328297,3,10268,1,48,-2.96928,1,-0.75,Walking,True,0.96,0,0
1789904328297,3,10268,1,48,-2.96928,1,-0.75,Walking,True,0.96,0,0
1789904328297,3,10268,1,48,-2.96928,1,-0.75,Walking,True,0.96,0,0
1789904328312,4,11532,1,64,-2.9488,1,-0.75,Walking,True,1.28,0,0
1789904328312,4,11532,1,64,-2.9488,1,-0.75,Walking,True,1.28,0,0
1789904328312,4,11532,1,64,-2.9488,1,-0.75,Walking,True,1.28,0,0
1789904328312,4,11532,1,64,-2.9488,1,-0.75,Walking,True,1.28,0,0
1789904328312,4,11532,1,64,-2.9488,1,-0.75,Walking,True,1.28,0,0
1789904328312,4,11532,1,64,-2.9488,1,-0.75,Walking,True,1.28,0,0
1789904328312,4,11532,1,64,-2.9488,1,-0.75,Walking,True,1.28,0,0
1789904328312,4,11532,1,64,-2.9488,1,-0.75,Walking,True,1.28,0,0
1789904328328,5,13056,1,80,-2.9232,1,-0.75,Walking,True,1.6,0,0
1789904328328,5,13056,1,80,-2.9232,1,-0.75,Walking,True,1.6,0,0
1789904328328,5,13056,1,80,-2.9232,1,-0.75,Walking,True,1.6,0,0
1789904328328,5,13056,1,80,-2.9232,1,-0.75,Walking,True,1.6,0,0
1789904328328,5,13056,1,80,-2.9232,1,-0.75,Walking,True,1.6,0,0
1789904328328,5,13056,1,80,-2.9232,1,-0.75,Walking,True,1.6,0,0
1789904328328,5,13056,1,80,-2.9232,1,-0.75,Walking,True,1.6,0,0
1789904328328,5,13056,1,80,-2.9232,1,-0.75,Walking,True,1.6,0,0
1789904328344,6,14399,1,96,-2.89248,1,-0.75,Walking,True,1.92,0,0
1789904328344,6,14399,1,96,-2.89248,1,-0.75,Walking,True,1.92,0,0
1789904328344,6,14399,1,96,-2.89248,1,-0.75,Walking,True,1.92,0,0
1789904328344,6,14399,1,96,-2.89248,1,-0.75,Walking,True,1.92,0,0
1789904328344,6,14399,1,96,-2.89248,1,-0.75,Walking,True,1.92,0,0
1789904328344,6,14399,1,96,-2.89248,1,-0.75,Walking,True,1.92,0,0
1789904328344,6,14399,1,96,-2.89248,1,-0.75,Walking,True,1.92,0,0
1789904328344,6,14399,1,96,-2.89248,1,-0.75,Walking,True,1.92,0,0
1789904328359,7,15926,1,112,-2.85664,1,-0.75,Walking,True,2.24,0,0
1789904328359,7,15926,1,112,-2.85664,1,-0.75,Walking,True,2.24,0,0
1789904328359,7,15926,1,112,-2.85664,1,-0.75,Walking,True,2.24,0,0
1789904328359,7,15926,1,112,-2.85664,1,-0.75,Walking,True,2.24,0,0
1789904328359,7,15926,1,112,-2.85664,1,-0.75,Walking,True,2.24,0,0
1789904328360,7,15926,1,112,-2.85664,1,-0.75,Walking,True,2.24,0,0
1789904328360,7,15926,1,112,-2.85664,1,-0.75,Walking,True,2.24,0,0
1789904328360,7,15926,1,112,-2.85664,1,-0.75,Walking,True,2.24,0,0
1789904328374,8,17415,1,128,-2.81568,1,-0.75,Walking,True,2.56,0,0
1789904328374,8,17415,1,128,-2.81568,1,-0.75,Walking,True,2.56,0,0
1789904328374,8,17415,1,128,-2.81568,1,-0.75,Walking,True,2.56,0,0
1789904328374,8,17415,1,128,-2.81568,1,-0.75,Walking,True,2.56,0,0
1789904328374,8,17415,1,128,-2.81568,1,-0.75,Walking,True,2.56,0,0
1789904328374,8,17415,1,128,-2.81568,1,-0.75,Walking,True,2.56,0,0
1789904328374,8,17415,1,128,-2.81568,1,-0.75,Walking,True,2.56,0,0
1789904328374,8,17415,1,128,-2.81568,1,-0.75,Walking,True,2.56,0,0
1789904328389,9,18749,1,144,-2.7696,1,-0.75,Walking,True,2.88,0,0
1789904328389,9,18749,1,144,-2.7696,1,-0.75,Walking,True,2.88,0,0
1789904328389,9,18749,1,144,-2.7696,1,-0.75,Walking,True,2.88,0,0
1789904328389,9,18749,1,144,-2.7696,1,-0.75,Walking,True,2.88,0,0
1789904328389,9,18749,1,144,-2.7696,1,-0.75,Walking,True,2.88,0,0
1789904328389,9,18749,1,144,-2.7696,1,-0.75,Walking,True,2.88,0,0
1789904328389,9,18749,1,144,-2.7696,1,-0.75,Walking,True,2.88,0,0
1789904328389,9,18749,1,144,-2.7696,1,-0.75,Walking,True,2.88,0,0
1789904328404,10,20084,1,160,-2.7184,1,-0.75,Walking,True,3.2,0,0
1789904328404,10,20084,1,160,-2.7184,1,-0.75,Walking,True,3.2,0,0
1789904328404,10,20084,1,160,-2.7184,1,-0.75,Walking,True,3.2,0,0
1789904328404,10,20084,1,160,-2.7184,1,-0.75,Walking,True,3.2,0,0
1789904328404,10,20084,1,160,-2.7184,1,-0.75,Walking,True,3.2,0,0
1789904328404,10,20084,1,160,-2.7184,1,-0.75,Walking,True,3.2,0,0
1789904328404,10,20084,1,160,-2.7184,1,-0.75,Walking,True,3.2,0,0
1789904328404,10,20084,1,160,-2.7184,1,-0.75,Walking,True,3.2,0,0
1789904328419,11,21470,1,176,-2.66208,1,-0.75,Walking,True,3.52,0,0
1789904328419,11,21470,1,176,-2.66208,1,-0.75,Walking,True,3.52,0,0
1789904328419,11,21470,1,176,-2.66208,1,-0.75,Walking,True,3.52,0,0
1789904328419,11,21470,1,176,-2.66208,1,-0.75,Walking,True,3.52,0,0
1789904328419,11,21470,1,176,-2.66208,1,-0.75,Walking,True,3.52,0,0
1789904328419,11,21470,1,176,-2.66208,1,-0.75,Walking,True,3.52,0,0
1789904328419,11,21470,1,176,-2.66208,1,-0.75,Walking,True,3.52,0,0
1789904328419,11,21470,1,176,-2.66208,1,-0.75,Walking,True,3.52,0,0
1789904328435,12,22797,1,192,-2.60064,1,-0.75,Walking,True,3.84,0,0
1789904328435,12,22797,1,192,-2.60064,1,-0.75,Walking,True,3.84,0,0
1789904328435,12,22797,1,192,-2.60064,1,-0.75,Walking,True,3.84,0,0
1789904328435,12,22797,1,192,-2.60064,1,-0.75,Walking,True,3.84,0,0
1789904328435,12,22797,1,192,-2.60064,1,-0.75,Walking,True,3.84,0,0
1789904328435,12,22797,1,192,-2.60064,1,-0.75,Walking,True,3.84,0,0
1789904328435,12,22797,1,192,-2.60064,1,-0.75,Walking,True,3.84,0,0
1789904328435,12,22797,1,192,-2.60064,1,-0.75,Walking,True,3.84,0,0
1789904328451,13,24280,1,208,-2.53824,1,-0.75,Walking,True,3.9,0,0
1789904328451,13,24280,1,208,-2.53824,1,-0.75,Walking,True,3.9,0,0
1789904328451,13,24280,1,208,-2.53824,1,-0.75,Walking,True,3.9,0,0
1789904328451,13,24280,1,208,-2.53824,1,-0.75,Walking,True,3.9,0,0
1789904328451,13,24280,1,208,-2.53824,1,-0.75,Walking,True,3.9,0,0
1789904328451,13,24280,1,208,-2.53824,1,-0.75,Walking,True,3.9,0,0
1789904328451,13,24280,1,208,-2.53824,1,-0.75,Walking,True,3.9,0,0
1789904328451,13,24280,1,208,-2.53824,1,-0.75,Walking,True,3.9,0,0
1789904328467,14,25700,1,224,-2.47584,1,-0.75,Walking,True,3.9,0,0
1789904328467,14,25700,1,224,-2.47584,1,-0.75,Walking,True,3.9,0,0
1789904328467,14,25700,1,224,-2.47584,1,-0.75,Walking,True,3.9,0,0
1789904328467,14,25700,1,224,-2.47584,1,-0.75,Walking,True,3.9,0,0
1789904328467,14,25700,1,224,-2.47584,1,-0.75,Walking,True,3.9,0,0
1789904328467,14,25700,1,224,-2.47584,1,-0.75,Walking,True,3.9,0,0
1789904328467,14,25700,1,224,-2.47584,1,-0.75,Walking,True,3.9,0,0
1789904328467,14,25700,1,224,-2.47584,1,-0.75,Walking,True,3.9,0,0
1789904328483,15,27186,1,240,-2.41344,1,-0.75,Walking,True,3.9,0,0
1789904328483,15,27186,1,240,-2.41344,1,-0.75,Walking,True,3.9,0,0
1789904328483,15,27186,1,240,-2.41344,1,-0.75,Walking,True,3.9,0,0
1789904328483,15,27186,1,240,-2.41344,1,-0.75,Walking,True,3.9,0,0
1789904328483,15,27186,1,240,-2.41344,1,-0.75,Walking,True,3.9,0,0
1789904328483,15,27186,1,240,-2.41344,1,-0.75,Walking,True,3.9,0,0
1789904328483,15,27186,1,240,-2.41344,1,-0.75,Walking,True,3.9,0,0
1789904328483,15,27186,1,240,-2.41344,1,-0.75,Walking,True,3.9,0,0
1789904328497,16,28587,1,256,-2.351039,1,-0.75,Walking,True,3.9,0,0
1789904328497,16,28587,1,256,-2.351039,1,-0.75,Walking,True,3.9,0,0
1789904328497,16,28587,1,256,-2.351039,1,-0.75,Walking,True,3.9,0,0
1789904328498,16,28587,1,256,-2.351039,1,-0.75,Walking,True,3.9,0,0
1789904328498,16,28587,1,256,-2.351039,1,-0.75,Walking,True,3.9,0,0
1789904328498,16,28587,1,256,-2.351039,1,-0.75,Walking,True,3.9,0,0
1789904328498,16,28587,1,256,-2.351039,1,-0.75,Walking,True,3.9,0,0
1789904328498,16,28587,1,256,-2.351039,1,-0.75,Walking,True,3.9,0,0
1789904328514,17,29771,1,272,-2.288639,1,-0.75,Walking,True,3.9,0,0
1789904328514,17,29771,1,272,-2.288639,1,-0.75,Walking,True,3.9,0,0
1789904328514,17,29771,1,272,-2.288639,1,-0.75,Walking,True,3.9,0,0
1789904328514,17,29771,1,272,-2.288639,1,-0.75,Walking,True,3.9,0,0
1789904328514,17,29771,1,272,-2.288639,1,-0.75,Walking,True,3.9,0,0
1789904328514,17,29771,1,272,-2.288639,1,-0.75,Walking,True,3.9,0,0
1789904328514,17,29771,1,272,-2.288639,1,-0.75,Walking,True,3.9,0,0
1789904328514,17,29771,1,272,-2.288639,1,-0.75,Walking,True,3.9,0,0
1789904328530,18,31170,1,288,-2.226239,1,-0.75,Walking,True,3.9,0,0
1789904328530,18,31170,1,288,-2.226239,1,-0.75,Walking,True,3.9,0,0
1789904328530,18,31170,1,288,-2.226239,1,-0.75,Walking,True,3.9,0,0
1789904328530,18,31170,1,288,-2.226239,1,-0.75,Walking,True,3.9,0,0
1789904328530,18,31170,1,288,-2.226239,1,-0.75,Walking,True,3.9,0,0
1789904328530,18,31170,1,288,-2.226239,1,-0.75,Walking,True,3.9,0,0
1789904328530,18,31170,1,288,-2.226239,1,-0.75,Walking,True,3.9,0,0
1789904328530,18,31170,1,288,-2.226239,1,-0.75,Walking,True,3.9,0,0
1789904328545,19,32656,1,304,-2.163839,1,-0.75,Walking,True,3.9,0,0
1789904328545,19,32656,1,304,-2.163839,1,-0.75,Walking,True,3.9,0,0
1789904328545,19,32656,1,304,-2.163839,1,-0.75,Walking,True,3.9,0,0
1789904328545,19,32656,1,304,-2.163839,1,-0.75,Walking,True,3.9,0,0
1789904328546,19,32656,1,304,-2.163839,1,-0.75,Walking,True,3.9,0,0
1789904328546,19,32656,1,304,-2.163839,1,-0.75,Walking,True,3.9,0,0
1789904328546,19,32656,1,304,-2.163839,1,-0.75,Walking,True,3.9,0,0
1789904328546,19,32656,1,304,-2.163839,1,-0.75,Walking,True,3.9,0,0
1789904328561,20,34081,1,320,-2.101439,1,-0.75,Walking,True,3.9,0,0
1789904328561,20,34081,1,320,-2.101439,1,-0.75,Walking,True,3.9,0,0
1789904328561,20,34081,1,320,-2.101439,1,-0.75,Walking,True,3.9,0,0
1789904328561,20,34081,1,320,-2.101439,1,-0.75,Walking,True,3.9,0,0
1789904328561,20,34081,1,320,-2.101439,1,-0.75,Walking,True,3.9,0,0
1789904328561,20,34081,1,320,-2.101439,1,-0.75,Walking,True,3.9,0,0
1789904328561,20,34081,1,320,-2.101439,1,-0.75,Walking,True,3.9,0,0
1789904328561,20,34081,1,320,-2.101439,1,-0.75,Walking,True,3.9,0,0
1789904328577,21,35336,1,336,-2.039039,1,-0.75,Walking,True,3.9,0,0
1789904328577,21,35336,1,336,-2.039039,1,-0.75,Walking,True,3.9,0,0
1789904328577,21,35336,1,336,-2.039039,1,-0.75,Walking,True,3.9,0,0
1789904328577,21,35336,1,336,-2.039039,1,-0.75,Walking,True,3.9,0,0
1789904328577,21,35336,1,336,-2.039039,1,-0.75,Walking,True,3.9,0,0
1789904328577,21,35336,1,336,-2.039039,1,-0.75,Walking,True,3.9,0,0
1789904328577,21,35336,1,336,-2.039039,1,-0.75,Walking,True,3.9,0,0
1789904328577,21,35336,1,336,-2.039039,1,-0.75,Walking,True,3.9,0,0
1789904328592,22,36717,1,352,-1.976639,1,-0.75,Walking,True,3.9,0,0
1789904328592,22,36717,1,352,-1.976639,1,-0.75,Walking,True,3.9,0,0
1789904328592,22,36717,1,352,-1.976639,1,-0.75,Walking,True,3.9,0,0
1789904328592,22,36717,1,352,-1.976639,1,-0.75,Walking,True,3.9,0,0
1789904328592,22,36717,1,352,-1.976639,1,-0.75,Walking,True,3.9,0,0
1789904328592,22,36717,1,352,-1.976639,1,-0.75,Walking,True,3.9,0,0
1789904328592,22,36717,1,352,-1.976639,1,-0.75,Walking,True,3.9,0,0
1789904328592,22,36717,1,352,-1.976639,1,-0.75,Walking,True,3.9,0,0
1789904328608,23,38034,1,368,-1.914239,1,-0.75,Walking,True,3.9,0,0
1789904328608,23,38034,1,368,-1.914239,1,-0.75,Walking,True,3.9,0,0
1789904328608,23,38034,1,368,-1.914239,1,-0.75,Walking,True,3.9,0,0
1789904328608,23,38034,1,368,-1.914239,1,-0.75,Walking,True,3.9,0,0
1789904328608,23,38034,1,368,-1.914239,1,-0.75,Walking,True,3.9,0,0
1789904328608,23,38034,1,368,-1.914239,1,-0.75,Walking,True,3.9,0,0
1789904328608,23,38034,1,368,-1.914239,1,-0.75,Walking,True,3.9,0,0
1789904328608,23,38034,1,368,-1.914239,1,-0.75,Walking,True,3.9,0,0
1789904328623,24,39416,1,384,-1.851839,1,-0.75,Walking,True,3.9,0,0
1789904328623,24,39416,1,384,-1.851839,1,-0.75,Walking,True,3.9,0,0
1789904328623,24,39416,1,384,-1.851839,1,-0.75,Walking,True,3.9,0,0
1789904328623,24,39416,1,384,-1.851839,1,-0.75,Walking,True,3.9,0,0
1789904328623,24,39416,1,384,-1.851839,1,-0.75,Walking,True,3.9,0,0
1789904328623,24,39416,1,384,-1.851839,1,-0.75,Walking,True,3.9,0,0
1789904328623,24,39416,1,384,-1.851839,1,-0.75,Walking,True,3.9,0,0
1789904328623,24,39416,1,384,-1.851839,1,-0.75,Walking,True,3.9,0,0
1789904328639,25,40813,1,400,-1.789439,1,-0.75,Walking,True,3.9,0,0
1789904328639,25,40813,1,400,-1.789439,1,-0.75,Walking,True,3.9,0,0
1789904328639,25,40813,1,400,-1.789439,1,-0.75,Walking,True,3.9,0,0
1789904328639,25,40813,1,400,-1.789439,1,-0.75,Walking,True,3.9,0,0
1789904328639,25,40813,1,400,-1.789439,1,-0.75,Walking,True,3.9,0,0
1789904328639,25,40813,1,400,-1.789439,1,-0.75,Walking,True,3.9,0,0
1789904328639,25,40813,1,400,-1.789439,1,-0.75,Walking,True,3.9,0,0
1789904328639,25,40813,1,400,-1.789439,1,-0.75,Walking,True,3.9,0,0
1789904328655,26,42285,1,416,-1.727039,1,-0.75,Walking,True,3.9,0,0
1789904328655,26,42285,1,416,-1.727039,1,-0.75,Walking,True,3.9,0,0
1789904328655,26,42285,1,416,-1.727039,1,-0.75,Walking,True,3.9,0,0
1789904328655,26,42285,1,416,-1.727039,1,-0.75,Walking,True,3.9,0,0
1789904328655,26,42285,1,416,-1.727039,1,-0.75,Walking,True,3.9,0,0
1789904328655,26,42285,1,416,-1.727039,1,-0.75,Walking,True,3.9,0,0
1789904328655,26,42285,1,416,-1.727039,1,-0.75,Walking,True,3.9,0,0
1789904328655,26,42285,1,416,-1.727039,1,-0.75,Walking,True,3.9,0,0
1789904328685,27,43688,1,432,-1.664639,1,-0.75,Walking,True,3.9,0,0
1789904328685,27,43688,1,432,-1.664639,1,-0.75,Walking,True,3.9,0,0
1789904328685,27,43688,1,432,-1.664639,1,-0.75,Walking,True,3.9,0,0
1789904328685,27,43688,1,432,-1.664639,1,-0.75,Walking,True,3.9,0,0
1789904328685,27,43688,1,432,-1.664639,1,-0.75,Walking,True,3.9,0,0
1789904328685,27,43688,1,432,-1.664639,1,-0.75,Walking,True,3.9,0,0
1789904328685,27,43688,1,432,-1.664639,1,-0.75,Walking,True,3.9,0,0
1789904328685,27,43688,1,432,-1.664639,1,-0.75,Walking,True,3.9,0,0
1789904328701,28,46607,1,448,-1.602239,1,-0.75,Walking,True,3.9,0,0
1789904328701,28,46607,1,448,-1.602239,1,-0.75,Walking,True,3.9,0,0
1789904328701,28,46607,1,448,-1.602239,1,-0.75,Walking,True,3.9,0,0
1789904328701,28,46607,1,448,-1.602239,1,-0.75,Walking,True,3.9,0,0
1789904328701,28,46607,1,448,-1.602239,1,-0.75,Walking,True,3.9,0,0
1789904328701,28,46607,1,448,-1.602239,1,-0.75,Walking,True,3.9,0,0
1789904328701,28,46607,1,448,-1.602239,1,-0.75,Walking,True,3.9,0,0
1789904328701,28,46607,1,448,-1.602239,1,-0.75,Walking,True,3.9,0,0
1789904328716,29,48017,1,464,-1.539839,1,-0.75,Walking,True,3.9,0,0
1789904328716,29,48017,1,464,-1.539839,1,-0.75,Walking,True,3.9,0,0
1789904328716,29,48017,1,464,-1.539839,1,-0.75,Walking,True,3.9,0,0
1789904328716,29,48017,1,464,-1.539839,1,-0.75,Walking,True,3.9,0,0
1789904328716,29,48017,1,464,-1.539839,1,-0.75,Walking,True,3.9,0,0
1789904328716,29,48017,1,464,-1.539839,1,-0.75,Walking,True,3.9,0,0
1789904328716,29,48017,1,464,-1.539839,1,-0.75,Walking,True,3.9,0,0
1789904328716,29,48017,1,464,-1.539839,1,-0.75,Walking,True,3.9,0,0
1789904328732,30,49370,1,480,-1.477439,1,-0.75,Walking,True,3.9,0,0
1789904328732,30,49370,1,480,-1.477439,1,-0.75,Walking,True,3.9,0,0
1789904328732,30,49370,1,480,-1.477439,1,-0.75,Walking,True,3.9,0,0
1789904328732,30,49370,1,480,-1.477439,1,-0.75,Walking,True,3.9,0,0
1789904328732,30,49370,1,480,-1.477439,1,-0.75,Walking,True,3.9,0,0
1789904328732,30,49370,1,480,-1.477439,1,-0.75,Walking,True,3.9,0,0
1789904328732,30,49370,1,480,-1.477439,1,-0.75,Walking,True,3.9,0,0
1789904328732,30,49370,1,480,-1.477439,1,-0.75,Walking,True,3.9,0,0
1789904328748,31,50783,1,496,-1.415039,1,-0.75,Walking,True,3.9,0,0
1789904328748,31,50783,1,496,-1.415039,1,-0.75,Walking,True,3.9,0,0
1789904328748,31,50783,1,496,-1.415039,1,-0.75,Walking,True,3.9,0,0
1789904328748,31,50783,1,496,-1.415039,1,-0.75,Walking,True,3.9,0,0
1789904328748,31,50783,1,496,-1.415039,1,-0.75,Walking,True,3.9,0,0
1789904328748,31,50783,1,496,-1.415039,1,-0.75,Walking,True,3.9,0,0
1789904328748,31,50783,1,496,-1.415039,1,-0.75,Walking,True,3.9,0,0
1789904328748,31,50783,1,496,-1.415039,1,-0.75,Walking,True,3.9,0,0
1789904328763,32,51836,1,512,-1.352639,1,-0.75,Walking,True,3.9,0,0
1789904328763,32,51836,1,512,-1.352639,1,-0.75,Walking,True,3.9,0,0
1789904328763,32,51836,1,512,-1.352639,1,-0.75,Walking,True,3.9,0,0
1789904328763,32,51836,1,512,-1.352639,1,-0.75,Walking,True,3.9,0,0
1789904328763,32,51836,1,512,-1.352639,1,-0.75,Walking,True,3.9,0,0
1789904328763,32,51836,1,512,-1.352639,1,-0.75,Walking,True,3.9,0,0
1789904328763,32,51836,1,512,-1.352639,1,-0.75,Walking,True,3.9,0,0
1789904328763,32,51836,1,512,-1.352639,1,-0.75,Walking,True,3.9,0,0
1789904328779,33,53136,1,528,-1.290239,1,-0.75,Walking,True,3.9,0,0
1789904328779,33,53136,1,528,-1.290239,1,-0.75,Walking,True,3.9,0,0
1789904328779,33,53136,1,528,-1.290239,1,-0.75,Walking,True,3.9,0,0
1789904328779,33,53136,1,528,-1.290239,1,-0.75,Walking,True,3.9,0,0
1789904328779,33,53136,1,528,-1.290239,1,-0.75,Walking,True,3.9,0,0
1789904328779,33,53136,1,528,-1.290239,1,-0.75,Walking,True,3.9,0,0
1789904328779,33,53136,1,528,-1.290239,1,-0.75,Walking,True,3.9,0,0
1789904328779,33,53136,1,528,-1.290239,1,-0.75,Walking,True,3.9,0,0
1789904328794,34,54492,1,544,-1.227839,1,-0.75,Walking,True,3.9,0,0
1789904328794,34,54492,1,544,-1.227839,1,-0.75,Walking,True,3.9,0,0
1789904328794,34,54492,1,544,-1.227839,1,-0.75,Walking,True,3.9,0,0
1789904328794,34,54492,1,544,-1.227839,1,-0.75,Walking,True,3.9,0,0
1789904328794,34,54492,1,544,-1.227839,1,-0.75,Walking,True,3.9,0,0
1789904328794,34,54492,1,544,-1.227839,1,-0.75,Walking,True,3.9,0,0
1789904328794,34,54492,1,544,-1.227839,1,-0.75,Walking,True,3.9,0,0
1789904328794,34,54492,1,544,-1.227839,1,-0.75,Walking,True,3.9,0,0
1789904328809,35,55817,1,560,-1.165439,1,-0.75,Walking,True,3.9,0,0
1789904328809,35,55817,1,560,-1.165439,1,-0.75,Walking,True,3.9,0,0
1789904328809,35,55817,1,560,-1.165439,1,-0.75,Walking,True,3.9,0,0
1789904328809,35,55817,1,560,-1.165439,1,-0.75,Walking,True,3.9,0,0
1789904328809,35,55817,1,560,-1.165439,1,-0.75,Walking,True,3.9,0,0
1789904328809,35,55817,1,560,-1.165439,1,-0.75,Walking,True,3.9,0,0
1789904328809,35,55817,1,560,-1.165439,1,-0.75,Walking,True,3.9,0,0
1789904328809,35,55817,1,560,-1.165439,1,-0.75,Walking,True,3.9,0,0
1789904328825,36,57188,1,576,-1.103039,1,-0.75,Walking,True,3.9,0,0
1789904328825,36,57188,1,576,-1.103039,1,-0.75,Walking,True,3.9,0,0
1789904328825,36,57188,1,576,-1.103039,1,-0.75,Walking,True,3.9,0,0
1789904328825,36,57188,1,576,-1.103039,1,-0.75,Walking,True,3.9,0,0
1789904328825,36,57188,1,576,-1.103039,1,-0.75,Walking,True,3.9,0,0
1789904328825,36,57188,1,576,-1.103039,1,-0.75,Walking,True,3.9,0,0
1789904328825,36,57188,1,576,-1.103039,1,-0.75,Walking,True,3.9,0,0
1789904328825,36,57188,1,576,-1.103039,1,-0.75,Walking,True,3.9,0,0
1789904328841,37,58674,1,592,-1.040639,1,-0.75,Walking,True,3.9,0,0
1789904328841,37,58674,1,592,-1.040639,1,-0.75,Walking,True,3.9,0,0
1789904328841,37,58674,1,592,-1.040639,1,-0.75,Walking,True,3.9,0,0
1789904328841,37,58674,1,592,-1.040639,1,-0.75,Walking,True,3.9,0,0
1789904328841,37,58674,1,592,-1.040639,1,-0.75,Walking,True,3.9,0,0
1789904328841,37,58674,1,592,-1.040639,1,-0.75,Walking,True,3.9,0,0
1789904328841,37,58674,1,592,-1.040639,1,-0.75,Walking,True,3.9,0,0
1789904328841,37,58674,1,592,-1.040639,1,-0.75,Walking,True,3.9,0,0
1789904328856,38,60086,1,608,-0.978239,1,-0.75,Walking,True,3.9,0,0
1789904328856,38,60086,1,608,-0.978239,1,-0.75,Walking,True,3.9,0,0
1789904328856,38,60086,1,608,-0.978239,1,-0.75,Walking,True,3.9,0,0
1789904328856,38,60086,1,608,-0.978239,1,-0.75,Walking,True,3.9,0,0
1789904328856,38,60086,1,608,-0.978239,1,-0.75,Walking,True,3.9,0,0
1789904328856,38,60086,1,608,-0.978239,1,-0.75,Walking,True,3.9,0,0
1789904328856,38,60086,1,608,-0.978239,1,-0.75,Walking,True,3.9,0,0
1789904328856,38,60086,1,608,-0.978239,1,-0.75,Walking,True,3.9,0,0
1789904328872,39,61467,1,624,-0.915839,1,-0.75,Walking,True,3.9,0,0
1789904328872,39,61467,1,624,-0.915839,1,-0.75,Walking,True,3.9,0,0
1789904328872,39,61467,1,624,-0.915839,1,-0.75,Walking,True,3.9,0,0
1789904328872,39,61467,1,624,-0.915839,1,-0.75,Walking,True,3.9,0,0
1789904328872,39,61467,1,624,-0.915839,1,-0.75,Walking,True,3.9,0,0
1789904328872,39,61467,1,624,-0.915839,1,-0.75,Walking,True,3.9,0,0
1789904328872,39,61467,1,624,-0.915839,1,-0.75,Walking,True,3.9,0,0
1789904328872,39,61467,1,624,-0.915839,1,-0.75,Walking,True,3.9,0,0
1789904328887,40,62968,1,640,-0.901,1,-0.75,Walking,True,3.9,0,0
1789904328887,40,62968,1,640,-0.901,1,-0.75,Walking,True,3.9,0,0
1789904328887,40,62968,1,640,-0.901,1,-0.75,Walking,True,3.9,0,0
1789904328887,40,62968,1,640,-0.901,1,-0.75,Walking,True,3.9,0,0
1789904328887,40,62968,1,640,-0.901,1,-0.75,Walking,True,3.9,0,0
1789904328887,40,62968,1,640,-0.901,1,-0.75,Walking,True,3.9,0,0
1789904328887,40,62968,1,640,-0.901,1,-0.75,Walking,True,3.9,0,0
1789904328887,40,62968,1,640,-0.901,1,-0.75,Walking,True,3.9,0,0
1789904328903,41,64343,1,656,-0.901,1,-0.75,Walking,True,3.9,0,0
1789904328903,41,64343,1,656,-0.901,1,-0.75,Walking,True,3.9,0,0
1789904328903,41,64343,1,656,-0.901,1,-0.75,Walking,True,3.9,0,0
1789904328903,41,64343,1,656,-0.901,1,-0.75,Walking,True,3.9,0,0
1789904328903,41,64343,1,656,-0.901,1,-0.75,Walking,True,3.9,0,0
1789904328903,41,64343,1,656,-0.901,1,-0.75,Walking,True,3.9,0,0
1789904328903,41,64343,1,656,-0.901,1,-0.75,Walking,True,3.9,0,0
1789904328903,41,64343,1,656,-0.901,1,-0.75,Walking,True,3.9,0,0
1789904328918,42,65799,1,672,-0.901,1,-0.75,Walking,True,3.9,0,0
1789904328918,42,65799,1,672,-0.901,1,-0.75,Walking,True,3.9,0,0
1789904328918,42,65799,1,672,-0.901,1,-0.75,Walking,True,3.9,0,0
1789904328918,42,65799,1,672,-0.901,1,-0.75,Walking,True,3.9,0,0
1789904328918,42,65799,1,672,-0.901,1,-0.75,Walking,True,3.9,0,0
1789904328918,42,65799,1,672,-0.901,1,-0.75,Walking,True,3.9,0,0
1789904328918,42,65799,1,672,-0.901,1,-0.75,Walking,True,3.9,0,0
1789904328918,42,65799,1,672,-0.901,1,-0.75,Walking,True,3.9,0,0
1789904328934,43,67303,1,688,-0.901,1,-0.75,Walking,True,3.9,0,0
1789904328934,43,67303,1,688,-0.901,1,-0.75,Walking,True,3.9,0,0
1789904328934,43,67303,1,688,-0.901,1,-0.75,Walking,True,3.9,0,0
1789904328934,43,67303,1,688,-0.901,1,-0.75,Walking,True,3.9,0,0
1789904328934,43,67303,1,688,-0.901,1,-0.75,Walking,True,3.9,0,0
1789904328934,43,67303,1,688,-0.901,1,-0.75,Walking,True,3.9,0,0
1789904328934,43,67303,1,688,-0.901,1,-0.75,Walking,True,3.9,0,0
1789904328934,43,67303,1,688,-0.901,1,-0.75,Walking,True,3.9,0,0
1789904328950,44,68792,1,704,-0.901,1,-0.75,Walking,True,3.9,0,0
1789904328950,44,68792,1,704,-0.901,1,-0.75,Walking,True,3.9,0,0
1789904328950,44,68792,1,704,-0.901,1,-0.75,Walking,True,3.9,0,0
1789904328950,44,68792,1,704,-0.901,1,-0.75,Walking,True,3.9,0,0
1789904328950,44,68792,1,704,-0.901,1,-0.75,Walking,True,3.9,0,0
1789904328950,44,68792,1,704,-0.901,1,-0.75,Walking,True,3.9,0,0
1789904328950,44,68792,1,704,-0.901,1,-0.75,Walking,True,3.9,0,0
1789904328950,44,68792,1,704,-0.901,1,-0.75,Walking,True,3.9,0,0
1789904328965,45,70231,1,720,-0.901,1,-0.75,Walking,True,3.9,0,0
1789904328965,45,70231,1,720,-0.901,1,-0.75,Walking,True,3.9,0,0
1789904328965,45,70231,1,720,-0.901,1,-0.75,Walking,True,3.9,0,0
1789904328965,45,70231,1,720,-0.901,1,-0.75,Walking,True,3.9,0,0
1789904328965,45,70231,1,720,-0.901,1,-0.75,Walking,True,3.9,0,0
1789904328965,45,70231,1,720,-0.901,1,-0.75,Walking,True,3.9,0,0
1789904328965,45,70231,1,720,-0.901,1,-0.75,Walking,True,3.9,0,0
1789904328965,45,70231,1,720,-0.901,1,-0.75,Walking,True,3.9,0,0
1789904328981,46,71609,1,736,-0.901,1,-0.75,Walking,True,3.9,0,0
1789904328981,46,71609,1,736,-0.901,1,-0.75,Walking,True,3.9,0,0
1789904328981,46,71609,1,736,-0.901,1,-0.75,Walking,True,3.9,0,0
1789904328981,46,71609,1,736,-0.901,1,-0.75,Walking,True,3.9,0,0
1789904328981,46,71609,1,736,-0.901,1,-0.75,Walking,True,3.9,0,0
1789904328981,46,71609,1,736,-0.901,1,-0.75,Walking,True,3.9,0,0
1789904328981,46,71609,1,736,-0.901,1,-0.75,Walking,True,3.9,0,0
1789904328981,46,71609,1,736,-0.901,1,-0.75,Walking,True,3.9,0,0
1789904328996,47,73069,1,752,-0.901,1,-0.75,Walking,True,3.9,0,0
1789904328996,47,73069,1,752,-0.901,1,-0.75,Walking,True,3.9,0,0
1789904328996,47,73069,1,752,-0.901,1,-0.75,Walking,True,3.9,0,0
1789904328996,47,73069,1,752,-0.901,1,-0.75,Walking,True,3.9,0,0
1789904328996,47,73069,1,752,-0.901,1,-0.75,Walking,True,3.9,0,0
1789904328996,47,73069,1,752,-0.901,1,-0.75,Walking,True,3.9,0,0
1789904328996,47,73069,1,752,-0.901,1,-0.75,Walking,True,3.9,0,0
1789904328996,47,73069,1,752,-0.901,1,-0.75,Walking,True,3.9,0,0
1789904329012,48,74514,1,768,-0.901,1,-0.75,Walking,True,3.9,0,0
1789904329012,48,74514,1,768,-0.901,1,-0.75,Walking,True,3.9,0,0
1789904329012,48,74514,1,768,-0.901,1,-0.75,Walking,True,3.9,0,0
1789904329012,48,74514,1,768,-0.901,1,-0.75,Walking,True,3.9,0,0
1789904329012,48,74514,1,768,-0.901,1,-0.75,Walking,True,3.9,0,0
1789904329012,48,74514,1,768,-0.901,1,-0.75,Walking,True,3.9,0,0
1789904329012,48,74514,1,768,-0.901,1,-0.75,Walking,True,3.9,0,0
1789904329012,48,74514,1,768,-0.901,1,-0.75,Walking,True,3.9,0,0
1789904329028,49,75941,1,784,-0.901,1,-0.75,Walking,True,3.9,0,0
1789904329028,49,75941,1,784,-0.901,1,-0.75,Walking,True,3.9,0,0
1789904329028,49,75941,1,784,-0.901,1,-0.75,Walking,True,3.9,0,0
1789904329028,49,75941,1,784,-0.901,1,-0.75,Walking,True,3.9,0,0
1789904329028,49,75941,1,784,-0.901,1,-0.75,Walking,True,3.9,0,0
1789904329028,49,75941,1,784,-0.901,1,-0.75,Walking,True,3.9,0,0
1789904329028,49,75941,1,784,-0.901,1,-0.75,Walking,True,3.9,0,0
1789904329028,49,75941,1,784,-0.901,1,-0.75,Walking,True,3.9,0,0
1789904329044,50,76966,1,800,-0.901,1,-0.75,Walking,True,3.9,0,0
1789904329044,50,76966,1,800,-0.901,1,-0.75,Walking,True,3.9,0,0
1789904329044,50,76966,1,800,-0.901,1,-0.75,Walking,True,3.9,0,0
1789904329044,50,76966,1,800,-0.901,1,-0.75,Walking,True,3.9,0,0
1789904329044,50,76966,1,800,-0.901,1,-0.75,Walking,True,3.9,0,0
1789904329044,50,76966,1,800,-0.901,1,-0.75,Walking,True,3.9,0,0
1789904329044,50,76966,1,800,-0.901,1,-0.75,Walking,True,3.9,0,0
1789904329044,50,76966,1,800,-0.901,1,-0.75,Walking,True,3.9,0,0
1789904329059,51,78011,1,816,-0.901,1,-0.75,Walking,True,3.9,0,0
1789904329059,51,78011,1,816,-0.901,1,-0.75,Walking,True,3.9,0,0
1789904329059,51,78011,1,816,-0.901,1,-0.75,Walking,True,3.9,0,0
1789904329060,51,78011,1,816,-0.901,1,-0.75,Walking,True,3.9,0,0
1789904329060,51,78011,1,816,-0.901,1,-0.75,Walking,True,3.9,0,0
1789904329060,51,78011,1,816,-0.901,1,-0.75,Walking,True,3.9,0,0
1789904329060,51,78011,1,816,-0.901,1,-0.75,Walking,True,3.9,0,0
1789904329060,51,78011,1,816,-0.901,1,-0.75,Walking,True,3.9,0,0
1789904329076,52,79099,1,832,-0.901,1,-0.75,Walking,True,3.9,0,0
1789904329076,52,79099,1,832,-0.901,1,-0.75,Walking,True,3.9,0,0
1789904329076,52,79099,1,832,-0.901,1,-0.75,Walking,True,3.9,0,0
1789904329076,52,79099,1,832,-0.901,1,-0.75,Walking,True,3.9,0,0
1789904329076,52,79099,1,832,-0.901,1,-0.75,Walking,True,3.9,0,0
1789904329076,52,79099,1,832,-0.901,1,-0.75,Walking,True,3.9,0,0
1789904329076,52,79099,1,832,-0.901,1,-0.75,Walking,True,3.9,0,0
1789904329076,52,79099,1,832,-0.901,1,-0.75,Walking,True,3.9,0,0
1789904329091,53,80221,1,848,-0.901,1,-0.75,Walking,True,3.9,0,0
1789904329091,53,80221,1,848,-0.901,1,-0.75,Walking,True,3.9,0,0
1789904329091,53,80221,1,848,-0.901,1,-0.75,Walking,True,3.9,0,0
1789904329091,53,80221,1,848,-0.901,1,-0.75,Walking,True,3.9,0,0
1789904329091,53,80221,1,848,-0.901,1,-0.75,Walking,True,3.9,0,0
1789904329091,53,80221,1,848,-0.901,1,-0.75,Walking,True,3.9,0,0
1789904329091,53,80221,1,848,-0.901,1,-0.75,Walking,True,3.9,0,0
1789904329091,53,80221,1,848,-0.901,1,-0.75,Walking,True,3.9,0,0
1789904329106,54,81245,1,864,-0.901,1,-0.75,Walking,True,3.9,0,0
1789904329106,54,81245,1,864,-0.901,1,-0.75,Walking,True,3.9,0,0
1789904329106,54,81245,1,864,-0.901,1,-0.75,Walking,True,3.9,0,0
1789904329106,54,81245,1,864,-0.901,1,-0.75,Walking,True,3.9,0,0
1789904329106,54,81245,1,864,-0.901,1,-0.75,Walking,True,3.9,0,0
1789904329106,54,81245,1,864,-0.901,1,-0.75,Walking,True,3.9,0,0
1789904329106,54,81245,1,864,-0.901,1,-0.75,Walking,True,3.9,0,0
1789904329106,54,81245,1,864,-0.901,1,-0.75,Walking,True,3.9,0,0
1789904329121,55,82322,1,880,-0.901,1,-0.75,Walking,True,3.9,0,0
1789904329121,55,82322,1,880,-0.901,1,-0.75,Walking,True,3.9,0,0
1789904329121,55,82322,1,880,-0.901,1,-0.75,Walking,True,3.9,0,0
1789904329121,55,82322,1,880,-0.901,1,-0.75,Walking,True,3.9,0,0
1789904329121,55,82322,1,880,-0.901,1,-0.75,Walking,True,3.9,0,0
1789904329121,55,82322,1,880,-0.901,1,-0.75,Walking,True,3.9,0,0
1789904329121,55,82322,1,880,-0.901,1,-0.75,Walking,True,3.9,0,0
1789904329121,55,82322,1,880,-0.901,1,-0.75,Walking,True,3.9,0,0
1789904329137,56,83307,1,896,-0.901,1,-0.75,Walking,True,3.9,0,0
1789904329137,56,83307,1,896,-0.901,1,-0.75,Walking,True,3.9,0,0
1789904329137,56,83307,1,896,-0.901,1,-0.75,Walking,True,3.9,0,0
1789904329137,56,83307,1,896,-0.901,1,-0.75,Walking,True,3.9,0,0
1789904329137,56,83307,1,896,-0.901,1,-0.75,Walking,True,3.9,0,0
1789904329137,56,83307,1,896,-0.901,1,-0.75,Walking,True,3.9,0,0
1789904329137,56,83307,1,896,-0.901,1,-0.75,Walking,True,3.9,0,0
1789904329137,56,83307,1,896,-0.901,1,-0.75,Walking,True,3.9,0,0
1789904329153,57,84313,1,912,-0.901,1,-0.75,Walking,True,3.9,0,0
1789904329153,57,84313,1,912,-0.901,1,-0.75,Walking,True,3.9,0,0
1789904329153,57,84313,1,912,-0.901,1,-0.75,Walking,True,3.9,0,0
1789904329153,57,84313,1,912,-0.901,1,-0.75,Walking,True,3.9,0,0
1789904329153,57,84313,1,912,-0.901,1,-0.75,Walking,True,3.9,0,0
1789904329153,57,84313,1,912,-0.901,1,-0.75,Walking,True,3.9,0,0
1789904329153,57,84313,1,912,-0.901,1,-0.75,Walking,True,3.9,0,0
1789904329153,57,84313,1,912,-0.901,1,-0.75,Walking,True,3.9,0,0
1789904329169,58,85376,1,928,-0.901,1,-0.75,Walking,True,3.9,0,0
1789904329169,58,85376,1,928,-0.901,1,-0.75,Walking,True,3.9,0,0
1789904329169,58,85376,1,928,-0.901,1,-0.75,Walking,True,3.9,0,0
1789904329169,58,85376,1,928,-0.901,1,-0.75,Walking,True,3.9,0,0
1789904329169,58,85376,1,928,-0.901,1,-0.75,Walking,True,3.9,0,0
1789904329169,58,85376,1,928,-0.901,1,-0.75,Walking,True,3.9,0,0
1789904329169,58,85376,1,928,-0.901,1,-0.75,Walking,True,3.9,0,0
1789904329169,58,85376,1,928,-0.901,1,-0.75,Walking,True,3.9,0,0
1789904329185,59,86476,1,944,-0.901,1,-0.75,Walking,True,3.9,0,0
1789904329185,59,86476,1,944,-0.901,1,-0.75,Walking,True,3.9,0,0
1789904329185,59,86476,1,944,-0.901,1,-0.75,Walking,True,3.9,0,0
1789904329185,59,86476,1,944,-0.901,1,-0.75,Walking,True,3.9,0,0
1789904329185,59,86476,1,944,-0.901,1,-0.75,Walking,True,3.9,0,0
1789904329185,59,86476,1,944,-0.901,1,-0.75,Walking,True,3.9,0,0
1789904329185,59,86476,1,944,-0.901,1,-0.75,Walking,True,3.9,0,0
1789904329185,59,86476,1,944,-0.901,1,-0.75,Walking,True,3.9,0,0
1789904329199,60,87561,1,960,-0.901,1,-0.75,Walking,True,3.9,0,0
1789904329199,60,87561,1,960,-0.901,1,-0.75,Walking,True,3.9,0,0
1789904329199,60,87561,1,960,-0.901,1,-0.75,Walking,True,3.9,0,0
1789904329199,60,87561,1,960,-0.901,1,-0.75,Walking,True,3.9,0,0
1789904329199,60,87561,1,960,-0.901,1,-0.75,Walking,True,3.9,0,0
1789904329199,60,87561,1,960,-0.901,1,-0.75,Walking,True,3.9,0,0
1789904329199,60,87561,1,960,-0.901,1,-0.75,Walking,True,3.9,0,0
1789904329199,60,87561,1,960,-0.901,1,-0.75,Walking,True,3.9,0,0
1789904329216,61,88705,1,976,-0.901,1,-0.75,Walking,True,3.9,0,0
1789904329216,61,88705,1,976,-0.901,1,-0.75,Walking,True,3.9,0,0
1789904329216,61,88705,1,976,-0.901,1,-0.75,Walking,True,3.9,0,0
1789904329216,61,88705,1,976,-0.901,1,-0.75,Walking,True,3.9,0,0
1789904329216,61,88705,1,976,-0.901,1,-0.75,Walking,True,3.9,0,0
1789904329216,61,88705,1,976,-0.901,1,-0.75,Walking,True,3.9,0,0
1789904329216,61,88705,1,976,-0.901,1,-0.75,Walking,True,3.9,0,0
1789904329216,61,88705,1,976,-0.901,1,-0.75,Walking,True,3.9,0,0
1789904329231,62,89773,1,992,-0.901,1,-0.75,Walking,True,3.9,0,0
1789904329231,62,89773,1,992,-0.901,1,-0.75,Walking,True,3.9,0,0
1789904329231,62,89773,1,992,-0.901,1,-0.75,Walking,True,3.9,0,0
1789904329231,62,89773,1,992,-0.901,1,-0.75,Walking,True,3.9,0,0
1789904329231,62,89773,1,992,-0.901,1,-0.75,Walking,True,3.9,0,0
1789904329231,62,89773,1,992,-0.901,1,-0.75,Walking,True,3.9,0,0
1789904329231,62,89773,1,992,-0.901,1,-0.75,Walking,True,3.9,0,0
1789904329231,62,89773,1,992,-0.901,1,-0.75,Walking,True,3.9,0,0
1789904329247,63,90926,1,1008,-0.901,1,-0.75,Walking,True,3.9,0,0
1789904329247,63,90926,1,1008,-0.901,1,-0.75,Walking,True,3.9,0,0
1789904329247,63,90926,1,1008,-0.901,1,-0.75,Walking,True,3.9,0,0
1789904329247,63,90926,1,1008,-0.901,1,-0.75,Walking,True,3.9,0,0
1789904329247,63,90926,1,1008,-0.901,1,-0.75,Walking,True,3.9,0,0
1789904329247,63,90926,1,1008,-0.901,1,-0.75,Walking,True,3.9,0,0
1789904329247,63,90926,1,1008,-0.901,1,-0.75,Walking,True,3.9,0,0
1789904329247,63,90926,1,1008,-0.901,1,-0.75,Walking,True,3.9,0,0
1789904329263,64,92040,1,1024,-0.901,1,-0.75,Walking,True,3.9,0,0
1789904329263,64,92040,1,1024,-0.901,1,-0.75,Walking,True,3.9,0,0
1789904329263,64,92040,1,1024,-0.901,1,-0.75,Walking,True,3.9,0,0
1789904329263,64,92040,1,1024,-0.901,1,-0.75,Walking,True,3.9,0,0
1789904329263,64,92040,1,1024,-0.901,1,-0.75,Walking,True,3.9,0,0
1789904329263,64,92040,1,1024,-0.901,1,-0.75,Walking,True,3.9,0,0
1789904329263,64,92040,1,1024,-0.901,1,-0.75,Walking,True,3.9,0,0
1789904329263,64,92040,1,1024,-0.901,1,-0.75,Walking,True,3.9,0,0
1789904329278,65,93250,1,1040,-0.901,1,-0.75,Walking,True,3.9,0,0
1789904329278,65,93250,1,1040,-0.901,1,-0.75,Walking,True,3.9,0,0
1789904329278,65,93250,1,1040,-0.901,1,-0.75,Walking,True,3.9,0,0
1789904329278,65,93250,1,1040,-0.901,1,-0.75,Walking,True,3.9,0,0
1789904329278,65,93250,1,1040,-0.901,1,-0.75,Walking,True,3.9,0,0
1789904329278,65,93250,1,1040,-0.901,1,-0.75,Walking,True,3.9,0,0
1789904329278,65,93250,1,1040,-0.901,1,-0.75,Walking,True,3.9,0,0
1789904329278,65,93250,1,1040,-0.901,1,-0.75,Walking,True,3.9,0,0
1789904329295,66,94255,1,1056,-0.901,1,-0.75,Walking,True,3.9,0,0
1789904329295,66,94255,1,1056,-0.901,1,-0.75,Walking,True,3.9,0,0
1789904329295,66,94255,1,1056,-0.901,1,-0.75,Walking,True,3.9,0,0
1789904329295,66,94255,1,1056,-0.901,1,-0.75,Walking,True,3.9,0,0
1789904329295,66,94255,1,1056,-0.901,1,-0.75,Walking,True,3.9,0,0
1789904329295,66,94255,1,1056,-0.901,1,-0.75,Walking,True,3.9,0,0
1789904329295,66,94255,1,1056,-0.901,1,-0.75,Walking,True,3.9,0,0
1789904329295,66,94255,1,1056,-0.901,1,-0.75,Walking,True,3.9,0,0
1789904329325,67,95366,1,1072,-0.901,1,-0.75,Walking,True,3.9,0,0
1789904329325,67,95366,1,1072,-0.901,1,-0.75,Walking,True,3.9,0,0
1789904329325,67,95366,1,1072,-0.901,1,-0.75,Walking,True,3.9,0,0
1789904329325,67,95366,1,1072,-0.901,1,-0.75,Walking,True,3.9,0,0
1789904329325,67,95366,1,1072,-0.901,1,-0.75,Walking,True,3.9,0,0
1789904329325,67,95366,1,1072,-0.901,1,-0.75,Walking,True,3.9,0,0
1789904329325,67,95366,1,1072,-0.901,1,-0.75,Walking,True,3.9,0,0
1789904329325,67,95366,1,1072,-0.901,1,-0.75,Walking,True,3.9,0,0
1789904329341,68,98023,1,1088,-0.901,1,-0.75,Walking,True,3.9,0,0
1789904329341,68,98023,1,1088,-0.901,1,-0.75,Walking,True,3.9,0,0
1789904329341,68,98023,1,1088,-0.901,1,-0.75,Walking,True,3.9,0,0
1789904329341,68,98023,1,1088,-0.901,1,-0.75,Walking,True,3.9,0,0
1789904329341,68,98023,1,1088,-0.901,1,-0.75,Walking,True,3.9,0,0
1789904329341,68,98023,1,1088,-0.901,1,-0.75,Walking,True,3.9,0,0
1789904329341,68,98023,1,1088,-0.901,1,-0.75,Walking,True,3.9,0,0
1789904329341,68,98023,1,1088,-0.901,1,-0.75,Walking,True,3.9,0,0
1789904329356,69,99507,1,1104,-0.901,1,-0.75,Walking,True,3.9,0,0
1789904329356,69,99507,1,1104,-0.901,1,-0.75,Walking,True,3.9,0,0
1789904329356,69,99507,1,1104,-0.901,1,-0.75,Walking,True,3.9,0,0
1789904329356,69,99507,1,1104,-0.901,1,-0.75,Walking,True,3.9,0,0
1789904329356,69,99507,1,1104,-0.901,1,-0.75,Walking,True,3.9,0,0
1789904329356,69,99507,1,1104,-0.901,1,-0.75,Walking,True,3.9,0,0
1789904329356,69,99507,1,1104,-0.901,1,-0.75,Walking,True,3.9,0,0
1789904329356,69,99507,1,1104,-0.901,1,-0.75,Walking,True,3.9,0,0
1789904329372,70,100804,1,1120,-0.901,1,-0.75,Walking,True,3.9,0,0
1789904329372,70,100804,1,1120,-0.901,1,-0.75,Walking,True,3.9,0,0
1789904329372,70,100804,1,1120,-0.901,1,-0.75,Walking,True,3.9,0,0
1789904329372,70,100804,1,1120,-0.901,1,-0.75,Walking,True,3.9,0,0
1789904329372,70,100804,1,1120,-0.901,1,-0.75,Walking,True,3.9,0,0
1789904329372,70,100804,1,1120,-0.901,1,-0.75,Walking,True,3.9,0,0
1789904329372,70,100804,1,1120,-0.901,1,-0.75,Walking,True,3.9,0,0
1789904329372,70,100804,1,1120,-0.901,1,-0.75,Walking,True,3.9,0,0
1789904329387,71,101964,1,1136,-0.901,1,-0.75,Walking,True,3.9,0,0
1789904329387,71,101964,1,1136,-0.901,1,-0.75,Walking,True,3.9,0,0
1789904329387,71,101964,1,1136,-0.901,1,-0.75,Walking,True,3.9,0,0
1789904329387,71,101964,1,1136,-0.901,1,-0.75,Walking,True,3.9,0,0
1789904329387,71,101964,1,1136,-0.901,1,-0.75,Walking,True,3.9,0,0
1789904329387,71,101964,1,1136,-0.901,1,-0.75,Walking,True,3.9,0,0
1789904329387,71,101964,1,1136,-0.901,1,-0.75,Walking,True,3.9,0,0
1789904329387,71,101964,1,1136,-0.901,1,-0.75,Walking,True,3.9,0,0
1789904329403,72,103076,1,1152,-0.901,1,-0.75,Walking,True,3.9,0,0
1789904329403,72,103076,1,1152,-0.901,1,-0.75,Walking,True,3.9,0,0
1789904329403,72,103076,1,1152,-0.901,1,-0.75,Walking,True,3.9,0,0
1789904329403,72,103076,1,1152,-0.901,1,-0.75,Walking,True,3.9,0,0
1789904329403,72,103076,1,1152,-0.901,1,-0.75,Walking,True,3.9,0,0
1789904329403,72,103076,1,1152,-0.901,1,-0.75,Walking,True,3.9,0,0
1789904329403,72,103076,1,1152,-0.901,1,-0.75,Walking,True,3.9,0,0
1789904329403,72,103076,1,1152,-0.901,1,-0.75,Walking,True,3.9,0,0
1789904329419,73,104041,1,1168,-0.901,1,-0.75,Walking,True,3.9,0,0
1789904329419,73,104041,1,1168,-0.901,1,-0.75,Walking,True,3.9,0,0
1789904329419,73,104041,1,1168,-0.901,1,-0.75,Walking,True,3.9,0,0
1789904329419,73,104041,1,1168,-0.901,1,-0.75,Walking,True,3.9,0,0
1789904329419,73,104041,1,1168,-0.901,1,-0.75,Walking,True,3.9,0,0
1789904329419,73,104041,1,1168,-0.901,1,-0.75,Walking,True,3.9,0,0
1789904329419,73,104041,1,1168,-0.901,1,-0.75,Walking,True,3.9,0,0
1789904329419,73,104041,1,1168,-0.901,1,-0.75,Walking,True,3.9,0,0
1789904329434,74,105205,1,1184,-0.901,1,-0.75,Walking,True,3.9,0,0
1789904329434,74,105205,1,1184,-0.901,1,-0.75,Walking,True,3.9,0,0
1789904329434,74,105205,1,1184,-0.901,1,-0.75,Walking,True,3.9,0,0
1789904329434,74,105205,1,1184,-0.901,1,-0.75,Walking,True,3.9,0,0
1789904329434,74,105205,1,1184,-0.901,1,-0.75,Walking,True,3.9,0,0
1789904329434,74,105205,1,1184,-0.901,1,-0.75,Walking,True,3.9,0,0
1789904329434,74,105205,1,1184,-0.901,1,-0.75,Walking,True,3.9,0,0
1789904329434,74,105205,1,1184,-0.901,1,-0.75,Walking,True,3.9,0,0
1789904329450,75,106285,1,1200,-0.901,1,-0.75,Walking,True,3.9,0,0
1789904329450,75,106285,1,1200,-0.901,1,-0.75,Walking,True,3.9,0,0
1789904329450,75,106285,1,1200,-0.901,1,-0.75,Walking,True,3.9,0,0
1789904329450,75,106285,1,1200,-0.901,1,-0.75,Walking,True,3.9,0,0
1789904329450,75,106285,1,1200,-0.901,1,-0.75,Walking,True,3.9,0,0
1789904329450,75,106285,1,1200,-0.901,1,-0.75,Walking,True,3.9,0,0
1789904329450,75,106285,1,1200,-0.901,1,-0.75,Walking,True,3.9,0,0
1789904329450,75,106285,1,1200,-0.901,1,-0.75,Walking,True,3.9,0,0
1789904329464,76,107350,1,1216,-0.901,1,-0.75,Walking,True,3.9,0,0
1789904329464,76,107350,1,1216,-0.901,1,-0.75,Walking,True,3.9,0,0
1789904329464,76,107350,1,1216,-0.901,1,-0.75,Walking,True,3.9,0,0
1789904329464,76,107350,1,1216,-0.901,1,-0.75,Walking,True,3.9,0,0
1789904329464,76,107350,1,1216,-0.901,1,-0.75,Walking,True,3.9,0,0
1789904329464,76,107350,1,1216,-0.901,1,-0.75,Walking,True,3.9,0,0
1789904329464,76,107350,1,1216,-0.901,1,-0.75,Walking,True,3.9,0,0
1789904329464,76,107350,1,1216,-0.901,1,-0.75,Walking,True,3.9,0,0
1789904329481,77,108317,1,1232,-0.901,1,-0.75,Walking,True,3.9,0,0
1789904329481,77,108317,1,1232,-0.901,1,-0.75,Walking,True,3.9,0,0
1789904329481,77,108317,1,1232,-0.901,1,-0.75,Walking,True,3.9,0,0
1789904329481,77,108317,1,1232,-0.901,1,-0.75,Walking,True,3.9,0,0
1789904329481,77,108317,1,1232,-0.901,1,-0.75,Walking,True,3.9,0,0
1789904329481,77,108317,1,1232,-0.901,1,-0.75,Walking,True,3.9,0,0
1789904329481,77,108317,1,1232,-0.901,1,-0.75,Walking,True,3.9,0,0
1789904329481,77,108317,1,1232,-0.901,1,-0.75,Walking,True,3.9,0,0
1789904329496,78,109442,1,1248,-0.901,1,-0.75,Walking,True,3.9,0,0
1789904329496,78,109442,1,1248,-0.901,1,-0.75,Walking,True,3.9,0,0
1789904329496,78,109442,1,1248,-0.901,1,-0.75,Walking,True,3.9,0,0
1789904329496,78,109442,1,1248,-0.901,1,-0.75,Walking,True,3.9,0,0
1789904329496,78,109442,1,1248,-0.901,1,-0.75,Walking,True,3.9,0,0
1789904329496,78,109442,1,1248,-0.901,1,-0.75,Walking,True,3.9,0,0
1789904329496,78,109442,1,1248,-0.901,1,-0.75,Walking,True,3.9,0,0
1789904329496,78,109442,1,1248,-0.901,1,-0.75,Walking,True,3.9,0,0
1789904329511,79,110374,1,1264,-0.901,1,-0.75,Walking,True,3.9,0,0
1789904329511,79,110374,1,1264,-0.901,1,-0.75,Walking,True,3.9,0,0
1789904329511,79,110374,1,1264,-0.901,1,-0.75,Walking,True,3.9,0,0
1789904329511,79,110374,1,1264,-0.901,1,-0.75,Walking,True,3.9,0,0
1789904329511,79,110374,1,1264,-0.901,1,-0.75,Walking,True,3.9,0,0
1789904329511,79,110374,1,1264,-0.901,1,-0.75,Walking,True,3.9,0,0
1789904329511,79,110374,1,1264,-0.901,1,-0.75,Walking,True,3.9,0,0
1789904329511,79,110374,1,1264,-0.901,1,-0.75,Walking,True,3.9,0,0
1789904329527,80,111409,1,1280,-0.901,1,-0.75,Walking,True,3.9,0,0
1789904329527,80,111409,1,1280,-0.901,1,-0.75,Walking,True,3.9,0,0
1789904329527,80,111409,1,1280,-0.901,1,-0.75,Walking,True,3.9,0,0
1789904329527,80,111409,1,1280,-0.901,1,-0.75,Walking,True,3.9,0,0
1789904329527,80,111409,1,1280,-0.901,1,-0.75,Walking,True,3.9,0,0
1789904329527,80,111409,1,1280,-0.901,1,-0.75,Walking,True,3.9,0,0
1789904329527,80,111409,1,1280,-0.901,1,-0.75,Walking,True,3.9,0,0
1789904329527,80,111409,1,1280,-0.901,1,-0.75,Walking,True,3.9,0,0
1789904329543,81,112558,1,1296,-0.901,1,-0.75,Walking,True,3.9,0,0
1789904329543,81,112558,1,1296,-0.901,1,-0.75,Walking,True,3.9,0,0
1789904329543,81,112558,1,1296,-0.901,1,-0.75,Walking,True,3.9,0,0
1789904329543,81,112558,1,1296,-0.901,1,-0.75,Walking,True,3.9,0,0
1789904329543,81,112558,1,1296,-0.901,1,-0.75,Walking,True,3.9,0,0
1789904329543,81,112558,1,1296,-0.901,1,-0.75,Walking,True,3.9,0,0
1789904329543,81,112558,1,1296,-0.901,1,-0.75,Walking,True,3.9,0,0
1789904329543,81,112558,1,1296,-0.901,1,-0.75,Walking,True,3.9,0,0
1789904329559,82,113666,1,1312,-0.901,1,-0.75,Walking,True,3.9,0,0
1789904329559,82,113666,1,1312,-0.901,1,-0.75,Walking,True,3.9,0,0
1789904329559,82,113666,1,1312,-0.901,1,-0.75,Walking,True,3.9,0,0
1789904329559,82,113666,1,1312,-0.901,1,-0.75,Walking,True,3.9,0,0
1789904329559,82,113666,1,1312,-0.901,1,-0.75,Walking,True,3.9,0,0
1789904329559,82,113666,1,1312,-0.901,1,-0.75,Walking,True,3.9,0,0
1789904329559,82,113666,1,1312,-0.901,1,-0.75,Walking,True,3.9,0,0
1789904329559,82,113666,1,1312,-0.901,1,-0.75,Walking,True,3.9,0,0
1789904329574,83,114682,1,1328,-0.901,1,-0.75,Walking,True,3.9,0,0
1789904329574,83,114682,1,1328,-0.901,1,-0.75,Walking,True,3.9,0,0
1789904329574,83,114682,1,1328,-0.901,1,-0.75,Walking,True,3.9,0,0
1789904329574,83,114682,1,1328,-0.901,1,-0.75,Walking,True,3.9,0,0
1789904329574,83,114682,1,1328,-0.901,1,-0.75,Walking,True,3.9,0,0
1789904329574,83,114682,1,1328,-0.901,1,-0.75,Walking,True,3.9,0,0
1789904329574,83,114682,1,1328,-0.901,1,-0.75,Walking,True,3.9,0,0
1789904329574,83,114682,1,1328,-0.901,1,-0.75,Walking,True,3.9,0,0
1789904329590,84,115704,1,1344,-0.901,1,-0.75,Walking,True,3.9,0,0
1789904329590,84,115704,1,1344,-0.901,1,-0.75,Walking,True,3.9,0,0
1789904329590,84,115704,1,1344,-0.901,1,-0.75,Walking,True,3.9,0,0
1789904329590,84,115704,1,1344,-0.901,1,-0.75,Walking,True,3.9,0,0
1789904329590,84,115704,1,1344,-0.901,1,-0.75,Walking,True,3.9,0,0
1789904329590,84,115704,1,1344,-0.901,1,-0.75,Walking,True,3.9,0,0
1789904329590,84,115704,1,1344,-0.901,1,-0.75,Walking,True,3.9,0,0
1789904329590,84,115704,1,1344,-0.901,1,-0.75,Walking,True,3.9,0,0
1789904329605,85,116966,1,1360,-0.901,1,-0.75,Walking,True,3.9,0,0
1789904329605,85,116966,1,1360,-0.901,1,-0.75,Walking,True,3.9,0,0
1789904329605,85,116966,1,1360,-0.901,1,-0.75,Walking,True,3.9,0,0
1789904329605,85,116966,1,1360,-0.901,1,-0.75,Walking,True,3.9,0,0
1789904329605,85,116966,1,1360,-0.901,1,-0.75,Walking,True,3.9,0,0
1789904329605,85,116966,1,1360,-0.901,1,-0.75,Walking,True,3.9,0,0
1789904329605,85,116966,1,1360,-0.901,1,-0.75,Walking,True,3.9,0,0
1789904329605,85,116966,1,1360,-0.901,1,-0.75,Walking,True,3.9,0,0
1789904329621,86,118167,1,1376,-0.901,1,-0.75,Walking,True,3.9,0,0
1789904329621,86,118167,1,1376,-0.901,1,-0.75,Walking,True,3.9,0,0
1789904329621,86,118167,1,1376,-0.901,1,-0.75,Walking,True,3.9,0,0
1789904329621,86,118167,1,1376,-0.901,1,-0.75,Walking,True,3.9,0,0
1789904329621,86,118167,1,1376,-0.901,1,-0.75,Walking,True,3.9,0,0
1789904329621,86,118167,1,1376,-0.901,1,-0.75,Walking,True,3.9,0,0
1789904329621,86,118167,1,1376,-0.901,1,-0.75,Walking,True,3.9,0,0
1789904329621,86,118167,1,1376,-0.901,1,-0.75,Walking,True,3.9,0,0
1789904329637,87,119180,1,1392,-0.901,1,-0.75,Walking,True,3.9,0,0
1789904329637,87,119180,1,1392,-0.901,1,-0.75,Walking,True,3.9,0,0
1789904329637,87,119180,1,1392,-0.901,1,-0.75,Walking,True,3.9,0,0
1789904329637,87,119180,1,1392,-0.901,1,-0.75,Walking,True,3.9,0,0
1789904329637,87,119180,1,1392,-0.901,1,-0.75,Walking,True,3.9,0,0
1789904329637,87,119180,1,1392,-0.901,1,-0.75,Walking,True,3.9,0,0
1789904329637,87,119180,1,1392,-0.901,1,-0.75,Walking,True,3.9,0,0
1789904329637,87,119180,1,1392,-0.901,1,-0.75,Walking,True,3.9,0,0
1789904329652,88,120391,1,1408,-0.901,1,-0.75,Walking,True,3.9,0,0
1789904329652,88,120391,1,1408,-0.901,1,-0.75,Walking,True,3.9,0,0
1789904329652,88,120391,1,1408,-0.901,1,-0.75,Walking,True,3.9,0,0
1789904329652,88,120391,1,1408,-0.901,1,-0.75,Walking,True,3.9,0,0
1789904329652,88,120391,1,1408,-0.901,1,-0.75,Walking,True,3.9,0,0
1789904329652,88,120391,1,1408,-0.901,1,-0.75,Walking,True,3.9,0,0
1789904329652,88,120391,1,1408,-0.901,1,-0.75,Walking,True,3.9,0,0
1789904329652,88,120391,1,1408,-0.901,1,-0.75,Walking,True,3.9,0,0
1789904329668,89,121549,1,1424,-0.901,1,-0.75,Walking,True,3.9,0,0
1789904329668,89,121549,1,1424,-0.901,1,-0.75,Walking,True,3.9,0,0
1789904329668,89,121549,1,1424,-0.901,1,-0.75,Walking,True,3.9,0,0
1789904329668,89,121549,1,1424,-0.901,1,-0.75,Walking,True,3.9,0,0
1789904329668,89,121549,1,1424,-0.901,1,-0.75,Walking,True,3.9,0,0
1789904329668,89,121549,1,1424,-0.901,1,-0.75,Walking,True,3.9,0,0
1789904329668,89,121549,1,1424,-0.901,1,-0.75,Walking,True,3.9,0,0
1789904329668,89,121549,1,1424,-0.901,1,-0.75,Walking,True,3.9,0,0
1789904329684,90,122675,1,1440,-0.901,1,-0.75,Walking,True,3.9,0,0
1789904329684,90,122675,1,1440,-0.901,1,-0.75,Walking,True,3.9,0,0
1789904329684,90,122675,1,1440,-0.901,1,-0.75,Walking,True,3.9,0,0
1789904329684,90,122675,1,1440,-0.901,1,-0.75,Walking,True,3.9,0,0
1789904329684,90,122675,1,1440,-0.901,1,-0.75,Walking,True,3.9,0,0
1789904329684,90,122675,1,1440,-0.901,1,-0.75,Walking,True,3.9,0,0
1789904329684,90,122675,1,1440,-0.901,1,-0.75,Walking,True,3.9,0,0
1789904329684,90,122675,1,1440,-0.901,1,-0.75,Walking,True,3.9,0,0
1789904329698,91,123862,1,1456,-0.901,1,-0.75,Walking,True,3.9,0,0
1789904329698,91,123862,1,1456,-0.901,1,-0.75,Walking,True,3.9,0,0
1789904329698,91,123862,1,1456,-0.901,1,-0.75,Walking,True,3.9,0,0
1789904329698,91,123862,1,1456,-0.901,1,-0.75,Walking,True,3.9,0,0
1789904329698,91,123862,1,1456,-0.901,1,-0.75,Walking,True,3.9,0,0
1789904329698,91,123862,1,1456,-0.901,1,-0.75,Walking,True,3.9,0,0
1789904329698,91,123862,1,1456,-0.901,1,-0.75,Walking,True,3.9,0,0
1789904329698,91,123862,1,1456,-0.901,1,-0.75,Walking,True,3.9,0,0
1789904329714,92,125072,1,1472,-0.901,1,-0.75,Walking,True,3.9,0,0
1789904329714,92,125072,1,1472,-0.901,1,-0.75,Walking,True,3.9,0,0
1789904329714,92,125072,1,1472,-0.901,1,-0.75,Walking,True,3.9,0,0
1789904329714,92,125072,1,1472,-0.901,1,-0.75,Walking,True,3.9,0,0
1789904329714,92,125072,1,1472,-0.901,1,-0.75,Walking,True,3.9,0,0
1789904329714,92,125072,1,1472,-0.901,1,-0.75,Walking,True,3.9,0,0
1789904329714,92,125072,1,1472,-0.901,1,-0.75,Walking,True,3.9,0,0
1789904329714,92,125072,1,1472,-0.901,1,-0.75,Walking,True,3.9,0,0
1789904329730,93,126475,1,1488,-0.901,1,-0.75,Walking,True,3.9,0,0
1789904329730,93,126475,1,1488,-0.901,1,-0.75,Walking,True,3.9,0,0
1789904329730,93,126475,1,1488,-0.901,1,-0.75,Walking,True,3.9,0,0
1789904329730,93,126475,1,1488,-0.901,1,-0.75,Walking,True,3.9,0,0
1789904329730,93,126475,1,1488,-0.901,1,-0.75,Walking,True,3.9,0,0
1789904329730,93,126475,1,1488,-0.901,1,-0.75,Walking,True,3.9,0,0
1789904329730,93,126475,1,1488,-0.901,1,-0.75,Walking,True,3.9,0,0
1789904329730,93,126475,1,1488,-0.901,1,-0.75,Walking,True,3.9,0,0
1789904329745,94,127963,1,1504,-0.901,1,-0.75,Walking,True,3.9,0,0
1789904329746,94,127963,1,1504,-0.901,1,-0.75,Walking,True,3.9,0,0
1789904329746,94,127963,1,1504,-0.901,1,-0.75,Walking,True,3.9,0,0
1789904329746,94,127963,1,1504,-0.901,1,-0.75,Walking,True,3.9,0,0
1789904329746,94,127963,1,1504,-0.901,1,-0.75,Walking,True,3.9,0,0
1789904329746,94,127963,1,1504,-0.901,1,-0.75,Walking,True,3.9,0,0
1789904329746,94,127963,1,1504,-0.901,1,-0.75,Walking,True,3.9,0,0
1789904329746,94,127963,1,1504,-0.901,1,-0.75,Walking,True,3.9,0,0
1789904329760,95,129498,1,1520,-0.901,1,-0.75,Walking,True,3.9,0,0
1789904329760,95,129498,1,1520,-0.901,1,-0.75,Walking,True,3.9,0,0
1789904329761,95,129498,1,1520,-0.901,1,-0.75,Walking,True,3.9,0,0
1789904329761,95,129498,1,1520,-0.901,1,-0.75,Walking,True,3.9,0,0
1789904329761,95,129498,1,1520,-0.901,1,-0.75,Walking,True,3.9,0,0
1789904329761,95,129498,1,1520,-0.901,1,-0.75,Walking,True,3.9,0,0
1789904329761,95,129498,1,1520,-0.901,1,-0.75,Walking,True,3.9,0,0
1789904329761,95,129498,1,1520,-0.901,1,-0.75,Walking,True,3.9,0,0
1789904329775,96,130929,1,1536,-0.901,1,-0.75,Walking,True,3.9,0,0
1789904329775,96,130929,1,1536,-0.901,1,-0.75,Walking,True,3.9,0,0
1789904329775,96,130929,1,1536,-0.901,1,-0.75,Walking,True,3.9,0,0
1789904329775,96,130929,1,1536,-0.901,1,-0.75,Walking,True,3.9,0,0
1789904329775,96,130929,1,1536,-0.901,1,-0.75,Walking,True,3.9,0,0
1789904329775,96,130929,1,1536,-0.901,1,-0.75,Walking,True,3.9,0,0
1789904329775,96,130929,1,1536,-0.901,1,-0.75,Walking,True,3.9,0,0
1789904329775,96,130929,1,1536,-0.901,1,-0.75,Walking,True,3.9,0,0
1789904329791,97,132369,1,1552,-0.901,1,-0.75,Walking,True,3.9,0,0
1789904329791,97,132369,1,1552,-0.901,1,-0.75,Walking,True,3.9,0,0
1789904329791,97,132369,1,1552,-0.901,1,-0.75,Walking,True,3.9,0,0
1789904329791,97,132369,1,1552,-0.901,1,-0.75,Walking,True,3.9,0,0
1789904329791,97,132369,1,1552,-0.901,1,-0.75,Walking,True,3.9,0,0
1789904329791,97,132369,1,1552,-0.901,1,-0.75,Walking,True,3.9,0,0
1789904329791,97,132369,1,1552,-0.901,1,-0.75,Walking,True,3.9,0,0
1789904329791,97,132369,1,1552,-0.901,1,-0.75,Walking,True,3.9,0,0
1789904329806,98,133831,1,1568,-0.901,1,-0.75,Walking,True,3.9,0,0
1789904329806,98,133831,1,1568,-0.901,1,-0.75,Walking,True,3.9,0,0
1789904329806,98,133831,1,1568,-0.901,1,-0.75,Walking,True,3.9,0,0
1789904329806,98,133831,1,1568,-0.901,1,-0.75,Walking,True,3.9,0,0
1789904329806,98,133831,1,1568,-0.901,1,-0.75,Walking,True,3.9,0,0
1789904329806,98,133831,1,1568,-0.901,1,-0.75,Walking,True,3.9,0,0
1789904329806,98,133831,1,1568,-0.901,1,-0.75,Walking,True,3.9,0,0
1789904329806,98,133831,1,1568,-0.901,1,-0.75,Walking,True,3.9,0,0
1789904329837,99,135327,1,1584,-0.901,1,-0.75,Walking,True,3.9,0,0
1789904329837,99,135327,1,1584,-0.901,1,-0.75,Walking,True,3.9,0,0
1789904329838,99,135327,1,1584,-0.901,1,-0.75,Walking,True,3.9,0,0
1789904329838,99,135327,1,1584,-0.901,1,-0.75,Walking,True,3.9,0,0
1789904329838,99,135327,1,1584,-0.901,1,-0.75,Walking,True,3.9,0,0
1789904329838,99,135327,1,1584,-0.901,1,-0.75,Walking,True,3.9,0,0
1789904329838,99,135327,1,1584,-0.901,1,-0.75,Walking,True,3.9,0,0
1789904329838,99,135327,1,1584,-0.901,1,-0.75,Walking,True,3.9,0,0
1789904329869,100,138311,1,1600,-0.901,1,-0.75,Walking,True,3.9,0,0
1789904329869,101,138312,1,1616,-0.901,1,-0.75,Walking,True,3.9,0,0
1789904329869,101,138312,1,1616,-0.901,1,-0.75,Walking,True,3.9,0,0
1789904329869,101,138312,1,1616,-0.901,1,-0.75,Walking,True,3.9,0,0
1789904329869,101,138312,1,1616,-0.901,1,-0.75,Walking,True,3.9,0,0
1789904329869,101,138312,1,1616,-0.901,1,-0.75,Walking,True,3.9,0,0
1789904329869,101,138312,1,1616,-0.901,1,-0.75,Walking,True,3.9,0,0
1789904329869,101,138312,1,1616,-0.901,1,-0.75,Walking,True,3.9,0,0
1789904329885,102,141174,1,1632,-0.901,1,-0.75,Walking,True,3.9,0,0
1789904329885,102,141174,1,1632,-0.901,1,-0.75,Walking,True,3.9,0,0
1789904329885,102,141174,1,1632,-0.901,1,-0.75,Walking,True,3.9,0,0
1789904329885,102,141174,1,1632,-0.901,1,-0.75,Walking,True,3.9,0,0
1789904329885,102,141174,1,1632,-0.901,1,-0.75,Walking,True,3.9,0,0
1789904329885,102,141174,1,1632,-0.901,1,-0.75,Walking,True,3.9,0,0
1789904329885,102,141174,1,1632,-0.901,1,-0.75,Walking,True,3.9,0,0
1789904329885,102,141174,1,1632,-0.901,1,-0.75,Walking,True,3.9,0,0
1789904329901,103,142578,1,1648,-0.901,1,-0.75,Walking,True,3.9,0,0
1789904329901,103,142578,1,1648,-0.901,1,-0.75,Walking,True,3.9,0,0
1789904329901,103,142578,1,1648,-0.901,1,-0.75,Walking,True,3.9,0,0
1789904329901,103,142578,1,1648,-0.901,1,-0.75,Walking,True,3.9,0,0
1789904329901,103,142578,1,1648,-0.901,1,-0.75,Walking,True,3.9,0,0
1789904329901,103,142578,1,1648,-0.901,1,-0.75,Walking,True,3.9,0,0
1789904329901,103,142578,1,1648,-0.901,1,-0.75,Walking,True,3.9,0,0
1789904329901,103,142578,1,1648,-0.901,1,-0.75,Walking,True,3.9,0,0
1789904329917,104,143819,1,1664,-0.901,1,-0.75,Walking,True,3.9,0,0
1789904329917,104,143819,1,1664,-0.901,1,-0.75,Walking,True,3.9,0,0
1789904329917,104,143819,1,1664,-0.901,1,-0.75,Walking,True,3.9,0,0
1789904329917,104,143819,1,1664,-0.901,1,-0.75,Walking,True,3.9,0,0
1789904329917,104,143819,1,1664,-0.901,1,-0.75,Walking,True,3.9,0,0
1789904329917,104,143819,1,1664,-0.901,1,-0.75,Walking,True,3.9,0,0
1789904329917,104,143819,1,1664,-0.901,1,-0.75,Walking,True,3.9,0,0
1789904329917,104,143819,1,1664,-0.901,1,-0.75,Walking,True,3.9,0,0
1789904329932,105,144939,1,1680,-0.901,1,-0.75,Walking,True,3.9,0,0
1789904329932,105,144939,1,1680,-0.901,1,-0.75,Walking,True,3.9,0,0
1789904329932,105,144939,1,1680,-0.901,1,-0.75,Walking,True,3.9,0,0
1789904329932,105,144939,1,1680,-0.901,1,-0.75,Walking,True,3.9,0,0
1789904329932,105,144939,1,1680,-0.901,1,-0.75,Walking,True,3.9,0,0
1789904329932,105,144939,1,1680,-0.901,1,-0.75,Walking,True,3.9,0,0
1789904329932,105,144939,1,1680,-0.901,1,-0.75,Walking,True,3.9,0,0
1789904329932,105,144939,1,1680,-0.901,1,-0.75,Walking,True,3.9,0,0
1789904329949,106,146041,1,1696,-0.901,1,-0.75,Walking,True,3.9,0,0
1789904329949,106,146041,1,1696,-0.901,1,-0.75,Walking,True,3.9,0,0
1789904329949,106,146041,1,1696,-0.901,1,-0.75,Walking,True,3.9,0,0
1789904329949,106,146041,1,1696,-0.901,1,-0.75,Walking,True,3.9,0,0
1789904329949,106,146041,1,1696,-0.901,1,-0.75,Walking,True,3.9,0,0
1789904329949,106,146041,1,1696,-0.901,1,-0.75,Walking,True,3.9,0,0
1789904329949,106,146041,1,1696,-0.901,1,-0.75,Walking,True,3.9,0,0
1789904329949,106,146041,1,1696,-0.901,1,-0.75,Walking,True,3.9,0,0
1789904329964,107,147236,1,1712,-0.901,1,-0.75,Walking,True,3.9,0,0
1789904329964,107,147236,1,1712,-0.901,1,-0.75,Walking,True,3.9,0,0
1789904329964,107,147236,1,1712,-0.901,1,-0.75,Walking,True,3.9,0,0
1789904329964,107,147236,1,1712,-0.901,1,-0.75,Walking,True,3.9,0,0
1789904329964,107,147236,1,1712,-0.901,1,-0.75,Walking,True,3.9,0,0
1789904329964,107,147236,1,1712,-0.901,1,-0.75,Walking,True,3.9,0,0
1789904329964,107,147236,1,1712,-0.901,1,-0.75,Walking,True,3.9,0,0
1789904329964,107,147236,1,1712,-0.901,1,-0.75,Walking,True,3.9,0,0
1789904329979,108,148341,1,1728,-0.901,1,-0.75,Walking,True,3.9,0,0
1789904329979,108,148341,1,1728,-0.901,1,-0.75,Walking,True,3.9,0,0
1789904329979,108,148341,1,1728,-0.901,1,-0.75,Walking,True,3.9,0,0
1789904329979,108,148341,1,1728,-0.901,1,-0.75,Walking,True,3.9,0,0
1789904329979,108,148341,1,1728,-0.901,1,-0.75,Walking,True,3.9,0,0
1789904329979,108,148341,1,1728,-0.901,1,-0.75,Walking,True,3.9,0,0
1789904329979,108,148341,1,1728,-0.901,1,-0.75,Walking,True,3.9,0,0
1789904329979,108,148341,1,1728,-0.901,1,-0.75,Walking,True,3.9,0,0
1789904329995,109,149654,1,1744,-0.901,1,-0.75,Walking,True,3.9,0,0
1789904329995,109,149654,1,1744,-0.901,1,-0.75,Walking,True,3.9,0,0
1789904329995,109,149654,1,1744,-0.901,1,-0.75,Walking,True,3.9,0,0
1789904329995,109,149654,1,1744,-0.901,1,-0.75,Walking,True,3.9,0,0
1789904329995,109,149654,1,1744,-0.901,1,-0.75,Walking,True,3.9,0,0
1789904329995,109,149654,1,1744,-0.901,1,-0.75,Walking,True,3.9,0,0
1789904329995,109,149654,1,1744,-0.901,1,-0.75,Walking,True,3.9,0,0
1789904329995,109,149654,1,1744,-0.901,1,-0.75,Walking,True,3.9,0,0
1789904330011,110,150978,1,1760,-0.901,1,-0.75,Walking,True,3.9,0,0
1789904330011,110,150978,1,1760,-0.901,1,-0.75,Walking,True,3.9,0,0
1789904330011,110,150978,1,1760,-0.901,1,-0.75,Walking,True,3.9,0,0
1789904330011,110,150978,1,1760,-0.901,1,-0.75,Walking,True,3.9,0,0
1789904330011,110,150978,1,1760,-0.901,1,-0.75,Walking,True,3.9,0,0
1789904330011,110,150978,1,1760,-0.901,1,-0.75,Walking,True,3.9,0,0
1789904330011,110,150978,1,1760,-0.901,1,-0.75,Walking,True,3.9,0,0
1789904330011,110,150978,1,1760,-0.901,1,-0.75,Walking,True,3.9,0,0
1789904330027,111,152288,1,1776,-0.901,1,-0.75,Walking,True,3.9,0,0
1789904330027,111,152288,1,1776,-0.901,1,-0.75,Walking,True,3.9,0,0
1789904330027,111,152288,1,1776,-0.901,1,-0.75,Walking,True,3.9,0,0
1789904330027,111,152288,1,1776,-0.901,1,-0.75,Walking,True,3.9,0,0
1789904330027,111,152288,1,1776,-0.901,1,-0.75,Walking,True,3.9,0,0
1789904330027,111,152288,1,1776,-0.901,1,-0.75,Walking,True,3.9,0,0
1789904330027,111,152288,1,1776,-0.901,1,-0.75,Walking,True,3.9,0,0
1789904330027,111,152288,1,1776,-0.901,1,-0.75,Walking,True,3.9,0,0
1789904330043,112,153765,1,1792,-0.901,1,-0.75,Walking,True,3.9,0,0
1789904330043,112,153765,1,1792,-0.901,1,-0.75,Walking,True,3.9,0,0
1789904330043,112,153765,1,1792,-0.901,1,-0.75,Walking,True,3.9,0,0
1789904330043,112,153765,1,1792,-0.901,1,-0.75,Walking,True,3.9,0,0
1789904330043,112,153765,1,1792,-0.901,1,-0.75,Walking,True,3.9,0,0
1789904330043,112,153765,1,1792,-0.901,1,-0.75,Walking,True,3.9,0,0
1789904330043,112,153765,1,1792,-0.901,1,-0.75,Walking,True,3.9,0,0
1789904330043,112,153765,1,1792,-0.901,1,-0.75,Walking,True,3.9,0,0
1789904330058,113,155248,1,1808,-0.901,1,-0.75,Walking,True,3.9,0,0
1789904330058,113,155248,1,1808,-0.901,1,-0.75,Walking,True,3.9,0,0
1789904330058,113,155248,1,1808,-0.901,1,-0.75,Walking,True,3.9,0,0
1789904330058,113,155248,1,1808,-0.901,1,-0.75,Walking,True,3.9,0,0
1789904330058,113,155248,1,1808,-0.901,1,-0.75,Walking,True,3.9,0,0
1789904330058,113,155248,1,1808,-0.901,1,-0.75,Walking,True,3.9,0,0
1789904330058,113,155248,1,1808,-0.901,1,-0.75,Walking,True,3.9,0,0
1789904330058,113,155248,1,1808,-0.901,1,-0.75,Walking,True,3.9,0,0
1789904330073,114,156700,1,1824,-0.901,1,-0.75,Walking,True,3.9,0,0
1789904330073,114,156700,1,1824,-0.901,1,-0.75,Walking,True,3.9,0,0
1789904330073,114,156700,1,1824,-0.901,1,-0.75,Walking,True,3.9,0,0
1789904330073,114,156700,1,1824,-0.901,1,-0.75,Walking,True,3.9,0,0
1789904330073,114,156700,1,1824,-0.901,1,-0.75,Walking,True,3.9,0,0
1789904330073,114,156700,1,1824,-0.901,1,-0.75,Walking,True,3.9,0,0
1789904330073,114,156700,1,1824,-0.901,1,-0.75,Walking,True,3.9,0,0
1789904330073,114,156700,1,1824,-0.901,1,-0.75,Walking,True,3.9,0,0
1789904330089,115,158144,1,1840,-0.901,1,-0.75,Walking,True,3.9,0,0
1789904330089,115,158144,1,1840,-0.901,1,-0.75,Walking,True,3.9,0,0
1789904330089,115,158144,1,1840,-0.901,1,-0.75,Walking,True,3.9,0,0
1789904330089,115,158144,1,1840,-0.901,1,-0.75,Walking,True,3.9,0,0
1789904330089,115,158144,1,1840,-0.901,1,-0.75,Walking,True,3.9,0,0
1789904330089,115,158144,1,1840,-0.901,1,-0.75,Walking,True,3.9,0,0
1789904330089,115,158144,1,1840,-0.901,1,-0.75,Walking,True,3.9,0,0
1789904330089,115,158144,1,1840,-0.901,1,-0.75,Walking,True,3.9,0,0
1789904330105,116,159561,1,1856,-0.901,1,-0.75,Walking,True,3.9,0,0
1789904330105,116,159561,1,1856,-0.901,1,-0.75,Walking,True,3.9,0,0
1789904330105,116,159561,1,1856,-0.901,1,-0.75,Walking,True,3.9,0,0
1789904330105,116,159561,1,1856,-0.901,1,-0.75,Walking,True,3.9,0,0
1789904330105,116,159561,1,1856,-0.901,1,-0.75,Walking,True,3.9,0,0
1789904330105,116,159561,1,1856,-0.901,1,-0.75,Walking,True,3.9,0,0
1789904330105,116,159561,1,1856,-0.901,1,-0.75,Walking,True,3.9,0,0
1789904330105,116,159561,1,1856,-0.901,1,-0.75,Walking,True,3.9,0,0
1789904330120,117,160501,1,1872,-0.901,1,-0.75,Walking,True,3.9,0,0
1789904330120,117,160501,1,1872,-0.901,1,-0.75,Walking,True,3.9,0,0
1789904330120,117,160501,1,1872,-0.901,1,-0.75,Walking,True,3.9,0,0
1789904330120,117,160501,1,1872,-0.901,1,-0.75,Walking,True,3.9,0,0
1789904330120,117,160501,1,1872,-0.901,1,-0.75,Walking,True,3.9,0,0
1789904330120,117,160501,1,1872,-0.901,1,-0.75,Walking,True,3.9,0,0
1789904330120,117,160501,1,1872,-0.901,1,-0.75,Walking,True,3.9,0,0
1789904330120,117,160501,1,1872,-0.901,1,-0.75,Walking,True,3.9,0,0
1789904330136,118,161789,1,1888,-0.901,1,-0.75,Walking,True,3.9,0,0
1789904330136,118,161789,1,1888,-0.901,1,-0.75,Walking,True,3.9,0,0
1789904330136,118,161789,1,1888,-0.901,1,-0.75,Walking,True,3.9,0,0
1789904330136,118,161789,1,1888,-0.901,1,-0.75,Walking,True,3.9,0,0
1789904330136,118,161789,1,1888,-0.901,1,-0.75,Walking,True,3.9,0,0
1789904330136,118,161789,1,1888,-0.901,1,-0.75,Walking,True,3.9,0,0
1789904330136,118,161789,1,1888,-0.901,1,-0.75,Walking,True,3.9,0,0
1789904330136,118,161789,1,1888,-0.901,1,-0.75,Walking,True,3.9,0,0
1789904330151,119,163239,1,1904,-0.901,1,-0.75,Walking,True,3.9,0,0
1789904330151,119,163239,1,1904,-0.901,1,-0.75,Walking,True,3.9,0,0
1789904330151,119,163239,1,1904,-0.901,1,-0.75,Walking,True,3.9,0,0
1789904330151,119,163239,1,1904,-0.901,1,-0.75,Walking,True,3.9,0,0
1789904330151,119,163239,1,1904,-0.901,1,-0.75,Walking,True,3.9,0,0
1789904330151,119,163239,1,1904,-0.901,1,-0.75,Walking,True,3.9,0,0
1789904330151,119,163239,1,1904,-0.901,1,-0.75,Walking,True,3.9,0,0
1789904330151,119,163239,1,1904,-0.901,1,-0.75,Walking,True,3.9,0,0
1789904330166,120,164541,1,1920,-0.901,1,-0.75,Walking,True,3.9,0,0
1789904330166,120,164541,1,1920,-0.901,1,-0.75,Walking,True,3.9,0,0
1789904330166,120,164541,1,1920,-0.901,1,-0.75,Walking,True,3.9,0,0
1789904330166,120,164541,1,1920,-0.901,1,-0.75,Walking,True,3.9,0,0
1789904330166,120,164541,1,1920,-0.901,1,-0.75,Walking,True,3.9,0,0
1789904330166,120,164541,1,1920,-0.901,1,-0.75,Walking,True,3.9,0,0
1789904330166,120,164541,1,1920,-0.901,1,-0.75,Walking,True,3.9,0,0
1789904330166,120,164541,1,1920,-0.901,1,-0.75,Walking,True,3.9,0,0
1789904330181,121,165846,1,1936,-0.901,1,-0.75,Walking,True,3.9,0,0
1789904330181,121,165846,1,1936,-0.901,1,-0.75,Walking,True,3.9,0,0
1789904330181,121,165846,1,1936,-0.901,1,-0.75,Walking,True,3.9,0,0
1789904330181,121,165846,1,1936,-0.901,1,-0.75,Walking,True,3.9,0,0
1789904330181,121,165846,1,1936,-0.901,1,-0.75,Walking,True,3.9,0,0
1789904330181,121,165846,1,1936,-0.901,1,-0.75,Walking,True,3.9,0,0
1789904330181,121,165846,1,1936,-0.901,1,-0.75,Walking,True,3.9,0,0
1789904330181,121,165846,1,1936,-0.901,1,-0.75,Walking,True,3.9,0,0
1789904330197,122,167157,1,1952,-0.901,1,-0.75,Walking,True,3.9,0,0
1789904330197,122,167157,1,1952,-0.901,1,-0.75,Walking,True,3.9,0,0
1789904330197,122,167157,1,1952,-0.901,1,-0.75,Walking,True,3.9,0,0
1789904330197,122,167157,1,1952,-0.901,1,-0.75,Walking,True,3.9,0,0
1789904330197,122,167157,1,1952,-0.901,1,-0.75,Walking,True,3.9,0,0
1789904330197,122,167157,1,1952,-0.901,1,-0.75,Walking,True,3.9,0,0
1789904330197,122,167157,1,1952,-0.901,1,-0.75,Walking,True,3.9,0,0
1789904330197,122,167157,1,1952,-0.901,1,-0.75,Walking,True,3.9,0,0
1789904330212,123,168509,1,1968,-0.901,1,-0.75,Walking,True,3.9,0,0
1789904330212,123,168509,1,1968,-0.901,1,-0.75,Walking,True,3.9,0,0
1789904330212,123,168509,1,1968,-0.901,1,-0.75,Walking,True,3.9,0,0
1789904330212,123,168509,1,1968,-0.901,1,-0.75,Walking,True,3.9,0,0
1789904330212,123,168509,1,1968,-0.901,1,-0.75,Walking,True,3.9,0,0
1789904330212,123,168509,1,1968,-0.901,1,-0.75,Walking,True,3.9,0,0
1789904330212,123,168509,1,1968,-0.901,1,-0.75,Walking,True,3.9,0,0
1789904330212,123,168509,1,1968,-0.901,1,-0.75,Walking,True,3.9,0,0
1789904330228,124,169772,1,1984,-0.901,1,-0.75,Walking,True,3.9,0,0
1789904330228,124,169772,1,1984,-0.901,1,-0.75,Walking,True,3.9,0,0
1789904330228,124,169772,1,1984,-0.901,1,-0.75,Walking,True,3.9,0,0
1789904330228,124,169772,1,1984,-0.901,1,-0.75,Walking,True,3.9,0,0
1789904330228,124,169772,1,1984,-0.901,1,-0.75,Walking,True,3.9,0,0
1789904330228,124,169772,1,1984,-0.901,1,-0.75,Walking,True,3.9,0,0
1789904330228,124,169772,1,1984,-0.901,1,-0.75,Walking,True,3.9,0,0
1789904330228,124,169772,1,1984,-0.901,1,-0.75,Walking,True,3.9,0,0
1789904330244,125,171000,1,2000,-0.901,1,-0.75,Walking,True,3.9,0,0
1789904330244,125,171000,1,2000,-0.901,1,-0.75,Walking,True,3.9,0,0
1789904330244,125,171000,1,2000,-0.901,1,-0.75,Walking,True,3.9,0,0
1789904330244,125,171000,1,2000,-0.901,1,-0.75,Walking,True,3.9,0,0
1789904330244,125,171000,1,2000,-0.901,1,-0.75,Walking,True,3.9,0,0
1789904330244,125,171000,1,2000,-0.901,1,-0.75,Walking,True,3.9,0,0
1789904330244,125,171000,1,2000,-0.901,1,-0.75,Walking,True,3.9,0,0
1789904330244,125,171000,1,2000,-0.901,1,-0.75,Walking,True,3.9,0,0
1789904330259,126,172428,1,2016,-0.901,1,-0.75,Walking,True,3.9,0,0
1789904330259,126,172428,1,2016,-0.901,1,-0.75,Walking,True,3.9,0,0
1789904330259,126,172428,1,2016,-0.901,1,-0.75,Walking,True,3.9,0,0
1789904330259,126,172428,1,2016,-0.901,1,-0.75,Walking,True,3.9,0,0
1789904330259,126,172428,1,2016,-0.901,1,-0.75,Walking,True,3.9,0,0
1789904330259,126,172428,1,2016,-0.901,1,-0.75,Walking,True,3.9,0,0
1789904330259,126,172428,1,2016,-0.901,1,-0.75,Walking,True,3.9,0,0
1789904330259,126,172428,1,2016,-0.901,1,-0.75,Walking,True,3.9,0,0
1789904330275,127,173937,1,2032,-0.901,1,-0.75,Walking,True,3.9,0,0
1789904330275,127,173937,1,2032,-0.901,1,-0.75,Walking,True,3.9,0,0
1789904330275,127,173937,1,2032,-0.901,1,-0.75,Walking,True,3.9,0,0
1789904330275,127,173937,1,2032,-0.901,1,-0.75,Walking,True,3.9,0,0
1789904330275,127,173937,1,2032,-0.901,1,-0.75,Walking,True,3.9,0,0
1789904330275,127,173937,1,2032,-0.901,1,-0.75,Walking,True,3.9,0,0
1789904330275,127,173937,1,2032,-0.901,1,-0.75,Walking,True,3.9,0,0
1789904330275,127,173937,1,2032,-0.901,1,-0.75,Walking,True,3.9,0,0
1789904330291,128,175298,1,2048,-0.901,1,-0.75,Walking,True,3.9,0,0
1789904330291,128,175298,1,2048,-0.901,1,-0.75,Walking,True,3.9,0,0
1789904330291,128,175298,1,2048,-0.901,1,-0.75,Walking,True,3.9,0,0
1789904330291,128,175298,1,2048,-0.901,1,-0.75,Walking,True,3.9,0,0
1789904330291,128,175298,1,2048,-0.901,1,-0.75,Walking,True,3.9,0,0
1789904330291,128,175298,1,2048,-0.901,1,-0.75,Walking,True,3.9,0,0
1789904330291,128,175298,1,2048,-0.901,1,-0.75,Walking,True,3.9,0,0
1789904330291,128,175298,1,2048,-0.901,1,-0.75,Walking,True,3.9,0,0
1789904330306,129,176591,1,2064,-0.901,1,-0.75,Walking,True,3.9,0,0
1789904330306,129,176591,1,2064,-0.901,1,-0.75,Walking,True,3.9,0,0
1789904330306,129,176591,1,2064,-0.901,1,-0.75,Walking,True,3.9,0,0
1789904330306,129,176591,1,2064,-0.901,1,-0.75,Walking,True,3.9,0,0
1789904330306,129,176591,1,2064,-0.901,1,-0.75,Walking,True,3.9,0,0
1789904330306,129,176591,1,2064,-0.901,1,-0.75,Walking,True,3.9,0,0
1789904330306,129,176591,1,2064,-0.901,1,-0.75,Walking,True,3.9,0,0
1789904330306,129,176591,1,2064,-0.901,1,-0.75,Walking,True,3.9,0,0
1789904330321,130,177716,1,2080,-0.901,1,-0.75,Walking,True,3.9,0,0
1789904330321,130,177716,1,2080,-0.901,1,-0.75,Walking,True,3.9,0,0
1789904330321,130,177716,1,2080,-0.901,1,-0.75,Walking,True,3.9,0,0
1789904330321,130,177716,1,2080,-0.901,1,-0.75,Walking,True,3.9,0,0
1789904330321,130,177716,1,2080,-0.901,1,-0.75,Walking,True,3.9,0,0
1789904330321,130,177716,1,2080,-0.901,1,-0.75,Walking,True,3.9,0,0
1789904330322,130,177716,1,2080,-0.901,1,-0.75,Walking,True,3.9,0,0
1789904330322,130,177716,1,2080,-0.901,1,-0.75,Walking,True,3.9,0,0
1789904330337,131,178861,1,2096,-0.901,1,-0.75,Walking,True,3.9,0,0
1789904330337,131,178861,1,2096,-0.901,1,-0.75,Walking,True,3.9,0,0
1789904330337,131,178861,1,2096,-0.901,1,-0.75,Walking,True,3.9,0,0
1789904330337,131,178861,1,2096,-0.901,1,-0.75,Walking,True,3.9,0,0
1789904330337,131,178861,1,2096,-0.901,1,-0.75,Walking,True,3.9,0,0
1789904330337,131,178861,1,2096,-0.901,1,-0.75,Walking,True,3.9,0,0
1789904330337,131,178861,1,2096,-0.901,1,-0.75,Walking,True,3.9,0,0
1789904330337,131,178861,1,2096,-0.901,1,-0.75,Walking,True,3.9,0,0
1789904330353,132,180085,1,2112,-0.901,1,-0.75,Walking,True,3.9,0,0
1789904330353,132,180085,1,2112,-0.901,1,-0.75,Walking,True,3.9,0,0
1789904330353,132,180085,1,2112,-0.901,1,-0.75,Walking,True,3.9,0,0
1789904330353,132,180085,1,2112,-0.901,1,-0.75,Walking,True,3.9,0,0
1789904330353,132,180085,1,2112,-0.901,1,-0.75,Walking,True,3.9,0,0
1789904330353,132,180085,1,2112,-0.901,1,-0.75,Walking,True,3.9,0,0
1789904330353,132,180085,1,2112,-0.901,1,-0.75,Walking,True,3.9,0,0
1789904330353,132,180085,1,2112,-0.901,1,-0.75,Walking,True,3.9,0,0
1789904330369,133,181252,1,2128,-0.901,1,-0.75,Walking,True,3.9,0,0
1789904330369,133,181252,1,2128,-0.901,1,-0.75,Walking,True,3.9,0,0
1789904330369,133,181252,1,2128,-0.901,1,-0.75,Walking,True,3.9,0,0
1789904330369,133,181252,1,2128,-0.901,1,-0.75,Walking,True,3.9,0,0
1789904330369,133,181252,1,2128,-0.901,1,-0.75,Walking,True,3.9,0,0
1789904330369,133,181252,1,2128,-0.901,1,-0.75,Walking,True,3.9,0,0
1789904330369,133,181252,1,2128,-0.901,1,-0.75,Walking,True,3.9,0,0
1789904330369,133,181252,1,2128,-0.901,1,-0.75,Walking,True,3.9,0,0
1789904330385,134,182468,1,2144,-0.901,1,-0.75,Walking,True,3.9,0,0
1789904330385,134,182468,1,2144,-0.901,1,-0.75,Walking,True,3.9,0,0
1789904330385,134,182468,1,2144,-0.901,1,-0.75,Walking,True,3.9,0,0
1789904330385,134,182468,1,2144,-0.901,1,-0.75,Walking,True,3.9,0,0
1789904330385,134,182468,1,2144,-0.901,1,-0.75,Walking,True,3.9,0,0
1789904330385,134,182468,1,2144,-0.901,1,-0.75,Walking,True,3.9,0,0
1789904330385,134,182468,1,2144,-0.901,1,-0.75,Walking,True,3.9,0,0
1789904330385,134,182468,1,2144,-0.901,1,-0.75,Walking,True,3.9,0,0
1789904330401,135,183652,1,2160,-0.901,1,-0.75,Walking,True,3.9,0,0
1789904330401,135,183652,1,2160,-0.901,1,-0.75,Walking,True,3.9,0,0
1789904330401,135,183652,1,2160,-0.901,1,-0.75,Walking,True,3.9,0,0
1789904330401,135,183652,1,2160,-0.901,1,-0.75,Walking,True,3.9,0,0
1789904330401,135,183652,1,2160,-0.901,1,-0.75,Walking,True,3.9,0,0
1789904330401,135,183652,1,2160,-0.901,1,-0.75,Walking,True,3.9,0,0
1789904330401,135,183652,1,2160,-0.901,1,-0.75,Walking,True,3.9,0,0
1789904330401,135,183652,1,2160,-0.901,1,-0.75,Walking,True,3.9,0,0
1789904330417,136,184823,1,2176,-0.901,1,-0.75,Walking,True,3.9,0,0
1789904330417,136,184823,1,2176,-0.901,1,-0.75,Walking,True,3.9,0,0
1789904330417,136,184823,1,2176,-0.901,1,-0.75,Walking,True,3.9,0,0
1789904330417,136,184823,1,2176,-0.901,1,-0.75,Walking,True,3.9,0,0
1789904330417,136,184823,1,2176,-0.901,1,-0.75,Walking,True,3.9,0,0
1789904330417,136,184823,1,2176,-0.901,1,-0.75,Walking,True,3.9,0,0
1789904330417,136,184823,1,2176,-0.901,1,-0.75,Walking,True,3.9,0,0
1789904330417,136,184823,1,2176,-0.901,1,-0.75,Walking,True,3.9,0,0
1789904330433,137,186026,1,2192,-0.901,1,-0.75,Walking,True,3.9,0,0
1789904330433,137,186026,1,2192,-0.901,1,-0.75,Walking,True,3.9,0,0
1789904330433,137,186026,1,2192,-0.901,1,-0.75,Walking,True,3.9,0,0
1789904330433,137,186026,1,2192,-0.901,1,-0.75,Walking,True,3.9,0,0
1789904330433,137,186026,1,2192,-0.901,1,-0.75,Walking,True,3.9,0,0
1789904330433,137,186026,1,2192,-0.901,1,-0.75,Walking,True,3.9,0,0
1789904330433,137,186026,1,2192,-0.901,1,-0.75,Walking,True,3.9,0,0
1789904330433,137,186026,1,2192,-0.901,1,-0.75,Walking,True,3.9,0,0
1789904330448,138,187205,1,2208,-0.901,1,-0.75,Walking,True,3.9,0,0
1789904330448,138,187205,1,2208,-0.901,1,-0.75,Walking,True,3.9,0,0
1789904330448,138,187205,1,2208,-0.901,1,-0.75,Walking,True,3.9,0,0
1789904330448,138,187205,1,2208,-0.901,1,-0.75,Walking,True,3.9,0,0
1789904330448,138,187205,1,2208,-0.901,1,-0.75,Walking,True,3.9,0,0
1789904330448,138,187205,1,2208,-0.901,1,-0.75,Walking,True,3.9,0,0
1789904330448,138,187205,1,2208,-0.901,1,-0.75,Walking,True,3.9,0,0
1789904330448,138,187205,1,2208,-0.901,1,-0.75,Walking,True,3.9,0,0
1789904330464,139,188325,1,2224,-0.901,1,-0.75,Walking,True,3.9,0,0
1789904330464,139,188325,1,2224,-0.901,1,-0.75,Walking,True,3.9,0,0
1789904330464,139,188325,1,2224,-0.901,1,-0.75,Walking,True,3.9,0,0
1789904330464,139,188325,1,2224,-0.901,1,-0.75,Walking,True,3.9,0,0
1789904330464,139,188325,1,2224,-0.901,1,-0.75,Walking,True,3.9,0,0
1789904330464,139,188325,1,2224,-0.901,1,-0.75,Walking,True,3.9,0,0
1789904330464,139,188325,1,2224,-0.901,1,-0.75,Walking,True,3.9,0,0
1789904330464,139,188325,1,2224,-0.901,1,-0.75,Walking,True,3.9,0,0
1789904330480,140,189212,1,2240,-0.901,1,-0.75,Walking,True,3.9,0,0
1789904330480,140,189212,1,2240,-0.901,1,-0.75,Walking,True,3.9,0,0
1789904330480,140,189212,1,2240,-0.901,1,-0.75,Walking,True,3.9,0,0
1789904330480,140,189212,1,2240,-0.901,1,-0.75,Walking,True,3.9,0,0
1789904330480,140,189212,1,2240,-0.901,1,-0.75,Walking,True,3.9,0,0
1789904330480,140,189212,1,2240,-0.901,1,-0.75,Walking,True,3.9,0,0
1789904330480,140,189212,1,2240,-0.901,1,-0.75,Walking,True,3.9,0,0
1789904330480,140,189212,1,2240,-0.901,1,-0.75,Walking,True,3.9,0,0
1789904330496,141,190118,1,2256,-0.901,1,-0.75,Walking,True,3.9,0,0
1789904330496,141,190118,1,2256,-0.901,1,-0.75,Walking,True,3.9,0,0
1789904330496,141,190118,1,2256,-0.901,1,-0.75,Walking,True,3.9,0,0
1789904330496,141,190118,1,2256,-0.901,1,-0.75,Walking,True,3.9,0,0
1789904330496,141,190118,1,2256,-0.901,1,-0.75,Walking,True,3.9,0,0
1789904330496,141,190118,1,2256,-0.901,1,-0.75,Walking,True,3.9,0,0
1789904330496,141,190118,1,2256,-0.901,1,-0.75,Walking,True,3.9,0,0
1789904330496,141,190118,1,2256,-0.901,1,-0.75,Walking,True,3.9,0,0
1789904330511,142,191089,1,2272,-0.901,1,-0.75,Walking,True,3.9,0,0
1789904330511,142,191089,1,2272,-0.901,1,-0.75,Walking,True,3.9,0,0
1789904330511,142,191089,1,2272,-0.901,1,-0.75,Walking,True,3.9,0,0
1789904330511,142,191089,1,2272,-0.901,1,-0.75,Walking,True,3.9,0,0
1789904330511,142,191089,1,2272,-0.901,1,-0.75,Walking,True,3.9,0,0
1789904330511,142,191089,1,2272,-0.901,1,-0.75,Walking,True,3.9,0,0
1789904330511,142,191089,1,2272,-0.901,1,-0.75,Walking,True,3.9,0,0
1789904330511,142,191089,1,2272,-0.901,1,-0.75,Walking,True,3.9,0,0
1789904330526,143,192016,1,2288,-0.901,1,-0.75,Walking,True,3.9,0,0
1789904330526,143,192016,1,2288,-0.901,1,-0.75,Walking,True,3.9,0,0
1789904330526,143,192016,1,2288,-0.901,1,-0.75,Walking,True,3.9,0,0
1789904330526,143,192016,1,2288,-0.901,1,-0.75,Walking,True,3.9,0,0
1789904330526,143,192016,1,2288,-0.901,1,-0.75,Walking,True,3.9,0,0
1789904330526,143,192016,1,2288,-0.901,1,-0.75,Walking,True,3.9,0,0
1789904330526,143,192016,1,2288,-0.901,1,-0.75,Walking,True,3.9,0,0
1789904330526,143,192016,1,2288,-0.901,1,-0.75,Walking,True,3.9,0,0
1789904330557,144,192943,1,2304,-0.901,1,-0.75,Walking,True,3.9,0,0
1789904330557,144,192943,1,2304,-0.901,1,-0.75,Walking,True,3.9,0,0
1789904330557,144,192943,1,2304,-0.901,1,-0.75,Walking,True,3.9,0,0
1789904330557,144,192943,1,2304,-0.901,1,-0.75,Walking,True,3.9,0,0
1789904330557,144,192943,1,2304,-0.901,1,-0.75,Walking,True,3.9,0,0
1789904330557,144,192943,1,2304,-0.901,1,-0.75,Walking,True,3.9,0,0
1789904330557,144,192943,1,2304,-0.901,1,-0.75,Walking,True,3.9,0,0
1789904330557,144,192943,1,2304,-0.901,1,-0.75,Walking,True,3.9,0,0
1789904330573,145,195277,1,2320,-0.901,1,-0.75,Walking,True,3.9,0,0
1789904330573,145,195277,1,2320,-0.901,1,-0.75,Walking,True,3.9,0,0
1789904330573,145,195277,1,2320,-0.901,1,-0.75,Walking,True,3.9,0,0
1789904330573,145,195277,1,2320,-0.901,1,-0.75,Walking,True,3.9,0,0
1789904330573,145,195277,1,2320,-0.901,1,-0.75,Walking,True,3.9,0,0
1789904330573,145,195277,1,2320,-0.901,1,-0.75,Walking,True,3.9,0,0
1789904330573,145,195277,1,2320,-0.901,1,-0.75,Walking,True,3.9,0,0
1789904330573,145,195277,1,2320,-0.901,1,-0.75,Walking,True,3.9,0,0
1789904330589,146,196484,1,2336,-0.901,1,-0.75,Walking,True,3.9,0,0
1789904330589,146,196484,1,2336,-0.901,1,-0.75,Walking,True,3.9,0,0
1789904330589,146,196484,1,2336,-0.901,1,-0.75,Walking,True,3.9,0,0
1789904330589,146,196484,1,2336,-0.901,1,-0.75,Walking,True,3.9,0,0
1789904330589,146,196484,1,2336,-0.901,1,-0.75,Walking,True,3.9,0,0
1789904330589,146,196484,1,2336,-0.901,1,-0.75,Walking,True,3.9,0,0
1789904330589,146,196484,1,2336,-0.901,1,-0.75,Walking,True,3.9,0,0
1789904330589,146,196484,1,2336,-0.901,1,-0.75,Walking,True,3.9,0,0
1789904330605,147,197835,1,2352,-0.901,1,-0.75,Walking,True,3.9,0,0
1789904330605,147,197835,1,2352,-0.901,1,-0.75,Walking,True,3.9,0,0
1789904330605,147,197835,1,2352,-0.901,1,-0.75,Walking,True,3.9,0,0
1789904330605,147,197835,1,2352,-0.901,1,-0.75,Walking,True,3.9,0,0
1789904330605,147,197835,1,2352,-0.901,1,-0.75,Walking,True,3.9,0,0
1789904330605,147,197835,1,2352,-0.901,1,-0.75,Walking,True,3.9,0,0
1789904330605,147,197835,1,2352,-0.901,1,-0.75,Walking,True,3.9,0,0
1789904330605,147,197835,1,2352,-0.901,1,-0.75,Walking,True,3.9,0,0
1789904330620,148,199083,1,2368,-0.901,1,-0.75,Walking,True,3.9,0,0
1789904330620,148,199083,1,2368,-0.901,1,-0.75,Walking,True,3.9,0,0
1789904330620,148,199083,1,2368,-0.901,1,-0.75,Walking,True,3.9,0,0
1789904330620,148,199083,1,2368,-0.901,1,-0.75,Walking,True,3.9,0,0
1789904330620,148,199083,1,2368,-0.901,1,-0.75,Walking,True,3.9,0,0
1789904330620,148,199083,1,2368,-0.901,1,-0.75,Walking,True,3.9,0,0
1789904330620,148,199083,1,2368,-0.901,1,-0.75,Walking,True,3.9,0,0
1789904330620,148,199083,1,2368,-0.901,1,-0.75,Walking,True,3.9,0,0
1789904330635,149,200244,1,2384,-0.901,1,-0.75,Walking,True,3.9,0,0
1789904330635,149,200244,1,2384,-0.901,1,-0.75,Walking,True,3.9,0,0
1789904330635,149,200244,1,2384,-0.901,1,-0.75,Walking,True,3.9,0,0
1789904330635,149,200244,1,2384,-0.901,1,-0.75,Walking,True,3.9,0,0
1789904330636,149,200244,1,2384,-0.901,1,-0.75,Walking,True,3.9,0,0
1789904330636,149,200244,1,2384,-0.901,1,-0.75,Walking,True,3.9,0,0
1789904330636,149,200244,1,2384,-0.901,1,-0.75,Walking,True,3.9,0,0
1789904330636,149,200244,1,2384,-0.901,1,-0.75,Walking,True,3.9,0,0
1789904330651,150,201393,1,2400,-0.901,1,-0.75,Walking,True,3.9,0,0
1789904330651,150,201393,1,2400,-0.901,1,-0.75,Walking,True,3.9,0,0
1789904330651,150,201393,1,2400,-0.901,1,-0.75,Walking,True,3.9,0,0
1789904330651,150,201393,1,2400,-0.901,1,-0.75,Walking,True,3.9,0,0
1789904330651,150,201393,1,2400,-0.901,1,-0.75,Walking,True,3.9,0,0
1789904330651,150,201393,1,2400,-0.901,1,-0.75,Walking,True,3.9,0,0
1789904330651,150,201393,1,2400,-0.901,1,-0.75,Walking,True,3.9,0,0
1789904330651,150,201393,1,2400,-0.901,1,-0.75,Walking,True,3.9,0,0
1789904330682,151,202570,1,2416,-0.901,1,-0.75,Walking,True,3.58,0,0
1789904330682,151,202570,1,2416,-0.901,1,-0.75,Walking,True,3.58,0,0
1789904330682,151,202570,1,2416,-0.901,1,-0.75,Walking,True,3.58,0,0
1789904330682,151,202570,1,2416,-0.901,1,-0.75,Walking,True,3.58,0,0
1789904330682,151,202570,1,2416,-0.901,1,-0.75,Walking,True,3.58,0,0
1789904330682,151,202570,1,2416,-0.901,1,-0.75,Walking,True,3.58,0,0
1789904330682,151,202570,1,2416,-0.901,1,-0.75,Walking,True,3.58,0,0
1789904330682,151,202570,1,2416,-0.901,1,-0.75,Walking,True,3.58,0,0
1789904330698,152,205010,1,2432,-0.901,1,-0.75,Walking,True,3.26,0,0
1789904330698,152,205010,1,2432,-0.901,1,-0.75,Walking,True,3.26,0,0
1789904330698,152,205010,1,2432,-0.901,1,-0.75,Walking,True,3.26,0,0
1789904330698,152,205010,1,2432,-0.901,1,-0.75,Walking,True,3.26,0,0
1789904330698,152,205010,1,2432,-0.901,1,-0.75,Walking,True,3.26,0,0
1789904330698,152,205010,1,2432,-0.901,1,-0.75,Walking,True,3.26,0,0
1789904330698,152,205010,1,2432,-0.901,1,-0.75,Walking,True,3.26,0,0
1789904330698,152,205010,1,2432,-0.901,1,-0.75,Walking,True,3.26,0,0
1789904330714,153,206153,1,2448,-0.901,1,-0.75,Walking,True,2.94,0,0
1789904330714,153,206153,1,2448,-0.901,1,-0.75,Walking,True,2.94,0,0
1789904330714,153,206153,1,2448,-0.901,1,-0.75,Walking,True,2.94,0,0
1789904330714,153,206153,1,2448,-0.901,1,-0.75,Walking,True,2.94,0,0
1789904330714,153,206153,1,2448,-0.901,1,-0.75,Walking,True,2.94,0,0
1789904330714,153,206153,1,2448,-0.901,1,-0.75,Walking,True,2.94,0,0
1789904330714,153,206153,1,2448,-0.901,1,-0.75,Walking,True,2.94,0,0
1789904330714,153,206153,1,2448,-0.901,1,-0.75,Walking,True,2.94,0,0
1789904330729,154,207291,1,2464,-0.901,1,-0.75,Walking,True,2.62,0,0
1789904330729,154,207291,1,2464,-0.901,1,-0.75,Walking,True,2.62,0,0
1789904330729,154,207291,1,2464,-0.901,1,-0.75,Walking,True,2.62,0,0
1789904330729,154,207291,1,2464,-0.901,1,-0.75,Walking,True,2.62,0,0
1789904330729,154,207291,1,2464,-0.901,1,-0.75,Walking,True,2.62,0,0
1789904330729,154,207291,1,2464,-0.901,1,-0.75,Walking,True,2.62,0,0
1789904330729,154,207291,1,2464,-0.901,1,-0.75,Walking,True,2.62,0,0
1789904330729,154,207291,1,2464,-0.901,1,-0.75,Walking,True,2.62,0,0
1789904330745,155,208582,1,2480,-0.901,1,-0.75,Walking,True,2.3,0,0
1789904330745,155,208582,1,2480,-0.901,1,-0.75,Walking,True,2.3,0,0
1789904330745,155,208582,1,2480,-0.901,1,-0.75,Walking,True,2.3,0,0
1789904330745,155,208582,1,2480,-0.901,1,-0.75,Walking,True,2.3,0,0
1789904330745,155,208582,1,2480,-0.901,1,-0.75,Walking,True,2.3,0,0
1789904330745,155,208582,1,2480,-0.901,1,-0.75,Walking,True,2.3,0,0
1789904330745,155,208582,1,2480,-0.901,1,-0.75,Walking,True,2.3,0,0
1789904330745,155,208582,1,2480,-0.901,1,-0.75,Walking,True,2.3,0,0
1789904330761,156,209817,1,2496,-0.901,1,-0.75,Walking,True,1.98,0,0
1789904330761,156,209817,1,2496,-0.901,1,-0.75,Walking,True,1.98,0,0
1789904330761,156,209817,1,2496,-0.901,1,-0.75,Walking,True,1.98,0,0
1789904330761,156,209817,1,2496,-0.901,1,-0.75,Walking,True,1.98,0,0
1789904330761,156,209817,1,2496,-0.901,1,-0.75,Walking,True,1.98,0,0
1789904330761,156,209817,1,2496,-0.901,1,-0.75,Walking,True,1.98,0,0
1789904330761,156,209817,1,2496,-0.901,1,-0.75,Walking,True,1.98,0,0
1789904330761,156,209817,1,2496,-0.901,1,-0.75,Walking,True,1.98,0,0
1789904330777,157,211170,1,2512,-0.901,1,-0.75,Walking,True,1.66,0,0
1789904330777,157,211170,1,2512,-0.901,1,-0.75,Walking,True,1.66,0,0
1789904330777,157,211170,1,2512,-0.901,1,-0.75,Walking,True,1.66,0,0
1789904330777,157,211170,1,2512,-0.901,1,-0.75,Walking,True,1.66,0,0
1789904330777,157,211170,1,2512,-0.901,1,-0.75,Walking,True,1.66,0,0
1789904330777,157,211170,1,2512,-0.901,1,-0.75,Walking,True,1.66,0,0
1789904330777,157,211170,1,2512,-0.901,1,-0.75,Walking,True,1.66,0,0
1789904330777,157,211170,1,2512,-0.901,1,-0.75,Walking,True,1.66,0,0
1789904330791,158,212604,1,2528,-0.901,1,-0.75,Walking,True,1.34,0,0
1789904330791,158,212604,1,2528,-0.901,1,-0.75,Walking,True,1.34,0,0
1789904330791,158,212604,1,2528,-0.901,1,-0.75,Walking,True,1.34,0,0
1789904330791,158,212604,1,2528,-0.901,1,-0.75,Walking,True,1.34,0,0
1789904330791,158,212604,1,2528,-0.901,1,-0.75,Walking,True,1.34,0,0
1789904330791,158,212604,1,2528,-0.901,1,-0.75,Walking,True,1.34,0,0
1789904330791,158,212604,1,2528,-0.901,1,-0.75,Walking,True,1.34,0,0
1789904330791,158,212604,1,2528,-0.901,1,-0.75,Walking,True,1.34,0,0
1789904330807,159,213926,1,2544,-0.901,1,-0.75,Walking,True,1.02,0,0
1789904330807,159,213926,1,2544,-0.901,1,-0.75,Walking,True,1.02,0,0
1789904330807,159,213926,1,2544,-0.901,1,-0.75,Walking,True,1.02,0,0
1789904330807,159,213926,1,2544,-0.901,1,-0.75,Walking,True,1.02,0,0
1789904330807,159,213926,1,2544,-0.901,1,-0.75,Walking,True,1.02,0,0
1789904330807,159,213926,1,2544,-0.901,1,-0.75,Walking,True,1.02,0,0
1789904330807,159,213926,1,2544,-0.901,1,-0.75,Walking,True,1.02,0,0
1789904330807,159,213926,1,2544,-0.901,1,-0.75,Walking,True,1.02,0,0
1789904330822,160,215364,1,2560,-0.901,1,-0.75,Walking,True,0.7,0,0
1789904330822,160,215364,1,2560,-0.901,1,-0.75,Walking,True,0.7,0,0
1789904330822,160,215364,1,2560,-0.901,1,-0.75,Walking,True,0.7,0,0
1789904330822,160,215364,1,2560,-0.901,1,-0.75,Walking,True,0.7,0,0
1789904330822,160,215364,1,2560,-0.901,1,-0.75,Walking,True,0.7,0,0
1789904330822,160,215364,1,2560,-0.901,1,-0.75,Walking,True,0.7,0,0
1789904330822,160,215364,1,2560,-0.901,1,-0.75,Walking,True,0.7,0,0
1789904330822,160,215364,1,2560,-0.901,1,-0.75,Walking,True,0.7,0,0
1789904330838,161,216753,1,2576,-0.901,1,-0.75,Walking,True,0.38,0,0
1789904330838,161,216753,1,2576,-0.901,1,-0.75,Walking,True,0.38,0,0
1789904330838,161,216753,1,2576,-0.901,1,-0.75,Walking,True,0.38,0,0
1789904330838,161,216753,1,2576,-0.901,1,-0.75,Walking,True,0.38,0,0
1789904330838,161,216753,1,2576,-0.901,1,-0.75,Walking,True,0.38,0,0
1789904330838,161,216753,1,2576,-0.901,1,-0.75,Walking,True,0.38,0,0
1789904330838,161,216753,1,2576,-0.901,1,-0.75,Walking,True,0.38,0,0
1789904330838,161,216753,1,2576,-0.901,1,-0.75,Walking,True,0.38,0,0
1789904330853,162,217721,1,2592,-0.901,1,-0.75,Walking,True,0.06,0,0
1789904330853,162,217721,1,2592,-0.901,1,-0.75,Walking,True,0.06,0,0
1789904330853,162,217721,1,2592,-0.901,1,-0.75,Walking,True,0.06,0,0
1789904330853,162,217721,1,2592,-0.901,1,-0.75,Walking,True,0.06,0,0
1789904330853,162,217721,1,2592,-0.901,1,-0.75,Walking,True,0.06,0,0
1789904330853,162,217721,1,2592,-0.901,1,-0.75,Walking,True,0.06,0,0
1789904330853,162,217721,1,2592,-0.901,1,-0.75,Walking,True,0.06,0,0
1789904330853,162,217721,1,2592,-0.901,1,-0.75,Walking,True,0.06,0,0
1789904330868,163,218824,1,2608,-0.901,1,-0.75,Walking,True,0,0,0
1789904330868,163,218824,1,2608,-0.901,1,-0.75,Walking,True,0,0,0
1789904330868,163,218824,1,2608,-0.901,1,-0.75,Walking,True,0,0,0
1789904330868,163,218824,1,2608,-0.901,1,-0.75,Walking,True,0,0,0
1789904330868,163,218824,1,2608,-0.901,1,-0.75,Walking,True,0,0,0
1789904330868,163,218824,1,2608,-0.901,1,-0.75,Walking,True,0,0,0
1789904330868,163,218824,1,2608,-0.901,1,-0.75,Walking,True,0,0,0
1789904330868,163,218824,1,2608,-0.901,1,-0.75,Walking,True,0,0,0
1789904330883,164,219972,1,2624,-0.901,1,-0.75,Walking,True,0,0,0
1789904330883,164,219972,1,2624,-0.901,1,-0.75,Walking,True,0,0,0
1789904330883,164,219972,1,2624,-0.901,1,-0.75,Walking,True,0,0,0
1789904330883,164,219972,1,2624,-0.901,1,-0.75,Walking,True,0,0,0
1789904330883,164,219972,1,2624,-0.901,1,-0.75,Walking,True,0,0,0
1789904330883,164,219972,1,2624,-0.901,1,-0.75,Walking,True,0,0,0
1789904330883,164,219972,1,2624,-0.901,1,-0.75,Walking,True,0,0,0
1789904330883,164,219972,1,2624,-0.901,1,-0.75,Walking,True,0,0,0
1789904330898,165,221146,1,2640,-0.901,1,-0.75,Walking,True,0,0,0
1789904330898,165,221146,1,2640,-0.901,1,-0.75,Walking,True,0,0,0
1789904330898,165,221146,1,2640,-0.901,1,-0.75,Walking,True,0,0,0
1789904330898,165,221146,1,2640,-0.901,1,-0.75,Walking,True,0,0,0
1789904330898,165,221146,1,2640,-0.901,1,-0.75,Walking,True,0,0,0
1789904330898,165,221146,1,2640,-0.901,1,-0.75,Walking,True,0,0,0
1789904330898,165,221146,1,2640,-0.901,1,-0.75,Walking,True,0,0,0
1789904330898,165,221146,1,2640,-0.901,1,-0.75,Walking,True,0,0,0
1789904330914,166,222279,1,2656,-0.901,1,-0.75,Walking,True,0,0,0
1789904330914,166,222279,1,2656,-0.901,1,-0.75,Walking,True,0,0,0
1789904330914,166,222279,1,2656,-0.901,1,-0.75,Walking,True,0,0,0
1789904330914,166,222279,1,2656,-0.901,1,-0.75,Walking,True,0,0,0
1789904330914,166,222279,1,2656,-0.901,1,-0.75,Walking,True,0,0,0
1789904330914,166,222279,1,2656,-0.901,1,-0.75,Walking,True,0,0,0
1789904330914,166,222279,1,2656,-0.901,1,-0.75,Walking,True,0,0,0
1789904330914,166,222279,1,2656,-0.901,1,-0.75,Walking,True,0,0,0
1789904330931,167,223292,1,2672,-0.901,1,-0.75,Walking,True,0,0,0
1789904330931,167,223292,1,2672,-0.901,1,-0.75,Walking,True,0,0,0
1789904330931,167,223292,1,2672,-0.901,1,-0.75,Walking,True,0,0,0
1789904330931,167,223292,1,2672,-0.901,1,-0.75,Walking,True,0,0,0
1789904330931,167,223292,1,2672,-0.901,1,-0.75,Walking,True,0,0,0
1789904330931,167,223292,1,2672,-0.901,1,-0.75,Walking,True,0,0,0
1789904330931,167,223292,1,2672,-0.901,1,-0.75,Walking,True,0,0,0
1789904330931,167,223292,1,2672,-0.901,1,-0.75,Walking,True,0,0,0
1789904330946,168,224557,1,2688,-0.901,1,-0.75,Walking,True,0,0,0
1789904330946,168,224557,1,2688,-0.901,1,-0.75,Walking,True,0,0,0
1789904330946,168,224557,1,2688,-0.901,1,-0.75,Walking,True,0,0,0
1789904330946,168,224557,1,2688,-0.901,1,-0.75,Walking,True,0,0,0
1789904330946,168,224557,1,2688,-0.901,1,-0.75,Walking,True,0,0,0
1789904330946,168,224557,1,2688,-0.901,1,-0.75,Walking,True,0,0,0
1789904330946,168,224557,1,2688,-0.901,1,-0.75,Walking,True,0,0,0
1789904330946,168,224557,1,2688,-0.901,1,-0.75,Walking,True,0,0,0
1789904330961,169,225654,1,2704,-0.901,1,-0.75,Walking,True,0,0,0
1789904330961,169,225654,1,2704,-0.901,1,-0.75,Walking,True,0,0,0
1789904330961,169,225654,1,2704,-0.901,1,-0.75,Walking,True,0,0,0
1789904330961,169,225654,1,2704,-0.901,1,-0.75,Walking,True,0,0,0
1789904330961,169,225654,1,2704,-0.901,1,-0.75,Walking,True,0,0,0
1789904330961,169,225654,1,2704,-0.901,1,-0.75,Walking,True,0,0,0
1789904330961,169,225654,1,2704,-0.901,1,-0.75,Walking,True,0,0,0
1789904330961,169,225654,1,2704,-0.901,1,-0.75,Walking,True,0,0,0
1789904330977,170,226741,1,2720,-0.901,1,-0.75,Walking,True,0,0,0
1789904330977,170,226741,1,2720,-0.901,1,-0.75,Walking,True,0,0,0
1789904330977,170,226741,1,2720,-0.901,1,-0.75,Walking,True,0,0,0
1789904330977,170,226741,1,2720,-0.901,1,-0.75,Walking,True,0,0,0
1789904330977,170,226741,1,2720,-0.901,1,-0.75,Walking,True,0,0,0
1789904330977,170,226741,1,2720,-0.901,1,-0.75,Walking,True,0,0,0
1789904330977,170,226741,1,2720,-0.901,1,-0.75,Walking,True,0,0,0
1789904330977,170,226741,1,2720,-0.901,1,-0.75,Walking,True,0,0,0
1789904330992,171,228118,1,2736,-0.901,1,-0.75,Walking,True,0,0,0
1789904330992,171,228118,1,2736,-0.901,1,-0.75,Walking,True,0,0,0
1789904330992,171,228118,1,2736,-0.901,1,-0.75,Walking,True,0,0,0
1789904330992,171,228118,1,2736,-0.901,1,-0.75,Walking,True,0,0,0
1789904330992,171,228118,1,2736,-0.901,1,-0.75,Walking,True,0,0,0
1789904330992,171,228118,1,2736,-0.901,1,-0.75,Walking,True,0,0,0
1789904330992,171,228118,1,2736,-0.901,1,-0.75,Walking,True,0,0,0
1789904330992,171,228118,1,2736,-0.901,1,-0.75,Walking,True,0,0,0
1789904331008,172,229380,1,2752,-0.901,1,-0.75,Walking,True,0,0,0
1789904331008,172,229380,1,2752,-0.901,1,-0.75,Walking,True,0,0,0
1789904331008,172,229380,1,2752,-0.901,1,-0.75,Walking,True,0,0,0
1789904331008,172,229380,1,2752,-0.901,1,-0.75,Walking,True,0,0,0
1789904331008,172,229380,1,2752,-0.901,1,-0.75,Walking,True,0,0,0
1789904331008,172,229380,1,2752,-0.901,1,-0.75,Walking,True,0,0,0
1789904331008,172,229380,1,2752,-0.901,1,-0.75,Walking,True,0,0,0
1789904331008,172,229380,1,2752,-0.901,1,-0.75,Walking,True,0,0,0
1789904331023,173,230649,1,2768,-0.901,1,-0.75,Walking,True,0,0,0
1789904331023,173,230649,1,2768,-0.901,1,-0.75,Walking,True,0,0,0
1789904331023,173,230649,1,2768,-0.901,1,-0.75,Walking,True,0,0,0
1789904331023,173,230649,1,2768,-0.901,1,-0.75,Walking,True,0,0,0
1789904331023,173,230649,1,2768,-0.901,1,-0.75,Walking,True,0,0,0
1789904331023,173,230649,1,2768,-0.901,1,-0.75,Walking,True,0,0,0
1789904331023,173,230649,1,2768,-0.901,1,-0.75,Walking,True,0,0,0
1789904331023,173,230649,1,2768,-0.901,1,-0.75,Walking,True,0,0,0
1789904331038,174,231766,1,2784,-0.901,1,-0.75,Walking,True,0,0,0
1789904331038,174,231766,1,2784,-0.901,1,-0.75,Walking,True,0,0,0
1789904331038,174,231766,1,2784,-0.901,1,-0.75,Walking,True,0,0,0
1789904331038,174,231766,1,2784,-0.901,1,-0.75,Walking,True,0,0,0
1789904331038,174,231766,1,2784,-0.901,1,-0.75,Walking,True,0,0,0
1789904331038,174,231766,1,2784,-0.901,1,-0.75,Walking,True,0,0,0
1789904331038,174,231766,1,2784,-0.901,1,-0.75,Walking,True,0,0,0
1789904331038,174,231766,1,2784,-0.901,1,-0.75,Walking,True,0,0,0
1789904331054,175,232855,1,2800,-0.901,1,-0.75,Walking,True,0,0,0
1789904331054,175,232855,1,2800,-0.901,1,-0.75,Walking,True,0,0,0
1789904331054,175,232855,1,2800,-0.901,1,-0.75,Walking,True,0,0,0
1789904331054,175,232855,1,2800,-0.901,1,-0.75,Walking,True,0,0,0
1789904331054,175,232855,1,2800,-0.901,1,-0.75,Walking,True,0,0,0
1789904331054,175,232855,1,2800,-0.901,1,-0.75,Walking,True,0,0,0
1789904331054,175,232855,1,2800,-0.901,1,-0.75,Walking,True,0,0,0
1789904331054,175,232855,1,2800,-0.901,1,-0.75,Walking,True,0,0,0
1789904331069,176,234044,1,2816,-0.901,1,-0.75,Walking,True,0,0,0
1789904331069,176,234044,1,2816,-0.901,1,-0.75,Walking,True,0,0,0
1789904331069,176,234044,1,2816,-0.901,1,-0.75,Walking,True,0,0,0
1789904331069,176,234044,1,2816,-0.901,1,-0.75,Walking,True,0,0,0
1789904331069,176,234044,1,2816,-0.901,1,-0.75,Walking,True,0,0,0
1789904331069,176,234044,1,2816,-0.901,1,-0.75,Walking,True,0,0,0
1789904331069,176,234044,1,2816,-0.901,1,-0.75,Walking,True,0,0,0
1789904331069,176,234044,1,2816,-0.901,1,-0.75,Walking,True,0,0,0
1789904331085,177,235087,1,2832,-0.901,1,-0.75,Walking,True,0,0,0
1789904331085,177,235087,1,2832,-0.901,1,-0.75,Walking,True,0,0,0
1789904331085,177,235087,1,2832,-0.901,1,-0.75,Walking,True,0,0,0
1789904331085,177,235087,1,2832,-0.901,1,-0.75,Walking,True,0,0,0
1789904331085,177,235087,1,2832,-0.901,1,-0.75,Walking,True,0,0,0
1789904331085,177,235087,1,2832,-0.901,1,-0.75,Walking,True,0,0,0
1789904331085,177,235087,1,2832,-0.901,1,-0.75,Walking,True,0,0,0
1789904331085,177,235087,1,2832,-0.901,1,-0.75,Walking,True,0,0,0
1789904331100,178,236269,1,2848,-0.901,1,-0.75,Walking,True,0,0,0
1789904331100,178,236269,1,2848,-0.901,1,-0.75,Walking,True,0,0,0
1789904331100,178,236269,1,2848,-0.901,1,-0.75,Walking,True,0,0,0
1789904331100,178,236269,1,2848,-0.901,1,-0.75,Walking,True,0,0,0
1789904331101,178,236269,1,2848,-0.901,1,-0.75,Walking,True,0,0,0
1789904331101,178,236269,1,2848,-0.901,1,-0.75,Walking,True,0,0,0
1789904331101,178,236269,1,2848,-0.901,1,-0.75,Walking,True,0,0,0
1789904331101,178,236269,1,2848,-0.901,1,-0.75,Walking,True,0,0,0
1789904331116,179,237331,1,2864,-0.901,1,-0.75,Walking,True,0,0,0
1789904331116,179,237331,1,2864,-0.901,1,-0.75,Walking,True,0,0,0
1789904331116,179,237331,1,2864,-0.901,1,-0.75,Walking,True,0,0,0
1789904331116,179,237331,1,2864,-0.901,1,-0.75,Walking,True,0,0,0
1789904331116,179,237331,1,2864,-0.901,1,-0.75,Walking,True,0,0,0
1789904331116,179,237331,1,2864,-0.901,1,-0.75,Walking,True,0,0,0
1789904331116,179,237331,1,2864,-0.901,1,-0.75,Walking,True,0,0,0
1789904331116,179,237331,1,2864,-0.901,1,-0.75,Walking,True,0,0,0
1789904331132,180,238315,1,2880,-0.901,1,-0.75,Walking,True,0,0,0
1789904331132,180,238315,1,2880,-0.901,1,-0.75,Walking,True,0,0,0
1789904331132,180,238315,1,2880,-0.901,1,-0.75,Walking,True,0,0,0
1789904331132,180,238315,1,2880,-0.901,1,-0.75,Walking,True,0,0,0
1789904331132,180,238315,1,2880,-0.901,1,-0.75,Walking,True,0,0,0
1789904331132,180,238315,1,2880,-0.901,1,-0.75,Walking,True,0,0,0
1789904331132,180,238315,1,2880,-0.901,1,-0.75,Walking,True,0,0,0
1789904331132,180,238315,1,2880,-0.901,1,-0.75,Walking,True,0,0,0
1789904331162,181,239419,1,2896,-0.901,1,-0.75,Walking,True,0,0,0
1789904331162,181,239419,1,2896,-0.901,1,-0.75,Walking,True,0,0,0
1789904331162,181,239419,1,2896,-0.901,1,-0.75,Walking,True,0,0,0
1789904331162,181,239419,1,2896,-0.901,1,-0.75,Walking,True,0,0,0
1789904331162,181,239419,1,2896,-0.901,1,-0.75,Walking,True,0,0,0
1789904331162,181,239419,1,2896,-0.901,1,-0.75,Walking,True,0,0,0
1789904331162,181,239419,1,2896,-0.901,1,-0.75,Walking,True,0,0,0
1789904331162,181,239419,1,2896,-0.901,1,-0.75,Walking,True,0,0,0
1789904331396,182,269348,1,2912,-0.90612,1,-0.75,Walking,True,-0.32,0,0
1789904331396,182,269348,1,2912,-0.90612,1,-0.75,Walking,True,-0.32,0,0
1789904331396,182,269348,1,2912,-0.90612,1,-0.75,Walking,True,-0.32,0,0
1789904331396,182,269348,1,2912,-0.90612,1,-0.75,Walking,True,-0.32,0,0
1789904331396,182,269348,1,2912,-0.90612,1,-0.75,Walking,True,-0.32,0,0
1789904331396,182,269348,1,2912,-0.90612,1,-0.75,Walking,True,-0.32,0,0
1789904331396,182,269348,1,2912,-0.90612,1,-0.75,Walking,True,-0.32,0,0
1789904331396,182,269348,1,2912,-0.90612,1,-0.75,Walking,True,-0.32,0,0
1789904331410,183,271632,1,2928,-0.91636,1,-0.75,Walking,True,-0.64,0,0
1789904331410,183,271632,1,2928,-0.91636,1,-0.75,Walking,True,-0.64,0,0
1789904331410,183,271632,1,2928,-0.91636,1,-0.75,Walking,True,-0.64,0,0
1789904331410,183,271632,1,2928,-0.91636,1,-0.75,Walking,True,-0.64,0,0
1789904331410,183,271632,1,2928,-0.91636,1,-0.75,Walking,True,-0.64,0,0
1789904331410,183,271632,1,2928,-0.91636,1,-0.75,Walking,True,-0.64,0,0
1789904331410,183,271632,1,2928,-0.91636,1,-0.75,Walking,True,-0.64,0,0
1789904331410,183,271632,1,2928,-0.91636,1,-0.75,Walking,True,-0.64,0,0
1789904331425,184,272567,1,2944,-0.93172,1,-0.75,Walking,True,-0.96,0,0
1789904331425,184,272567,1,2944,-0.93172,1,-0.75,Walking,True,-0.96,0,0
1789904331425,184,272567,1,2944,-0.93172,1,-0.75,Walking,True,-0.96,0,0
1789904331425,184,272567,1,2944,-0.93172,1,-0.75,Walking,True,-0.96,0,0
1789904331425,184,272567,1,2944,-0.93172,1,-0.75,Walking,True,-0.96,0,0
1789904331425,184,272567,1,2944,-0.93172,1,-0.75,Walking,True,-0.96,0,0
1789904331425,184,272567,1,2944,-0.93172,1,-0.75,Walking,True,-0.96,0,0
1789904331425,184,272567,1,2944,-0.93172,1,-0.75,Walking,True,-0.96,0,0
1789904331441,185,273779,1,2960,-0.9522,1,-0.75,Walking,True,-1.28,0,0
1789904331441,185,273779,1,2960,-0.9522,1,-0.75,Walking,True,-1.28,0,0
1789904331441,185,273779,1,2960,-0.9522,1,-0.75,Walking,True,-1.28,0,0
1789904331441,185,273779,1,2960,-0.9522,1,-0.75,Walking,True,-1.28,0,0
1789904331441,185,273779,1,2960,-0.9522,1,-0.75,Walking,True,-1.28,0,0
1789904331441,185,273779,1,2960,-0.9522,1,-0.75,Walking,True,-1.28,0,0
1789904331441,185,273779,1,2960,-0.9522,1,-0.75,Walking,True,-1.28,0,0
1789904331441,185,273779,1,2960,-0.9522,1,-0.75,Walking,True,-1.28,0,0
1789904331457,186,274857,1,2976,-0.9778,1,-0.75,Walking,True,-1.6,0,0
1789904331457,186,274857,1,2976,-0.9778,1,-0.75,Walking,True,-1.6,0,0
1789904331457,186,274857,1,2976,-0.9778,1,-0.75,Walking,True,-1.6,0,0
1789904331457,186,274857,1,2976,-0.9778,1,-0.75,Walking,True,-1.6,0,0
1789904331457,186,274857,1,2976,-0.9778,1,-0.75,Walking,True,-1.6,0,0
1789904331457,186,274857,1,2976,-0.9778,1,-0.75,Walking,True,-1.6,0,0
1789904331457,186,274857,1,2976,-0.9778,1,-0.75,Walking,True,-1.6,0,0
1789904331457,186,274857,1,2976,-0.9778,1,-0.75,Walking,True,-1.6,0,0
1789904331472,187,276044,1,2992,-1.00852,1,-0.75,Walking,True,-1.92,0,0
1789904331472,187,276044,1,2992,-1.00852,1,-0.75,Walking,True,-1.92,0,0
1789904331472,187,276044,1,2992,-1.00852,1,-0.75,Walking,True,-1.92,0,0
1789904331472,187,276044,1,2992,-1.00852,1,-0.75,Walking,True,-1.92,0,0
1789904331472,187,276044,1,2992,-1.00852,1,-0.75,Walking,True,-1.92,0,0
1789904331472,187,276044,1,2992,-1.00852,1,-0.75,Walking,True,-1.92,0,0
1789904331472,187,276044,1,2992,-1.00852,1,-0.75,Walking,True,-1.92,0,0
1789904331472,187,276044,1,2992,-1.00852,1,-0.75,Walking,True,-1.92,0,0
1789904331487,188,277143,1,3008,-1.04436,1,-0.75,Walking,True,-2.24,0,0
1789904331487,188,277143,1,3008,-1.04436,1,-0.75,Walking,True,-2.24,0,0
1789904331487,188,277143,1,3008,-1.04436,1,-0.75,Walking,True,-2.24,0,0
1789904331487,188,277143,1,3008,-1.04436,1,-0.75,Walking,True,-2.24,0,0
1789904331487,188,277143,1,3008,-1.04436,1,-0.75,Walking,True,-2.24,0,0
1789904331487,188,277143,1,3008,-1.04436,1,-0.75,Walking,True,-2.24,0,0
1789904331487,188,277143,1,3008,-1.04436,1,-0.75,Walking,True,-2.24,0,0
1789904331487,188,277143,1,3008,-1.04436,1,-0.75,Walking,True,-2.24,0,0
1789904331503,189,278206,1,3024,-1.08532,1,-0.75,Walking,True,-2.56,0,0
1789904331503,189,278206,1,3024,-1.08532,1,-0.75,Walking,True,-2.56,0,0
1789904331503,189,278206,1,3024,-1.08532,1,-0.75,Walking,True,-2.56,0,0
1789904331503,189,278206,1,3024,-1.08532,1,-0.75,Walking,True,-2.56,0,0
1789904331503,189,278206,1,3024,-1.08532,1,-0.75,Walking,True,-2.56,0,0
1789904331503,189,278206,1,3024,-1.08532,1,-0.75,Walking,True,-2.56,0,0
1789904331503,189,278206,1,3024,-1.08532,1,-0.75,Walking,True,-2.56,0,0
1789904331503,189,278206,1,3024,-1.08532,1,-0.75,Walking,True,-2.56,0,0
1789904331518,190,279418,1,3040,-1.1314,1,-0.75,Walking,True,-2.88,0,0
1789904331518,190,279418,1,3040,-1.1314,1,-0.75,Walking,True,-2.88,0,0
1789904331518,190,279418,1,3040,-1.1314,1,-0.75,Walking,True,-2.88,0,0
1789904331518,190,279418,1,3040,-1.1314,1,-0.75,Walking,True,-2.88,0,0
1789904331518,190,279418,1,3040,-1.1314,1,-0.75,Walking,True,-2.88,0,0
1789904331518,190,279418,1,3040,-1.1314,1,-0.75,Walking,True,-2.88,0,0
1789904331518,190,279418,1,3040,-1.1314,1,-0.75,Walking,True,-2.88,0,0
1789904331518,190,279418,1,3040,-1.1314,1,-0.75,Walking,True,-2.88,0,0
1789904331533,191,280471,1,3056,-1.1826,1,-0.75,Walking,True,-3.2,0,0
1789904331533,191,280471,1,3056,-1.1826,1,-0.75,Walking,True,-3.2,0,0
1789904331533,191,280471,1,3056,-1.1826,1,-0.75,Walking,True,-3.2,0,0
1789904331533,191,280471,1,3056,-1.1826,1,-0.75,Walking,True,-3.2,0,0
1789904331533,191,280471,1,3056,-1.1826,1,-0.75,Walking,True,-3.2,0,0
1789904331533,191,280471,1,3056,-1.1826,1,-0.75,Walking,True,-3.2,0,0
1789904331533,191,280471,1,3056,-1.1826,1,-0.75,Walking,True,-3.2,0,0
1789904331533,191,280471,1,3056,-1.1826,1,-0.75,Walking,True,-3.2,0,0
1789904331549,192,281645,1,3072,-1.23892,1,-0.75,Walking,True,-3.52,0,0
1789904331549,192,281645,1,3072,-1.23892,1,-0.75,Walking,True,-3.52,0,0
1789904331549,192,281645,1,3072,-1.23892,1,-0.75,Walking,True,-3.52,0,0
1789904331549,192,281645,1,3072,-1.23892,1,-0.75,Walking,True,-3.52,0,0
1789904331549,192,281645,1,3072,-1.23892,1,-0.75,Walking,True,-3.52,0,0
1789904331549,192,281645,1,3072,-1.23892,1,-0.75,Walking,True,-3.52,0,0
1789904331549,192,281645,1,3072,-1.23892,1,-0.75,Walking,True,-3.52,0,0
1789904331549,192,281645,1,3072,-1.23892,1,-0.75,Walking,True,-3.52,0,0
1789904331565,193,282700,1,3088,-1.30036,1,-0.75,Walking,True,-3.84,0,0
1789904331565,193,282700,1,3088,-1.30036,1,-0.75,Walking,True,-3.84,0,0
1789904331565,193,282700,1,3088,-1.30036,1,-0.75,Walking,True,-3.84,0,0
1789904331565,193,282700,1,3088,-1.30036,1,-0.75,Walking,True,-3.84,0,0
1789904331565,193,282700,1,3088,-1.30036,1,-0.75,Walking,True,-3.84,0,0
1789904331565,193,282700,1,3088,-1.30036,1,-0.75,Walking,True,-3.84,0,0
1789904331565,193,282700,1,3088,-1.30036,1,-0.75,Walking,True,-3.84,0,0
1789904331565,193,282700,1,3088,-1.30036,1,-0.75,Walking,True,-3.84,0,0
1789904331580,194,283872,1,3104,-1.36276,1,-0.75,Walking,True,-3.9,0,0
1789904331580,194,283872,1,3104,-1.36276,1,-0.75,Walking,True,-3.9,0,0
1789904331580,194,283872,1,3104,-1.36276,1,-0.75,Walking,True,-3.9,0,0
1789904331580,194,283872,1,3104,-1.36276,1,-0.75,Walking,True,-3.9,0,0
1789904331580,194,283872,1,3104,-1.36276,1,-0.75,Walking,True,-3.9,0,0
1789904331580,194,283872,1,3104,-1.36276,1,-0.75,Walking,True,-3.9,0,0
1789904331580,194,283872,1,3104,-1.36276,1,-0.75,Walking,True,-3.9,0,0
1789904331580,194,283872,1,3104,-1.36276,1,-0.75,Walking,True,-3.9,0,0
1789904331595,195,285267,1,3120,-1.42516,1,-0.75,Walking,True,-3.9,0,0
1789904331595,195,285267,1,3120,-1.42516,1,-0.75,Walking,True,-3.9,0,0
1789904331595,195,285267,1,3120,-1.42516,1,-0.75,Walking,True,-3.9,0,0
1789904331595,195,285267,1,3120,-1.42516,1,-0.75,Walking,True,-3.9,0,0
1789904331595,195,285267,1,3120,-1.42516,1,-0.75,Walking,True,-3.9,0,0
1789904331595,195,285267,1,3120,-1.42516,1,-0.75,Walking,True,-3.9,0,0
1789904331595,195,285267,1,3120,-1.42516,1,-0.75,Walking,True,-3.9,0,0
1789904331595,195,285267,1,3120,-1.42516,1,-0.75,Walking,True,-3.9,0,0
1789904331611,196,286449,1,3136,-1.48756,1,-0.75,Walking,True,-3.9,0,0
1789904331611,196,286449,1,3136,-1.48756,1,-0.75,Walking,True,-3.9,0,0
1789904331611,196,286449,1,3136,-1.48756,1,-0.75,Walking,True,-3.9,0,0
1789904331611,196,286449,1,3136,-1.48756,1,-0.75,Walking,True,-3.9,0,0
1789904331611,196,286449,1,3136,-1.48756,1,-0.75,Walking,True,-3.9,0,0
1789904331611,196,286449,1,3136,-1.48756,1,-0.75,Walking,True,-3.9,0,0
1789904331611,196,286449,1,3136,-1.48756,1,-0.75,Walking,True,-3.9,0,0
1789904331611,196,286449,1,3136,-1.48756,1,-0.75,Walking,True,-3.9,0,0
1789904331628,197,287610,1,3152,-1.54996,1,-0.75,Walking,True,-3.9,0,0
1789904331628,197,287610,1,3152,-1.54996,1,-0.75,Walking,True,-3.9,0,0
1789904331628,197,287610,1,3152,-1.54996,1,-0.75,Walking,True,-3.9,0,0
1789904331628,197,287610,1,3152,-1.54996,1,-0.75,Walking,True,-3.9,0,0
1789904331628,197,287610,1,3152,-1.54996,1,-0.75,Walking,True,-3.9,0,0
1789904331628,197,287610,1,3152,-1.54996,1,-0.75,Walking,True,-3.9,0,0
1789904331628,197,287610,1,3152,-1.54996,1,-0.75,Walking,True,-3.9,0,0
1789904331628,197,287610,1,3152,-1.54996,1,-0.75,Walking,True,-3.9,0,0
1789904331642,198,288973,1,3168,-1.61236,1,-0.75,Walking,True,-3.9,0,0
1789904331642,198,288973,1,3168,-1.61236,1,-0.75,Walking,True,-3.9,0,0
1789904331642,198,288973,1,3168,-1.61236,1,-0.75,Walking,True,-3.9,0,0
1789904331642,198,288973,1,3168,-1.61236,1,-0.75,Walking,True,-3.9,0,0
1789904331642,198,288973,1,3168,-1.61236,1,-0.75,Walking,True,-3.9,0,0
1789904331642,198,288973,1,3168,-1.61236,1,-0.75,Walking,True,-3.9,0,0
1789904331642,198,288973,1,3168,-1.61236,1,-0.75,Walking,True,-3.9,0,0
1789904331642,198,288973,1,3168,-1.61236,1,-0.75,Walking,True,-3.9,0,0
1789904331657,199,290167,1,3184,-1.67476,1,-0.75,Walking,True,-3.9,0,0
1789904331657,199,290167,1,3184,-1.67476,1,-0.75,Walking,True,-3.9,0,0
1789904331657,199,290167,1,3184,-1.67476,1,-0.75,Walking,True,-3.9,0,0
1789904331657,199,290167,1,3184,-1.67476,1,-0.75,Walking,True,-3.9,0,0
1789904331657,199,290167,1,3184,-1.67476,1,-0.75,Walking,True,-3.9,0,0
1789904331657,199,290167,1,3184,-1.67476,1,-0.75,Walking,True,-3.9,0,0
1789904331657,199,290167,1,3184,-1.67476,1,-0.75,Walking,True,-3.9,0,0
1789904331657,199,290167,1,3184,-1.67476,1,-0.75,Walking,True,-3.9,0,0
1789904331673,200,291514,1,3200,-1.73716,1,-0.75,Walking,True,-3.9,0,0
1789904331673,200,291514,1,3200,-1.73716,1,-0.75,Walking,True,-3.9,0,0
1789904331673,200,291514,1,3200,-1.73716,1,-0.75,Walking,True,-3.9,0,0
1789904331673,200,291514,1,3200,-1.73716,1,-0.75,Walking,True,-3.9,0,0
1789904331673,200,291514,1,3200,-1.73716,1,-0.75,Walking,True,-3.9,0,0
1789904331673,200,291514,1,3200,-1.73716,1,-0.75,Walking,True,-3.9,0,0
1789904331673,200,291514,1,3200,-1.73716,1,-0.75,Walking,True,-3.9,0,0
1789904331673,200,291514,1,3200,-1.73716,1,-0.75,Walking,True,-3.9,0,0
1789904331688,201,293001,1,3216,-1.79956,1,-0.75,Walking,True,-3.9,0,0
1789904331688,201,293001,1,3216,-1.79956,1,-0.75,Walking,True,-3.9,0,0
1789904331688,201,293001,1,3216,-1.79956,1,-0.75,Walking,True,-3.9,0,0
1789904331688,201,293001,1,3216,-1.79956,1,-0.75,Walking,True,-3.9,0,0
1789904331688,201,293001,1,3216,-1.79956,1,-0.75,Walking,True,-3.9,0,0
1789904331688,201,293001,1,3216,-1.79956,1,-0.75,Walking,True,-3.9,0,0
1789904331688,201,293001,1,3216,-1.79956,1,-0.75,Walking,True,-3.9,0,0
1789904331688,201,293001,1,3216,-1.79956,1,-0.75,Walking,True,-3.9,0,0
1789904331703,202,294456,1,3232,-1.86196,1,-0.75,Walking,True,-3.9,0,0
1789904331703,202,294456,1,3232,-1.86196,1,-0.75,Walking,True,-3.9,0,0
1789904331703,202,294456,1,3232,-1.86196,1,-0.75,Walking,True,-3.9,0,0
1789904331703,202,294456,1,3232,-1.86196,1,-0.75,Walking,True,-3.9,0,0
1789904331703,202,294456,1,3232,-1.86196,1,-0.75,Walking,True,-3.9,0,0
1789904331703,202,294456,1,3232,-1.86196,1,-0.75,Walking,True,-3.9,0,0
1789904331703,202,294456,1,3232,-1.86196,1,-0.75,Walking,True,-3.9,0,0
1789904331703,202,294456,1,3232,-1.86196,1,-0.75,Walking,True,-3.9,0,0
1789904331720,203,295863,1,3248,-1.92436,1,-0.75,Walking,True,-3.9,0,0
1789904331720,203,295863,1,3248,-1.92436,1,-0.75,Walking,True,-3.9,0,0
1789904331720,203,295863,1,3248,-1.92436,1,-0.75,Walking,True,-3.9,0,0
1789904331720,203,295863,1,3248,-1.92436,1,-0.75,Walking,True,-3.9,0,0
1789904331720,203,295863,1,3248,-1.92436,1,-0.75,Walking,True,-3.9,0,0
1789904331720,203,295863,1,3248,-1.92436,1,-0.75,Walking,True,-3.9,0,0
1789904331720,203,295863,1,3248,-1.92436,1,-0.75,Walking,True,-3.9,0,0
1789904331720,203,295863,1,3248,-1.92436,1,-0.75,Walking,True,-3.9,0,0
1789904331736,204,297238,1,3264,-1.98676,1,-0.75,Walking,True,-3.9,0,0
1789904331736,204,297238,1,3264,-1.98676,1,-0.75,Walking,True,-3.9,0,0
1789904331736,204,297238,1,3264,-1.98676,1,-0.75,Walking,True,-3.9,0,0
1789904331736,204,297238,1,3264,-1.98676,1,-0.75,Walking,True,-3.9,0,0
1789904331736,204,297238,1,3264,-1.98676,1,-0.75,Walking,True,-3.9,0,0
1789904331736,204,297238,1,3264,-1.98676,1,-0.75,Walking,True,-3.9,0,0
1789904331736,204,297238,1,3264,-1.98676,1,-0.75,Walking,True,-3.9,0,0
1789904331736,204,297238,1,3264,-1.98676,1,-0.75,Walking,True,-3.9,0,0
1789904331766,205,298543,1,3280,-2.04916,1,-0.75,Walking,True,-3.9,0,0
1789904331766,205,298543,1,3280,-2.04916,1,-0.75,Walking,True,-3.9,0,0
1789904331766,205,298543,1,3280,-2.04916,1,-0.75,Walking,True,-3.9,0,0
1789904331766,205,298543,1,3280,-2.04916,1,-0.75,Walking,True,-3.9,0,0
1789904331766,205,298543,1,3280,-2.04916,1,-0.75,Walking,True,-3.9,0,0
1789904331766,205,298543,1,3280,-2.04916,1,-0.75,Walking,True,-3.9,0,0
1789904331766,205,298543,1,3280,-2.04916,1,-0.75,Walking,True,-3.9,0,0
1789904331766,205,298543,1,3280,-2.04916,1,-0.75,Walking,True,-3.9,0,0
1789904331783,206,300776,1,3296,-2.11156,1,-0.75,Walking,True,-3.9,0,0
1789904331783,206,300776,1,3296,-2.11156,1,-0.75,Walking,True,-3.9,0,0
1789904331783,206,300776,1,3296,-2.11156,1,-0.75,Walking,True,-3.9,0,0
1789904331783,206,300776,1,3296,-2.11156,1,-0.75,Walking,True,-3.9,0,0
1789904331783,206,300776,1,3296,-2.11156,1,-0.75,Walking,True,-3.9,0,0
1789904331783,206,300776,1,3296,-2.11156,1,-0.75,Walking,True,-3.9,0,0
1789904331783,206,300776,1,3296,-2.11156,1,-0.75,Walking,True,-3.9,0,0
1789904331783,206,300776,1,3296,-2.11156,1,-0.75,Walking,True,-3.9,0,0
1789904331813,207,302090,1,3312,-2.17396,1,-0.75,Walking,True,-3.9,0,0
1789904331813,208,302091,1,3328,-2.23636,1,-0.75,Walking,True,-3.9,0,0
1789904331813,208,302091,1,3328,-2.23636,1,-0.75,Walking,True,-3.9,0,0
1789904331813,208,302091,1,3328,-2.23636,1,-0.75,Walking,True,-3.9,0,0
1789904331813,208,302091,1,3328,-2.23636,1,-0.75,Walking,True,-3.9,0,0
1789904331813,208,302091,1,3328,-2.23636,1,-0.75,Walking,True,-3.9,0,0
1789904331813,208,302091,1,3328,-2.23636,1,-0.75,Walking,True,-3.9,0,0
1789904331813,208,302091,1,3328,-2.23636,1,-0.75,Walking,True,-3.9,0,0
1789904331830,209,304466,1,3344,-2.29876,1,-0.75,Walking,True,-3.9,0,0
1789904331830,209,304466,1,3344,-2.29876,1,-0.75,Walking,True,-3.9,0,0
1789904331830,209,304466,1,3344,-2.29876,1,-0.75,Walking,True,-3.9,0,0
1789904331830,209,304466,1,3344,-2.29876,1,-0.75,Walking,True,-3.9,0,0
1789904331830,209,304466,1,3344,-2.29876,1,-0.75,Walking,True,-3.9,0,0
1789904331830,209,304466,1,3344,-2.29876,1,-0.75,Walking,True,-3.9,0,0
1789904331830,209,304466,1,3344,-2.29876,1,-0.75,Walking,True,-3.9,0,0
1789904331830,209,304466,1,3344,-2.29876,1,-0.75,Walking,True,-3.9,0,0
1789904331844,210,305661,1,3360,-2.361161,1,-0.75,Walking,True,-3.9,0,0
1789904331844,210,305661,1,3360,-2.361161,1,-0.75,Walking,True,-3.9,0,0
1789904331844,210,305661,1,3360,-2.361161,1,-0.75,Walking,True,-3.9,0,0
1789904331845,210,305661,1,3360,-2.361161,1,-0.75,Walking,True,-3.9,0,0
1789904331845,210,305661,1,3360,-2.361161,1,-0.75,Walking,True,-3.9,0,0
1789904331845,210,305661,1,3360,-2.361161,1,-0.75,Walking,True,-3.9,0,0
1789904331845,210,305661,1,3360,-2.361161,1,-0.75,Walking,True,-3.9,0,0
1789904331845,210,305661,1,3360,-2.361161,1,-0.75,Walking,True,-3.9,0,0
1789904331860,211,306787,1,3376,-2.423561,1,-0.75,Walking,True,-3.9,0,0
1789904331860,211,306787,1,3376,-2.423561,1,-0.75,Walking,True,-3.9,0,0
1789904331860,211,306787,1,3376,-2.423561,1,-0.75,Walking,True,-3.9,0,0
1789904331860,211,306787,1,3376,-2.423561,1,-0.75,Walking,True,-3.9,0,0
1789904331860,211,306787,1,3376,-2.423561,1,-0.75,Walking,True,-3.9,0,0
1789904331860,211,306787,1,3376,-2.423561,1,-0.75,Walking,True,-3.9,0,0
1789904331860,211,306787,1,3376,-2.423561,1,-0.75,Walking,True,-3.9,0,0
1789904331860,211,306787,1,3376,-2.423561,1,-0.75,Walking,True,-3.9,0,0
1789904331876,212,308052,1,3392,-2.485961,1,-0.75,Walking,True,-3.9,0,0
1789904331876,212,308052,1,3392,-2.485961,1,-0.75,Walking,True,-3.9,0,0
1789904331876,212,308052,1,3392,-2.485961,1,-0.75,Walking,True,-3.9,0,0
1789904331876,212,308052,1,3392,-2.485961,1,-0.75,Walking,True,-3.9,0,0
1789904331876,212,308052,1,3392,-2.485961,1,-0.75,Walking,True,-3.9,0,0
1789904331876,212,308052,1,3392,-2.485961,1,-0.75,Walking,True,-3.9,0,0
1789904331876,212,308052,1,3392,-2.485961,1,-0.75,Walking,True,-3.9,0,0
1789904331876,212,308052,1,3392,-2.485961,1,-0.75,Walking,True,-3.9,0,0
1789904331891,213,309505,1,3408,-2.548361,1,-0.75,Walking,True,-3.9,0,0
1789904331891,213,309505,1,3408,-2.548361,1,-0.75,Walking,True,-3.9,0,0
1789904331891,213,309505,1,3408,-2.548361,1,-0.75,Walking,True,-3.9,0,0
1789904331891,213,309505,1,3408,-2.548361,1,-0.75,Walking,True,-3.9,0,0
1789904331891,213,309505,1,3408,-2.548361,1,-0.75,Walking,True,-3.9,0,0
1789904331891,213,309505,1,3408,-2.548361,1,-0.75,Walking,True,-3.9,0,0
1789904331891,213,309505,1,3408,-2.548361,1,-0.75,Walking,True,-3.9,0,0
1789904331891,213,309505,1,3408,-2.548361,1,-0.75,Walking,True,-3.9,0,0
1789904331907,214,310807,1,3424,-2.610761,1,-0.75,Walking,True,-3.9,0,0
1789904331907,214,310807,1,3424,-2.610761,1,-0.75,Walking,True,-3.9,0,0
1789904331907,214,310807,1,3424,-2.610761,1,-0.75,Walking,True,-3.9,0,0
1789904331907,214,310807,1,3424,-2.610761,1,-0.75,Walking,True,-3.9,0,0
1789904331907,214,310807,1,3424,-2.610761,1,-0.75,Walking,True,-3.9,0,0
1789904331907,214,310807,1,3424,-2.610761,1,-0.75,Walking,True,-3.9,0,0
1789904331907,214,310807,1,3424,-2.610761,1,-0.75,Walking,True,-3.9,0,0
1789904331907,214,310807,1,3424,-2.610761,1,-0.75,Walking,True,-3.9,0,0
1789904331922,215,312118,1,3440,-2.673161,1,-0.75,Walking,True,-3.9,0,0
1789904331922,215,312118,1,3440,-2.673161,1,-0.75,Walking,True,-3.9,0,0
1789904331922,215,312118,1,3440,-2.673161,1,-0.75,Walking,True,-3.9,0,0
1789904331922,215,312118,1,3440,-2.673161,1,-0.75,Walking,True,-3.9,0,0
1789904331922,215,312118,1,3440,-2.673161,1,-0.75,Walking,True,-3.9,0,0
1789904331922,215,312118,1,3440,-2.673161,1,-0.75,Walking,True,-3.9,0,0
1789904331922,215,312118,1,3440,-2.673161,1,-0.75,Walking,True,-3.9,0,0
1789904331922,215,312118,1,3440,-2.673161,1,-0.75,Walking,True,-3.9,0,0
1789904331938,216,313580,1,3456,-2.735561,1,-0.75,Walking,True,-3.9,0,0
1789904331938,216,313580,1,3456,-2.735561,1,-0.75,Walking,True,-3.9,0,0
1789904331938,216,313580,1,3456,-2.735561,1,-0.75,Walking,True,-3.9,0,0
1789904331938,216,313580,1,3456,-2.735561,1,-0.75,Walking,True,-3.9,0,0
1789904331938,216,313580,1,3456,-2.735561,1,-0.75,Walking,True,-3.9,0,0
1789904331938,216,313580,1,3456,-2.735561,1,-0.75,Walking,True,-3.9,0,0
1789904331938,216,313580,1,3456,-2.735561,1,-0.75,Walking,True,-3.9,0,0
1789904331938,216,313580,1,3456,-2.735561,1,-0.75,Walking,True,-3.9,0,0
1789904331954,217,315053,1,3472,-2.797961,1,-0.75,Walking,True,-3.9,0,0
1789904331954,217,315053,1,3472,-2.797961,1,-0.75,Walking,True,-3.9,0,0
1789904331954,217,315053,1,3472,-2.797961,1,-0.75,Walking,True,-3.9,0,0
1789904331954,217,315053,1,3472,-2.797961,1,-0.75,Walking,True,-3.9,0,0
1789904331954,217,315053,1,3472,-2.797961,1,-0.75,Walking,True,-3.9,0,0
1789904331954,217,315053,1,3472,-2.797961,1,-0.75,Walking,True,-3.9,0,0
1789904331954,217,315053,1,3472,-2.797961,1,-0.75,Walking,True,-3.9,0,0
1789904331954,217,315053,1,3472,-2.797961,1,-0.75,Walking,True,-3.9,0,0
1789904331970,218,316508,1,3488,-2.860361,1,-0.75,Walking,True,-3.9,0,0
1789904331970,218,316508,1,3488,-2.860361,1,-0.75,Walking,True,-3.9,0,0
1789904331970,218,316508,1,3488,-2.860361,1,-0.75,Walking,True,-3.9,0,0
1789904331970,218,316508,1,3488,-2.860361,1,-0.75,Walking,True,-3.9,0,0
1789904331970,218,316508,1,3488,-2.860361,1,-0.75,Walking,True,-3.9,0,0
1789904331970,218,316508,1,3488,-2.860361,1,-0.75,Walking,True,-3.9,0,0
1789904331970,218,316508,1,3488,-2.860361,1,-0.75,Walking,True,-3.9,0,0
1789904331970,218,316508,1,3488,-2.860361,1,-0.75,Walking,True,-3.9,0,0
1789904331985,219,318113,1,3504,-2.922761,1,-0.75,Walking,True,-3.9,0,0
1789904331985,219,318113,1,3504,-2.922761,1,-0.75,Walking,True,-3.9,0,0
1789904331985,219,318113,1,3504,-2.922761,1,-0.75,Walking,True,-3.9,0,0
1789904331985,219,318113,1,3504,-2.922761,1,-0.75,Walking,True,-3.9,0,0
1789904331985,219,318113,1,3504,-2.922761,1,-0.75,Walking,True,-3.9,0,0
1789904331985,219,318113,1,3504,-2.922761,1,-0.75,Walking,True,-3.9,0,0
1789904331985,219,318113,1,3504,-2.922761,1,-0.75,Walking,True,-3.9,0,0
1789904331985,219,318113,1,3504,-2.922761,1,-0.75,Walking,True,-3.9,0,0
1789904332001,220,319561,1,3520,-2.985162,1,-0.75,Walking,True,-3.9,0,0
1789904332001,220,319561,1,3520,-2.985162,1,-0.75,Walking,True,-3.9,0,0
1789904332001,220,319561,1,3520,-2.985162,1,-0.75,Walking,True,-3.9,0,0
1789904332001,220,319561,1,3520,-2.985162,1,-0.75,Walking,True,-3.9,0,0
1789904332001,220,319561,1,3520,-2.985162,1,-0.75,Walking,True,-3.9,0,0
1789904332001,220,319561,1,3520,-2.985162,1,-0.75,Walking,True,-3.9,0,0
1789904332001,220,319561,1,3520,-2.985162,1,-0.75,Walking,True,-3.9,0,0
1789904332001,220,319561,1,3520,-2.985162,1,-0.75,Walking,True,-3.9,0,0
1789904332017,221,321021,1,3536,-3.047562,1,-0.75,Walking,True,-3.9,0,0
1789904332017,221,321021,1,3536,-3.047562,1,-0.75,Walking,True,-3.9,0,0
1789904332017,221,321021,1,3536,-3.047562,1,-0.75,Walking,True,-3.9,0,0
1789904332017,221,321021,1,3536,-3.047562,1,-0.75,Walking,True,-3.9,0,0
1789904332017,221,321021,1,3536,-3.047562,1,-0.75,Walking,True,-3.9,0,0
1789904332017,221,321021,1,3536,-3.047562,1,-0.75,Walking,True,-3.9,0,0
1789904332017,221,321021,1,3536,-3.047562,1,-0.75,Walking,True,-3.9,0,0
1789904332017,221,321021,1,3536,-3.047562,1,-0.75,Walking,True,-3.9,0,0
1789904332032,222,322429,1,3552,-3.109962,1,-0.75,Walking,True,-3.9,0,0
1789904332032,222,322429,1,3552,-3.109962,1,-0.75,Walking,True,-3.9,0,0
1789904332032,222,322429,1,3552,-3.109962,1,-0.75,Walking,True,-3.9,0,0
1789904332032,222,322429,1,3552,-3.109962,1,-0.75,Walking,True,-3.9,0,0
1789904332032,222,322429,1,3552,-3.109962,1,-0.75,Walking,True,-3.9,0,0
1789904332032,222,322429,1,3552,-3.109962,1,-0.75,Walking,True,-3.9,0,0
1789904332032,222,322429,1,3552,-3.109962,1,-0.75,Walking,True,-3.9,0,0
1789904332032,222,322429,1,3552,-3.109962,1,-0.75,Walking,True,-3.9,0,0
1789904332047,223,323495,1,3568,-3.172362,1,-0.75,Walking,True,-3.9,0,0
1789904332047,223,323495,1,3568,-3.172362,1,-0.75,Walking,True,-3.9,0,0
1789904332047,223,323495,1,3568,-3.172362,1,-0.75,Walking,True,-3.9,0,0
1789904332047,223,323495,1,3568,-3.172362,1,-0.75,Walking,True,-3.9,0,0
1789904332047,223,323495,1,3568,-3.172362,1,-0.75,Walking,True,-3.9,0,0
1789904332047,223,323495,1,3568,-3.172362,1,-0.75,Walking,True,-3.9,0,0
1789904332047,223,323495,1,3568,-3.172362,1,-0.75,Walking,True,-3.9,0,0
1789904332047,223,323495,1,3568,-3.172362,1,-0.75,Walking,True,-3.9,0,0
1789904332062,224,324801,1,3584,-3.234762,1,-0.75,Walking,True,-3.9,0,0
1789904332062,224,324801,1,3584,-3.234762,1,-0.75,Walking,True,-3.9,0,0
1789904332062,224,324801,1,3584,-3.234762,1,-0.75,Walking,True,-3.9,0,0
1789904332062,224,324801,1,3584,-3.234762,1,-0.75,Walking,True,-3.9,0,0
1789904332062,224,324801,1,3584,-3.234762,1,-0.75,Walking,True,-3.9,0,0
1789904332062,224,324801,1,3584,-3.234762,1,-0.75,Walking,True,-3.9,0,0
1789904332062,224,324801,1,3584,-3.234762,1,-0.75,Walking,True,-3.9,0,0
1789904332062,224,324801,1,3584,-3.234762,1,-0.75,Walking,True,-3.9,0,0
1789904332078,225,326154,1,3600,-3.297162,1,-0.75,Walking,True,-3.9,0,0
1789904332078,225,326154,1,3600,-3.297162,1,-0.75,Walking,True,-3.9,0,0
1789904332078,225,326154,1,3600,-3.297162,1,-0.75,Walking,True,-3.9,0,0
1789904332078,225,326154,1,3600,-3.297162,1,-0.75,Walking,True,-3.9,0,0
1789904332078,225,326154,1,3600,-3.297162,1,-0.75,Walking,True,-3.9,0,0
1789904332078,225,326154,1,3600,-3.297162,1,-0.75,Walking,True,-3.9,0,0
1789904332078,225,326154,1,3600,-3.297162,1,-0.75,Walking,True,-3.9,0,0
1789904332078,225,326154,1,3600,-3.297162,1,-0.75,Walking,True,-3.9,0,0
1789904332094,226,327585,1,3616,-3.359562,1,-0.75,Walking,True,-3.9,0,0
1789904332094,226,327585,1,3616,-3.359562,1,-0.75,Walking,True,-3.9,0,0
1789904332094,226,327585,1,3616,-3.359562,1,-0.75,Walking,True,-3.9,0,0
1789904332094,226,327585,1,3616,-3.359562,1,-0.75,Walking,True,-3.9,0,0
1789904332094,226,327585,1,3616,-3.359562,1,-0.75,Walking,True,-3.9,0,0
1789904332094,226,327585,1,3616,-3.359562,1,-0.75,Walking,True,-3.9,0,0
1789904332094,226,327585,1,3616,-3.359562,1,-0.75,Walking,True,-3.9,0,0
1789904332094,226,327585,1,3616,-3.359562,1,-0.75,Walking,True,-3.9,0,0
1789904332109,227,328908,1,3632,-3.421962,1,-0.75,Walking,True,-3.9,0,0
1789904332109,227,328908,1,3632,-3.421962,1,-0.75,Walking,True,-3.9,0,0
1789904332109,227,328908,1,3632,-3.421962,1,-0.75,Walking,True,-3.9,0,0
1789904332109,227,328908,1,3632,-3.421962,1,-0.75,Walking,True,-3.9,0,0
1789904332109,227,328908,1,3632,-3.421962,1,-0.75,Walking,True,-3.9,0,0
1789904332109,227,328908,1,3632,-3.421962,1,-0.75,Walking,True,-3.9,0,0
1789904332109,227,328908,1,3632,-3.421962,1,-0.75,Walking,True,-3.9,0,0
1789904332109,227,328908,1,3632,-3.421962,1,-0.75,Walking,True,-3.9,0,0
1789904332124,228,330035,1,3648,-3.484362,1,-0.75,Walking,True,-3.9,0,0
1789904332124,228,330035,1,3648,-3.484362,1,-0.75,Walking,True,-3.9,0,0
1789904332124,228,330035,1,3648,-3.484362,1,-0.75,Walking,True,-3.9,0,0
1789904332124,228,330035,1,3648,-3.484362,1,-0.75,Walking,True,-3.9,0,0
1789904332124,228,330035,1,3648,-3.484362,1,-0.75,Walking,True,-3.9,0,0
1789904332124,228,330035,1,3648,-3.484362,1,-0.75,Walking,True,-3.9,0,0
1789904332124,228,330035,1,3648,-3.484362,1,-0.75,Walking,True,-3.9,0,0
1789904332124,228,330035,1,3648,-3.484362,1,-0.75,Walking,True,-3.9,0,0
1789904332140,229,331243,1,3664,-3.546762,1,-0.75,Walking,True,-3.9,0,0
1789904332140,229,331243,1,3664,-3.546762,1,-0.75,Walking,True,-3.9,0,0
1789904332140,229,331243,1,3664,-3.546762,1,-0.75,Walking,True,-3.9,0,0
1789904332140,229,331243,1,3664,-3.546762,1,-0.75,Walking,True,-3.9,0,0
1789904332140,229,331243,1,3664,-3.546762,1,-0.75,Walking,True,-3.9,0,0
1789904332140,229,331243,1,3664,-3.546762,1,-0.75,Walking,True,-3.9,0,0
1789904332140,229,331243,1,3664,-3.546762,1,-0.75,Walking,True,-3.9,0,0
1789904332140,229,331243,1,3664,-3.546762,1,-0.75,Walking,True,-3.9,0,0
1789904332156,230,332319,1,3680,-3.609163,1,-0.75,Walking,True,-3.9,0,0
1789904332156,230,332319,1,3680,-3.609163,1,-0.75,Walking,True,-3.9,0,0
1789904332156,230,332319,1,3680,-3.609163,1,-0.75,Walking,True,-3.9,0,0
1789904332156,230,332319,1,3680,-3.609163,1,-0.75,Walking,True,-3.9,0,0
1789904332156,230,332319,1,3680,-3.609163,1,-0.75,Walking,True,-3.9,0,0
1789904332156,230,332319,1,3680,-3.609163,1,-0.75,Walking,True,-3.9,0,0
1789904332156,230,332319,1,3680,-3.609163,1,-0.75,Walking,True,-3.9,0,0
1789904332156,230,332319,1,3680,-3.609163,1,-0.75,Walking,True,-3.9,0,0
1789904332172,231,333549,1,3696,-3.671563,1,-0.75,Walking,True,-3.9,0,0
1789904332172,231,333549,1,3696,-3.671563,1,-0.75,Walking,True,-3.9,0,0
1789904332172,231,333549,1,3696,-3.671563,1,-0.75,Walking,True,-3.9,0,0
1789904332172,231,333549,1,3696,-3.671563,1,-0.75,Walking,True,-3.9,0,0
1789904332172,231,333549,1,3696,-3.671563,1,-0.75,Walking,True,-3.9,0,0
1789904332172,231,333549,1,3696,-3.671563,1,-0.75,Walking,True,-3.9,0,0
1789904332172,231,333549,1,3696,-3.671563,1,-0.75,Walking,True,-3.9,0,0
1789904332172,231,333549,1,3696,-3.671563,1,-0.75,Walking,True,-3.9,0,0
1789904332202,232,334697,1,3712,-3.728843,1,-0.75,Walking,True,-3.58,0,0
1789904332202,232,334697,1,3712,-3.728843,1,-0.75,Walking,True,-3.58,0,0
1789904332202,232,334697,1,3712,-3.728843,1,-0.75,Walking,True,-3.58,0,0
1789904332202,232,334697,1,3712,-3.728843,1,-0.75,Walking,True,-3.58,0,0
1789904332202,232,334697,1,3712,-3.728843,1,-0.75,Walking,True,-3.58,0,0
1789904332202,232,334697,1,3712,-3.728843,1,-0.75,Walking,True,-3.58,0,0
1789904332202,232,334697,1,3712,-3.728843,1,-0.75,Walking,True,-3.58,0,0
1789904332202,232,334697,1,3712,-3.728843,1,-0.75,Walking,True,-3.58,0,0
1789904332218,233,336913,1,3728,-3.781003,1,-0.75,Walking,True,-3.26,0,0
1789904332218,233,336913,1,3728,-3.781003,1,-0.75,Walking,True,-3.26,0,0
1789904332219,233,336913,1,3728,-3.781003,1,-0.75,Walking,True,-3.26,0,0
1789904332219,233,336913,1,3728,-3.781003,1,-0.75,Walking,True,-3.26,0,0
1789904332219,233,336913,1,3728,-3.781003,1,-0.75,Walking,True,-3.26,0,0
1789904332219,233,336913,1,3728,-3.781003,1,-0.75,Walking,True,-3.26,0,0
1789904332219,233,336913,1,3728,-3.781003,1,-0.75,Walking,True,-3.26,0,0
1789904332219,233,336913,1,3728,-3.781003,1,-0.75,Walking,True,-3.26,0,0
1789904332235,234,338053,1,3744,-3.828043,1,-0.75,Walking,True,-2.94,0,0
1789904332235,234,338053,1,3744,-3.828043,1,-0.75,Walking,True,-2.94,0,0
1789904332235,234,338053,1,3744,-3.828043,1,-0.75,Walking,True,-2.94,0,0
1789904332235,234,338053,1,3744,-3.828043,1,-0.75,Walking,True,-2.94,0,0
1789904332235,234,338053,1,3744,-3.828043,1,-0.75,Walking,True,-2.94,0,0
1789904332235,234,338053,1,3744,-3.828043,1,-0.75,Walking,True,-2.94,0,0
1789904332235,234,338053,1,3744,-3.828043,1,-0.75,Walking,True,-2.94,0,0
1789904332235,234,338053,1,3744,-3.828043,1,-0.75,Walking,True,-2.94,0,0
1789904332251,235,339091,1,3760,-3.869963,1,-0.75,Walking,True,-2.62,0,0
1789904332251,235,339091,1,3760,-3.869963,1,-0.75,Walking,True,-2.62,0,0
1789904332251,235,339091,1,3760,-3.869963,1,-0.75,Walking,True,-2.62,0,0
1789904332251,235,339091,1,3760,-3.869963,1,-0.75,Walking,True,-2.62,0,0
1789904332251,235,339091,1,3760,-3.869963,1,-0.75,Walking,True,-2.62,0,0
1789904332251,235,339091,1,3760,-3.869963,1,-0.75,Walking,True,-2.62,0,0
1789904332251,235,339091,1,3760,-3.869963,1,-0.75,Walking,True,-2.62,0,0
1789904332251,235,339091,1,3760,-3.869963,1,-0.75,Walking,True,-2.62,0,0
1789904332267,236,340179,1,3776,-3.906763,1,-0.75,Walking,True,-2.3,0,0
1789904332267,236,340179,1,3776,-3.906763,1,-0.75,Walking,True,-2.3,0,0
1789904332267,236,340179,1,3776,-3.906763,1,-0.75,Walking,True,-2.3,0,0
1789904332267,236,340179,1,3776,-3.906763,1,-0.75,Walking,True,-2.3,0,0
1789904332267,236,340179,1,3776,-3.906763,1,-0.75,Walking,True,-2.3,0,0
1789904332267,236,340179,1,3776,-3.906763,1,-0.75,Walking,True,-2.3,0,0
1789904332267,236,340179,1,3776,-3.906763,1,-0.75,Walking,True,-2.3,0,0
1789904332267,236,340179,1,3776,-3.906763,1,-0.75,Walking,True,-2.3,0,0
1789904332283,237,341270,1,3792,-3.938443,1,-0.75,Walking,True,-1.98,0,0
1789904332283,237,341270,1,3792,-3.938443,1,-0.75,Walking,True,-1.98,0,0
1789904332283,237,341270,1,3792,-3.938443,1,-0.75,Walking,True,-1.98,0,0
1789904332283,237,341270,1,3792,-3.938443,1,-0.75,Walking,True,-1.98,0,0
1789904332283,237,341270,1,3792,-3.938443,1,-0.75,Walking,True,-1.98,0,0
1789904332283,237,341270,1,3792,-3.938443,1,-0.75,Walking,True,-1.98,0,0
1789904332283,237,341270,1,3792,-3.938443,1,-0.75,Walking,True,-1.98,0,0
1789904332283,237,341270,1,3792,-3.938443,1,-0.75,Walking,True,-1.98,0,0
1789904332313,238,342619,1,3808,-3.965003,1,-0.75,Walking,True,-1.66,0,0
1789904332313,238,342619,1,3808,-3.965003,1,-0.75,Walking,True,-1.66,0,0
1789904332313,239,342621,1,3824,-3.986443,1,-0.75,Walking,True,-1.34,0,0
1789904332313,239,342621,1,3824,-3.986443,1,-0.75,Walking,True,-1.34,0,0
1789904332313,239,342621,1,3824,-3.986443,1,-0.75,Walking,True,-1.34,0,0
1789904332313,239,342621,1,3824,-3.986443,1,-0.75,Walking,True,-1.34,0,0
1789904332313,239,342621,1,3824,-3.986443,1,-0.75,Walking,True,-1.34,0,0
1789904332313,239,342621,1,3824,-3.986443,1,-0.75,Walking,True,-1.34,0,0
1789904332328,240,344885,1,3840,-4.002763,1,-0.75,Walking,True,-1.02,0,0
1789904332328,240,344885,1,3840,-4.002763,1,-0.75,Walking,True,-1.02,0,0
1789904332328,240,344885,1,3840,-4.002763,1,-0.75,Walking,True,-1.02,0,0
1789904332328,240,344885,1,3840,-4.002763,1,-0.75,Walking,True,-1.02,0,0
1789904332328,240,344885,1,3840,-4.002763,1,-0.75,Walking,True,-1.02,0,0
1789904332328,240,344885,1,3840,-4.002763,1,-0.75,Walking,True,-1.02,0,0
1789904332328,240,344885,1,3840,-4.002763,1,-0.75,Walking,True,-1.02,0,0
1789904332328,240,344885,1,3840,-4.002763,1,-0.75,Walking,True,-1.02,0,0
1789904332343,241,345810,1,3856,-4.013963,1,-0.75,Walking,True,-0.7,0,0
1789904332343,241,345810,1,3856,-4.013963,1,-0.75,Walking,True,-0.7,0,0
1789904332343,241,345810,1,3856,-4.013963,1,-0.75,Walking,True,-0.7,0,0
1789904332343,241,345810,1,3856,-4.013963,1,-0.75,Walking,True,-0.7,0,0
1789904332343,241,345810,1,3856,-4.013963,1,-0.75,Walking,True,-0.7,0,0
1789904332343,241,345810,1,3856,-4.013963,1,-0.75,Walking,True,-0.7,0,0
1789904332343,241,345810,1,3856,-4.013963,1,-0.75,Walking,True,-0.7,0,0
1789904332343,241,345810,1,3856,-4.013963,1,-0.75,Walking,True,-0.7,0,0
1789904332359,242,346971,1,3872,-4.020043,1,-0.75,Walking,True,-0.38,0,0
1789904332359,242,346971,1,3872,-4.020043,1,-0.75,Walking,True,-0.38,0,0
1789904332359,242,346971,1,3872,-4.020043,1,-0.75,Walking,True,-0.38,0,0
1789904332359,242,346971,1,3872,-4.020043,1,-0.75,Walking,True,-0.38,0,0
1789904332359,242,346971,1,3872,-4.020043,1,-0.75,Walking,True,-0.38,0,0
1789904332359,242,346971,1,3872,-4.020043,1,-0.75,Walking,True,-0.38,0,0
1789904332359,242,346971,1,3872,-4.020043,1,-0.75,Walking,True,-0.38,0,0
1789904332359,242,346971,1,3872,-4.020043,1,-0.75,Walking,True,-0.38,0,0
1789904332375,243,348202,1,3888,-4.020043,1,-0.75,Walking,True,-0.06,0,0
1789904332375,243,348202,1,3888,-4.020043,1,-0.75,Walking,True,-0.06,0,0
1789904332375,243,348202,1,3888,-4.020043,1,-0.75,Walking,True,-0.06,0,0
1789904332375,243,348202,1,3888,-4.020043,1,-0.75,Walking,True,-0.06,0,0
1789904332375,243,348202,1,3888,-4.020043,1,-0.75,Walking,True,-0.06,0,0
1789904332375,243,348202,1,3888,-4.020043,1,-0.75,Walking,True,-0.06,0,0
1789904332375,243,348202,1,3888,-4.020043,1,-0.75,Walking,True,-0.06,0,0
1789904332375,243,348202,1,3888,-4.020043,1,-0.75,Walking,True,-0.06,0,0
1789904332391,244,349598,1,3904,-4.020043,1,-0.75,Walking,True,0,0,0
1789904332391,244,349598,1,3904,-4.020043,1,-0.75,Walking,True,0,0,0
1789904332391,244,349598,1,3904,-4.020043,1,-0.75,Walking,True,0,0,0
1789904332391,244,349598,1,3904,-4.020043,1,-0.75,Walking,True,0,0,0
1789904332391,244,349598,1,3904,-4.020043,1,-0.75,Walking,True,0,0,0
1789904332391,244,349598,1,3904,-4.020043,1,-0.75,Walking,True,0,0,0
1789904332391,244,349598,1,3904,-4.020043,1,-0.75,Walking,True,0,0,0
1789904332391,244,349598,1,3904,-4.020043,1,-0.75,Walking,True,0,0,0
1789904332406,245,350953,1,3920,-4.020043,1,-0.75,Walking,True,0,0,0
1789904332406,245,350953,1,3920,-4.020043,1,-0.75,Walking,True,0,0,0
1789904332406,245,350953,1,3920,-4.020043,1,-0.75,Walking,True,0,0,0
1789904332406,245,350953,1,3920,-4.020043,1,-0.75,Walking,True,0,0,0
1789904332406,245,350953,1,3920,-4.020043,1,-0.75,Walking,True,0,0,0
1789904332406,245,350953,1,3920,-4.020043,1,-0.75,Walking,True,0,0,0
1789904332406,245,350953,1,3920,-4.020043,1,-0.75,Walking,True,0,0,0
1789904332406,245,350953,1,3920,-4.020043,1,-0.75,Walking,True,0,0,0
1789904332422,246,352305,1,3936,-4.020043,1,-0.75,Walking,True,0,0,0
1789904332422,246,352305,1,3936,-4.020043,1,-0.75,Walking,True,0,0,0
1789904332422,246,352305,1,3936,-4.020043,1,-0.75,Walking,True,0,0,0
1789904332422,246,352305,1,3936,-4.020043,1,-0.75,Walking,True,0,0,0
1789904332422,246,352305,1,3936,-4.020043,1,-0.75,Walking,True,0,0,0
1789904332422,246,352305,1,3936,-4.020043,1,-0.75,Walking,True,0,0,0
1789904332422,246,352305,1,3936,-4.020043,1,-0.75,Walking,True,0,0,0
1789904332422,246,352305,1,3936,-4.020043,1,-0.75,Walking,True,0,0,0
1789904332437,247,353637,1,3952,-4.020043,1,-0.75,Walking,True,0,0,0
1789904332437,247,353637,1,3952,-4.020043,1,-0.75,Walking,True,0,0,0
1789904332437,247,353637,1,3952,-4.020043,1,-0.75,Walking,True,0,0,0
1789904332437,247,353637,1,3952,-4.020043,1,-0.75,Walking,True,0,0,0
1789904332437,247,353637,1,3952,-4.020043,1,-0.75,Walking,True,0,0,0
1789904332437,247,353637,1,3952,-4.020043,1,-0.75,Walking,True,0,0,0
1789904332437,247,353637,1,3952,-4.020043,1,-0.75,Walking,True,0,0,0
1789904332437,247,353637,1,3952,-4.020043,1,-0.75,Walking,True,0,0,0
1789904332453,248,355104,1,3968,-4.020043,1,-0.75,Walking,True,0,0,0
1789904332453,248,355104,1,3968,-4.020043,1,-0.75,Walking,True,0,0,0
1789904332453,248,355104,1,3968,-4.020043,1,-0.75,Walking,True,0,0,0
1789904332453,248,355104,1,3968,-4.020043,1,-0.75,Walking,True,0,0,0
1789904332453,248,355104,1,3968,-4.020043,1,-0.75,Walking,True,0,0,0
1789904332453,248,355104,1,3968,-4.020043,1,-0.75,Walking,True,0,0,0
1789904332453,248,355104,1,3968,-4.020043,1,-0.75,Walking,True,0,0,0
1789904332453,248,355104,1,3968,-4.020043,1,-0.75,Walking,True,0,0,0
1789904332469,249,356527,1,3984,-4.020043,1,-0.75,Walking,True,0,0,0
1789904332469,249,356527,1,3984,-4.020043,1,-0.75,Walking,True,0,0,0
1789904332469,249,356527,1,3984,-4.020043,1,-0.75,Walking,True,0,0,0
1789904332469,249,356527,1,3984,-4.020043,1,-0.75,Walking,True,0,0,0
1789904332469,249,356527,1,3984,-4.020043,1,-0.75,Walking,True,0,0,0
1789904332469,249,356527,1,3984,-4.020043,1,-0.75,Walking,True,0,0,0
1789904332469,249,356527,1,3984,-4.020043,1,-0.75,Walking,True,0,0,0
1789904332469,249,356527,1,3984,-4.020043,1,-0.75,Walking,True,0,0,0
1789904332485,250,358095,1,4000,-4.020043,1,-0.75,Walking,True,0,0,0
1789904332485,250,358095,1,4000,-4.020043,1,-0.75,Walking,True,0,0,0
1789904332485,250,358095,1,4000,-4.020043,1,-0.75,Walking,True,0,0,0
1789904332485,250,358095,1,4000,-4.020043,1,-0.75,Walking,True,0,0,0
1789904332485,250,358095,1,4000,-4.020043,1,-0.75,Walking,True,0,0,0
1789904332485,250,358095,1,4000,-4.020043,1,-0.75,Walking,True,0,0,0
1789904332485,250,358095,1,4000,-4.020043,1,-0.75,Walking,True,0,0,0
1789904332485,250,358095,1,4000,-4.020043,1,-0.75,Walking,True,0,0,0
1789904332500,251,359674,1,4016,-4.020043,1,-0.75,Walking,True,0,0,0
1789904332500,251,359674,1,4016,-4.020043,1,-0.75,Walking,True,0,0,0
1789904332500,251,359674,1,4016,-4.020043,1,-0.75,Walking,True,0,0,0
1789904332500,251,359674,1,4016,-4.020043,1,-0.75,Walking,True,0,0,0
1789904332500,251,359674,1,4016,-4.020043,1,-0.75,Walking,True,0,0,0
1789904332500,251,359674,1,4016,-4.020043,1,-0.75,Walking,True,0,0,0
1789904332500,251,359674,1,4016,-4.020043,1,-0.75,Walking,True,0,0,0
1789904332500,251,359674,1,4016,-4.020043,1,-0.75,Walking,True,0,0,0
1789904332516,252,361007,1,4032,-4.020043,1,-0.75,Walking,True,0,0,0
1789904332516,252,361007,1,4032,-4.020043,1,-0.75,Walking,True,0,0,0
1789904332516,252,361007,1,4032,-4.020043,1,-0.75,Walking,True,0,0,0
1789904332516,252,361007,1,4032,-4.020043,1,-0.75,Walking,True,0,0,0
1789904332516,252,361007,1,4032,-4.020043,1,-0.75,Walking,True,0,0,0
1789904332516,252,361007,1,4032,-4.020043,1,-0.75,Walking,True,0,0,0
1789904332516,252,361007,1,4032,-4.020043,1,-0.75,Walking,True,0,0,0
1789904332516,252,361007,1,4032,-4.020043,1,-0.75,Walking,True,0,0,0
1789904332532,253,362379,1,4048,-4.020043,1,-0.75,Walking,True,0,0,0
1789904332532,253,362379,1,4048,-4.020043,1,-0.75,Walking,True,0,0,0
1789904332532,253,362379,1,4048,-4.020043,1,-0.75,Walking,True,0,0,0
1789904332532,253,362379,1,4048,-4.020043,1,-0.75,Walking,True,0,0,0
1789904332532,253,362379,1,4048,-4.020043,1,-0.75,Walking,True,0,0,0
1789904332532,253,362379,1,4048,-4.020043,1,-0.75,Walking,True,0,0,0
1789904332532,253,362379,1,4048,-4.020043,1,-0.75,Walking,True,0,0,0
1789904332532,253,362379,1,4048,-4.020043,1,-0.75,Walking,True,0,0,0
1789904332547,254,363765,1,4064,-4.020043,1,-0.75,Walking,True,0,0,0
1789904332547,254,363765,1,4064,-4.020043,1,-0.75,Walking,True,0,0,0
1789904332547,254,363765,1,4064,-4.020043,1,-0.75,Walking,True,0,0,0
1789904332547,254,363765,1,4064,-4.020043,1,-0.75,Walking,True,0,0,0
1789904332547,254,363765,1,4064,-4.020043,1,-0.75,Walking,True,0,0,0
1789904332547,254,363765,1,4064,-4.020043,1,-0.75,Walking,True,0,0,0
1789904332547,254,363765,1,4064,-4.020043,1,-0.75,Walking,True,0,0,0
1789904332547,254,363765,1,4064,-4.020043,1,-0.75,Walking,True,0,0,0
1789904332563,255,365053,1,4080,-4.020043,1,-0.75,Walking,True,0,0,0
1789904332563,255,365053,1,4080,-4.020043,1,-0.75,Walking,True,0,0,0
1789904332563,255,365053,1,4080,-4.020043,1,-0.75,Walking,True,0,0,0
1789904332563,255,365053,1,4080,-4.020043,1,-0.75,Walking,True,0,0,0
1789904332563,255,365053,1,4080,-4.020043,1,-0.75,Walking,True,0,0,0
1789904332563,255,365053,1,4080,-4.020043,1,-0.75,Walking,True,0,0,0
1789904332563,255,365053,1,4080,-4.020043,1,-0.75,Walking,True,0,0,0
1789904332563,255,365053,1,4080,-4.020043,1,-0.75,Walking,True,0,0,0
1789904332578,256,366434,1,4096,-4.020043,1,-0.75,Walking,True,0,0,0
1789904332578,256,366434,1,4096,-4.020043,1,-0.75,Walking,True,0,0,0
1789904332578,256,366434,1,4096,-4.020043,1,-0.75,Walking,True,0,0,0
1789904332578,256,366434,1,4096,-4.020043,1,-0.75,Walking,True,0,0,0
1789904332578,256,366434,1,4096,-4.020043,1,-0.75,Walking,True,0,0,0
1789904332578,256,366434,1,4096,-4.020043,1,-0.75,Walking,True,0,0,0
1789904332578,256,366434,1,4096,-4.020043,1,-0.75,Walking,True,0,0,0
1789904332578,256,366434,1,4096,-4.020043,1,-0.75,Walking,True,0,0,0
1789904332594,257,367836,1,4112,-4.020043,1,-0.75,Walking,True,0,0,0
1789904332594,257,367836,1,4112,-4.020043,1,-0.75,Walking,True,0,0,0
1789904332594,257,367836,1,4112,-4.020043,1,-0.75,Walking,True,0,0,0
1789904332594,257,367836,1,4112,-4.020043,1,-0.75,Walking,True,0,0,0
1789904332594,257,367836,1,4112,-4.020043,1,-0.75,Walking,True,0,0,0
1789904332594,257,367836,1,4112,-4.020043,1,-0.75,Walking,True,0,0,0
1789904332594,257,367836,1,4112,-4.020043,1,-0.75,Walking,True,0,0,0
1789904332594,257,367836,1,4112,-4.020043,1,-0.75,Walking,True,0,0,0
1789904332610,258,369139,1,4128,-4.020043,1,-0.75,Walking,True,0,0,0
1789904332610,258,369139,1,4128,-4.020043,1,-0.75,Walking,True,0,0,0
1789904332610,258,369139,1,4128,-4.020043,1,-0.75,Walking,True,0,0,0
1789904332610,258,369139,1,4128,-4.020043,1,-0.75,Walking,True,0,0,0
1789904332610,258,369139,1,4128,-4.020043,1,-0.75,Walking,True,0,0,0
1789904332610,258,369139,1,4128,-4.020043,1,-0.75,Walking,True,0,0,0
1789904332610,258,369139,1,4128,-4.020043,1,-0.75,Walking,True,0,0,0
1789904332610,258,369139,1,4128,-4.020043,1,-0.75,Walking,True,0,0,0
1789904332627,259,370691,1,4144,-4.020043,1,-0.75,Walking,True,0,0,0
1789904332627,259,370691,1,4144,-4.020043,1,-0.75,Walking,True,0,0,0
1789904332627,259,370691,1,4144,-4.020043,1,-0.75,Walking,True,0,0,0
1789904332627,259,370691,1,4144,-4.020043,1,-0.75,Walking,True,0,0,0
1789904332627,259,370691,1,4144,-4.020043,1,-0.75,Walking,True,0,0,0
1789904332627,259,370691,1,4144,-4.020043,1,-0.75,Walking,True,0,0,0
1789904332627,259,370691,1,4144,-4.020043,1,-0.75,Walking,True,0,0,0
1789904332627,259,370691,1,4144,-4.020043,1,-0.75,Walking,True,0,0,0
1789904332641,260,372202,1,4160,-4.020043,1,-0.75,Walking,True,0,0,0
1789904332641,260,372202,1,4160,-4.020043,1,-0.75,Walking,True,0,0,0
1789904332641,260,372202,1,4160,-4.020043,1,-0.75,Walking,True,0,0,0
1789904332641,260,372202,1,4160,-4.020043,1,-0.75,Walking,True,0,0,0
1789904332641,260,372202,1,4160,-4.020043,1,-0.75,Walking,True,0,0,0
1789904332641,260,372202,1,4160,-4.020043,1,-0.75,Walking,True,0,0,0
1789904332641,260,372202,1,4160,-4.020043,1,-0.75,Walking,True,0,0,0
1789904332641,260,372202,1,4160,-4.020043,1,-0.75,Walking,True,0,0,0
1789904332657,261,373444,1,4176,-4.020043,1,-0.75,Walking,True,0,0,0
1789904332657,261,373444,1,4176,-4.020043,1,-0.75,Walking,True,0,0,0
1789904332657,261,373444,1,4176,-4.020043,1,-0.75,Walking,True,0,0,0
1789904332657,261,373444,1,4176,-4.020043,1,-0.75,Walking,True,0,0,0
1789904332657,261,373444,1,4176,-4.020043,1,-0.75,Walking,True,0,0,0
1789904332657,261,373444,1,4176,-4.020043,1,-0.75,Walking,True,0,0,0
1789904332657,261,373444,1,4176,-4.020043,1,-0.75,Walking,True,0,0,0
1789904332657,261,373444,1,4176,-4.020043,1,-0.75,Walking,True,0,0,0
1789904332673,262,374688,1,4192,-4.020043,1,-0.75,Walking,True,0,0,0
1789904332673,262,374688,1,4192,-4.020043,1,-0.75,Walking,True,0,0,0
1789904332673,262,374688,1,4192,-4.020043,1,-0.75,Walking,True,0,0,0
1789904332673,262,374688,1,4192,-4.020043,1,-0.75,Walking,True,0,0,0
1789904332673,262,374688,1,4192,-4.020043,1,-0.75,Walking,True,0,0,0
1789904332673,262,374688,1,4192,-4.020043,1,-0.75,Walking,True,0,0,0
1789904332673,262,374688,1,4192,-4.020043,1,-0.75,Walking,True,0,0,0
1789904332673,262,374688,1,4192,-4.020043,1,-0.75,Walking,True,0,0,0
1789904332907,263,404325,1,4208,-4.020043,1.061489,-0.75,Falling,False,0,3.84304,0
1789904332907,263,404325,1,4208,-4.020043,1.061489,-0.75,Falling,False,0,3.84304,0
1789904332907,263,404325,1,4208,-4.020043,1.061489,-0.75,Falling,False,0,3.84304,0
1789904332907,263,404325,1,4208,-4.020043,1.061489,-0.75,Falling,False,0,3.84304,0
1789904332907,263,404325,1,4208,-4.020043,1.061489,-0.75,Falling,False,0,3.84304,0
1789904332907,263,404325,1,4208,-4.020043,1.061489,-0.75,Falling,False,0,3.84304,0
1789904332907,263,404325,1,4208,-4.020043,1.061489,-0.75,Falling,False,0,3.84304,0
1789904332907,263,404325,1,4208,-4.020043,1.061489,-0.75,Falling,False,0,3.84304,0
1789904332938,264,405493,1,4224,-4.020043,1.120466,-0.75,Falling,False,0,3.68608,0
1789904332938,264,405493,1,4224,-4.020043,1.120466,-0.75,Falling,False,0,3.68608,0
1789904332938,264,405493,1,4224,-4.020043,1.120466,-0.75,Falling,False,0,3.68608,0
1789904332938,264,405493,1,4224,-4.020043,1.120466,-0.75,Falling,False,0,3.68608,0
1789904332938,264,405493,1,4224,-4.020043,1.120466,-0.75,Falling,False,0,3.68608,0
1789904332938,264,405493,1,4224,-4.020043,1.120466,-0.75,Falling,False,0,3.68608,0
1789904332938,264,405493,1,4224,-4.020043,1.120466,-0.75,Falling,False,0,3.68608,0
1789904332938,264,405493,1,4224,-4.020043,1.120466,-0.75,Falling,False,0,3.68608,0
1789904332966,266,407884,1,4256,-4.020043,1.230886,-0.75,Falling,False,0,3.37216,0
1789904332966,266,407884,1,4256,-4.020043,1.230886,-0.75,Falling,False,0,3.37216,0
1789904332966,266,407884,1,4256,-4.020043,1.230886,-0.75,Falling,False,0,3.37216,0
1789904332966,266,407884,1,4256,-4.020043,1.230886,-0.75,Falling,False,0,3.37216,0
1789904332966,266,407884,1,4256,-4.020043,1.230886,-0.75,Falling,False,0,3.37216,0
1789904332966,266,407884,1,4256,-4.020043,1.230886,-0.75,Falling,False,0,3.37216,0
1789904332966,266,407884,1,4256,-4.020043,1.230886,-0.75,Falling,False,0,3.37216,0
1789904332966,266,407884,1,4256,-4.020043,1.230886,-0.75,Falling,False,0,3.37216,0
1789904332981,267,410353,1,4272,-4.020043,1.28233,-0.75,Falling,False,0,3.2152,0
1789904332981,267,410353,1,4272,-4.020043,1.28233,-0.75,Falling,False,0,3.2152,0
1789904332981,267,410353,1,4272,-4.020043,1.28233,-0.75,Falling,False,0,3.2152,0
1789904332981,267,410353,1,4272,-4.020043,1.28233,-0.75,Falling,False,0,3.2152,0
1789904332981,267,410353,1,4272,-4.020043,1.28233,-0.75,Falling,False,0,3.2152,0
1789904332981,267,410353,1,4272,-4.020043,1.28233,-0.75,Falling,False,0,3.2152,0
1789904332981,267,410353,1,4272,-4.020043,1.28233,-0.75,Falling,False,0,3.2152,0
1789904332981,267,410353,1,4272,-4.020043,1.28233,-0.75,Falling,False,0,3.2152,0
1789904332997,268,411613,1,4288,-4.020043,1.331262,-0.75,Falling,False,0,3.05824,0
1789904332997,268,411613,1,4288,-4.020043,1.331262,-0.75,Falling,False,0,3.05824,0
1789904332997,268,411613,1,4288,-4.020043,1.331262,-0.75,Falling,False,0,3.05824,0
1789904332997,268,411613,1,4288,-4.020043,1.331262,-0.75,Falling,False,0,3.05824,0
1789904332997,268,411613,1,4288,-4.020043,1.331262,-0.75,Falling,False,0,3.05824,0
1789904332997,268,411613,1,4288,-4.020043,1.331262,-0.75,Falling,False,0,3.05824,0
1789904332997,268,411613,1,4288,-4.020043,1.331262,-0.75,Falling,False,0,3.05824,0
1789904332997,268,411613,1,4288,-4.020043,1.331262,-0.75,Falling,False,0,3.05824,0
1789904333012,269,413062,1,4304,-4.020043,1.377682,-0.75,Falling,False,0,2.90128,0
1789904333012,269,413062,1,4304,-4.020043,1.377682,-0.75,Falling,False,0,2.90128,0
1789904333012,269,413062,1,4304,-4.020043,1.377682,-0.75,Falling,False,0,2.90128,0
1789904333012,269,413062,1,4304,-4.020043,1.377682,-0.75,Falling,False,0,2.90128,0
1789904333012,269,413062,1,4304,-4.020043,1.377682,-0.75,Falling,False,0,2.90128,0
1789904333012,269,413062,1,4304,-4.020043,1.377682,-0.75,Falling,False,0,2.90128,0
1789904333012,269,413062,1,4304,-4.020043,1.377682,-0.75,Falling,False,0,2.90128,0
1789904333012,269,413062,1,4304,-4.020043,1.377682,-0.75,Falling,False,0,2.90128,0
1789904333028,270,414561,1,4320,-4.020043,1.421591,-0.75,Falling,False,0,2.74432,0
1789904333028,270,414561,1,4320,-4.020043,1.421591,-0.75,Falling,False,0,2.74432,0
1789904333028,270,414561,1,4320,-4.020043,1.421591,-0.75,Falling,False,0,2.74432,0
1789904333028,270,414561,1,4320,-4.020043,1.421591,-0.75,Falling,False,0,2.74432,0
1789904333028,270,414561,1,4320,-4.020043,1.421591,-0.75,Falling,False,0,2.74432,0
1789904333028,270,414561,1,4320,-4.020043,1.421591,-0.75,Falling,False,0,2.74432,0
1789904333028,270,414561,1,4320,-4.020043,1.421591,-0.75,Falling,False,0,2.74432,0
1789904333028,270,414561,1,4320,-4.020043,1.421591,-0.75,Falling,False,0,2.74432,0
1789904333043,271,415978,1,4336,-4.020043,1.462989,-0.75,Falling,False,0,2.58736,0
1789904333043,271,415978,1,4336,-4.020043,1.462989,-0.75,Falling,False,0,2.58736,0
1789904333043,271,415978,1,4336,-4.020043,1.462989,-0.75,Falling,False,0,2.58736,0
1789904333043,271,415978,1,4336,-4.020043,1.462989,-0.75,Falling,False,0,2.58736,0
1789904333043,271,415978,1,4336,-4.020043,1.462989,-0.75,Falling,False,0,2.58736,0
1789904333043,271,415978,1,4336,-4.020043,1.462989,-0.75,Falling,False,0,2.58736,0
1789904333043,271,415978,1,4336,-4.020043,1.462989,-0.75,Falling,False,0,2.58736,0
1789904333043,271,415978,1,4336,-4.020043,1.462989,-0.75,Falling,False,0,2.58736,0
1789904333058,272,417488,1,4352,-4.020043,1.501875,-0.75,Falling,False,0,2.4304,0
1789904333058,272,417488,1,4352,-4.020043,1.501875,-0.75,Falling,False,0,2.4304,0
1789904333058,272,417488,1,4352,-4.020043,1.501875,-0.75,Falling,False,0,2.4304,0
1789904333058,272,417488,1,4352,-4.020043,1.501875,-0.75,Falling,False,0,2.4304,0
1789904333058,272,417488,1,4352,-4.020043,1.501875,-0.75,Falling,False,0,2.4304,0
1789904333058,272,417488,1,4352,-4.020043,1.501875,-0.75,Falling,False,0,2.4304,0
1789904333058,272,417488,1,4352,-4.020043,1.501875,-0.75,Falling,False,0,2.4304,0
1789904333058,272,417488,1,4352,-4.020043,1.501875,-0.75,Falling,False,0,2.4304,0
1789904333074,273,418946,1,4368,-4.020043,1.53825,-0.75,Falling,False,0,2.27344,0
1789904333074,273,418946,1,4368,-4.020043,1.53825,-0.75,Falling,False,0,2.27344,0
1789904333074,273,418946,1,4368,-4.020043,1.53825,-0.75,Falling,False,0,2.27344,0
1789904333074,273,418946,1,4368,-4.020043,1.53825,-0.75,Falling,False,0,2.27344,0
1789904333074,273,418946,1,4368,-4.020043,1.53825,-0.75,Falling,False,0,2.27344,0
1789904333074,273,418946,1,4368,-4.020043,1.53825,-0.75,Falling,False,0,2.27344,0
1789904333074,273,418946,1,4368,-4.020043,1.53825,-0.75,Falling,False,0,2.27344,0
1789904333074,273,418946,1,4368,-4.020043,1.53825,-0.75,Falling,False,0,2.27344,0
1789904333091,274,420505,1,4384,-4.020043,1.572114,-0.75,Falling,False,0,2.11648,0
1789904333091,274,420505,1,4384,-4.020043,1.572114,-0.75,Falling,False,0,2.11648,0
1789904333091,274,420505,1,4384,-4.020043,1.572114,-0.75,Falling,False,0,2.11648,0
1789904333091,274,420505,1,4384,-4.020043,1.572114,-0.75,Falling,False,0,2.11648,0
1789904333091,274,420505,1,4384,-4.020043,1.572114,-0.75,Falling,False,0,2.11648,0
1789904333091,274,420505,1,4384,-4.020043,1.572114,-0.75,Falling,False,0,2.11648,0
1789904333091,274,420505,1,4384,-4.020043,1.572114,-0.75,Falling,False,0,2.11648,0
1789904333091,274,420505,1,4384,-4.020043,1.572114,-0.75,Falling,False,0,2.11648,0
1789904333107,275,421922,1,4400,-4.020043,1.603466,-0.75,Falling,False,0,1.95952,0
1789904333107,275,421922,1,4400,-4.020043,1.603466,-0.75,Falling,False,0,1.95952,0
1789904333107,275,421922,1,4400,-4.020043,1.603466,-0.75,Falling,False,0,1.95952,0
1789904333107,275,421922,1,4400,-4.020043,1.603466,-0.75,Falling,False,0,1.95952,0
1789904333107,275,421922,1,4400,-4.020043,1.603466,-0.75,Falling,False,0,1.95952,0
1789904333107,275,421922,1,4400,-4.020043,1.603466,-0.75,Falling,False,0,1.95952,0
1789904333107,275,421922,1,4400,-4.020043,1.603466,-0.75,Falling,False,0,1.95952,0
1789904333107,275,421922,1,4400,-4.020043,1.603466,-0.75,Falling,False,0,1.95952,0
1789904333122,276,423465,1,4416,-4.020043,1.632307,-0.75,Falling,False,0,1.80256,0
1789904333122,276,423465,1,4416,-4.020043,1.632307,-0.75,Falling,False,0,1.80256,0
1789904333122,276,423465,1,4416,-4.020043,1.632307,-0.75,Falling,False,0,1.80256,0
1789904333122,276,423465,1,4416,-4.020043,1.632307,-0.75,Falling,False,0,1.80256,0
1789904333122,276,423465,1,4416,-4.020043,1.632307,-0.75,Falling,False,0,1.80256,0
1789904333122,276,423465,1,4416,-4.020043,1.632307,-0.75,Falling,False,0,1.80256,0
1789904333122,276,423465,1,4416,-4.020043,1.632307,-0.75,Falling,False,0,1.80256,0
1789904333122,276,423465,1,4416,-4.020043,1.632307,-0.75,Falling,False,0,1.80256,0
1789904333138,277,424901,1,4432,-4.020043,1.658637,-0.75,Falling,False,0,1.6456,0
1789904333138,277,424901,1,4432,-4.020043,1.658637,-0.75,Falling,False,0,1.6456,0
1789904333138,277,424901,1,4432,-4.020043,1.658637,-0.75,Falling,False,0,1.6456,0
1789904333138,277,424901,1,4432,-4.020043,1.658637,-0.75,Falling,False,0,1.6456,0
1789904333138,277,424901,1,4432,-4.020043,1.658637,-0.75,Falling,False,0,1.6456,0
1789904333138,277,424901,1,4432,-4.020043,1.658637,-0.75,Falling,False,0,1.6456,0
1789904333138,277,424901,1,4432,-4.020043,1.658637,-0.75,Falling,False,0,1.6456,0
1789904333138,277,424901,1,4432,-4.020043,1.658637,-0.75,Falling,False,0,1.6456,0
1789904333153,278,426245,1,4448,-4.020043,1.682455,-0.75,Falling,False,0,1.48864,0
1789904333153,278,426245,1,4448,-4.020043,1.682455,-0.75,Falling,False,0,1.48864,0
1789904333153,278,426245,1,4448,-4.020043,1.682455,-0.75,Falling,False,0,1.48864,0
1789904333153,278,426245,1,4448,-4.020043,1.682455,-0.75,Falling,False,0,1.48864,0
1789904333153,278,426245,1,4448,-4.020043,1.682455,-0.75,Falling,False,0,1.48864,0
1789904333153,278,426245,1,4448,-4.020043,1.682455,-0.75,Falling,False,0,1.48864,0
1789904333153,278,426245,1,4448,-4.020043,1.682455,-0.75,Falling,False,0,1.48864,0
1789904333153,278,426245,1,4448,-4.020043,1.682455,-0.75,Falling,False,0,1.48864,0
1789904333169,279,427583,1,4464,-4.020043,1.703762,-0.75,Falling,False,0,1.33168,0
1789904333169,279,427583,1,4464,-4.020043,1.703762,-0.75,Falling,False,0,1.33168,0
1789904333169,279,427583,1,4464,-4.020043,1.703762,-0.75,Falling,False,0,1.33168,0
1789904333169,279,427583,1,4464,-4.020043,1.703762,-0.75,Falling,False,0,1.33168,0
1789904333169,279,427583,1,4464,-4.020043,1.703762,-0.75,Falling,False,0,1.33168,0
1789904333169,279,427583,1,4464,-4.020043,1.703762,-0.75,Falling,False,0,1.33168,0
1789904333169,279,427583,1,4464,-4.020043,1.703762,-0.75,Falling,False,0,1.33168,0
1789904333169,279,427583,1,4464,-4.020043,1.703762,-0.75,Falling,False,0,1.33168,0
1789904333184,280,428879,1,4480,-4.020043,1.722558,-0.75,Falling,False,0,1.17472,0
1789904333184,280,428879,1,4480,-4.020043,1.722558,-0.75,Falling,False,0,1.17472,0
1789904333184,280,428879,1,4480,-4.020043,1.722558,-0.75,Falling,False,0,1.17472,0
1789904333184,280,428879,1,4480,-4.020043,1.722558,-0.75,Falling,False,0,1.17472,0
1789904333184,280,428879,1,4480,-4.020043,1.722558,-0.75,Falling,False,0,1.17472,0
1789904333184,280,428879,1,4480,-4.020043,1.722558,-0.75,Falling,False,0,1.17472,0
1789904333184,280,428879,1,4480,-4.020043,1.722558,-0.75,Falling,False,0,1.17472,0
1789904333184,280,428879,1,4480,-4.020043,1.722558,-0.75,Falling,False,0,1.17472,0
1789904333200,281,430240,1,4496,-4.020043,1.738842,-0.75,Falling,False,0,1.01776,0
1789904333200,281,430240,1,4496,-4.020043,1.738842,-0.75,Falling,False,0,1.01776,0
1789904333200,281,430240,1,4496,-4.020043,1.738842,-0.75,Falling,False,0,1.01776,0
1789904333200,281,430240,1,4496,-4.020043,1.738842,-0.75,Falling,False,0,1.01776,0
1789904333200,281,430240,1,4496,-4.020043,1.738842,-0.75,Falling,False,0,1.01776,0
1789904333200,281,430240,1,4496,-4.020043,1.738842,-0.75,Falling,False,0,1.01776,0
1789904333200,281,430240,1,4496,-4.020043,1.738842,-0.75,Falling,False,0,1.01776,0
1789904333200,281,430240,1,4496,-4.020043,1.738842,-0.75,Falling,False,0,1.01776,0
1789904333216,282,431675,1,4512,-4.020043,1.752614,-0.75,Falling,False,0,0.8608,0
1789904333216,282,431675,1,4512,-4.020043,1.752614,-0.75,Falling,False,0,0.8608,0
1789904333216,282,431675,1,4512,-4.020043,1.752614,-0.75,Falling,False,0,0.8608,0
1789904333216,282,431675,1,4512,-4.020043,1.752614,-0.75,Falling,False,0,0.8608,0
1789904333216,282,431675,1,4512,-4.020043,1.752614,-0.75,Falling,False,0,0.8608,0
1789904333216,282,431675,1,4512,-4.020043,1.752614,-0.75,Falling,False,0,0.8608,0
1789904333216,282,431675,1,4512,-4.020043,1.752614,-0.75,Falling,False,0,0.8608,0
1789904333216,282,431675,1,4512,-4.020043,1.752614,-0.75,Falling,False,0,0.8608,0
1789904333231,283,432908,1,4528,-4.020043,1.763876,-0.75,Falling,False,0,0.70384,0
1789904333231,283,432908,1,4528,-4.020043,1.763876,-0.75,Falling,False,0,0.70384,0
1789904333231,283,432908,1,4528,-4.020043,1.763876,-0.75,Falling,False,0,0.70384,0
1789904333231,283,432908,1,4528,-4.020043,1.763876,-0.75,Falling,False,0,0.70384,0
1789904333231,283,432908,1,4528,-4.020043,1.763876,-0.75,Falling,False,0,0.70384,0
1789904333231,283,432908,1,4528,-4.020043,1.763876,-0.75,Falling,False,0,0.70384,0
1789904333231,283,432908,1,4528,-4.020043,1.763876,-0.75,Falling,False,0,0.70384,0
1789904333231,283,432908,1,4528,-4.020043,1.763876,-0.75,Falling,False,0,0.70384,0
1789904333247,284,434071,1,4544,-4.020043,1.772626,-0.75,Falling,False,0,0.54688,0
1789904333247,284,434071,1,4544,-4.020043,1.772626,-0.75,Falling,False,0,0.54688,0
1789904333247,284,434071,1,4544,-4.020043,1.772626,-0.75,Falling,False,0,0.54688,0
1789904333247,284,434071,1,4544,-4.020043,1.772626,-0.75,Falling,False,0,0.54688,0
1789904333247,284,434071,1,4544,-4.020043,1.772626,-0.75,Falling,False,0,0.54688,0
1789904333247,284,434071,1,4544,-4.020043,1.772626,-0.75,Falling,False,0,0.54688,0
1789904333247,284,434071,1,4544,-4.020043,1.772626,-0.75,Falling,False,0,0.54688,0
1789904333247,284,434071,1,4544,-4.020043,1.772626,-0.75,Falling,False,0,0.54688,0
1789904333263,285,435331,1,4560,-4.020043,1.778865,-0.75,Falling,False,0,0.38992,0
1789904333263,285,435331,1,4560,-4.020043,1.778865,-0.75,Falling,False,0,0.38992,0
1789904333263,285,435331,1,4560,-4.020043,1.778865,-0.75,Falling,False,0,0.38992,0
1789904333263,285,435331,1,4560,-4.020043,1.778865,-0.75,Falling,False,0,0.38992,0
1789904333263,285,435331,1,4560,-4.020043,1.778865,-0.75,Falling,False,0,0.38992,0
1789904333263,285,435331,1,4560,-4.020043,1.778865,-0.75,Falling,False,0,0.38992,0
1789904333263,285,435331,1,4560,-4.020043,1.778865,-0.75,Falling,False,0,0.38992,0
1789904333263,285,435331,1,4560,-4.020043,1.778865,-0.75,Falling,False,0,0.38992,0
1789904333279,286,436703,1,4576,-4.020043,1.782592,-0.75,Falling,False,0,0.23296,0
1789904333279,286,436703,1,4576,-4.020043,1.782592,-0.75,Falling,False,0,0.23296,0
1789904333279,286,436703,1,4576,-4.020043,1.782592,-0.75,Falling,False,0,0.23296,0
1789904333279,286,436703,1,4576,-4.020043,1.782592,-0.75,Falling,False,0,0.23296,0
1789904333279,286,436703,1,4576,-4.020043,1.782592,-0.75,Falling,False,0,0.23296,0
1789904333279,286,436703,1,4576,-4.020043,1.782592,-0.75,Falling,False,0,0.23296,0
1789904333279,286,436703,1,4576,-4.020043,1.782592,-0.75,Falling,False,0,0.23296,0
1789904333279,286,436703,1,4576,-4.020043,1.782592,-0.75,Falling,False,0,0.23296,0
1789904333294,287,437909,1,4592,-4.020043,1.783808,-0.75,Falling,False,0,0.076,0
1789904333294,287,437909,1,4592,-4.020043,1.783808,-0.75,Falling,False,0,0.076,0
1789904333294,287,437909,1,4592,-4.020043,1.783808,-0.75,Falling,False,0,0.076,0
1789904333294,287,437909,1,4592,-4.020043,1.783808,-0.75,Falling,False,0,0.076,0
1789904333294,287,437909,1,4592,-4.020043,1.783808,-0.75,Falling,False,0,0.076,0
1789904333294,287,437909,1,4592,-4.020043,1.783808,-0.75,Falling,False,0,0.076,0
1789904333294,287,437909,1,4592,-4.020043,1.783808,-0.75,Falling,False,0,0.076,0
1789904333294,287,437909,1,4592,-4.020043,1.783808,-0.75,Falling,False,0,0.076,0
1789904333311,288,439288,1,4608,-4.020043,1.782513,-0.75,Falling,False,0,-0.08096,0
1789904333311,288,439288,1,4608,-4.020043,1.782513,-0.75,Falling,False,0,-0.08096,0
1789904333311,288,439288,1,4608,-4.020043,1.782513,-0.75,Falling,False,0,-0.08096,0
1789904333311,288,439288,1,4608,-4.020043,1.782513,-0.75,Falling,False,0,-0.08096,0
1789904333311,288,439288,1,4608,-4.020043,1.782513,-0.75,Falling,False,0,-0.08096,0
1789904333311,288,439288,1,4608,-4.020043,1.782513,-0.75,Falling,False,0,-0.08096,0
1789904333311,288,439288,1,4608,-4.020043,1.782513,-0.75,Falling,False,0,-0.08096,0
1789904333311,288,439288,1,4608,-4.020043,1.782513,-0.75,Falling,False,0,-0.08096,0
1789904333326,289,440890,1,4624,-4.020043,1.778706,-0.75,Falling,False,0,-0.23792,0
1789904333326,289,440890,1,4624,-4.020043,1.778706,-0.75,Falling,False,0,-0.23792,0
1789904333326,289,440890,1,4624,-4.020043,1.778706,-0.75,Falling,False,0,-0.23792,0
1789904333326,289,440890,1,4624,-4.020043,1.778706,-0.75,Falling,False,0,-0.23792,0
1789904333326,289,440890,1,4624,-4.020043,1.778706,-0.75,Falling,False,0,-0.23792,0
1789904333326,289,440890,1,4624,-4.020043,1.778706,-0.75,Falling,False,0,-0.23792,0
1789904333326,289,440890,1,4624,-4.020043,1.778706,-0.75,Falling,False,0,-0.23792,0
1789904333326,289,440890,1,4624,-4.020043,1.778706,-0.75,Falling,False,0,-0.23792,0
1789904333342,290,442415,1,4640,-4.020043,1.772388,-0.75,Falling,False,0,-0.39488,0
1789904333342,290,442415,1,4640,-4.020043,1.772388,-0.75,Falling,False,0,-0.39488,0
1789904333342,290,442415,1,4640,-4.020043,1.772388,-0.75,Falling,False,0,-0.39488,0
1789904333342,290,442415,1,4640,-4.020043,1.772388,-0.75,Falling,False,0,-0.39488,0
1789904333342,290,442415,1,4640,-4.020043,1.772388,-0.75,Falling,False,0,-0.39488,0
1789904333342,290,442415,1,4640,-4.020043,1.772388,-0.75,Falling,False,0,-0.39488,0
1789904333342,290,442415,1,4640,-4.020043,1.772388,-0.75,Falling,False,0,-0.39488,0
1789904333342,290,442415,1,4640,-4.020043,1.772388,-0.75,Falling,False,0,-0.39488,0
1789904333358,291,443966,1,4656,-4.020043,1.763559,-0.75,Falling,False,0,-0.55184,0
1789904333358,291,443966,1,4656,-4.020043,1.763559,-0.75,Falling,False,0,-0.55184,0
1789904333358,291,443966,1,4656,-4.020043,1.763559,-0.75,Falling,False,0,-0.55184,0
1789904333358,291,443966,1,4656,-4.020043,1.763559,-0.75,Falling,False,0,-0.55184,0
1789904333358,291,443966,1,4656,-4.020043,1.763559,-0.75,Falling,False,0,-0.55184,0
1789904333358,291,443966,1,4656,-4.020043,1.763559,-0.75,Falling,False,0,-0.55184,0
1789904333358,291,443966,1,4656,-4.020043,1.763559,-0.75,Falling,False,0,-0.55184,0
1789904333358,291,443966,1,4656,-4.020043,1.763559,-0.75,Falling,False,0,-0.55184,0
1789904333374,292,445443,1,4672,-4.020043,1.752218,-0.75,Falling,False,0,-0.7088,0
1789904333374,292,445443,1,4672,-4.020043,1.752218,-0.75,Falling,False,0,-0.7088,0
1789904333374,292,445443,1,4672,-4.020043,1.752218,-0.75,Falling,False,0,-0.7088,0
1789904333374,292,445443,1,4672,-4.020043,1.752218,-0.75,Falling,False,0,-0.7088,0
1789904333374,292,445443,1,4672,-4.020043,1.752218,-0.75,Falling,False,0,-0.7088,0
1789904333374,292,445443,1,4672,-4.020043,1.752218,-0.75,Falling,False,0,-0.7088,0
1789904333374,292,445443,1,4672,-4.020043,1.752218,-0.75,Falling,False,0,-0.7088,0
1789904333374,292,445443,1,4672,-4.020043,1.752218,-0.75,Falling,False,0,-0.7088,0
1789904333389,293,446985,1,4688,-4.020043,1.738366,-0.75,Falling,False,0,-0.86576,0
1789904333389,293,446985,1,4688,-4.020043,1.738366,-0.75,Falling,False,0,-0.86576,0
1789904333389,293,446985,1,4688,-4.020043,1.738366,-0.75,Falling,False,0,-0.86576,0
1789904333389,293,446985,1,4688,-4.020043,1.738366,-0.75,Falling,False,0,-0.86576,0
1789904333389,293,446985,1,4688,-4.020043,1.738366,-0.75,Falling,False,0,-0.86576,0
1789904333389,293,446985,1,4688,-4.020043,1.738366,-0.75,Falling,False,0,-0.86576,0
1789904333389,293,446985,1,4688,-4.020043,1.738366,-0.75,Falling,False,0,-0.86576,0
1789904333389,293,446985,1,4688,-4.020043,1.738366,-0.75,Falling,False,0,-0.86576,0
1789904333405,294,448588,1,4704,-4.020043,1.722002,-0.75,Falling,False,0,-1.02272,0
1789904333405,294,448588,1,4704,-4.020043,1.722002,-0.75,Falling,False,0,-1.02272,0
1789904333405,294,448588,1,4704,-4.020043,1.722002,-0.75,Falling,False,0,-1.02272,0
1789904333405,294,448588,1,4704,-4.020043,1.722002,-0.75,Falling,False,0,-1.02272,0
1789904333405,294,448588,1,4704,-4.020043,1.722002,-0.75,Falling,False,0,-1.02272,0
1789904333405,294,448588,1,4704,-4.020043,1.722002,-0.75,Falling,False,0,-1.02272,0
1789904333405,294,448588,1,4704,-4.020043,1.722002,-0.75,Falling,False,0,-1.02272,0
1789904333405,294,448588,1,4704,-4.020043,1.722002,-0.75,Falling,False,0,-1.02272,0
1789904333420,295,450196,1,4720,-4.020043,1.703127,-0.75,Falling,False,0,-1.17968,0
1789904333420,295,450196,1,4720,-4.020043,1.703127,-0.75,Falling,False,0,-1.17968,0
1789904333420,295,450196,1,4720,-4.020043,1.703127,-0.75,Falling,False,0,-1.17968,0
1789904333420,295,450196,1,4720,-4.020043,1.703127,-0.75,Falling,False,0,-1.17968,0
1789904333420,295,450196,1,4720,-4.020043,1.703127,-0.75,Falling,False,0,-1.17968,0
1789904333420,295,450196,1,4720,-4.020043,1.703127,-0.75,Falling,False,0,-1.17968,0
1789904333420,295,450196,1,4720,-4.020043,1.703127,-0.75,Falling,False,0,-1.17968,0
1789904333420,295,450196,1,4720,-4.020043,1.703127,-0.75,Falling,False,0,-1.17968,0
1789904333436,296,451739,1,4736,-4.020043,1.681741,-0.75,Falling,False,0,-1.33664,0
1789904333436,296,451739,1,4736,-4.020043,1.681741,-0.75,Falling,False,0,-1.33664,0
1789904333436,296,451739,1,4736,-4.020043,1.681741,-0.75,Falling,False,0,-1.33664,0
1789904333436,296,451739,1,4736,-4.020043,1.681741,-0.75,Falling,False,0,-1.33664,0
1789904333436,296,451739,1,4736,-4.020043,1.681741,-0.75,Falling,False,0,-1.33664,0
1789904333436,296,451739,1,4736,-4.020043,1.681741,-0.75,Falling,False,0,-1.33664,0
1789904333437,296,451739,1,4736,-4.020043,1.681741,-0.75,Falling,False,0,-1.33664,0
1789904333437,296,451739,1,4736,-4.020043,1.681741,-0.75,Falling,False,0,-1.33664,0
1789904333452,297,453201,1,4752,-4.020043,1.657843,-0.75,Falling,False,0,-1.4936,0
1789904333452,297,453201,1,4752,-4.020043,1.657843,-0.75,Falling,False,0,-1.4936,0
1789904333452,297,453201,1,4752,-4.020043,1.657843,-0.75,Falling,False,0,-1.4936,0
1789904333452,297,453201,1,4752,-4.020043,1.657843,-0.75,Falling,False,0,-1.4936,0
1789904333452,297,453201,1,4752,-4.020043,1.657843,-0.75,Falling,False,0,-1.4936,0
1789904333452,297,453201,1,4752,-4.020043,1.657843,-0.75,Falling,False,0,-1.4936,0
1789904333452,297,453201,1,4752,-4.020043,1.657843,-0.75,Falling,False,0,-1.4936,0
1789904333452,297,453201,1,4752,-4.020043,1.657843,-0.75,Falling,False,0,-1.4936,0
1789904333467,298,454702,1,4768,-4.020043,1.631434,-0.75,Falling,False,0,-1.65056,0
1789904333467,298,454702,1,4768,-4.020043,1.631434,-0.75,Falling,False,0,-1.65056,0
1789904333467,298,454702,1,4768,-4.020043,1.631434,-0.75,Falling,False,0,-1.65056,0
1789904333467,298,454702,1,4768,-4.020043,1.631434,-0.75,Falling,False,0,-1.65056,0
1789904333467,298,454702,1,4768,-4.020043,1.631434,-0.75,Falling,False,0,-1.65056,0
1789904333467,298,454702,1,4768,-4.020043,1.631434,-0.75,Falling,False,0,-1.65056,0
1789904333467,298,454702,1,4768,-4.020043,1.631434,-0.75,Falling,False,0,-1.65056,0
1789904333467,298,454702,1,4768,-4.020043,1.631434,-0.75,Falling,False,0,-1.65056,0
1789904333482,299,456120,1,4784,-4.020043,1.602514,-0.75,Falling,False,0,-1.80752,0
1789904333482,299,456120,1,4784,-4.020043,1.602514,-0.75,Falling,False,0,-1.80752,0
1789904333482,299,456120,1,4784,-4.020043,1.602514,-0.75,Falling,False,0,-1.80752,0
1789904333482,299,456120,1,4784,-4.020043,1.602514,-0.75,Falling,False,0,-1.80752,0
1789904333482,299,456120,1,4784,-4.020043,1.602514,-0.75,Falling,False,0,-1.80752,0
1789904333482,299,456120,1,4784,-4.020043,1.602514,-0.75,Falling,False,0,-1.80752,0
1789904333482,299,456120,1,4784,-4.020043,1.602514,-0.75,Falling,False,0,-1.80752,0
1789904333482,299,456120,1,4784,-4.020043,1.602514,-0.75,Falling,False,0,-1.80752,0
1789904333498,300,457633,1,4800,-4.020043,1.571082,-0.75,Falling,False,0,-1.96448,0
1789904333498,300,457633,1,4800,-4.020043,1.571082,-0.75,Falling,False,0,-1.96448,0
1789904333498,300,457633,1,4800,-4.020043,1.571082,-0.75,Falling,False,0,-1.96448,0
1789904333498,300,457633,1,4800,-4.020043,1.571082,-0.75,Falling,False,0,-1.96448,0
1789904333498,300,457633,1,4800,-4.020043,1.571082,-0.75,Falling,False,0,-1.96448,0
1789904333498,300,457633,1,4800,-4.020043,1.571082,-0.75,Falling,False,0,-1.96448,0
1789904333498,300,457633,1,4800,-4.020043,1.571082,-0.75,Falling,False,0,-1.96448,0
1789904333498,300,457633,1,4800,-4.020043,1.571082,-0.75,Falling,False,0,-1.96448,0
1789904333514,301,459103,1,4816,-4.020043,1.537139,-0.75,Falling,False,0,-2.12144,0
1789904333514,301,459103,1,4816,-4.020043,1.537139,-0.75,Falling,False,0,-2.12144,0
1789904333514,301,459103,1,4816,-4.020043,1.537139,-0.75,Falling,False,0,-2.12144,0
1789904333515,301,459103,1,4816,-4.020043,1.537139,-0.75,Falling,False,0,-2.12144,0
1789904333515,301,459103,1,4816,-4.020043,1.537139,-0.75,Falling,False,0,-2.12144,0
1789904333515,301,459103,1,4816,-4.020043,1.537139,-0.75,Falling,False,0,-2.12144,0
1789904333515,301,459103,1,4816,-4.020043,1.537139,-0.75,Falling,False,0,-2.12144,0
1789904333515,301,459103,1,4816,-4.020043,1.537139,-0.75,Falling,False,0,-2.12144,0
1789904333546,302,460600,1,4832,-4.020043,1.500685,-0.75,Falling,False,0,-2.2784,0
1789904333546,302,460600,1,4832,-4.020043,1.500685,-0.75,Falling,False,0,-2.2784,0
1789904333546,302,460600,1,4832,-4.020043,1.500685,-0.75,Falling,False,0,-2.2784,0
1789904333546,302,460600,1,4832,-4.020043,1.500685,-0.75,Falling,False,0,-2.2784,0
1789904333546,302,460600,1,4832,-4.020043,1.500685,-0.75,Falling,False,0,-2.2784,0
1789904333546,302,460600,1,4832,-4.020043,1.500685,-0.75,Falling,False,0,-2.2784,0
1789904333546,302,460600,1,4832,-4.020043,1.500685,-0.75,Falling,False,0,-2.2784,0
1789904333546,302,460600,1,4832,-4.020043,1.500685,-0.75,Falling,False,0,-2.2784,0
1789904333577,303,463511,1,4848,-4.020043,1.461719,-0.75,Falling,False,0,-2.43536,0
1789904333577,304,463512,1,4864,-4.020043,1.420242,-0.75,Falling,False,0,-2.59232,0
1789904333577,304,463512,1,4864,-4.020043,1.420242,-0.75,Falling,False,0,-2.59232,0
1789904333577,304,463512,1,4864,-4.020043,1.420242,-0.75,Falling,False,0,-2.59232,0
1789904333577,304,463512,1,4864,-4.020043,1.420242,-0.75,Falling,False,0,-2.59232,0
1789904333577,304,463512,1,4864,-4.020043,1.420242,-0.75,Falling,False,0,-2.59232,0
1789904333577,304,463512,1,4864,-4.020043,1.420242,-0.75,Falling,False,0,-2.59232,0
1789904333577,304,463512,1,4864,-4.020043,1.420242,-0.75,Falling,False,0,-2.59232,0
1789904333577,305,466403,1,4880,-4.020043,1.376253,-0.75,Falling,False,0,-2.74928,0
1789904333577,305,466403,1,4880,-4.020043,1.376253,-0.75,Falling,False,0,-2.74928,0
1789904333594,305,466403,1,4880,-4.020043,1.376253,-0.75,Falling,False,0,-2.74928,0
1789904333594,306,466407,1,4896,-4.020043,1.329754,-0.75,Falling,False,0,-2.90624,0
1789904333594,306,466407,1,4896,-4.020043,1.329754,-0.75,Falling,False,0,-2.90624,0
1789904333594,306,466407,1,4896,-4.020043,1.329754,-0.75,Falling,False,0,-2.90624,0
1789904333594,306,466407,1,4896,-4.020043,1.329754,-0.75,Falling,False,0,-2.90624,0
1789904333594,306,466407,1,4896,-4.020043,1.329754,-0.75,Falling,False,0,-2.90624,0
1789904333594,306,466407,1,4896,-4.020043,1.329754,-0.75,Falling,False,0,-2.90624,0
1789904333594,306,466407,1,4896,-4.020043,1.329754,-0.75,Falling,False,0,-2.90624,0
1789904333624,307,468008,1,4912,-4.020043,1.280742,-0.75,Falling,False,0,-3.0632,0
1789904333624,307,468008,1,4912,-4.020043,1.280742,-0.75,Falling,False,0,-3.0632,0
1789904333624,307,468008,1,4912,-4.020043,1.280742,-0.75,Falling,False,0,-3.0632,0
1789904333624,307,468008,1,4912,-4.020043,1.280742,-0.75,Falling,False,0,-3.0632,0
1789904333624,307,468008,1,4912,-4.020043,1.280742,-0.75,Falling,False,0,-3.0632,0
1789904333624,307,468008,1,4912,-4.020043,1.280742,-0.75,Falling,False,0,-3.0632,0
1789904333624,307,468008,1,4912,-4.020043,1.280742,-0.75,Falling,False,0,-3.0632,0
1789904333624,307,468008,1,4912,-4.020043,1.280742,-0.75,Falling,False,0,-3.0632,0
1789904333639,308,470994,1,4928,-4.020043,1.22922,-0.75,Falling,False,0,-3.22016,0
1789904333639,308,470994,1,4928,-4.020043,1.22922,-0.75,Falling,False,0,-3.22016,0
1789904333639,308,470994,1,4928,-4.020043,1.22922,-0.75,Falling,False,0,-3.22016,0
1789904333639,308,470994,1,4928,-4.020043,1.22922,-0.75,Falling,False,0,-3.22016,0
1789904333639,308,470994,1,4928,-4.020043,1.22922,-0.75,Falling,False,0,-3.22016,0
1789904333639,308,470994,1,4928,-4.020043,1.22922,-0.75,Falling,False,0,-3.22016,0
1789904333639,308,470994,1,4928,-4.020043,1.22922,-0.75,Falling,False,0,-3.22016,0
1789904333639,308,470994,1,4928,-4.020043,1.22922,-0.75,Falling,False,0,-3.22016,0
1789904333655,309,472368,1,4944,-4.020043,1.175186,-0.75,Falling,False,0,-3.37712,0
1789904333655,309,472368,1,4944,-4.020043,1.175186,-0.75,Falling,False,0,-3.37712,0
1789904333655,309,472368,1,4944,-4.020043,1.175186,-0.75,Falling,False,0,-3.37712,0
1789904333655,309,472368,1,4944,-4.020043,1.175186,-0.75,Falling,False,0,-3.37712,0
1789904333655,309,472368,1,4944,-4.020043,1.175186,-0.75,Falling,False,0,-3.37712,0
1789904333655,309,472368,1,4944,-4.020043,1.175186,-0.75,Falling,False,0,-3.37712,0
1789904333655,309,472368,1,4944,-4.020043,1.175186,-0.75,Falling,False,0,-3.37712,0
1789904333655,309,472368,1,4944,-4.020043,1.175186,-0.75,Falling,False,0,-3.37712,0
1789904333670,310,473890,1,4960,-4.020043,1.118641,-0.75,Falling,False,0,-3.534081,0
1789904333670,310,473890,1,4960,-4.020043,1.118641,-0.75,Falling,False,0,-3.534081,0
1789904333670,310,473890,1,4960,-4.020043,1.118641,-0.75,Falling,False,0,-3.534081,0
1789904333670,310,473890,1,4960,-4.020043,1.118641,-0.75,Falling,False,0,-3.534081,0
1789904333670,310,473890,1,4960,-4.020043,1.118641,-0.75,Falling,False,0,-3.534081,0
1789904333670,310,473890,1,4960,-4.020043,1.118641,-0.75,Falling,False,0,-3.534081,0
1789904333670,310,473890,1,4960,-4.020043,1.118641,-0.75,Falling,False,0,-3.534081,0
1789904333670,310,473890,1,4960,-4.020043,1.118641,-0.75,Falling,False,0,-3.534081,0
1789904333687,311,475363,1,4976,-4.020043,1.059584,-0.75,Falling,False,0,-3.691041,0
1789904333687,311,475363,1,4976,-4.020043,1.059584,-0.75,Falling,False,0,-3.691041,0
1789904333687,311,475363,1,4976,-4.020043,1.059584,-0.75,Falling,False,0,-3.691041,0
1789904333687,311,475363,1,4976,-4.020043,1.059584,-0.75,Falling,False,0,-3.691041,0
1789904333687,311,475363,1,4976,-4.020043,1.059584,-0.75,Falling,False,0,-3.691041,0
1789904333687,311,475363,1,4976,-4.020043,1.059584,-0.75,Falling,False,0,-3.691041,0
1789904333687,311,475363,1,4976,-4.020043,1.059584,-0.75,Falling,False,0,-3.691041,0
1789904333687,311,475363,1,4976,-4.020043,1.059584,-0.75,Falling,False,0,-3.691041,0
1789904333702,312,476879,1,4992,-4.020043,1,-0.75,Walking,True,0,0,0
1789904333702,312,476879,1,4992,-4.020043,1,-0.75,Walking,True,0,0,0
1789904333702,312,476879,1,4992,-4.020043,1,-0.75,Walking,True,0,0,0
1789904333702,312,476879,1,4992,-4.020043,1,-0.75,Walking,True,0,0,0
1789904333702,312,476879,1,4992,-4.020043,1,-0.75,Walking,True,0,0,0
1789904333702,312,476879,1,4992,-4.020043,1,-0.75,Walking,True,0,0,0
1789904333702,312,476879,1,4992,-4.020043,1,-0.75,Walking,True,0,0,0
1789904333702,312,476879,1,4992,-4.020043,1,-0.75,Walking,True,0,0,0
1789904333718,313,478325,1,5008,-4.020043,1,-0.75,Walking,True,0,0,0
1789904333718,313,478325,1,5008,-4.020043,1,-0.75,Walking,True,0,0,0
1789904333718,313,478325,1,5008,-4.020043,1,-0.75,Walking,True,0,0,0
1789904333718,313,478325,1,5008,-4.020043,1,-0.75,Walking,True,0,0,0
1789904333718,313,478325,1,5008,-4.020043,1,-0.75,Walking,True,0,0,0
1789904333718,313,478325,1,5008,-4.020043,1,-0.75,Walking,True,0,0,0
1789904333718,313,478325,1,5008,-4.020043,1,-0.75,Walking,True,0,0,0
1789904333718,313,478325,1,5008,-4.020043,1,-0.75,Walking,True,0,0,0
1789904333734,314,479850,1,5024,-4.020043,1,-0.75,Walking,True,0,0,0
1789904333734,314,479850,1,5024,-4.020043,1,-0.75,Walking,True,0,0,0
1789904333734,314,479850,1,5024,-4.020043,1,-0.75,Walking,True,0,0,0
1789904333734,314,479850,1,5024,-4.020043,1,-0.75,Walking,True,0,0,0
1789904333734,314,479850,1,5024,-4.020043,1,-0.75,Walking,True,0,0,0
1789904333734,314,479850,1,5024,-4.020043,1,-0.75,Walking,True,0,0,0
1789904333734,314,479850,1,5024,-4.020043,1,-0.75,Walking,True,0,0,0
1789904333734,314,479850,1,5024,-4.020043,1,-0.75,Walking,True,0,0,0
1789904333749,315,481352,1,5040,-4.020043,1,-0.75,Walking,True,0,0,0
1789904333749,315,481352,1,5040,-4.020043,1,-0.75,Walking,True,0,0,0
1789904333749,315,481352,1,5040,-4.020043,1,-0.75,Walking,True,0,0,0
1789904333749,315,481352,1,5040,-4.020043,1,-0.75,Walking,True,0,0,0
1789904333749,315,481352,1,5040,-4.020043,1,-0.75,Walking,True,0,0,0
1789904333749,315,481352,1,5040,-4.020043,1,-0.75,Walking,True,0,0,0
1789904333749,315,481352,1,5040,-4.020043,1,-0.75,Walking,True,0,0,0
1789904333749,315,481352,1,5040,-4.020043,1,-0.75,Walking,True,0,0,0
1789904333764,316,482823,1,5056,-4.020043,1,-0.75,Walking,True,0,0,0
1789904333764,316,482823,1,5056,-4.020043,1,-0.75,Walking,True,0,0,0
1789904333764,316,482823,1,5056,-4.020043,1,-0.75,Walking,True,0,0,0
1789904333764,316,482823,1,5056,-4.020043,1,-0.75,Walking,True,0,0,0
1789904333764,316,482823,1,5056,-4.020043,1,-0.75,Walking,True,0,0,0
1789904333764,316,482823,1,5056,-4.020043,1,-0.75,Walking,True,0,0,0
1789904333764,316,482823,1,5056,-4.020043,1,-0.75,Walking,True,0,0,0
1789904333764,316,482823,1,5056,-4.020043,1,-0.75,Walking,True,0,0,0
1789904333781,317,484151,1,5072,-4.020043,1,-0.75,Walking,True,0,0,0
1789904333781,317,484151,1,5072,-4.020043,1,-0.75,Walking,True,0,0,0
1789904333781,317,484151,1,5072,-4.020043,1,-0.75,Walking,True,0,0,0
1789904333781,317,484151,1,5072,-4.020043,1,-0.75,Walking,True,0,0,0
1789904333781,317,484151,1,5072,-4.020043,1,-0.75,Walking,True,0,0,0
1789904333781,317,484151,1,5072,-4.020043,1,-0.75,Walking,True,0,0,0
1789904333781,317,484151,1,5072,-4.020043,1,-0.75,Walking,True,0,0,0
1789904333781,317,484151,1,5072,-4.020043,1,-0.75,Walking,True,0,0,0
1789904333796,318,485687,1,5088,-4.020043,1,-0.75,Walking,True,0,0,0
1789904333796,318,485687,1,5088,-4.020043,1,-0.75,Walking,True,0,0,0
1789904333796,318,485687,1,5088,-4.020043,1,-0.75,Walking,True,0,0,0
1789904333796,318,485687,1,5088,-4.020043,1,-0.75,Walking,True,0,0,0
1789904333796,318,485687,1,5088,-4.020043,1,-0.75,Walking,True,0,0,0
1789904333796,318,485687,1,5088,-4.020043,1,-0.75,Walking,True,0,0,0
1789904333796,318,485687,1,5088,-4.020043,1,-0.75,Walking,True,0,0,0
1789904333796,318,485687,1,5088,-4.020043,1,-0.75,Walking,True,0,0,0
1789904333812,319,487178,1,5104,-4.020043,1,-0.75,Walking,True,0,0,0
1789904333812,319,487178,1,5104,-4.020043,1,-0.75,Walking,True,0,0,0
1789904333812,319,487178,1,5104,-4.020043,1,-0.75,Walking,True,0,0,0
1789904333812,319,487178,1,5104,-4.020043,1,-0.75,Walking,True,0,0,0
1789904333812,319,487178,1,5104,-4.020043,1,-0.75,Walking,True,0,0,0
1789904333812,319,487178,1,5104,-4.020043,1,-0.75,Walking,True,0,0,0
1789904333812,319,487178,1,5104,-4.020043,1,-0.75,Walking,True,0,0,0
1789904333812,319,487178,1,5104,-4.020043,1,-0.75,Walking,True,0,0,0
1789904333828,320,488562,1,5120,-4.020043,1,-0.75,Walking,True,0,0,0
1789904333828,320,488562,1,5120,-4.020043,1,-0.75,Walking,True,0,0,0
1789904333828,320,488562,1,5120,-4.020043,1,-0.75,Walking,True,0,0,0
1789904333828,320,488562,1,5120,-4.020043,1,-0.75,Walking,True,0,0,0
1789904333828,320,488562,1,5120,-4.020043,1,-0.75,Walking,True,0,0,0
1789904333828,320,488562,1,5120,-4.020043,1,-0.75,Walking,True,0,0,0
1789904333828,320,488562,1,5120,-4.020043,1,-0.75,Walking,True,0,0,0
1789904333828,320,488562,1,5120,-4.020043,1,-0.75,Walking,True,0,0,0
1789904333843,321,490036,1,5136,-4.020043,1,-0.75,Walking,True,0,0,0
1789904333843,321,490036,1,5136,-4.020043,1,-0.75,Walking,True,0,0,0
1789904333843,321,490036,1,5136,-4.020043,1,-0.75,Walking,True,0,0,0
1789904333843,321,490036,1,5136,-4.020043,1,-0.75,Walking,True,0,0,0
1789904333843,321,490036,1,5136,-4.020043,1,-0.75,Walking,True,0,0,0
1789904333843,321,490036,1,5136,-4.020043,1,-0.75,Walking,True,0,0,0
1789904333843,321,490036,1,5136,-4.020043,1,-0.75,Walking,True,0,0,0
1789904333843,321,490036,1,5136,-4.020043,1,-0.75,Walking,True,0,0,0
1789904333859,322,491476,1,5152,-4.020043,1,-0.75,Walking,True,0,0,0
1789904333859,322,491476,1,5152,-4.020043,1,-0.75,Walking,True,0,0,0
1789904333859,322,491476,1,5152,-4.020043,1,-0.75,Walking,True,0,0,0
1789904333859,322,491476,1,5152,-4.020043,1,-0.75,Walking,True,0,0,0
1789904333859,322,491476,1,5152,-4.020043,1,-0.75,Walking,True,0,0,0
1789904333859,322,491476,1,5152,-4.020043,1,-0.75,Walking,True,0,0,0
1789904333859,322,491476,1,5152,-4.020043,1,-0.75,Walking,True,0,0,0
1789904333859,322,491476,1,5152,-4.020043,1,-0.75,Walking,True,0,0,0
1789904333874,323,492858,1,5168,-4.020043,1,-0.75,Walking,True,0,0,0
1789904333874,323,492858,1,5168,-4.020043,1,-0.75,Walking,True,0,0,0
1789904333874,323,492858,1,5168,-4.020043,1,-0.75,Walking,True,0,0,0
1789904333874,323,492858,1,5168,-4.020043,1,-0.75,Walking,True,0,0,0
1789904333874,323,492858,1,5168,-4.020043,1,-0.75,Walking,True,0,0,0
1789904333874,323,492858,1,5168,-4.020043,1,-0.75,Walking,True,0,0,0
1789904333874,323,492858,1,5168,-4.020043,1,-0.75,Walking,True,0,0,0
1789904333874,323,492858,1,5168,-4.020043,1,-0.75,Walking,True,0,0,0
1789904333890,324,494137,1,5184,-4.020043,1,-0.75,Walking,True,0,0,0
1789904333890,324,494137,1,5184,-4.020043,1,-0.75,Walking,True,0,0,0
1789904333890,324,494137,1,5184,-4.020043,1,-0.75,Walking,True,0,0,0
1789904333890,324,494137,1,5184,-4.020043,1,-0.75,Walking,True,0,0,0
1789904333890,324,494137,1,5184,-4.020043,1,-0.75,Walking,True,0,0,0
1789904333890,324,494137,1,5184,-4.020043,1,-0.75,Walking,True,0,0,0
1789904333890,324,494137,1,5184,-4.020043,1,-0.75,Walking,True,0,0,0
1789904333890,324,494137,1,5184,-4.020043,1,-0.75,Walking,True,0,0,0
1789904333906,325,495512,1,5200,-4.020043,1,-0.75,Walking,True,0,0,0
1789904333906,325,495512,1,5200,-4.020043,1,-0.75,Walking,True,0,0,0
1789904333906,325,495512,1,5200,-4.020043,1,-0.75,Walking,True,0,0,0
1789904333906,325,495512,1,5200,-4.020043,1,-0.75,Walking,True,0,0,0
1789904333906,325,495512,1,5200,-4.020043,1,-0.75,Walking,True,0,0,0
1789904333906,325,495512,1,5200,-4.020043,1,-0.75,Walking,True,0,0,0
1789904333906,325,495512,1,5200,-4.020043,1,-0.75,Walking,True,0,0,0
1789904333906,325,495512,1,5200,-4.020043,1,-0.75,Walking,True,0,0,0
1789904333921,326,496728,1,5216,-4.020043,1,-0.75,Walking,True,0,0,0
1789904333921,326,496728,1,5216,-4.020043,1,-0.75,Walking,True,0,0,0
1789904333921,326,496728,1,5216,-4.020043,1,-0.75,Walking,True,0,0,0
1789904333921,326,496728,1,5216,-4.020043,1,-0.75,Walking,True,0,0,0
1789904333921,326,496728,1,5216,-4.020043,1,-0.75,Walking,True,0,0,0
1789904333921,326,496728,1,5216,-4.020043,1,-0.75,Walking,True,0,0,0
1789904333921,326,496728,1,5216,-4.020043,1,-0.75,Walking,True,0,0,0
1789904333921,326,496728,1,5216,-4.020043,1,-0.75,Walking,True,0,0,0
1789904333937,327,497877,1,5232,-4.020043,1,-0.75,Walking,True,0,0,0
1789904333937,327,497877,1,5232,-4.020043,1,-0.75,Walking,True,0,0,0
1789904333937,327,497877,1,5232,-4.020043,1,-0.75,Walking,True,0,0,0
1789904333937,327,497877,1,5232,-4.020043,1,-0.75,Walking,True,0,0,0
1789904333937,327,497877,1,5232,-4.020043,1,-0.75,Walking,True,0,0,0
1789904333937,327,497877,1,5232,-4.020043,1,-0.75,Walking,True,0,0,0
1789904333937,327,497877,1,5232,-4.020043,1,-0.75,Walking,True,0,0,0
1789904333937,327,497877,1,5232,-4.020043,1,-0.75,Walking,True,0,0,0
1789904333952,328,499105,1,5248,-4.020043,1,-0.75,Walking,True,0,0,0
1789904333952,328,499105,1,5248,-4.020043,1,-0.75,Walking,True,0,0,0
1789904333952,328,499105,1,5248,-4.020043,1,-0.75,Walking,True,0,0,0
1789904333952,328,499105,1,5248,-4.020043,1,-0.75,Walking,True,0,0,0
1789904333952,328,499105,1,5248,-4.020043,1,-0.75,Walking,True,0,0,0
1789904333952,328,499105,1,5248,-4.020043,1,-0.75,Walking,True,0,0,0
1789904333952,328,499105,1,5248,-4.020043,1,-0.75,Walking,True,0,0,0
1789904333952,328,499105,1,5248,-4.020043,1,-0.75,Walking,True,0,0,0
1789904333967,329,500362,1,5264,-4.020043,1,-0.75,Walking,True,0,0,0
1789904333967,329,500362,1,5264,-4.020043,1,-0.75,Walking,True,0,0,0
1789904333967,329,500362,1,5264,-4.020043,1,-0.75,Walking,True,0,0,0
1789904333967,329,500362,1,5264,-4.020043,1,-0.75,Walking,True,0,0,0
1789904333967,329,500362,1,5264,-4.020043,1,-0.75,Walking,True,0,0,0
1789904333967,329,500362,1,5264,-4.020043,1,-0.75,Walking,True,0,0,0
1789904333967,329,500362,1,5264,-4.020043,1,-0.75,Walking,True,0,0,0
1789904333967,329,500362,1,5264,-4.020043,1,-0.75,Walking,True,0,0,0
1789904333982,330,501533,1,5280,-4.020043,1,-0.75,Walking,True,0,0,0
1789904333982,330,501533,1,5280,-4.020043,1,-0.75,Walking,True,0,0,0
1789904333982,330,501533,1,5280,-4.020043,1,-0.75,Walking,True,0,0,0
1789904333982,330,501533,1,5280,-4.020043,1,-0.75,Walking,True,0,0,0
1789904333982,330,501533,1,5280,-4.020043,1,-0.75,Walking,True,0,0,0
1789904333982,330,501533,1,5280,-4.020043,1,-0.75,Walking,True,0,0,0
1789904333982,330,501533,1,5280,-4.020043,1,-0.75,Walking,True,0,0,0
1789904333982,330,501533,1,5280,-4.020043,1,-0.75,Walking,True,0,0,0
1789904333997,331,502738,1,5296,-4.020043,1,-0.75,Walking,True,0,0,0
1789904333997,331,502738,1,5296,-4.020043,1,-0.75,Walking,True,0,0,0
1789904333997,331,502738,1,5296,-4.020043,1,-0.75,Walking,True,0,0,0
1789904333997,331,502738,1,5296,-4.020043,1,-0.75,Walking,True,0,0,0
1789904333997,331,502738,1,5296,-4.020043,1,-0.75,Walking,True,0,0,0
1789904333997,331,502738,1,5296,-4.020043,1,-0.75,Walking,True,0,0,0
1789904333997,331,502738,1,5296,-4.020043,1,-0.75,Walking,True,0,0,0
1789904333997,331,502738,1,5296,-4.020043,1,-0.75,Walking,True,0,0,0
1789904334012,332,503917,1,5312,-4.020043,1,-0.75,Walking,True,0,0,0
1789904334012,332,503917,1,5312,-4.020043,1,-0.75,Walking,True,0,0,0
1789904334012,332,503917,1,5312,-4.020043,1,-0.75,Walking,True,0,0,0
1789904334012,332,503917,1,5312,-4.020043,1,-0.75,Walking,True,0,0,0
1789904334012,332,503917,1,5312,-4.020043,1,-0.75,Walking,True,0,0,0
1789904334012,332,503917,1,5312,-4.020043,1,-0.75,Walking,True,0,0,0
1789904334012,332,503917,1,5312,-4.020043,1,-0.75,Walking,True,0,0,0
1789904334012,332,503917,1,5312,-4.020043,1,-0.75,Walking,True,0,0,0
1789904334028,333,505069,1,5328,-4.020043,1,-0.75,Walking,True,0,0,0
1789904334028,333,505069,1,5328,-4.020043,1,-0.75,Walking,True,0,0,0
1789904334028,333,505069,1,5328,-4.020043,1,-0.75,Walking,True,0,0,0
1789904334028,333,505069,1,5328,-4.020043,1,-0.75,Walking,True,0,0,0
1789904334028,333,505069,1,5328,-4.020043,1,-0.75,Walking,True,0,0,0
1789904334028,333,505069,1,5328,-4.020043,1,-0.75,Walking,True,0,0,0
1789904334028,333,505069,1,5328,-4.020043,1,-0.75,Walking,True,0,0,0
1789904334028,333,505069,1,5328,-4.020043,1,-0.75,Walking,True,0,0,0
1789904334043,334,506416,1,5344,-4.020043,1,-0.75,Walking,True,0,0,0
1789904334043,334,506416,1,5344,-4.020043,1,-0.75,Walking,True,0,0,0
1789904334043,334,506416,1,5344,-4.020043,1,-0.75,Walking,True,0,0,0
1789904334043,334,506416,1,5344,-4.020043,1,-0.75,Walking,True,0,0,0
1789904334043,334,506416,1,5344,-4.020043,1,-0.75,Walking,True,0,0,0
1789904334043,334,506416,1,5344,-4.020043,1,-0.75,Walking,True,0,0,0
1789904334043,334,506416,1,5344,-4.020043,1,-0.75,Walking,True,0,0,0
1789904334043,334,506416,1,5344,-4.020043,1,-0.75,Walking,True,0,0,0
1789904334059,335,507669,1,5360,-4.020043,1,-0.75,Walking,True,0,0,0
1789904334059,335,507669,1,5360,-4.020043,1,-0.75,Walking,True,0,0,0
1789904334059,335,507669,1,5360,-4.020043,1,-0.75,Walking,True,0,0,0
1789904334059,335,507669,1,5360,-4.020043,1,-0.75,Walking,True,0,0,0
1789904334059,335,507669,1,5360,-4.020043,1,-0.75,Walking,True,0,0,0
1789904334059,335,507669,1,5360,-4.020043,1,-0.75,Walking,True,0,0,0
1789904334059,335,507669,1,5360,-4.020043,1,-0.75,Walking,True,0,0,0
1789904334059,335,507669,1,5360,-4.020043,1,-0.75,Walking,True,0,0,0
1789904334074,336,508883,1,5376,-4.020043,1,-0.75,Walking,True,0,0,0
1789904334074,336,508883,1,5376,-4.020043,1,-0.75,Walking,True,0,0,0
1789904334074,336,508883,1,5376,-4.020043,1,-0.75,Walking,True,0,0,0
1789904334074,336,508883,1,5376,-4.020043,1,-0.75,Walking,True,0,0,0
1789904334074,336,508883,1,5376,-4.020043,1,-0.75,Walking,True,0,0,0
1789904334074,336,508883,1,5376,-4.020043,1,-0.75,Walking,True,0,0,0
1789904334074,336,508883,1,5376,-4.020043,1,-0.75,Walking,True,0,0,0
1789904334074,336,508883,1,5376,-4.020043,1,-0.75,Walking,True,0,0,0
1789904334105,337,510173,1,5392,-4.020043,1,-0.75,Walking,True,0,0,0
1789904334105,337,510173,1,5392,-4.020043,1,-0.75,Walking,True,0,0,0
1789904334105,337,510173,1,5392,-4.020043,1,-0.75,Walking,True,0,0,0
1789904334105,337,510173,1,5392,-4.020043,1,-0.75,Walking,True,0,0,0
1789904334105,337,510173,1,5392,-4.020043,1,-0.75,Walking,True,0,0,0
1789904334105,337,510173,1,5392,-4.020043,1,-0.75,Walking,True,0,0,0
1789904334105,337,510173,1,5392,-4.020043,1,-0.75,Walking,True,0,0,0
1789904334105,337,510173,1,5392,-4.020043,1,-0.75,Walking,True,0,0,0
1789904334121,338,513196,1,5408,-4.020043,1,-0.75,Walking,True,0,0,0
1789904334121,338,513196,1,5408,-4.020043,1,-0.75,Walking,True,0,0,0
1789904334121,338,513196,1,5408,-4.020043,1,-0.75,Walking,True,0,0,0
1789904334121,338,513196,1,5408,-4.020043,1,-0.75,Walking,True,0,0,0
1789904334121,338,513196,1,5408,-4.020043,1,-0.75,Walking,True,0,0,0
1789904334121,338,513196,1,5408,-4.020043,1,-0.75,Walking,True,0,0,0
1789904334121,338,513196,1,5408,-4.020043,1,-0.75,Walking,True,0,0,0
1789904334121,338,513196,1,5408,-4.020043,1,-0.75,Walking,True,0,0,0
1789904334136,339,514642,1,5424,-4.020043,1,-0.75,Walking,True,0,0,0
1789904334136,339,514642,1,5424,-4.020043,1,-0.75,Walking,True,0,0,0
1789904334136,339,514642,1,5424,-4.020043,1,-0.75,Walking,True,0,0,0
1789904334136,339,514642,1,5424,-4.020043,1,-0.75,Walking,True,0,0,0
1789904334136,339,514642,1,5424,-4.020043,1,-0.75,Walking,True,0,0,0
1789904334136,339,514642,1,5424,-4.020043,1,-0.75,Walking,True,0,0,0
1789904334136,339,514642,1,5424,-4.020043,1,-0.75,Walking,True,0,0,0
1789904334136,339,514642,1,5424,-4.020043,1,-0.75,Walking,True,0,0,0
1789904334152,340,515879,1,5440,-4.020043,1,-0.75,Walking,True,0,0,0
1789904334152,340,515879,1,5440,-4.020043,1,-0.75,Walking,True,0,0,0
1789904334152,340,515879,1,5440,-4.020043,1,-0.75,Walking,True,0,0,0
1789904334152,340,515879,1,5440,-4.020043,1,-0.75,Walking,True,0,0,0
1789904334152,340,515879,1,5440,-4.020043,1,-0.75,Walking,True,0,0,0
1789904334152,340,515879,1,5440,-4.020043,1,-0.75,Walking,True,0,0,0
1789904334152,340,515879,1,5440,-4.020043,1,-0.75,Walking,True,0,0,0
1789904334152,340,515879,1,5440,-4.020043,1,-0.75,Walking,True,0,0,0
1789904334168,341,516955,1,5456,-4.020043,1,-0.75,Walking,True,0,0,0
1789904334168,341,516955,1,5456,-4.020043,1,-0.75,Walking,True,0,0,0
1789904334168,341,516955,1,5456,-4.020043,1,-0.75,Walking,True,0,0,0
1789904334168,341,516955,1,5456,-4.020043,1,-0.75,Walking,True,0,0,0
1789904334168,341,516955,1,5456,-4.020043,1,-0.75,Walking,True,0,0,0
1789904334168,341,516955,1,5456,-4.020043,1,-0.75,Walking,True,0,0,0
1789904334168,341,516955,1,5456,-4.020043,1,-0.75,Walking,True,0,0,0
1789904334168,341,516955,1,5456,-4.020043,1,-0.75,Walking,True,0,0,0
1789904334183,342,518136,1,5472,-4.020043,1,-0.75,Walking,True,0,0,0
1789904334183,342,518136,1,5472,-4.020043,1,-0.75,Walking,True,0,0,0
1789904334183,342,518136,1,5472,-4.020043,1,-0.75,Walking,True,0,0,0
1789904334183,342,518136,1,5472,-4.020043,1,-0.75,Walking,True,0,0,0
1789904334183,342,518136,1,5472,-4.020043,1,-0.75,Walking,True,0,0,0
1789904334183,342,518136,1,5472,-4.020043,1,-0.75,Walking,True,0,0,0
1789904334183,342,518136,1,5472,-4.020043,1,-0.75,Walking,True,0,0,0
1789904334183,342,518136,1,5472,-4.020043,1,-0.75,Walking,True,0,0,0
1789904334198,343,519364,1,5488,-4.020043,1,-0.75,Walking,True,0,0,0
1789904334198,343,519364,1,5488,-4.020043,1,-0.75,Walking,True,0,0,0
1789904334198,343,519364,1,5488,-4.020043,1,-0.75,Walking,True,0,0,0
1789904334198,343,519364,1,5488,-4.020043,1,-0.75,Walking,True,0,0,0
1789904334198,343,519364,1,5488,-4.020043,1,-0.75,Walking,True,0,0,0
1789904334198,343,519364,1,5488,-4.020043,1,-0.75,Walking,True,0,0,0
1789904334198,343,519364,1,5488,-4.020043,1,-0.75,Walking,True,0,0,0
1789904334198,343,519364,1,5488,-4.020043,1,-0.75,Walking,True,0,0,0
1789904334214,344,520556,1,5504,-4.020043,1,-0.75,Walking,True,0,0,0
1789904334214,344,520556,1,5504,-4.020043,1,-0.75,Walking,True,0,0,0
1789904334214,344,520556,1,5504,-4.020043,1,-0.75,Walking,True,0,0,0
1789904334214,344,520556,1,5504,-4.020043,1,-0.75,Walking,True,0,0,0
1789904334214,344,520556,1,5504,-4.020043,1,-0.75,Walking,True,0,0,0
1789904334214,344,520556,1,5504,-4.020043,1,-0.75,Walking,True,0,0,0
1789904334214,344,520556,1,5504,-4.020043,1,-0.75,Walking,True,0,0,0
1789904334214,344,520556,1,5504,-4.020043,1,-0.75,Walking,True,0,0,0
1789904334230,345,521719,1,5520,-4.020043,1,-0.75,Walking,True,0,0,0
1789904334230,345,521719,1,5520,-4.020043,1,-0.75,Walking,True,0,0,0
1789904334230,345,521719,1,5520,-4.020043,1,-0.75,Walking,True,0,0,0
1789904334230,345,521719,1,5520,-4.020043,1,-0.75,Walking,True,0,0,0
1789904334230,345,521719,1,5520,-4.020043,1,-0.75,Walking,True,0,0,0
1789904334230,345,521719,1,5520,-4.020043,1,-0.75,Walking,True,0,0,0
1789904334230,345,521719,1,5520,-4.020043,1,-0.75,Walking,True,0,0,0
1789904334230,345,521719,1,5520,-4.020043,1,-0.75,Walking,True,0,0,0
1789904334246,346,522903,1,5536,-4.020043,1,-0.75,Walking,True,0,0,0
1789904334246,346,522903,1,5536,-4.020043,1,-0.75,Walking,True,0,0,0
1789904334246,346,522903,1,5536,-4.020043,1,-0.75,Walking,True,0,0,0
1789904334246,346,522903,1,5536,-4.020043,1,-0.75,Walking,True,0,0,0
1789904334246,346,522903,1,5536,-4.020043,1,-0.75,Walking,True,0,0,0
1789904334246,346,522903,1,5536,-4.020043,1,-0.75,Walking,True,0,0,0
1789904334246,346,522903,1,5536,-4.020043,1,-0.75,Walking,True,0,0,0
1789904334246,346,522903,1,5536,-4.020043,1,-0.75,Walking,True,0,0,0
1789904334263,347,523968,1,5552,-4.020043,1,-0.75,Walking,True,0,0,0
1789904334263,347,523968,1,5552,-4.020043,1,-0.75,Walking,True,0,0,0
1789904334263,347,523968,1,5552,-4.020043,1,-0.75,Walking,True,0,0,0
1789904334263,347,523968,1,5552,-4.020043,1,-0.75,Walking,True,0,0,0
1789904334263,347,523968,1,5552,-4.020043,1,-0.75,Walking,True,0,0,0
1789904334263,347,523968,1,5552,-4.020043,1,-0.75,Walking,True,0,0,0
1789904334263,347,523968,1,5552,-4.020043,1,-0.75,Walking,True,0,0,0
1789904334263,347,523968,1,5552,-4.020043,1,-0.75,Walking,True,0,0,0
1789904334278,348,525116,1,5568,-4.020043,1,-0.75,Walking,True,0,0,0
1789904334278,348,525116,1,5568,-4.020043,1,-0.75,Walking,True,0,0,0
1789904334278,348,525116,1,5568,-4.020043,1,-0.75,Walking,True,0,0,0
1789904334278,348,525116,1,5568,-4.020043,1,-0.75,Walking,True,0,0,0
1789904334278,348,525116,1,5568,-4.020043,1,-0.75,Walking,True,0,0,0
1789904334278,348,525116,1,5568,-4.020043,1,-0.75,Walking,True,0,0,0
1789904334278,348,525116,1,5568,-4.020043,1,-0.75,Walking,True,0,0,0
1789904334278,348,525116,1,5568,-4.020043,1,-0.75,Walking,True,0,0,0
1789904334295,349,526270,1,5584,-4.020043,1,-0.75,Walking,True,0,0,0
1789904334295,349,526270,1,5584,-4.020043,1,-0.75,Walking,True,0,0,0
1789904334295,349,526270,1,5584,-4.020043,1,-0.75,Walking,True,0,0,0
1789904334295,349,526270,1,5584,-4.020043,1,-0.75,Walking,True,0,0,0
1789904334295,349,526270,1,5584,-4.020043,1,-0.75,Walking,True,0,0,0
1789904334295,349,526270,1,5584,-4.020043,1,-0.75,Walking,True,0,0,0
1789904334295,349,526270,1,5584,-4.020043,1,-0.75,Walking,True,0,0,0
1789904334295,349,526270,1,5584,-4.020043,1,-0.75,Walking,True,0,0,0
1789904334310,350,527416,1,5600,-4.020043,1,-0.75,Walking,True,0,0,0
1789904334310,350,527416,1,5600,-4.020043,1,-0.75,Walking,True,0,0,0
1789904334310,350,527416,1,5600,-4.020043,1,-0.75,Walking,True,0,0,0
1789904334310,350,527416,1,5600,-4.020043,1,-0.75,Walking,True,0,0,0
1789904334310,350,527416,1,5600,-4.020043,1,-0.75,Walking,True,0,0,0
1789904334310,350,527416,1,5600,-4.020043,1,-0.75,Walking,True,0,0,0
1789904334310,350,527416,1,5600,-4.020043,1,-0.75,Walking,True,0,0,0
1789904334310,350,527416,1,5600,-4.020043,1,-0.75,Walking,True,0,0,0
1789904334326,351,528576,1,5616,-4.020043,1,-0.75,Walking,True,0,0,0
1789904334326,351,528576,1,5616,-4.020043,1,-0.75,Walking,True,0,0,0
1789904334326,351,528576,1,5616,-4.020043,1,-0.75,Walking,True,0,0,0
1789904334326,351,528576,1,5616,-4.020043,1,-0.75,Walking,True,0,0,0
1789904334326,351,528576,1,5616,-4.020043,1,-0.75,Walking,True,0,0,0
1789904334326,351,528576,1,5616,-4.020043,1,-0.75,Walking,True,0,0,0
1789904334326,351,528576,1,5616,-4.020043,1,-0.75,Walking,True,0,0,0
1789904334326,351,528576,1,5616,-4.020043,1,-0.75,Walking,True,0,0,0
1789904334341,352,529735,1,5632,-4.020043,1,-0.75,Walking,True,0,0,0
1789904334341,352,529735,1,5632,-4.020043,1,-0.75,Walking,True,0,0,0
1789904334341,352,529735,1,5632,-4.020043,1,-0.75,Walking,True,0,0,0
1789904334341,352,529735,1,5632,-4.020043,1,-0.75,Walking,True,0,0,0
1789904334341,352,529735,1,5632,-4.020043,1,-0.75,Walking,True,0,0,0
1789904334341,352,529735,1,5632,-4.020043,1,-0.75,Walking,True,0,0,0
1789904334341,352,529735,1,5632,-4.020043,1,-0.75,Walking,True,0,0,0
1789904334341,352,529735,1,5632,-4.020043,1,-0.75,Walking,True,0,0,0
1789904334357,353,530895,1,5648,-4.020043,1,-0.75,Walking,True,0,0,0
1789904334357,353,530895,1,5648,-4.020043,1,-0.75,Walking,True,0,0,0
1789904334357,353,530895,1,5648,-4.020043,1,-0.75,Walking,True,0,0,0
1789904334357,353,530895,1,5648,-4.020043,1,-0.75,Walking,True,0,0,0
1789904334357,353,530895,1,5648,-4.020043,1,-0.75,Walking,True,0,0,0
1789904334357,353,530895,1,5648,-4.020043,1,-0.75,Walking,True,0,0,0
1789904334357,353,530895,1,5648,-4.020043,1,-0.75,Walking,True,0,0,0
1789904334357,353,530895,1,5648,-4.020043,1,-0.75,Walking,True,0,0,0
1789904334372,354,532072,1,5664,-4.020043,1,-0.75,Walking,True,0,0,0
1789904334372,354,532072,1,5664,-4.020043,1,-0.75,Walking,True,0,0,0
1789904334372,354,532072,1,5664,-4.020043,1,-0.75,Walking,True,0,0,0
1789904334372,354,532072,1,5664,-4.020043,1,-0.75,Walking,True,0,0,0
1789904334372,354,532072,1,5664,-4.020043,1,-0.75,Walking,True,0,0,0
1789904334372,354,532072,1,5664,-4.020043,1,-0.75,Walking,True,0,0,0
1789904334372,354,532072,1,5664,-4.020043,1,-0.75,Walking,True,0,0,0
1789904334372,354,532072,1,5664,-4.020043,1,-0.75,Walking,True,0,0,0
1789904334387,355,533215,1,5680,-4.020043,1,-0.75,Walking,True,0,0,0
1789904334387,355,533215,1,5680,-4.020043,1,-0.75,Walking,True,0,0,0
1789904334387,355,533215,1,5680,-4.020043,1,-0.75,Walking,True,0,0,0
1789904334387,355,533215,1,5680,-4.020043,1,-0.75,Walking,True,0,0,0
1789904334387,355,533215,1,5680,-4.020043,1,-0.75,Walking,True,0,0,0
1789904334387,355,533215,1,5680,-4.020043,1,-0.75,Walking,True,0,0,0
1789904334387,355,533215,1,5680,-4.020043,1,-0.75,Walking,True,0,0,0
1789904334387,355,533215,1,5680,-4.020043,1,-0.75,Walking,True,0,0,0
1789904334402,356,534523,1,5696,-4.020043,1,-0.75,Walking,True,0,0,0
1789904334402,356,534523,1,5696,-4.020043,1,-0.75,Walking,True,0,0,0
1789904334402,356,534523,1,5696,-4.020043,1,-0.75,Walking,True,0,0,0
1789904334402,356,534523,1,5696,-4.020043,1,-0.75,Walking,True,0,0,0
1789904334402,356,534523,1,5696,-4.020043,1,-0.75,Walking,True,0,0,0
1789904334402,356,534523,1,5696,-4.020043,1,-0.75,Walking,True,0,0,0
1789904334402,356,534523,1,5696,-4.020043,1,-0.75,Walking,True,0,0,0
1789904334402,356,534523,1,5696,-4.020043,1,-0.75,Walking,True,0,0,0
1789904334807,357,586026,1,5712,-4.020043,1,-0.75,Walking,True,0,0,0
1789904334807,357,586026,1,5712,-4.020043,1,-0.75,Walking,True,0,0,0
1789904334807,357,586026,1,5712,-4.020043,1,-0.75,Walking,True,0,0,0
1789904334807,357,586026,1,5712,-4.020043,1,-0.75,Walking,True,0,0,0
1789904334807,357,586026,1,5712,-4.020043,1,-0.75,Walking,True,0,0,0
1789904334807,357,586026,1,5712,-4.020043,1,-0.75,Walking,True,0,0,0
1789904334807,357,586026,1,5712,-4.020043,1,-0.75,Walking,True,0,0,0
1789904334807,357,586026,1,5712,-4.020043,1,-0.75,Walking,True,0,0,0
1789904334822,358,588900,1,5728,-4.020043,1,-0.75,Walking,True,0,0,0
1789904334822,358,588900,1,5728,-4.020043,1,-0.75,Walking,True,0,0,0
1789904334822,358,588900,1,5728,-4.020043,1,-0.75,Walking,True,0,0,0
1789904334822,358,588900,1,5728,-4.020043,1,-0.75,Walking,True,0,0,0
1789904334822,358,588900,1,5728,-4.020043,1,-0.75,Walking,True,0,0,0
1789904334822,358,588900,1,5728,-4.020043,1,-0.75,Walking,True,0,0,0
1789904334822,358,588900,1,5728,-4.020043,1,-0.75,Walking,True,0,0,0
1789904334822,358,588900,1,5728,-4.020043,1,-0.75,Walking,True,0,0,0
1789904334838,359,590445,1,5744,-4.020043,1,-0.75,Walking,True,0,0,0
1789904334838,359,590445,1,5744,-4.020043,1,-0.75,Walking,True,0,0,0
1789904334838,359,590445,1,5744,-4.020043,1,-0.75,Walking,True,0,0,0
1789904334838,359,590445,1,5744,-4.020043,1,-0.75,Walking,True,0,0,0
1789904334838,359,590445,1,5744,-4.020043,1,-0.75,Walking,True,0,0,0
1789904334838,359,590445,1,5744,-4.020043,1,-0.75,Walking,True,0,0,0
1789904334838,359,590445,1,5744,-4.020043,1,-0.75,Walking,True,0,0,0
1789904334838,359,590445,1,5744,-4.020043,1,-0.75,Walking,True,0,0,0
1789904334853,360,591885,1,5760,-4.020043,1,-0.75,Walking,True,0,0,0
1789904334853,360,591885,1,5760,-4.020043,1,-0.75,Walking,True,0,0,0
1789904334853,360,591885,1,5760,-4.020043,1,-0.75,Walking,True,0,0,0
1789904334853,360,591885,1,5760,-4.020043,1,-0.75,Walking,True,0,0,0
1789904334853,360,591885,1,5760,-4.020043,1,-0.75,Walking,True,0,0,0
1789904334853,360,591885,1,5760,-4.020043,1,-0.75,Walking,True,0,0,0
1789904334853,360,591885,1,5760,-4.020043,1,-0.75,Walking,True,0,0,0
1789904334853,360,591885,1,5760,-4.020043,1,-0.75,Walking,True,0,0,0
1789904334868,361,593253,1,5776,-4.020043,1,-0.75,Walking,True,0,0,0
1789904334868,361,593253,1,5776,-4.020043,1,-0.75,Walking,True,0,0,0
1789904334868,361,593253,1,5776,-4.020043,1,-0.75,Walking,True,0,0,0
1789904334868,361,593253,1,5776,-4.020043,1,-0.75,Walking,True,0,0,0
1789904334868,361,593253,1,5776,-4.020043,1,-0.75,Walking,True,0,0,0
1789904334868,361,593253,1,5776,-4.020043,1,-0.75,Walking,True,0,0,0
1789904334868,361,593253,1,5776,-4.020043,1,-0.75,Walking,True,0,0,0
1789904334868,361,593253,1,5776,-4.020043,1,-0.75,Walking,True,0,0,0
1789904334884,362,594642,1,5792,-4.020043,1,-0.75,Walking,True,0,0,0
1789904334884,362,594642,1,5792,-4.020043,1,-0.75,Walking,True,0,0,0
1789904334884,362,594642,1,5792,-4.020043,1,-0.75,Walking,True,0,0,0
1789904334884,362,594642,1,5792,-4.020043,1,-0.75,Walking,True,0,0,0
1789904334884,362,594642,1,5792,-4.020043,1,-0.75,Walking,True,0,0,0
1789904334884,362,594642,1,5792,-4.020043,1,-0.75,Walking,True,0,0,0
1789904334884,362,594642,1,5792,-4.020043,1,-0.75,Walking,True,0,0,0
1789904334884,362,594642,1,5792,-4.020043,1,-0.75,Walking,True,0,0,0
1789904334901,363,596015,1,5808,-4.020043,1,-0.75,Walking,True,0,0,0
1789904334901,363,596015,1,5808,-4.020043,1,-0.75,Walking,True,0,0,0
1789904334901,363,596015,1,5808,-4.020043,1,-0.75,Walking,True,0,0,0
1789904334901,363,596015,1,5808,-4.020043,1,-0.75,Walking,True,0,0,0
1789904334901,363,596015,1,5808,-4.020043,1,-0.75,Walking,True,0,0,0
1789904334901,363,596015,1,5808,-4.020043,1,-0.75,Walking,True,0,0,0
1789904334901,363,596015,1,5808,-4.020043,1,-0.75,Walking,True,0,0,0
1789904334901,363,596015,1,5808,-4.020043,1,-0.75,Walking,True,0,0,0
1789904334917,364,597581,1,5824,-4.020043,1,-0.75,Walking,True,0,0,0
1789904334917,364,597581,1,5824,-4.020043,1,-0.75,Walking,True,0,0,0
1789904334917,364,597581,1,5824,-4.020043,1,-0.75,Walking,True,0,0,0
1789904334917,364,597581,1,5824,-4.020043,1,-0.75,Walking,True,0,0,0
1789904334917,364,597581,1,5824,-4.020043,1,-0.75,Walking,True,0,0,0
1789904334917,364,597581,1,5824,-4.020043,1,-0.75,Walking,True,0,0,0
1789904334917,364,597581,1,5824,-4.020043,1,-0.75,Walking,True,0,0,0
1789904334917,364,597581,1,5824,-4.020043,1,-0.75,Walking,True,0,0,0
1789904334932,365,599108,1,5840,-4.020043,1,-0.75,Walking,True,0,0,0
1789904334932,365,599108,1,5840,-4.020043,1,-0.75,Walking,True,0,0,0
1789904334932,365,599108,1,5840,-4.020043,1,-0.75,Walking,True,0,0,0
1789904334932,365,599108,1,5840,-4.020043,1,-0.75,Walking,True,0,0,0
1789904334932,365,599108,1,5840,-4.020043,1,-0.75,Walking,True,0,0,0
1789904334932,365,599108,1,5840,-4.020043,1,-0.75,Walking,True,0,0,0
1789904334932,365,599108,1,5840,-4.020043,1,-0.75,Walking,True,0,0,0
1789904334932,365,599108,1,5840,-4.020043,1,-0.75,Walking,True,0,0,0
1789904334947,366,600501,1,5856,-4.020043,1,-0.75,Walking,True,0,0,0
1789904334947,366,600501,1,5856,-4.020043,1,-0.75,Walking,True,0,0,0
1789904334947,366,600501,1,5856,-4.020043,1,-0.75,Walking,True,0,0,0
1789904334947,366,600501,1,5856,-4.020043,1,-0.75,Walking,True,0,0,0
1789904334947,366,600501,1,5856,-4.020043,1,-0.75,Walking,True,0,0,0
1789904334947,366,600501,1,5856,-4.020043,1,-0.75,Walking,True,0,0,0
1789904334947,366,600501,1,5856,-4.020043,1,-0.75,Walking,True,0,0,0
1789904334947,366,600501,1,5856,-4.020043,1,-0.75,Walking,True,0,0,0
1789904334963,367,601793,1,5872,-4.020043,1,-0.75,Walking,True,0,0,0
1789904334963,367,601793,1,5872,-4.020043,1,-0.75,Walking,True,0,0,0
1789904334963,367,601793,1,5872,-4.020043,1,-0.75,Walking,True,0,0,0
1789904334963,367,601793,1,5872,-4.020043,1,-0.75,Walking,True,0,0,0
1789904334963,367,601793,1,5872,-4.020043,1,-0.75,Walking,True,0,0,0
1789904334964,367,601793,1,5872,-4.020043,1,-0.75,Walking,True,0,0,0
1789904334964,367,601793,1,5872,-4.020043,1,-0.75,Walking,True,0,0,0
1789904334964,367,601793,1,5872,-4.020043,1,-0.75,Walking,True,0,0,0
1789904334978,368,603248,1,5888,-4.020043,1,-0.75,Walking,True,0,0,0
1789904334978,368,603248,1,5888,-4.020043,1,-0.75,Walking,True,0,0,0
1789904334979,368,603248,1,5888,-4.020043,1,-0.75,Walking,True,0,0,0
1789904334979,368,603248,1,5888,-4.020043,1,-0.75,Walking,True,0,0,0
1789904334979,368,603248,1,5888,-4.020043,1,-0.75,Walking,True,0,0,0
1789904334979,368,603248,1,5888,-4.020043,1,-0.75,Walking,True,0,0,0
1789904334979,368,603248,1,5888,-4.020043,1,-0.75,Walking,True,0,0,0
1789904334979,368,603248,1,5888,-4.020043,1,-0.75,Walking,True,0,0,0
1789904334994,369,604464,1,5904,-4.020043,1,-0.75,Walking,True,0,0,0
1789904334994,369,604464,1,5904,-4.020043,1,-0.75,Walking,True,0,0,0
1789904334994,369,604464,1,5904,-4.020043,1,-0.75,Walking,True,0,0,0
1789904334994,369,604464,1,5904,-4.020043,1,-0.75,Walking,True,0,0,0
1789904334994,369,604464,1,5904,-4.020043,1,-0.75,Walking,True,0,0,0
1789904334994,369,604464,1,5904,-4.020043,1,-0.75,Walking,True,0,0,0
1789904334994,369,604464,1,5904,-4.020043,1,-0.75,Walking,True,0,0,0
1789904334994,369,604464,1,5904,-4.020043,1,-0.75,Walking,True,0,0,0
1789904335010,370,605774,1,5920,-4.020043,1,-0.75,Walking,True,0,0,0
1789904335010,370,605774,1,5920,-4.020043,1,-0.75,Walking,True,0,0,0
1789904335010,370,605774,1,5920,-4.020043,1,-0.75,Walking,True,0,0,0
1789904335010,370,605774,1,5920,-4.020043,1,-0.75,Walking,True,0,0,0
1789904335010,370,605774,1,5920,-4.020043,1,-0.75,Walking,True,0,0,0
1789904335010,370,605774,1,5920,-4.020043,1,-0.75,Walking,True,0,0,0
1789904335010,370,605774,1,5920,-4.020043,1,-0.75,Walking,True,0,0,0
1789904335010,370,605774,1,5920,-4.020043,1,-0.75,Walking,True,0,0,0
1789904335026,371,607033,1,5936,-4.020043,1,-0.75,Walking,True,0,0,0
1789904335026,371,607033,1,5936,-4.020043,1,-0.75,Walking,True,0,0,0
1789904335026,371,607033,1,5936,-4.020043,1,-0.75,Walking,True,0,0,0
1789904335026,371,607033,1,5936,-4.020043,1,-0.75,Walking,True,0,0,0
1789904335026,371,607033,1,5936,-4.020043,1,-0.75,Walking,True,0,0,0
1789904335026,371,607033,1,5936,-4.020043,1,-0.75,Walking,True,0,0,0
1789904335026,371,607033,1,5936,-4.020043,1,-0.75,Walking,True,0,0,0
1789904335026,371,607033,1,5936,-4.020043,1,-0.75,Walking,True,0,0,0
1789904335041,372,608269,1,5952,-4.020043,1,-0.75,Walking,True,0,0,0
1789904335041,372,608269,1,5952,-4.020043,1,-0.75,Walking,True,0,0,0
1789904335041,372,608269,1,5952,-4.020043,1,-0.75,Walking,True,0,0,0
1789904335041,372,608269,1,5952,-4.020043,1,-0.75,Walking,True,0,0,0
1789904335041,372,608269,1,5952,-4.020043,1,-0.75,Walking,True,0,0,0
1789904335041,372,608269,1,5952,-4.020043,1,-0.75,Walking,True,0,0,0
1789904335041,372,608269,1,5952,-4.020043,1,-0.75,Walking,True,0,0,0
1789904335041,372,608269,1,5952,-4.020043,1,-0.75,Walking,True,0,0,0
1789904335057,373,609440,1,5968,-4.020043,1,-0.75,Walking,True,0,0,0
1789904335057,373,609440,1,5968,-4.020043,1,-0.75,Walking,True,0,0,0
1789904335057,373,609440,1,5968,-4.020043,1,-0.75,Walking,True,0,0,0
1789904335057,373,609440,1,5968,-4.020043,1,-0.75,Walking,True,0,0,0
1789904335057,373,609440,1,5968,-4.020043,1,-0.75,Walking,True,0,0,0
1789904335057,373,609440,1,5968,-4.020043,1,-0.75,Walking,True,0,0,0
1789904335057,373,609440,1,5968,-4.020043,1,-0.75,Walking,True,0,0,0
1789904335057,373,609440,1,5968,-4.020043,1,-0.75,Walking,True,0,0,0
1789904335073,374,610819,1,5984,-4.020043,1,-0.75,Walking,True,0,0,0
1789904335073,374,610819,1,5984,-4.020043,1,-0.75,Walking,True,0,0,0
1789904335073,374,610819,1,5984,-4.020043,1,-0.75,Walking,True,0,0,0
1789904335073,374,610819,1,5984,-4.020043,1,-0.75,Walking,True,0,0,0
1789904335073,374,610819,1,5984,-4.020043,1,-0.75,Walking,True,0,0,0
1789904335073,374,610819,1,5984,-4.020043,1,-0.75,Walking,True,0,0,0
1789904335073,374,610819,1,5984,-4.020043,1,-0.75,Walking,True,0,0,0
1789904335073,374,610819,1,5984,-4.020043,1,-0.75,Walking,True,0,0,0
1789904335087,375,611960,1,6000,-4.020043,1,-0.75,Walking,True,0,0,0
1789904335087,375,611960,1,6000,-4.020043,1,-0.75,Walking,True,0,0,0
1789904335087,375,611960,1,6000,-4.020043,1,-0.75,Walking,True,0,0,0
1789904335087,375,611960,1,6000,-4.020043,1,-0.75,Walking,True,0,0,0
1789904335087,375,611960,1,6000,-4.020043,1,-0.75,Walking,True,0,0,0
1789904335087,375,611960,1,6000,-4.020043,1,-0.75,Walking,True,0,0,0
1789904335087,375,611960,1,6000,-4.020043,1,-0.75,Walking,True,0,0,0
1789904335087,375,611960,1,6000,-4.020043,1,-0.75,Walking,True,0,0,0
1789904335102,376,613273,1,6016,-4.020043,1,-0.75,Walking,True,0,0,0
1789904335102,376,613273,1,6016,-4.020043,1,-0.75,Walking,True,0,0,0
1789904335102,376,613273,1,6016,-4.020043,1,-0.75,Walking,True,0,0,0
1789904335102,376,613273,1,6016,-4.020043,1,-0.75,Walking,True,0,0,0
1789904335102,376,613273,1,6016,-4.020043,1,-0.75,Walking,True,0,0,0
1789904335102,376,613273,1,6016,-4.020043,1,-0.75,Walking,True,0,0,0
1789904335102,376,613273,1,6016,-4.020043,1,-0.75,Walking,True,0,0,0
1789904335102,376,613273,1,6016,-4.020043,1,-0.75,Walking,True,0,0,0
1789904335117,377,614723,1,6032,-4.020043,1,-0.75,Walking,True,0,0,0
1789904335117,377,614723,1,6032,-4.020043,1,-0.75,Walking,True,0,0,0
1789904335117,377,614723,1,6032,-4.020043,1,-0.75,Walking,True,0,0,0
1789904335117,377,614723,1,6032,-4.020043,1,-0.75,Walking,True,0,0,0
1789904335117,377,614723,1,6032,-4.020043,1,-0.75,Walking,True,0,0,0
1789904335117,377,614723,1,6032,-4.020043,1,-0.75,Walking,True,0,0,0
1789904335117,377,614723,1,6032,-4.020043,1,-0.75,Walking,True,0,0,0
1789904335117,377,614723,1,6032,-4.020043,1,-0.75,Walking,True,0,0,0
1789904335133,378,616192,1,6048,-4.020043,1,-0.75,Walking,True,0,0,0
1789904335133,378,616192,1,6048,-4.020043,1,-0.75,Walking,True,0,0,0
1789904335133,378,616192,1,6048,-4.020043,1,-0.75,Walking,True,0,0,0
1789904335133,378,616192,1,6048,-4.020043,1,-0.75,Walking,True,0,0,0
1789904335133,378,616192,1,6048,-4.020043,1,-0.75,Walking,True,0,0,0
1789904335133,378,616192,1,6048,-4.020043,1,-0.75,Walking,True,0,0,0
1789904335133,378,616192,1,6048,-4.020043,1,-0.75,Walking,True,0,0,0
1789904335133,378,616192,1,6048,-4.020043,1,-0.75,Walking,True,0,0,0
1789904335150,379,617660,1,6064,-4.020043,1,-0.75,Walking,True,0,0,0
1789904335150,379,617660,1,6064,-4.020043,1,-0.75,Walking,True,0,0,0
1789904335150,379,617660,1,6064,-4.020043,1,-0.75,Walking,True,0,0,0
1789904335150,379,617660,1,6064,-4.020043,1,-0.75,Walking,True,0,0,0
1789904335150,379,617660,1,6064,-4.020043,1,-0.75,Walking,True,0,0,0
1789904335150,379,617660,1,6064,-4.020043,1,-0.75,Walking,True,0,0,0
1789904335150,379,617660,1,6064,-4.020043,1,-0.75,Walking,True,0,0,0
1789904335150,379,617660,1,6064,-4.020043,1,-0.75,Walking,True,0,0,0
1789904335166,380,619293,1,6080,-4.020043,1,-0.75,Walking,True,0,0,0
1789904335166,380,619293,1,6080,-4.020043,1,-0.75,Walking,True,0,0,0
1789904335166,380,619293,1,6080,-4.020043,1,-0.75,Walking,True,0,0,0
1789904335166,380,619293,1,6080,-4.020043,1,-0.75,Walking,True,0,0,0
1789904335166,380,619293,1,6080,-4.020043,1,-0.75,Walking,True,0,0,0
1789904335166,380,619293,1,6080,-4.020043,1,-0.75,Walking,True,0,0,0
1789904335166,380,619293,1,6080,-4.020043,1,-0.75,Walking,True,0,0,0
1789904335166,380,619293,1,6080,-4.020043,1,-0.75,Walking,True,0,0,0
1789904335182,381,620841,1,6096,-4.020043,1,-0.75,Walking,True,0,0,0
1789904335182,381,620841,1,6096,-4.020043,1,-0.75,Walking,True,0,0,0
1789904335182,381,620841,1,6096,-4.020043,1,-0.75,Walking,True,0,0,0
1789904335182,381,620841,1,6096,-4.020043,1,-0.75,Walking,True,0,0,0
1789904335182,381,620841,1,6096,-4.020043,1,-0.75,Walking,True,0,0,0
1789904335182,381,620841,1,6096,-4.020043,1,-0.75,Walking,True,0,0,0
1789904335182,381,620841,1,6096,-4.020043,1,-0.75,Walking,True,0,0,0
1789904335182,381,620841,1,6096,-4.020043,1,-0.75,Walking,True,0,0,0
1789904335198,382,622440,1,6112,-4.020043,1,-0.75,Walking,True,0,0,0
1789904335198,382,622440,1,6112,-4.020043,1,-0.75,Walking,True,0,0,0
1789904335198,382,622440,1,6112,-4.020043,1,-0.75,Walking,True,0,0,0
1789904335198,382,622440,1,6112,-4.020043,1,-0.75,Walking,True,0,0,0
1789904335198,382,622440,1,6112,-4.020043,1,-0.75,Walking,True,0,0,0
1789904335198,382,622440,1,6112,-4.020043,1,-0.75,Walking,True,0,0,0
1789904335198,382,622440,1,6112,-4.020043,1,-0.75,Walking,True,0,0,0
1789904335198,382,622440,1,6112,-4.020043,1,-0.75,Walking,True,0,0,0
1789904335213,383,624005,1,6128,-4.020043,1,-0.75,Walking,True,0,0,0
1789904335213,383,624005,1,6128,-4.020043,1,-0.75,Walking,True,0,0,0
1789904335213,383,624005,1,6128,-4.020043,1,-0.75,Walking,True,0,0,0
1789904335213,383,624005,1,6128,-4.020043,1,-0.75,Walking,True,0,0,0
1789904335213,383,624005,1,6128,-4.020043,1,-0.75,Walking,True,0,0,0
1789904335213,383,624005,1,6128,-4.020043,1,-0.75,Walking,True,0,0,0
1789904335213,383,624005,1,6128,-4.020043,1,-0.75,Walking,True,0,0,0
1789904335213,383,624005,1,6128,-4.020043,1,-0.75,Walking,True,0,0,0
1789904335228,384,625486,1,6144,-4.020043,1,-0.75,Walking,True,0,0,0
1789904335228,384,625486,1,6144,-4.020043,1,-0.75,Walking,True,0,0,0
1789904335228,384,625486,1,6144,-4.020043,1,-0.75,Walking,True,0,0,0
1789904335228,384,625486,1,6144,-4.020043,1,-0.75,Walking,True,0,0,0
1789904335228,384,625486,1,6144,-4.020043,1,-0.75,Walking,True,0,0,0
1789904335228,384,625486,1,6144,-4.020043,1,-0.75,Walking,True,0,0,0
1789904335228,384,625486,1,6144,-4.020043,1,-0.75,Walking,True,0,0,0
1789904335228,384,625486,1,6144,-4.020043,1,-0.75,Walking,True,0,0,0
1789904335244,385,626865,1,6160,-4.020043,1,-0.75,Walking,True,0,0,0
1789904335244,385,626865,1,6160,-4.020043,1,-0.75,Walking,True,0,0,0
1789904335244,385,626865,1,6160,-4.020043,1,-0.75,Walking,True,0,0,0
1789904335244,385,626865,1,6160,-4.020043,1,-0.75,Walking,True,0,0,0
1789904335244,385,626865,1,6160,-4.020043,1,-0.75,Walking,True,0,0,0
1789904335244,385,626865,1,6160,-4.020043,1,-0.75,Walking,True,0,0,0
1789904335244,385,626865,1,6160,-4.020043,1,-0.75,Walking,True,0,0,0
1789904335244,385,626865,1,6160,-4.020043,1,-0.75,Walking,True,0,0,0
1789904335259,386,628380,1,6176,-4.020043,1,-0.75,Walking,True,0,0,0
1789904335259,386,628380,1,6176,-4.020043,1,-0.75,Walking,True,0,0,0
1789904335259,386,628380,1,6176,-4.020043,1,-0.75,Walking,True,0,0,0
1789904335259,386,628380,1,6176,-4.020043,1,-0.75,Walking,True,0,0,0
1789904335259,386,628380,1,6176,-4.020043,1,-0.75,Walking,True,0,0,0
1789904335259,386,628380,1,6176,-4.020043,1,-0.75,Walking,True,0,0,0
1789904335259,386,628380,1,6176,-4.020043,1,-0.75,Walking,True,0,0,0
1789904335259,386,628380,1,6176,-4.020043,1,-0.75,Walking,True,0,0,0
1789904335275,387,629554,1,6192,-4.020043,1,-0.75,Walking,True,0,0,0
1789904335275,387,629554,1,6192,-4.020043,1,-0.75,Walking,True,0,0,0
1789904335275,387,629554,1,6192,-4.020043,1,-0.75,Walking,True,0,0,0
1789904335275,387,629554,1,6192,-4.020043,1,-0.75,Walking,True,0,0,0
1789904335275,387,629554,1,6192,-4.020043,1,-0.75,Walking,True,0,0,0
1789904335275,387,629554,1,6192,-4.020043,1,-0.75,Walking,True,0,0,0
1789904335275,387,629554,1,6192,-4.020043,1,-0.75,Walking,True,0,0,0
1789904335275,387,629554,1,6192,-4.020043,1,-0.75,Walking,True,0,0,0
1789904335291,388,630893,1,6208,-4.020043,1,-0.75,Walking,True,0,0,0
1789904335291,388,630893,1,6208,-4.020043,1,-0.75,Walking,True,0,0,0
1789904335291,388,630893,1,6208,-4.020043,1,-0.75,Walking,True,0,0,0
1789904335291,388,630893,1,6208,-4.020043,1,-0.75,Walking,True,0,0,0
1789904335291,388,630893,1,6208,-4.020043,1,-0.75,Walking,True,0,0,0
1789904335291,388,630893,1,6208,-4.020043,1,-0.75,Walking,True,0,0,0
1789904335291,388,630893,1,6208,-4.020043,1,-0.75,Walking,True,0,0,0
1789904335291,388,630893,1,6208,-4.020043,1,-0.75,Walking,True,0,0,0
1789904335306,389,632404,1,6224,-4.020043,1,-0.75,Walking,True,0,0,0
1789904335306,389,632404,1,6224,-4.020043,1,-0.75,Walking,True,0,0,0
1789904335306,389,632404,1,6224,-4.020043,1,-0.75,Walking,True,0,0,0
1789904335306,389,632404,1,6224,-4.020043,1,-0.75,Walking,True,0,0,0
1789904335306,389,632404,1,6224,-4.020043,1,-0.75,Walking,True,0,0,0
1789904335306,389,632404,1,6224,-4.020043,1,-0.75,Walking,True,0,0,0
1789904335306,389,632404,1,6224,-4.020043,1,-0.75,Walking,True,0,0,0
1789904335306,389,632404,1,6224,-4.020043,1,-0.75,Walking,True,0,0,0
1789904335321,390,633751,1,6240,-4.020043,1,-0.75,Walking,True,0,0,0
1789904335321,390,633751,1,6240,-4.020043,1,-0.75,Walking,True,0,0,0
1789904335321,390,633751,1,6240,-4.020043,1,-0.75,Walking,True,0,0,0
1789904335321,390,633751,1,6240,-4.020043,1,-0.75,Walking,True,0,0,0
1789904335321,390,633751,1,6240,-4.020043,1,-0.75,Walking,True,0,0,0
1789904335321,390,633751,1,6240,-4.020043,1,-0.75,Walking,True,0,0,0
1789904335321,390,633751,1,6240,-4.020043,1,-0.75,Walking,True,0,0,0
1789904335321,390,633751,1,6240,-4.020043,1,-0.75,Walking,True,0,0,0
1789904335352,391,635160,1,6256,-4.020043,1,-0.75,Walking,True,0,0,0
1789904335352,391,635160,1,6256,-4.020043,1,-0.75,Walking,True,0,0,0
1789904335352,391,635160,1,6256,-4.020043,1,-0.75,Walking,True,0,0,0
1789904335352,391,635160,1,6256,-4.020043,1,-0.75,Walking,True,0,0,0
1789904335352,391,635160,1,6256,-4.020043,1,-0.75,Walking,True,0,0,0
1789904335352,391,635160,1,6256,-4.020043,1,-0.75,Walking,True,0,0,0
1789904335352,391,635160,1,6256,-4.020043,1,-0.75,Walking,True,0,0,0
1789904335352,391,635160,1,6256,-4.020043,1,-0.75,Walking,True,0,0,0
1789904335368,392,637643,1,6272,-4.020043,1,-0.75,Walking,True,0,0,0
1789904335368,392,637643,1,6272,-4.020043,1,-0.75,Walking,True,0,0,0
1789904335368,392,637643,1,6272,-4.020043,1,-0.75,Walking,True,0,0,0
1789904335368,392,637643,1,6272,-4.020043,1,-0.75,Walking,True,0,0,0
1789904335368,392,637643,1,6272,-4.020043,1,-0.75,Walking,True,0,0,0
1789904335368,392,637643,1,6272,-4.020043,1,-0.75,Walking,True,0,0,0
1789904335368,392,637643,1,6272,-4.020043,1,-0.75,Walking,True,0,0,0
1789904335368,392,637643,1,6272,-4.020043,1,-0.75,Walking,True,0,0,0
1789904335383,393,638931,1,6288,-4.020043,1,-0.75,Walking,True,0,0,0
1789904335383,393,638931,1,6288,-4.020043,1,-0.75,Walking,True,0,0,0
1789904335383,393,638931,1,6288,-4.020043,1,-0.75,Walking,True,0,0,0
1789904335383,393,638931,1,6288,-4.020043,1,-0.75,Walking,True,0,0,0
1789904335383,393,638931,1,6288,-4.020043,1,-0.75,Walking,True,0,0,0
1789904335383,393,638931,1,6288,-4.020043,1,-0.75,Walking,True,0,0,0
1789904335383,393,638931,1,6288,-4.020043,1,-0.75,Walking,True,0,0,0
1789904335383,393,638931,1,6288,-4.020043,1,-0.75,Walking,True,0,0,0
1789904335694,393,678559,2,6288,-4.020043,1,-0.75,Walking,True,0,0,0
1789904335694,393,678559,2,6288,-4.020043,1,-0.75,Walking,True,0,0,0
1789904335694,393,678559,2,6288,-4.020043,1,-0.75,Walking,True,0,0,0
1789904335694,393,678559,2,6288,-4.020043,1,-0.75,Walking,True,0,0,0
1789904335694,393,678559,2,6288,-4.020043,1,-0.75,Walking,True,0,0,0
1789904335694,393,678559,2,6288,-4.020043,1,-0.75,Walking,True,0,0,0
1789904335694,393,678559,2,6288,-4.020043,1,-0.75,Walking,True,0,0,0
1789904335694,393,678559,2,6288,-4.020043,1,-0.75,Walking,True,0,0,0
1789904336527,394,784102,2,6304,-4.025163,1,-0.75,Walking,True,-0.32,0,0
1789904336527,394,784102,2,6304,-4.025163,1,-0.75,Walking,True,-0.32,0,0
1789904336527,394,784102,2,6304,-4.025163,1,-0.75,Walking,True,-0.32,0,0
1789904336527,394,784102,2,6304,-4.025163,1,-0.75,Walking,True,-0.32,0,0
1789904336527,394,784102,2,6304,-4.025163,1,-0.75,Walking,True,-0.32,0,0
1789904336527,394,784102,2,6304,-4.025163,1,-0.75,Walking,True,-0.32,0,0
1789904336527,394,784102,2,6304,-4.025163,1,-0.75,Walking,True,-0.32,0,0
1789904336527,394,784102,2,6304,-4.025163,1,-0.75,Walking,True,-0.32,0,0
1789904336543,395,787580,2,6320,-4.035403,1,-0.75,Walking,True,-0.64,0,0
1789904336543,395,787580,2,6320,-4.035403,1,-0.75,Walking,True,-0.64,0,0
1789904336543,395,787580,2,6320,-4.035403,1,-0.75,Walking,True,-0.64,0,0
1789904336543,395,787580,2,6320,-4.035403,1,-0.75,Walking,True,-0.64,0,0
1789904336543,395,787580,2,6320,-4.035403,1,-0.75,Walking,True,-0.64,0,0
1789904336543,395,787580,2,6320,-4.035403,1,-0.75,Walking,True,-0.64,0,0
1789904336543,395,787580,2,6320,-4.035403,1,-0.75,Walking,True,-0.64,0,0
1789904336543,395,787580,2,6320,-4.035403,1,-0.75,Walking,True,-0.64,0,0
1789904336559,396,789497,2,6336,-4.050763,1,-0.75,Walking,True,-0.96,0,0
1789904336559,396,789497,2,6336,-4.050763,1,-0.75,Walking,True,-0.96,0,0
1789904336559,396,789497,2,6336,-4.050763,1,-0.75,Walking,True,-0.96,0,0
1789904336559,396,789497,2,6336,-4.050763,1,-0.75,Walking,True,-0.96,0,0
1789904336559,396,789497,2,6336,-4.050763,1,-0.75,Walking,True,-0.96,0,0
1789904336559,396,789497,2,6336,-4.050763,1,-0.75,Walking,True,-0.96,0,0
1789904336559,396,789497,2,6336,-4.050763,1,-0.75,Walking,True,-0.96,0,0
1789904336559,396,789497,2,6336,-4.050763,1,-0.75,Walking,True,-0.96,0,0
1789904336574,397,791287,2,6352,-4.071243,1,-0.75,Walking,True,-1.28,0,0
1789904336574,397,791287,2,6352,-4.071243,1,-0.75,Walking,True,-1.28,0,0
1789904336574,397,791287,2,6352,-4.071243,1,-0.75,Walking,True,-1.28,0,0
1789904336574,397,791287,2,6352,-4.071243,1,-0.75,Walking,True,-1.28,0,0
1789904336574,397,791287,2,6352,-4.071243,1,-0.75,Walking,True,-1.28,0,0
1789904336574,397,791287,2,6352,-4.071243,1,-0.75,Walking,True,-1.28,0,0
1789904336574,397,791287,2,6352,-4.071243,1,-0.75,Walking,True,-1.28,0,0
1789904336574,397,791287,2,6352,-4.071243,1,-0.75,Walking,True,-1.28,0,0
1789904336590,398,793059,2,6368,-4.096843,1,-0.75,Walking,True,-1.6,0,0
1789904336590,398,793059,2,6368,-4.096843,1,-0.75,Walking,True,-1.6,0,0
1789904336590,398,793059,2,6368,-4.096843,1,-0.75,Walking,True,-1.6,0,0
1789904336590,398,793059,2,6368,-4.096843,1,-0.75,Walking,True,-1.6,0,0
1789904336590,398,793059,2,6368,-4.096843,1,-0.75,Walking,True,-1.6,0,0
1789904336590,398,793059,2,6368,-4.096843,1,-0.75,Walking,True,-1.6,0,0
1789904336590,398,793059,2,6368,-4.096843,1,-0.75,Walking,True,-1.6,0,0
1789904336590,398,793059,2,6368,-4.096843,1,-0.75,Walking,True,-1.6,0,0
1789904336607,399,794880,2,6384,-4.127563,1,-0.75,Walking,True,-1.92,0,0
1789904336607,399,794880,2,6384,-4.127563,1,-0.75,Walking,True,-1.92,0,0
1789904336607,399,794880,2,6384,-4.127563,1,-0.75,Walking,True,-1.92,0,0
1789904336607,399,794880,2,6384,-4.127563,1,-0.75,Walking,True,-1.92,0,0
1789904336607,399,794880,2,6384,-4.127563,1,-0.75,Walking,True,-1.92,0,0
1789904336607,399,794880,2,6384,-4.127563,1,-0.75,Walking,True,-1.92,0,0
1789904336607,399,794880,2,6384,-4.127563,1,-0.75,Walking,True,-1.92,0,0
1789904336607,399,794880,2,6384,-4.127563,1,-0.75,Walking,True,-1.92,0,0
1789904336622,400,796663,2,6400,-4.163403,1,-0.75,Walking,True,-2.24,0,0
1789904336622,400,796663,2,6400,-4.163403,1,-0.75,Walking,True,-2.24,0,0
1789904336622,400,796663,2,6400,-4.163403,1,-0.75,Walking,True,-2.24,0,0
1789904336622,400,796663,2,6400,-4.163403,1,-0.75,Walking,True,-2.24,0,0
1789904336622,400,796663,2,6400,-4.163403,1,-0.75,Walking,True,-2.24,0,0
1789904336622,400,796663,2,6400,-4.163403,1,-0.75,Walking,True,-2.24,0,0
1789904336622,400,796663,2,6400,-4.163403,1,-0.75,Walking,True,-2.24,0,0
1789904336622,400,796663,2,6400,-4.163403,1,-0.75,Walking,True,-2.24,0,0
1789904336638,401,798213,2,6416,-4.204363,1,-0.75,Walking,True,-2.56,0,0
1789904336638,401,798213,2,6416,-4.204363,1,-0.75,Walking,True,-2.56,0,0
1789904336638,401,798213,2,6416,-4.204363,1,-0.75,Walking,True,-2.56,0,0
1789904336638,401,798213,2,6416,-4.204363,1,-0.75,Walking,True,-2.56,0,0
1789904336638,401,798213,2,6416,-4.204363,1,-0.75,Walking,True,-2.56,0,0
1789904336638,401,798213,2,6416,-4.204363,1,-0.75,Walking,True,-2.56,0,0
1789904336638,401,798213,2,6416,-4.204363,1,-0.75,Walking,True,-2.56,0,0
1789904336638,401,798213,2,6416,-4.204363,1,-0.75,Walking,True,-2.56,0,0
1789904336654,402,800095,2,6432,-4.250443,1,-0.75,Walking,True,-2.88,0,0
1789904336654,402,800095,2,6432,-4.250443,1,-0.75,Walking,True,-2.88,0,0
1789904336654,402,800095,2,6432,-4.250443,1,-0.75,Walking,True,-2.88,0,0
1789904336654,402,800095,2,6432,-4.250443,1,-0.75,Walking,True,-2.88,0,0
1789904336654,402,800095,2,6432,-4.250443,1,-0.75,Walking,True,-2.88,0,0
1789904336654,402,800095,2,6432,-4.250443,1,-0.75,Walking,True,-2.88,0,0
1789904336654,402,800095,2,6432,-4.250443,1,-0.75,Walking,True,-2.88,0,0
1789904336654,402,800095,2,6432,-4.250443,1,-0.75,Walking,True,-2.88,0,0
1789904336671,403,801945,2,6448,-4.301643,1,-0.75,Walking,True,-3.2,0,0
1789904336671,403,801945,2,6448,-4.301643,1,-0.75,Walking,True,-3.2,0,0
1789904336671,403,801945,2,6448,-4.301643,1,-0.75,Walking,True,-3.2,0,0
1789904336671,403,801945,2,6448,-4.301643,1,-0.75,Walking,True,-3.2,0,0
1789904336671,403,801945,2,6448,-4.301643,1,-0.75,Walking,True,-3.2,0,0
1789904336671,403,801945,2,6448,-4.301643,1,-0.75,Walking,True,-3.2,0,0
1789904336671,403,801945,2,6448,-4.301643,1,-0.75,Walking,True,-3.2,0,0
1789904336671,403,801945,2,6448,-4.301643,1,-0.75,Walking,True,-3.2,0,0
1789904336686,404,803824,2,6464,-4.357963,1,-0.75,Walking,True,-3.52,0,0
1789904336686,404,803824,2,6464,-4.357963,1,-0.75,Walking,True,-3.52,0,0
1789904336686,404,803824,2,6464,-4.357963,1,-0.75,Walking,True,-3.52,0,0
1789904336686,404,803824,2,6464,-4.357963,1,-0.75,Walking,True,-3.52,0,0
1789904336686,404,803824,2,6464,-4.357963,1,-0.75,Walking,True,-3.52,0,0
1789904336686,404,803824,2,6464,-4.357963,1,-0.75,Walking,True,-3.52,0,0
1789904336686,404,803824,2,6464,-4.357963,1,-0.75,Walking,True,-3.52,0,0
1789904336686,404,803824,2,6464,-4.357963,1,-0.75,Walking,True,-3.52,0,0
1789904336702,405,805501,2,6480,-4.419403,1,-0.75,Walking,True,-3.84,0,0
1789904336702,405,805501,2,6480,-4.419403,1,-0.75,Walking,True,-3.84,0,0
1789904336702,405,805501,2,6480,-4.419403,1,-0.75,Walking,True,-3.84,0,0
1789904336702,405,805501,2,6480,-4.419403,1,-0.75,Walking,True,-3.84,0,0
1789904336702,405,805501,2,6480,-4.419403,1,-0.75,Walking,True,-3.84,0,0
1789904336702,405,805501,2,6480,-4.419403,1,-0.75,Walking,True,-3.84,0,0
1789904336702,405,805501,2,6480,-4.419403,1,-0.75,Walking,True,-3.84,0,0
1789904336702,405,805501,2,6480,-4.419403,1,-0.75,Walking,True,-3.84,0,0
1789904336718,406,807191,2,6496,-4.481803,1,-0.75,Walking,True,-3.9,0,0
1789904336718,406,807191,2,6496,-4.481803,1,-0.75,Walking,True,-3.9,0,0
1789904336718,406,807191,2,6496,-4.481803,1,-0.75,Walking,True,-3.9,0,0
1789904336718,406,807191,2,6496,-4.481803,1,-0.75,Walking,True,-3.9,0,0
1789904336718,406,807191,2,6496,-4.481803,1,-0.75,Walking,True,-3.9,0,0
1789904336718,406,807191,2,6496,-4.481803,1,-0.75,Walking,True,-3.9,0,0
1789904336718,406,807191,2,6496,-4.481803,1,-0.75,Walking,True,-3.9,0,0
1789904336718,406,807191,2,6496,-4.481803,1,-0.75,Walking,True,-3.9,0,0
1789904336734,407,808756,2,6512,-4.544203,1,-0.75,Walking,True,-3.9,0,0
1789904336734,407,808756,2,6512,-4.544203,1,-0.75,Walking,True,-3.9,0,0
1789904336734,407,808756,2,6512,-4.544203,1,-0.75,Walking,True,-3.9,0,0
1789904336734,407,808756,2,6512,-4.544203,1,-0.75,Walking,True,-3.9,0,0
1789904336734,407,808756,2,6512,-4.544203,1,-0.75,Walking,True,-3.9,0,0
1789904336734,407,808756,2,6512,-4.544203,1,-0.75,Walking,True,-3.9,0,0
1789904336734,407,808756,2,6512,-4.544203,1,-0.75,Walking,True,-3.9,0,0
1789904336734,407,808756,2,6512,-4.544203,1,-0.75,Walking,True,-3.9,0,0
1789904336750,408,810492,2,6528,-4.606603,1,-0.75,Walking,True,-3.9,0,0
1789904336750,408,810492,2,6528,-4.606603,1,-0.75,Walking,True,-3.9,0,0
1789904336750,408,810492,2,6528,-4.606603,1,-0.75,Walking,True,-3.9,0,0
1789904336750,408,810492,2,6528,-4.606603,1,-0.75,Walking,True,-3.9,0,0
1789904336750,408,810492,2,6528,-4.606603,1,-0.75,Walking,True,-3.9,0,0
1789904336750,408,810492,2,6528,-4.606603,1,-0.75,Walking,True,-3.9,0,0
1789904336751,408,810492,2,6528,-4.606603,1,-0.75,Walking,True,-3.9,0,0
1789904336751,408,810492,2,6528,-4.606603,1,-0.75,Walking,True,-3.9,0,0
1789904336766,409,812213,2,6544,-4.669003,1,-0.75,Walking,True,-3.9,0,0
1789904336766,409,812213,2,6544,-4.669003,1,-0.75,Walking,True,-3.9,0,0
1789904336766,409,812213,2,6544,-4.669003,1,-0.75,Walking,True,-3.9,0,0
1789904336766,409,812213,2,6544,-4.669003,1,-0.75,Walking,True,-3.9,0,0
1789904336766,409,812213,2,6544,-4.669003,1,-0.75,Walking,True,-3.9,0,0
1789904336766,409,812213,2,6544,-4.669003,1,-0.75,Walking,True,-3.9,0,0
1789904336766,409,812213,2,6544,-4.669003,1,-0.75,Walking,True,-3.9,0,0
1789904336766,409,812213,2,6544,-4.669003,1,-0.75,Walking,True,-3.9,0,0
1789904336781,410,813683,2,6560,-4.731402,1,-0.75,Walking,True,-3.9,0,0
1789904336781,410,813683,2,6560,-4.731402,1,-0.75,Walking,True,-3.9,0,0
1789904336781,410,813683,2,6560,-4.731402,1,-0.75,Walking,True,-3.9,0,0
1789904336781,410,813683,2,6560,-4.731402,1,-0.75,Walking,True,-3.9,0,0
1789904336781,410,813683,2,6560,-4.731402,1,-0.75,Walking,True,-3.9,0,0
1789904336781,410,813683,2,6560,-4.731402,1,-0.75,Walking,True,-3.9,0,0
1789904336781,410,813683,2,6560,-4.731402,1,-0.75,Walking,True,-3.9,0,0
1789904336781,410,813683,2,6560,-4.731402,1,-0.75,Walking,True,-3.9,0,0
1789904336796,411,814924,2,6576,-4.793802,1,-0.75,Walking,True,-3.9,0,0
1789904336796,411,814924,2,6576,-4.793802,1,-0.75,Walking,True,-3.9,0,0
1789904336796,411,814924,2,6576,-4.793802,1,-0.75,Walking,True,-3.9,0,0
1789904336796,411,814924,2,6576,-4.793802,1,-0.75,Walking,True,-3.9,0,0
1789904336796,411,814924,2,6576,-4.793802,1,-0.75,Walking,True,-3.9,0,0
1789904336796,411,814924,2,6576,-4.793802,1,-0.75,Walking,True,-3.9,0,0
1789904336796,411,814924,2,6576,-4.793802,1,-0.75,Walking,True,-3.9,0,0
1789904336796,411,814924,2,6576,-4.793802,1,-0.75,Walking,True,-3.9,0,0
1789904336811,412,816287,2,6592,-4.856202,1,-0.75,Walking,True,-3.9,0,0
1789904336811,412,816287,2,6592,-4.856202,1,-0.75,Walking,True,-3.9,0,0
1789904336811,412,816287,2,6592,-4.856202,1,-0.75,Walking,True,-3.9,0,0
1789904336811,412,816287,2,6592,-4.856202,1,-0.75,Walking,True,-3.9,0,0
1789904336811,412,816287,2,6592,-4.856202,1,-0.75,Walking,True,-3.9,0,0
1789904336811,412,816287,2,6592,-4.856202,1,-0.75,Walking,True,-3.9,0,0
1789904336811,412,816287,2,6592,-4.856202,1,-0.75,Walking,True,-3.9,0,0
1789904336811,412,816287,2,6592,-4.856202,1,-0.75,Walking,True,-3.9,0,0
1789904336826,413,817836,2,6608,-4.918602,1,-0.75,Walking,True,-3.9,0,0
1789904336826,413,817836,2,6608,-4.918602,1,-0.75,Walking,True,-3.9,0,0
1789904336826,413,817836,2,6608,-4.918602,1,-0.75,Walking,True,-3.9,0,0
1789904336826,413,817836,2,6608,-4.918602,1,-0.75,Walking,True,-3.9,0,0
1789904336826,413,817836,2,6608,-4.918602,1,-0.75,Walking,True,-3.9,0,0
1789904336826,413,817836,2,6608,-4.918602,1,-0.75,Walking,True,-3.9,0,0
1789904336826,413,817836,2,6608,-4.918602,1,-0.75,Walking,True,-3.9,0,0
1789904336826,413,817836,2,6608,-4.918602,1,-0.75,Walking,True,-3.9,0,0
1789904336843,414,819330,2,6624,-4.981002,1,-0.75,Walking,True,-3.9,0,0
1789904336843,414,819330,2,6624,-4.981002,1,-0.75,Walking,True,-3.9,0,0
1789904336843,414,819330,2,6624,-4.981002,1,-0.75,Walking,True,-3.9,0,0
1789904336843,414,819330,2,6624,-4.981002,1,-0.75,Walking,True,-3.9,0,0
1789904336843,414,819330,2,6624,-4.981002,1,-0.75,Walking,True,-3.9,0,0
1789904336843,414,819330,2,6624,-4.981002,1,-0.75,Walking,True,-3.9,0,0
1789904336843,414,819330,2,6624,-4.981002,1,-0.75,Walking,True,-3.9,0,0
1789904336843,414,819330,2,6624,-4.981002,1,-0.75,Walking,True,-3.9,0,0
1789904336858,415,820933,2,6640,-5.043402,1,-0.75,Walking,True,-3.9,0,0
1789904336858,415,820933,2,6640,-5.043402,1,-0.75,Walking,True,-3.9,0,0
1789904336858,415,820933,2,6640,-5.043402,1,-0.75,Walking,True,-3.9,0,0
1789904336858,415,820933,2,6640,-5.043402,1,-0.75,Walking,True,-3.9,0,0
1789904336858,415,820933,2,6640,-5.043402,1,-0.75,Walking,True,-3.9,0,0
1789904336858,415,820933,2,6640,-5.043402,1,-0.75,Walking,True,-3.9,0,0
1789904336858,415,820933,2,6640,-5.043402,1,-0.75,Walking,True,-3.9,0,0
1789904336858,415,820933,2,6640,-5.043402,1,-0.75,Walking,True,-3.9,0,0
1789904336874,416,822347,2,6656,-5.105802,1,-0.75,Walking,True,-3.9,0,0
1789904336874,416,822347,2,6656,-5.105802,1,-0.75,Walking,True,-3.9,0,0
1789904336874,416,822347,2,6656,-5.105802,1,-0.75,Walking,True,-3.9,0,0
1789904336874,416,822347,2,6656,-5.105802,1,-0.75,Walking,True,-3.9,0,0
1789904336874,416,822347,2,6656,-5.105802,1,-0.75,Walking,True,-3.9,0,0
1789904336874,416,822347,2,6656,-5.105802,1,-0.75,Walking,True,-3.9,0,0
1789904336874,416,822347,2,6656,-5.105802,1,-0.75,Walking,True,-3.9,0,0
1789904336874,416,822347,2,6656,-5.105802,1,-0.75,Walking,True,-3.9,0,0
1789904336890,417,823961,2,6672,-5.168201,1,-0.75,Walking,True,-3.9,0,0
1789904336890,417,823961,2,6672,-5.168201,1,-0.75,Walking,True,-3.9,0,0
1789904336890,417,823961,2,6672,-5.168201,1,-0.75,Walking,True,-3.9,0,0
1789904336890,417,823961,2,6672,-5.168201,1,-0.75,Walking,True,-3.9,0,0
1789904336890,417,823961,2,6672,-5.168201,1,-0.75,Walking,True,-3.9,0,0
1789904336890,417,823961,2,6672,-5.168201,1,-0.75,Walking,True,-3.9,0,0
1789904336890,417,823961,2,6672,-5.168201,1,-0.75,Walking,True,-3.9,0,0
1789904336890,417,823961,2,6672,-5.168201,1,-0.75,Walking,True,-3.9,0,0
1789904336905,418,825549,2,6688,-5.230601,1,-0.75,Walking,True,-3.9,0,0
1789904336905,418,825549,2,6688,-5.230601,1,-0.75,Walking,True,-3.9,0,0
1789904336905,418,825549,2,6688,-5.230601,1,-0.75,Walking,True,-3.9,0,0
1789904336905,418,825549,2,6688,-5.230601,1,-0.75,Walking,True,-3.9,0,0
1789904336905,418,825549,2,6688,-5.230601,1,-0.75,Walking,True,-3.9,0,0
1789904336905,418,825549,2,6688,-5.230601,1,-0.75,Walking,True,-3.9,0,0
1789904336905,418,825549,2,6688,-5.230601,1,-0.75,Walking,True,-3.9,0,0
1789904336905,418,825549,2,6688,-5.230601,1,-0.75,Walking,True,-3.9,0,0
1789904336921,419,826845,2,6704,-5.293001,1,-0.75,Walking,True,-3.9,0,0
1789904336921,419,826845,2,6704,-5.293001,1,-0.75,Walking,True,-3.9,0,0
1789904336921,419,826845,2,6704,-5.293001,1,-0.75,Walking,True,-3.9,0,0
1789904336921,419,826845,2,6704,-5.293001,1,-0.75,Walking,True,-3.9,0,0
1789904336921,419,826845,2,6704,-5.293001,1,-0.75,Walking,True,-3.9,0,0
1789904336921,419,826845,2,6704,-5.293001,1,-0.75,Walking,True,-3.9,0,0
1789904336921,419,826845,2,6704,-5.293001,1,-0.75,Walking,True,-3.9,0,0
1789904336921,419,826845,2,6704,-5.293001,1,-0.75,Walking,True,-3.9,0,0
1789904336937,420,828339,2,6720,-5.355401,1,-0.75,Walking,True,-3.9,0,0
1789904336937,420,828339,2,6720,-5.355401,1,-0.75,Walking,True,-3.9,0,0
1789904336937,420,828339,2,6720,-5.355401,1,-0.75,Walking,True,-3.9,0,0
1789904336937,420,828339,2,6720,-5.355401,1,-0.75,Walking,True,-3.9,0,0
1789904336937,420,828339,2,6720,-5.355401,1,-0.75,Walking,True,-3.9,0,0
1789904336937,420,828339,2,6720,-5.355401,1,-0.75,Walking,True,-3.9,0,0
1789904336937,420,828339,2,6720,-5.355401,1,-0.75,Walking,True,-3.9,0,0
1789904336937,420,828339,2,6720,-5.355401,1,-0.75,Walking,True,-3.9,0,0
1789904336952,421,829935,2,6736,-5.417801,1,-0.75,Walking,True,-3.9,0,0
1789904336952,421,829935,2,6736,-5.417801,1,-0.75,Walking,True,-3.9,0,0
1789904336952,421,829935,2,6736,-5.417801,1,-0.75,Walking,True,-3.9,0,0
1789904336952,421,829935,2,6736,-5.417801,1,-0.75,Walking,True,-3.9,0,0
1789904336952,421,829935,2,6736,-5.417801,1,-0.75,Walking,True,-3.9,0,0
1789904336952,421,829935,2,6736,-5.417801,1,-0.75,Walking,True,-3.9,0,0
1789904336952,421,829935,2,6736,-5.417801,1,-0.75,Walking,True,-3.9,0,0
1789904336952,421,829935,2,6736,-5.417801,1,-0.75,Walking,True,-3.9,0,0
1789904336968,422,831440,2,6752,-5.480201,1,-0.75,Walking,True,-3.9,0,0
1789904336968,422,831440,2,6752,-5.480201,1,-0.75,Walking,True,-3.9,0,0
1789904336968,422,831440,2,6752,-5.480201,1,-0.75,Walking,True,-3.9,0,0
1789904336968,422,831440,2,6752,-5.480201,1,-0.75,Walking,True,-3.9,0,0
1789904336968,422,831440,2,6752,-5.480201,1,-0.75,Walking,True,-3.9,0,0
1789904336968,422,831440,2,6752,-5.480201,1,-0.75,Walking,True,-3.9,0,0
1789904336968,422,831440,2,6752,-5.480201,1,-0.75,Walking,True,-3.9,0,0
1789904336968,422,831440,2,6752,-5.480201,1,-0.75,Walking,True,-3.9,0,0
1789904336983,423,832827,2,6768,-5.542601,1,-0.75,Walking,True,-3.9,0,0
1789904336983,423,832827,2,6768,-5.542601,1,-0.75,Walking,True,-3.9,0,0
1789904336984,423,832827,2,6768,-5.542601,1,-0.75,Walking,True,-3.9,0,0
1789904336984,423,832827,2,6768,-5.542601,1,-0.75,Walking,True,-3.9,0,0
1789904336984,423,832827,2,6768,-5.542601,1,-0.75,Walking,True,-3.9,0,0
1789904336984,423,832827,2,6768,-5.542601,1,-0.75,Walking,True,-3.9,0,0
1789904336984,423,832827,2,6768,-5.542601,1,-0.75,Walking,True,-3.9,0,0
1789904336984,423,832827,2,6768,-5.542601,1,-0.75,Walking,True,-3.9,0,0
1789904336998,424,834228,2,6784,-5.605,1,-0.75,Walking,True,-3.9,0,0
1789904336998,424,834228,2,6784,-5.605,1,-0.75,Walking,True,-3.9,0,0
1789904336998,424,834228,2,6784,-5.605,1,-0.75,Walking,True,-3.9,0,0
1789904336998,424,834228,2,6784,-5.605,1,-0.75,Walking,True,-3.9,0,0
1789904336998,424,834228,2,6784,-5.605,1,-0.75,Walking,True,-3.9,0,0
1789904336998,424,834228,2,6784,-5.605,1,-0.75,Walking,True,-3.9,0,0
1789904336998,424,834228,2,6784,-5.605,1,-0.75,Walking,True,-3.9,0,0
1789904336998,424,834228,2,6784,-5.605,1,-0.75,Walking,True,-3.9,0,0
1789904337014,425,835621,2,6800,-5.6674,1,-0.75,Walking,True,-3.9,0,0
1789904337014,425,835621,2,6800,-5.6674,1,-0.75,Walking,True,-3.9,0,0
1789904337014,425,835621,2,6800,-5.6674,1,-0.75,Walking,True,-3.9,0,0
1789904337014,425,835621,2,6800,-5.6674,1,-0.75,Walking,True,-3.9,0,0
1789904337014,425,835621,2,6800,-5.6674,1,-0.75,Walking,True,-3.9,0,0
1789904337014,425,835621,2,6800,-5.6674,1,-0.75,Walking,True,-3.9,0,0
1789904337014,425,835621,2,6800,-5.6674,1,-0.75,Walking,True,-3.9,0,0
1789904337014,425,835621,2,6800,-5.6674,1,-0.75,Walking,True,-3.9,0,0
1789904337029,426,837061,2,6816,-5.7298,1,-0.75,Walking,True,-3.9,0,0
1789904337029,426,837061,2,6816,-5.7298,1,-0.75,Walking,True,-3.9,0,0
1789904337029,426,837061,2,6816,-5.7298,1,-0.75,Walking,True,-3.9,0,0
1789904337029,426,837061,2,6816,-5.7298,1,-0.75,Walking,True,-3.9,0,0
1789904337029,426,837061,2,6816,-5.7298,1,-0.75,Walking,True,-3.9,0,0
1789904337029,426,837061,2,6816,-5.7298,1,-0.75,Walking,True,-3.9,0,0
1789904337029,426,837061,2,6816,-5.7298,1,-0.75,Walking,True,-3.9,0,0
1789904337029,426,837061,2,6816,-5.7298,1,-0.75,Walking,True,-3.9,0,0
1789904337045,427,838453,2,6832,-5.7922,1,-0.75,Walking,True,-3.9,0,0
1789904337045,427,838453,2,6832,-5.7922,1,-0.75,Walking,True,-3.9,0,0
1789904337045,427,838453,2,6832,-5.7922,1,-0.75,Walking,True,-3.9,0,0
1789904337045,427,838453,2,6832,-5.7922,1,-0.75,Walking,True,-3.9,0,0
1789904337045,427,838453,2,6832,-5.7922,1,-0.75,Walking,True,-3.9,0,0
1789904337045,427,838453,2,6832,-5.7922,1,-0.75,Walking,True,-3.9,0,0
1789904337045,427,838453,2,6832,-5.7922,1,-0.75,Walking,True,-3.9,0,0
1789904337045,427,838453,2,6832,-5.7922,1,-0.75,Walking,True,-3.9,0,0
1789904337061,428,840007,2,6848,-5.8546,1,-0.75,Walking,True,-3.9,0,0
1789904337061,428,840007,2,6848,-5.8546,1,-0.75,Walking,True,-3.9,0,0
1789904337061,428,840007,2,6848,-5.8546,1,-0.75,Walking,True,-3.9,0,0
1789904337061,428,840007,2,6848,-5.8546,1,-0.75,Walking,True,-3.9,0,0
1789904337061,428,840007,2,6848,-5.8546,1,-0.75,Walking,True,-3.9,0,0
1789904337061,428,840007,2,6848,-5.8546,1,-0.75,Walking,True,-3.9,0,0
1789904337061,428,840007,2,6848,-5.8546,1,-0.75,Walking,True,-3.9,0,0
1789904337061,428,840007,2,6848,-5.8546,1,-0.75,Walking,True,-3.9,0,0
1789904337077,429,841504,2,6864,-5.917,1,-0.75,Walking,True,-3.9,0,0
1789904337077,429,841504,2,6864,-5.917,1,-0.75,Walking,True,-3.9,0,0
1789904337077,429,841504,2,6864,-5.917,1,-0.75,Walking,True,-3.9,0,0
1789904337077,429,841504,2,6864,-5.917,1,-0.75,Walking,True,-3.9,0,0
1789904337077,429,841504,2,6864,-5.917,1,-0.75,Walking,True,-3.9,0,0
1789904337077,429,841504,2,6864,-5.917,1,-0.75,Walking,True,-3.9,0,0
1789904337077,429,841504,2,6864,-5.917,1,-0.75,Walking,True,-3.9,0,0
1789904337077,429,841504,2,6864,-5.917,1,-0.75,Walking,True,-3.9,0,0
1789904337092,430,843142,2,6880,-5.9794,1,-0.75,Walking,True,-3.9,0,0
1789904337092,430,843142,2,6880,-5.9794,1,-0.75,Walking,True,-3.9,0,0
1789904337092,430,843142,2,6880,-5.9794,1,-0.75,Walking,True,-3.9,0,0
1789904337092,430,843142,2,6880,-5.9794,1,-0.75,Walking,True,-3.9,0,0
1789904337092,430,843142,2,6880,-5.9794,1,-0.75,Walking,True,-3.9,0,0
1789904337092,430,843142,2,6880,-5.9794,1,-0.75,Walking,True,-3.9,0,0
1789904337092,430,843142,2,6880,-5.9794,1,-0.75,Walking,True,-3.9,0,0
1789904337092,430,843142,2,6880,-5.9794,1,-0.75,Walking,True,-3.9,0,0
1789904337107,431,844594,2,6896,-6.0418,1,-0.75,Walking,True,-3.9,0,0
1789904337107,431,844594,2,6896,-6.0418,1,-0.75,Walking,True,-3.9,0,0
1789904337107,431,844594,2,6896,-6.0418,1,-0.75,Walking,True,-3.9,0,0
1789904337107,431,844594,2,6896,-6.0418,1,-0.75,Walking,True,-3.9,0,0
1789904337107,431,844594,2,6896,-6.0418,1,-0.75,Walking,True,-3.9,0,0
1789904337107,431,844594,2,6896,-6.0418,1,-0.75,Walking,True,-3.9,0,0
1789904337107,431,844594,2,6896,-6.0418,1,-0.75,Walking,True,-3.9,0,0
1789904337107,431,844594,2,6896,-6.0418,1,-0.75,Walking,True,-3.9,0,0
1789904337123,432,846181,2,6912,-6.104199,1,-0.75,Walking,True,-3.9,0,0
1789904337123,432,846181,2,6912,-6.104199,1,-0.75,Walking,True,-3.9,0,0
1789904337123,432,846181,2,6912,-6.104199,1,-0.75,Walking,True,-3.9,0,0
1789904337123,432,846181,2,6912,-6.104199,1,-0.75,Walking,True,-3.9,0,0
1789904337123,432,846181,2,6912,-6.104199,1,-0.75,Walking,True,-3.9,0,0
1789904337123,432,846181,2,6912,-6.104199,1,-0.75,Walking,True,-3.9,0,0
1789904337123,432,846181,2,6912,-6.104199,1,-0.75,Walking,True,-3.9,0,0
1789904337123,432,846181,2,6912,-6.104199,1,-0.75,Walking,True,-3.9,0,0
1789904337138,433,847749,2,6928,-6.166599,1,-0.75,Walking,True,-3.9,0,0
1789904337138,433,847749,2,6928,-6.166599,1,-0.75,Walking,True,-3.9,0,0
1789904337138,433,847749,2,6928,-6.166599,1,-0.75,Walking,True,-3.9,0,0
1789904337138,433,847749,2,6928,-6.166599,1,-0.75,Walking,True,-3.9,0,0
1789904337138,433,847749,2,6928,-6.166599,1,-0.75,Walking,True,-3.9,0,0
1789904337138,433,847749,2,6928,-6.166599,1,-0.75,Walking,True,-3.9,0,0
1789904337138,433,847749,2,6928,-6.166599,1,-0.75,Walking,True,-3.9,0,0
1789904337138,433,847749,2,6928,-6.166599,1,-0.75,Walking,True,-3.9,0,0
1789904337154,434,849206,2,6944,-6.228999,1,-0.75,Walking,True,-3.9,0,0
1789904337154,434,849206,2,6944,-6.228999,1,-0.75,Walking,True,-3.9,0,0
1789904337154,434,849206,2,6944,-6.228999,1,-0.75,Walking,True,-3.9,0,0
1789904337154,434,849206,2,6944,-6.228999,1,-0.75,Walking,True,-3.9,0,0
1789904337154,434,849206,2,6944,-6.228999,1,-0.75,Walking,True,-3.9,0,0
1789904337154,434,849206,2,6944,-6.228999,1,-0.75,Walking,True,-3.9,0,0
1789904337154,434,849206,2,6944,-6.228999,1,-0.75,Walking,True,-3.9,0,0
1789904337154,434,849206,2,6944,-6.228999,1,-0.75,Walking,True,-3.9,0,0
1789904337186,435,850728,2,6960,-6.291399,1,-0.75,Walking,True,-3.9,0,0
1789904337186,435,850728,2,6960,-6.291399,1,-0.75,Walking,True,-3.9,0,0
1789904337186,435,850728,2,6960,-6.291399,1,-0.75,Walking,True,-3.9,0,0
1789904337186,435,850728,2,6960,-6.291399,1,-0.75,Walking,True,-3.9,0,0
1789904337186,435,850728,2,6960,-6.291399,1,-0.75,Walking,True,-3.9,0,0
1789904337186,435,850728,2,6960,-6.291399,1,-0.75,Walking,True,-3.9,0,0
1789904337186,435,850728,2,6960,-6.291399,1,-0.75,Walking,True,-3.9,0,0
1789904337186,435,850728,2,6960,-6.291399,1,-0.75,Walking,True,-3.9,0,0
1789904337186,436,853872,2,6976,-6.353799,1,-0.75,Walking,True,-3.9,0,0
1789904337202,436,853872,2,6976,-6.353799,1,-0.75,Walking,True,-3.9,0,0
1789904337202,436,853872,2,6976,-6.353799,1,-0.75,Walking,True,-3.9,0,0
1789904337202,437,853876,2,6992,-6.416199,1,-0.75,Walking,True,-3.9,0,0
1789904337202,437,853876,2,6992,-6.416199,1,-0.75,Walking,True,-3.9,0,0
1789904337202,437,853876,2,6992,-6.416199,1,-0.75,Walking,True,-3.9,0,0
1789904337202,437,853876,2,6992,-6.416199,1,-0.75,Walking,True,-3.9,0,0
1789904337202,437,853876,2,6992,-6.416199,1,-0.75,Walking,True,-3.9,0,0
1789904337202,437,853876,2,6992,-6.416199,1,-0.75,Walking,True,-3.9,0,0
1789904337218,438,855407,2,7008,-6.478599,1,-0.75,Walking,True,-3.9,0,0
1789904337218,438,855407,2,7008,-6.478599,1,-0.75,Walking,True,-3.9,0,0
1789904337218,438,855407,2,7008,-6.478599,1,-0.75,Walking,True,-3.9,0,0
1789904337218,438,855407,2,7008,-6.478599,1,-0.75,Walking,True,-3.9,0,0
1789904337218,438,855407,2,7008,-6.478599,1,-0.75,Walking,True,-3.9,0,0
1789904337218,438,855407,2,7008,-6.478599,1,-0.75,Walking,True,-3.9,0,0
1789904337218,438,855407,2,7008,-6.478599,1,-0.75,Walking,True,-3.9,0,0
1789904337218,438,855407,2,7008,-6.478599,1,-0.75,Walking,True,-3.9,0,0
1789904337234,439,857111,2,7024,-6.540998,1,-0.75,Walking,True,-3.9,0,0
1789904337234,439,857111,2,7024,-6.540998,1,-0.75,Walking,True,-3.9,0,0
1789904337234,439,857111,2,7024,-6.540998,1,-0.75,Walking,True,-3.9,0,0
1789904337234,439,857111,2,7024,-6.540998,1,-0.75,Walking,True,-3.9,0,0
1789904337234,439,857111,2,7024,-6.540998,1,-0.75,Walking,True,-3.9,0,0
1789904337234,439,857111,2,7024,-6.540998,1,-0.75,Walking,True,-3.9,0,0
1789904337234,439,857111,2,7024,-6.540998,1,-0.75,Walking,True,-3.9,0,0
1789904337234,439,857111,2,7024,-6.540998,1,-0.75,Walking,True,-3.9,0,0
1789904337265,440,858648,2,7040,-6.603398,1,-0.75,Walking,True,-3.9,0,0
1789904337265,440,858648,2,7040,-6.603398,1,-0.75,Walking,True,-3.9,0,0
1789904337265,440,858648,2,7040,-6.603398,1,-0.75,Walking,True,-3.9,0,0
1789904337265,440,858648,2,7040,-6.603398,1,-0.75,Walking,True,-3.9,0,0
1789904337265,440,858648,2,7040,-6.603398,1,-0.75,Walking,True,-3.9,0,0
1789904337265,440,858648,2,7040,-6.603398,1,-0.75,Walking,True,-3.9,0,0
1789904337265,440,858648,2,7040,-6.603398,1,-0.75,Walking,True,-3.9,0,0
1789904337265,440,858648,2,7040,-6.603398,1,-0.75,Walking,True,-3.9,0,0
1789904337281,441,861857,2,7056,-6.665798,1,-0.75,Walking,True,-3.9,0,0
1789904337281,441,861857,2,7056,-6.665798,1,-0.75,Walking,True,-3.9,0,0
1789904337281,441,861857,2,7056,-6.665798,1,-0.75,Walking,True,-3.9,0,0
1789904337281,441,861857,2,7056,-6.665798,1,-0.75,Walking,True,-3.9,0,0
1789904337281,441,861857,2,7056,-6.665798,1,-0.75,Walking,True,-3.9,0,0
1789904337281,441,861857,2,7056,-6.665798,1,-0.75,Walking,True,-3.9,0,0
1789904337281,441,861857,2,7056,-6.665798,1,-0.75,Walking,True,-3.9,0,0
1789904337281,441,861857,2,7056,-6.665798,1,-0.75,Walking,True,-3.9,0,0
1789904337312,442,863293,2,7072,-6.728198,1,-0.75,Walking,True,-3.9,0,0
1789904337312,442,863293,2,7072,-6.728198,1,-0.75,Walking,True,-3.9,0,0
1789904337312,443,863295,2,7088,-6.790598,1,-0.75,Walking,True,-3.9,0,0
1789904337312,443,863295,2,7088,-6.790598,1,-0.75,Walking,True,-3.9,0,0
1789904337312,443,863295,2,7088,-6.790598,1,-0.75,Walking,True,-3.9,0,0
1789904337312,443,863295,2,7088,-6.790598,1,-0.75,Walking,True,-3.9,0,0
1789904337312,443,863295,2,7088,-6.790598,1,-0.75,Walking,True,-3.9,0,0
1789904337312,443,863295,2,7088,-6.790598,1,-0.75,Walking,True,-3.9,0,0
1789904337327,444,866529,2,7104,-6.852998,1,-0.75,Walking,True,-3.9,0,0
1789904337327,444,866529,2,7104,-6.852998,1,-0.75,Walking,True,-3.9,0,0
1789904337327,444,866529,2,7104,-6.852998,1,-0.75,Walking,True,-3.9,0,0
1789904337327,444,866529,2,7104,-6.852998,1,-0.75,Walking,True,-3.9,0,0
1789904337327,444,866529,2,7104,-6.852998,1,-0.75,Walking,True,-3.9,0,0
1789904337327,444,866529,2,7104,-6.852998,1,-0.75,Walking,True,-3.9,0,0
1789904337327,444,866529,2,7104,-6.852998,1,-0.75,Walking,True,-3.9,0,0
1789904337327,444,866529,2,7104,-6.852998,1,-0.75,Walking,True,-3.9,0,0
1789904337343,445,867990,2,7120,-6.915398,1,-0.75,Walking,True,-3.9,0,0
1789904337343,445,867990,2,7120,-6.915398,1,-0.75,Walking,True,-3.9,0,0
1789904337343,445,867990,2,7120,-6.915398,1,-0.75,Walking,True,-3.9,0,0
1789904337343,445,867990,2,7120,-6.915398,1,-0.75,Walking,True,-3.9,0,0
1789904337343,445,867990,2,7120,-6.915398,1,-0.75,Walking,True,-3.9,0,0
1789904337343,445,867990,2,7120,-6.915398,1,-0.75,Walking,True,-3.9,0,0
1789904337343,445,867990,2,7120,-6.915398,1,-0.75,Walking,True,-3.9,0,0
1789904337343,445,867990,2,7120,-6.915398,1,-0.75,Walking,True,-3.9,0,0
1789904337359,446,869655,2,7136,-6.977798,1,-0.75,Walking,True,-3.9,0,0
1789904337359,446,869655,2,7136,-6.977798,1,-0.75,Walking,True,-3.9,0,0
1789904337359,446,869655,2,7136,-6.977798,1,-0.75,Walking,True,-3.9,0,0
1789904337359,446,869655,2,7136,-6.977798,1,-0.75,Walking,True,-3.9,0,0
1789904337359,446,869655,2,7136,-6.977798,1,-0.75,Walking,True,-3.9,0,0
1789904337359,446,869655,2,7136,-6.977798,1,-0.75,Walking,True,-3.9,0,0
1789904337359,446,869655,2,7136,-6.977798,1,-0.75,Walking,True,-3.9,0,0
1789904337359,446,869655,2,7136,-6.977798,1,-0.75,Walking,True,-3.9,0,0
1789904337374,447,871272,2,7152,-7.040197,1,-0.75,Walking,True,-3.9,0,0
1789904337374,447,871272,2,7152,-7.040197,1,-0.75,Walking,True,-3.9,0,0
1789904337374,447,871272,2,7152,-7.040197,1,-0.75,Walking,True,-3.9,0,0
1789904337374,447,871272,2,7152,-7.040197,1,-0.75,Walking,True,-3.9,0,0
1789904337374,447,871272,2,7152,-7.040197,1,-0.75,Walking,True,-3.9,0,0
1789904337374,447,871272,2,7152,-7.040197,1,-0.75,Walking,True,-3.9,0,0
1789904337374,447,871272,2,7152,-7.040197,1,-0.75,Walking,True,-3.9,0,0
1789904337374,447,871272,2,7152,-7.040197,1,-0.75,Walking,True,-3.9,0,0
1789904337389,448,872698,2,7168,-7.102597,1,-0.75,Walking,True,-3.9,0,0
1789904337389,448,872698,2,7168,-7.102597,1,-0.75,Walking,True,-3.9,0,0
1789904337389,448,872698,2,7168,-7.102597,1,-0.75,Walking,True,-3.9,0,0
1789904337389,448,872698,2,7168,-7.102597,1,-0.75,Walking,True,-3.9,0,0
1789904337389,448,872698,2,7168,-7.102597,1,-0.75,Walking,True,-3.9,0,0
1789904337389,448,872698,2,7168,-7.102597,1,-0.75,Walking,True,-3.9,0,0
1789904337389,448,872698,2,7168,-7.102597,1,-0.75,Walking,True,-3.9,0,0
1789904337389,448,872698,2,7168,-7.102597,1,-0.75,Walking,True,-3.9,0,0
1789904337405,449,874332,2,7184,-7.164997,1,-0.75,Walking,True,-3.9,0,0
1789904337405,449,874332,2,7184,-7.164997,1,-0.75,Walking,True,-3.9,0,0
1789904337405,449,874332,2,7184,-7.164997,1,-0.75,Walking,True,-3.9,0,0
1789904337405,449,874332,2,7184,-7.164997,1,-0.75,Walking,True,-3.9,0,0
1789904337405,449,874332,2,7184,-7.164997,1,-0.75,Walking,True,-3.9,0,0
1789904337405,449,874332,2,7184,-7.164997,1,-0.75,Walking,True,-3.9,0,0
1789904337405,449,874332,2,7184,-7.164997,1,-0.75,Walking,True,-3.9,0,0
1789904337405,449,874332,2,7184,-7.164997,1,-0.75,Walking,True,-3.9,0,0

