# R4-B --movement 真实 Unity DS 权威运动验收证据
# 权威来源：真实 Unity DS（PhysX 隔离物理场景）复制下来的 _movementSnapshotV1 与 owner 可靠事件
# 客户端 AP 碰撞世界：PMMoverTestWorld（AABB 替身，WorldVersion=1）——不是 PhysX
# 输入 dt=16ms；节拍=真实 Stopwatch 墙钟；DS 预算由 DS 自己的墙钟累计

## 客户端 A（本端 uid=301，对手 uid=302）
note: ap=ok sp=ok
note: resync 1→1 旧流帧=92 对照帧=176 边界=394→394
apTicksAccepted=394 apTicksRejected=0
apResyncApplied=0 apStreamVersion=1 apUnacked=2 apSnapshotApplied=391 spInterpAuthorityAccepted=64
# owner 可靠事件（kind 1=ModeChanged, 2=Landed）
event kind=1 value=1 key=2113
event kind=1 value=0 key=2505
event kind=2 value=0 key=2506
# AP 侧收到的真实 DS 权威快照轨迹（wallMs,outputFrame,serverFrame,stream,totalMs,x,y,z,mode,grounded,velX,velY,velZ）
1789903984910,0,0,1,0,-3,1,-0.75,Walking,True,0,0,0
1789903984940,1,6960,1,16,-2.99488,1,-0.75,Walking,True,0.32,0,0
1789903984940,1,6960,1,16,-2.99488,1,-0.75,Walking,True,0.32,0,0
1789903984941,1,6960,1,16,-2.99488,1,-0.75,Walking,True,0.32,0,0
1789903984941,1,6960,1,16,-2.99488,1,-0.75,Walking,True,0.32,0,0
1789903984941,1,6960,1,16,-2.99488,1,-0.75,Walking,True,0.32,0,0
1789903984941,1,6960,1,16,-2.99488,1,-0.75,Walking,True,0.32,0,0
1789903984941,1,6960,1,16,-2.99488,1,-0.75,Walking,True,0.32,0,0
1789903984941,1,6960,1,16,-2.99488,1,-0.75,Walking,True,0.32,0,0
1789903984959,2,7354,1,32,-2.98464,1,-0.75,Walking,True,0.64,0,0
1789903984959,2,7354,1,32,-2.98464,1,-0.75,Walking,True,0.64,0,0
1789903984959,2,7354,1,32,-2.98464,1,-0.75,Walking,True,0.64,0,0
1789903984959,2,7354,1,32,-2.98464,1,-0.75,Walking,True,0.64,0,0
1789903984959,2,7354,1,32,-2.98464,1,-0.75,Walking,True,0.64,0,0
1789903984959,2,7354,1,32,-2.98464,1,-0.75,Walking,True,0.64,0,0
1789903984959,2,7354,1,32,-2.98464,1,-0.75,Walking,True,0.64,0,0
1789903984959,2,7354,1,32,-2.98464,1,-0.75,Walking,True,0.64,0,0
1789903984973,3,9047,1,48,-2.96928,1,-0.75,Walking,True,0.96,0,0
1789903984973,3,9047,1,48,-2.96928,1,-0.75,Walking,True,0.96,0,0
1789903984973,3,9047,1,48,-2.96928,1,-0.75,Walking,True,0.96,0,0
1789903984973,3,9047,1,48,-2.96928,1,-0.75,Walking,True,0.96,0,0
1789903984973,3,9047,1,48,-2.96928,1,-0.75,Walking,True,0.96,0,0
1789903984973,3,9047,1,48,-2.96928,1,-0.75,Walking,True,0.96,0,0
1789903984973,3,9047,1,48,-2.96928,1,-0.75,Walking,True,0.96,0,0
1789903984973,3,9047,1,48,-2.96928,1,-0.75,Walking,True,0.96,0,0
1789903984988,4,10260,1,64,-2.9488,1,-0.75,Walking,True,1.28,0,0
1789903984988,4,10260,1,64,-2.9488,1,-0.75,Walking,True,1.28,0,0
1789903984988,4,10260,1,64,-2.9488,1,-0.75,Walking,True,1.28,0,0
1789903984988,4,10260,1,64,-2.9488,1,-0.75,Walking,True,1.28,0,0
1789903984988,4,10260,1,64,-2.9488,1,-0.75,Walking,True,1.28,0,0
1789903984988,4,10260,1,64,-2.9488,1,-0.75,Walking,True,1.28,0,0
1789903984988,4,10260,1,64,-2.9488,1,-0.75,Walking,True,1.28,0,0
1789903984988,4,10260,1,64,-2.9488,1,-0.75,Walking,True,1.28,0,0
1789903985003,5,11593,1,80,-2.9232,1,-0.75,Walking,True,1.6,0,0
1789903985003,5,11593,1,80,-2.9232,1,-0.75,Walking,True,1.6,0,0
1789903985003,5,11593,1,80,-2.9232,1,-0.75,Walking,True,1.6,0,0
1789903985003,5,11593,1,80,-2.9232,1,-0.75,Walking,True,1.6,0,0
1789903985003,5,11593,1,80,-2.9232,1,-0.75,Walking,True,1.6,0,0
1789903985003,5,11593,1,80,-2.9232,1,-0.75,Walking,True,1.6,0,0
1789903985003,5,11593,1,80,-2.9232,1,-0.75,Walking,True,1.6,0,0
1789903985003,5,11593,1,80,-2.9232,1,-0.75,Walking,True,1.6,0,0
1789903985018,6,13041,1,96,-2.89248,1,-0.75,Walking,True,1.92,0,0
1789903985018,6,13041,1,96,-2.89248,1,-0.75,Walking,True,1.92,0,0
1789903985018,6,13041,1,96,-2.89248,1,-0.75,Walking,True,1.92,0,0
1789903985018,6,13041,1,96,-2.89248,1,-0.75,Walking,True,1.92,0,0
1789903985018,6,13041,1,96,-2.89248,1,-0.75,Walking,True,1.92,0,0
1789903985018,6,13041,1,96,-2.89248,1,-0.75,Walking,True,1.92,0,0
1789903985018,6,13041,1,96,-2.89248,1,-0.75,Walking,True,1.92,0,0
1789903985018,6,13041,1,96,-2.89248,1,-0.75,Walking,True,1.92,0,0
1789903985034,7,14533,1,112,-2.85664,1,-0.75,Walking,True,2.24,0,0
1789903985034,7,14533,1,112,-2.85664,1,-0.75,Walking,True,2.24,0,0
1789903985034,7,14533,1,112,-2.85664,1,-0.75,Walking,True,2.24,0,0
1789903985034,7,14533,1,112,-2.85664,1,-0.75,Walking,True,2.24,0,0
1789903985034,7,14533,1,112,-2.85664,1,-0.75,Walking,True,2.24,0,0
1789903985034,7,14533,1,112,-2.85664,1,-0.75,Walking,True,2.24,0,0
1789903985034,7,14533,1,112,-2.85664,1,-0.75,Walking,True,2.24,0,0
1789903985034,7,14533,1,112,-2.85664,1,-0.75,Walking,True,2.24,0,0
1789903985050,8,15934,1,128,-2.81568,1,-0.75,Walking,True,2.56,0,0
1789903985050,8,15934,1,128,-2.81568,1,-0.75,Walking,True,2.56,0,0
1789903985050,8,15934,1,128,-2.81568,1,-0.75,Walking,True,2.56,0,0
1789903985050,8,15934,1,128,-2.81568,1,-0.75,Walking,True,2.56,0,0
1789903985050,8,15934,1,128,-2.81568,1,-0.75,Walking,True,2.56,0,0
1789903985050,8,15934,1,128,-2.81568,1,-0.75,Walking,True,2.56,0,0
1789903985050,8,15934,1,128,-2.81568,1,-0.75,Walking,True,2.56,0,0
1789903985050,8,15934,1,128,-2.81568,1,-0.75,Walking,True,2.56,0,0
1789903985064,9,17387,1,144,-2.7696,1,-0.75,Walking,True,2.88,0,0
1789903985064,9,17387,1,144,-2.7696,1,-0.75,Walking,True,2.88,0,0
1789903985064,9,17387,1,144,-2.7696,1,-0.75,Walking,True,2.88,0,0
1789903985064,9,17387,1,144,-2.7696,1,-0.75,Walking,True,2.88,0,0
1789903985064,9,17387,1,144,-2.7696,1,-0.75,Walking,True,2.88,0,0
1789903985064,9,17387,1,144,-2.7696,1,-0.75,Walking,True,2.88,0,0
1789903985064,9,17387,1,144,-2.7696,1,-0.75,Walking,True,2.88,0,0
1789903985064,9,17387,1,144,-2.7696,1,-0.75,Walking,True,2.88,0,0
1789903985081,10,18695,1,160,-2.7184,1,-0.75,Walking,True,3.2,0,0
1789903985081,10,18695,1,160,-2.7184,1,-0.75,Walking,True,3.2,0,0
1789903985081,10,18695,1,160,-2.7184,1,-0.75,Walking,True,3.2,0,0
1789903985081,10,18695,1,160,-2.7184,1,-0.75,Walking,True,3.2,0,0
1789903985081,10,18695,1,160,-2.7184,1,-0.75,Walking,True,3.2,0,0
1789903985081,10,18695,1,160,-2.7184,1,-0.75,Walking,True,3.2,0,0
1789903985081,10,18695,1,160,-2.7184,1,-0.75,Walking,True,3.2,0,0
1789903985081,10,18695,1,160,-2.7184,1,-0.75,Walking,True,3.2,0,0
1789903985096,11,20363,1,176,-2.66208,1,-0.75,Walking,True,3.52,0,0
1789903985096,11,20363,1,176,-2.66208,1,-0.75,Walking,True,3.52,0,0
1789903985096,11,20363,1,176,-2.66208,1,-0.75,Walking,True,3.52,0,0
1789903985096,11,20363,1,176,-2.66208,1,-0.75,Walking,True,3.52,0,0
1789903985096,11,20363,1,176,-2.66208,1,-0.75,Walking,True,3.52,0,0
1789903985096,11,20363,1,176,-2.66208,1,-0.75,Walking,True,3.52,0,0
1789903985096,11,20363,1,176,-2.66208,1,-0.75,Walking,True,3.52,0,0
1789903985096,11,20363,1,176,-2.66208,1,-0.75,Walking,True,3.52,0,0
1789903985112,12,21830,1,192,-2.60064,1,-0.75,Walking,True,3.84,0,0
1789903985112,12,21830,1,192,-2.60064,1,-0.75,Walking,True,3.84,0,0
1789903985112,12,21830,1,192,-2.60064,1,-0.75,Walking,True,3.84,0,0
1789903985112,12,21830,1,192,-2.60064,1,-0.75,Walking,True,3.84,0,0
1789903985112,12,21830,1,192,-2.60064,1,-0.75,Walking,True,3.84,0,0
1789903985112,12,21830,1,192,-2.60064,1,-0.75,Walking,True,3.84,0,0
1789903985112,12,21830,1,192,-2.60064,1,-0.75,Walking,True,3.84,0,0
1789903985112,12,21830,1,192,-2.60064,1,-0.75,Walking,True,3.84,0,0
1789903985127,13,23089,1,208,-2.53824,1,-0.75,Walking,True,3.9,0,0
1789903985127,13,23089,1,208,-2.53824,1,-0.75,Walking,True,3.9,0,0
1789903985127,13,23089,1,208,-2.53824,1,-0.75,Walking,True,3.9,0,0
1789903985127,13,23089,1,208,-2.53824,1,-0.75,Walking,True,3.9,0,0
1789903985127,13,23089,1,208,-2.53824,1,-0.75,Walking,True,3.9,0,0
1789903985127,13,23089,1,208,-2.53824,1,-0.75,Walking,True,3.9,0,0
1789903985127,13,23089,1,208,-2.53824,1,-0.75,Walking,True,3.9,0,0
1789903985127,13,23089,1,208,-2.53824,1,-0.75,Walking,True,3.9,0,0
1789903985143,14,24459,1,224,-2.47584,1,-0.75,Walking,True,3.9,0,0
1789903985143,14,24459,1,224,-2.47584,1,-0.75,Walking,True,3.9,0,0
1789903985143,14,24459,1,224,-2.47584,1,-0.75,Walking,True,3.9,0,0
1789903985143,14,24459,1,224,-2.47584,1,-0.75,Walking,True,3.9,0,0
1789903985143,14,24459,1,224,-2.47584,1,-0.75,Walking,True,3.9,0,0
1789903985143,14,24459,1,224,-2.47584,1,-0.75,Walking,True,3.9,0,0
1789903985143,14,24459,1,224,-2.47584,1,-0.75,Walking,True,3.9,0,0
1789903985143,14,24459,1,224,-2.47584,1,-0.75,Walking,True,3.9,0,0
1789903985158,15,25455,1,240,-2.41344,1,-0.75,Walking,True,3.9,0,0
1789903985158,15,25455,1,240,-2.41344,1,-0.75,Walking,True,3.9,0,0
1789903985158,15,25455,1,240,-2.41344,1,-0.75,Walking,True,3.9,0,0
1789903985158,15,25455,1,240,-2.41344,1,-0.75,Walking,True,3.9,0,0
1789903985158,15,25455,1,240,-2.41344,1,-0.75,Walking,True,3.9,0,0
1789903985158,15,25455,1,240,-2.41344,1,-0.75,Walking,True,3.9,0,0
1789903985158,15,25455,1,240,-2.41344,1,-0.75,Walking,True,3.9,0,0
1789903985158,15,25455,1,240,-2.41344,1,-0.75,Walking,True,3.9,0,0
1789903985173,16,26796,1,256,-2.351039,1,-0.75,Walking,True,3.9,0,0
1789903985173,16,26796,1,256,-2.351039,1,-0.75,Walking,True,3.9,0,0
1789903985173,16,26796,1,256,-2.351039,1,-0.75,Walking,True,3.9,0,0
1789903985173,16,26796,1,256,-2.351039,1,-0.75,Walking,True,3.9,0,0
1789903985173,16,26796,1,256,-2.351039,1,-0.75,Walking,True,3.9,0,0
1789903985173,16,26796,1,256,-2.351039,1,-0.75,Walking,True,3.9,0,0
1789903985173,16,26796,1,256,-2.351039,1,-0.75,Walking,True,3.9,0,0
1789903985173,16,26796,1,256,-2.351039,1,-0.75,Walking,True,3.9,0,0
1789903985189,17,28130,1,272,-2.288639,1,-0.75,Walking,True,3.9,0,0
1789903985189,17,28130,1,272,-2.288639,1,-0.75,Walking,True,3.9,0,0
1789903985189,17,28130,1,272,-2.288639,1,-0.75,Walking,True,3.9,0,0
1789903985189,17,28130,1,272,-2.288639,1,-0.75,Walking,True,3.9,0,0
1789903985189,17,28130,1,272,-2.288639,1,-0.75,Walking,True,3.9,0,0
1789903985189,17,28130,1,272,-2.288639,1,-0.75,Walking,True,3.9,0,0
1789903985189,17,28130,1,272,-2.288639,1,-0.75,Walking,True,3.9,0,0
1789903985189,17,28130,1,272,-2.288639,1,-0.75,Walking,True,3.9,0,0
1789903985205,18,29352,1,288,-2.226239,1,-0.75,Walking,True,3.9,0,0
1789903985205,18,29352,1,288,-2.226239,1,-0.75,Walking,True,3.9,0,0
1789903985205,18,29352,1,288,-2.226239,1,-0.75,Walking,True,3.9,0,0
1789903985205,18,29352,1,288,-2.226239,1,-0.75,Walking,True,3.9,0,0
1789903985205,18,29352,1,288,-2.226239,1,-0.75,Walking,True,3.9,0,0
1789903985205,18,29352,1,288,-2.226239,1,-0.75,Walking,True,3.9,0,0
1789903985206,18,29352,1,288,-2.226239,1,-0.75,Walking,True,3.9,0,0
1789903985206,18,29352,1,288,-2.226239,1,-0.75,Walking,True,3.9,0,0
1789903985220,19,30811,1,304,-2.163839,1,-0.75,Walking,True,3.9,0,0
1789903985220,19,30811,1,304,-2.163839,1,-0.75,Walking,True,3.9,0,0
1789903985220,19,30811,1,304,-2.163839,1,-0.75,Walking,True,3.9,0,0
1789903985220,19,30811,1,304,-2.163839,1,-0.75,Walking,True,3.9,0,0
1789903985220,19,30811,1,304,-2.163839,1,-0.75,Walking,True,3.9,0,0
1789903985220,19,30811,1,304,-2.163839,1,-0.75,Walking,True,3.9,0,0
1789903985220,19,30811,1,304,-2.163839,1,-0.75,Walking,True,3.9,0,0
1789903985220,19,30811,1,304,-2.163839,1,-0.75,Walking,True,3.9,0,0
1789903985235,20,32169,1,320,-2.101439,1,-0.75,Walking,True,3.9,0,0
1789903985235,20,32169,1,320,-2.101439,1,-0.75,Walking,True,3.9,0,0
1789903985235,20,32169,1,320,-2.101439,1,-0.75,Walking,True,3.9,0,0
1789903985235,20,32169,1,320,-2.101439,1,-0.75,Walking,True,3.9,0,0
1789903985236,20,32169,1,320,-2.101439,1,-0.75,Walking,True,3.9,0,0
1789903985236,20,32169,1,320,-2.101439,1,-0.75,Walking,True,3.9,0,0
1789903985236,20,32169,1,320,-2.101439,1,-0.75,Walking,True,3.9,0,0
1789903985236,20,32169,1,320,-2.101439,1,-0.75,Walking,True,3.9,0,0
1789903985252,21,33538,1,336,-2.039039,1,-0.75,Walking,True,3.9,0,0
1789903985252,21,33538,1,336,-2.039039,1,-0.75,Walking,True,3.9,0,0
1789903985252,21,33538,1,336,-2.039039,1,-0.75,Walking,True,3.9,0,0
1789903985252,21,33538,1,336,-2.039039,1,-0.75,Walking,True,3.9,0,0
1789903985252,21,33538,1,336,-2.039039,1,-0.75,Walking,True,3.9,0,0
1789903985252,21,33538,1,336,-2.039039,1,-0.75,Walking,True,3.9,0,0
1789903985252,21,33538,1,336,-2.039039,1,-0.75,Walking,True,3.9,0,0
1789903985252,21,33538,1,336,-2.039039,1,-0.75,Walking,True,3.9,0,0
1789903985268,22,35082,1,352,-1.976639,1,-0.75,Walking,True,3.9,0,0
1789903985268,22,35082,1,352,-1.976639,1,-0.75,Walking,True,3.9,0,0
1789903985268,22,35082,1,352,-1.976639,1,-0.75,Walking,True,3.9,0,0
1789903985268,22,35082,1,352,-1.976639,1,-0.75,Walking,True,3.9,0,0
1789903985268,22,35082,1,352,-1.976639,1,-0.75,Walking,True,3.9,0,0
1789903985268,22,35082,1,352,-1.976639,1,-0.75,Walking,True,3.9,0,0
1789903985268,22,35082,1,352,-1.976639,1,-0.75,Walking,True,3.9,0,0
1789903985268,22,35082,1,352,-1.976639,1,-0.75,Walking,True,3.9,0,0
1789903985284,23,36610,1,368,-1.914239,1,-0.75,Walking,True,3.9,0,0
1789903985284,23,36610,1,368,-1.914239,1,-0.75,Walking,True,3.9,0,0
1789903985284,23,36610,1,368,-1.914239,1,-0.75,Walking,True,3.9,0,0
1789903985284,23,36610,1,368,-1.914239,1,-0.75,Walking,True,3.9,0,0
1789903985284,23,36610,1,368,-1.914239,1,-0.75,Walking,True,3.9,0,0
1789903985284,23,36610,1,368,-1.914239,1,-0.75,Walking,True,3.9,0,0
1789903985284,23,36610,1,368,-1.914239,1,-0.75,Walking,True,3.9,0,0
1789903985284,23,36610,1,368,-1.914239,1,-0.75,Walking,True,3.9,0,0
1789903985298,24,37986,1,384,-1.851839,1,-0.75,Walking,True,3.9,0,0
1789903985298,24,37986,1,384,-1.851839,1,-0.75,Walking,True,3.9,0,0
1789903985298,24,37986,1,384,-1.851839,1,-0.75,Walking,True,3.9,0,0
1789903985298,24,37986,1,384,-1.851839,1,-0.75,Walking,True,3.9,0,0
1789903985298,24,37986,1,384,-1.851839,1,-0.75,Walking,True,3.9,0,0
1789903985298,24,37986,1,384,-1.851839,1,-0.75,Walking,True,3.9,0,0
1789903985298,24,37986,1,384,-1.851839,1,-0.75,Walking,True,3.9,0,0
1789903985298,24,37986,1,384,-1.851839,1,-0.75,Walking,True,3.9,0,0
1789903985315,25,39214,1,400,-1.789439,1,-0.75,Walking,True,3.9,0,0
1789903985315,25,39214,1,400,-1.789439,1,-0.75,Walking,True,3.9,0,0
1789903985315,25,39214,1,400,-1.789439,1,-0.75,Walking,True,3.9,0,0
1789903985315,25,39214,1,400,-1.789439,1,-0.75,Walking,True,3.9,0,0
1789903985315,25,39214,1,400,-1.789439,1,-0.75,Walking,True,3.9,0,0
1789903985315,25,39214,1,400,-1.789439,1,-0.75,Walking,True,3.9,0,0
1789903985315,25,39214,1,400,-1.789439,1,-0.75,Walking,True,3.9,0,0
1789903985315,25,39214,1,400,-1.789439,1,-0.75,Walking,True,3.9,0,0
1789903985330,26,40610,1,416,-1.727039,1,-0.75,Walking,True,3.9,0,0
1789903985330,26,40610,1,416,-1.727039,1,-0.75,Walking,True,3.9,0,0
1789903985330,26,40610,1,416,-1.727039,1,-0.75,Walking,True,3.9,0,0
1789903985330,26,40610,1,416,-1.727039,1,-0.75,Walking,True,3.9,0,0
1789903985330,26,40610,1,416,-1.727039,1,-0.75,Walking,True,3.9,0,0
1789903985330,26,40610,1,416,-1.727039,1,-0.75,Walking,True,3.9,0,0
1789903985330,26,40610,1,416,-1.727039,1,-0.75,Walking,True,3.9,0,0
1789903985330,26,40610,1,416,-1.727039,1,-0.75,Walking,True,3.9,0,0
1789903985345,27,42006,1,432,-1.664639,1,-0.75,Walking,True,3.9,0,0
1789903985345,27,42006,1,432,-1.664639,1,-0.75,Walking,True,3.9,0,0
1789903985345,27,42006,1,432,-1.664639,1,-0.75,Walking,True,3.9,0,0
1789903985345,27,42006,1,432,-1.664639,1,-0.75,Walking,True,3.9,0,0
1789903985345,27,42006,1,432,-1.664639,1,-0.75,Walking,True,3.9,0,0
1789903985345,27,42006,1,432,-1.664639,1,-0.75,Walking,True,3.9,0,0
1789903985345,27,42006,1,432,-1.664639,1,-0.75,Walking,True,3.9,0,0
1789903985345,27,42006,1,432,-1.664639,1,-0.75,Walking,True,3.9,0,0
1789903985376,28,43269,1,448,-1.602239,1,-0.75,Walking,True,3.9,0,0
1789903985376,28,43269,1,448,-1.602239,1,-0.75,Walking,True,3.9,0,0
1789903985376,28,43269,1,448,-1.602239,1,-0.75,Walking,True,3.9,0,0
1789903985376,28,43269,1,448,-1.602239,1,-0.75,Walking,True,3.9,0,0
1789903985376,28,43269,1,448,-1.602239,1,-0.75,Walking,True,3.9,0,0
1789903985376,28,43269,1,448,-1.602239,1,-0.75,Walking,True,3.9,0,0
1789903985376,28,43269,1,448,-1.602239,1,-0.75,Walking,True,3.9,0,0
1789903985376,28,43269,1,448,-1.602239,1,-0.75,Walking,True,3.9,0,0
1789903985392,29,45855,1,464,-1.539839,1,-0.75,Walking,True,3.9,0,0
1789903985392,29,45855,1,464,-1.539839,1,-0.75,Walking,True,3.9,0,0
1789903985392,29,45855,1,464,-1.539839,1,-0.75,Walking,True,3.9,0,0
1789903985392,29,45855,1,464,-1.539839,1,-0.75,Walking,True,3.9,0,0
1789903985392,29,45855,1,464,-1.539839,1,-0.75,Walking,True,3.9,0,0
1789903985392,29,45855,1,464,-1.539839,1,-0.75,Walking,True,3.9,0,0
1789903985392,29,45855,1,464,-1.539839,1,-0.75,Walking,True,3.9,0,0
1789903985392,29,45855,1,464,-1.539839,1,-0.75,Walking,True,3.9,0,0
1789903985407,30,47189,1,480,-1.477439,1,-0.75,Walking,True,3.9,0,0
1789903985407,30,47189,1,480,-1.477439,1,-0.75,Walking,True,3.9,0,0
1789903985407,30,47189,1,480,-1.477439,1,-0.75,Walking,True,3.9,0,0
1789903985407,30,47189,1,480,-1.477439,1,-0.75,Walking,True,3.9,0,0
1789903985407,30,47189,1,480,-1.477439,1,-0.75,Walking,True,3.9,0,0
1789903985407,30,47189,1,480,-1.477439,1,-0.75,Walking,True,3.9,0,0
1789903985407,30,47189,1,480,-1.477439,1,-0.75,Walking,True,3.9,0,0
1789903985407,30,47189,1,480,-1.477439,1,-0.75,Walking,True,3.9,0,0
1789903985423,31,48503,1,496,-1.415039,1,-0.75,Walking,True,3.9,0,0
1789903985423,31,48503,1,496,-1.415039,1,-0.75,Walking,True,3.9,0,0
1789903985423,31,48503,1,496,-1.415039,1,-0.75,Walking,True,3.9,0,0
1789903985423,31,48503,1,496,-1.415039,1,-0.75,Walking,True,3.9,0,0
1789903985423,31,48503,1,496,-1.415039,1,-0.75,Walking,True,3.9,0,0
1789903985423,31,48503,1,496,-1.415039,1,-0.75,Walking,True,3.9,0,0
1789903985423,31,48503,1,496,-1.415039,1,-0.75,Walking,True,3.9,0,0
1789903985423,31,48503,1,496,-1.415039,1,-0.75,Walking,True,3.9,0,0
1789903985439,32,49892,1,512,-1.352639,1,-0.75,Walking,True,3.9,0,0
1789903985439,32,49892,1,512,-1.352639,1,-0.75,Walking,True,3.9,0,0
1789903985439,32,49892,1,512,-1.352639,1,-0.75,Walking,True,3.9,0,0
1789903985439,32,49892,1,512,-1.352639,1,-0.75,Walking,True,3.9,0,0
1789903985439,32,49892,1,512,-1.352639,1,-0.75,Walking,True,3.9,0,0
1789903985439,32,49892,1,512,-1.352639,1,-0.75,Walking,True,3.9,0,0
1789903985439,32,49892,1,512,-1.352639,1,-0.75,Walking,True,3.9,0,0
1789903985439,32,49892,1,512,-1.352639,1,-0.75,Walking,True,3.9,0,0
1789903985454,33,51253,1,528,-1.290239,1,-0.75,Walking,True,3.9,0,0
1789903985454,33,51253,1,528,-1.290239,1,-0.75,Walking,True,3.9,0,0
1789903985454,33,51253,1,528,-1.290239,1,-0.75,Walking,True,3.9,0,0
1789903985454,33,51253,1,528,-1.290239,1,-0.75,Walking,True,3.9,0,0
1789903985454,33,51253,1,528,-1.290239,1,-0.75,Walking,True,3.9,0,0
1789903985454,33,51253,1,528,-1.290239,1,-0.75,Walking,True,3.9,0,0
1789903985454,33,51253,1,528,-1.290239,1,-0.75,Walking,True,3.9,0,0
1789903985454,33,51253,1,528,-1.290239,1,-0.75,Walking,True,3.9,0,0
1789903985470,34,52707,1,544,-1.227839,1,-0.75,Walking,True,3.9,0,0
1789903985470,34,52707,1,544,-1.227839,1,-0.75,Walking,True,3.9,0,0
1789903985470,34,52707,1,544,-1.227839,1,-0.75,Walking,True,3.9,0,0
1789903985470,34,52707,1,544,-1.227839,1,-0.75,Walking,True,3.9,0,0
1789903985470,34,52707,1,544,-1.227839,1,-0.75,Walking,True,3.9,0,0
1789903985470,34,52707,1,544,-1.227839,1,-0.75,Walking,True,3.9,0,0
1789903985470,34,52707,1,544,-1.227839,1,-0.75,Walking,True,3.9,0,0
1789903985470,34,52707,1,544,-1.227839,1,-0.75,Walking,True,3.9,0,0
1789903985485,35,53994,1,560,-1.165439,1,-0.75,Walking,True,3.9,0,0
1789903985485,35,53994,1,560,-1.165439,1,-0.75,Walking,True,3.9,0,0
1789903985485,35,53994,1,560,-1.165439,1,-0.75,Walking,True,3.9,0,0
1789903985485,35,53994,1,560,-1.165439,1,-0.75,Walking,True,3.9,0,0
1789903985485,35,53994,1,560,-1.165439,1,-0.75,Walking,True,3.9,0,0
1789903985485,35,53994,1,560,-1.165439,1,-0.75,Walking,True,3.9,0,0
1789903985485,35,53994,1,560,-1.165439,1,-0.75,Walking,True,3.9,0,0
1789903985485,35,53994,1,560,-1.165439,1,-0.75,Walking,True,3.9,0,0
1789903985500,36,55378,1,576,-1.103039,1,-0.75,Walking,True,3.9,0,0
1789903985500,36,55378,1,576,-1.103039,1,-0.75,Walking,True,3.9,0,0
1789903985500,36,55378,1,576,-1.103039,1,-0.75,Walking,True,3.9,0,0
1789903985500,36,55378,1,576,-1.103039,1,-0.75,Walking,True,3.9,0,0
1789903985500,36,55378,1,576,-1.103039,1,-0.75,Walking,True,3.9,0,0
1789903985500,36,55378,1,576,-1.103039,1,-0.75,Walking,True,3.9,0,0
1789903985500,36,55378,1,576,-1.103039,1,-0.75,Walking,True,3.9,0,0
1789903985500,36,55378,1,576,-1.103039,1,-0.75,Walking,True,3.9,0,0
1789903985516,37,56810,1,592,-1.040639,1,-0.75,Walking,True,3.9,0,0
1789903985516,37,56810,1,592,-1.040639,1,-0.75,Walking,True,3.9,0,0
1789903985516,37,56810,1,592,-1.040639,1,-0.75,Walking,True,3.9,0,0
1789903985516,37,56810,1,592,-1.040639,1,-0.75,Walking,True,3.9,0,0
1789903985516,37,56810,1,592,-1.040639,1,-0.75,Walking,True,3.9,0,0
1789903985516,37,56810,1,592,-1.040639,1,-0.75,Walking,True,3.9,0,0
1789903985516,37,56810,1,592,-1.040639,1,-0.75,Walking,True,3.9,0,0
1789903985516,37,56810,1,592,-1.040639,1,-0.75,Walking,True,3.9,0,0
1789903985532,38,58279,1,608,-0.978239,1,-0.75,Walking,True,3.9,0,0
1789903985532,38,58279,1,608,-0.978239,1,-0.75,Walking,True,3.9,0,0
1789903985532,38,58279,1,608,-0.978239,1,-0.75,Walking,True,3.9,0,0
1789903985532,38,58279,1,608,-0.978239,1,-0.75,Walking,True,3.9,0,0
1789903985532,38,58279,1,608,-0.978239,1,-0.75,Walking,True,3.9,0,0
1789903985532,38,58279,1,608,-0.978239,1,-0.75,Walking,True,3.9,0,0
1789903985532,38,58279,1,608,-0.978239,1,-0.75,Walking,True,3.9,0,0
1789903985532,38,58279,1,608,-0.978239,1,-0.75,Walking,True,3.9,0,0
1789903985548,39,59725,1,624,-0.915839,1,-0.75,Walking,True,3.9,0,0
1789903985548,39,59725,1,624,-0.915839,1,-0.75,Walking,True,3.9,0,0
1789903985548,39,59725,1,624,-0.915839,1,-0.75,Walking,True,3.9,0,0
1789903985548,39,59725,1,624,-0.915839,1,-0.75,Walking,True,3.9,0,0
1789903985548,39,59725,1,624,-0.915839,1,-0.75,Walking,True,3.9,0,0
1789903985548,39,59725,1,624,-0.915839,1,-0.75,Walking,True,3.9,0,0
1789903985548,39,59725,1,624,-0.915839,1,-0.75,Walking,True,3.9,0,0
1789903985548,39,59725,1,624,-0.915839,1,-0.75,Walking,True,3.9,0,0
1789903985563,40,61076,1,640,-0.901,1,-0.75,Walking,True,3.9,0,0
1789903985563,40,61076,1,640,-0.901,1,-0.75,Walking,True,3.9,0,0
1789903985563,40,61076,1,640,-0.901,1,-0.75,Walking,True,3.9,0,0
1789903985563,40,61076,1,640,-0.901,1,-0.75,Walking,True,3.9,0,0
1789903985563,40,61076,1,640,-0.901,1,-0.75,Walking,True,3.9,0,0
1789903985563,40,61076,1,640,-0.901,1,-0.75,Walking,True,3.9,0,0
1789903985563,40,61076,1,640,-0.901,1,-0.75,Walking,True,3.9,0,0
1789903985563,40,61076,1,640,-0.901,1,-0.75,Walking,True,3.9,0,0
1789903985579,41,62352,1,656,-0.901,1,-0.75,Walking,True,3.9,0,0
1789903985579,41,62352,1,656,-0.901,1,-0.75,Walking,True,3.9,0,0
1789903985579,41,62352,1,656,-0.901,1,-0.75,Walking,True,3.9,0,0
1789903985579,41,62352,1,656,-0.901,1,-0.75,Walking,True,3.9,0,0
1789903985579,41,62352,1,656,-0.901,1,-0.75,Walking,True,3.9,0,0
1789903985579,41,62352,1,656,-0.901,1,-0.75,Walking,True,3.9,0,0
1789903985579,41,62352,1,656,-0.901,1,-0.75,Walking,True,3.9,0,0
1789903985579,41,62352,1,656,-0.901,1,-0.75,Walking,True,3.9,0,0
1789903985594,42,63735,1,672,-0.901,1,-0.75,Walking,True,3.9,0,0
1789903985594,42,63735,1,672,-0.901,1,-0.75,Walking,True,3.9,0,0
1789903985594,42,63735,1,672,-0.901,1,-0.75,Walking,True,3.9,0,0
1789903985594,42,63735,1,672,-0.901,1,-0.75,Walking,True,3.9,0,0
1789903985594,42,63735,1,672,-0.901,1,-0.75,Walking,True,3.9,0,0
1789903985594,42,63735,1,672,-0.901,1,-0.75,Walking,True,3.9,0,0
1789903985594,42,63735,1,672,-0.901,1,-0.75,Walking,True,3.9,0,0
1789903985594,42,63735,1,672,-0.901,1,-0.75,Walking,True,3.9,0,0
1789903985609,43,64658,1,688,-0.901,1,-0.75,Walking,True,3.9,0,0
1789903985609,43,64658,1,688,-0.901,1,-0.75,Walking,True,3.9,0,0
1789903985609,43,64658,1,688,-0.901,1,-0.75,Walking,True,3.9,0,0
1789903985609,43,64658,1,688,-0.901,1,-0.75,Walking,True,3.9,0,0
1789903985609,43,64658,1,688,-0.901,1,-0.75,Walking,True,3.9,0,0
1789903985609,43,64658,1,688,-0.901,1,-0.75,Walking,True,3.9,0,0
1789903985609,43,64658,1,688,-0.901,1,-0.75,Walking,True,3.9,0,0
1789903985609,43,64658,1,688,-0.901,1,-0.75,Walking,True,3.9,0,0
1789903985625,44,65990,1,704,-0.901,1,-0.75,Walking,True,3.9,0,0
1789903985625,44,65990,1,704,-0.901,1,-0.75,Walking,True,3.9,0,0
1789903985625,44,65990,1,704,-0.901,1,-0.75,Walking,True,3.9,0,0
1789903985625,44,65990,1,704,-0.901,1,-0.75,Walking,True,3.9,0,0
1789903985625,44,65990,1,704,-0.901,1,-0.75,Walking,True,3.9,0,0
1789903985625,44,65990,1,704,-0.901,1,-0.75,Walking,True,3.9,0,0
1789903985625,44,65990,1,704,-0.901,1,-0.75,Walking,True,3.9,0,0
1789903985625,44,65990,1,704,-0.901,1,-0.75,Walking,True,3.9,0,0
1789903985641,45,67134,1,720,-0.901,1,-0.75,Walking,True,3.9,0,0
1789903985641,45,67134,1,720,-0.901,1,-0.75,Walking,True,3.9,0,0
1789903985641,45,67134,1,720,-0.901,1,-0.75,Walking,True,3.9,0,0
1789903985641,45,67134,1,720,-0.901,1,-0.75,Walking,True,3.9,0,0
1789903985641,45,67134,1,720,-0.901,1,-0.75,Walking,True,3.9,0,0
1789903985641,45,67134,1,720,-0.901,1,-0.75,Walking,True,3.9,0,0
1789903985641,45,67134,1,720,-0.901,1,-0.75,Walking,True,3.9,0,0
1789903985641,45,67134,1,720,-0.901,1,-0.75,Walking,True,3.9,0,0
1789903985656,46,68632,1,736,-0.901,1,-0.75,Walking,True,3.9,0,0
1789903985656,46,68632,1,736,-0.901,1,-0.75,Walking,True,3.9,0,0
1789903985656,46,68632,1,736,-0.901,1,-0.75,Walking,True,3.9,0,0
1789903985656,46,68632,1,736,-0.901,1,-0.75,Walking,True,3.9,0,0
1789903985656,46,68632,1,736,-0.901,1,-0.75,Walking,True,3.9,0,0
1789903985656,46,68632,1,736,-0.901,1,-0.75,Walking,True,3.9,0,0
1789903985656,46,68632,1,736,-0.901,1,-0.75,Walking,True,3.9,0,0
1789903985656,46,68632,1,736,-0.901,1,-0.75,Walking,True,3.9,0,0
1789903985672,47,69814,1,752,-0.901,1,-0.75,Walking,True,3.9,0,0
1789903985672,47,69814,1,752,-0.901,1,-0.75,Walking,True,3.9,0,0
1789903985672,47,69814,1,752,-0.901,1,-0.75,Walking,True,3.9,0,0
1789903985672,47,69814,1,752,-0.901,1,-0.75,Walking,True,3.9,0,0
1789903985672,47,69814,1,752,-0.901,1,-0.75,Walking,True,3.9,0,0
1789903985672,47,69814,1,752,-0.901,1,-0.75,Walking,True,3.9,0,0
1789903985672,47,69814,1,752,-0.901,1,-0.75,Walking,True,3.9,0,0
1789903985672,47,69814,1,752,-0.901,1,-0.75,Walking,True,3.9,0,0
1789903985687,48,71111,1,768,-0.901,1,-0.75,Walking,True,3.9,0,0
1789903985687,48,71111,1,768,-0.901,1,-0.75,Walking,True,3.9,0,0
1789903985687,48,71111,1,768,-0.901,1,-0.75,Walking,True,3.9,0,0
1789903985687,48,71111,1,768,-0.901,1,-0.75,Walking,True,3.9,0,0
1789903985687,48,71111,1,768,-0.901,1,-0.75,Walking,True,3.9,0,0
1789903985687,48,71111,1,768,-0.901,1,-0.75,Walking,True,3.9,0,0
1789903985687,48,71111,1,768,-0.901,1,-0.75,Walking,True,3.9,0,0
1789903985687,48,71111,1,768,-0.901,1,-0.75,Walking,True,3.9,0,0
1789903985702,49,72437,1,784,-0.901,1,-0.75,Walking,True,3.9,0,0
1789903985702,49,72437,1,784,-0.901,1,-0.75,Walking,True,3.9,0,0
1789903985702,49,72437,1,784,-0.901,1,-0.75,Walking,True,3.9,0,0
1789903985702,49,72437,1,784,-0.901,1,-0.75,Walking,True,3.9,0,0
1789903985702,49,72437,1,784,-0.901,1,-0.75,Walking,True,3.9,0,0
1789903985702,49,72437,1,784,-0.901,1,-0.75,Walking,True,3.9,0,0
1789903985702,49,72437,1,784,-0.901,1,-0.75,Walking,True,3.9,0,0
1789903985702,49,72437,1,784,-0.901,1,-0.75,Walking,True,3.9,0,0
1789903985717,50,73782,1,800,-0.901,1,-0.75,Walking,True,3.9,0,0
1789903985717,50,73782,1,800,-0.901,1,-0.75,Walking,True,3.9,0,0
1789903985717,50,73782,1,800,-0.901,1,-0.75,Walking,True,3.9,0,0
1789903985717,50,73782,1,800,-0.901,1,-0.75,Walking,True,3.9,0,0
1789903985717,50,73782,1,800,-0.901,1,-0.75,Walking,True,3.9,0,0
1789903985717,50,73782,1,800,-0.901,1,-0.75,Walking,True,3.9,0,0
1789903985717,50,73782,1,800,-0.901,1,-0.75,Walking,True,3.9,0,0
1789903985717,50,73782,1,800,-0.901,1,-0.75,Walking,True,3.9,0,0
1789903985732,51,75042,1,816,-0.901,1,-0.75,Walking,True,3.9,0,0
1789903985733,51,75042,1,816,-0.901,1,-0.75,Walking,True,3.9,0,0
1789903985733,51,75042,1,816,-0.901,1,-0.75,Walking,True,3.9,0,0
1789903985733,51,75042,1,816,-0.901,1,-0.75,Walking,True,3.9,0,0
1789903985733,51,75042,1,816,-0.901,1,-0.75,Walking,True,3.9,0,0
1789903985733,51,75042,1,816,-0.901,1,-0.75,Walking,True,3.9,0,0
1789903985733,51,75042,1,816,-0.901,1,-0.75,Walking,True,3.9,0,0
1789903985733,51,75042,1,816,-0.901,1,-0.75,Walking,True,3.9,0,0
1789903985748,52,76468,1,832,-0.901,1,-0.75,Walking,True,3.9,0,0
1789903985748,52,76468,1,832,-0.901,1,-0.75,Walking,True,3.9,0,0
1789903985748,52,76468,1,832,-0.901,1,-0.75,Walking,True,3.9,0,0
1789903985748,52,76468,1,832,-0.901,1,-0.75,Walking,True,3.9,0,0
1789903985748,52,76468,1,832,-0.901,1,-0.75,Walking,True,3.9,0,0
1789903985748,52,76468,1,832,-0.901,1,-0.75,Walking,True,3.9,0,0
1789903985748,52,76468,1,832,-0.901,1,-0.75,Walking,True,3.9,0,0
1789903985748,52,76468,1,832,-0.901,1,-0.75,Walking,True,3.9,0,0
1789903985764,53,77966,1,848,-0.901,1,-0.75,Walking,True,3.9,0,0
1789903985764,53,77966,1,848,-0.901,1,-0.75,Walking,True,3.9,0,0
1789903985764,53,77966,1,848,-0.901,1,-0.75,Walking,True,3.9,0,0
1789903985764,53,77966,1,848,-0.901,1,-0.75,Walking,True,3.9,0,0
1789903985764,53,77966,1,848,-0.901,1,-0.75,Walking,True,3.9,0,0
1789903985764,53,77966,1,848,-0.901,1,-0.75,Walking,True,3.9,0,0
1789903985764,53,77966,1,848,-0.901,1,-0.75,Walking,True,3.9,0,0
1789903985764,53,77966,1,848,-0.901,1,-0.75,Walking,True,3.9,0,0
1789903985779,54,79447,1,864,-0.901,1,-0.75,Walking,True,3.9,0,0
1789903985779,54,79447,1,864,-0.901,1,-0.75,Walking,True,3.9,0,0
1789903985779,54,79447,1,864,-0.901,1,-0.75,Walking,True,3.9,0,0
1789903985779,54,79447,1,864,-0.901,1,-0.75,Walking,True,3.9,0,0
1789903985779,54,79447,1,864,-0.901,1,-0.75,Walking,True,3.9,0,0
1789903985779,54,79447,1,864,-0.901,1,-0.75,Walking,True,3.9,0,0
1789903985779,54,79447,1,864,-0.901,1,-0.75,Walking,True,3.9,0,0
1789903985779,54,79447,1,864,-0.901,1,-0.75,Walking,True,3.9,0,0
1789903985795,55,80876,1,880,-0.901,1,-0.75,Walking,True,3.9,0,0
1789903985795,55,80876,1,880,-0.901,1,-0.75,Walking,True,3.9,0,0
1789903985795,55,80876,1,880,-0.901,1,-0.75,Walking,True,3.9,0,0
1789903985795,55,80876,1,880,-0.901,1,-0.75,Walking,True,3.9,0,0
1789903985795,55,80876,1,880,-0.901,1,-0.75,Walking,True,3.9,0,0
1789903985795,55,80876,1,880,-0.901,1,-0.75,Walking,True,3.9,0,0
1789903985795,55,80876,1,880,-0.901,1,-0.75,Walking,True,3.9,0,0
1789903985795,55,80876,1,880,-0.901,1,-0.75,Walking,True,3.9,0,0
1789903985811,56,82268,1,896,-0.901,1,-0.75,Walking,True,3.9,0,0
1789903985811,56,82268,1,896,-0.901,1,-0.75,Walking,True,3.9,0,0
1789903985811,56,82268,1,896,-0.901,1,-0.75,Walking,True,3.9,0,0
1789903985811,56,82268,1,896,-0.901,1,-0.75,Walking,True,3.9,0,0
1789903985811,56,82268,1,896,-0.901,1,-0.75,Walking,True,3.9,0,0
1789903985811,56,82268,1,896,-0.901,1,-0.75,Walking,True,3.9,0,0
1789903985811,56,82268,1,896,-0.901,1,-0.75,Walking,True,3.9,0,0
1789903985811,56,82268,1,896,-0.901,1,-0.75,Walking,True,3.9,0,0
1789903985827,57,83667,1,912,-0.901,1,-0.75,Walking,True,3.9,0,0
1789903985827,57,83667,1,912,-0.901,1,-0.75,Walking,True,3.9,0,0
1789903985827,57,83667,1,912,-0.901,1,-0.75,Walking,True,3.9,0,0
1789903985827,57,83667,1,912,-0.901,1,-0.75,Walking,True,3.9,0,0
1789903985827,57,83667,1,912,-0.901,1,-0.75,Walking,True,3.9,0,0
1789903985827,57,83667,1,912,-0.901,1,-0.75,Walking,True,3.9,0,0
1789903985827,57,83667,1,912,-0.901,1,-0.75,Walking,True,3.9,0,0
1789903985827,57,83667,1,912,-0.901,1,-0.75,Walking,True,3.9,0,0
1789903985843,58,85215,1,928,-0.901,1,-0.75,Walking,True,3.9,0,0
1789903985843,58,85215,1,928,-0.901,1,-0.75,Walking,True,3.9,0,0
1789903985843,58,85215,1,928,-0.901,1,-0.75,Walking,True,3.9,0,0
1789903985843,58,85215,1,928,-0.901,1,-0.75,Walking,True,3.9,0,0
1789903985843,58,85215,1,928,-0.901,1,-0.75,Walking,True,3.9,0,0
1789903985843,58,85215,1,928,-0.901,1,-0.75,Walking,True,3.9,0,0
1789903985843,58,85215,1,928,-0.901,1,-0.75,Walking,True,3.9,0,0
1789903985843,58,85215,1,928,-0.901,1,-0.75,Walking,True,3.9,0,0
1789903985858,59,86671,1,944,-0.901,1,-0.75,Walking,True,3.9,0,0
1789903985858,59,86671,1,944,-0.901,1,-0.75,Walking,True,3.9,0,0
1789903985858,59,86671,1,944,-0.901,1,-0.75,Walking,True,3.9,0,0
1789903985858,59,86671,1,944,-0.901,1,-0.75,Walking,True,3.9,0,0
1789903985858,59,86671,1,944,-0.901,1,-0.75,Walking,True,3.9,0,0
1789903985858,59,86671,1,944,-0.901,1,-0.75,Walking,True,3.9,0,0
1789903985858,59,86671,1,944,-0.901,1,-0.75,Walking,True,3.9,0,0
1789903985858,59,86671,1,944,-0.901,1,-0.75,Walking,True,3.9,0,0
1789903985874,60,88095,1,960,-0.901,1,-0.75,Walking,True,3.9,0,0
1789903985874,60,88095,1,960,-0.901,1,-0.75,Walking,True,3.9,0,0
1789903985874,60,88095,1,960,-0.901,1,-0.75,Walking,True,3.9,0,0
1789903985874,60,88095,1,960,-0.901,1,-0.75,Walking,True,3.9,0,0
1789903985874,60,88095,1,960,-0.901,1,-0.75,Walking,True,3.9,0,0
1789903985874,60,88095,1,960,-0.901,1,-0.75,Walking,True,3.9,0,0
1789903985874,60,88095,1,960,-0.901,1,-0.75,Walking,True,3.9,0,0
1789903985874,60,88095,1,960,-0.901,1,-0.75,Walking,True,3.9,0,0
1789903985890,61,89310,1,976,-0.901,1,-0.75,Walking,True,3.9,0,0
1789903985890,61,89310,1,976,-0.901,1,-0.75,Walking,True,3.9,0,0
1789903985890,61,89310,1,976,-0.901,1,-0.75,Walking,True,3.9,0,0
1789903985890,61,89310,1,976,-0.901,1,-0.75,Walking,True,3.9,0,0
1789903985890,61,89310,1,976,-0.901,1,-0.75,Walking,True,3.9,0,0
1789903985890,61,89310,1,976,-0.901,1,-0.75,Walking,True,3.9,0,0
1789903985890,61,89310,1,976,-0.901,1,-0.75,Walking,True,3.9,0,0
1789903985890,61,89310,1,976,-0.901,1,-0.75,Walking,True,3.9,0,0
1789903985906,62,90805,1,992,-0.901,1,-0.75,Walking,True,3.9,0,0
1789903985906,62,90805,1,992,-0.901,1,-0.75,Walking,True,3.9,0,0
1789903985906,62,90805,1,992,-0.901,1,-0.75,Walking,True,3.9,0,0
1789903985906,62,90805,1,992,-0.901,1,-0.75,Walking,True,3.9,0,0
1789903985906,62,90805,1,992,-0.901,1,-0.75,Walking,True,3.9,0,0
1789903985906,62,90805,1,992,-0.901,1,-0.75,Walking,True,3.9,0,0
1789903985906,62,90805,1,992,-0.901,1,-0.75,Walking,True,3.9,0,0
1789903985906,62,90805,1,992,-0.901,1,-0.75,Walking,True,3.9,0,0
1789903985936,63,92221,1,1008,-0.901,1,-0.75,Walking,True,3.9,0,0
1789903985936,63,92221,1,1008,-0.901,1,-0.75,Walking,True,3.9,0,0
1789903985936,63,92221,1,1008,-0.901,1,-0.75,Walking,True,3.9,0,0
1789903985936,63,92221,1,1008,-0.901,1,-0.75,Walking,True,3.9,0,0
1789903985936,63,92221,1,1008,-0.901,1,-0.75,Walking,True,3.9,0,0
1789903985936,63,92221,1,1008,-0.901,1,-0.75,Walking,True,3.9,0,0
1789903985936,63,92221,1,1008,-0.901,1,-0.75,Walking,True,3.9,0,0
1789903985936,63,92221,1,1008,-0.901,1,-0.75,Walking,True,3.9,0,0
1789903985937,64,95095,1,1024,-0.901,1,-0.75,Walking,True,3.9,0,0
1789903985937,64,95095,1,1024,-0.901,1,-0.75,Walking,True,3.9,0,0
1789903985937,64,95095,1,1024,-0.901,1,-0.75,Walking,True,3.9,0,0
1789903985968,64,95095,1,1024,-0.901,1,-0.75,Walking,True,3.9,0,0
1789903985968,64,95095,1,1024,-0.901,1,-0.75,Walking,True,3.9,0,0
1789903985968,65,95101,1,1040,-0.901,1,-0.75,Walking,True,3.9,0,0
1789903985968,65,95101,1,1040,-0.901,1,-0.75,Walking,True,3.9,0,0
1789903985968,65,95101,1,1040,-0.901,1,-0.75,Walking,True,3.9,0,0
1789903985968,65,95101,1,1040,-0.901,1,-0.75,Walking,True,3.9,0,0
1789903985968,65,95101,1,1040,-0.901,1,-0.75,Walking,True,3.9,0,0
1789903985968,65,95101,1,1040,-0.901,1,-0.75,Walking,True,3.9,0,0
1789903985983,66,97940,1,1056,-0.901,1,-0.75,Walking,True,3.9,0,0
1789903985983,66,97940,1,1056,-0.901,1,-0.75,Walking,True,3.9,0,0
1789903985983,66,97940,1,1056,-0.901,1,-0.75,Walking,True,3.9,0,0
1789903985983,66,97940,1,1056,-0.901,1,-0.75,Walking,True,3.9,0,0
1789903985983,66,97940,1,1056,-0.901,1,-0.75,Walking,True,3.9,0,0
1789903985983,66,97940,1,1056,-0.901,1,-0.75,Walking,True,3.9,0,0
1789903985983,66,97940,1,1056,-0.901,1,-0.75,Walking,True,3.9,0,0
1789903985983,66,97940,1,1056,-0.901,1,-0.75,Walking,True,3.9,0,0
1789903985998,67,99190,1,1072,-0.901,1,-0.75,Walking,True,3.9,0,0
1789903985998,67,99190,1,1072,-0.901,1,-0.75,Walking,True,3.9,0,0
1789903985998,67,99190,1,1072,-0.901,1,-0.75,Walking,True,3.9,0,0
1789903985998,67,99190,1,1072,-0.901,1,-0.75,Walking,True,3.9,0,0
1789903985998,67,99190,1,1072,-0.901,1,-0.75,Walking,True,3.9,0,0
1789903985998,67,99190,1,1072,-0.901,1,-0.75,Walking,True,3.9,0,0
1789903985998,67,99190,1,1072,-0.901,1,-0.75,Walking,True,3.9,0,0
1789903985998,67,99190,1,1072,-0.901,1,-0.75,Walking,True,3.9,0,0
1789903986013,68,100405,1,1088,-0.901,1,-0.75,Walking,True,3.9,0,0
1789903986013,68,100405,1,1088,-0.901,1,-0.75,Walking,True,3.9,0,0
1789903986013,68,100405,1,1088,-0.901,1,-0.75,Walking,True,3.9,0,0
1789903986013,68,100405,1,1088,-0.901,1,-0.75,Walking,True,3.9,0,0
1789903986013,68,100405,1,1088,-0.901,1,-0.75,Walking,True,3.9,0,0
1789903986013,68,100405,1,1088,-0.901,1,-0.75,Walking,True,3.9,0,0
1789903986014,68,100405,1,1088,-0.901,1,-0.75,Walking,True,3.9,0,0
1789903986014,68,100405,1,1088,-0.901,1,-0.75,Walking,True,3.9,0,0
1789903986029,69,101841,1,1104,-0.901,1,-0.75,Walking,True,3.9,0,0
1789903986029,69,101841,1,1104,-0.901,1,-0.75,Walking,True,3.9,0,0
1789903986029,69,101841,1,1104,-0.901,1,-0.75,Walking,True,3.9,0,0
1789903986029,69,101841,1,1104,-0.901,1,-0.75,Walking,True,3.9,0,0
1789903986029,69,101841,1,1104,-0.901,1,-0.75,Walking,True,3.9,0,0
1789903986029,69,101841,1,1104,-0.901,1,-0.75,Walking,True,3.9,0,0
1789903986029,69,101841,1,1104,-0.901,1,-0.75,Walking,True,3.9,0,0
1789903986029,69,101841,1,1104,-0.901,1,-0.75,Walking,True,3.9,0,0
1789903986045,70,103249,1,1120,-0.901,1,-0.75,Walking,True,3.9,0,0
1789903986045,70,103249,1,1120,-0.901,1,-0.75,Walking,True,3.9,0,0
1789903986045,70,103249,1,1120,-0.901,1,-0.75,Walking,True,3.9,0,0
1789903986045,70,103249,1,1120,-0.901,1,-0.75,Walking,True,3.9,0,0
1789903986045,70,103249,1,1120,-0.901,1,-0.75,Walking,True,3.9,0,0
1789903986045,70,103249,1,1120,-0.901,1,-0.75,Walking,True,3.9,0,0
1789903986045,70,103249,1,1120,-0.901,1,-0.75,Walking,True,3.9,0,0
1789903986045,70,103249,1,1120,-0.901,1,-0.75,Walking,True,3.9,0,0
1789903986061,71,104764,1,1136,-0.901,1,-0.75,Walking,True,3.9,0,0
1789903986061,71,104764,1,1136,-0.901,1,-0.75,Walking,True,3.9,0,0
1789903986061,71,104764,1,1136,-0.901,1,-0.75,Walking,True,3.9,0,0
1789903986061,71,104764,1,1136,-0.901,1,-0.75,Walking,True,3.9,0,0
1789903986061,71,104764,1,1136,-0.901,1,-0.75,Walking,True,3.9,0,0
1789903986061,71,104764,1,1136,-0.901,1,-0.75,Walking,True,3.9,0,0
1789903986061,71,104764,1,1136,-0.901,1,-0.75,Walking,True,3.9,0,0
1789903986061,71,104764,1,1136,-0.901,1,-0.75,Walking,True,3.9,0,0
1789903986077,72,106239,1,1152,-0.901,1,-0.75,Walking,True,3.9,0,0
1789903986077,72,106239,1,1152,-0.901,1,-0.75,Walking,True,3.9,0,0
1789903986077,72,106239,1,1152,-0.901,1,-0.75,Walking,True,3.9,0,0
1789903986077,72,106239,1,1152,-0.901,1,-0.75,Walking,True,3.9,0,0
1789903986077,72,106239,1,1152,-0.901,1,-0.75,Walking,True,3.9,0,0
1789903986077,72,106239,1,1152,-0.901,1,-0.75,Walking,True,3.9,0,0
1789903986077,72,106239,1,1152,-0.901,1,-0.75,Walking,True,3.9,0,0
1789903986077,72,106239,1,1152,-0.901,1,-0.75,Walking,True,3.9,0,0
1789903986092,73,107751,1,1168,-0.901,1,-0.75,Walking,True,3.9,0,0
1789903986092,73,107751,1,1168,-0.901,1,-0.75,Walking,True,3.9,0,0
1789903986092,73,107751,1,1168,-0.901,1,-0.75,Walking,True,3.9,0,0
1789903986092,73,107751,1,1168,-0.901,1,-0.75,Walking,True,3.9,0,0
1789903986093,73,107751,1,1168,-0.901,1,-0.75,Walking,True,3.9,0,0
1789903986093,73,107751,1,1168,-0.901,1,-0.75,Walking,True,3.9,0,0
1789903986093,73,107751,1,1168,-0.901,1,-0.75,Walking,True,3.9,0,0
1789903986093,73,107751,1,1168,-0.901,1,-0.75,Walking,True,3.9,0,0
1789903986107,74,109155,1,1184,-0.901,1,-0.75,Walking,True,3.9,0,0
1789903986107,74,109155,1,1184,-0.901,1,-0.75,Walking,True,3.9,0,0
1789903986107,74,109155,1,1184,-0.901,1,-0.75,Walking,True,3.9,0,0
1789903986107,74,109155,1,1184,-0.901,1,-0.75,Walking,True,3.9,0,0
1789903986107,74,109155,1,1184,-0.901,1,-0.75,Walking,True,3.9,0,0
1789903986107,74,109155,1,1184,-0.901,1,-0.75,Walking,True,3.9,0,0
1789903986107,74,109155,1,1184,-0.901,1,-0.75,Walking,True,3.9,0,0
1789903986107,74,109155,1,1184,-0.901,1,-0.75,Walking,True,3.9,0,0
1789903986123,75,110538,1,1200,-0.901,1,-0.75,Walking,True,3.9,0,0
1789903986123,75,110538,1,1200,-0.901,1,-0.75,Walking,True,3.9,0,0
1789903986123,75,110538,1,1200,-0.901,1,-0.75,Walking,True,3.9,0,0
1789903986123,75,110538,1,1200,-0.901,1,-0.75,Walking,True,3.9,0,0
1789903986123,75,110538,1,1200,-0.901,1,-0.75,Walking,True,3.9,0,0
1789903986123,75,110538,1,1200,-0.901,1,-0.75,Walking,True,3.9,0,0
1789903986123,75,110538,1,1200,-0.901,1,-0.75,Walking,True,3.9,0,0
1789903986123,75,110538,1,1200,-0.901,1,-0.75,Walking,True,3.9,0,0
1789903986138,76,112040,1,1216,-0.901,1,-0.75,Walking,True,3.9,0,0
1789903986138,76,112040,1,1216,-0.901,1,-0.75,Walking,True,3.9,0,0
1789903986138,76,112040,1,1216,-0.901,1,-0.75,Walking,True,3.9,0,0
1789903986138,76,112040,1,1216,-0.901,1,-0.75,Walking,True,3.9,0,0
1789903986138,76,112040,1,1216,-0.901,1,-0.75,Walking,True,3.9,0,0
1789903986138,76,112040,1,1216,-0.901,1,-0.75,Walking,True,3.9,0,0
1789903986138,76,112040,1,1216,-0.901,1,-0.75,Walking,True,3.9,0,0
1789903986138,76,112040,1,1216,-0.901,1,-0.75,Walking,True,3.9,0,0
1789903986153,77,113496,1,1232,-0.901,1,-0.75,Walking,True,3.9,0,0
1789903986153,77,113496,1,1232,-0.901,1,-0.75,Walking,True,3.9,0,0
1789903986153,77,113496,1,1232,-0.901,1,-0.75,Walking,True,3.9,0,0
1789903986153,77,113496,1,1232,-0.901,1,-0.75,Walking,True,3.9,0,0
1789903986153,77,113496,1,1232,-0.901,1,-0.75,Walking,True,3.9,0,0
1789903986153,77,113496,1,1232,-0.901,1,-0.75,Walking,True,3.9,0,0
1789903986153,77,113496,1,1232,-0.901,1,-0.75,Walking,True,3.9,0,0
1789903986153,77,113496,1,1232,-0.901,1,-0.75,Walking,True,3.9,0,0
1789903986168,78,114846,1,1248,-0.901,1,-0.75,Walking,True,3.9,0,0
1789903986168,78,114846,1,1248,-0.901,1,-0.75,Walking,True,3.9,0,0
1789903986168,78,114846,1,1248,-0.901,1,-0.75,Walking,True,3.9,0,0
1789903986168,78,114846,1,1248,-0.901,1,-0.75,Walking,True,3.9,0,0
1789903986168,78,114846,1,1248,-0.901,1,-0.75,Walking,True,3.9,0,0
1789903986168,78,114846,1,1248,-0.901,1,-0.75,Walking,True,3.9,0,0
1789903986168,78,114846,1,1248,-0.901,1,-0.75,Walking,True,3.9,0,0
1789903986168,78,114846,1,1248,-0.901,1,-0.75,Walking,True,3.9,0,0
1789903986184,79,116264,1,1264,-0.901,1,-0.75,Walking,True,3.9,0,0
1789903986184,79,116264,1,1264,-0.901,1,-0.75,Walking,True,3.9,0,0
1789903986184,79,116264,1,1264,-0.901,1,-0.75,Walking,True,3.9,0,0
1789903986184,79,116264,1,1264,-0.901,1,-0.75,Walking,True,3.9,0,0
1789903986184,79,116264,1,1264,-0.901,1,-0.75,Walking,True,3.9,0,0
1789903986184,79,116264,1,1264,-0.901,1,-0.75,Walking,True,3.9,0,0
1789903986184,79,116264,1,1264,-0.901,1,-0.75,Walking,True,3.9,0,0
1789903986184,79,116264,1,1264,-0.901,1,-0.75,Walking,True,3.9,0,0
1789903986199,80,117764,1,1280,-0.901,1,-0.75,Walking,True,3.9,0,0
1789903986199,80,117764,1,1280,-0.901,1,-0.75,Walking,True,3.9,0,0
1789903986199,80,117764,1,1280,-0.901,1,-0.75,Walking,True,3.9,0,0
1789903986199,80,117764,1,1280,-0.901,1,-0.75,Walking,True,3.9,0,0
1789903986199,80,117764,1,1280,-0.901,1,-0.75,Walking,True,3.9,0,0
1789903986199,80,117764,1,1280,-0.901,1,-0.75,Walking,True,3.9,0,0
1789903986199,80,117764,1,1280,-0.901,1,-0.75,Walking,True,3.9,0,0
1789903986199,80,117764,1,1280,-0.901,1,-0.75,Walking,True,3.9,0,0
1789903986214,81,119157,1,1296,-0.901,1,-0.75,Walking,True,3.9,0,0
1789903986214,81,119157,1,1296,-0.901,1,-0.75,Walking,True,3.9,0,0
1789903986214,81,119157,1,1296,-0.901,1,-0.75,Walking,True,3.9,0,0
1789903986214,81,119157,1,1296,-0.901,1,-0.75,Walking,True,3.9,0,0
1789903986214,81,119157,1,1296,-0.901,1,-0.75,Walking,True,3.9,0,0
1789903986214,81,119157,1,1296,-0.901,1,-0.75,Walking,True,3.9,0,0
1789903986214,81,119157,1,1296,-0.901,1,-0.75,Walking,True,3.9,0,0
1789903986214,81,119157,1,1296,-0.901,1,-0.75,Walking,True,3.9,0,0
1789903986230,82,120650,1,1312,-0.901,1,-0.75,Walking,True,3.9,0,0
1789903986230,82,120650,1,1312,-0.901,1,-0.75,Walking,True,3.9,0,0
1789903986230,82,120650,1,1312,-0.901,1,-0.75,Walking,True,3.9,0,0
1789903986230,82,120650,1,1312,-0.901,1,-0.75,Walking,True,3.9,0,0
1789903986230,82,120650,1,1312,-0.901,1,-0.75,Walking,True,3.9,0,0
1789903986230,82,120650,1,1312,-0.901,1,-0.75,Walking,True,3.9,0,0
1789903986230,82,120650,1,1312,-0.901,1,-0.75,Walking,True,3.9,0,0
1789903986230,82,120650,1,1312,-0.901,1,-0.75,Walking,True,3.9,0,0
1789903986245,83,122080,1,1328,-0.901,1,-0.75,Walking,True,3.9,0,0
1789903986245,83,122080,1,1328,-0.901,1,-0.75,Walking,True,3.9,0,0
1789903986245,83,122080,1,1328,-0.901,1,-0.75,Walking,True,3.9,0,0
1789903986245,83,122080,1,1328,-0.901,1,-0.75,Walking,True,3.9,0,0
1789903986245,83,122080,1,1328,-0.901,1,-0.75,Walking,True,3.9,0,0
1789903986245,83,122080,1,1328,-0.901,1,-0.75,Walking,True,3.9,0,0
1789903986245,83,122080,1,1328,-0.901,1,-0.75,Walking,True,3.9,0,0
1789903986245,83,122080,1,1328,-0.901,1,-0.75,Walking,True,3.9,0,0
1789903986260,84,123574,1,1344,-0.901,1,-0.75,Walking,True,3.9,0,0
1789903986260,84,123574,1,1344,-0.901,1,-0.75,Walking,True,3.9,0,0
1789903986260,84,123574,1,1344,-0.901,1,-0.75,Walking,True,3.9,0,0
1789903986260,84,123574,1,1344,-0.901,1,-0.75,Walking,True,3.9,0,0
1789903986260,84,123574,1,1344,-0.901,1,-0.75,Walking,True,3.9,0,0
1789903986260,84,123574,1,1344,-0.901,1,-0.75,Walking,True,3.9,0,0
1789903986260,84,123574,1,1344,-0.901,1,-0.75,Walking,True,3.9,0,0
1789903986260,84,123574,1,1344,-0.901,1,-0.75,Walking,True,3.9,0,0
1789903986275,85,125077,1,1360,-0.901,1,-0.75,Walking,True,3.9,0,0
1789903986275,85,125077,1,1360,-0.901,1,-0.75,Walking,True,3.9,0,0
1789903986275,85,125077,1,1360,-0.901,1,-0.75,Walking,True,3.9,0,0
1789903986275,85,125077,1,1360,-0.901,1,-0.75,Walking,True,3.9,0,0
1789903986275,85,125077,1,1360,-0.901,1,-0.75,Walking,True,3.9,0,0
1789903986275,85,125077,1,1360,-0.901,1,-0.75,Walking,True,3.9,0,0
1789903986275,85,125077,1,1360,-0.901,1,-0.75,Walking,True,3.9,0,0
1789903986275,85,125077,1,1360,-0.901,1,-0.75,Walking,True,3.9,0,0
1789903986291,86,126402,1,1376,-0.901,1,-0.75,Walking,True,3.9,0,0
1789903986291,86,126402,1,1376,-0.901,1,-0.75,Walking,True,3.9,0,0
1789903986291,86,126402,1,1376,-0.901,1,-0.75,Walking,True,3.9,0,0
1789903986291,86,126402,1,1376,-0.901,1,-0.75,Walking,True,3.9,0,0
1789903986291,86,126402,1,1376,-0.901,1,-0.75,Walking,True,3.9,0,0
1789903986291,86,126402,1,1376,-0.901,1,-0.75,Walking,True,3.9,0,0
1789903986291,86,126402,1,1376,-0.901,1,-0.75,Walking,True,3.9,0,0
1789903986291,86,126402,1,1376,-0.901,1,-0.75,Walking,True,3.9,0,0
1789903986306,87,127866,1,1392,-0.901,1,-0.75,Walking,True,3.9,0,0
1789903986306,87,127866,1,1392,-0.901,1,-0.75,Walking,True,3.9,0,0
1789903986306,87,127866,1,1392,-0.901,1,-0.75,Walking,True,3.9,0,0
1789903986306,87,127866,1,1392,-0.901,1,-0.75,Walking,True,3.9,0,0
1789903986306,87,127866,1,1392,-0.901,1,-0.75,Walking,True,3.9,0,0
1789903986306,87,127866,1,1392,-0.901,1,-0.75,Walking,True,3.9,0,0
1789903986306,87,127866,1,1392,-0.901,1,-0.75,Walking,True,3.9,0,0
1789903986306,87,127866,1,1392,-0.901,1,-0.75,Walking,True,3.9,0,0
1789903986321,88,129420,1,1408,-0.901,1,-0.75,Walking,True,3.9,0,0
1789903986321,88,129420,1,1408,-0.901,1,-0.75,Walking,True,3.9,0,0
1789903986321,88,129420,1,1408,-0.901,1,-0.75,Walking,True,3.9,0,0
1789903986321,88,129420,1,1408,-0.901,1,-0.75,Walking,True,3.9,0,0
1789903986321,88,129420,1,1408,-0.901,1,-0.75,Walking,True,3.9,0,0
1789903986321,88,129420,1,1408,-0.901,1,-0.75,Walking,True,3.9,0,0
1789903986321,88,129420,1,1408,-0.901,1,-0.75,Walking,True,3.9,0,0
1789903986321,88,129420,1,1408,-0.901,1,-0.75,Walking,True,3.9,0,0
1789903986337,89,130847,1,1424,-0.901,1,-0.75,Walking,True,3.9,0,0
1789903986337,89,130847,1,1424,-0.901,1,-0.75,Walking,True,3.9,0,0
1789903986337,89,130847,1,1424,-0.901,1,-0.75,Walking,True,3.9,0,0
1789903986337,89,130847,1,1424,-0.901,1,-0.75,Walking,True,3.9,0,0
1789903986337,89,130847,1,1424,-0.901,1,-0.75,Walking,True,3.9,0,0
1789903986337,89,130847,1,1424,-0.901,1,-0.75,Walking,True,3.9,0,0
1789903986337,89,130847,1,1424,-0.901,1,-0.75,Walking,True,3.9,0,0
1789903986337,89,130847,1,1424,-0.901,1,-0.75,Walking,True,3.9,0,0
1789903986368,90,132413,1,1440,-0.901,1,-0.75,Walking,True,3.9,0,0
1789903986368,90,132413,1,1440,-0.901,1,-0.75,Walking,True,3.9,0,0
1789903986368,90,132413,1,1440,-0.901,1,-0.75,Walking,True,3.9,0,0
1789903986368,90,132413,1,1440,-0.901,1,-0.75,Walking,True,3.9,0,0
1789903986368,90,132413,1,1440,-0.901,1,-0.75,Walking,True,3.9,0,0
1789903986368,90,132413,1,1440,-0.901,1,-0.75,Walking,True,3.9,0,0
1789903986368,90,132413,1,1440,-0.901,1,-0.75,Walking,True,3.9,0,0
1789903986368,90,132413,1,1440,-0.901,1,-0.75,Walking,True,3.9,0,0
1789903986383,91,135239,1,1456,-0.901,1,-0.75,Walking,True,3.9,0,0
1789903986383,91,135239,1,1456,-0.901,1,-0.75,Walking,True,3.9,0,0
1789903986383,91,135239,1,1456,-0.901,1,-0.75,Walking,True,3.9,0,0
1789903986383,91,135239,1,1456,-0.901,1,-0.75,Walking,True,3.9,0,0
1789903986383,91,135239,1,1456,-0.901,1,-0.75,Walking,True,3.9,0,0
1789903986383,91,135239,1,1456,-0.901,1,-0.75,Walking,True,3.9,0,0
1789903986383,91,135239,1,1456,-0.901,1,-0.75,Walking,True,3.9,0,0
1789903986383,91,135239,1,1456,-0.901,1,-0.75,Walking,True,3.9,0,0
1789903986399,92,136578,1,1472,-0.901,1,-0.75,Walking,True,3.9,0,0
1789903986399,92,136578,1,1472,-0.901,1,-0.75,Walking,True,3.9,0,0
1789903986399,92,136578,1,1472,-0.901,1,-0.75,Walking,True,3.9,0,0
1789903986399,92,136578,1,1472,-0.901,1,-0.75,Walking,True,3.9,0,0
1789903986399,92,136578,1,1472,-0.901,1,-0.75,Walking,True,3.9,0,0
1789903986399,92,136578,1,1472,-0.901,1,-0.75,Walking,True,3.9,0,0
1789903986399,92,136578,1,1472,-0.901,1,-0.75,Walking,True,3.9,0,0
1789903986399,92,136578,1,1472,-0.901,1,-0.75,Walking,True,3.9,0,0
1789903986414,93,138101,1,1488,-0.901,1,-0.75,Walking,True,3.9,0,0
1789903986414,93,138101,1,1488,-0.901,1,-0.75,Walking,True,3.9,0,0
1789903986414,93,138101,1,1488,-0.901,1,-0.75,Walking,True,3.9,0,0
1789903986414,93,138101,1,1488,-0.901,1,-0.75,Walking,True,3.9,0,0
1789903986414,93,138101,1,1488,-0.901,1,-0.75,Walking,True,3.9,0,0
1789903986414,93,138101,1,1488,-0.901,1,-0.75,Walking,True,3.9,0,0
1789903986414,93,138101,1,1488,-0.901,1,-0.75,Walking,True,3.9,0,0
1789903986414,93,138101,1,1488,-0.901,1,-0.75,Walking,True,3.9,0,0
1789903986430,94,139500,1,1504,-0.901,1,-0.75,Walking,True,3.9,0,0
1789903986430,94,139500,1,1504,-0.901,1,-0.75,Walking,True,3.9,0,0
1789903986430,94,139500,1,1504,-0.901,1,-0.75,Walking,True,3.9,0,0
1789903986430,94,139500,1,1504,-0.901,1,-0.75,Walking,True,3.9,0,0
1789903986430,94,139500,1,1504,-0.901,1,-0.75,Walking,True,3.9,0,0
1789903986430,94,139500,1,1504,-0.901,1,-0.75,Walking,True,3.9,0,0
1789903986430,94,139500,1,1504,-0.901,1,-0.75,Walking,True,3.9,0,0
1789903986430,94,139500,1,1504,-0.901,1,-0.75,Walking,True,3.9,0,0
1789903986445,95,140995,1,1520,-0.901,1,-0.75,Walking,True,3.9,0,0
1789903986445,95,140995,1,1520,-0.901,1,-0.75,Walking,True,3.9,0,0
1789903986445,95,140995,1,1520,-0.901,1,-0.75,Walking,True,3.9,0,0
1789903986445,95,140995,1,1520,-0.901,1,-0.75,Walking,True,3.9,0,0
1789903986445,95,140995,1,1520,-0.901,1,-0.75,Walking,True,3.9,0,0
1789903986445,95,140995,1,1520,-0.901,1,-0.75,Walking,True,3.9,0,0
1789903986445,95,140995,1,1520,-0.901,1,-0.75,Walking,True,3.9,0,0
1789903986445,95,140995,1,1520,-0.901,1,-0.75,Walking,True,3.9,0,0
1789903986461,96,142491,1,1536,-0.901,1,-0.75,Walking,True,3.9,0,0
1789903986461,96,142491,1,1536,-0.901,1,-0.75,Walking,True,3.9,0,0
1789903986461,96,142491,1,1536,-0.901,1,-0.75,Walking,True,3.9,0,0
1789903986461,96,142491,1,1536,-0.901,1,-0.75,Walking,True,3.9,0,0
1789903986461,96,142491,1,1536,-0.901,1,-0.75,Walking,True,3.9,0,0
1789903986461,96,142491,1,1536,-0.901,1,-0.75,Walking,True,3.9,0,0
1789903986461,96,142491,1,1536,-0.901,1,-0.75,Walking,True,3.9,0,0
1789903986461,96,142491,1,1536,-0.901,1,-0.75,Walking,True,3.9,0,0
1789903986476,97,143934,1,1552,-0.901,1,-0.75,Walking,True,3.9,0,0
1789903986476,97,143934,1,1552,-0.901,1,-0.75,Walking,True,3.9,0,0
1789903986476,97,143934,1,1552,-0.901,1,-0.75,Walking,True,3.9,0,0
1789903986476,97,143934,1,1552,-0.901,1,-0.75,Walking,True,3.9,0,0
1789903986476,97,143934,1,1552,-0.901,1,-0.75,Walking,True,3.9,0,0
1789903986476,97,143934,1,1552,-0.901,1,-0.75,Walking,True,3.9,0,0
1789903986476,97,143934,1,1552,-0.901,1,-0.75,Walking,True,3.9,0,0
1789903986476,97,143934,1,1552,-0.901,1,-0.75,Walking,True,3.9,0,0
1789903986491,98,145328,1,1568,-0.901,1,-0.75,Walking,True,3.9,0,0
1789903986491,98,145328,1,1568,-0.901,1,-0.75,Walking,True,3.9,0,0
1789903986491,98,145328,1,1568,-0.901,1,-0.75,Walking,True,3.9,0,0
1789903986491,98,145328,1,1568,-0.901,1,-0.75,Walking,True,3.9,0,0
1789903986491,98,145328,1,1568,-0.901,1,-0.75,Walking,True,3.9,0,0
1789903986491,98,145328,1,1568,-0.901,1,-0.75,Walking,True,3.9,0,0
1789903986492,98,145328,1,1568,-0.901,1,-0.75,Walking,True,3.9,0,0
1789903986492,98,145328,1,1568,-0.901,1,-0.75,Walking,True,3.9,0,0
1789903986508,99,146761,1,1584,-0.901,1,-0.75,Walking,True,3.9,0,0
1789903986508,99,146761,1,1584,-0.901,1,-0.75,Walking,True,3.9,0,0
1789903986508,99,146761,1,1584,-0.901,1,-0.75,Walking,True,3.9,0,0
1789903986508,99,146761,1,1584,-0.901,1,-0.75,Walking,True,3.9,0,0
1789903986508,99,146761,1,1584,-0.901,1,-0.75,Walking,True,3.9,0,0
1789903986508,99,146761,1,1584,-0.901,1,-0.75,Walking,True,3.9,0,0
1789903986508,99,146761,1,1584,-0.901,1,-0.75,Walking,True,3.9,0,0
1789903986508,99,146761,1,1584,-0.901,1,-0.75,Walking,True,3.9,0,0
1789903986524,100,148308,1,1600,-0.901,1,-0.75,Walking,True,3.9,0,0
1789903986524,100,148308,1,1600,-0.901,1,-0.75,Walking,True,3.9,0,0
1789903986524,100,148308,1,1600,-0.901,1,-0.75,Walking,True,3.9,0,0
1789903986524,100,148308,1,1600,-0.901,1,-0.75,Walking,True,3.9,0,0
1789903986524,100,148308,1,1600,-0.901,1,-0.75,Walking,True,3.9,0,0
1789903986524,100,148308,1,1600,-0.901,1,-0.75,Walking,True,3.9,0,0
1789903986524,100,148308,1,1600,-0.901,1,-0.75,Walking,True,3.9,0,0
1789903986524,100,148308,1,1600,-0.901,1,-0.75,Walking,True,3.9,0,0
1789903986540,101,149796,1,1616,-0.901,1,-0.75,Walking,True,3.9,0,0
1789903986540,101,149796,1,1616,-0.901,1,-0.75,Walking,True,3.9,0,0
1789903986540,101,149796,1,1616,-0.901,1,-0.75,Walking,True,3.9,0,0
1789903986540,101,149796,1,1616,-0.901,1,-0.75,Walking,True,3.9,0,0
1789903986540,101,149796,1,1616,-0.901,1,-0.75,Walking,True,3.9,0,0
1789903986540,101,149796,1,1616,-0.901,1,-0.75,Walking,True,3.9,0,0
1789903986540,101,149796,1,1616,-0.901,1,-0.75,Walking,True,3.9,0,0
1789903986540,101,149796,1,1616,-0.901,1,-0.75,Walking,True,3.9,0,0
1789903986555,102,151264,1,1632,-0.901,1,-0.75,Walking,True,3.9,0,0
1789903986555,102,151264,1,1632,-0.901,1,-0.75,Walking,True,3.9,0,0
1789903986555,102,151264,1,1632,-0.901,1,-0.75,Walking,True,3.9,0,0
1789903986555,102,151264,1,1632,-0.901,1,-0.75,Walking,True,3.9,0,0
1789903986555,102,151264,1,1632,-0.901,1,-0.75,Walking,True,3.9,0,0
1789903986555,102,151264,1,1632,-0.901,1,-0.75,Walking,True,3.9,0,0
1789903986555,102,151264,1,1632,-0.901,1,-0.75,Walking,True,3.9,0,0
1789903986555,102,151264,1,1632,-0.901,1,-0.75,Walking,True,3.9,0,0
1789903986571,103,152674,1,1648,-0.901,1,-0.75,Walking,True,3.9,0,0
1789903986571,103,152674,1,1648,-0.901,1,-0.75,Walking,True,3.9,0,0
1789903986571,103,152674,1,1648,-0.901,1,-0.75,Walking,True,3.9,0,0
1789903986571,103,152674,1,1648,-0.901,1,-0.75,Walking,True,3.9,0,0
1789903986571,103,152674,1,1648,-0.901,1,-0.75,Walking,True,3.9,0,0
1789903986571,103,152674,1,1648,-0.901,1,-0.75,Walking,True,3.9,0,0
1789903986571,103,152674,1,1648,-0.901,1,-0.75,Walking,True,3.9,0,0
1789903986571,103,152674,1,1648,-0.901,1,-0.75,Walking,True,3.9,0,0
1789903986586,104,154064,1,1664,-0.901,1,-0.75,Walking,True,3.9,0,0
1789903986586,104,154064,1,1664,-0.901,1,-0.75,Walking,True,3.9,0,0
1789903986586,104,154064,1,1664,-0.901,1,-0.75,Walking,True,3.9,0,0
1789903986586,104,154064,1,1664,-0.901,1,-0.75,Walking,True,3.9,0,0
1789903986586,104,154064,1,1664,-0.901,1,-0.75,Walking,True,3.9,0,0
1789903986586,104,154064,1,1664,-0.901,1,-0.75,Walking,True,3.9,0,0
1789903986586,104,154064,1,1664,-0.901,1,-0.75,Walking,True,3.9,0,0
1789903986586,104,154064,1,1664,-0.901,1,-0.75,Walking,True,3.9,0,0
1789903986602,105,155468,1,1680,-0.901,1,-0.75,Walking,True,3.9,0,0
1789903986602,105,155468,1,1680,-0.901,1,-0.75,Walking,True,3.9,0,0
1789903986602,105,155468,1,1680,-0.901,1,-0.75,Walking,True,3.9,0,0
1789903986602,105,155468,1,1680,-0.901,1,-0.75,Walking,True,3.9,0,0
1789903986603,105,155468,1,1680,-0.901,1,-0.75,Walking,True,3.9,0,0
1789903986603,105,155468,1,1680,-0.901,1,-0.75,Walking,True,3.9,0,0
1789903986603,105,155468,1,1680,-0.901,1,-0.75,Walking,True,3.9,0,0
1789903986603,105,155468,1,1680,-0.901,1,-0.75,Walking,True,3.9,0,0
1789903986618,106,156989,1,1696,-0.901,1,-0.75,Walking,True,3.9,0,0
1789903986618,106,156989,1,1696,-0.901,1,-0.75,Walking,True,3.9,0,0
1789903986618,106,156989,1,1696,-0.901,1,-0.75,Walking,True,3.9,0,0
1789903986618,106,156989,1,1696,-0.901,1,-0.75,Walking,True,3.9,0,0
1789903986618,106,156989,1,1696,-0.901,1,-0.75,Walking,True,3.9,0,0
1789903986618,106,156989,1,1696,-0.901,1,-0.75,Walking,True,3.9,0,0
1789903986618,106,156989,1,1696,-0.901,1,-0.75,Walking,True,3.9,0,0
1789903986618,106,156989,1,1696,-0.901,1,-0.75,Walking,True,3.9,0,0
1789903986633,107,158394,1,1712,-0.901,1,-0.75,Walking,True,3.9,0,0
1789903986633,107,158394,1,1712,-0.901,1,-0.75,Walking,True,3.9,0,0
1789903986633,107,158394,1,1712,-0.901,1,-0.75,Walking,True,3.9,0,0
1789903986633,107,158394,1,1712,-0.901,1,-0.75,Walking,True,3.9,0,0
1789903986633,107,158394,1,1712,-0.901,1,-0.75,Walking,True,3.9,0,0
1789903986633,107,158394,1,1712,-0.901,1,-0.75,Walking,True,3.9,0,0
1789903986633,107,158394,1,1712,-0.901,1,-0.75,Walking,True,3.9,0,0
1789903986633,107,158394,1,1712,-0.901,1,-0.75,Walking,True,3.9,0,0
1789903986648,108,159799,1,1728,-0.901,1,-0.75,Walking,True,3.9,0,0
1789903986648,108,159799,1,1728,-0.901,1,-0.75,Walking,True,3.9,0,0
1789903986648,108,159799,1,1728,-0.901,1,-0.75,Walking,True,3.9,0,0
1789903986648,108,159799,1,1728,-0.901,1,-0.75,Walking,True,3.9,0,0
1789903986648,108,159799,1,1728,-0.901,1,-0.75,Walking,True,3.9,0,0
1789903986648,108,159799,1,1728,-0.901,1,-0.75,Walking,True,3.9,0,0
1789903986648,108,159799,1,1728,-0.901,1,-0.75,Walking,True,3.9,0,0
1789903986648,108,159799,1,1728,-0.901,1,-0.75,Walking,True,3.9,0,0
1789903986664,109,161237,1,1744,-0.901,1,-0.75,Walking,True,3.9,0,0
1789903986664,109,161237,1,1744,-0.901,1,-0.75,Walking,True,3.9,0,0
1789903986664,109,161237,1,1744,-0.901,1,-0.75,Walking,True,3.9,0,0
1789903986664,109,161237,1,1744,-0.901,1,-0.75,Walking,True,3.9,0,0
1789903986664,109,161237,1,1744,-0.901,1,-0.75,Walking,True,3.9,0,0
1789903986664,109,161237,1,1744,-0.901,1,-0.75,Walking,True,3.9,0,0
1789903986664,109,161237,1,1744,-0.901,1,-0.75,Walking,True,3.9,0,0
1789903986664,109,161237,1,1744,-0.901,1,-0.75,Walking,True,3.9,0,0
1789903986679,110,162660,1,1760,-0.901,1,-0.75,Walking,True,3.9,0,0
1789903986679,110,162660,1,1760,-0.901,1,-0.75,Walking,True,3.9,0,0
1789903986679,110,162660,1,1760,-0.901,1,-0.75,Walking,True,3.9,0,0
1789903986679,110,162660,1,1760,-0.901,1,-0.75,Walking,True,3.9,0,0
1789903986679,110,162660,1,1760,-0.901,1,-0.75,Walking,True,3.9,0,0
1789903986679,110,162660,1,1760,-0.901,1,-0.75,Walking,True,3.9,0,0
1789903986679,110,162660,1,1760,-0.901,1,-0.75,Walking,True,3.9,0,0
1789903986679,110,162660,1,1760,-0.901,1,-0.75,Walking,True,3.9,0,0
1789903986695,111,164076,1,1776,-0.901,1,-0.75,Walking,True,3.9,0,0
1789903986695,111,164076,1,1776,-0.901,1,-0.75,Walking,True,3.9,0,0
1789903986695,111,164076,1,1776,-0.901,1,-0.75,Walking,True,3.9,0,0
1789903986695,111,164076,1,1776,-0.901,1,-0.75,Walking,True,3.9,0,0
1789903986695,111,164076,1,1776,-0.901,1,-0.75,Walking,True,3.9,0,0
1789903986695,111,164076,1,1776,-0.901,1,-0.75,Walking,True,3.9,0,0
1789903986695,111,164076,1,1776,-0.901,1,-0.75,Walking,True,3.9,0,0
1789903986695,111,164076,1,1776,-0.901,1,-0.75,Walking,True,3.9,0,0
1789903986710,112,165568,1,1792,-0.901,1,-0.75,Walking,True,3.9,0,0
1789903986710,112,165568,1,1792,-0.901,1,-0.75,Walking,True,3.9,0,0
1789903986710,112,165568,1,1792,-0.901,1,-0.75,Walking,True,3.9,0,0
1789903986710,112,165568,1,1792,-0.901,1,-0.75,Walking,True,3.9,0,0
1789903986710,112,165568,1,1792,-0.901,1,-0.75,Walking,True,3.9,0,0
1789903986710,112,165568,1,1792,-0.901,1,-0.75,Walking,True,3.9,0,0
1789903986710,112,165568,1,1792,-0.901,1,-0.75,Walking,True,3.9,0,0
1789903986710,112,165568,1,1792,-0.901,1,-0.75,Walking,True,3.9,0,0
1789903986726,113,167046,1,1808,-0.901,1,-0.75,Walking,True,3.9,0,0
1789903986726,113,167046,1,1808,-0.901,1,-0.75,Walking,True,3.9,0,0
1789903986726,113,167046,1,1808,-0.901,1,-0.75,Walking,True,3.9,0,0
1789903986726,113,167046,1,1808,-0.901,1,-0.75,Walking,True,3.9,0,0
1789903986726,113,167046,1,1808,-0.901,1,-0.75,Walking,True,3.9,0,0
1789903986726,113,167046,1,1808,-0.901,1,-0.75,Walking,True,3.9,0,0
1789903986726,113,167046,1,1808,-0.901,1,-0.75,Walking,True,3.9,0,0
1789903986726,113,167046,1,1808,-0.901,1,-0.75,Walking,True,3.9,0,0
1789903986742,114,168508,1,1824,-0.901,1,-0.75,Walking,True,3.9,0,0
1789903986742,114,168508,1,1824,-0.901,1,-0.75,Walking,True,3.9,0,0
1789903986742,114,168508,1,1824,-0.901,1,-0.75,Walking,True,3.9,0,0
1789903986742,114,168508,1,1824,-0.901,1,-0.75,Walking,True,3.9,0,0
1789903986742,114,168508,1,1824,-0.901,1,-0.75,Walking,True,3.9,0,0
1789903986742,114,168508,1,1824,-0.901,1,-0.75,Walking,True,3.9,0,0
1789903986742,114,168508,1,1824,-0.901,1,-0.75,Walking,True,3.9,0,0
1789903986742,114,168508,1,1824,-0.901,1,-0.75,Walking,True,3.9,0,0
1789903986758,115,169998,1,1840,-0.901,1,-0.75,Walking,True,3.9,0,0
1789903986758,115,169998,1,1840,-0.901,1,-0.75,Walking,True,3.9,0,0
1789903986758,115,169998,1,1840,-0.901,1,-0.75,Walking,True,3.9,0,0
1789903986758,115,169998,1,1840,-0.901,1,-0.75,Walking,True,3.9,0,0
1789903986758,115,169998,1,1840,-0.901,1,-0.75,Walking,True,3.9,0,0
1789903986758,115,169998,1,1840,-0.901,1,-0.75,Walking,True,3.9,0,0
1789903986758,115,169998,1,1840,-0.901,1,-0.75,Walking,True,3.9,0,0
1789903986758,115,169998,1,1840,-0.901,1,-0.75,Walking,True,3.9,0,0
1789903986774,116,171441,1,1856,-0.901,1,-0.75,Walking,True,3.9,0,0
1789903986774,116,171441,1,1856,-0.901,1,-0.75,Walking,True,3.9,0,0
1789903986774,116,171441,1,1856,-0.901,1,-0.75,Walking,True,3.9,0,0
1789903986774,116,171441,1,1856,-0.901,1,-0.75,Walking,True,3.9,0,0
1789903986774,116,171441,1,1856,-0.901,1,-0.75,Walking,True,3.9,0,0
1789903986774,116,171441,1,1856,-0.901,1,-0.75,Walking,True,3.9,0,0
1789903986774,116,171441,1,1856,-0.901,1,-0.75,Walking,True,3.9,0,0
1789903986774,116,171441,1,1856,-0.901,1,-0.75,Walking,True,3.9,0,0
1789903986789,117,172889,1,1872,-0.901,1,-0.75,Walking,True,3.9,0,0
1789903986789,117,172889,1,1872,-0.901,1,-0.75,Walking,True,3.9,0,0
1789903986789,117,172889,1,1872,-0.901,1,-0.75,Walking,True,3.9,0,0
1789903986789,117,172889,1,1872,-0.901,1,-0.75,Walking,True,3.9,0,0
1789903986789,117,172889,1,1872,-0.901,1,-0.75,Walking,True,3.9,0,0
1789903986789,117,172889,1,1872,-0.901,1,-0.75,Walking,True,3.9,0,0
1789903986789,117,172889,1,1872,-0.901,1,-0.75,Walking,True,3.9,0,0
1789903986789,117,172889,1,1872,-0.901,1,-0.75,Walking,True,3.9,0,0
1789903986804,118,174387,1,1888,-0.901,1,-0.75,Walking,True,3.9,0,0
1789903986804,118,174387,1,1888,-0.901,1,-0.75,Walking,True,3.9,0,0
1789903986804,118,174387,1,1888,-0.901,1,-0.75,Walking,True,3.9,0,0
1789903986804,118,174387,1,1888,-0.901,1,-0.75,Walking,True,3.9,0,0
1789903986804,118,174387,1,1888,-0.901,1,-0.75,Walking,True,3.9,0,0
1789903986805,118,174387,1,1888,-0.901,1,-0.75,Walking,True,3.9,0,0
1789903986805,118,174387,1,1888,-0.901,1,-0.75,Walking,True,3.9,0,0
1789903986805,118,174387,1,1888,-0.901,1,-0.75,Walking,True,3.9,0,0
1789903986821,119,175787,1,1904,-0.901,1,-0.75,Walking,True,3.9,0,0
1789903986821,119,175787,1,1904,-0.901,1,-0.75,Walking,True,3.9,0,0
1789903986821,119,175787,1,1904,-0.901,1,-0.75,Walking,True,3.9,0,0
1789903986821,119,175787,1,1904,-0.901,1,-0.75,Walking,True,3.9,0,0
1789903986821,119,175787,1,1904,-0.901,1,-0.75,Walking,True,3.9,0,0
1789903986821,119,175787,1,1904,-0.901,1,-0.75,Walking,True,3.9,0,0
1789903986821,119,175787,1,1904,-0.901,1,-0.75,Walking,True,3.9,0,0
1789903986821,119,175787,1,1904,-0.901,1,-0.75,Walking,True,3.9,0,0
1789903986836,120,177411,1,1920,-0.901,1,-0.75,Walking,True,3.9,0,0
1789903986836,120,177411,1,1920,-0.901,1,-0.75,Walking,True,3.9,0,0
1789903986836,120,177411,1,1920,-0.901,1,-0.75,Walking,True,3.9,0,0
1789903986836,120,177411,1,1920,-0.901,1,-0.75,Walking,True,3.9,0,0
1789903986836,120,177411,1,1920,-0.901,1,-0.75,Walking,True,3.9,0,0
1789903986836,120,177411,1,1920,-0.901,1,-0.75,Walking,True,3.9,0,0
1789903986836,120,177411,1,1920,-0.901,1,-0.75,Walking,True,3.9,0,0
1789903986836,120,177411,1,1920,-0.901,1,-0.75,Walking,True,3.9,0,0
1789903986852,121,178828,1,1936,-0.901,1,-0.75,Walking,True,3.9,0,0
1789903986852,121,178828,1,1936,-0.901,1,-0.75,Walking,True,3.9,0,0
1789903986852,121,178828,1,1936,-0.901,1,-0.75,Walking,True,3.9,0,0
1789903986852,121,178828,1,1936,-0.901,1,-0.75,Walking,True,3.9,0,0
1789903986852,121,178828,1,1936,-0.901,1,-0.75,Walking,True,3.9,0,0
1789903986852,121,178828,1,1936,-0.901,1,-0.75,Walking,True,3.9,0,0
1789903986852,121,178828,1,1936,-0.901,1,-0.75,Walking,True,3.9,0,0
1789903986852,121,178828,1,1936,-0.901,1,-0.75,Walking,True,3.9,0,0
1789903986867,122,180348,1,1952,-0.901,1,-0.75,Walking,True,3.9,0,0
1789903986867,122,180348,1,1952,-0.901,1,-0.75,Walking,True,3.9,0,0
1789903986867,122,180348,1,1952,-0.901,1,-0.75,Walking,True,3.9,0,0
1789903986867,122,180348,1,1952,-0.901,1,-0.75,Walking,True,3.9,0,0
1789903986867,122,180348,1,1952,-0.901,1,-0.75,Walking,True,3.9,0,0
1789903986867,122,180348,1,1952,-0.901,1,-0.75,Walking,True,3.9,0,0
1789903986867,122,180348,1,1952,-0.901,1,-0.75,Walking,True,3.9,0,0
1789903986867,122,180348,1,1952,-0.901,1,-0.75,Walking,True,3.9,0,0
1789903986882,123,181789,1,1968,-0.901,1,-0.75,Walking,True,3.9,0,0
1789903986882,123,181789,1,1968,-0.901,1,-0.75,Walking,True,3.9,0,0
1789903986882,123,181789,1,1968,-0.901,1,-0.75,Walking,True,3.9,0,0
1789903986882,123,181789,1,1968,-0.901,1,-0.75,Walking,True,3.9,0,0
1789903986882,123,181789,1,1968,-0.901,1,-0.75,Walking,True,3.9,0,0
1789903986882,123,181789,1,1968,-0.901,1,-0.75,Walking,True,3.9,0,0
1789903986882,123,181789,1,1968,-0.901,1,-0.75,Walking,True,3.9,0,0
1789903986882,123,181789,1,1968,-0.901,1,-0.75,Walking,True,3.9,0,0
1789903986897,124,183259,1,1984,-0.901,1,-0.75,Walking,True,3.9,0,0
1789903986897,124,183259,1,1984,-0.901,1,-0.75,Walking,True,3.9,0,0
1789903986897,124,183259,1,1984,-0.901,1,-0.75,Walking,True,3.9,0,0
1789903986897,124,183259,1,1984,-0.901,1,-0.75,Walking,True,3.9,0,0
1789903986897,124,183259,1,1984,-0.901,1,-0.75,Walking,True,3.9,0,0
1789903986897,124,183259,1,1984,-0.901,1,-0.75,Walking,True,3.9,0,0
1789903986897,124,183259,1,1984,-0.901,1,-0.75,Walking,True,3.9,0,0
1789903986897,124,183259,1,1984,-0.901,1,-0.75,Walking,True,3.9,0,0
1789903986913,125,184601,1,2000,-0.901,1,-0.75,Walking,True,3.9,0,0
1789903986913,125,184601,1,2000,-0.901,1,-0.75,Walking,True,3.9,0,0
1789903986913,125,184601,1,2000,-0.901,1,-0.75,Walking,True,3.9,0,0
1789903986913,125,184601,1,2000,-0.901,1,-0.75,Walking,True,3.9,0,0
1789903986913,125,184601,1,2000,-0.901,1,-0.75,Walking,True,3.9,0,0
1789903986913,125,184601,1,2000,-0.901,1,-0.75,Walking,True,3.9,0,0
1789903986913,125,184601,1,2000,-0.901,1,-0.75,Walking,True,3.9,0,0
1789903986913,125,184601,1,2000,-0.901,1,-0.75,Walking,True,3.9,0,0
1789903986929,126,186082,1,2016,-0.901,1,-0.75,Walking,True,3.9,0,0
1789903986929,126,186082,1,2016,-0.901,1,-0.75,Walking,True,3.9,0,0
1789903986929,126,186082,1,2016,-0.901,1,-0.75,Walking,True,3.9,0,0
1789903986929,126,186082,1,2016,-0.901,1,-0.75,Walking,True,3.9,0,0
1789903986929,126,186082,1,2016,-0.901,1,-0.75,Walking,True,3.9,0,0
1789903986929,126,186082,1,2016,-0.901,1,-0.75,Walking,True,3.9,0,0
1789903986929,126,186082,1,2016,-0.901,1,-0.75,Walking,True,3.9,0,0
1789903986929,126,186082,1,2016,-0.901,1,-0.75,Walking,True,3.9,0,0
1789903986960,127,187610,1,2032,-0.901,1,-0.75,Walking,True,3.9,0,0
1789903986960,127,187610,1,2032,-0.901,1,-0.75,Walking,True,3.9,0,0
1789903986960,127,187610,1,2032,-0.901,1,-0.75,Walking,True,3.9,0,0
1789903986960,127,187610,1,2032,-0.901,1,-0.75,Walking,True,3.9,0,0
1789903986960,127,187610,1,2032,-0.901,1,-0.75,Walking,True,3.9,0,0
1789903986960,127,187610,1,2032,-0.901,1,-0.75,Walking,True,3.9,0,0
1789903986960,127,187610,1,2032,-0.901,1,-0.75,Walking,True,3.9,0,0
1789903986960,127,187610,1,2032,-0.901,1,-0.75,Walking,True,3.9,0,0
1789903986975,128,190527,1,2048,-0.901,1,-0.75,Walking,True,3.9,0,0
1789903986975,128,190527,1,2048,-0.901,1,-0.75,Walking,True,3.9,0,0
1789903986975,128,190527,1,2048,-0.901,1,-0.75,Walking,True,3.9,0,0
1789903986975,128,190527,1,2048,-0.901,1,-0.75,Walking,True,3.9,0,0
1789903986975,128,190527,1,2048,-0.901,1,-0.75,Walking,True,3.9,0,0
1789903986975,128,190527,1,2048,-0.901,1,-0.75,Walking,True,3.9,0,0
1789903986975,128,190527,1,2048,-0.901,1,-0.75,Walking,True,3.9,0,0
1789903986975,128,190527,1,2048,-0.901,1,-0.75,Walking,True,3.9,0,0
1789903986990,129,191997,1,2064,-0.901,1,-0.75,Walking,True,3.9,0,0
1789903986990,129,191997,1,2064,-0.901,1,-0.75,Walking,True,3.9,0,0
1789903986990,129,191997,1,2064,-0.901,1,-0.75,Walking,True,3.9,0,0
1789903986990,129,191997,1,2064,-0.901,1,-0.75,Walking,True,3.9,0,0
1789903986990,129,191997,1,2064,-0.901,1,-0.75,Walking,True,3.9,0,0
1789903986990,129,191997,1,2064,-0.901,1,-0.75,Walking,True,3.9,0,0
1789903986990,129,191997,1,2064,-0.901,1,-0.75,Walking,True,3.9,0,0
1789903986990,129,191997,1,2064,-0.901,1,-0.75,Walking,True,3.9,0,0
1789903987006,130,193354,1,2080,-0.901,1,-0.75,Walking,True,3.9,0,0
1789903987006,130,193354,1,2080,-0.901,1,-0.75,Walking,True,3.9,0,0
1789903987006,130,193354,1,2080,-0.901,1,-0.75,Walking,True,3.9,0,0
1789903987006,130,193354,1,2080,-0.901,1,-0.75,Walking,True,3.9,0,0
1789903987006,130,193354,1,2080,-0.901,1,-0.75,Walking,True,3.9,0,0
1789903987006,130,193354,1,2080,-0.901,1,-0.75,Walking,True,3.9,0,0
1789903987006,130,193354,1,2080,-0.901,1,-0.75,Walking,True,3.9,0,0
1789903987006,130,193354,1,2080,-0.901,1,-0.75,Walking,True,3.9,0,0
1789903987021,131,194788,1,2096,-0.901,1,-0.75,Walking,True,3.9,0,0
1789903987021,131,194788,1,2096,-0.901,1,-0.75,Walking,True,3.9,0,0
1789903987021,131,194788,1,2096,-0.901,1,-0.75,Walking,True,3.9,0,0
1789903987021,131,194788,1,2096,-0.901,1,-0.75,Walking,True,3.9,0,0
1789903987021,131,194788,1,2096,-0.901,1,-0.75,Walking,True,3.9,0,0
1789903987021,131,194788,1,2096,-0.901,1,-0.75,Walking,True,3.9,0,0
1789903987021,131,194788,1,2096,-0.901,1,-0.75,Walking,True,3.9,0,0
1789903987021,131,194788,1,2096,-0.901,1,-0.75,Walking,True,3.9,0,0
1789903987037,132,196200,1,2112,-0.901,1,-0.75,Walking,True,3.9,0,0
1789903987037,132,196200,1,2112,-0.901,1,-0.75,Walking,True,3.9,0,0
1789903987037,132,196200,1,2112,-0.901,1,-0.75,Walking,True,3.9,0,0
1789903987037,132,196200,1,2112,-0.901,1,-0.75,Walking,True,3.9,0,0
1789903987037,132,196200,1,2112,-0.901,1,-0.75,Walking,True,3.9,0,0
1789903987037,132,196200,1,2112,-0.901,1,-0.75,Walking,True,3.9,0,0
1789903987037,132,196200,1,2112,-0.901,1,-0.75,Walking,True,3.9,0,0
1789903987037,132,196200,1,2112,-0.901,1,-0.75,Walking,True,3.9,0,0
1789903987053,133,197713,1,2128,-0.901,1,-0.75,Walking,True,3.9,0,0
1789903987053,133,197713,1,2128,-0.901,1,-0.75,Walking,True,3.9,0,0
1789903987053,133,197713,1,2128,-0.901,1,-0.75,Walking,True,3.9,0,0
1789903987053,133,197713,1,2128,-0.901,1,-0.75,Walking,True,3.9,0,0
1789903987053,133,197713,1,2128,-0.901,1,-0.75,Walking,True,3.9,0,0
1789903987053,133,197713,1,2128,-0.901,1,-0.75,Walking,True,3.9,0,0
1789903987053,133,197713,1,2128,-0.901,1,-0.75,Walking,True,3.9,0,0
1789903987053,133,197713,1,2128,-0.901,1,-0.75,Walking,True,3.9,0,0
1789903987069,134,199298,1,2144,-0.901,1,-0.75,Walking,True,3.9,0,0
1789903987069,134,199298,1,2144,-0.901,1,-0.75,Walking,True,3.9,0,0
1789903987069,134,199298,1,2144,-0.901,1,-0.75,Walking,True,3.9,0,0
1789903987069,134,199298,1,2144,-0.901,1,-0.75,Walking,True,3.9,0,0
1789903987069,134,199298,1,2144,-0.901,1,-0.75,Walking,True,3.9,0,0
1789903987069,134,199298,1,2144,-0.901,1,-0.75,Walking,True,3.9,0,0
1789903987069,134,199298,1,2144,-0.901,1,-0.75,Walking,True,3.9,0,0
1789903987069,134,199298,1,2144,-0.901,1,-0.75,Walking,True,3.9,0,0
1789903987085,135,200847,1,2160,-0.901,1,-0.75,Walking,True,3.9,0,0
1789903987085,135,200847,1,2160,-0.901,1,-0.75,Walking,True,3.9,0,0
1789903987085,135,200847,1,2160,-0.901,1,-0.75,Walking,True,3.9,0,0
1789903987085,135,200847,1,2160,-0.901,1,-0.75,Walking,True,3.9,0,0
1789903987085,135,200847,1,2160,-0.901,1,-0.75,Walking,True,3.9,0,0
1789903987085,135,200847,1,2160,-0.901,1,-0.75,Walking,True,3.9,0,0
1789903987085,135,200847,1,2160,-0.901,1,-0.75,Walking,True,3.9,0,0
1789903987085,135,200847,1,2160,-0.901,1,-0.75,Walking,True,3.9,0,0
1789903987100,136,202447,1,2176,-0.901,1,-0.75,Walking,True,3.9,0,0
1789903987100,136,202447,1,2176,-0.901,1,-0.75,Walking,True,3.9,0,0
1789903987100,136,202447,1,2176,-0.901,1,-0.75,Walking,True,3.9,0,0
1789903987100,136,202447,1,2176,-0.901,1,-0.75,Walking,True,3.9,0,0
1789903987100,136,202447,1,2176,-0.901,1,-0.75,Walking,True,3.9,0,0
1789903987100,136,202447,1,2176,-0.901,1,-0.75,Walking,True,3.9,0,0
1789903987100,136,202447,1,2176,-0.901,1,-0.75,Walking,True,3.9,0,0
1789903987100,136,202447,1,2176,-0.901,1,-0.75,Walking,True,3.9,0,0
1789903987116,137,203904,1,2192,-0.901,1,-0.75,Walking,True,3.9,0,0
1789903987116,137,203904,1,2192,-0.901,1,-0.75,Walking,True,3.9,0,0
1789903987116,137,203904,1,2192,-0.901,1,-0.75,Walking,True,3.9,0,0
1789903987116,137,203904,1,2192,-0.901,1,-0.75,Walking,True,3.9,0,0
1789903987116,137,203904,1,2192,-0.901,1,-0.75,Walking,True,3.9,0,0
1789903987116,137,203904,1,2192,-0.901,1,-0.75,Walking,True,3.9,0,0
1789903987116,137,203904,1,2192,-0.901,1,-0.75,Walking,True,3.9,0,0
1789903987116,137,203904,1,2192,-0.901,1,-0.75,Walking,True,3.9,0,0
1789903987132,138,205344,1,2208,-0.901,1,-0.75,Walking,True,3.9,0,0
1789903987132,138,205344,1,2208,-0.901,1,-0.75,Walking,True,3.9,0,0
1789903987132,138,205344,1,2208,-0.901,1,-0.75,Walking,True,3.9,0,0
1789903987132,138,205344,1,2208,-0.901,1,-0.75,Walking,True,3.9,0,0
1789903987132,138,205344,1,2208,-0.901,1,-0.75,Walking,True,3.9,0,0
1789903987132,138,205344,1,2208,-0.901,1,-0.75,Walking,True,3.9,0,0
1789903987132,138,205344,1,2208,-0.901,1,-0.75,Walking,True,3.9,0,0
1789903987132,138,205344,1,2208,-0.901,1,-0.75,Walking,True,3.9,0,0
1789903987147,139,206883,1,2224,-0.901,1,-0.75,Walking,True,3.9,0,0
1789903987147,139,206883,1,2224,-0.901,1,-0.75,Walking,True,3.9,0,0
1789903987147,139,206883,1,2224,-0.901,1,-0.75,Walking,True,3.9,0,0
1789903987147,139,206883,1,2224,-0.901,1,-0.75,Walking,True,3.9,0,0
1789903987147,139,206883,1,2224,-0.901,1,-0.75,Walking,True,3.9,0,0
1789903987147,139,206883,1,2224,-0.901,1,-0.75,Walking,True,3.9,0,0
1789903987147,139,206883,1,2224,-0.901,1,-0.75,Walking,True,3.9,0,0
1789903987147,139,206883,1,2224,-0.901,1,-0.75,Walking,True,3.9,0,0
1789903987163,140,208317,1,2240,-0.901,1,-0.75,Walking,True,3.9,0,0
1789903987163,140,208317,1,2240,-0.901,1,-0.75,Walking,True,3.9,0,0
1789903987163,140,208317,1,2240,-0.901,1,-0.75,Walking,True,3.9,0,0
1789903987163,140,208317,1,2240,-0.901,1,-0.75,Walking,True,3.9,0,0
1789903987163,140,208317,1,2240,-0.901,1,-0.75,Walking,True,3.9,0,0
1789903987163,140,208317,1,2240,-0.901,1,-0.75,Walking,True,3.9,0,0
1789903987163,140,208317,1,2240,-0.901,1,-0.75,Walking,True,3.9,0,0
1789903987163,140,208317,1,2240,-0.901,1,-0.75,Walking,True,3.9,0,0
1789903987178,141,209773,1,2256,-0.901,1,-0.75,Walking,True,3.9,0,0
1789903987178,141,209773,1,2256,-0.901,1,-0.75,Walking,True,3.9,0,0
1789903987178,141,209773,1,2256,-0.901,1,-0.75,Walking,True,3.9,0,0
1789903987178,141,209773,1,2256,-0.901,1,-0.75,Walking,True,3.9,0,0
1789903987178,141,209773,1,2256,-0.901,1,-0.75,Walking,True,3.9,0,0
1789903987178,141,209773,1,2256,-0.901,1,-0.75,Walking,True,3.9,0,0
1789903987178,141,209773,1,2256,-0.901,1,-0.75,Walking,True,3.9,0,0
1789903987178,141,209773,1,2256,-0.901,1,-0.75,Walking,True,3.9,0,0
1789903987194,142,211181,1,2272,-0.901,1,-0.75,Walking,True,3.9,0,0
1789903987194,142,211181,1,2272,-0.901,1,-0.75,Walking,True,3.9,0,0
1789903987194,142,211181,1,2272,-0.901,1,-0.75,Walking,True,3.9,0,0
1789903987194,142,211181,1,2272,-0.901,1,-0.75,Walking,True,3.9,0,0
1789903987194,142,211181,1,2272,-0.901,1,-0.75,Walking,True,3.9,0,0
1789903987194,142,211181,1,2272,-0.901,1,-0.75,Walking,True,3.9,0,0
1789903987194,142,211181,1,2272,-0.901,1,-0.75,Walking,True,3.9,0,0
1789903987194,142,211181,1,2272,-0.901,1,-0.75,Walking,True,3.9,0,0
1789903987209,143,212680,1,2288,-0.901,1,-0.75,Walking,True,3.9,0,0
1789903987209,143,212680,1,2288,-0.901,1,-0.75,Walking,True,3.9,0,0
1789903987209,143,212680,1,2288,-0.901,1,-0.75,Walking,True,3.9,0,0
1789903987209,143,212680,1,2288,-0.901,1,-0.75,Walking,True,3.9,0,0
1789903987209,143,212680,1,2288,-0.901,1,-0.75,Walking,True,3.9,0,0
1789903987209,143,212680,1,2288,-0.901,1,-0.75,Walking,True,3.9,0,0
1789903987209,143,212680,1,2288,-0.901,1,-0.75,Walking,True,3.9,0,0
1789903987209,143,212680,1,2288,-0.901,1,-0.75,Walking,True,3.9,0,0
1789903987225,144,214187,1,2304,-0.901,1,-0.75,Walking,True,3.9,0,0
1789903987225,144,214187,1,2304,-0.901,1,-0.75,Walking,True,3.9,0,0
1789903987225,144,214187,1,2304,-0.901,1,-0.75,Walking,True,3.9,0,0
1789903987225,144,214187,1,2304,-0.901,1,-0.75,Walking,True,3.9,0,0
1789903987225,144,214187,1,2304,-0.901,1,-0.75,Walking,True,3.9,0,0
1789903987225,144,214187,1,2304,-0.901,1,-0.75,Walking,True,3.9,0,0
1789903987225,144,214187,1,2304,-0.901,1,-0.75,Walking,True,3.9,0,0
1789903987225,144,214187,1,2304,-0.901,1,-0.75,Walking,True,3.9,0,0
1789903987240,145,215536,1,2320,-0.901,1,-0.75,Walking,True,3.9,0,0
1789903987240,145,215536,1,2320,-0.901,1,-0.75,Walking,True,3.9,0,0
1789903987240,145,215536,1,2320,-0.901,1,-0.75,Walking,True,3.9,0,0
1789903987240,145,215536,1,2320,-0.901,1,-0.75,Walking,True,3.9,0,0
1789903987240,145,215536,1,2320,-0.901,1,-0.75,Walking,True,3.9,0,0
1789903987240,145,215536,1,2320,-0.901,1,-0.75,Walking,True,3.9,0,0
1789903987240,145,215536,1,2320,-0.901,1,-0.75,Walking,True,3.9,0,0
1789903987240,145,215536,1,2320,-0.901,1,-0.75,Walking,True,3.9,0,0
1789903987256,146,216959,1,2336,-0.901,1,-0.75,Walking,True,3.9,0,0
1789903987256,146,216959,1,2336,-0.901,1,-0.75,Walking,True,3.9,0,0
1789903987256,146,216959,1,2336,-0.901,1,-0.75,Walking,True,3.9,0,0
1789903987256,146,216959,1,2336,-0.901,1,-0.75,Walking,True,3.9,0,0
1789903987256,146,216959,1,2336,-0.901,1,-0.75,Walking,True,3.9,0,0
1789903987256,146,216959,1,2336,-0.901,1,-0.75,Walking,True,3.9,0,0
1789903987256,146,216959,1,2336,-0.901,1,-0.75,Walking,True,3.9,0,0
1789903987256,146,216959,1,2336,-0.901,1,-0.75,Walking,True,3.9,0,0
1789903987271,147,218439,1,2352,-0.901,1,-0.75,Walking,True,3.9,0,0
1789903987271,147,218439,1,2352,-0.901,1,-0.75,Walking,True,3.9,0,0
1789903987271,147,218439,1,2352,-0.901,1,-0.75,Walking,True,3.9,0,0
1789903987271,147,218439,1,2352,-0.901,1,-0.75,Walking,True,3.9,0,0
1789903987271,147,218439,1,2352,-0.901,1,-0.75,Walking,True,3.9,0,0
1789903987271,147,218439,1,2352,-0.901,1,-0.75,Walking,True,3.9,0,0
1789903987271,147,218439,1,2352,-0.901,1,-0.75,Walking,True,3.9,0,0
1789903987271,147,218439,1,2352,-0.901,1,-0.75,Walking,True,3.9,0,0
1789903987287,148,219983,1,2368,-0.901,1,-0.75,Walking,True,3.9,0,0
1789903987287,148,219983,1,2368,-0.901,1,-0.75,Walking,True,3.9,0,0
1789903987287,148,219983,1,2368,-0.901,1,-0.75,Walking,True,3.9,0,0
1789903987287,148,219983,1,2368,-0.901,1,-0.75,Walking,True,3.9,0,0
1789903987287,148,219983,1,2368,-0.901,1,-0.75,Walking,True,3.9,0,0
1789903987287,148,219983,1,2368,-0.901,1,-0.75,Walking,True,3.9,0,0
1789903987287,148,219983,1,2368,-0.901,1,-0.75,Walking,True,3.9,0,0
1789903987287,148,219983,1,2368,-0.901,1,-0.75,Walking,True,3.9,0,0
1789903987303,149,221373,1,2384,-0.901,1,-0.75,Walking,True,3.9,0,0
1789903987303,149,221373,1,2384,-0.901,1,-0.75,Walking,True,3.9,0,0
1789903987303,149,221373,1,2384,-0.901,1,-0.75,Walking,True,3.9,0,0
1789903987303,149,221373,1,2384,-0.901,1,-0.75,Walking,True,3.9,0,0
1789903987303,149,221373,1,2384,-0.901,1,-0.75,Walking,True,3.9,0,0
1789903987303,149,221373,1,2384,-0.901,1,-0.75,Walking,True,3.9,0,0
1789903987303,149,221373,1,2384,-0.901,1,-0.75,Walking,True,3.9,0,0
1789903987303,149,221373,1,2384,-0.901,1,-0.75,Walking,True,3.9,0,0
1789903987319,150,222945,1,2400,-0.901,1,-0.75,Walking,True,3.9,0,0
1789903987319,150,222945,1,2400,-0.901,1,-0.75,Walking,True,3.9,0,0
1789903987319,150,222945,1,2400,-0.901,1,-0.75,Walking,True,3.9,0,0
1789903987319,150,222945,1,2400,-0.901,1,-0.75,Walking,True,3.9,0,0
1789903987319,150,222945,1,2400,-0.901,1,-0.75,Walking,True,3.9,0,0
1789903987319,150,222945,1,2400,-0.901,1,-0.75,Walking,True,3.9,0,0
1789903987319,150,222945,1,2400,-0.901,1,-0.75,Walking,True,3.9,0,0
1789903987319,150,222945,1,2400,-0.901,1,-0.75,Walking,True,3.9,0,0
1789903987349,151,224485,1,2416,-0.901,1,-0.75,Walking,True,3.58,0,0
1789903987349,151,224485,1,2416,-0.901,1,-0.75,Walking,True,3.58,0,0
1789903987349,151,224485,1,2416,-0.901,1,-0.75,Walking,True,3.58,0,0
1789903987349,151,224485,1,2416,-0.901,1,-0.75,Walking,True,3.58,0,0
1789903987349,151,224485,1,2416,-0.901,1,-0.75,Walking,True,3.58,0,0
1789903987349,151,224485,1,2416,-0.901,1,-0.75,Walking,True,3.58,0,0
1789903987349,151,224485,1,2416,-0.901,1,-0.75,Walking,True,3.58,0,0
1789903987349,151,224485,1,2416,-0.901,1,-0.75,Walking,True,3.58,0,0
1789903987365,152,227315,1,2432,-0.901,1,-0.75,Walking,True,3.26,0,0
1789903987365,152,227315,1,2432,-0.901,1,-0.75,Walking,True,3.26,0,0
1789903987365,152,227315,1,2432,-0.901,1,-0.75,Walking,True,3.26,0,0
1789903987365,152,227315,1,2432,-0.901,1,-0.75,Walking,True,3.26,0,0
1789903987365,152,227315,1,2432,-0.901,1,-0.75,Walking,True,3.26,0,0
1789903987365,152,227315,1,2432,-0.901,1,-0.75,Walking,True,3.26,0,0
1789903987365,152,227315,1,2432,-0.901,1,-0.75,Walking,True,3.26,0,0
1789903987365,152,227315,1,2432,-0.901,1,-0.75,Walking,True,3.26,0,0
1789903987380,153,228721,1,2448,-0.901,1,-0.75,Walking,True,2.94,0,0
1789903987380,153,228721,1,2448,-0.901,1,-0.75,Walking,True,2.94,0,0
1789903987380,153,228721,1,2448,-0.901,1,-0.75,Walking,True,2.94,0,0
1789903987380,153,228721,1,2448,-0.901,1,-0.75,Walking,True,2.94,0,0
1789903987380,153,228721,1,2448,-0.901,1,-0.75,Walking,True,2.94,0,0
1789903987380,153,228721,1,2448,-0.901,1,-0.75,Walking,True,2.94,0,0
1789903987380,153,228721,1,2448,-0.901,1,-0.75,Walking,True,2.94,0,0
1789903987380,153,228721,1,2448,-0.901,1,-0.75,Walking,True,2.94,0,0
1789903987396,154,230078,1,2464,-0.901,1,-0.75,Walking,True,2.62,0,0
1789903987396,154,230078,1,2464,-0.901,1,-0.75,Walking,True,2.62,0,0
1789903987396,154,230078,1,2464,-0.901,1,-0.75,Walking,True,2.62,0,0
1789903987396,154,230078,1,2464,-0.901,1,-0.75,Walking,True,2.62,0,0
1789903987396,154,230078,1,2464,-0.901,1,-0.75,Walking,True,2.62,0,0
1789903987396,154,230078,1,2464,-0.901,1,-0.75,Walking,True,2.62,0,0
1789903987396,154,230078,1,2464,-0.901,1,-0.75,Walking,True,2.62,0,0
1789903987396,154,230078,1,2464,-0.901,1,-0.75,Walking,True,2.62,0,0
1789903987411,155,231449,1,2480,-0.901,1,-0.75,Walking,True,2.3,0,0
1789903987411,155,231449,1,2480,-0.901,1,-0.75,Walking,True,2.3,0,0
1789903987411,155,231449,1,2480,-0.901,1,-0.75,Walking,True,2.3,0,0
1789903987411,155,231449,1,2480,-0.901,1,-0.75,Walking,True,2.3,0,0
1789903987411,155,231449,1,2480,-0.901,1,-0.75,Walking,True,2.3,0,0
1789903987411,155,231449,1,2480,-0.901,1,-0.75,Walking,True,2.3,0,0
1789903987411,155,231449,1,2480,-0.901,1,-0.75,Walking,True,2.3,0,0
1789903987411,155,231449,1,2480,-0.901,1,-0.75,Walking,True,2.3,0,0
1789903987426,156,232859,1,2496,-0.901,1,-0.75,Walking,True,1.98,0,0
1789903987426,156,232859,1,2496,-0.901,1,-0.75,Walking,True,1.98,0,0
1789903987426,156,232859,1,2496,-0.901,1,-0.75,Walking,True,1.98,0,0
1789903987426,156,232859,1,2496,-0.901,1,-0.75,Walking,True,1.98,0,0
1789903987426,156,232859,1,2496,-0.901,1,-0.75,Walking,True,1.98,0,0
1789903987426,156,232859,1,2496,-0.901,1,-0.75,Walking,True,1.98,0,0
1789903987426,156,232859,1,2496,-0.901,1,-0.75,Walking,True,1.98,0,0
1789903987426,156,232859,1,2496,-0.901,1,-0.75,Walking,True,1.98,0,0
1789903987442,157,234238,1,2512,-0.901,1,-0.75,Walking,True,1.66,0,0
1789903987442,157,234238,1,2512,-0.901,1,-0.75,Walking,True,1.66,0,0
1789903987442,157,234238,1,2512,-0.901,1,-0.75,Walking,True,1.66,0,0
1789903987442,157,234238,1,2512,-0.901,1,-0.75,Walking,True,1.66,0,0
1789903987442,157,234238,1,2512,-0.901,1,-0.75,Walking,True,1.66,0,0
1789903987442,157,234238,1,2512,-0.901,1,-0.75,Walking,True,1.66,0,0
1789903987442,157,234238,1,2512,-0.901,1,-0.75,Walking,True,1.66,0,0
1789903987442,157,234238,1,2512,-0.901,1,-0.75,Walking,True,1.66,0,0
1789903987458,158,235678,1,2528,-0.901,1,-0.75,Walking,True,1.34,0,0
1789903987458,158,235678,1,2528,-0.901,1,-0.75,Walking,True,1.34,0,0
1789903987458,158,235678,1,2528,-0.901,1,-0.75,Walking,True,1.34,0,0
1789903987458,158,235678,1,2528,-0.901,1,-0.75,Walking,True,1.34,0,0
1789903987458,158,235678,1,2528,-0.901,1,-0.75,Walking,True,1.34,0,0
1789903987458,158,235678,1,2528,-0.901,1,-0.75,Walking,True,1.34,0,0
1789903987458,158,235678,1,2528,-0.901,1,-0.75,Walking,True,1.34,0,0
1789903987458,158,235678,1,2528,-0.901,1,-0.75,Walking,True,1.34,0,0
1789903987474,159,237215,1,2544,-0.901,1,-0.75,Walking,True,1.02,0,0
1789903987474,159,237215,1,2544,-0.901,1,-0.75,Walking,True,1.02,0,0
1789903987474,159,237215,1,2544,-0.901,1,-0.75,Walking,True,1.02,0,0
1789903987474,159,237215,1,2544,-0.901,1,-0.75,Walking,True,1.02,0,0
1789903987474,159,237215,1,2544,-0.901,1,-0.75,Walking,True,1.02,0,0
1789903987474,159,237215,1,2544,-0.901,1,-0.75,Walking,True,1.02,0,0
1789903987474,159,237215,1,2544,-0.901,1,-0.75,Walking,True,1.02,0,0
1789903987474,159,237215,1,2544,-0.901,1,-0.75,Walking,True,1.02,0,0
1789903987490,160,238713,1,2560,-0.901,1,-0.75,Walking,True,0.7,0,0
1789903987490,160,238713,1,2560,-0.901,1,-0.75,Walking,True,0.7,0,0
1789903987490,160,238713,1,2560,-0.901,1,-0.75,Walking,True,0.7,0,0
1789903987490,160,238713,1,2560,-0.901,1,-0.75,Walking,True,0.7,0,0
1789903987490,160,238713,1,2560,-0.901,1,-0.75,Walking,True,0.7,0,0
1789903987490,160,238713,1,2560,-0.901,1,-0.75,Walking,True,0.7,0,0
1789903987490,160,238713,1,2560,-0.901,1,-0.75,Walking,True,0.7,0,0
1789903987490,160,238713,1,2560,-0.901,1,-0.75,Walking,True,0.7,0,0
1789903987505,161,240173,1,2576,-0.901,1,-0.75,Walking,True,0.38,0,0
1789903987505,161,240173,1,2576,-0.901,1,-0.75,Walking,True,0.38,0,0
1789903987505,161,240173,1,2576,-0.901,1,-0.75,Walking,True,0.38,0,0
1789903987505,161,240173,1,2576,-0.901,1,-0.75,Walking,True,0.38,0,0
1789903987505,161,240173,1,2576,-0.901,1,-0.75,Walking,True,0.38,0,0
1789903987505,161,240173,1,2576,-0.901,1,-0.75,Walking,True,0.38,0,0
1789903987505,161,240173,1,2576,-0.901,1,-0.75,Walking,True,0.38,0,0
1789903987505,161,240173,1,2576,-0.901,1,-0.75,Walking,True,0.38,0,0
1789903987520,162,241574,1,2592,-0.901,1,-0.75,Walking,True,0.06,0,0
1789903987520,162,241574,1,2592,-0.901,1,-0.75,Walking,True,0.06,0,0
1789903987520,162,241574,1,2592,-0.901,1,-0.75,Walking,True,0.06,0,0
1789903987520,162,241574,1,2592,-0.901,1,-0.75,Walking,True,0.06,0,0
1789903987520,162,241574,1,2592,-0.901,1,-0.75,Walking,True,0.06,0,0
1789903987520,162,241574,1,2592,-0.901,1,-0.75,Walking,True,0.06,0,0
1789903987520,162,241574,1,2592,-0.901,1,-0.75,Walking,True,0.06,0,0
1789903987520,162,241574,1,2592,-0.901,1,-0.75,Walking,True,0.06,0,0
1789903987536,163,243019,1,2608,-0.901,1,-0.75,Walking,True,0,0,0
1789903987536,163,243019,1,2608,-0.901,1,-0.75,Walking,True,0,0,0
1789903987536,163,243019,1,2608,-0.901,1,-0.75,Walking,True,0,0,0
1789903987536,163,243019,1,2608,-0.901,1,-0.75,Walking,True,0,0,0
1789903987536,163,243019,1,2608,-0.901,1,-0.75,Walking,True,0,0,0
1789903987536,163,243019,1,2608,-0.901,1,-0.75,Walking,True,0,0,0
1789903987536,163,243019,1,2608,-0.901,1,-0.75,Walking,True,0,0,0
1789903987536,163,243019,1,2608,-0.901,1,-0.75,Walking,True,0,0,0
1789903987552,164,244454,1,2624,-0.901,1,-0.75,Walking,True,0,0,0
1789903987552,164,244454,1,2624,-0.901,1,-0.75,Walking,True,0,0,0
1789903987552,164,244454,1,2624,-0.901,1,-0.75,Walking,True,0,0,0
1789903987552,164,244454,1,2624,-0.901,1,-0.75,Walking,True,0,0,0
1789903987552,164,244454,1,2624,-0.901,1,-0.75,Walking,True,0,0,0
1789903987552,164,244454,1,2624,-0.901,1,-0.75,Walking,True,0,0,0
1789903987552,164,244454,1,2624,-0.901,1,-0.75,Walking,True,0,0,0
1789903987552,164,244454,1,2624,-0.901,1,-0.75,Walking,True,0,0,0
1789903987567,165,245860,1,2640,-0.901,1,-0.75,Walking,True,0,0,0
1789903987567,165,245860,1,2640,-0.901,1,-0.75,Walking,True,0,0,0
1789903987567,165,245860,1,2640,-0.901,1,-0.75,Walking,True,0,0,0
1789903987567,165,245860,1,2640,-0.901,1,-0.75,Walking,True,0,0,0
1789903987567,165,245860,1,2640,-0.901,1,-0.75,Walking,True,0,0,0
1789903987567,165,245860,1,2640,-0.901,1,-0.75,Walking,True,0,0,0
1789903987567,165,245860,1,2640,-0.901,1,-0.75,Walking,True,0,0,0
1789903987567,165,245860,1,2640,-0.901,1,-0.75,Walking,True,0,0,0
1789903987583,166,247308,1,2656,-0.901,1,-0.75,Walking,True,0,0,0
1789903987583,166,247308,1,2656,-0.901,1,-0.75,Walking,True,0,0,0
1789903987583,166,247308,1,2656,-0.901,1,-0.75,Walking,True,0,0,0
1789903987583,166,247308,1,2656,-0.901,1,-0.75,Walking,True,0,0,0
1789903987583,166,247308,1,2656,-0.901,1,-0.75,Walking,True,0,0,0
1789903987583,166,247308,1,2656,-0.901,1,-0.75,Walking,True,0,0,0
1789903987583,166,247308,1,2656,-0.901,1,-0.75,Walking,True,0,0,0
1789903987583,166,247308,1,2656,-0.901,1,-0.75,Walking,True,0,0,0
1789903987599,167,248768,1,2672,-0.901,1,-0.75,Walking,True,0,0,0
1789903987599,167,248768,1,2672,-0.901,1,-0.75,Walking,True,0,0,0
1789903987599,167,248768,1,2672,-0.901,1,-0.75,Walking,True,0,0,0
1789903987599,167,248768,1,2672,-0.901,1,-0.75,Walking,True,0,0,0
1789903987599,167,248768,1,2672,-0.901,1,-0.75,Walking,True,0,0,0
1789903987599,167,248768,1,2672,-0.901,1,-0.75,Walking,True,0,0,0
1789903987599,167,248768,1,2672,-0.901,1,-0.75,Walking,True,0,0,0
1789903987599,167,248768,1,2672,-0.901,1,-0.75,Walking,True,0,0,0
1789903987614,168,250138,1,2688,-0.901,1,-0.75,Walking,True,0,0,0
1789903987614,168,250138,1,2688,-0.901,1,-0.75,Walking,True,0,0,0
1789903987614,168,250138,1,2688,-0.901,1,-0.75,Walking,True,0,0,0
1789903987614,168,250138,1,2688,-0.901,1,-0.75,Walking,True,0,0,0
1789903987614,168,250138,1,2688,-0.901,1,-0.75,Walking,True,0,0,0
1789903987614,168,250138,1,2688,-0.901,1,-0.75,Walking,True,0,0,0
1789903987614,168,250138,1,2688,-0.901,1,-0.75,Walking,True,0,0,0
1789903987614,168,250138,1,2688,-0.901,1,-0.75,Walking,True,0,0,0
1789903987630,169,251494,1,2704,-0.901,1,-0.75,Walking,True,0,0,0
1789903987630,169,251494,1,2704,-0.901,1,-0.75,Walking,True,0,0,0
1789903987630,169,251494,1,2704,-0.901,1,-0.75,Walking,True,0,0,0
1789903987630,169,251494,1,2704,-0.901,1,-0.75,Walking,True,0,0,0
1789903987630,169,251494,1,2704,-0.901,1,-0.75,Walking,True,0,0,0
1789903987630,169,251494,1,2704,-0.901,1,-0.75,Walking,True,0,0,0
1789903987630,169,251494,1,2704,-0.901,1,-0.75,Walking,True,0,0,0
1789903987630,169,251494,1,2704,-0.901,1,-0.75,Walking,True,0,0,0
1789903987646,170,252982,1,2720,-0.901,1,-0.75,Walking,True,0,0,0
1789903987646,170,252982,1,2720,-0.901,1,-0.75,Walking,True,0,0,0
1789903987646,170,252982,1,2720,-0.901,1,-0.75,Walking,True,0,0,0
1789903987646,170,252982,1,2720,-0.901,1,-0.75,Walking,True,0,0,0
1789903987646,170,252982,1,2720,-0.901,1,-0.75,Walking,True,0,0,0
1789903987646,170,252982,1,2720,-0.901,1,-0.75,Walking,True,0,0,0
1789903987646,170,252982,1,2720,-0.901,1,-0.75,Walking,True,0,0,0
1789903987646,170,252982,1,2720,-0.901,1,-0.75,Walking,True,0,0,0
1789903987662,171,254535,1,2736,-0.901,1,-0.75,Walking,True,0,0,0
1789903987662,171,254535,1,2736,-0.901,1,-0.75,Walking,True,0,0,0
1789903987662,171,254535,1,2736,-0.901,1,-0.75,Walking,True,0,0,0
1789903987662,171,254535,1,2736,-0.901,1,-0.75,Walking,True,0,0,0
1789903987662,171,254535,1,2736,-0.901,1,-0.75,Walking,True,0,0,0
1789903987662,171,254535,1,2736,-0.901,1,-0.75,Walking,True,0,0,0
1789903987662,171,254535,1,2736,-0.901,1,-0.75,Walking,True,0,0,0
1789903987662,171,254535,1,2736,-0.901,1,-0.75,Walking,True,0,0,0
1789903987678,172,256081,1,2752,-0.901,1,-0.75,Walking,True,0,0,0
1789903987678,172,256081,1,2752,-0.901,1,-0.75,Walking,True,0,0,0
1789903987678,172,256081,1,2752,-0.901,1,-0.75,Walking,True,0,0,0
1789903987678,172,256081,1,2752,-0.901,1,-0.75,Walking,True,0,0,0
1789903987678,172,256081,1,2752,-0.901,1,-0.75,Walking,True,0,0,0
1789903987678,172,256081,1,2752,-0.901,1,-0.75,Walking,True,0,0,0
1789903987678,172,256081,1,2752,-0.901,1,-0.75,Walking,True,0,0,0
1789903987678,172,256081,1,2752,-0.901,1,-0.75,Walking,True,0,0,0
1789903987694,173,257570,1,2768,-0.901,1,-0.75,Walking,True,0,0,0
1789903987694,173,257570,1,2768,-0.901,1,-0.75,Walking,True,0,0,0
1789903987694,173,257570,1,2768,-0.901,1,-0.75,Walking,True,0,0,0
1789903987694,173,257570,1,2768,-0.901,1,-0.75,Walking,True,0,0,0
1789903987694,173,257570,1,2768,-0.901,1,-0.75,Walking,True,0,0,0
1789903987694,173,257570,1,2768,-0.901,1,-0.75,Walking,True,0,0,0
1789903987694,173,257570,1,2768,-0.901,1,-0.75,Walking,True,0,0,0
1789903987694,173,257570,1,2768,-0.901,1,-0.75,Walking,True,0,0,0
1789903987710,174,258972,1,2784,-0.901,1,-0.75,Walking,True,0,0,0
1789903987710,174,258972,1,2784,-0.901,1,-0.75,Walking,True,0,0,0
1789903987710,174,258972,1,2784,-0.901,1,-0.75,Walking,True,0,0,0
1789903987710,174,258972,1,2784,-0.901,1,-0.75,Walking,True,0,0,0
1789903987710,174,258972,1,2784,-0.901,1,-0.75,Walking,True,0,0,0
1789903987710,174,258972,1,2784,-0.901,1,-0.75,Walking,True,0,0,0
1789903987710,174,258972,1,2784,-0.901,1,-0.75,Walking,True,0,0,0
1789903987710,174,258972,1,2784,-0.901,1,-0.75,Walking,True,0,0,0
1789903987725,175,260494,1,2800,-0.901,1,-0.75,Walking,True,0,0,0
1789903987725,175,260494,1,2800,-0.901,1,-0.75,Walking,True,0,0,0
1789903987725,175,260494,1,2800,-0.901,1,-0.75,Walking,True,0,0,0
1789903987725,175,260494,1,2800,-0.901,1,-0.75,Walking,True,0,0,0
1789903987725,175,260494,1,2800,-0.901,1,-0.75,Walking,True,0,0,0
1789903987725,175,260494,1,2800,-0.901,1,-0.75,Walking,True,0,0,0
1789903987725,175,260494,1,2800,-0.901,1,-0.75,Walking,True,0,0,0
1789903987725,175,260494,1,2800,-0.901,1,-0.75,Walking,True,0,0,0
1789903987741,176,261892,1,2816,-0.901,1,-0.75,Walking,True,0,0,0
1789903987741,176,261892,1,2816,-0.901,1,-0.75,Walking,True,0,0,0
1789903987741,176,261892,1,2816,-0.901,1,-0.75,Walking,True,0,0,0
1789903987741,176,261892,1,2816,-0.901,1,-0.75,Walking,True,0,0,0
1789903987741,176,261892,1,2816,-0.901,1,-0.75,Walking,True,0,0,0
1789903987741,176,261892,1,2816,-0.901,1,-0.75,Walking,True,0,0,0
1789903987741,176,261892,1,2816,-0.901,1,-0.75,Walking,True,0,0,0
1789903987741,176,261892,1,2816,-0.901,1,-0.75,Walking,True,0,0,0
1789903987756,177,263272,1,2832,-0.901,1,-0.75,Walking,True,0,0,0
1789903987756,177,263272,1,2832,-0.901,1,-0.75,Walking,True,0,0,0
1789903987756,177,263272,1,2832,-0.901,1,-0.75,Walking,True,0,0,0
1789903987756,177,263272,1,2832,-0.901,1,-0.75,Walking,True,0,0,0
1789903987756,177,263272,1,2832,-0.901,1,-0.75,Walking,True,0,0,0
1789903987756,177,263272,1,2832,-0.901,1,-0.75,Walking,True,0,0,0
1789903987756,177,263272,1,2832,-0.901,1,-0.75,Walking,True,0,0,0
1789903987756,177,263272,1,2832,-0.901,1,-0.75,Walking,True,0,0,0
1789903987772,178,264740,1,2848,-0.901,1,-0.75,Walking,True,0,0,0
1789903987772,178,264740,1,2848,-0.901,1,-0.75,Walking,True,0,0,0
1789903987772,178,264740,1,2848,-0.901,1,-0.75,Walking,True,0,0,0
1789903987772,178,264740,1,2848,-0.901,1,-0.75,Walking,True,0,0,0
1789903987772,178,264740,1,2848,-0.901,1,-0.75,Walking,True,0,0,0
1789903987772,178,264740,1,2848,-0.901,1,-0.75,Walking,True,0,0,0
1789903987772,178,264740,1,2848,-0.901,1,-0.75,Walking,True,0,0,0
1789903987772,178,264740,1,2848,-0.901,1,-0.75,Walking,True,0,0,0
1789903987788,179,266200,1,2864,-0.901,1,-0.75,Walking,True,0,0,0
1789903987788,179,266200,1,2864,-0.901,1,-0.75,Walking,True,0,0,0
1789903987788,179,266200,1,2864,-0.901,1,-0.75,Walking,True,0,0,0
1789903987788,179,266200,1,2864,-0.901,1,-0.75,Walking,True,0,0,0
1789903987788,179,266200,1,2864,-0.901,1,-0.75,Walking,True,0,0,0
1789903987788,179,266200,1,2864,-0.901,1,-0.75,Walking,True,0,0,0
1789903987788,179,266200,1,2864,-0.901,1,-0.75,Walking,True,0,0,0
1789903987788,179,266200,1,2864,-0.901,1,-0.75,Walking,True,0,0,0
1789903987804,180,267585,1,2880,-0.901,1,-0.75,Walking,True,0,0,0
1789903987804,180,267585,1,2880,-0.901,1,-0.75,Walking,True,0,0,0
1789903987804,180,267585,1,2880,-0.901,1,-0.75,Walking,True,0,0,0
1789903987804,180,267585,1,2880,-0.901,1,-0.75,Walking,True,0,0,0
1789903987804,180,267585,1,2880,-0.901,1,-0.75,Walking,True,0,0,0
1789903987804,180,267585,1,2880,-0.901,1,-0.75,Walking,True,0,0,0
1789903987804,180,267585,1,2880,-0.901,1,-0.75,Walking,True,0,0,0
1789903987804,180,267585,1,2880,-0.901,1,-0.75,Walking,True,0,0,0
1789903987819,181,269115,1,2896,-0.901,1,-0.75,Walking,True,0,0,0
1789903987819,181,269115,1,2896,-0.901,1,-0.75,Walking,True,0,0,0
1789903987819,181,269115,1,2896,-0.901,1,-0.75,Walking,True,0,0,0
1789903987819,181,269115,1,2896,-0.901,1,-0.75,Walking,True,0,0,0
1789903987819,181,269115,1,2896,-0.901,1,-0.75,Walking,True,0,0,0
1789903987819,181,269115,1,2896,-0.901,1,-0.75,Walking,True,0,0,0
1789903987819,181,269115,1,2896,-0.901,1,-0.75,Walking,True,0,0,0
1789903987819,181,269115,1,2896,-0.901,1,-0.75,Walking,True,0,0,0
1789903988066,182,300946,1,2912,-0.90612,1,-0.75,Walking,True,-0.32,0,0
1789903988066,182,300946,1,2912,-0.90612,1,-0.75,Walking,True,-0.32,0,0
1789903988066,182,300946,1,2912,-0.90612,1,-0.75,Walking,True,-0.32,0,0
1789903988066,182,300946,1,2912,-0.90612,1,-0.75,Walking,True,-0.32,0,0
1789903988066,182,300946,1,2912,-0.90612,1,-0.75,Walking,True,-0.32,0,0
1789903988066,182,300946,1,2912,-0.90612,1,-0.75,Walking,True,-0.32,0,0
1789903988066,182,300946,1,2912,-0.90612,1,-0.75,Walking,True,-0.32,0,0
1789903988066,182,300946,1,2912,-0.90612,1,-0.75,Walking,True,-0.32,0,0
1789903988083,183,303693,1,2928,-0.91636,1,-0.75,Walking,True,-0.64,0,0
1789903988083,183,303693,1,2928,-0.91636,1,-0.75,Walking,True,-0.64,0,0
1789903988083,183,303693,1,2928,-0.91636,1,-0.75,Walking,True,-0.64,0,0
1789903988083,183,303693,1,2928,-0.91636,1,-0.75,Walking,True,-0.64,0,0
1789903988083,183,303693,1,2928,-0.91636,1,-0.75,Walking,True,-0.64,0,0
1789903988083,183,303693,1,2928,-0.91636,1,-0.75,Walking,True,-0.64,0,0
1789903988083,183,303693,1,2928,-0.91636,1,-0.75,Walking,True,-0.64,0,0
1789903988083,183,303693,1,2928,-0.91636,1,-0.75,Walking,True,-0.64,0,0
1789903988098,184,305346,1,2944,-0.93172,1,-0.75,Walking,True,-0.96,0,0
1789903988098,184,305346,1,2944,-0.93172,1,-0.75,Walking,True,-0.96,0,0
1789903988098,184,305346,1,2944,-0.93172,1,-0.75,Walking,True,-0.96,0,0
1789903988098,184,305346,1,2944,-0.93172,1,-0.75,Walking,True,-0.96,0,0
1789903988098,184,305346,1,2944,-0.93172,1,-0.75,Walking,True,-0.96,0,0
1789903988098,184,305346,1,2944,-0.93172,1,-0.75,Walking,True,-0.96,0,0
1789903988098,184,305346,1,2944,-0.93172,1,-0.75,Walking,True,-0.96,0,0
1789903988098,184,305346,1,2944,-0.93172,1,-0.75,Walking,True,-0.96,0,0
1789903988114,185,306749,1,2960,-0.9522,1,-0.75,Walking,True,-1.28,0,0
1789903988114,185,306749,1,2960,-0.9522,1,-0.75,Walking,True,-1.28,0,0
1789903988114,185,306749,1,2960,-0.9522,1,-0.75,Walking,True,-1.28,0,0
1789903988114,185,306749,1,2960,-0.9522,1,-0.75,Walking,True,-1.28,0,0
1789903988114,185,306749,1,2960,-0.9522,1,-0.75,Walking,True,-1.28,0,0
1789903988114,185,306749,1,2960,-0.9522,1,-0.75,Walking,True,-1.28,0,0
1789903988114,185,306749,1,2960,-0.9522,1,-0.75,Walking,True,-1.28,0,0
1789903988114,185,306749,1,2960,-0.9522,1,-0.75,Walking,True,-1.28,0,0
1789903988129,186,308079,1,2976,-0.9778,1,-0.75,Walking,True,-1.6,0,0
1789903988129,186,308079,1,2976,-0.9778,1,-0.75,Walking,True,-1.6,0,0
1789903988129,186,308079,1,2976,-0.9778,1,-0.75,Walking,True,-1.6,0,0
1789903988129,186,308079,1,2976,-0.9778,1,-0.75,Walking,True,-1.6,0,0
1789903988129,186,308079,1,2976,-0.9778,1,-0.75,Walking,True,-1.6,0,0
1789903988129,186,308079,1,2976,-0.9778,1,-0.75,Walking,True,-1.6,0,0
1789903988129,186,308079,1,2976,-0.9778,1,-0.75,Walking,True,-1.6,0,0
1789903988129,186,308079,1,2976,-0.9778,1,-0.75,Walking,True,-1.6,0,0
1789903988144,187,309493,1,2992,-1.00852,1,-0.75,Walking,True,-1.92,0,0
1789903988144,187,309493,1,2992,-1.00852,1,-0.75,Walking,True,-1.92,0,0
1789903988144,187,309493,1,2992,-1.00852,1,-0.75,Walking,True,-1.92,0,0
1789903988144,187,309493,1,2992,-1.00852,1,-0.75,Walking,True,-1.92,0,0
1789903988144,187,309493,1,2992,-1.00852,1,-0.75,Walking,True,-1.92,0,0
1789903988144,187,309493,1,2992,-1.00852,1,-0.75,Walking,True,-1.92,0,0
1789903988144,187,309493,1,2992,-1.00852,1,-0.75,Walking,True,-1.92,0,0
1789903988144,187,309493,1,2992,-1.00852,1,-0.75,Walking,True,-1.92,0,0
1789903988159,188,310882,1,3008,-1.04436,1,-0.75,Walking,True,-2.24,0,0
1789903988159,188,310882,1,3008,-1.04436,1,-0.75,Walking,True,-2.24,0,0
1789903988159,188,310882,1,3008,-1.04436,1,-0.75,Walking,True,-2.24,0,0
1789903988159,188,310882,1,3008,-1.04436,1,-0.75,Walking,True,-2.24,0,0
1789903988159,188,310882,1,3008,-1.04436,1,-0.75,Walking,True,-2.24,0,0
1789903988159,188,310882,1,3008,-1.04436,1,-0.75,Walking,True,-2.24,0,0
1789903988159,188,310882,1,3008,-1.04436,1,-0.75,Walking,True,-2.24,0,0
1789903988159,188,310882,1,3008,-1.04436,1,-0.75,Walking,True,-2.24,0,0
1789903988175,189,312314,1,3024,-1.08532,1,-0.75,Walking,True,-2.56,0,0
1789903988175,189,312314,1,3024,-1.08532,1,-0.75,Walking,True,-2.56,0,0
1789903988175,189,312314,1,3024,-1.08532,1,-0.75,Walking,True,-2.56,0,0
1789903988175,189,312314,1,3024,-1.08532,1,-0.75,Walking,True,-2.56,0,0
1789903988175,189,312314,1,3024,-1.08532,1,-0.75,Walking,True,-2.56,0,0
1789903988175,189,312314,1,3024,-1.08532,1,-0.75,Walking,True,-2.56,0,0
1789903988175,189,312314,1,3024,-1.08532,1,-0.75,Walking,True,-2.56,0,0
1789903988175,189,312314,1,3024,-1.08532,1,-0.75,Walking,True,-2.56,0,0
1789903988191,190,313830,1,3040,-1.1314,1,-0.75,Walking,True,-2.88,0,0
1789903988191,190,313830,1,3040,-1.1314,1,-0.75,Walking,True,-2.88,0,0
1789903988191,190,313830,1,3040,-1.1314,1,-0.75,Walking,True,-2.88,0,0
1789903988191,190,313830,1,3040,-1.1314,1,-0.75,Walking,True,-2.88,0,0
1789903988191,190,313830,1,3040,-1.1314,1,-0.75,Walking,True,-2.88,0,0
1789903988191,190,313830,1,3040,-1.1314,1,-0.75,Walking,True,-2.88,0,0
1789903988191,190,313830,1,3040,-1.1314,1,-0.75,Walking,True,-2.88,0,0
1789903988191,190,313830,1,3040,-1.1314,1,-0.75,Walking,True,-2.88,0,0
1789903988207,191,315381,1,3056,-1.1826,1,-0.75,Walking,True,-3.2,0,0
1789903988207,191,315381,1,3056,-1.1826,1,-0.75,Walking,True,-3.2,0,0
1789903988207,191,315381,1,3056,-1.1826,1,-0.75,Walking,True,-3.2,0,0
1789903988207,191,315381,1,3056,-1.1826,1,-0.75,Walking,True,-3.2,0,0
1789903988207,191,315381,1,3056,-1.1826,1,-0.75,Walking,True,-3.2,0,0
1789903988207,191,315381,1,3056,-1.1826,1,-0.75,Walking,True,-3.2,0,0
1789903988207,191,315381,1,3056,-1.1826,1,-0.75,Walking,True,-3.2,0,0
1789903988207,191,315381,1,3056,-1.1826,1,-0.75,Walking,True,-3.2,0,0
1789903988222,192,316948,1,3072,-1.23892,1,-0.75,Walking,True,-3.52,0,0
1789903988222,192,316948,1,3072,-1.23892,1,-0.75,Walking,True,-3.52,0,0
1789903988222,192,316948,1,3072,-1.23892,1,-0.75,Walking,True,-3.52,0,0
1789903988222,192,316948,1,3072,-1.23892,1,-0.75,Walking,True,-3.52,0,0
1789903988222,192,316948,1,3072,-1.23892,1,-0.75,Walking,True,-3.52,0,0
1789903988222,192,316948,1,3072,-1.23892,1,-0.75,Walking,True,-3.52,0,0
1789903988222,192,316948,1,3072,-1.23892,1,-0.75,Walking,True,-3.52,0,0
1789903988222,192,316948,1,3072,-1.23892,1,-0.75,Walking,True,-3.52,0,0
1789903988237,193,318302,1,3088,-1.30036,1,-0.75,Walking,True,-3.84,0,0
1789903988237,193,318302,1,3088,-1.30036,1,-0.75,Walking,True,-3.84,0,0
1789903988237,193,318302,1,3088,-1.30036,1,-0.75,Walking,True,-3.84,0,0
1789903988237,193,318302,1,3088,-1.30036,1,-0.75,Walking,True,-3.84,0,0
1789903988237,193,318302,1,3088,-1.30036,1,-0.75,Walking,True,-3.84,0,0
1789903988237,193,318302,1,3088,-1.30036,1,-0.75,Walking,True,-3.84,0,0
1789903988237,193,318302,1,3088,-1.30036,1,-0.75,Walking,True,-3.84,0,0
1789903988237,193,318302,1,3088,-1.30036,1,-0.75,Walking,True,-3.84,0,0
1789903988253,194,319605,1,3104,-1.36276,1,-0.75,Walking,True,-3.9,0,0
1789903988253,194,319605,1,3104,-1.36276,1,-0.75,Walking,True,-3.9,0,0
1789903988253,194,319605,1,3104,-1.36276,1,-0.75,Walking,True,-3.9,0,0
1789903988253,194,319605,1,3104,-1.36276,1,-0.75,Walking,True,-3.9,0,0
1789903988253,194,319605,1,3104,-1.36276,1,-0.75,Walking,True,-3.9,0,0
1789903988253,194,319605,1,3104,-1.36276,1,-0.75,Walking,True,-3.9,0,0
1789903988253,194,319605,1,3104,-1.36276,1,-0.75,Walking,True,-3.9,0,0
1789903988253,194,319605,1,3104,-1.36276,1,-0.75,Walking,True,-3.9,0,0
1789903988269,195,320979,1,3120,-1.42516,1,-0.75,Walking,True,-3.9,0,0
1789903988269,195,320979,1,3120,-1.42516,1,-0.75,Walking,True,-3.9,0,0
1789903988269,195,320979,1,3120,-1.42516,1,-0.75,Walking,True,-3.9,0,0
1789903988269,195,320979,1,3120,-1.42516,1,-0.75,Walking,True,-3.9,0,0
1789903988269,195,320979,1,3120,-1.42516,1,-0.75,Walking,True,-3.9,0,0
1789903988269,195,320979,1,3120,-1.42516,1,-0.75,Walking,True,-3.9,0,0
1789903988269,195,320979,1,3120,-1.42516,1,-0.75,Walking,True,-3.9,0,0
1789903988269,195,320979,1,3120,-1.42516,1,-0.75,Walking,True,-3.9,0,0
1789903988284,196,322298,1,3136,-1.48756,1,-0.75,Walking,True,-3.9,0,0
1789903988284,196,322298,1,3136,-1.48756,1,-0.75,Walking,True,-3.9,0,0
1789903988284,196,322298,1,3136,-1.48756,1,-0.75,Walking,True,-3.9,0,0
1789903988284,196,322298,1,3136,-1.48756,1,-0.75,Walking,True,-3.9,0,0
1789903988284,196,322298,1,3136,-1.48756,1,-0.75,Walking,True,-3.9,0,0
1789903988284,196,322298,1,3136,-1.48756,1,-0.75,Walking,True,-3.9,0,0
1789903988284,196,322298,1,3136,-1.48756,1,-0.75,Walking,True,-3.9,0,0
1789903988284,196,322298,1,3136,-1.48756,1,-0.75,Walking,True,-3.9,0,0
1789903988299,197,323689,1,3152,-1.54996,1,-0.75,Walking,True,-3.9,0,0
1789903988299,197,323689,1,3152,-1.54996,1,-0.75,Walking,True,-3.9,0,0
1789903988299,197,323689,1,3152,-1.54996,1,-0.75,Walking,True,-3.9,0,0
1789903988299,197,323689,1,3152,-1.54996,1,-0.75,Walking,True,-3.9,0,0
1789903988299,197,323689,1,3152,-1.54996,1,-0.75,Walking,True,-3.9,0,0
1789903988299,197,323689,1,3152,-1.54996,1,-0.75,Walking,True,-3.9,0,0
1789903988299,197,323689,1,3152,-1.54996,1,-0.75,Walking,True,-3.9,0,0
1789903988299,197,323689,1,3152,-1.54996,1,-0.75,Walking,True,-3.9,0,0
1789903988315,198,325045,1,3168,-1.61236,1,-0.75,Walking,True,-3.9,0,0
1789903988315,198,325045,1,3168,-1.61236,1,-0.75,Walking,True,-3.9,0,0
1789903988315,198,325045,1,3168,-1.61236,1,-0.75,Walking,True,-3.9,0,0
1789903988315,198,325045,1,3168,-1.61236,1,-0.75,Walking,True,-3.9,0,0
1789903988315,198,325045,1,3168,-1.61236,1,-0.75,Walking,True,-3.9,0,0
1789903988315,198,325045,1,3168,-1.61236,1,-0.75,Walking,True,-3.9,0,0
1789903988315,198,325045,1,3168,-1.61236,1,-0.75,Walking,True,-3.9,0,0
1789903988315,198,325045,1,3168,-1.61236,1,-0.75,Walking,True,-3.9,0,0
1789903988330,199,326422,1,3184,-1.67476,1,-0.75,Walking,True,-3.9,0,0
1789903988330,199,326422,1,3184,-1.67476,1,-0.75,Walking,True,-3.9,0,0
1789903988330,199,326422,1,3184,-1.67476,1,-0.75,Walking,True,-3.9,0,0
1789903988330,199,326422,1,3184,-1.67476,1,-0.75,Walking,True,-3.9,0,0
1789903988330,199,326422,1,3184,-1.67476,1,-0.75,Walking,True,-3.9,0,0
1789903988330,199,326422,1,3184,-1.67476,1,-0.75,Walking,True,-3.9,0,0
1789903988330,199,326422,1,3184,-1.67476,1,-0.75,Walking,True,-3.9,0,0
1789903988330,199,326422,1,3184,-1.67476,1,-0.75,Walking,True,-3.9,0,0
1789903988346,200,327785,1,3200,-1.73716,1,-0.75,Walking,True,-3.9,0,0
1789903988346,200,327785,1,3200,-1.73716,1,-0.75,Walking,True,-3.9,0,0
1789903988346,200,327785,1,3200,-1.73716,1,-0.75,Walking,True,-3.9,0,0
1789903988346,200,327785,1,3200,-1.73716,1,-0.75,Walking,True,-3.9,0,0
1789903988346,200,327785,1,3200,-1.73716,1,-0.75,Walking,True,-3.9,0,0
1789903988346,200,327785,1,3200,-1.73716,1,-0.75,Walking,True,-3.9,0,0
1789903988346,200,327785,1,3200,-1.73716,1,-0.75,Walking,True,-3.9,0,0
1789903988346,200,327785,1,3200,-1.73716,1,-0.75,Walking,True,-3.9,0,0
1789903988361,201,329351,1,3216,-1.79956,1,-0.75,Walking,True,-3.9,0,0
1789903988361,201,329351,1,3216,-1.79956,1,-0.75,Walking,True,-3.9,0,0
1789903988361,201,329351,1,3216,-1.79956,1,-0.75,Walking,True,-3.9,0,0
1789903988361,201,329351,1,3216,-1.79956,1,-0.75,Walking,True,-3.9,0,0
1789903988361,201,329351,1,3216,-1.79956,1,-0.75,Walking,True,-3.9,0,0
1789903988361,201,329351,1,3216,-1.79956,1,-0.75,Walking,True,-3.9,0,0
1789903988361,201,329351,1,3216,-1.79956,1,-0.75,Walking,True,-3.9,0,0
1789903988361,201,329351,1,3216,-1.79956,1,-0.75,Walking,True,-3.9,0,0
1789903988376,202,330729,1,3232,-1.86196,1,-0.75,Walking,True,-3.9,0,0
1789903988376,202,330729,1,3232,-1.86196,1,-0.75,Walking,True,-3.9,0,0
1789903988376,202,330729,1,3232,-1.86196,1,-0.75,Walking,True,-3.9,0,0
1789903988376,202,330729,1,3232,-1.86196,1,-0.75,Walking,True,-3.9,0,0
1789903988376,202,330729,1,3232,-1.86196,1,-0.75,Walking,True,-3.9,0,0
1789903988376,202,330729,1,3232,-1.86196,1,-0.75,Walking,True,-3.9,0,0
1789903988376,202,330729,1,3232,-1.86196,1,-0.75,Walking,True,-3.9,0,0
1789903988376,202,330729,1,3232,-1.86196,1,-0.75,Walking,True,-3.9,0,0
1789903988392,203,332147,1,3248,-1.92436,1,-0.75,Walking,True,-3.9,0,0
1789903988392,203,332147,1,3248,-1.92436,1,-0.75,Walking,True,-3.9,0,0
1789903988392,203,332147,1,3248,-1.92436,1,-0.75,Walking,True,-3.9,0,0
1789903988392,203,332147,1,3248,-1.92436,1,-0.75,Walking,True,-3.9,0,0
1789903988392,203,332147,1,3248,-1.92436,1,-0.75,Walking,True,-3.9,0,0
1789903988392,203,332147,1,3248,-1.92436,1,-0.75,Walking,True,-3.9,0,0
1789903988392,203,332147,1,3248,-1.92436,1,-0.75,Walking,True,-3.9,0,0
1789903988392,203,332147,1,3248,-1.92436,1,-0.75,Walking,True,-3.9,0,0
1789903988407,204,333662,1,3264,-1.98676,1,-0.75,Walking,True,-3.9,0,0
1789903988407,204,333662,1,3264,-1.98676,1,-0.75,Walking,True,-3.9,0,0
1789903988407,204,333662,1,3264,-1.98676,1,-0.75,Walking,True,-3.9,0,0
1789903988407,204,333662,1,3264,-1.98676,1,-0.75,Walking,True,-3.9,0,0
1789903988407,204,333662,1,3264,-1.98676,1,-0.75,Walking,True,-3.9,0,0
1789903988407,204,333662,1,3264,-1.98676,1,-0.75,Walking,True,-3.9,0,0
1789903988407,204,333662,1,3264,-1.98676,1,-0.75,Walking,True,-3.9,0,0
1789903988407,204,333662,1,3264,-1.98676,1,-0.75,Walking,True,-3.9,0,0
1789903988422,205,335015,1,3280,-2.04916,1,-0.75,Walking,True,-3.9,0,0
1789903988422,205,335015,1,3280,-2.04916,1,-0.75,Walking,True,-3.9,0,0
1789903988422,205,335015,1,3280,-2.04916,1,-0.75,Walking,True,-3.9,0,0
1789903988422,205,335015,1,3280,-2.04916,1,-0.75,Walking,True,-3.9,0,0
1789903988422,205,335015,1,3280,-2.04916,1,-0.75,Walking,True,-3.9,0,0
1789903988422,205,335015,1,3280,-2.04916,1,-0.75,Walking,True,-3.9,0,0
1789903988422,205,335015,1,3280,-2.04916,1,-0.75,Walking,True,-3.9,0,0
1789903988422,205,335015,1,3280,-2.04916,1,-0.75,Walking,True,-3.9,0,0
1789903988437,206,336504,1,3296,-2.11156,1,-0.75,Walking,True,-3.9,0,0
1789903988437,206,336504,1,3296,-2.11156,1,-0.75,Walking,True,-3.9,0,0
1789903988437,206,336504,1,3296,-2.11156,1,-0.75,Walking,True,-3.9,0,0
1789903988437,206,336504,1,3296,-2.11156,1,-0.75,Walking,True,-3.9,0,0
1789903988437,206,336504,1,3296,-2.11156,1,-0.75,Walking,True,-3.9,0,0
1789903988437,206,336504,1,3296,-2.11156,1,-0.75,Walking,True,-3.9,0,0
1789903988437,206,336504,1,3296,-2.11156,1,-0.75,Walking,True,-3.9,0,0
1789903988437,206,336504,1,3296,-2.11156,1,-0.75,Walking,True,-3.9,0,0
1789903988453,207,337926,1,3312,-2.17396,1,-0.75,Walking,True,-3.9,0,0
1789903988453,207,337926,1,3312,-2.17396,1,-0.75,Walking,True,-3.9,0,0
1789903988453,207,337926,1,3312,-2.17396,1,-0.75,Walking,True,-3.9,0,0
1789903988453,207,337926,1,3312,-2.17396,1,-0.75,Walking,True,-3.9,0,0
1789903988453,207,337926,1,3312,-2.17396,1,-0.75,Walking,True,-3.9,0,0
1789903988453,207,337926,1,3312,-2.17396,1,-0.75,Walking,True,-3.9,0,0
1789903988453,207,337926,1,3312,-2.17396,1,-0.75,Walking,True,-3.9,0,0
1789903988453,207,337926,1,3312,-2.17396,1,-0.75,Walking,True,-3.9,0,0
1789903988483,208,339379,1,3328,-2.23636,1,-0.75,Walking,True,-3.9,0,0
1789903988483,208,339379,1,3328,-2.23636,1,-0.75,Walking,True,-3.9,0,0
1789903988483,208,339379,1,3328,-2.23636,1,-0.75,Walking,True,-3.9,0,0
1789903988483,208,339379,1,3328,-2.23636,1,-0.75,Walking,True,-3.9,0,0
1789903988483,208,339379,1,3328,-2.23636,1,-0.75,Walking,True,-3.9,0,0
1789903988483,208,339379,1,3328,-2.23636,1,-0.75,Walking,True,-3.9,0,0
1789903988483,208,339379,1,3328,-2.23636,1,-0.75,Walking,True,-3.9,0,0
1789903988483,208,339379,1,3328,-2.23636,1,-0.75,Walking,True,-3.9,0,0
1789903988499,209,342323,1,3344,-2.29876,1,-0.75,Walking,True,-3.9,0,0
1789903988499,209,342323,1,3344,-2.29876,1,-0.75,Walking,True,-3.9,0,0
1789903988499,209,342323,1,3344,-2.29876,1,-0.75,Walking,True,-3.9,0,0
1789903988499,209,342323,1,3344,-2.29876,1,-0.75,Walking,True,-3.9,0,0
1789903988499,209,342323,1,3344,-2.29876,1,-0.75,Walking,True,-3.9,0,0
1789903988499,209,342323,1,3344,-2.29876,1,-0.75,Walking,True,-3.9,0,0
1789903988499,209,342323,1,3344,-2.29876,1,-0.75,Walking,True,-3.9,0,0
1789903988499,209,342323,1,3344,-2.29876,1,-0.75,Walking,True,-3.9,0,0
1789903988514,210,343737,1,3360,-2.361161,1,-0.75,Walking,True,-3.9,0,0
1789903988514,210,343737,1,3360,-2.361161,1,-0.75,Walking,True,-3.9,0,0
1789903988514,210,343737,1,3360,-2.361161,1,-0.75,Walking,True,-3.9,0,0
1789903988514,210,343737,1,3360,-2.361161,1,-0.75,Walking,True,-3.9,0,0
1789903988514,210,343737,1,3360,-2.361161,1,-0.75,Walking,True,-3.9,0,0
1789903988514,210,343737,1,3360,-2.361161,1,-0.75,Walking,True,-3.9,0,0
1789903988514,210,343737,1,3360,-2.361161,1,-0.75,Walking,True,-3.9,0,0
1789903988514,210,343737,1,3360,-2.361161,1,-0.75,Walking,True,-3.9,0,0
1789903988529,211,345181,1,3376,-2.423561,1,-0.75,Walking,True,-3.9,0,0
1789903988529,211,345181,1,3376,-2.423561,1,-0.75,Walking,True,-3.9,0,0
1789903988529,211,345181,1,3376,-2.423561,1,-0.75,Walking,True,-3.9,0,0
1789903988529,211,345181,1,3376,-2.423561,1,-0.75,Walking,True,-3.9,0,0
1789903988529,211,345181,1,3376,-2.423561,1,-0.75,Walking,True,-3.9,0,0
1789903988529,211,345181,1,3376,-2.423561,1,-0.75,Walking,True,-3.9,0,0
1789903988529,211,345181,1,3376,-2.423561,1,-0.75,Walking,True,-3.9,0,0
1789903988529,211,345181,1,3376,-2.423561,1,-0.75,Walking,True,-3.9,0,0
1789903988545,212,346463,1,3392,-2.485961,1,-0.75,Walking,True,-3.9,0,0
1789903988545,212,346463,1,3392,-2.485961,1,-0.75,Walking,True,-3.9,0,0
1789903988545,212,346463,1,3392,-2.485961,1,-0.75,Walking,True,-3.9,0,0
1789903988545,212,346463,1,3392,-2.485961,1,-0.75,Walking,True,-3.9,0,0
1789903988545,212,346463,1,3392,-2.485961,1,-0.75,Walking,True,-3.9,0,0
1789903988545,212,346463,1,3392,-2.485961,1,-0.75,Walking,True,-3.9,0,0
1789903988545,212,346463,1,3392,-2.485961,1,-0.75,Walking,True,-3.9,0,0
1789903988545,212,346463,1,3392,-2.485961,1,-0.75,Walking,True,-3.9,0,0
1789903988561,213,347899,1,3408,-2.548361,1,-0.75,Walking,True,-3.9,0,0
1789903988561,213,347899,1,3408,-2.548361,1,-0.75,Walking,True,-3.9,0,0
1789903988561,213,347899,1,3408,-2.548361,1,-0.75,Walking,True,-3.9,0,0
1789903988561,213,347899,1,3408,-2.548361,1,-0.75,Walking,True,-3.9,0,0
1789903988561,213,347899,1,3408,-2.548361,1,-0.75,Walking,True,-3.9,0,0
1789903988561,213,347899,1,3408,-2.548361,1,-0.75,Walking,True,-3.9,0,0
1789903988561,213,347899,1,3408,-2.548361,1,-0.75,Walking,True,-3.9,0,0
1789903988561,213,347899,1,3408,-2.548361,1,-0.75,Walking,True,-3.9,0,0
1789903988576,214,349385,1,3424,-2.610761,1,-0.75,Walking,True,-3.9,0,0
1789903988576,214,349385,1,3424,-2.610761,1,-0.75,Walking,True,-3.9,0,0
1789903988576,214,349385,1,3424,-2.610761,1,-0.75,Walking,True,-3.9,0,0
1789903988576,214,349385,1,3424,-2.610761,1,-0.75,Walking,True,-3.9,0,0
1789903988576,214,349385,1,3424,-2.610761,1,-0.75,Walking,True,-3.9,0,0
1789903988576,214,349385,1,3424,-2.610761,1,-0.75,Walking,True,-3.9,0,0
1789903988576,214,349385,1,3424,-2.610761,1,-0.75,Walking,True,-3.9,0,0
1789903988577,214,349385,1,3424,-2.610761,1,-0.75,Walking,True,-3.9,0,0
1789903988593,215,350810,1,3440,-2.673161,1,-0.75,Walking,True,-3.9,0,0
1789903988593,215,350810,1,3440,-2.673161,1,-0.75,Walking,True,-3.9,0,0
1789903988593,215,350810,1,3440,-2.673161,1,-0.75,Walking,True,-3.9,0,0
1789903988593,215,350810,1,3440,-2.673161,1,-0.75,Walking,True,-3.9,0,0
1789903988593,215,350810,1,3440,-2.673161,1,-0.75,Walking,True,-3.9,0,0
1789903988593,215,350810,1,3440,-2.673161,1,-0.75,Walking,True,-3.9,0,0
1789903988593,215,350810,1,3440,-2.673161,1,-0.75,Walking,True,-3.9,0,0
1789903988593,215,350810,1,3440,-2.673161,1,-0.75,Walking,True,-3.9,0,0
1789903988608,216,352271,1,3456,-2.735561,1,-0.75,Walking,True,-3.9,0,0
1789903988608,216,352271,1,3456,-2.735561,1,-0.75,Walking,True,-3.9,0,0
1789903988608,216,352271,1,3456,-2.735561,1,-0.75,Walking,True,-3.9,0,0
1789903988608,216,352271,1,3456,-2.735561,1,-0.75,Walking,True,-3.9,0,0
1789903988608,216,352271,1,3456,-2.735561,1,-0.75,Walking,True,-3.9,0,0
1789903988608,216,352271,1,3456,-2.735561,1,-0.75,Walking,True,-3.9,0,0
1789903988608,216,352271,1,3456,-2.735561,1,-0.75,Walking,True,-3.9,0,0
1789903988608,216,352271,1,3456,-2.735561,1,-0.75,Walking,True,-3.9,0,0
1789903988624,217,353716,1,3472,-2.797961,1,-0.75,Walking,True,-3.9,0,0
1789903988624,217,353716,1,3472,-2.797961,1,-0.75,Walking,True,-3.9,0,0
1789903988624,217,353716,1,3472,-2.797961,1,-0.75,Walking,True,-3.9,0,0
1789903988624,217,353716,1,3472,-2.797961,1,-0.75,Walking,True,-3.9,0,0
1789903988624,217,353716,1,3472,-2.797961,1,-0.75,Walking,True,-3.9,0,0
1789903988624,217,353716,1,3472,-2.797961,1,-0.75,Walking,True,-3.9,0,0
1789903988624,217,353716,1,3472,-2.797961,1,-0.75,Walking,True,-3.9,0,0
1789903988624,217,353716,1,3472,-2.797961,1,-0.75,Walking,True,-3.9,0,0
1789903988639,218,355207,1,3488,-2.860361,1,-0.75,Walking,True,-3.9,0,0
1789903988639,218,355207,1,3488,-2.860361,1,-0.75,Walking,True,-3.9,0,0
1789903988639,218,355207,1,3488,-2.860361,1,-0.75,Walking,True,-3.9,0,0
1789903988639,218,355207,1,3488,-2.860361,1,-0.75,Walking,True,-3.9,0,0
1789903988639,218,355207,1,3488,-2.860361,1,-0.75,Walking,True,-3.9,0,0
1789903988639,218,355207,1,3488,-2.860361,1,-0.75,Walking,True,-3.9,0,0
1789903988639,218,355207,1,3488,-2.860361,1,-0.75,Walking,True,-3.9,0,0
1789903988639,218,355207,1,3488,-2.860361,1,-0.75,Walking,True,-3.9,0,0
1789903988655,219,356603,1,3504,-2.922761,1,-0.75,Walking,True,-3.9,0,0
1789903988655,219,356603,1,3504,-2.922761,1,-0.75,Walking,True,-3.9,0,0
1789903988655,219,356603,1,3504,-2.922761,1,-0.75,Walking,True,-3.9,0,0
1789903988655,219,356603,1,3504,-2.922761,1,-0.75,Walking,True,-3.9,0,0
1789903988655,219,356603,1,3504,-2.922761,1,-0.75,Walking,True,-3.9,0,0
1789903988655,219,356603,1,3504,-2.922761,1,-0.75,Walking,True,-3.9,0,0
1789903988655,219,356603,1,3504,-2.922761,1,-0.75,Walking,True,-3.9,0,0
1789903988655,219,356603,1,3504,-2.922761,1,-0.75,Walking,True,-3.9,0,0
1789903988670,220,358005,1,3520,-2.985162,1,-0.75,Walking,True,-3.9,0,0
1789903988670,220,358005,1,3520,-2.985162,1,-0.75,Walking,True,-3.9,0,0
1789903988670,220,358005,1,3520,-2.985162,1,-0.75,Walking,True,-3.9,0,0
1789903988670,220,358005,1,3520,-2.985162,1,-0.75,Walking,True,-3.9,0,0
1789903988670,220,358005,1,3520,-2.985162,1,-0.75,Walking,True,-3.9,0,0
1789903988670,220,358005,1,3520,-2.985162,1,-0.75,Walking,True,-3.9,0,0
1789903988670,220,358005,1,3520,-2.985162,1,-0.75,Walking,True,-3.9,0,0
1789903988670,220,358005,1,3520,-2.985162,1,-0.75,Walking,True,-3.9,0,0
1789903988686,221,359429,1,3536,-3.047562,1,-0.75,Walking,True,-3.9,0,0
1789903988686,221,359429,1,3536,-3.047562,1,-0.75,Walking,True,-3.9,0,0
1789903988686,221,359429,1,3536,-3.047562,1,-0.75,Walking,True,-3.9,0,0
1789903988686,221,359429,1,3536,-3.047562,1,-0.75,Walking,True,-3.9,0,0
1789903988686,221,359429,1,3536,-3.047562,1,-0.75,Walking,True,-3.9,0,0
1789903988686,221,359429,1,3536,-3.047562,1,-0.75,Walking,True,-3.9,0,0
1789903988686,221,359429,1,3536,-3.047562,1,-0.75,Walking,True,-3.9,0,0
1789903988686,221,359429,1,3536,-3.047562,1,-0.75,Walking,True,-3.9,0,0
1789903988701,222,360885,1,3552,-3.109962,1,-0.75,Walking,True,-3.9,0,0
1789903988701,222,360885,1,3552,-3.109962,1,-0.75,Walking,True,-3.9,0,0
1789903988701,222,360885,1,3552,-3.109962,1,-0.75,Walking,True,-3.9,0,0
1789903988701,222,360885,1,3552,-3.109962,1,-0.75,Walking,True,-3.9,0,0
1789903988701,222,360885,1,3552,-3.109962,1,-0.75,Walking,True,-3.9,0,0
1789903988701,222,360885,1,3552,-3.109962,1,-0.75,Walking,True,-3.9,0,0
1789903988701,222,360885,1,3552,-3.109962,1,-0.75,Walking,True,-3.9,0,0
1789903988701,222,360885,1,3552,-3.109962,1,-0.75,Walking,True,-3.9,0,0
1789903988718,223,362341,1,3568,-3.172362,1,-0.75,Walking,True,-3.9,0,0
1789903988718,223,362341,1,3568,-3.172362,1,-0.75,Walking,True,-3.9,0,0
1789903988718,223,362341,1,3568,-3.172362,1,-0.75,Walking,True,-3.9,0,0
1789903988718,223,362341,1,3568,-3.172362,1,-0.75,Walking,True,-3.9,0,0
1789903988718,223,362341,1,3568,-3.172362,1,-0.75,Walking,True,-3.9,0,0
1789903988718,223,362341,1,3568,-3.172362,1,-0.75,Walking,True,-3.9,0,0
1789903988718,223,362341,1,3568,-3.172362,1,-0.75,Walking,True,-3.9,0,0
1789903988718,223,362341,1,3568,-3.172362,1,-0.75,Walking,True,-3.9,0,0
1789903988733,224,363928,1,3584,-3.234762,1,-0.75,Walking,True,-3.9,0,0
1789903988733,224,363928,1,3584,-3.234762,1,-0.75,Walking,True,-3.9,0,0
1789903988733,224,363928,1,3584,-3.234762,1,-0.75,Walking,True,-3.9,0,0
1789903988733,224,363928,1,3584,-3.234762,1,-0.75,Walking,True,-3.9,0,0
1789903988733,224,363928,1,3584,-3.234762,1,-0.75,Walking,True,-3.9,0,0
1789903988733,224,363928,1,3584,-3.234762,1,-0.75,Walking,True,-3.9,0,0
1789903988733,224,363928,1,3584,-3.234762,1,-0.75,Walking,True,-3.9,0,0
1789903988733,224,363928,1,3584,-3.234762,1,-0.75,Walking,True,-3.9,0,0
1789903988749,225,365446,1,3600,-3.297162,1,-0.75,Walking,True,-3.9,0,0
1789903988749,225,365446,1,3600,-3.297162,1,-0.75,Walking,True,-3.9,0,0
1789903988749,225,365446,1,3600,-3.297162,1,-0.75,Walking,True,-3.9,0,0
1789903988749,225,365446,1,3600,-3.297162,1,-0.75,Walking,True,-3.9,0,0
1789903988749,225,365446,1,3600,-3.297162,1,-0.75,Walking,True,-3.9,0,0
1789903988749,225,365446,1,3600,-3.297162,1,-0.75,Walking,True,-3.9,0,0
1789903988749,225,365446,1,3600,-3.297162,1,-0.75,Walking,True,-3.9,0,0
1789903988749,225,365446,1,3600,-3.297162,1,-0.75,Walking,True,-3.9,0,0
1789903988765,226,366924,1,3616,-3.359562,1,-0.75,Walking,True,-3.9,0,0
1789903988765,226,366924,1,3616,-3.359562,1,-0.75,Walking,True,-3.9,0,0
1789903988765,226,366924,1,3616,-3.359562,1,-0.75,Walking,True,-3.9,0,0
1789903988765,226,366924,1,3616,-3.359562,1,-0.75,Walking,True,-3.9,0,0
1789903988765,226,366924,1,3616,-3.359562,1,-0.75,Walking,True,-3.9,0,0
1789903988765,226,366924,1,3616,-3.359562,1,-0.75,Walking,True,-3.9,0,0
1789903988765,226,366924,1,3616,-3.359562,1,-0.75,Walking,True,-3.9,0,0
1789903988765,226,366924,1,3616,-3.359562,1,-0.75,Walking,True,-3.9,0,0
1789903988780,227,368342,1,3632,-3.421962,1,-0.75,Walking,True,-3.9,0,0
1789903988780,227,368342,1,3632,-3.421962,1,-0.75,Walking,True,-3.9,0,0
1789903988780,227,368342,1,3632,-3.421962,1,-0.75,Walking,True,-3.9,0,0
1789903988780,227,368342,1,3632,-3.421962,1,-0.75,Walking,True,-3.9,0,0
1789903988780,227,368342,1,3632,-3.421962,1,-0.75,Walking,True,-3.9,0,0
1789903988780,227,368342,1,3632,-3.421962,1,-0.75,Walking,True,-3.9,0,0
1789903988780,227,368342,1,3632,-3.421962,1,-0.75,Walking,True,-3.9,0,0
1789903988780,227,368342,1,3632,-3.421962,1,-0.75,Walking,True,-3.9,0,0
1789903988796,228,369849,1,3648,-3.484362,1,-0.75,Walking,True,-3.9,0,0
1789903988796,228,369849,1,3648,-3.484362,1,-0.75,Walking,True,-3.9,0,0
1789903988796,228,369849,1,3648,-3.484362,1,-0.75,Walking,True,-3.9,0,0
1789903988796,228,369849,1,3648,-3.484362,1,-0.75,Walking,True,-3.9,0,0
1789903988796,228,369849,1,3648,-3.484362,1,-0.75,Walking,True,-3.9,0,0
1789903988796,228,369849,1,3648,-3.484362,1,-0.75,Walking,True,-3.9,0,0
1789903988797,228,369849,1,3648,-3.484362,1,-0.75,Walking,True,-3.9,0,0
1789903988797,228,369849,1,3648,-3.484362,1,-0.75,Walking,True,-3.9,0,0
1789903988812,229,371451,1,3664,-3.546762,1,-0.75,Walking,True,-3.9,0,0
1789903988812,229,371451,1,3664,-3.546762,1,-0.75,Walking,True,-3.9,0,0
1789903988812,229,371451,1,3664,-3.546762,1,-0.75,Walking,True,-3.9,0,0
1789903988812,229,371451,1,3664,-3.546762,1,-0.75,Walking,True,-3.9,0,0
1789903988812,229,371451,1,3664,-3.546762,1,-0.75,Walking,True,-3.9,0,0
1789903988812,229,371451,1,3664,-3.546762,1,-0.75,Walking,True,-3.9,0,0
1789903988812,229,371451,1,3664,-3.546762,1,-0.75,Walking,True,-3.9,0,0
1789903988812,229,371451,1,3664,-3.546762,1,-0.75,Walking,True,-3.9,0,0
1789903988828,230,372993,1,3680,-3.609163,1,-0.75,Walking,True,-3.9,0,0
1789903988828,230,372993,1,3680,-3.609163,1,-0.75,Walking,True,-3.9,0,0
1789903988828,230,372993,1,3680,-3.609163,1,-0.75,Walking,True,-3.9,0,0
1789903988828,230,372993,1,3680,-3.609163,1,-0.75,Walking,True,-3.9,0,0
1789903988828,230,372993,1,3680,-3.609163,1,-0.75,Walking,True,-3.9,0,0
1789903988828,230,372993,1,3680,-3.609163,1,-0.75,Walking,True,-3.9,0,0
1789903988828,230,372993,1,3680,-3.609163,1,-0.75,Walking,True,-3.9,0,0
1789903988828,230,372993,1,3680,-3.609163,1,-0.75,Walking,True,-3.9,0,0
1789903988843,231,374399,1,3696,-3.671563,1,-0.75,Walking,True,-3.9,0,0
1789903988843,231,374399,1,3696,-3.671563,1,-0.75,Walking,True,-3.9,0,0
1789903988843,231,374399,1,3696,-3.671563,1,-0.75,Walking,True,-3.9,0,0
1789903988843,231,374399,1,3696,-3.671563,1,-0.75,Walking,True,-3.9,0,0
1789903988843,231,374399,1,3696,-3.671563,1,-0.75,Walking,True,-3.9,0,0
1789903988843,231,374399,1,3696,-3.671563,1,-0.75,Walking,True,-3.9,0,0
1789903988843,231,374399,1,3696,-3.671563,1,-0.75,Walking,True,-3.9,0,0
1789903988843,231,374399,1,3696,-3.671563,1,-0.75,Walking,True,-3.9,0,0
1789903988874,232,375944,1,3712,-3.728843,1,-0.75,Walking,True,-3.58,0,0
1789903988874,232,375944,1,3712,-3.728843,1,-0.75,Walking,True,-3.58,0,0
1789903988874,232,375944,1,3712,-3.728843,1,-0.75,Walking,True,-3.58,0,0
1789903988874,232,375944,1,3712,-3.728843,1,-0.75,Walking,True,-3.58,0,0
1789903988874,232,375944,1,3712,-3.728843,1,-0.75,Walking,True,-3.58,0,0
1789903988874,232,375944,1,3712,-3.728843,1,-0.75,Walking,True,-3.58,0,0
1789903988874,232,375944,1,3712,-3.728843,1,-0.75,Walking,True,-3.58,0,0
1789903988874,232,375944,1,3712,-3.728843,1,-0.75,Walking,True,-3.58,0,0
1789903988890,233,378857,1,3728,-3.781003,1,-0.75,Walking,True,-3.26,0,0
1789903988890,233,378857,1,3728,-3.781003,1,-0.75,Walking,True,-3.26,0,0
1789903988890,233,378857,1,3728,-3.781003,1,-0.75,Walking,True,-3.26,0,0
1789903988890,233,378857,1,3728,-3.781003,1,-0.75,Walking,True,-3.26,0,0
1789903988890,233,378857,1,3728,-3.781003,1,-0.75,Walking,True,-3.26,0,0
1789903988890,233,378857,1,3728,-3.781003,1,-0.75,Walking,True,-3.26,0,0
1789903988890,233,378857,1,3728,-3.781003,1,-0.75,Walking,True,-3.26,0,0
1789903988890,233,378857,1,3728,-3.781003,1,-0.75,Walking,True,-3.26,0,0
1789903988905,234,380350,1,3744,-3.828043,1,-0.75,Walking,True,-2.94,0,0
1789903988905,234,380350,1,3744,-3.828043,1,-0.75,Walking,True,-2.94,0,0
1789903988905,234,380350,1,3744,-3.828043,1,-0.75,Walking,True,-2.94,0,0
1789903988905,234,380350,1,3744,-3.828043,1,-0.75,Walking,True,-2.94,0,0
1789903988905,234,380350,1,3744,-3.828043,1,-0.75,Walking,True,-2.94,0,0
1789903988905,234,380350,1,3744,-3.828043,1,-0.75,Walking,True,-2.94,0,0
1789903988905,234,380350,1,3744,-3.828043,1,-0.75,Walking,True,-2.94,0,0
1789903988905,234,380350,1,3744,-3.828043,1,-0.75,Walking,True,-2.94,0,0
1789903988921,235,381832,1,3760,-3.869963,1,-0.75,Walking,True,-2.62,0,0
1789903988921,235,381832,1,3760,-3.869963,1,-0.75,Walking,True,-2.62,0,0
1789903988921,235,381832,1,3760,-3.869963,1,-0.75,Walking,True,-2.62,0,0
1789903988921,235,381832,1,3760,-3.869963,1,-0.75,Walking,True,-2.62,0,0
1789903988921,235,381832,1,3760,-3.869963,1,-0.75,Walking,True,-2.62,0,0
1789903988921,235,381832,1,3760,-3.869963,1,-0.75,Walking,True,-2.62,0,0
1789903988921,235,381832,1,3760,-3.869963,1,-0.75,Walking,True,-2.62,0,0
1789903988921,235,381832,1,3760,-3.869963,1,-0.75,Walking,True,-2.62,0,0
1789903988937,236,383380,1,3776,-3.906763,1,-0.75,Walking,True,-2.3,0,0
1789903988937,236,383380,1,3776,-3.906763,1,-0.75,Walking,True,-2.3,0,0
1789903988937,236,383380,1,3776,-3.906763,1,-0.75,Walking,True,-2.3,0,0
1789903988937,236,383380,1,3776,-3.906763,1,-0.75,Walking,True,-2.3,0,0
1789903988937,236,383380,1,3776,-3.906763,1,-0.75,Walking,True,-2.3,0,0
1789903988937,236,383380,1,3776,-3.906763,1,-0.75,Walking,True,-2.3,0,0
1789903988937,236,383380,1,3776,-3.906763,1,-0.75,Walking,True,-2.3,0,0
1789903988937,236,383380,1,3776,-3.906763,1,-0.75,Walking,True,-2.3,0,0
1789903988953,237,384948,1,3792,-3.938443,1,-0.75,Walking,True,-1.98,0,0
1789903988953,237,384948,1,3792,-3.938443,1,-0.75,Walking,True,-1.98,0,0
1789903988953,237,384948,1,3792,-3.938443,1,-0.75,Walking,True,-1.98,0,0
1789903988953,237,384948,1,3792,-3.938443,1,-0.75,Walking,True,-1.98,0,0
1789903988953,237,384948,1,3792,-3.938443,1,-0.75,Walking,True,-1.98,0,0
1789903988953,237,384948,1,3792,-3.938443,1,-0.75,Walking,True,-1.98,0,0
1789903988953,237,384948,1,3792,-3.938443,1,-0.75,Walking,True,-1.98,0,0
1789903988953,237,384948,1,3792,-3.938443,1,-0.75,Walking,True,-1.98,0,0
1789903988968,238,386459,1,3808,-3.965003,1,-0.75,Walking,True,-1.66,0,0
1789903988968,238,386459,1,3808,-3.965003,1,-0.75,Walking,True,-1.66,0,0
1789903988968,238,386459,1,3808,-3.965003,1,-0.75,Walking,True,-1.66,0,0
1789903988968,238,386459,1,3808,-3.965003,1,-0.75,Walking,True,-1.66,0,0
1789903988968,238,386459,1,3808,-3.965003,1,-0.75,Walking,True,-1.66,0,0
1789903988968,238,386459,1,3808,-3.965003,1,-0.75,Walking,True,-1.66,0,0
1789903988968,238,386459,1,3808,-3.965003,1,-0.75,Walking,True,-1.66,0,0
1789903988968,238,386459,1,3808,-3.965003,1,-0.75,Walking,True,-1.66,0,0
1789903988984,239,387971,1,3824,-3.986443,1,-0.75,Walking,True,-1.34,0,0
1789903988984,239,387971,1,3824,-3.986443,1,-0.75,Walking,True,-1.34,0,0
1789903988984,239,387971,1,3824,-3.986443,1,-0.75,Walking,True,-1.34,0,0
1789903988984,239,387971,1,3824,-3.986443,1,-0.75,Walking,True,-1.34,0,0
1789903988984,239,387971,1,3824,-3.986443,1,-0.75,Walking,True,-1.34,0,0
1789903988984,239,387971,1,3824,-3.986443,1,-0.75,Walking,True,-1.34,0,0
1789903988984,239,387971,1,3824,-3.986443,1,-0.75,Walking,True,-1.34,0,0
1789903988984,239,387971,1,3824,-3.986443,1,-0.75,Walking,True,-1.34,0,0
1789903988999,240,389467,1,3840,-4.002763,1,-0.75,Walking,True,-1.02,0,0
1789903988999,240,389467,1,3840,-4.002763,1,-0.75,Walking,True,-1.02,0,0
1789903988999,240,389467,1,3840,-4.002763,1,-0.75,Walking,True,-1.02,0,0
1789903988999,240,389467,1,3840,-4.002763,1,-0.75,Walking,True,-1.02,0,0
1789903988999,240,389467,1,3840,-4.002763,1,-0.75,Walking,True,-1.02,0,0
1789903988999,240,389467,1,3840,-4.002763,1,-0.75,Walking,True,-1.02,0,0
1789903988999,240,389467,1,3840,-4.002763,1,-0.75,Walking,True,-1.02,0,0
1789903988999,240,389467,1,3840,-4.002763,1,-0.75,Walking,True,-1.02,0,0
1789903989014,241,390908,1,3856,-4.013963,1,-0.75,Walking,True,-0.7,0,0
1789903989014,241,390908,1,3856,-4.013963,1,-0.75,Walking,True,-0.7,0,0
1789903989014,241,390908,1,3856,-4.013963,1,-0.75,Walking,True,-0.7,0,0
1789903989014,241,390908,1,3856,-4.013963,1,-0.75,Walking,True,-0.7,0,0
1789903989014,241,390908,1,3856,-4.013963,1,-0.75,Walking,True,-0.7,0,0
1789903989014,241,390908,1,3856,-4.013963,1,-0.75,Walking,True,-0.7,0,0
1789903989014,241,390908,1,3856,-4.013963,1,-0.75,Walking,True,-0.7,0,0
1789903989014,241,390908,1,3856,-4.013963,1,-0.75,Walking,True,-0.7,0,0
1789903989030,242,392432,1,3872,-4.020043,1,-0.75,Walking,True,-0.38,0,0
1789903989030,242,392432,1,3872,-4.020043,1,-0.75,Walking,True,-0.38,0,0
1789903989030,242,392432,1,3872,-4.020043,1,-0.75,Walking,True,-0.38,0,0
1789903989030,242,392432,1,3872,-4.020043,1,-0.75,Walking,True,-0.38,0,0
1789903989030,242,392432,1,3872,-4.020043,1,-0.75,Walking,True,-0.38,0,0
1789903989030,242,392432,1,3872,-4.020043,1,-0.75,Walking,True,-0.38,0,0
1789903989030,242,392432,1,3872,-4.020043,1,-0.75,Walking,True,-0.38,0,0
1789903989030,242,392432,1,3872,-4.020043,1,-0.75,Walking,True,-0.38,0,0
1789903989046,243,393980,1,3888,-4.020043,1,-0.75,Walking,True,-0.06,0,0
1789903989046,243,393980,1,3888,-4.020043,1,-0.75,Walking,True,-0.06,0,0
1789903989046,243,393980,1,3888,-4.020043,1,-0.75,Walking,True,-0.06,0,0
1789903989046,243,393980,1,3888,-4.020043,1,-0.75,Walking,True,-0.06,0,0
1789903989046,243,393980,1,3888,-4.020043,1,-0.75,Walking,True,-0.06,0,0
1789903989046,243,393980,1,3888,-4.020043,1,-0.75,Walking,True,-0.06,0,0
1789903989046,243,393980,1,3888,-4.020043,1,-0.75,Walking,True,-0.06,0,0
1789903989046,243,393980,1,3888,-4.020043,1,-0.75,Walking,True,-0.06,0,0
1789903989061,244,395555,1,3904,-4.020043,1,-0.75,Walking,True,0,0,0
1789903989061,244,395555,1,3904,-4.020043,1,-0.75,Walking,True,0,0,0
1789903989061,244,395555,1,3904,-4.020043,1,-0.75,Walking,True,0,0,0
1789903989061,244,395555,1,3904,-4.020043,1,-0.75,Walking,True,0,0,0
1789903989061,244,395555,1,3904,-4.020043,1,-0.75,Walking,True,0,0,0
1789903989061,244,395555,1,3904,-4.020043,1,-0.75,Walking,True,0,0,0
1789903989061,244,395555,1,3904,-4.020043,1,-0.75,Walking,True,0,0,0
1789903989061,244,395555,1,3904,-4.020043,1,-0.75,Walking,True,0,0,0
1789903989077,245,397026,1,3920,-4.020043,1,-0.75,Walking,True,0,0,0
1789903989077,245,397026,1,3920,-4.020043,1,-0.75,Walking,True,0,0,0
1789903989077,245,397026,1,3920,-4.020043,1,-0.75,Walking,True,0,0,0
1789903989077,245,397026,1,3920,-4.020043,1,-0.75,Walking,True,0,0,0
1789903989077,245,397026,1,3920,-4.020043,1,-0.75,Walking,True,0,0,0
1789903989077,245,397026,1,3920,-4.020043,1,-0.75,Walking,True,0,0,0
1789903989077,245,397026,1,3920,-4.020043,1,-0.75,Walking,True,0,0,0
1789903989077,245,397026,1,3920,-4.020043,1,-0.75,Walking,True,0,0,0
1789903989092,246,398577,1,3936,-4.020043,1,-0.75,Walking,True,0,0,0
1789903989092,246,398577,1,3936,-4.020043,1,-0.75,Walking,True,0,0,0
1789903989092,246,398577,1,3936,-4.020043,1,-0.75,Walking,True,0,0,0
1789903989092,246,398577,1,3936,-4.020043,1,-0.75,Walking,True,0,0,0
1789903989092,246,398577,1,3936,-4.020043,1,-0.75,Walking,True,0,0,0
1789903989092,246,398577,1,3936,-4.020043,1,-0.75,Walking,True,0,0,0
1789903989092,246,398577,1,3936,-4.020043,1,-0.75,Walking,True,0,0,0
1789903989092,246,398577,1,3936,-4.020043,1,-0.75,Walking,True,0,0,0
1789903989108,247,400056,1,3952,-4.020043,1,-0.75,Walking,True,0,0,0
1789903989108,247,400056,1,3952,-4.020043,1,-0.75,Walking,True,0,0,0
1789903989108,247,400056,1,3952,-4.020043,1,-0.75,Walking,True,0,0,0
1789903989108,247,400056,1,3952,-4.020043,1,-0.75,Walking,True,0,0,0
1789903989108,247,400056,1,3952,-4.020043,1,-0.75,Walking,True,0,0,0
1789903989108,247,400056,1,3952,-4.020043,1,-0.75,Walking,True,0,0,0
1789903989108,247,400056,1,3952,-4.020043,1,-0.75,Walking,True,0,0,0
1789903989108,247,400056,1,3952,-4.020043,1,-0.75,Walking,True,0,0,0
1789903989123,248,401567,1,3968,-4.020043,1,-0.75,Walking,True,0,0,0
1789903989123,248,401567,1,3968,-4.020043,1,-0.75,Walking,True,0,0,0
1789903989123,248,401567,1,3968,-4.020043,1,-0.75,Walking,True,0,0,0
1789903989123,248,401567,1,3968,-4.020043,1,-0.75,Walking,True,0,0,0
1789903989123,248,401567,1,3968,-4.020043,1,-0.75,Walking,True,0,0,0
1789903989123,248,401567,1,3968,-4.020043,1,-0.75,Walking,True,0,0,0
1789903989123,248,401567,1,3968,-4.020043,1,-0.75,Walking,True,0,0,0
1789903989123,248,401567,1,3968,-4.020043,1,-0.75,Walking,True,0,0,0
1789903989138,249,403052,1,3984,-4.020043,1,-0.75,Walking,True,0,0,0
1789903989138,249,403052,1,3984,-4.020043,1,-0.75,Walking,True,0,0,0
1789903989138,249,403052,1,3984,-4.020043,1,-0.75,Walking,True,0,0,0
1789903989139,249,403052,1,3984,-4.020043,1,-0.75,Walking,True,0,0,0
1789903989139,249,403052,1,3984,-4.020043,1,-0.75,Walking,True,0,0,0
1789903989139,249,403052,1,3984,-4.020043,1,-0.75,Walking,True,0,0,0
1789903989139,249,403052,1,3984,-4.020043,1,-0.75,Walking,True,0,0,0
1789903989139,249,403052,1,3984,-4.020043,1,-0.75,Walking,True,0,0,0
1789903989155,250,404443,1,4000,-4.020043,1,-0.75,Walking,True,0,0,0
1789903989155,250,404443,1,4000,-4.020043,1,-0.75,Walking,True,0,0,0
1789903989155,250,404443,1,4000,-4.020043,1,-0.75,Walking,True,0,0,0
1789903989155,250,404443,1,4000,-4.020043,1,-0.75,Walking,True,0,0,0
1789903989155,250,404443,1,4000,-4.020043,1,-0.75,Walking,True,0,0,0
1789903989155,250,404443,1,4000,-4.020043,1,-0.75,Walking,True,0,0,0
1789903989155,250,404443,1,4000,-4.020043,1,-0.75,Walking,True,0,0,0
1789903989155,250,404443,1,4000,-4.020043,1,-0.75,Walking,True,0,0,0
1789903989170,251,406053,1,4016,-4.020043,1,-0.75,Walking,True,0,0,0
1789903989170,251,406053,1,4016,-4.020043,1,-0.75,Walking,True,0,0,0
1789903989170,251,406053,1,4016,-4.020043,1,-0.75,Walking,True,0,0,0
1789903989170,251,406053,1,4016,-4.020043,1,-0.75,Walking,True,0,0,0
1789903989170,251,406053,1,4016,-4.020043,1,-0.75,Walking,True,0,0,0
1789903989170,251,406053,1,4016,-4.020043,1,-0.75,Walking,True,0,0,0
1789903989170,251,406053,1,4016,-4.020043,1,-0.75,Walking,True,0,0,0
1789903989170,251,406053,1,4016,-4.020043,1,-0.75,Walking,True,0,0,0
1789903989185,252,407545,1,4032,-4.020043,1,-0.75,Walking,True,0,0,0
1789903989185,252,407545,1,4032,-4.020043,1,-0.75,Walking,True,0,0,0
1789903989185,252,407545,1,4032,-4.020043,1,-0.75,Walking,True,0,0,0
1789903989185,252,407545,1,4032,-4.020043,1,-0.75,Walking,True,0,0,0
1789903989185,252,407545,1,4032,-4.020043,1,-0.75,Walking,True,0,0,0
1789903989185,252,407545,1,4032,-4.020043,1,-0.75,Walking,True,0,0,0
1789903989185,252,407545,1,4032,-4.020043,1,-0.75,Walking,True,0,0,0
1789903989185,252,407545,1,4032,-4.020043,1,-0.75,Walking,True,0,0,0
1789903989201,253,409101,1,4048,-4.020043,1,-0.75,Walking,True,0,0,0
1789903989201,253,409101,1,4048,-4.020043,1,-0.75,Walking,True,0,0,0
1789903989201,253,409101,1,4048,-4.020043,1,-0.75,Walking,True,0,0,0
1789903989201,253,409101,1,4048,-4.020043,1,-0.75,Walking,True,0,0,0
1789903989201,253,409101,1,4048,-4.020043,1,-0.75,Walking,True,0,0,0
1789903989201,253,409101,1,4048,-4.020043,1,-0.75,Walking,True,0,0,0
1789903989201,253,409101,1,4048,-4.020043,1,-0.75,Walking,True,0,0,0
1789903989201,253,409101,1,4048,-4.020043,1,-0.75,Walking,True,0,0,0
1789903989217,254,410569,1,4064,-4.020043,1,-0.75,Walking,True,0,0,0
1789903989217,254,410569,1,4064,-4.020043,1,-0.75,Walking,True,0,0,0
1789903989217,254,410569,1,4064,-4.020043,1,-0.75,Walking,True,0,0,0
1789903989217,254,410569,1,4064,-4.020043,1,-0.75,Walking,True,0,0,0
1789903989217,254,410569,1,4064,-4.020043,1,-0.75,Walking,True,0,0,0
1789903989217,254,410569,1,4064,-4.020043,1,-0.75,Walking,True,0,0,0
1789903989217,254,410569,1,4064,-4.020043,1,-0.75,Walking,True,0,0,0
1789903989217,254,410569,1,4064,-4.020043,1,-0.75,Walking,True,0,0,0
1789903989233,255,412165,1,4080,-4.020043,1,-0.75,Walking,True,0,0,0
1789903989233,255,412165,1,4080,-4.020043,1,-0.75,Walking,True,0,0,0
1789903989233,255,412165,1,4080,-4.020043,1,-0.75,Walking,True,0,0,0
1789903989233,255,412165,1,4080,-4.020043,1,-0.75,Walking,True,0,0,0
1789903989233,255,412165,1,4080,-4.020043,1,-0.75,Walking,True,0,0,0
1789903989233,255,412165,1,4080,-4.020043,1,-0.75,Walking,True,0,0,0
1789903989233,255,412165,1,4080,-4.020043,1,-0.75,Walking,True,0,0,0
1789903989233,255,412165,1,4080,-4.020043,1,-0.75,Walking,True,0,0,0
1789903989248,256,413811,1,4096,-4.020043,1,-0.75,Walking,True,0,0,0
1789903989248,256,413811,1,4096,-4.020043,1,-0.75,Walking,True,0,0,0
1789903989248,256,413811,1,4096,-4.020043,1,-0.75,Walking,True,0,0,0
1789903989248,256,413811,1,4096,-4.020043,1,-0.75,Walking,True,0,0,0
1789903989248,256,413811,1,4096,-4.020043,1,-0.75,Walking,True,0,0,0
1789903989248,256,413811,1,4096,-4.020043,1,-0.75,Walking,True,0,0,0
1789903989248,256,413811,1,4096,-4.020043,1,-0.75,Walking,True,0,0,0
1789903989248,256,413811,1,4096,-4.020043,1,-0.75,Walking,True,0,0,0
1789903989264,257,415362,1,4112,-4.020043,1,-0.75,Walking,True,0,0,0
1789903989264,257,415362,1,4112,-4.020043,1,-0.75,Walking,True,0,0,0
1789903989264,257,415362,1,4112,-4.020043,1,-0.75,Walking,True,0,0,0
1789903989264,257,415362,1,4112,-4.020043,1,-0.75,Walking,True,0,0,0
1789903989264,257,415362,1,4112,-4.020043,1,-0.75,Walking,True,0,0,0
1789903989264,257,415362,1,4112,-4.020043,1,-0.75,Walking,True,0,0,0
1789903989264,257,415362,1,4112,-4.020043,1,-0.75,Walking,True,0,0,0
1789903989265,257,415362,1,4112,-4.020043,1,-0.75,Walking,True,0,0,0
1789903989280,258,417051,1,4128,-4.020043,1,-0.75,Walking,True,0,0,0
1789903989280,258,417051,1,4128,-4.020043,1,-0.75,Walking,True,0,0,0
1789903989280,258,417051,1,4128,-4.020043,1,-0.75,Walking,True,0,0,0
1789903989280,258,417051,1,4128,-4.020043,1,-0.75,Walking,True,0,0,0
1789903989280,258,417051,1,4128,-4.020043,1,-0.75,Walking,True,0,0,0
1789903989280,258,417051,1,4128,-4.020043,1,-0.75,Walking,True,0,0,0
1789903989280,258,417051,1,4128,-4.020043,1,-0.75,Walking,True,0,0,0
1789903989280,258,417051,1,4128,-4.020043,1,-0.75,Walking,True,0,0,0
1789903989296,259,418460,1,4144,-4.020043,1,-0.75,Walking,True,0,0,0
1789903989296,259,418460,1,4144,-4.020043,1,-0.75,Walking,True,0,0,0
1789903989296,259,418460,1,4144,-4.020043,1,-0.75,Walking,True,0,0,0
1789903989296,259,418460,1,4144,-4.020043,1,-0.75,Walking,True,0,0,0
1789903989296,259,418460,1,4144,-4.020043,1,-0.75,Walking,True,0,0,0
1789903989296,259,418460,1,4144,-4.020043,1,-0.75,Walking,True,0,0,0
1789903989296,259,418460,1,4144,-4.020043,1,-0.75,Walking,True,0,0,0
1789903989296,259,418460,1,4144,-4.020043,1,-0.75,Walking,True,0,0,0
1789903989311,260,420032,1,4160,-4.020043,1,-0.75,Walking,True,0,0,0
1789903989311,260,420032,1,4160,-4.020043,1,-0.75,Walking,True,0,0,0
1789903989311,260,420032,1,4160,-4.020043,1,-0.75,Walking,True,0,0,0
1789903989311,260,420032,1,4160,-4.020043,1,-0.75,Walking,True,0,0,0
1789903989311,260,420032,1,4160,-4.020043,1,-0.75,Walking,True,0,0,0
1789903989311,260,420032,1,4160,-4.020043,1,-0.75,Walking,True,0,0,0
1789903989311,260,420032,1,4160,-4.020043,1,-0.75,Walking,True,0,0,0
1789903989311,260,420032,1,4160,-4.020043,1,-0.75,Walking,True,0,0,0
1789903989326,261,421514,1,4176,-4.020043,1,-0.75,Walking,True,0,0,0
1789903989326,261,421514,1,4176,-4.020043,1,-0.75,Walking,True,0,0,0
1789903989326,261,421514,1,4176,-4.020043,1,-0.75,Walking,True,0,0,0
1789903989326,261,421514,1,4176,-4.020043,1,-0.75,Walking,True,0,0,0
1789903989326,261,421514,1,4176,-4.020043,1,-0.75,Walking,True,0,0,0
1789903989326,261,421514,1,4176,-4.020043,1,-0.75,Walking,True,0,0,0
1789903989326,261,421514,1,4176,-4.020043,1,-0.75,Walking,True,0,0,0
1789903989326,261,421514,1,4176,-4.020043,1,-0.75,Walking,True,0,0,0
1789903989342,262,423007,1,4192,-4.020043,1,-0.75,Walking,True,0,0,0
1789903989342,262,423007,1,4192,-4.020043,1,-0.75,Walking,True,0,0,0
1789903989342,262,423007,1,4192,-4.020043,1,-0.75,Walking,True,0,0,0
1789903989342,262,423007,1,4192,-4.020043,1,-0.75,Walking,True,0,0,0
1789903989343,262,423007,1,4192,-4.020043,1,-0.75,Walking,True,0,0,0
1789903989343,262,423007,1,4192,-4.020043,1,-0.75,Walking,True,0,0,0
1789903989343,262,423007,1,4192,-4.020043,1,-0.75,Walking,True,0,0,0
1789903989343,262,423007,1,4192,-4.020043,1,-0.75,Walking,True,0,0,0
1789903989358,263,424668,1,4208,-4.020043,1,-0.75,Walking,True,0,0,0
1789903989358,263,424668,1,4208,-4.020043,1,-0.75,Walking,True,0,0,0
1789903989358,263,424668,1,4208,-4.020043,1,-0.75,Walking,True,0,0,0
1789903989358,263,424668,1,4208,-4.020043,1,-0.75,Walking,True,0,0,0
1789903989358,263,424668,1,4208,-4.020043,1,-0.75,Walking,True,0,0,0
1789903989358,263,424668,1,4208,-4.020043,1,-0.75,Walking,True,0,0,0
1789903989358,263,424668,1,4208,-4.020043,1,-0.75,Walking,True,0,0,0
1789903989358,263,424668,1,4208,-4.020043,1,-0.75,Walking,True,0,0,0
1789903989593,264,455777,1,4224,-4.020043,1.061489,-0.75,Falling,False,0,3.84304,0
1789903989593,264,455777,1,4224,-4.020043,1.061489,-0.75,Falling,False,0,3.84304,0
1789903989593,264,455777,1,4224,-4.020043,1.061489,-0.75,Falling,False,0,3.84304,0
1789903989593,264,455777,1,4224,-4.020043,1.061489,-0.75,Falling,False,0,3.84304,0
1789903989593,264,455777,1,4224,-4.020043,1.061489,-0.75,Falling,False,0,3.84304,0
1789903989593,264,455777,1,4224,-4.020043,1.061489,-0.75,Falling,False,0,3.84304,0
1789903989593,264,455777,1,4224,-4.020043,1.061489,-0.75,Falling,False,0,3.84304,0
1789903989593,264,455777,1,4224,-4.020043,1.061489,-0.75,Falling,False,0,3.84304,0
1789903989596,265,458689,1,4240,-4.020043,1.120466,-0.75,Falling,False,0,3.68608,0
1789903989596,265,458689,1,4240,-4.020043,1.120466,-0.75,Falling,False,0,3.68608,0
1789903989596,265,458689,1,4240,-4.020043,1.120466,-0.75,Falling,False,0,3.68608,0
1789903989596,265,458689,1,4240,-4.020043,1.120466,-0.75,Falling,False,0,3.68608,0
1789903989596,265,458689,1,4240,-4.020043,1.120466,-0.75,Falling,False,0,3.68608,0
1789903989596,265,458689,1,4240,-4.020043,1.120466,-0.75,Falling,False,0,3.68608,0
1789903989596,265,458689,1,4240,-4.020043,1.120466,-0.75,Falling,False,0,3.68608,0
1789903989596,265,458689,1,4240,-4.020043,1.120466,-0.75,Falling,False,0,3.68608,0
1789903989623,266,458914,1,4256,-4.020043,1.176932,-0.75,Falling,False,0,3.52912,0
1789903989623,266,458914,1,4256,-4.020043,1.176932,-0.75,Falling,False,0,3.52912,0
1789903989623,266,458914,1,4256,-4.020043,1.176932,-0.75,Falling,False,0,3.52912,0
1789903989623,266,458914,1,4256,-4.020043,1.176932,-0.75,Falling,False,0,3.52912,0
1789903989623,266,458914,1,4256,-4.020043,1.176932,-0.75,Falling,False,0,3.52912,0
1789903989623,266,458914,1,4256,-4.020043,1.176932,-0.75,Falling,False,0,3.52912,0
1789903989623,266,458914,1,4256,-4.020043,1.176932,-0.75,Falling,False,0,3.52912,0
1789903989623,266,458914,1,4256,-4.020043,1.176932,-0.75,Falling,False,0,3.52912,0
1789903989639,267,461511,1,4272,-4.020043,1.230886,-0.75,Falling,False,0,3.37216,0
1789903989639,267,461511,1,4272,-4.020043,1.230886,-0.75,Falling,False,0,3.37216,0
1789903989639,267,461511,1,4272,-4.020043,1.230886,-0.75,Falling,False,0,3.37216,0
1789903989639,267,461511,1,4272,-4.020043,1.230886,-0.75,Falling,False,0,3.37216,0
1789903989639,267,461511,1,4272,-4.020043,1.230886,-0.75,Falling,False,0,3.37216,0
1789903989639,267,461511,1,4272,-4.020043,1.230886,-0.75,Falling,False,0,3.37216,0
1789903989639,267,461511,1,4272,-4.020043,1.230886,-0.75,Falling,False,0,3.37216,0
1789903989639,267,461511,1,4272,-4.020043,1.230886,-0.75,Falling,False,0,3.37216,0
1789903989655,268,463082,1,4288,-4.020043,1.28233,-0.75,Falling,False,0,3.2152,0
1789903989655,268,463082,1,4288,-4.020043,1.28233,-0.75,Falling,False,0,3.2152,0
1789903989655,268,463082,1,4288,-4.020043,1.28233,-0.75,Falling,False,0,3.2152,0
1789903989655,268,463082,1,4288,-4.020043,1.28233,-0.75,Falling,False,0,3.2152,0
1789903989655,268,463082,1,4288,-4.020043,1.28233,-0.75,Falling,False,0,3.2152,0
1789903989655,268,463082,1,4288,-4.020043,1.28233,-0.75,Falling,False,0,3.2152,0
1789903989655,268,463082,1,4288,-4.020043,1.28233,-0.75,Falling,False,0,3.2152,0
1789903989655,268,463082,1,4288,-4.020043,1.28233,-0.75,Falling,False,0,3.2152,0
1789903989670,269,464494,1,4304,-4.020043,1.331262,-0.75,Falling,False,0,3.05824,0
1789903989670,269,464494,1,4304,-4.020043,1.331262,-0.75,Falling,False,0,3.05824,0
1789903989670,269,464494,1,4304,-4.020043,1.331262,-0.75,Falling,False,0,3.05824,0
1789903989670,269,464494,1,4304,-4.020043,1.331262,-0.75,Falling,False,0,3.05824,0
1789903989670,269,464494,1,4304,-4.020043,1.331262,-0.75,Falling,False,0,3.05824,0
1789903989670,269,464494,1,4304,-4.020043,1.331262,-0.75,Falling,False,0,3.05824,0
1789903989670,269,464494,1,4304,-4.020043,1.331262,-0.75,Falling,False,0,3.05824,0
1789903989670,269,464494,1,4304,-4.020043,1.331262,-0.75,Falling,False,0,3.05824,0
1789903989686,270,465914,1,4320,-4.020043,1.377682,-0.75,Falling,False,0,2.90128,0
1789903989686,270,465914,1,4320,-4.020043,1.377682,-0.75,Falling,False,0,2.90128,0
1789903989686,270,465914,1,4320,-4.020043,1.377682,-0.75,Falling,False,0,2.90128,0
1789903989686,270,465914,1,4320,-4.020043,1.377682,-0.75,Falling,False,0,2.90128,0
1789903989686,270,465914,1,4320,-4.020043,1.377682,-0.75,Falling,False,0,2.90128,0
1789903989686,270,465914,1,4320,-4.020043,1.377682,-0.75,Falling,False,0,2.90128,0
1789903989686,270,465914,1,4320,-4.020043,1.377682,-0.75,Falling,False,0,2.90128,0
1789903989686,270,465914,1,4320,-4.020043,1.377682,-0.75,Falling,False,0,2.90128,0
1789903989701,271,467356,1,4336,-4.020043,1.421591,-0.75,Falling,False,0,2.74432,0
1789903989701,271,467356,1,4336,-4.020043,1.421591,-0.75,Falling,False,0,2.74432,0
1789903989701,271,467356,1,4336,-4.020043,1.421591,-0.75,Falling,False,0,2.74432,0
1789903989701,271,467356,1,4336,-4.020043,1.421591,-0.75,Falling,False,0,2.74432,0
1789903989701,271,467356,1,4336,-4.020043,1.421591,-0.75,Falling,False,0,2.74432,0
1789903989701,271,467356,1,4336,-4.020043,1.421591,-0.75,Falling,False,0,2.74432,0
1789903989701,271,467356,1,4336,-4.020043,1.421591,-0.75,Falling,False,0,2.74432,0
1789903989701,271,467356,1,4336,-4.020043,1.421591,-0.75,Falling,False,0,2.74432,0
1789903989718,272,468762,1,4352,-4.020043,1.462989,-0.75,Falling,False,0,2.58736,0
1789903989718,272,468762,1,4352,-4.020043,1.462989,-0.75,Falling,False,0,2.58736,0
1789903989718,272,468762,1,4352,-4.020043,1.462989,-0.75,Falling,False,0,2.58736,0
1789903989718,272,468762,1,4352,-4.020043,1.462989,-0.75,Falling,False,0,2.58736,0
1789903989718,272,468762,1,4352,-4.020043,1.462989,-0.75,Falling,False,0,2.58736,0
1789903989718,272,468762,1,4352,-4.020043,1.462989,-0.75,Falling,False,0,2.58736,0
1789903989718,272,468762,1,4352,-4.020043,1.462989,-0.75,Falling,False,0,2.58736,0
1789903989718,272,468762,1,4352,-4.020043,1.462989,-0.75,Falling,False,0,2.58736,0
1789903989733,273,470285,1,4368,-4.020043,1.501875,-0.75,Falling,False,0,2.4304,0
1789903989733,273,470285,1,4368,-4.020043,1.501875,-0.75,Falling,False,0,2.4304,0
1789903989733,273,470285,1,4368,-4.020043,1.501875,-0.75,Falling,False,0,2.4304,0
1789903989733,273,470285,1,4368,-4.020043,1.501875,-0.75,Falling,False,0,2.4304,0
1789903989733,273,470285,1,4368,-4.020043,1.501875,-0.75,Falling,False,0,2.4304,0
1789903989733,273,470285,1,4368,-4.020043,1.501875,-0.75,Falling,False,0,2.4304,0
1789903989733,273,470285,1,4368,-4.020043,1.501875,-0.75,Falling,False,0,2.4304,0
1789903989733,273,470285,1,4368,-4.020043,1.501875,-0.75,Falling,False,0,2.4304,0
1789903989749,274,471666,1,4384,-4.020043,1.53825,-0.75,Falling,False,0,2.27344,0
1789903989749,274,471666,1,4384,-4.020043,1.53825,-0.75,Falling,False,0,2.27344,0
1789903989749,274,471666,1,4384,-4.020043,1.53825,-0.75,Falling,False,0,2.27344,0
1789903989749,274,471666,1,4384,-4.020043,1.53825,-0.75,Falling,False,0,2.27344,0
1789903989749,274,471666,1,4384,-4.020043,1.53825,-0.75,Falling,False,0,2.27344,0
1789903989749,274,471666,1,4384,-4.020043,1.53825,-0.75,Falling,False,0,2.27344,0
1789903989749,274,471666,1,4384,-4.020043,1.53825,-0.75,Falling,False,0,2.27344,0
1789903989749,274,471666,1,4384,-4.020043,1.53825,-0.75,Falling,False,0,2.27344,0
1789903989765,275,473163,1,4400,-4.020043,1.572114,-0.75,Falling,False,0,2.11648,0
1789903989765,275,473163,1,4400,-4.020043,1.572114,-0.75,Falling,False,0,2.11648,0
1789903989765,275,473163,1,4400,-4.020043,1.572114,-0.75,Falling,False,0,2.11648,0
1789903989765,275,473163,1,4400,-4.020043,1.572114,-0.75,Falling,False,0,2.11648,0
1789903989765,275,473163,1,4400,-4.020043,1.572114,-0.75,Falling,False,0,2.11648,0
1789903989765,275,473163,1,4400,-4.020043,1.572114,-0.75,Falling,False,0,2.11648,0
1789903989765,275,473163,1,4400,-4.020043,1.572114,-0.75,Falling,False,0,2.11648,0
1789903989765,275,473163,1,4400,-4.020043,1.572114,-0.75,Falling,False,0,2.11648,0
1789903989780,276,474647,1,4416,-4.020043,1.603466,-0.75,Falling,False,0,1.95952,0
1789903989780,276,474647,1,4416,-4.020043,1.603466,-0.75,Falling,False,0,1.95952,0
1789903989780,276,474647,1,4416,-4.020043,1.603466,-0.75,Falling,False,0,1.95952,0
1789903989780,276,474647,1,4416,-4.020043,1.603466,-0.75,Falling,False,0,1.95952,0
1789903989780,276,474647,1,4416,-4.020043,1.603466,-0.75,Falling,False,0,1.95952,0
1789903989780,276,474647,1,4416,-4.020043,1.603466,-0.75,Falling,False,0,1.95952,0
1789903989780,276,474647,1,4416,-4.020043,1.603466,-0.75,Falling,False,0,1.95952,0
1789903989780,276,474647,1,4416,-4.020043,1.603466,-0.75,Falling,False,0,1.95952,0
1789903989797,277,476099,1,4432,-4.020043,1.632307,-0.75,Falling,False,0,1.80256,0
1789903989797,277,476099,1,4432,-4.020043,1.632307,-0.75,Falling,False,0,1.80256,0
1789903989797,277,476099,1,4432,-4.020043,1.632307,-0.75,Falling,False,0,1.80256,0
1789903989797,277,476099,1,4432,-4.020043,1.632307,-0.75,Falling,False,0,1.80256,0
1789903989797,277,476099,1,4432,-4.020043,1.632307,-0.75,Falling,False,0,1.80256,0
1789903989797,277,476099,1,4432,-4.020043,1.632307,-0.75,Falling,False,0,1.80256,0
1789903989797,277,476099,1,4432,-4.020043,1.632307,-0.75,Falling,False,0,1.80256,0
1789903989797,277,476099,1,4432,-4.020043,1.632307,-0.75,Falling,False,0,1.80256,0
1789903989812,278,477586,1,4448,-4.020043,1.658637,-0.75,Falling,False,0,1.6456,0
1789903989812,278,477586,1,4448,-4.020043,1.658637,-0.75,Falling,False,0,1.6456,0
1789903989812,278,477586,1,4448,-4.020043,1.658637,-0.75,Falling,False,0,1.6456,0
1789903989812,278,477586,1,4448,-4.020043,1.658637,-0.75,Falling,False,0,1.6456,0
1789903989812,278,477586,1,4448,-4.020043,1.658637,-0.75,Falling,False,0,1.6456,0
1789903989812,278,477586,1,4448,-4.020043,1.658637,-0.75,Falling,False,0,1.6456,0
1789903989812,278,477586,1,4448,-4.020043,1.658637,-0.75,Falling,False,0,1.6456,0
1789903989812,278,477586,1,4448,-4.020043,1.658637,-0.75,Falling,False,0,1.6456,0
1789903989828,279,479037,1,4464,-4.020043,1.682455,-0.75,Falling,False,0,1.48864,0
1789903989828,279,479037,1,4464,-4.020043,1.682455,-0.75,Falling,False,0,1.48864,0
1789903989828,279,479037,1,4464,-4.020043,1.682455,-0.75,Falling,False,0,1.48864,0
1789903989828,279,479037,1,4464,-4.020043,1.682455,-0.75,Falling,False,0,1.48864,0
1789903989828,279,479037,1,4464,-4.020043,1.682455,-0.75,Falling,False,0,1.48864,0
1789903989828,279,479037,1,4464,-4.020043,1.682455,-0.75,Falling,False,0,1.48864,0
1789903989828,279,479037,1,4464,-4.020043,1.682455,-0.75,Falling,False,0,1.48864,0
1789903989828,279,479037,1,4464,-4.020043,1.682455,-0.75,Falling,False,0,1.48864,0
1789903989844,280,480524,1,4480,-4.020043,1.703762,-0.75,Falling,False,0,1.33168,0
1789903989844,280,480524,1,4480,-4.020043,1.703762,-0.75,Falling,False,0,1.33168,0
1789903989844,280,480524,1,4480,-4.020043,1.703762,-0.75,Falling,False,0,1.33168,0
1789903989844,280,480524,1,4480,-4.020043,1.703762,-0.75,Falling,False,0,1.33168,0
1789903989844,280,480524,1,4480,-4.020043,1.703762,-0.75,Falling,False,0,1.33168,0
1789903989844,280,480524,1,4480,-4.020043,1.703762,-0.75,Falling,False,0,1.33168,0
1789903989844,280,480524,1,4480,-4.020043,1.703762,-0.75,Falling,False,0,1.33168,0
1789903989844,280,480524,1,4480,-4.020043,1.703762,-0.75,Falling,False,0,1.33168,0
1789903989860,281,481991,1,4496,-4.020043,1.722558,-0.75,Falling,False,0,1.17472,0
1789903989860,281,481991,1,4496,-4.020043,1.722558,-0.75,Falling,False,0,1.17472,0
1789903989860,281,481991,1,4496,-4.020043,1.722558,-0.75,Falling,False,0,1.17472,0
1789903989860,281,481991,1,4496,-4.020043,1.722558,-0.75,Falling,False,0,1.17472,0
1789903989860,281,481991,1,4496,-4.020043,1.722558,-0.75,Falling,False,0,1.17472,0
1789903989860,281,481991,1,4496,-4.020043,1.722558,-0.75,Falling,False,0,1.17472,0
1789903989860,281,481991,1,4496,-4.020043,1.722558,-0.75,Falling,False,0,1.17472,0
1789903989860,281,481991,1,4496,-4.020043,1.722558,-0.75,Falling,False,0,1.17472,0
1789903989875,282,483492,1,4512,-4.020043,1.738842,-0.75,Falling,False,0,1.01776,0
1789903989875,282,483492,1,4512,-4.020043,1.738842,-0.75,Falling,False,0,1.01776,0
1789903989875,282,483492,1,4512,-4.020043,1.738842,-0.75,Falling,False,0,1.01776,0
1789903989875,282,483492,1,4512,-4.020043,1.738842,-0.75,Falling,False,0,1.01776,0
1789903989875,282,483492,1,4512,-4.020043,1.738842,-0.75,Falling,False,0,1.01776,0
1789903989875,282,483492,1,4512,-4.020043,1.738842,-0.75,Falling,False,0,1.01776,0
1789903989875,282,483492,1,4512,-4.020043,1.738842,-0.75,Falling,False,0,1.01776,0
1789903989875,282,483492,1,4512,-4.020043,1.738842,-0.75,Falling,False,0,1.01776,0
1789903989891,283,484943,1,4528,-4.020043,1.752614,-0.75,Falling,False,0,0.8608,0
1789903989891,283,484943,1,4528,-4.020043,1.752614,-0.75,Falling,False,0,0.8608,0
1789903989891,283,484943,1,4528,-4.020043,1.752614,-0.75,Falling,False,0,0.8608,0
1789903989891,283,484943,1,4528,-4.020043,1.752614,-0.75,Falling,False,0,0.8608,0
1789903989891,283,484943,1,4528,-4.020043,1.752614,-0.75,Falling,False,0,0.8608,0
1789903989891,283,484943,1,4528,-4.020043,1.752614,-0.75,Falling,False,0,0.8608,0
1789903989891,283,484943,1,4528,-4.020043,1.752614,-0.75,Falling,False,0,0.8608,0
1789903989891,283,484943,1,4528,-4.020043,1.752614,-0.75,Falling,False,0,0.8608,0
1789903989907,284,486493,1,4544,-4.020043,1.763876,-0.75,Falling,False,0,0.70384,0
1789903989907,284,486493,1,4544,-4.020043,1.763876,-0.75,Falling,False,0,0.70384,0
1789903989907,284,486493,1,4544,-4.020043,1.763876,-0.75,Falling,False,0,0.70384,0
1789903989907,284,486493,1,4544,-4.020043,1.763876,-0.75,Falling,False,0,0.70384,0
1789903989907,284,486493,1,4544,-4.020043,1.763876,-0.75,Falling,False,0,0.70384,0
1789903989907,284,486493,1,4544,-4.020043,1.763876,-0.75,Falling,False,0,0.70384,0
1789903989907,284,486493,1,4544,-4.020043,1.763876,-0.75,Falling,False,0,0.70384,0
1789903989907,284,486493,1,4544,-4.020043,1.763876,-0.75,Falling,False,0,0.70384,0
1789903989922,285,488008,1,4560,-4.020043,1.772626,-0.75,Falling,False,0,0.54688,0
1789903989922,285,488008,1,4560,-4.020043,1.772626,-0.75,Falling,False,0,0.54688,0
1789903989922,285,488008,1,4560,-4.020043,1.772626,-0.75,Falling,False,0,0.54688,0
1789903989922,285,488008,1,4560,-4.020043,1.772626,-0.75,Falling,False,0,0.54688,0
1789903989922,285,488008,1,4560,-4.020043,1.772626,-0.75,Falling,False,0,0.54688,0
1789903989922,285,488008,1,4560,-4.020043,1.772626,-0.75,Falling,False,0,0.54688,0
1789903989922,285,488008,1,4560,-4.020043,1.772626,-0.75,Falling,False,0,0.54688,0
1789903989922,285,488008,1,4560,-4.020043,1.772626,-0.75,Falling,False,0,0.54688,0
1789903989937,286,489404,1,4576,-4.020043,1.778865,-0.75,Falling,False,0,0.38992,0
1789903989937,286,489404,1,4576,-4.020043,1.778865,-0.75,Falling,False,0,0.38992,0
1789903989937,286,489404,1,4576,-4.020043,1.778865,-0.75,Falling,False,0,0.38992,0
1789903989937,286,489404,1,4576,-4.020043,1.778865,-0.75,Falling,False,0,0.38992,0
1789903989937,286,489404,1,4576,-4.020043,1.778865,-0.75,Falling,False,0,0.38992,0
1789903989937,286,489404,1,4576,-4.020043,1.778865,-0.75,Falling,False,0,0.38992,0
1789903989937,286,489404,1,4576,-4.020043,1.778865,-0.75,Falling,False,0,0.38992,0
1789903989937,286,489404,1,4576,-4.020043,1.778865,-0.75,Falling,False,0,0.38992,0
1789903989953,287,490813,1,4592,-4.020043,1.782592,-0.75,Falling,False,0,0.23296,0
1789903989953,287,490813,1,4592,-4.020043,1.782592,-0.75,Falling,False,0,0.23296,0
1789903989953,287,490813,1,4592,-4.020043,1.782592,-0.75,Falling,False,0,0.23296,0
1789903989953,287,490813,1,4592,-4.020043,1.782592,-0.75,Falling,False,0,0.23296,0
1789903989953,287,490813,1,4592,-4.020043,1.782592,-0.75,Falling,False,0,0.23296,0
1789903989953,287,490813,1,4592,-4.020043,1.782592,-0.75,Falling,False,0,0.23296,0
1789903989953,287,490813,1,4592,-4.020043,1.782592,-0.75,Falling,False,0,0.23296,0
1789903989953,287,490813,1,4592,-4.020043,1.782592,-0.75,Falling,False,0,0.23296,0
1789903989969,288,492324,1,4608,-4.020043,1.783808,-0.75,Falling,False,0,0.076,0
1789903989969,288,492324,1,4608,-4.020043,1.783808,-0.75,Falling,False,0,0.076,0
1789903989969,288,492324,1,4608,-4.020043,1.783808,-0.75,Falling,False,0,0.076,0
1789903989969,288,492324,1,4608,-4.020043,1.783808,-0.75,Falling,False,0,0.076,0
1789903989969,288,492324,1,4608,-4.020043,1.783808,-0.75,Falling,False,0,0.076,0
1789903989969,288,492324,1,4608,-4.020043,1.783808,-0.75,Falling,False,0,0.076,0
1789903989969,288,492324,1,4608,-4.020043,1.783808,-0.75,Falling,False,0,0.076,0
1789903989969,288,492324,1,4608,-4.020043,1.783808,-0.75,Falling,False,0,0.076,0
1789903989984,289,493751,1,4624,-4.020043,1.782513,-0.75,Falling,False,0,-0.08096,0
1789903989984,289,493751,1,4624,-4.020043,1.782513,-0.75,Falling,False,0,-0.08096,0
1789903989984,289,493751,1,4624,-4.020043,1.782513,-0.75,Falling,False,0,-0.08096,0
1789903989984,289,493751,1,4624,-4.020043,1.782513,-0.75,Falling,False,0,-0.08096,0
1789903989984,289,493751,1,4624,-4.020043,1.782513,-0.75,Falling,False,0,-0.08096,0
1789903989984,289,493751,1,4624,-4.020043,1.782513,-0.75,Falling,False,0,-0.08096,0
1789903989984,289,493751,1,4624,-4.020043,1.782513,-0.75,Falling,False,0,-0.08096,0
1789903989984,289,493751,1,4624,-4.020043,1.782513,-0.75,Falling,False,0,-0.08096,0
1789903989999,290,495104,1,4640,-4.020043,1.778706,-0.75,Falling,False,0,-0.23792,0
1789903989999,290,495104,1,4640,-4.020043,1.778706,-0.75,Falling,False,0,-0.23792,0
1789903989999,290,495104,1,4640,-4.020043,1.778706,-0.75,Falling,False,0,-0.23792,0
1789903989999,290,495104,1,4640,-4.020043,1.778706,-0.75,Falling,False,0,-0.23792,0
1789903989999,290,495104,1,4640,-4.020043,1.778706,-0.75,Falling,False,0,-0.23792,0
1789903989999,290,495104,1,4640,-4.020043,1.778706,-0.75,Falling,False,0,-0.23792,0
1789903989999,290,495104,1,4640,-4.020043,1.778706,-0.75,Falling,False,0,-0.23792,0
1789903989999,290,495104,1,4640,-4.020043,1.778706,-0.75,Falling,False,0,-0.23792,0
1789903990014,291,496623,1,4656,-4.020043,1.772388,-0.75,Falling,False,0,-0.39488,0
1789903990014,291,496623,1,4656,-4.020043,1.772388,-0.75,Falling,False,0,-0.39488,0
1789903990014,291,496623,1,4656,-4.020043,1.772388,-0.75,Falling,False,0,-0.39488,0
1789903990014,291,496623,1,4656,-4.020043,1.772388,-0.75,Falling,False,0,-0.39488,0
1789903990014,291,496623,1,4656,-4.020043,1.772388,-0.75,Falling,False,0,-0.39488,0
1789903990014,291,496623,1,4656,-4.020043,1.772388,-0.75,Falling,False,0,-0.39488,0
1789903990014,291,496623,1,4656,-4.020043,1.772388,-0.75,Falling,False,0,-0.39488,0
1789903990014,291,496623,1,4656,-4.020043,1.772388,-0.75,Falling,False,0,-0.39488,0
1789903990029,292,497992,1,4672,-4.020043,1.763559,-0.75,Falling,False,0,-0.55184,0
1789903990029,292,497992,1,4672,-4.020043,1.763559,-0.75,Falling,False,0,-0.55184,0
1789903990029,292,497992,1,4672,-4.020043,1.763559,-0.75,Falling,False,0,-0.55184,0
1789903990029,292,497992,1,4672,-4.020043,1.763559,-0.75,Falling,False,0,-0.55184,0
1789903990029,292,497992,1,4672,-4.020043,1.763559,-0.75,Falling,False,0,-0.55184,0
1789903990029,292,497992,1,4672,-4.020043,1.763559,-0.75,Falling,False,0,-0.55184,0
1789903990029,292,497992,1,4672,-4.020043,1.763559,-0.75,Falling,False,0,-0.55184,0
1789903990029,292,497992,1,4672,-4.020043,1.763559,-0.75,Falling,False,0,-0.55184,0
1789903990045,293,499376,1,4688,-4.020043,1.752218,-0.75,Falling,False,0,-0.7088,0
1789903990045,293,499376,1,4688,-4.020043,1.752218,-0.75,Falling,False,0,-0.7088,0
1789903990045,293,499376,1,4688,-4.020043,1.752218,-0.75,Falling,False,0,-0.7088,0
1789903990045,293,499376,1,4688,-4.020043,1.752218,-0.75,Falling,False,0,-0.7088,0
1789903990045,293,499376,1,4688,-4.020043,1.752218,-0.75,Falling,False,0,-0.7088,0
1789903990045,293,499376,1,4688,-4.020043,1.752218,-0.75,Falling,False,0,-0.7088,0
1789903990045,293,499376,1,4688,-4.020043,1.752218,-0.75,Falling,False,0,-0.7088,0
1789903990045,293,499376,1,4688,-4.020043,1.752218,-0.75,Falling,False,0,-0.7088,0
1789903990060,294,500768,1,4704,-4.020043,1.738366,-0.75,Falling,False,0,-0.86576,0
1789903990060,294,500768,1,4704,-4.020043,1.738366,-0.75,Falling,False,0,-0.86576,0
1789903990060,294,500768,1,4704,-4.020043,1.738366,-0.75,Falling,False,0,-0.86576,0
1789903990060,294,500768,1,4704,-4.020043,1.738366,-0.75,Falling,False,0,-0.86576,0
1789903990060,294,500768,1,4704,-4.020043,1.738366,-0.75,Falling,False,0,-0.86576,0
1789903990060,294,500768,1,4704,-4.020043,1.738366,-0.75,Falling,False,0,-0.86576,0
1789903990060,294,500768,1,4704,-4.020043,1.738366,-0.75,Falling,False,0,-0.86576,0
1789903990060,294,500768,1,4704,-4.020043,1.738366,-0.75,Falling,False,0,-0.86576,0
1789903990076,295,502224,1,4720,-4.020043,1.722002,-0.75,Falling,False,0,-1.02272,0
1789903990076,295,502224,1,4720,-4.020043,1.722002,-0.75,Falling,False,0,-1.02272,0
1789903990076,295,502224,1,4720,-4.020043,1.722002,-0.75,Falling,False,0,-1.02272,0
1789903990076,295,502224,1,4720,-4.020043,1.722002,-0.75,Falling,False,0,-1.02272,0
1789903990076,295,502224,1,4720,-4.020043,1.722002,-0.75,Falling,False,0,-1.02272,0
1789903990076,295,502224,1,4720,-4.020043,1.722002,-0.75,Falling,False,0,-1.02272,0
1789903990076,295,502224,1,4720,-4.020043,1.722002,-0.75,Falling,False,0,-1.02272,0
1789903990076,295,502224,1,4720,-4.020043,1.722002,-0.75,Falling,False,0,-1.02272,0
1789903990091,296,503741,1,4736,-4.020043,1.703127,-0.75,Falling,False,0,-1.17968,0
1789903990091,296,503741,1,4736,-4.020043,1.703127,-0.75,Falling,False,0,-1.17968,0
1789903990091,296,503741,1,4736,-4.020043,1.703127,-0.75,Falling,False,0,-1.17968,0
1789903990091,296,503741,1,4736,-4.020043,1.703127,-0.75,Falling,False,0,-1.17968,0
1789903990091,296,503741,1,4736,-4.020043,1.703127,-0.75,Falling,False,0,-1.17968,0
1789903990091,296,503741,1,4736,-4.020043,1.703127,-0.75,Falling,False,0,-1.17968,0
1789903990091,296,503741,1,4736,-4.020043,1.703127,-0.75,Falling,False,0,-1.17968,0
1789903990091,296,503741,1,4736,-4.020043,1.703127,-0.75,Falling,False,0,-1.17968,0
1789903990107,297,505254,1,4752,-4.020043,1.681741,-0.75,Falling,False,0,-1.33664,0
1789903990107,297,505254,1,4752,-4.020043,1.681741,-0.75,Falling,False,0,-1.33664,0
1789903990107,297,505254,1,4752,-4.020043,1.681741,-0.75,Falling,False,0,-1.33664,0
1789903990107,297,505254,1,4752,-4.020043,1.681741,-0.75,Falling,False,0,-1.33664,0
1789903990107,297,505254,1,4752,-4.020043,1.681741,-0.75,Falling,False,0,-1.33664,0
1789903990107,297,505254,1,4752,-4.020043,1.681741,-0.75,Falling,False,0,-1.33664,0
1789903990107,297,505254,1,4752,-4.020043,1.681741,-0.75,Falling,False,0,-1.33664,0
1789903990107,297,505254,1,4752,-4.020043,1.681741,-0.75,Falling,False,0,-1.33664,0
1789903990121,298,506660,1,4768,-4.020043,1.657843,-0.75,Falling,False,0,-1.4936,0
1789903990121,298,506660,1,4768,-4.020043,1.657843,-0.75,Falling,False,0,-1.4936,0
1789903990121,298,506660,1,4768,-4.020043,1.657843,-0.75,Falling,False,0,-1.4936,0
1789903990121,298,506660,1,4768,-4.020043,1.657843,-0.75,Falling,False,0,-1.4936,0
1789903990121,298,506660,1,4768,-4.020043,1.657843,-0.75,Falling,False,0,-1.4936,0
1789903990121,298,506660,1,4768,-4.020043,1.657843,-0.75,Falling,False,0,-1.4936,0
1789903990121,298,506660,1,4768,-4.020043,1.657843,-0.75,Falling,False,0,-1.4936,0
1789903990121,298,506660,1,4768,-4.020043,1.657843,-0.75,Falling,False,0,-1.4936,0
1789903990137,299,508037,1,4784,-4.020043,1.631434,-0.75,Falling,False,0,-1.65056,0
1789903990137,299,508037,1,4784,-4.020043,1.631434,-0.75,Falling,False,0,-1.65056,0
1789903990137,299,508037,1,4784,-4.020043,1.631434,-0.75,Falling,False,0,-1.65056,0
1789903990137,299,508037,1,4784,-4.020043,1.631434,-0.75,Falling,False,0,-1.65056,0
1789903990137,299,508037,1,4784,-4.020043,1.631434,-0.75,Falling,False,0,-1.65056,0
1789903990137,299,508037,1,4784,-4.020043,1.631434,-0.75,Falling,False,0,-1.65056,0
1789903990137,299,508037,1,4784,-4.020043,1.631434,-0.75,Falling,False,0,-1.65056,0
1789903990137,299,508037,1,4784,-4.020043,1.631434,-0.75,Falling,False,0,-1.65056,0
1789903990153,300,509473,1,4800,-4.020043,1.602514,-0.75,Falling,False,0,-1.80752,0
1789903990153,300,509473,1,4800,-4.020043,1.602514,-0.75,Falling,False,0,-1.80752,0
1789903990153,300,509473,1,4800,-4.020043,1.602514,-0.75,Falling,False,0,-1.80752,0
1789903990153,300,509473,1,4800,-4.020043,1.602514,-0.75,Falling,False,0,-1.80752,0
1789903990153,300,509473,1,4800,-4.020043,1.602514,-0.75,Falling,False,0,-1.80752,0
1789903990153,300,509473,1,4800,-4.020043,1.602514,-0.75,Falling,False,0,-1.80752,0
1789903990153,300,509473,1,4800,-4.020043,1.602514,-0.75,Falling,False,0,-1.80752,0
1789903990153,300,509473,1,4800,-4.020043,1.602514,-0.75,Falling,False,0,-1.80752,0
1789903990184,301,510981,1,4816,-4.020043,1.571082,-0.75,Falling,False,0,-1.96448,0
1789903990184,301,510981,1,4816,-4.020043,1.571082,-0.75,Falling,False,0,-1.96448,0
1789903990184,301,510981,1,4816,-4.020043,1.571082,-0.75,Falling,False,0,-1.96448,0
1789903990184,301,510981,1,4816,-4.020043,1.571082,-0.75,Falling,False,0,-1.96448,0
1789903990184,301,510981,1,4816,-4.020043,1.571082,-0.75,Falling,False,0,-1.96448,0
1789903990184,301,510981,1,4816,-4.020043,1.571082,-0.75,Falling,False,0,-1.96448,0
1789903990184,301,510981,1,4816,-4.020043,1.571082,-0.75,Falling,False,0,-1.96448,0
1789903990184,301,510981,1,4816,-4.020043,1.571082,-0.75,Falling,False,0,-1.96448,0
1789903990199,302,513975,1,4832,-4.020043,1.537139,-0.75,Falling,False,0,-2.12144,0
1789903990199,302,513975,1,4832,-4.020043,1.537139,-0.75,Falling,False,0,-2.12144,0
1789903990199,302,513975,1,4832,-4.020043,1.537139,-0.75,Falling,False,0,-2.12144,0
1789903990199,302,513975,1,4832,-4.020043,1.537139,-0.75,Falling,False,0,-2.12144,0
1789903990199,302,513975,1,4832,-4.020043,1.537139,-0.75,Falling,False,0,-2.12144,0
1789903990199,302,513975,1,4832,-4.020043,1.537139,-0.75,Falling,False,0,-2.12144,0
1789903990199,302,513975,1,4832,-4.020043,1.537139,-0.75,Falling,False,0,-2.12144,0
1789903990199,302,513975,1,4832,-4.020043,1.537139,-0.75,Falling,False,0,-2.12144,0
1789903990214,303,515412,1,4848,-4.020043,1.500685,-0.75,Falling,False,0,-2.2784,0
1789903990214,303,515412,1,4848,-4.020043,1.500685,-0.75,Falling,False,0,-2.2784,0
1789903990214,303,515412,1,4848,-4.020043,1.500685,-0.75,Falling,False,0,-2.2784,0
1789903990214,303,515412,1,4848,-4.020043,1.500685,-0.75,Falling,False,0,-2.2784,0
1789903990214,303,515412,1,4848,-4.020043,1.500685,-0.75,Falling,False,0,-2.2784,0
1789903990214,303,515412,1,4848,-4.020043,1.500685,-0.75,Falling,False,0,-2.2784,0
1789903990214,303,515412,1,4848,-4.020043,1.500685,-0.75,Falling,False,0,-2.2784,0
1789903990214,303,515412,1,4848,-4.020043,1.500685,-0.75,Falling,False,0,-2.2784,0
1789903990229,304,516864,1,4864,-4.020043,1.461719,-0.75,Falling,False,0,-2.43536,0
1789903990229,304,516864,1,4864,-4.020043,1.461719,-0.75,Falling,False,0,-2.43536,0
1789903990229,304,516864,1,4864,-4.020043,1.461719,-0.75,Falling,False,0,-2.43536,0
1789903990229,304,516864,1,4864,-4.020043,1.461719,-0.75,Falling,False,0,-2.43536,0
1789903990229,304,516864,1,4864,-4.020043,1.461719,-0.75,Falling,False,0,-2.43536,0
1789903990229,304,516864,1,4864,-4.020043,1.461719,-0.75,Falling,False,0,-2.43536,0
1789903990229,304,516864,1,4864,-4.020043,1.461719,-0.75,Falling,False,0,-2.43536,0
1789903990229,304,516864,1,4864,-4.020043,1.461719,-0.75,Falling,False,0,-2.43536,0
1789903990245,305,518332,1,4880,-4.020043,1.420242,-0.75,Falling,False,0,-2.59232,0
1789903990245,305,518332,1,4880,-4.020043,1.420242,-0.75,Falling,False,0,-2.59232,0
1789903990245,305,518332,1,4880,-4.020043,1.420242,-0.75,Falling,False,0,-2.59232,0
1789903990245,305,518332,1,4880,-4.020043,1.420242,-0.75,Falling,False,0,-2.59232,0
1789903990245,305,518332,1,4880,-4.020043,1.420242,-0.75,Falling,False,0,-2.59232,0
1789903990245,305,518332,1,4880,-4.020043,1.420242,-0.75,Falling,False,0,-2.59232,0
1789903990245,305,518332,1,4880,-4.020043,1.420242,-0.75,Falling,False,0,-2.59232,0
1789903990245,305,518332,1,4880,-4.020043,1.420242,-0.75,Falling,False,0,-2.59232,0
1789903990260,306,519836,1,4896,-4.020043,1.376253,-0.75,Falling,False,0,-2.74928,0
1789903990260,306,519836,1,4896,-4.020043,1.376253,-0.75,Falling,False,0,-2.74928,0
1789903990260,306,519836,1,4896,-4.020043,1.376253,-0.75,Falling,False,0,-2.74928,0
1789903990260,306,519836,1,4896,-4.020043,1.376253,-0.75,Falling,False,0,-2.74928,0
1789903990260,306,519836,1,4896,-4.020043,1.376253,-0.75,Falling,False,0,-2.74928,0
1789903990260,306,519836,1,4896,-4.020043,1.376253,-0.75,Falling,False,0,-2.74928,0
1789903990260,306,519836,1,4896,-4.020043,1.376253,-0.75,Falling,False,0,-2.74928,0
1789903990260,306,519836,1,4896,-4.020043,1.376253,-0.75,Falling,False,0,-2.74928,0
1789903990276,307,521347,1,4912,-4.020043,1.329754,-0.75,Falling,False,0,-2.90624,0
1789903990276,307,521347,1,4912,-4.020043,1.329754,-0.75,Falling,False,0,-2.90624,0
1789903990276,307,521347,1,4912,-4.020043,1.329754,-0.75,Falling,False,0,-2.90624,0
1789903990276,307,521347,1,4912,-4.020043,1.329754,-0.75,Falling,False,0,-2.90624,0
1789903990276,307,521347,1,4912,-4.020043,1.329754,-0.75,Falling,False,0,-2.90624,0
1789903990276,307,521347,1,4912,-4.020043,1.329754,-0.75,Falling,False,0,-2.90624,0
1789903990276,307,521347,1,4912,-4.020043,1.329754,-0.75,Falling,False,0,-2.90624,0
1789903990276,307,521347,1,4912,-4.020043,1.329754,-0.75,Falling,False,0,-2.90624,0
1789903990291,308,522851,1,4928,-4.020043,1.280742,-0.75,Falling,False,0,-3.0632,0
1789903990291,308,522851,1,4928,-4.020043,1.280742,-0.75,Falling,False,0,-3.0632,0
1789903990291,308,522851,1,4928,-4.020043,1.280742,-0.75,Falling,False,0,-3.0632,0
1789903990291,308,522851,1,4928,-4.020043,1.280742,-0.75,Falling,False,0,-3.0632,0
1789903990291,308,522851,1,4928,-4.020043,1.280742,-0.75,Falling,False,0,-3.0632,0
1789903990291,308,522851,1,4928,-4.020043,1.280742,-0.75,Falling,False,0,-3.0632,0
1789903990291,308,522851,1,4928,-4.020043,1.280742,-0.75,Falling,False,0,-3.0632,0
1789903990291,308,522851,1,4928,-4.020043,1.280742,-0.75,Falling,False,0,-3.0632,0
1789903990307,309,524359,1,4944,-4.020043,1.22922,-0.75,Falling,False,0,-3.22016,0
1789903990307,309,524359,1,4944,-4.020043,1.22922,-0.75,Falling,False,0,-3.22016,0
1789903990307,309,524359,1,4944,-4.020043,1.22922,-0.75,Falling,False,0,-3.22016,0
1789903990307,309,524359,1,4944,-4.020043,1.22922,-0.75,Falling,False,0,-3.22016,0
1789903990307,309,524359,1,4944,-4.020043,1.22922,-0.75,Falling,False,0,-3.22016,0
1789903990307,309,524359,1,4944,-4.020043,1.22922,-0.75,Falling,False,0,-3.22016,0
1789903990307,309,524359,1,4944,-4.020043,1.22922,-0.75,Falling,False,0,-3.22016,0
1789903990307,309,524359,1,4944,-4.020043,1.22922,-0.75,Falling,False,0,-3.22016,0
1789903990322,310,525931,1,4960,-4.020043,1.175186,-0.75,Falling,False,0,-3.37712,0
1789903990322,310,525931,1,4960,-4.020043,1.175186,-0.75,Falling,False,0,-3.37712,0
1789903990322,310,525931,1,4960,-4.020043,1.175186,-0.75,Falling,False,0,-3.37712,0
1789903990322,310,525931,1,4960,-4.020043,1.175186,-0.75,Falling,False,0,-3.37712,0
1789903990322,310,525931,1,4960,-4.020043,1.175186,-0.75,Falling,False,0,-3.37712,0
1789903990322,310,525931,1,4960,-4.020043,1.175186,-0.75,Falling,False,0,-3.37712,0
1789903990322,310,525931,1,4960,-4.020043,1.175186,-0.75,Falling,False,0,-3.37712,0
1789903990322,310,525931,1,4960,-4.020043,1.175186,-0.75,Falling,False,0,-3.37712,0
1789903990338,311,527340,1,4976,-4.020043,1.118641,-0.75,Falling,False,0,-3.534081,0
1789903990338,311,527340,1,4976,-4.020043,1.118641,-0.75,Falling,False,0,-3.534081,0
1789903990338,311,527340,1,4976,-4.020043,1.118641,-0.75,Falling,False,0,-3.534081,0
1789903990338,311,527340,1,4976,-4.020043,1.118641,-0.75,Falling,False,0,-3.534081,0
1789903990338,311,527340,1,4976,-4.020043,1.118641,-0.75,Falling,False,0,-3.534081,0
1789903990338,311,527340,1,4976,-4.020043,1.118641,-0.75,Falling,False,0,-3.534081,0
1789903990338,311,527340,1,4976,-4.020043,1.118641,-0.75,Falling,False,0,-3.534081,0
1789903990338,311,527340,1,4976,-4.020043,1.118641,-0.75,Falling,False,0,-3.534081,0
1789903990354,312,528784,1,4992,-4.020043,1.059584,-0.75,Falling,False,0,-3.691041,0
1789903990354,312,528784,1,4992,-4.020043,1.059584,-0.75,Falling,False,0,-3.691041,0
1789903990354,312,528784,1,4992,-4.020043,1.059584,-0.75,Falling,False,0,-3.691041,0
1789903990354,312,528784,1,4992,-4.020043,1.059584,-0.75,Falling,False,0,-3.691041,0
1789903990354,312,528784,1,4992,-4.020043,1.059584,-0.75,Falling,False,0,-3.691041,0
1789903990354,312,528784,1,4992,-4.020043,1.059584,-0.75,Falling,False,0,-3.691041,0
1789903990354,312,528784,1,4992,-4.020043,1.059584,-0.75,Falling,False,0,-3.691041,0
1789903990354,312,528784,1,4992,-4.020043,1.059584,-0.75,Falling,False,0,-3.691041,0
1789903990369,313,530267,1,5008,-4.020043,1,-0.75,Walking,True,0,0,0
1789903990369,313,530267,1,5008,-4.020043,1,-0.75,Walking,True,0,0,0
1789903990369,313,530267,1,5008,-4.020043,1,-0.75,Walking,True,0,0,0
1789903990369,313,530267,1,5008,-4.020043,1,-0.75,Walking,True,0,0,0
1789903990369,313,530267,1,5008,-4.020043,1,-0.75,Walking,True,0,0,0
1789903990369,313,530267,1,5008,-4.020043,1,-0.75,Walking,True,0,0,0
1789903990369,313,530267,1,5008,-4.020043,1,-0.75,Walking,True,0,0,0
1789903990369,313,530267,1,5008,-4.020043,1,-0.75,Walking,True,0,0,0
1789903990384,314,531634,1,5024,-4.020043,1,-0.75,Walking,True,0,0,0
1789903990384,314,531634,1,5024,-4.020043,1,-0.75,Walking,True,0,0,0
1789903990384,314,531634,1,5024,-4.020043,1,-0.75,Walking,True,0,0,0
1789903990384,314,531634,1,5024,-4.020043,1,-0.75,Walking,True,0,0,0
1789903990384,314,531634,1,5024,-4.020043,1,-0.75,Walking,True,0,0,0
1789903990384,314,531634,1,5024,-4.020043,1,-0.75,Walking,True,0,0,0
1789903990384,314,531634,1,5024,-4.020043,1,-0.75,Walking,True,0,0,0
1789903990384,314,531634,1,5024,-4.020043,1,-0.75,Walking,True,0,0,0
1789903990400,315,533145,1,5040,-4.020043,1,-0.75,Walking,True,0,0,0
1789903990400,315,533145,1,5040,-4.020043,1,-0.75,Walking,True,0,0,0
1789903990400,315,533145,1,5040,-4.020043,1,-0.75,Walking,True,0,0,0
1789903990400,315,533145,1,5040,-4.020043,1,-0.75,Walking,True,0,0,0
1789903990400,315,533145,1,5040,-4.020043,1,-0.75,Walking,True,0,0,0
1789903990400,315,533145,1,5040,-4.020043,1,-0.75,Walking,True,0,0,0
1789903990400,315,533145,1,5040,-4.020043,1,-0.75,Walking,True,0,0,0
1789903990400,315,533145,1,5040,-4.020043,1,-0.75,Walking,True,0,0,0
1789903990416,316,534732,1,5056,-4.020043,1,-0.75,Walking,True,0,0,0
1789903990416,316,534732,1,5056,-4.020043,1,-0.75,Walking,True,0,0,0
1789903990416,316,534732,1,5056,-4.020043,1,-0.75,Walking,True,0,0,0
1789903990416,316,534732,1,5056,-4.020043,1,-0.75,Walking,True,0,0,0
1789903990416,316,534732,1,5056,-4.020043,1,-0.75,Walking,True,0,0,0
1789903990416,316,534732,1,5056,-4.020043,1,-0.75,Walking,True,0,0,0
1789903990416,316,534732,1,5056,-4.020043,1,-0.75,Walking,True,0,0,0
1789903990416,316,534732,1,5056,-4.020043,1,-0.75,Walking,True,0,0,0
1789903990432,317,536259,1,5072,-4.020043,1,-0.75,Walking,True,0,0,0
1789903990432,317,536259,1,5072,-4.020043,1,-0.75,Walking,True,0,0,0
1789903990432,317,536259,1,5072,-4.020043,1,-0.75,Walking,True,0,0,0
1789903990432,317,536259,1,5072,-4.020043,1,-0.75,Walking,True,0,0,0
1789903990432,317,536259,1,5072,-4.020043,1,-0.75,Walking,True,0,0,0
1789903990432,317,536259,1,5072,-4.020043,1,-0.75,Walking,True,0,0,0
1789903990432,317,536259,1,5072,-4.020043,1,-0.75,Walking,True,0,0,0
1789903990432,317,536259,1,5072,-4.020043,1,-0.75,Walking,True,0,0,0
1789903990447,318,537725,1,5088,-4.020043,1,-0.75,Walking,True,0,0,0
1789903990447,318,537725,1,5088,-4.020043,1,-0.75,Walking,True,0,0,0
1789903990447,318,537725,1,5088,-4.020043,1,-0.75,Walking,True,0,0,0
1789903990447,318,537725,1,5088,-4.020043,1,-0.75,Walking,True,0,0,0
1789903990447,318,537725,1,5088,-4.020043,1,-0.75,Walking,True,0,0,0
1789903990447,318,537725,1,5088,-4.020043,1,-0.75,Walking,True,0,0,0
1789903990447,318,537725,1,5088,-4.020043,1,-0.75,Walking,True,0,0,0
1789903990447,318,537725,1,5088,-4.020043,1,-0.75,Walking,True,0,0,0
1789903990463,319,539226,1,5104,-4.020043,1,-0.75,Walking,True,0,0,0
1789903990463,319,539226,1,5104,-4.020043,1,-0.75,Walking,True,0,0,0
1789903990463,319,539226,1,5104,-4.020043,1,-0.75,Walking,True,0,0,0
1789903990463,319,539226,1,5104,-4.020043,1,-0.75,Walking,True,0,0,0
1789903990463,319,539226,1,5104,-4.020043,1,-0.75,Walking,True,0,0,0
1789903990463,319,539226,1,5104,-4.020043,1,-0.75,Walking,True,0,0,0
1789903990463,319,539226,1,5104,-4.020043,1,-0.75,Walking,True,0,0,0
1789903990463,319,539226,1,5104,-4.020043,1,-0.75,Walking,True,0,0,0
1789903990478,320,540677,1,5120,-4.020043,1,-0.75,Walking,True,0,0,0
1789903990478,320,540677,1,5120,-4.020043,1,-0.75,Walking,True,0,0,0
1789903990478,320,540677,1,5120,-4.020043,1,-0.75,Walking,True,0,0,0
1789903990478,320,540677,1,5120,-4.020043,1,-0.75,Walking,True,0,0,0
1789903990478,320,540677,1,5120,-4.020043,1,-0.75,Walking,True,0,0,0
1789903990478,320,540677,1,5120,-4.020043,1,-0.75,Walking,True,0,0,0
1789903990478,320,540677,1,5120,-4.020043,1,-0.75,Walking,True,0,0,0
1789903990478,320,540677,1,5120,-4.020043,1,-0.75,Walking,True,0,0,0
1789903990494,321,542146,1,5136,-4.020043,1,-0.75,Walking,True,0,0,0
1789903990494,321,542146,1,5136,-4.020043,1,-0.75,Walking,True,0,0,0
1789903990494,321,542146,1,5136,-4.020043,1,-0.75,Walking,True,0,0,0
1789903990494,321,542146,1,5136,-4.020043,1,-0.75,Walking,True,0,0,0
1789903990494,321,542146,1,5136,-4.020043,1,-0.75,Walking,True,0,0,0
1789903990494,321,542146,1,5136,-4.020043,1,-0.75,Walking,True,0,0,0
1789903990494,321,542146,1,5136,-4.020043,1,-0.75,Walking,True,0,0,0
1789903990494,321,542146,1,5136,-4.020043,1,-0.75,Walking,True,0,0,0
1789903990509,322,543694,1,5152,-4.020043,1,-0.75,Walking,True,0,0,0
1789903990509,322,543694,1,5152,-4.020043,1,-0.75,Walking,True,0,0,0
1789903990509,322,543694,1,5152,-4.020043,1,-0.75,Walking,True,0,0,0
1789903990509,322,543694,1,5152,-4.020043,1,-0.75,Walking,True,0,0,0
1789903990509,322,543694,1,5152,-4.020043,1,-0.75,Walking,True,0,0,0
1789903990509,322,543694,1,5152,-4.020043,1,-0.75,Walking,True,0,0,0
1789903990509,322,543694,1,5152,-4.020043,1,-0.75,Walking,True,0,0,0
1789903990509,322,543694,1,5152,-4.020043,1,-0.75,Walking,True,0,0,0
1789903990525,323,545079,1,5168,-4.020043,1,-0.75,Walking,True,0,0,0
1789903990525,323,545079,1,5168,-4.020043,1,-0.75,Walking,True,0,0,0
1789903990525,323,545079,1,5168,-4.020043,1,-0.75,Walking,True,0,0,0
1789903990525,323,545079,1,5168,-4.020043,1,-0.75,Walking,True,0,0,0
1789903990525,323,545079,1,5168,-4.020043,1,-0.75,Walking,True,0,0,0
1789903990525,323,545079,1,5168,-4.020043,1,-0.75,Walking,True,0,0,0
1789903990525,323,545079,1,5168,-4.020043,1,-0.75,Walking,True,0,0,0
1789903990525,323,545079,1,5168,-4.020043,1,-0.75,Walking,True,0,0,0
1789903990541,324,546649,1,5184,-4.020043,1,-0.75,Walking,True,0,0,0
1789903990541,324,546649,1,5184,-4.020043,1,-0.75,Walking,True,0,0,0
1789903990541,324,546649,1,5184,-4.020043,1,-0.75,Walking,True,0,0,0
1789903990541,324,546649,1,5184,-4.020043,1,-0.75,Walking,True,0,0,0
1789903990541,324,546649,1,5184,-4.020043,1,-0.75,Walking,True,0,0,0
1789903990541,324,546649,1,5184,-4.020043,1,-0.75,Walking,True,0,0,0
1789903990541,324,546649,1,5184,-4.020043,1,-0.75,Walking,True,0,0,0
1789903990541,324,546649,1,5184,-4.020043,1,-0.75,Walking,True,0,0,0
1789903990556,325,548107,1,5200,-4.020043,1,-0.75,Walking,True,0,0,0
1789903990556,325,548107,1,5200,-4.020043,1,-0.75,Walking,True,0,0,0
1789903990556,325,548107,1,5200,-4.020043,1,-0.75,Walking,True,0,0,0
1789903990556,325,548107,1,5200,-4.020043,1,-0.75,Walking,True,0,0,0
1789903990556,325,548107,1,5200,-4.020043,1,-0.75,Walking,True,0,0,0
1789903990556,325,548107,1,5200,-4.020043,1,-0.75,Walking,True,0,0,0
1789903990556,325,548107,1,5200,-4.020043,1,-0.75,Walking,True,0,0,0
1789903990556,325,548107,1,5200,-4.020043,1,-0.75,Walking,True,0,0,0
1789903990571,326,549532,1,5216,-4.020043,1,-0.75,Walking,True,0,0,0
1789903990571,326,549532,1,5216,-4.020043,1,-0.75,Walking,True,0,0,0
1789903990571,326,549532,1,5216,-4.020043,1,-0.75,Walking,True,0,0,0
1789903990571,326,549532,1,5216,-4.020043,1,-0.75,Walking,True,0,0,0
1789903990571,326,549532,1,5216,-4.020043,1,-0.75,Walking,True,0,0,0
1789903990571,326,549532,1,5216,-4.020043,1,-0.75,Walking,True,0,0,0
1789903990571,326,549532,1,5216,-4.020043,1,-0.75,Walking,True,0,0,0
1789903990571,326,549532,1,5216,-4.020043,1,-0.75,Walking,True,0,0,0
1789903990588,327,551085,1,5232,-4.020043,1,-0.75,Walking,True,0,0,0
1789903990588,327,551085,1,5232,-4.020043,1,-0.75,Walking,True,0,0,0
1789903990588,327,551085,1,5232,-4.020043,1,-0.75,Walking,True,0,0,0
1789903990588,327,551085,1,5232,-4.020043,1,-0.75,Walking,True,0,0,0
1789903990588,327,551085,1,5232,-4.020043,1,-0.75,Walking,True,0,0,0
1789903990588,327,551085,1,5232,-4.020043,1,-0.75,Walking,True,0,0,0
1789903990588,327,551085,1,5232,-4.020043,1,-0.75,Walking,True,0,0,0
1789903990588,327,551085,1,5232,-4.020043,1,-0.75,Walking,True,0,0,0
1789903990604,328,552572,1,5248,-4.020043,1,-0.75,Walking,True,0,0,0
1789903990604,328,552572,1,5248,-4.020043,1,-0.75,Walking,True,0,0,0
1789903990604,328,552572,1,5248,-4.020043,1,-0.75,Walking,True,0,0,0
1789903990604,328,552572,1,5248,-4.020043,1,-0.75,Walking,True,0,0,0
1789903990604,328,552572,1,5248,-4.020043,1,-0.75,Walking,True,0,0,0
1789903990604,328,552572,1,5248,-4.020043,1,-0.75,Walking,True,0,0,0
1789903990604,328,552572,1,5248,-4.020043,1,-0.75,Walking,True,0,0,0
1789903990604,328,552572,1,5248,-4.020043,1,-0.75,Walking,True,0,0,0
1789903990619,329,554031,1,5264,-4.020043,1,-0.75,Walking,True,0,0,0
1789903990619,329,554031,1,5264,-4.020043,1,-0.75,Walking,True,0,0,0
1789903990619,329,554031,1,5264,-4.020043,1,-0.75,Walking,True,0,0,0
1789903990619,329,554031,1,5264,-4.020043,1,-0.75,Walking,True,0,0,0
1789903990619,329,554031,1,5264,-4.020043,1,-0.75,Walking,True,0,0,0
1789903990619,329,554031,1,5264,-4.020043,1,-0.75,Walking,True,0,0,0
1789903990619,329,554031,1,5264,-4.020043,1,-0.75,Walking,True,0,0,0
1789903990619,329,554031,1,5264,-4.020043,1,-0.75,Walking,True,0,0,0
1789903990634,330,555439,1,5280,-4.020043,1,-0.75,Walking,True,0,0,0
1789903990634,330,555439,1,5280,-4.020043,1,-0.75,Walking,True,0,0,0
1789903990634,330,555439,1,5280,-4.020043,1,-0.75,Walking,True,0,0,0
1789903990634,330,555439,1,5280,-4.020043,1,-0.75,Walking,True,0,0,0
1789903990634,330,555439,1,5280,-4.020043,1,-0.75,Walking,True,0,0,0
1789903990634,330,555439,1,5280,-4.020043,1,-0.75,Walking,True,0,0,0
1789903990634,330,555439,1,5280,-4.020043,1,-0.75,Walking,True,0,0,0
1789903990634,330,555439,1,5280,-4.020043,1,-0.75,Walking,True,0,0,0
1789903990650,331,556836,1,5296,-4.020043,1,-0.75,Walking,True,0,0,0
1789903990650,331,556836,1,5296,-4.020043,1,-0.75,Walking,True,0,0,0
1789903990650,331,556836,1,5296,-4.020043,1,-0.75,Walking,True,0,0,0
1789903990650,331,556836,1,5296,-4.020043,1,-0.75,Walking,True,0,0,0
1789903990650,331,556836,1,5296,-4.020043,1,-0.75,Walking,True,0,0,0
1789903990650,331,556836,1,5296,-4.020043,1,-0.75,Walking,True,0,0,0
1789903990650,331,556836,1,5296,-4.020043,1,-0.75,Walking,True,0,0,0
1789903990650,331,556836,1,5296,-4.020043,1,-0.75,Walking,True,0,0,0
1789903990665,332,558294,1,5312,-4.020043,1,-0.75,Walking,True,0,0,0
1789903990665,332,558294,1,5312,-4.020043,1,-0.75,Walking,True,0,0,0
1789903990665,332,558294,1,5312,-4.020043,1,-0.75,Walking,True,0,0,0
1789903990665,332,558294,1,5312,-4.020043,1,-0.75,Walking,True,0,0,0
1789903990665,332,558294,1,5312,-4.020043,1,-0.75,Walking,True,0,0,0
1789903990665,332,558294,1,5312,-4.020043,1,-0.75,Walking,True,0,0,0
1789903990665,332,558294,1,5312,-4.020043,1,-0.75,Walking,True,0,0,0
1789903990665,332,558294,1,5312,-4.020043,1,-0.75,Walking,True,0,0,0
1789903990681,333,559773,1,5328,-4.020043,1,-0.75,Walking,True,0,0,0
1789903990681,333,559773,1,5328,-4.020043,1,-0.75,Walking,True,0,0,0
1789903990681,333,559773,1,5328,-4.020043,1,-0.75,Walking,True,0,0,0
1789903990681,333,559773,1,5328,-4.020043,1,-0.75,Walking,True,0,0,0
1789903990681,333,559773,1,5328,-4.020043,1,-0.75,Walking,True,0,0,0
1789903990681,333,559773,1,5328,-4.020043,1,-0.75,Walking,True,0,0,0
1789903990681,333,559773,1,5328,-4.020043,1,-0.75,Walking,True,0,0,0
1789903990681,333,559773,1,5328,-4.020043,1,-0.75,Walking,True,0,0,0
1789903990713,334,561172,1,5344,-4.020043,1,-0.75,Walking,True,0,0,0
1789903990713,334,561172,1,5344,-4.020043,1,-0.75,Walking,True,0,0,0
1789903990713,334,561172,1,5344,-4.020043,1,-0.75,Walking,True,0,0,0
1789903990713,334,561172,1,5344,-4.020043,1,-0.75,Walking,True,0,0,0
1789903990713,334,561172,1,5344,-4.020043,1,-0.75,Walking,True,0,0,0
1789903990713,334,561172,1,5344,-4.020043,1,-0.75,Walking,True,0,0,0
1789903990713,334,561172,1,5344,-4.020043,1,-0.75,Walking,True,0,0,0
1789903990713,334,561172,1,5344,-4.020043,1,-0.75,Walking,True,0,0,0
1789903990729,336,564206,1,5376,-4.020043,1,-0.75,Walking,True,0,0,0
1789903990729,336,564206,1,5376,-4.020043,1,-0.75,Walking,True,0,0,0
1789903990729,336,564206,1,5376,-4.020043,1,-0.75,Walking,True,0,0,0
1789903990729,336,564206,1,5376,-4.020043,1,-0.75,Walking,True,0,0,0
1789903990729,336,564206,1,5376,-4.020043,1,-0.75,Walking,True,0,0,0
1789903990729,336,564206,1,5376,-4.020043,1,-0.75,Walking,True,0,0,0
1789903990729,336,564206,1,5376,-4.020043,1,-0.75,Walking,True,0,0,0
1789903990729,336,564206,1,5376,-4.020043,1,-0.75,Walking,True,0,0,0
1789903990760,337,565717,1,5392,-4.020043,1,-0.75,Walking,True,0,0,0
1789903990760,337,565717,1,5392,-4.020043,1,-0.75,Walking,True,0,0,0
1789903990760,337,565717,1,5392,-4.020043,1,-0.75,Walking,True,0,0,0
1789903990760,337,565717,1,5392,-4.020043,1,-0.75,Walking,True,0,0,0
1789903990760,337,565717,1,5392,-4.020043,1,-0.75,Walking,True,0,0,0
1789903990760,337,565717,1,5392,-4.020043,1,-0.75,Walking,True,0,0,0
1789903990760,337,565717,1,5392,-4.020043,1,-0.75,Walking,True,0,0,0
1789903990760,337,565717,1,5392,-4.020043,1,-0.75,Walking,True,0,0,0
1789903990776,338,568720,1,5408,-4.020043,1,-0.75,Walking,True,0,0,0
1789903990776,338,568720,1,5408,-4.020043,1,-0.75,Walking,True,0,0,0
1789903990776,338,568720,1,5408,-4.020043,1,-0.75,Walking,True,0,0,0
1789903990776,338,568720,1,5408,-4.020043,1,-0.75,Walking,True,0,0,0
1789903990776,338,568720,1,5408,-4.020043,1,-0.75,Walking,True,0,0,0
1789903990776,338,568720,1,5408,-4.020043,1,-0.75,Walking,True,0,0,0
1789903990776,338,568720,1,5408,-4.020043,1,-0.75,Walking,True,0,0,0
1789903990776,338,568720,1,5408,-4.020043,1,-0.75,Walking,True,0,0,0
1789903990792,339,570270,1,5424,-4.020043,1,-0.75,Walking,True,0,0,0
1789903990792,339,570270,1,5424,-4.020043,1,-0.75,Walking,True,0,0,0
1789903990792,339,570270,1,5424,-4.020043,1,-0.75,Walking,True,0,0,0
1789903990792,339,570270,1,5424,-4.020043,1,-0.75,Walking,True,0,0,0
1789903990792,339,570270,1,5424,-4.020043,1,-0.75,Walking,True,0,0,0
1789903990792,339,570270,1,5424,-4.020043,1,-0.75,Walking,True,0,0,0
1789903990792,339,570270,1,5424,-4.020043,1,-0.75,Walking,True,0,0,0
1789903990792,339,570270,1,5424,-4.020043,1,-0.75,Walking,True,0,0,0
1789903990808,340,571773,1,5440,-4.020043,1,-0.75,Walking,True,0,0,0
1789903990808,340,571773,1,5440,-4.020043,1,-0.75,Walking,True,0,0,0
1789903990808,340,571773,1,5440,-4.020043,1,-0.75,Walking,True,0,0,0
1789903990808,340,571773,1,5440,-4.020043,1,-0.75,Walking,True,0,0,0
1789903990808,340,571773,1,5440,-4.020043,1,-0.75,Walking,True,0,0,0
1789903990808,340,571773,1,5440,-4.020043,1,-0.75,Walking,True,0,0,0
1789903990808,340,571773,1,5440,-4.020043,1,-0.75,Walking,True,0,0,0
1789903990808,340,571773,1,5440,-4.020043,1,-0.75,Walking,True,0,0,0
1789903990824,341,573319,1,5456,-4.020043,1,-0.75,Walking,True,0,0,0
1789903990824,341,573319,1,5456,-4.020043,1,-0.75,Walking,True,0,0,0
1789903990824,341,573319,1,5456,-4.020043,1,-0.75,Walking,True,0,0,0
1789903990824,341,573319,1,5456,-4.020043,1,-0.75,Walking,True,0,0,0
1789903990824,341,573319,1,5456,-4.020043,1,-0.75,Walking,True,0,0,0
1789903990824,341,573319,1,5456,-4.020043,1,-0.75,Walking,True,0,0,0
1789903990824,341,573319,1,5456,-4.020043,1,-0.75,Walking,True,0,0,0
1789903990824,341,573319,1,5456,-4.020043,1,-0.75,Walking,True,0,0,0
1789903990839,342,574785,1,5472,-4.020043,1,-0.75,Walking,True,0,0,0
1789903990839,342,574785,1,5472,-4.020043,1,-0.75,Walking,True,0,0,0
1789903990839,342,574785,1,5472,-4.020043,1,-0.75,Walking,True,0,0,0
1789903990839,342,574785,1,5472,-4.020043,1,-0.75,Walking,True,0,0,0
1789903990839,342,574785,1,5472,-4.020043,1,-0.75,Walking,True,0,0,0
1789903990839,342,574785,1,5472,-4.020043,1,-0.75,Walking,True,0,0,0
1789903990839,342,574785,1,5472,-4.020043,1,-0.75,Walking,True,0,0,0
1789903990839,342,574785,1,5472,-4.020043,1,-0.75,Walking,True,0,0,0
1789903990854,343,576229,1,5488,-4.020043,1,-0.75,Walking,True,0,0,0
1789903990854,343,576229,1,5488,-4.020043,1,-0.75,Walking,True,0,0,0
1789903990854,343,576229,1,5488,-4.020043,1,-0.75,Walking,True,0,0,0
1789903990854,343,576229,1,5488,-4.020043,1,-0.75,Walking,True,0,0,0
1789903990854,343,576229,1,5488,-4.020043,1,-0.75,Walking,True,0,0,0
1789903990854,343,576229,1,5488,-4.020043,1,-0.75,Walking,True,0,0,0
1789903990854,343,576229,1,5488,-4.020043,1,-0.75,Walking,True,0,0,0
1789903990854,343,576229,1,5488,-4.020043,1,-0.75,Walking,True,0,0,0
1789903990870,344,577646,1,5504,-4.020043,1,-0.75,Walking,True,0,0,0
1789903990870,344,577646,1,5504,-4.020043,1,-0.75,Walking,True,0,0,0
1789903990870,344,577646,1,5504,-4.020043,1,-0.75,Walking,True,0,0,0
1789903990870,344,577646,1,5504,-4.020043,1,-0.75,Walking,True,0,0,0
1789903990870,344,577646,1,5504,-4.020043,1,-0.75,Walking,True,0,0,0
1789903990870,344,577646,1,5504,-4.020043,1,-0.75,Walking,True,0,0,0
1789903990870,344,577646,1,5504,-4.020043,1,-0.75,Walking,True,0,0,0
1789903990870,344,577646,1,5504,-4.020043,1,-0.75,Walking,True,0,0,0
1789903990885,345,579139,1,5520,-4.020043,1,-0.75,Walking,True,0,0,0
1789903990885,345,579139,1,5520,-4.020043,1,-0.75,Walking,True,0,0,0
1789903990885,345,579139,1,5520,-4.020043,1,-0.75,Walking,True,0,0,0
1789903990885,345,579139,1,5520,-4.020043,1,-0.75,Walking,True,0,0,0
1789903990885,345,579139,1,5520,-4.020043,1,-0.75,Walking,True,0,0,0
1789903990885,345,579139,1,5520,-4.020043,1,-0.75,Walking,True,0,0,0
1789903990885,345,579139,1,5520,-4.020043,1,-0.75,Walking,True,0,0,0
1789903990885,345,579139,1,5520,-4.020043,1,-0.75,Walking,True,0,0,0
1789903990901,346,580609,1,5536,-4.020043,1,-0.75,Walking,True,0,0,0
1789903990901,346,580609,1,5536,-4.020043,1,-0.75,Walking,True,0,0,0
1789903990901,346,580609,1,5536,-4.020043,1,-0.75,Walking,True,0,0,0
1789903990901,346,580609,1,5536,-4.020043,1,-0.75,Walking,True,0,0,0
1789903990901,346,580609,1,5536,-4.020043,1,-0.75,Walking,True,0,0,0
1789903990901,346,580609,1,5536,-4.020043,1,-0.75,Walking,True,0,0,0
1789903990901,346,580609,1,5536,-4.020043,1,-0.75,Walking,True,0,0,0
1789903990901,346,580609,1,5536,-4.020043,1,-0.75,Walking,True,0,0,0
1789903990916,347,582108,1,5552,-4.020043,1,-0.75,Walking,True,0,0,0
1789903990916,347,582108,1,5552,-4.020043,1,-0.75,Walking,True,0,0,0
1789903990916,347,582108,1,5552,-4.020043,1,-0.75,Walking,True,0,0,0
1789903990916,347,582108,1,5552,-4.020043,1,-0.75,Walking,True,0,0,0
1789903990916,347,582108,1,5552,-4.020043,1,-0.75,Walking,True,0,0,0
1789903990916,347,582108,1,5552,-4.020043,1,-0.75,Walking,True,0,0,0
1789903990916,347,582108,1,5552,-4.020043,1,-0.75,Walking,True,0,0,0
1789903990916,347,582108,1,5552,-4.020043,1,-0.75,Walking,True,0,0,0
1789903990932,348,583593,1,5568,-4.020043,1,-0.75,Walking,True,0,0,0
1789903990932,348,583593,1,5568,-4.020043,1,-0.75,Walking,True,0,0,0
1789903990932,348,583593,1,5568,-4.020043,1,-0.75,Walking,True,0,0,0
1789903990932,348,583593,1,5568,-4.020043,1,-0.75,Walking,True,0,0,0
1789903990932,348,583593,1,5568,-4.020043,1,-0.75,Walking,True,0,0,0
1789903990932,348,583593,1,5568,-4.020043,1,-0.75,Walking,True,0,0,0
1789903990932,348,583593,1,5568,-4.020043,1,-0.75,Walking,True,0,0,0
1789903990932,348,583593,1,5568,-4.020043,1,-0.75,Walking,True,0,0,0
1789903990947,349,585096,1,5584,-4.020043,1,-0.75,Walking,True,0,0,0
1789903990947,349,585096,1,5584,-4.020043,1,-0.75,Walking,True,0,0,0
1789903990947,349,585096,1,5584,-4.020043,1,-0.75,Walking,True,0,0,0
1789903990947,349,585096,1,5584,-4.020043,1,-0.75,Walking,True,0,0,0
1789903990947,349,585096,1,5584,-4.020043,1,-0.75,Walking,True,0,0,0
1789903990947,349,585096,1,5584,-4.020043,1,-0.75,Walking,True,0,0,0
1789903990947,349,585096,1,5584,-4.020043,1,-0.75,Walking,True,0,0,0
1789903990947,349,585096,1,5584,-4.020043,1,-0.75,Walking,True,0,0,0
1789903990963,350,586487,1,5600,-4.020043,1,-0.75,Walking,True,0,0,0
1789903990963,350,586487,1,5600,-4.020043,1,-0.75,Walking,True,0,0,0
1789903990963,350,586487,1,5600,-4.020043,1,-0.75,Walking,True,0,0,0
1789903990963,350,586487,1,5600,-4.020043,1,-0.75,Walking,True,0,0,0
1789903990963,350,586487,1,5600,-4.020043,1,-0.75,Walking,True,0,0,0
1789903990963,350,586487,1,5600,-4.020043,1,-0.75,Walking,True,0,0,0
1789903990963,350,586487,1,5600,-4.020043,1,-0.75,Walking,True,0,0,0
1789903990963,350,586487,1,5600,-4.020043,1,-0.75,Walking,True,0,0,0
1789903990978,351,587982,1,5616,-4.020043,1,-0.75,Walking,True,0,0,0
1789903990978,351,587982,1,5616,-4.020043,1,-0.75,Walking,True,0,0,0
1789903990978,351,587982,1,5616,-4.020043,1,-0.75,Walking,True,0,0,0
1789903990978,351,587982,1,5616,-4.020043,1,-0.75,Walking,True,0,0,0
1789903990978,351,587982,1,5616,-4.020043,1,-0.75,Walking,True,0,0,0
1789903990978,351,587982,1,5616,-4.020043,1,-0.75,Walking,True,0,0,0
1789903990978,351,587982,1,5616,-4.020043,1,-0.75,Walking,True,0,0,0
1789903990978,351,587982,1,5616,-4.020043,1,-0.75,Walking,True,0,0,0
1789903990994,352,589432,1,5632,-4.020043,1,-0.75,Walking,True,0,0,0
1789903990994,352,589432,1,5632,-4.020043,1,-0.75,Walking,True,0,0,0
1789903990994,352,589432,1,5632,-4.020043,1,-0.75,Walking,True,0,0,0
1789903990994,352,589432,1,5632,-4.020043,1,-0.75,Walking,True,0,0,0
1789903990994,352,589432,1,5632,-4.020043,1,-0.75,Walking,True,0,0,0
1789903990994,352,589432,1,5632,-4.020043,1,-0.75,Walking,True,0,0,0
1789903990994,352,589432,1,5632,-4.020043,1,-0.75,Walking,True,0,0,0
1789903990994,352,589432,1,5632,-4.020043,1,-0.75,Walking,True,0,0,0
1789903991010,353,590691,1,5648,-4.020043,1,-0.75,Walking,True,0,0,0
1789903991010,353,590691,1,5648,-4.020043,1,-0.75,Walking,True,0,0,0
1789903991010,353,590691,1,5648,-4.020043,1,-0.75,Walking,True,0,0,0
1789903991010,353,590691,1,5648,-4.020043,1,-0.75,Walking,True,0,0,0
1789903991010,353,590691,1,5648,-4.020043,1,-0.75,Walking,True,0,0,0
1789903991010,353,590691,1,5648,-4.020043,1,-0.75,Walking,True,0,0,0
1789903991010,353,590691,1,5648,-4.020043,1,-0.75,Walking,True,0,0,0
1789903991010,353,590691,1,5648,-4.020043,1,-0.75,Walking,True,0,0,0
1789903991026,354,592205,1,5664,-4.020043,1,-0.75,Walking,True,0,0,0
1789903991026,354,592205,1,5664,-4.020043,1,-0.75,Walking,True,0,0,0
1789903991026,354,592205,1,5664,-4.020043,1,-0.75,Walking,True,0,0,0
1789903991026,354,592205,1,5664,-4.020043,1,-0.75,Walking,True,0,0,0
1789903991026,354,592205,1,5664,-4.020043,1,-0.75,Walking,True,0,0,0
1789903991026,354,592205,1,5664,-4.020043,1,-0.75,Walking,True,0,0,0
1789903991026,354,592205,1,5664,-4.020043,1,-0.75,Walking,True,0,0,0
1789903991026,354,592205,1,5664,-4.020043,1,-0.75,Walking,True,0,0,0
1789903991041,355,593646,1,5680,-4.020043,1,-0.75,Walking,True,0,0,0
1789903991041,355,593646,1,5680,-4.020043,1,-0.75,Walking,True,0,0,0
1789903991041,355,593646,1,5680,-4.020043,1,-0.75,Walking,True,0,0,0
1789903991041,355,593646,1,5680,-4.020043,1,-0.75,Walking,True,0,0,0
1789903991041,355,593646,1,5680,-4.020043,1,-0.75,Walking,True,0,0,0
1789903991041,355,593646,1,5680,-4.020043,1,-0.75,Walking,True,0,0,0
1789903991041,355,593646,1,5680,-4.020043,1,-0.75,Walking,True,0,0,0
1789903991041,355,593646,1,5680,-4.020043,1,-0.75,Walking,True,0,0,0
1789903991056,356,595161,1,5696,-4.020043,1,-0.75,Walking,True,0,0,0
1789903991056,356,595161,1,5696,-4.020043,1,-0.75,Walking,True,0,0,0
1789903991056,356,595161,1,5696,-4.020043,1,-0.75,Walking,True,0,0,0
1789903991056,356,595161,1,5696,-4.020043,1,-0.75,Walking,True,0,0,0
1789903991056,356,595161,1,5696,-4.020043,1,-0.75,Walking,True,0,0,0
1789903991056,356,595161,1,5696,-4.020043,1,-0.75,Walking,True,0,0,0
1789903991056,356,595161,1,5696,-4.020043,1,-0.75,Walking,True,0,0,0
1789903991056,356,595161,1,5696,-4.020043,1,-0.75,Walking,True,0,0,0
1789903991072,357,596565,1,5712,-4.020043,1,-0.75,Walking,True,0,0,0
1789903991072,357,596565,1,5712,-4.020043,1,-0.75,Walking,True,0,0,0
1789903991072,357,596565,1,5712,-4.020043,1,-0.75,Walking,True,0,0,0
1789903991072,357,596565,1,5712,-4.020043,1,-0.75,Walking,True,0,0,0
1789903991072,357,596565,1,5712,-4.020043,1,-0.75,Walking,True,0,0,0
1789903991072,357,596565,1,5712,-4.020043,1,-0.75,Walking,True,0,0,0
1789903991072,357,596565,1,5712,-4.020043,1,-0.75,Walking,True,0,0,0
1789903991072,357,596565,1,5712,-4.020043,1,-0.75,Walking,True,0,0,0
1789903991477,358,653278,1,5728,-4.020043,1,-0.75,Walking,True,0,0,0
1789903991477,358,653278,1,5728,-4.020043,1,-0.75,Walking,True,0,0,0
1789903991477,358,653278,1,5728,-4.020043,1,-0.75,Walking,True,0,0,0
1789903991477,358,653278,1,5728,-4.020043,1,-0.75,Walking,True,0,0,0
1789903991477,358,653278,1,5728,-4.020043,1,-0.75,Walking,True,0,0,0
1789903991477,358,653278,1,5728,-4.020043,1,-0.75,Walking,True,0,0,0
1789903991477,358,653278,1,5728,-4.020043,1,-0.75,Walking,True,0,0,0
1789903991477,358,653278,1,5728,-4.020043,1,-0.75,Walking,True,0,0,0
1789903991492,359,656208,1,5744,-4.020043,1,-0.75,Walking,True,0,0,0
1789903991492,359,656208,1,5744,-4.020043,1,-0.75,Walking,True,0,0,0
1789903991492,359,656208,1,5744,-4.020043,1,-0.75,Walking,True,0,0,0
1789903991492,359,656208,1,5744,-4.020043,1,-0.75,Walking,True,0,0,0
1789903991492,359,656208,1,5744,-4.020043,1,-0.75,Walking,True,0,0,0
1789903991492,359,656208,1,5744,-4.020043,1,-0.75,Walking,True,0,0,0
1789903991492,359,656208,1,5744,-4.020043,1,-0.75,Walking,True,0,0,0
1789903991492,359,656208,1,5744,-4.020043,1,-0.75,Walking,True,0,0,0
1789903991507,360,657622,1,5760,-4.020043,1,-0.75,Walking,True,0,0,0
1789903991507,360,657622,1,5760,-4.020043,1,-0.75,Walking,True,0,0,0
1789903991507,360,657622,1,5760,-4.020043,1,-0.75,Walking,True,0,0,0
1789903991507,360,657622,1,5760,-4.020043,1,-0.75,Walking,True,0,0,0
1789903991507,360,657622,1,5760,-4.020043,1,-0.75,Walking,True,0,0,0
1789903991507,360,657622,1,5760,-4.020043,1,-0.75,Walking,True,0,0,0
1789903991507,360,657622,1,5760,-4.020043,1,-0.75,Walking,True,0,0,0
1789903991507,360,657622,1,5760,-4.020043,1,-0.75,Walking,True,0,0,0
1789903991522,361,658962,1,5776,-4.020043,1,-0.75,Walking,True,0,0,0
1789903991522,361,658962,1,5776,-4.020043,1,-0.75,Walking,True,0,0,0
1789903991522,361,658962,1,5776,-4.020043,1,-0.75,Walking,True,0,0,0
1789903991522,361,658962,1,5776,-4.020043,1,-0.75,Walking,True,0,0,0
1789903991522,361,658962,1,5776,-4.020043,1,-0.75,Walking,True,0,0,0
1789903991522,361,658962,1,5776,-4.020043,1,-0.75,Walking,True,0,0,0
1789903991522,361,658962,1,5776,-4.020043,1,-0.75,Walking,True,0,0,0
1789903991522,361,658962,1,5776,-4.020043,1,-0.75,Walking,True,0,0,0
1789903991538,362,660286,1,5792,-4.020043,1,-0.75,Walking,True,0,0,0
1789903991538,362,660286,1,5792,-4.020043,1,-0.75,Walking,True,0,0,0
1789903991538,362,660286,1,5792,-4.020043,1,-0.75,Walking,True,0,0,0
1789903991538,362,660286,1,5792,-4.020043,1,-0.75,Walking,True,0,0,0
1789903991538,362,660286,1,5792,-4.020043,1,-0.75,Walking,True,0,0,0
1789903991538,362,660286,1,5792,-4.020043,1,-0.75,Walking,True,0,0,0
1789903991538,362,660286,1,5792,-4.020043,1,-0.75,Walking,True,0,0,0
1789903991538,362,660286,1,5792,-4.020043,1,-0.75,Walking,True,0,0,0
1789903991554,363,661688,1,5808,-4.020043,1,-0.75,Walking,True,0,0,0
1789903991554,363,661688,1,5808,-4.020043,1,-0.75,Walking,True,0,0,0
1789903991554,363,661688,1,5808,-4.020043,1,-0.75,Walking,True,0,0,0
1789903991554,363,661688,1,5808,-4.020043,1,-0.75,Walking,True,0,0,0
1789903991554,363,661688,1,5808,-4.020043,1,-0.75,Walking,True,0,0,0
1789903991554,363,661688,1,5808,-4.020043,1,-0.75,Walking,True,0,0,0
1789903991554,363,661688,1,5808,-4.020043,1,-0.75,Walking,True,0,0,0
1789903991554,363,661688,1,5808,-4.020043,1,-0.75,Walking,True,0,0,0
1789903991570,364,663119,1,5824,-4.020043,1,-0.75,Walking,True,0,0,0
1789903991570,364,663119,1,5824,-4.020043,1,-0.75,Walking,True,0,0,0
1789903991570,364,663119,1,5824,-4.020043,1,-0.75,Walking,True,0,0,0
1789903991570,364,663119,1,5824,-4.020043,1,-0.75,Walking,True,0,0,0
1789903991570,364,663119,1,5824,-4.020043,1,-0.75,Walking,True,0,0,0
1789903991570,364,663119,1,5824,-4.020043,1,-0.75,Walking,True,0,0,0
1789903991570,364,663119,1,5824,-4.020043,1,-0.75,Walking,True,0,0,0
1789903991570,364,663119,1,5824,-4.020043,1,-0.75,Walking,True,0,0,0
1789903991585,365,664591,1,5840,-4.020043,1,-0.75,Walking,True,0,0,0
1789903991585,365,664591,1,5840,-4.020043,1,-0.75,Walking,True,0,0,0
1789903991585,365,664591,1,5840,-4.020043,1,-0.75,Walking,True,0,0,0
1789903991585,365,664591,1,5840,-4.020043,1,-0.75,Walking,True,0,0,0
1789903991585,365,664591,1,5840,-4.020043,1,-0.75,Walking,True,0,0,0
1789903991585,365,664591,1,5840,-4.020043,1,-0.75,Walking,True,0,0,0
1789903991585,365,664591,1,5840,-4.020043,1,-0.75,Walking,True,0,0,0
1789903991585,365,664591,1,5840,-4.020043,1,-0.75,Walking,True,0,0,0
1789903991601,366,665979,1,5856,-4.020043,1,-0.75,Walking,True,0,0,0
1789903991601,366,665979,1,5856,-4.020043,1,-0.75,Walking,True,0,0,0
1789903991601,366,665979,1,5856,-4.020043,1,-0.75,Walking,True,0,0,0
1789903991601,366,665979,1,5856,-4.020043,1,-0.75,Walking,True,0,0,0
1789903991601,366,665979,1,5856,-4.020043,1,-0.75,Walking,True,0,0,0
1789903991601,366,665979,1,5856,-4.020043,1,-0.75,Walking,True,0,0,0
1789903991601,366,665979,1,5856,-4.020043,1,-0.75,Walking,True,0,0,0
1789903991601,366,665979,1,5856,-4.020043,1,-0.75,Walking,True,0,0,0
1789903991616,367,667530,1,5872,-4.020043,1,-0.75,Walking,True,0,0,0
1789903991616,367,667530,1,5872,-4.020043,1,-0.75,Walking,True,0,0,0
1789903991616,367,667530,1,5872,-4.020043,1,-0.75,Walking,True,0,0,0
1789903991616,367,667530,1,5872,-4.020043,1,-0.75,Walking,True,0,0,0
1789903991616,367,667530,1,5872,-4.020043,1,-0.75,Walking,True,0,0,0
1789903991616,367,667530,1,5872,-4.020043,1,-0.75,Walking,True,0,0,0
1789903991616,367,667530,1,5872,-4.020043,1,-0.75,Walking,True,0,0,0
1789903991616,367,667530,1,5872,-4.020043,1,-0.75,Walking,True,0,0,0
1789903991632,368,668995,1,5888,-4.020043,1,-0.75,Walking,True,0,0,0
1789903991632,368,668995,1,5888,-4.020043,1,-0.75,Walking,True,0,0,0
1789903991632,368,668995,1,5888,-4.020043,1,-0.75,Walking,True,0,0,0
1789903991632,368,668995,1,5888,-4.020043,1,-0.75,Walking,True,0,0,0
1789903991632,368,668995,1,5888,-4.020043,1,-0.75,Walking,True,0,0,0
1789903991632,368,668995,1,5888,-4.020043,1,-0.75,Walking,True,0,0,0
1789903991632,368,668995,1,5888,-4.020043,1,-0.75,Walking,True,0,0,0
1789903991632,368,668995,1,5888,-4.020043,1,-0.75,Walking,True,0,0,0
1789903991648,369,670478,1,5904,-4.020043,1,-0.75,Walking,True,0,0,0
1789903991648,369,670478,1,5904,-4.020043,1,-0.75,Walking,True,0,0,0
1789903991648,369,670478,1,5904,-4.020043,1,-0.75,Walking,True,0,0,0
1789903991648,369,670478,1,5904,-4.020043,1,-0.75,Walking,True,0,0,0
1789903991648,369,670478,1,5904,-4.020043,1,-0.75,Walking,True,0,0,0
1789903991648,369,670478,1,5904,-4.020043,1,-0.75,Walking,True,0,0,0
1789903991648,369,670478,1,5904,-4.020043,1,-0.75,Walking,True,0,0,0
1789903991648,369,670478,1,5904,-4.020043,1,-0.75,Walking,True,0,0,0
1789903991664,370,672063,1,5920,-4.020043,1,-0.75,Walking,True,0,0,0
1789903991664,370,672063,1,5920,-4.020043,1,-0.75,Walking,True,0,0,0
1789903991664,370,672063,1,5920,-4.020043,1,-0.75,Walking,True,0,0,0
1789903991664,370,672063,1,5920,-4.020043,1,-0.75,Walking,True,0,0,0
1789903991664,370,672063,1,5920,-4.020043,1,-0.75,Walking,True,0,0,0
1789903991664,370,672063,1,5920,-4.020043,1,-0.75,Walking,True,0,0,0
1789903991664,370,672063,1,5920,-4.020043,1,-0.75,Walking,True,0,0,0
1789903991664,370,672063,1,5920,-4.020043,1,-0.75,Walking,True,0,0,0
1789903991679,371,673596,1,5936,-4.020043,1,-0.75,Walking,True,0,0,0
1789903991679,371,673596,1,5936,-4.020043,1,-0.75,Walking,True,0,0,0
1789903991679,371,673596,1,5936,-4.020043,1,-0.75,Walking,True,0,0,0
1789903991679,371,673596,1,5936,-4.020043,1,-0.75,Walking,True,0,0,0
1789903991679,371,673596,1,5936,-4.020043,1,-0.75,Walking,True,0,0,0
1789903991679,371,673596,1,5936,-4.020043,1,-0.75,Walking,True,0,0,0
1789903991679,371,673596,1,5936,-4.020043,1,-0.75,Walking,True,0,0,0
1789903991679,371,673596,1,5936,-4.020043,1,-0.75,Walking,True,0,0,0
1789903991695,372,675038,1,5952,-4.020043,1,-0.75,Walking,True,0,0,0
1789903991695,372,675038,1,5952,-4.020043,1,-0.75,Walking,True,0,0,0
1789903991695,372,675038,1,5952,-4.020043,1,-0.75,Walking,True,0,0,0
1789903991695,372,675038,1,5952,-4.020043,1,-0.75,Walking,True,0,0,0
1789903991695,372,675038,1,5952,-4.020043,1,-0.75,Walking,True,0,0,0
1789903991695,372,675038,1,5952,-4.020043,1,-0.75,Walking,True,0,0,0
1789903991695,372,675038,1,5952,-4.020043,1,-0.75,Walking,True,0,0,0
1789903991695,372,675038,1,5952,-4.020043,1,-0.75,Walking,True,0,0,0
1789903991711,373,676565,1,5968,-4.020043,1,-0.75,Walking,True,0,0,0
1789903991711,373,676565,1,5968,-4.020043,1,-0.75,Walking,True,0,0,0
1789903991711,373,676565,1,5968,-4.020043,1,-0.75,Walking,True,0,0,0
1789903991711,373,676565,1,5968,-4.020043,1,-0.75,Walking,True,0,0,0
1789903991711,373,676565,1,5968,-4.020043,1,-0.75,Walking,True,0,0,0
1789903991711,373,676565,1,5968,-4.020043,1,-0.75,Walking,True,0,0,0
1789903991711,373,676565,1,5968,-4.020043,1,-0.75,Walking,True,0,0,0
1789903991711,373,676565,1,5968,-4.020043,1,-0.75,Walking,True,0,0,0
1789903991727,374,678035,1,5984,-4.020043,1,-0.75,Walking,True,0,0,0
1789903991727,374,678035,1,5984,-4.020043,1,-0.75,Walking,True,0,0,0
1789903991727,374,678035,1,5984,-4.020043,1,-0.75,Walking,True,0,0,0
1789903991727,374,678035,1,5984,-4.020043,1,-0.75,Walking,True,0,0,0
1789903991727,374,678035,1,5984,-4.020043,1,-0.75,Walking,True,0,0,0
1789903991727,374,678035,1,5984,-4.020043,1,-0.75,Walking,True,0,0,0
1789903991727,374,678035,1,5984,-4.020043,1,-0.75,Walking,True,0,0,0
1789903991727,374,678035,1,5984,-4.020043,1,-0.75,Walking,True,0,0,0
1789903991742,375,679520,1,6000,-4.020043,1,-0.75,Walking,True,0,0,0
1789903991742,375,679520,1,6000,-4.020043,1,-0.75,Walking,True,0,0,0
1789903991742,375,679520,1,6000,-4.020043,1,-0.75,Walking,True,0,0,0
1789903991742,375,679520,1,6000,-4.020043,1,-0.75,Walking,True,0,0,0
1789903991742,375,679520,1,6000,-4.020043,1,-0.75,Walking,True,0,0,0
1789903991742,375,679520,1,6000,-4.020043,1,-0.75,Walking,True,0,0,0
1789903991742,375,679520,1,6000,-4.020043,1,-0.75,Walking,True,0,0,0
1789903991742,375,679520,1,6000,-4.020043,1,-0.75,Walking,True,0,0,0
1789903991758,376,680922,1,6016,-4.020043,1,-0.75,Walking,True,0,0,0
1789903991758,376,680922,1,6016,-4.020043,1,-0.75,Walking,True,0,0,0
1789903991758,376,680922,1,6016,-4.020043,1,-0.75,Walking,True,0,0,0
1789903991758,376,680922,1,6016,-4.020043,1,-0.75,Walking,True,0,0,0
1789903991758,376,680922,1,6016,-4.020043,1,-0.75,Walking,True,0,0,0
1789903991758,376,680922,1,6016,-4.020043,1,-0.75,Walking,True,0,0,0
1789903991758,376,680922,1,6016,-4.020043,1,-0.75,Walking,True,0,0,0
1789903991758,376,680922,1,6016,-4.020043,1,-0.75,Walking,True,0,0,0
1789903991774,377,682412,1,6032,-4.020043,1,-0.75,Walking,True,0,0,0
1789903991774,377,682412,1,6032,-4.020043,1,-0.75,Walking,True,0,0,0
1789903991774,377,682412,1,6032,-4.020043,1,-0.75,Walking,True,0,0,0
1789903991774,377,682412,1,6032,-4.020043,1,-0.75,Walking,True,0,0,0
1789903991774,377,682412,1,6032,-4.020043,1,-0.75,Walking,True,0,0,0
1789903991774,377,682412,1,6032,-4.020043,1,-0.75,Walking,True,0,0,0
1789903991774,377,682412,1,6032,-4.020043,1,-0.75,Walking,True,0,0,0
1789903991774,377,682412,1,6032,-4.020043,1,-0.75,Walking,True,0,0,0
1789903991789,378,683761,1,6048,-4.020043,1,-0.75,Walking,True,0,0,0
1789903991789,378,683761,1,6048,-4.020043,1,-0.75,Walking,True,0,0,0
1789903991789,378,683761,1,6048,-4.020043,1,-0.75,Walking,True,0,0,0
1789903991789,378,683761,1,6048,-4.020043,1,-0.75,Walking,True,0,0,0
1789903991789,378,683761,1,6048,-4.020043,1,-0.75,Walking,True,0,0,0
1789903991789,378,683761,1,6048,-4.020043,1,-0.75,Walking,True,0,0,0
1789903991789,378,683761,1,6048,-4.020043,1,-0.75,Walking,True,0,0,0
1789903991789,378,683761,1,6048,-4.020043,1,-0.75,Walking,True,0,0,0
1789903991805,379,685332,1,6064,-4.020043,1,-0.75,Walking,True,0,0,0
1789903991805,379,685332,1,6064,-4.020043,1,-0.75,Walking,True,0,0,0
1789903991805,379,685332,1,6064,-4.020043,1,-0.75,Walking,True,0,0,0
1789903991805,379,685332,1,6064,-4.020043,1,-0.75,Walking,True,0,0,0
1789903991805,379,685332,1,6064,-4.020043,1,-0.75,Walking,True,0,0,0
1789903991805,379,685332,1,6064,-4.020043,1,-0.75,Walking,True,0,0,0
1789903991805,379,685332,1,6064,-4.020043,1,-0.75,Walking,True,0,0,0
1789903991805,379,685332,1,6064,-4.020043,1,-0.75,Walking,True,0,0,0
1789903991820,380,686804,1,6080,-4.020043,1,-0.75,Walking,True,0,0,0
1789903991820,380,686804,1,6080,-4.020043,1,-0.75,Walking,True,0,0,0
1789903991820,380,686804,1,6080,-4.020043,1,-0.75,Walking,True,0,0,0
1789903991820,380,686804,1,6080,-4.020043,1,-0.75,Walking,True,0,0,0
1789903991820,380,686804,1,6080,-4.020043,1,-0.75,Walking,True,0,0,0
1789903991820,380,686804,1,6080,-4.020043,1,-0.75,Walking,True,0,0,0
1789903991820,380,686804,1,6080,-4.020043,1,-0.75,Walking,True,0,0,0
1789903991820,380,686804,1,6080,-4.020043,1,-0.75,Walking,True,0,0,0
1789903991835,381,688344,1,6096,-4.020043,1,-0.75,Walking,True,0,0,0
1789903991835,381,688344,1,6096,-4.020043,1,-0.75,Walking,True,0,0,0
1789903991835,381,688344,1,6096,-4.020043,1,-0.75,Walking,True,0,0,0
1789903991835,381,688344,1,6096,-4.020043,1,-0.75,Walking,True,0,0,0
1789903991835,381,688344,1,6096,-4.020043,1,-0.75,Walking,True,0,0,0
1789903991835,381,688344,1,6096,-4.020043,1,-0.75,Walking,True,0,0,0
1789903991835,381,688344,1,6096,-4.020043,1,-0.75,Walking,True,0,0,0
1789903991835,381,688344,1,6096,-4.020043,1,-0.75,Walking,True,0,0,0
1789903991851,382,689621,1,6112,-4.020043,1,-0.75,Walking,True,0,0,0
1789903991851,382,689621,1,6112,-4.020043,1,-0.75,Walking,True,0,0,0
1789903991851,382,689621,1,6112,-4.020043,1,-0.75,Walking,True,0,0,0
1789903991851,382,689621,1,6112,-4.020043,1,-0.75,Walking,True,0,0,0
1789903991851,382,689621,1,6112,-4.020043,1,-0.75,Walking,True,0,0,0
1789903991851,382,689621,1,6112,-4.020043,1,-0.75,Walking,True,0,0,0
1789903991851,382,689621,1,6112,-4.020043,1,-0.75,Walking,True,0,0,0
1789903991851,382,689621,1,6112,-4.020043,1,-0.75,Walking,True,0,0,0
1789903991866,383,691011,1,6128,-4.020043,1,-0.75,Walking,True,0,0,0
1789903991866,383,691011,1,6128,-4.020043,1,-0.75,Walking,True,0,0,0
1789903991866,383,691011,1,6128,-4.020043,1,-0.75,Walking,True,0,0,0
1789903991866,383,691011,1,6128,-4.020043,1,-0.75,Walking,True,0,0,0
1789903991866,383,691011,1,6128,-4.020043,1,-0.75,Walking,True,0,0,0
1789903991866,383,691011,1,6128,-4.020043,1,-0.75,Walking,True,0,0,0
1789903991866,383,691011,1,6128,-4.020043,1,-0.75,Walking,True,0,0,0
1789903991866,383,691011,1,6128,-4.020043,1,-0.75,Walking,True,0,0,0
1789903991882,384,692408,1,6144,-4.020043,1,-0.75,Walking,True,0,0,0
1789903991882,384,692408,1,6144,-4.020043,1,-0.75,Walking,True,0,0,0
1789903991882,384,692408,1,6144,-4.020043,1,-0.75,Walking,True,0,0,0
1789903991882,384,692408,1,6144,-4.020043,1,-0.75,Walking,True,0,0,0
1789903991882,384,692408,1,6144,-4.020043,1,-0.75,Walking,True,0,0,0
1789903991882,384,692408,1,6144,-4.020043,1,-0.75,Walking,True,0,0,0
1789903991882,384,692408,1,6144,-4.020043,1,-0.75,Walking,True,0,0,0
1789903991882,384,692408,1,6144,-4.020043,1,-0.75,Walking,True,0,0,0
1789903991897,385,693835,1,6160,-4.020043,1,-0.75,Walking,True,0,0,0
1789903991897,385,693835,1,6160,-4.020043,1,-0.75,Walking,True,0,0,0
1789903991897,385,693835,1,6160,-4.020043,1,-0.75,Walking,True,0,0,0
1789903991897,385,693835,1,6160,-4.020043,1,-0.75,Walking,True,0,0,0
1789903991897,385,693835,1,6160,-4.020043,1,-0.75,Walking,True,0,0,0
1789903991897,385,693835,1,6160,-4.020043,1,-0.75,Walking,True,0,0,0
1789903991897,385,693835,1,6160,-4.020043,1,-0.75,Walking,True,0,0,0
1789903991897,385,693835,1,6160,-4.020043,1,-0.75,Walking,True,0,0,0
1789903991912,386,695288,1,6176,-4.020043,1,-0.75,Walking,True,0,0,0
1789903991912,386,695288,1,6176,-4.020043,1,-0.75,Walking,True,0,0,0
1789903991912,386,695288,1,6176,-4.020043,1,-0.75,Walking,True,0,0,0
1789903991912,386,695288,1,6176,-4.020043,1,-0.75,Walking,True,0,0,0
1789903991912,386,695288,1,6176,-4.020043,1,-0.75,Walking,True,0,0,0
1789903991912,386,695288,1,6176,-4.020043,1,-0.75,Walking,True,0,0,0
1789903991912,386,695288,1,6176,-4.020043,1,-0.75,Walking,True,0,0,0
1789903991912,386,695288,1,6176,-4.020043,1,-0.75,Walking,True,0,0,0
1789903991928,387,696802,1,6192,-4.020043,1,-0.75,Walking,True,0,0,0
1789903991928,387,696802,1,6192,-4.020043,1,-0.75,Walking,True,0,0,0
1789903991928,387,696802,1,6192,-4.020043,1,-0.75,Walking,True,0,0,0
1789903991928,387,696802,1,6192,-4.020043,1,-0.75,Walking,True,0,0,0
1789903991928,387,696802,1,6192,-4.020043,1,-0.75,Walking,True,0,0,0
1789903991928,387,696802,1,6192,-4.020043,1,-0.75,Walking,True,0,0,0
1789903991928,387,696802,1,6192,-4.020043,1,-0.75,Walking,True,0,0,0
1789903991928,387,696802,1,6192,-4.020043,1,-0.75,Walking,True,0,0,0
1789903991943,388,698300,1,6208,-4.020043,1,-0.75,Walking,True,0,0,0
1789903991943,388,698300,1,6208,-4.020043,1,-0.75,Walking,True,0,0,0
1789903991943,388,698300,1,6208,-4.020043,1,-0.75,Walking,True,0,0,0
1789903991943,388,698300,1,6208,-4.020043,1,-0.75,Walking,True,0,0,0
1789903991943,388,698300,1,6208,-4.020043,1,-0.75,Walking,True,0,0,0
1789903991943,388,698300,1,6208,-4.020043,1,-0.75,Walking,True,0,0,0
1789903991943,388,698300,1,6208,-4.020043,1,-0.75,Walking,True,0,0,0
1789903991943,388,698300,1,6208,-4.020043,1,-0.75,Walking,True,0,0,0
1789903991959,389,699858,1,6224,-4.020043,1,-0.75,Walking,True,0,0,0
1789903991959,389,699858,1,6224,-4.020043,1,-0.75,Walking,True,0,0,0
1789903991959,389,699858,1,6224,-4.020043,1,-0.75,Walking,True,0,0,0
1789903991959,389,699858,1,6224,-4.020043,1,-0.75,Walking,True,0,0,0
1789903991959,389,699858,1,6224,-4.020043,1,-0.75,Walking,True,0,0,0
1789903991959,389,699858,1,6224,-4.020043,1,-0.75,Walking,True,0,0,0
1789903991959,389,699858,1,6224,-4.020043,1,-0.75,Walking,True,0,0,0
1789903991959,389,699858,1,6224,-4.020043,1,-0.75,Walking,True,0,0,0
1789903991990,390,701488,1,6240,-4.020043,1,-0.75,Walking,True,0,0,0
1789903991990,390,701488,1,6240,-4.020043,1,-0.75,Walking,True,0,0,0
1789903991990,390,701488,1,6240,-4.020043,1,-0.75,Walking,True,0,0,0
1789903991990,390,701488,1,6240,-4.020043,1,-0.75,Walking,True,0,0,0
1789903991990,390,701488,1,6240,-4.020043,1,-0.75,Walking,True,0,0,0
1789903991990,390,701488,1,6240,-4.020043,1,-0.75,Walking,True,0,0,0
1789903991990,390,701488,1,6240,-4.020043,1,-0.75,Walking,True,0,0,0
1789903991990,390,701488,1,6240,-4.020043,1,-0.75,Walking,True,0,0,0
1789903992006,391,704527,1,6256,-4.020043,1,-0.75,Walking,True,0,0,0
1789903992006,391,704527,1,6256,-4.020043,1,-0.75,Walking,True,0,0,0
1789903992006,391,704527,1,6256,-4.020043,1,-0.75,Walking,True,0,0,0
1789903992006,391,704527,1,6256,-4.020043,1,-0.75,Walking,True,0,0,0
1789903992006,391,704527,1,6256,-4.020043,1,-0.75,Walking,True,0,0,0
1789903992006,391,704527,1,6256,-4.020043,1,-0.75,Walking,True,0,0,0
1789903992006,391,704527,1,6256,-4.020043,1,-0.75,Walking,True,0,0,0
1789903992006,391,704527,1,6256,-4.020043,1,-0.75,Walking,True,0,0,0
1789903992021,392,706021,1,6272,-4.020043,1,-0.75,Walking,True,0,0,0
1789903992021,392,706021,1,6272,-4.020043,1,-0.75,Walking,True,0,0,0
1789903992021,392,706021,1,6272,-4.020043,1,-0.75,Walking,True,0,0,0
1789903992021,392,706021,1,6272,-4.020043,1,-0.75,Walking,True,0,0,0
1789903992021,392,706021,1,6272,-4.020043,1,-0.75,Walking,True,0,0,0
1789903992021,392,706021,1,6272,-4.020043,1,-0.75,Walking,True,0,0,0
1789903992021,392,706021,1,6272,-4.020043,1,-0.75,Walking,True,0,0,0
1789903992021,392,706021,1,6272,-4.020043,1,-0.75,Walking,True,0,0,0
1789903992037,393,707562,1,6288,-4.020043,1,-0.75,Walking,True,0,0,0
1789903992037,393,707562,1,6288,-4.020043,1,-0.75,Walking,True,0,0,0
1789903992037,393,707562,1,6288,-4.020043,1,-0.75,Walking,True,0,0,0
1789903992037,393,707562,1,6288,-4.020043,1,-0.75,Walking,True,0,0,0
1789903992037,393,707562,1,6288,-4.020043,1,-0.75,Walking,True,0,0,0
1789903992037,393,707562,1,6288,-4.020043,1,-0.75,Walking,True,0,0,0
1789903992037,393,707562,1,6288,-4.020043,1,-0.75,Walking,True,0,0,0
1789903992037,393,707562,1,6288,-4.020043,1,-0.75,Walking,True,0,0,0
1789903992052,394,709085,1,6304,-4.020043,1,-0.75,Walking,True,0,0,0
1789903992052,394,709085,1,6304,-4.020043,1,-0.75,Walking,True,0,0,0
1789903992052,394,709085,1,6304,-4.020043,1,-0.75,Walking,True,0,0,0
1789903992052,394,709085,1,6304,-4.020043,1,-0.75,Walking,True,0,0,0
1789903992052,394,709085,1,6304,-4.020043,1,-0.75,Walking,True,0,0,0
1789903992052,394,709085,1,6304,-4.020043,1,-0.75,Walking,True,0,0,0
1789903992052,394,709085,1,6304,-4.020043,1,-0.75,Walking,True,0,0,0
1789903992052,394,709085,1,6304,-4.020043,1,-0.75,Walking,True,0,0,0
1789903992366,394,748195,2,6304,-4.020043,1,-0.75,Walking,True,0,0,0
1789903992366,394,748195,2,6304,-4.020043,1,-0.75,Walking,True,0,0,0
1789903992366,394,748195,2,6304,-4.020043,1,-0.75,Walking,True,0,0,0
1789903992366,394,748195,2,6304,-4.020043,1,-0.75,Walking,True,0,0,0
1789903992366,394,748195,2,6304,-4.020043,1,-0.75,Walking,True,0,0,0
1789903992366,394,748195,2,6304,-4.020043,1,-0.75,Walking,True,0,0,0
1789903992366,394,748195,2,6304,-4.020043,1,-0.75,Walking,True,0,0,0
1789903992366,394,748195,2,6304,-4.020043,1,-0.75,Walking,True,0,0,0
# 对手 SP 侧收到的真实 DS 权威快照轨迹
1789903984910,0,0,1,0,-3,1,0.75,Walking,True,0,0,0
1789903984941,1,6961,1,16,-2.99488,1,0.75,Walking,True,0.32,0,0
1789903984941,1,6961,1,16,-2.99488,1,0.75,Walking,True,0.32,0,0
1789903984941,1,6961,1,16,-2.99488,1,0.75,Walking,True,0.32,0,0
1789903984941,1,6961,1,16,-2.99488,1,0.75,Walking,True,0.32,0,0
1789903984941,1,6961,1,16,-2.99488,1,0.75,Walking,True,0.32,0,0
1789903984941,1,6961,1,16,-2.99488,1,0.75,Walking,True,0.32,0,0
1789903984941,1,6961,1,16,-2.99488,1,0.75,Walking,True,0.32,0,0
1789903984941,1,6961,1,16,-2.99488,1,0.75,Walking,True,0.32,0,0
1789903984959,2,7356,1,32,-2.98464,1,0.75,Walking,True,0.64,0,0
1789903984959,2,7356,1,32,-2.98464,1,0.75,Walking,True,0.64,0,0
1789903984959,2,7356,1,32,-2.98464,1,0.75,Walking,True,0.64,0,0
1789903984959,2,7356,1,32,-2.98464,1,0.75,Walking,True,0.64,0,0
1789903984959,2,7356,1,32,-2.98464,1,0.75,Walking,True,0.64,0,0
1789903984959,2,7356,1,32,-2.98464,1,0.75,Walking,True,0.64,0,0
1789903984959,2,7356,1,32,-2.98464,1,0.75,Walking,True,0.64,0,0
1789903984959,2,7356,1,32,-2.98464,1,0.75,Walking,True,0.64,0,0
1789903984973,3,9051,1,48,-2.96928,1,0.75,Walking,True,0.96,0,0
1789903984973,3,9051,1,48,-2.96928,1,0.75,Walking,True,0.96,0,0
1789903984973,3,9051,1,48,-2.96928,1,0.75,Walking,True,0.96,0,0
1789903984973,3,9051,1,48,-2.96928,1,0.75,Walking,True,0.96,0,0
1789903984973,3,9051,1,48,-2.96928,1,0.75,Walking,True,0.96,0,0
1789903984973,3,9051,1,48,-2.96928,1,0.75,Walking,True,0.96,0,0
1789903984973,3,9051,1,48,-2.96928,1,0.75,Walking,True,0.96,0,0
1789903984973,3,9051,1,48,-2.96928,1,0.75,Walking,True,0.96,0,0
1789903984988,4,10262,1,64,-2.9488,1,0.75,Walking,True,1.28,0,0
1789903984988,4,10262,1,64,-2.9488,1,0.75,Walking,True,1.28,0,0
1789903984988,4,10262,1,64,-2.9488,1,0.75,Walking,True,1.28,0,0
1789903984988,4,10262,1,64,-2.9488,1,0.75,Walking,True,1.28,0,0
1789903984988,4,10262,1,64,-2.9488,1,0.75,Walking,True,1.28,0,0
1789903984988,4,10262,1,64,-2.9488,1,0.75,Walking,True,1.28,0,0
1789903984988,4,10262,1,64,-2.9488,1,0.75,Walking,True,1.28,0,0
1789903984988,4,10262,1,64,-2.9488,1,0.75,Walking,True,1.28,0,0
1789903985003,5,11599,1,80,-2.9232,1,0.75,Walking,True,1.6,0,0
1789903985003,5,11599,1,80,-2.9232,1,0.75,Walking,True,1.6,0,0
1789903985003,5,11599,1,80,-2.9232,1,0.75,Walking,True,1.6,0,0
1789903985003,5,11599,1,80,-2.9232,1,0.75,Walking,True,1.6,0,0
1789903985003,5,11599,1,80,-2.9232,1,0.75,Walking,True,1.6,0,0
1789903985003,5,11599,1,80,-2.9232,1,0.75,Walking,True,1.6,0,0
1789903985003,5,11599,1,80,-2.9232,1,0.75,Walking,True,1.6,0,0
1789903985003,5,11599,1,80,-2.9232,1,0.75,Walking,True,1.6,0,0
1789903985018,6,13044,1,96,-2.89248,1,0.75,Walking,True,1.92,0,0
1789903985018,6,13044,1,96,-2.89248,1,0.75,Walking,True,1.92,0,0
1789903985018,6,13044,1,96,-2.89248,1,0.75,Walking,True,1.92,0,0
1789903985018,6,13044,1,96,-2.89248,1,0.75,Walking,True,1.92,0,0
1789903985018,6,13044,1,96,-2.89248,1,0.75,Walking,True,1.92,0,0
1789903985018,6,13044,1,96,-2.89248,1,0.75,Walking,True,1.92,0,0
1789903985018,6,13044,1,96,-2.89248,1,0.75,Walking,True,1.92,0,0
1789903985018,6,13044,1,96,-2.89248,1,0.75,Walking,True,1.92,0,0
1789903985034,7,14536,1,112,-2.85664,1,0.75,Walking,True,2.24,0,0
1789903985034,7,14536,1,112,-2.85664,1,0.75,Walking,True,2.24,0,0
1789903985034,7,14536,1,112,-2.85664,1,0.75,Walking,True,2.24,0,0
1789903985034,7,14536,1,112,-2.85664,1,0.75,Walking,True,2.24,0,0
1789903985034,7,14536,1,112,-2.85664,1,0.75,Walking,True,2.24,0,0
1789903985034,7,14536,1,112,-2.85664,1,0.75,Walking,True,2.24,0,0
1789903985034,7,14536,1,112,-2.85664,1,0.75,Walking,True,2.24,0,0
1789903985034,7,14536,1,112,-2.85664,1,0.75,Walking,True,2.24,0,0
1789903985050,8,15935,1,128,-2.81568,1,0.75,Walking,True,2.56,0,0
1789903985050,8,15935,1,128,-2.81568,1,0.75,Walking,True,2.56,0,0
1789903985050,8,15935,1,128,-2.81568,1,0.75,Walking,True,2.56,0,0
1789903985050,8,15935,1,128,-2.81568,1,0.75,Walking,True,2.56,0,0
1789903985050,8,15935,1,128,-2.81568,1,0.75,Walking,True,2.56,0,0
1789903985050,8,15935,1,128,-2.81568,1,0.75,Walking,True,2.56,0,0
1789903985050,8,15935,1,128,-2.81568,1,0.75,Walking,True,2.56,0,0
1789903985050,8,15935,1,128,-2.81568,1,0.75,Walking,True,2.56,0,0
1789903985064,9,17389,1,144,-2.7696,1,0.75,Walking,True,2.88,0,0
1789903985064,9,17389,1,144,-2.7696,1,0.75,Walking,True,2.88,0,0
1789903985064,9,17389,1,144,-2.7696,1,0.75,Walking,True,2.88,0,0
1789903985064,9,17389,1,144,-2.7696,1,0.75,Walking,True,2.88,0,0
1789903985064,9,17389,1,144,-2.7696,1,0.75,Walking,True,2.88,0,0
1789903985064,9,17389,1,144,-2.7696,1,0.75,Walking,True,2.88,0,0
1789903985064,9,17389,1,144,-2.7696,1,0.75,Walking,True,2.88,0,0
1789903985064,9,17389,1,144,-2.7696,1,0.75,Walking,True,2.88,0,0
1789903985081,10,18696,1,160,-2.7184,1,0.75,Walking,True,3.2,0,0
1789903985081,10,18696,1,160,-2.7184,1,0.75,Walking,True,3.2,0,0
1789903985081,10,18696,1,160,-2.7184,1,0.75,Walking,True,3.2,0,0
1789903985081,10,18696,1,160,-2.7184,1,0.75,Walking,True,3.2,0,0
1789903985081,10,18696,1,160,-2.7184,1,0.75,Walking,True,3.2,0,0
1789903985081,10,18696,1,160,-2.7184,1,0.75,Walking,True,3.2,0,0
1789903985081,10,18696,1,160,-2.7184,1,0.75,Walking,True,3.2,0,0
1789903985081,10,18696,1,160,-2.7184,1,0.75,Walking,True,3.2,0,0
1789903985096,11,20367,1,176,-2.66208,1,0.75,Walking,True,3.52,0,0
1789903985096,11,20367,1,176,-2.66208,1,0.75,Walking,True,3.52,0,0
1789903985096,11,20367,1,176,-2.66208,1,0.75,Walking,True,3.52,0,0
1789903985096,11,20367,1,176,-2.66208,1,0.75,Walking,True,3.52,0,0
1789903985096,11,20367,1,176,-2.66208,1,0.75,Walking,True,3.52,0,0
1789903985096,11,20367,1,176,-2.66208,1,0.75,Walking,True,3.52,0,0
1789903985096,11,20367,1,176,-2.66208,1,0.75,Walking,True,3.52,0,0
1789903985096,11,20367,1,176,-2.66208,1,0.75,Walking,True,3.52,0,0
1789903985112,12,21831,1,192,-2.60064,1,0.75,Walking,True,3.84,0,0
1789903985112,12,21831,1,192,-2.60064,1,0.75,Walking,True,3.84,0,0
1789903985112,12,21831,1,192,-2.60064,1,0.75,Walking,True,3.84,0,0
1789903985112,12,21831,1,192,-2.60064,1,0.75,Walking,True,3.84,0,0
1789903985112,12,21831,1,192,-2.60064,1,0.75,Walking,True,3.84,0,0
1789903985112,12,21831,1,192,-2.60064,1,0.75,Walking,True,3.84,0,0
1789903985112,12,21831,1,192,-2.60064,1,0.75,Walking,True,3.84,0,0
1789903985112,12,21831,1,192,-2.60064,1,0.75,Walking,True,3.84,0,0
1789903985127,13,23098,1,208,-2.53824,1,0.75,Walking,True,3.9,0,0
1789903985127,13,23098,1,208,-2.53824,1,0.75,Walking,True,3.9,0,0
1789903985127,13,23098,1,208,-2.53824,1,0.75,Walking,True,3.9,0,0
1789903985127,13,23098,1,208,-2.53824,1,0.75,Walking,True,3.9,0,0
1789903985127,13,23098,1,208,-2.53824,1,0.75,Walking,True,3.9,0,0
1789903985127,13,23098,1,208,-2.53824,1,0.75,Walking,True,3.9,0,0
1789903985127,13,23098,1,208,-2.53824,1,0.75,Walking,True,3.9,0,0
1789903985127,13,23098,1,208,-2.53824,1,0.75,Walking,True,3.9,0,0
1789903985143,14,24461,1,224,-2.47584,1,0.75,Walking,True,3.9,0,0
1789903985143,14,24461,1,224,-2.47584,1,0.75,Walking,True,3.9,0,0
1789903985143,14,24461,1,224,-2.47584,1,0.75,Walking,True,3.9,0,0
1789903985143,14,24461,1,224,-2.47584,1,0.75,Walking,True,3.9,0,0
1789903985143,14,24461,1,224,-2.47584,1,0.75,Walking,True,3.9,0,0
1789903985143,14,24461,1,224,-2.47584,1,0.75,Walking,True,3.9,0,0
1789903985143,14,24461,1,224,-2.47584,1,0.75,Walking,True,3.9,0,0
1789903985143,14,24461,1,224,-2.47584,1,0.75,Walking,True,3.9,0,0
1789903985158,15,25458,1,240,-2.41344,1,0.75,Walking,True,3.9,0,0
1789903985158,15,25458,1,240,-2.41344,1,0.75,Walking,True,3.9,0,0
1789903985158,15,25458,1,240,-2.41344,1,0.75,Walking,True,3.9,0,0
1789903985158,15,25458,1,240,-2.41344,1,0.75,Walking,True,3.9,0,0
1789903985158,15,25458,1,240,-2.41344,1,0.75,Walking,True,3.9,0,0
1789903985158,15,25458,1,240,-2.41344,1,0.75,Walking,True,3.9,0,0
1789903985158,15,25458,1,240,-2.41344,1,0.75,Walking,True,3.9,0,0
1789903985158,15,25458,1,240,-2.41344,1,0.75,Walking,True,3.9,0,0
1789903985173,16,26798,1,256,-2.351039,1,0.75,Walking,True,3.9,0,0
1789903985173,16,26798,1,256,-2.351039,1,0.75,Walking,True,3.9,0,0
1789903985173,16,26798,1,256,-2.351039,1,0.75,Walking,True,3.9,0,0
1789903985173,16,26798,1,256,-2.351039,1,0.75,Walking,True,3.9,0,0
1789903985173,16,26798,1,256,-2.351039,1,0.75,Walking,True,3.9,0,0
1789903985173,16,26798,1,256,-2.351039,1,0.75,Walking,True,3.9,0,0
1789903985173,16,26798,1,256,-2.351039,1,0.75,Walking,True,3.9,0,0
1789903985173,16,26798,1,256,-2.351039,1,0.75,Walking,True,3.9,0,0
1789903985189,17,28132,1,272,-2.288639,1,0.75,Walking,True,3.9,0,0
1789903985189,17,28132,1,272,-2.288639,1,0.75,Walking,True,3.9,0,0
1789903985189,17,28132,1,272,-2.288639,1,0.75,Walking,True,3.9,0,0
1789903985189,17,28132,1,272,-2.288639,1,0.75,Walking,True,3.9,0,0
1789903985189,17,28132,1,272,-2.288639,1,0.75,Walking,True,3.9,0,0
1789903985189,17,28132,1,272,-2.288639,1,0.75,Walking,True,3.9,0,0
1789903985189,17,28132,1,272,-2.288639,1,0.75,Walking,True,3.9,0,0
1789903985189,17,28132,1,272,-2.288639,1,0.75,Walking,True,3.9,0,0
1789903985205,18,29357,1,288,-2.226239,1,0.75,Walking,True,3.9,0,0
1789903985206,18,29357,1,288,-2.226239,1,0.75,Walking,True,3.9,0,0
1789903985206,18,29357,1,288,-2.226239,1,0.75,Walking,True,3.9,0,0
1789903985206,18,29357,1,288,-2.226239,1,0.75,Walking,True,3.9,0,0
1789903985206,18,29357,1,288,-2.226239,1,0.75,Walking,True,3.9,0,0
1789903985206,18,29357,1,288,-2.226239,1,0.75,Walking,True,3.9,0,0
1789903985206,18,29357,1,288,-2.226239,1,0.75,Walking,True,3.9,0,0
1789903985206,18,29357,1,288,-2.226239,1,0.75,Walking,True,3.9,0,0
1789903985220,19,30815,1,304,-2.163839,1,0.75,Walking,True,3.9,0,0
1789903985220,19,30815,1,304,-2.163839,1,0.75,Walking,True,3.9,0,0
1789903985220,19,30815,1,304,-2.163839,1,0.75,Walking,True,3.9,0,0
1789903985220,19,30815,1,304,-2.163839,1,0.75,Walking,True,3.9,0,0
1789903985220,19,30815,1,304,-2.163839,1,0.75,Walking,True,3.9,0,0
1789903985220,19,30815,1,304,-2.163839,1,0.75,Walking,True,3.9,0,0
1789903985220,19,30815,1,304,-2.163839,1,0.75,Walking,True,3.9,0,0
1789903985220,19,30815,1,304,-2.163839,1,0.75,Walking,True,3.9,0,0
1789903985235,20,32170,1,320,-2.101439,1,0.75,Walking,True,3.9,0,0
1789903985235,20,32170,1,320,-2.101439,1,0.75,Walking,True,3.9,0,0
1789903985235,20,32170,1,320,-2.101439,1,0.75,Walking,True,3.9,0,0
1789903985236,20,32170,1,320,-2.101439,1,0.75,Walking,True,3.9,0,0
1789903985236,20,32170,1,320,-2.101439,1,0.75,Walking,True,3.9,0,0
1789903985236,20,32170,1,320,-2.101439,1,0.75,Walking,True,3.9,0,0
1789903985236,20,32170,1,320,-2.101439,1,0.75,Walking,True,3.9,0,0
1789903985236,20,32170,1,320,-2.101439,1,0.75,Walking,True,3.9,0,0
1789903985252,21,33542,1,336,-2.039039,1,0.75,Walking,True,3.9,0,0
1789903985252,21,33542,1,336,-2.039039,1,0.75,Walking,True,3.9,0,0
1789903985252,21,33542,1,336,-2.039039,1,0.75,Walking,True,3.9,0,0
1789903985252,21,33542,1,336,-2.039039,1,0.75,Walking,True,3.9,0,0
1789903985252,21,33542,1,336,-2.039039,1,0.75,Walking,True,3.9,0,0
1789903985252,21,33542,1,336,-2.039039,1,0.75,Walking,True,3.9,0,0
1789903985252,21,33542,1,336,-2.039039,1,0.75,Walking,True,3.9,0,0
1789903985252,21,33542,1,336,-2.039039,1,0.75,Walking,True,3.9,0,0
1789903985268,22,35084,1,352,-1.976639,1,0.75,Walking,True,3.9,0,0
1789903985268,22,35084,1,352,-1.976639,1,0.75,Walking,True,3.9,0,0
1789903985268,22,35084,1,352,-1.976639,1,0.75,Walking,True,3.9,0,0
1789903985268,22,35084,1,352,-1.976639,1,0.75,Walking,True,3.9,0,0
1789903985268,22,35084,1,352,-1.976639,1,0.75,Walking,True,3.9,0,0
1789903985268,22,35084,1,352,-1.976639,1,0.75,Walking,True,3.9,0,0
1789903985268,22,35084,1,352,-1.976639,1,0.75,Walking,True,3.9,0,0
1789903985268,22,35084,1,352,-1.976639,1,0.75,Walking,True,3.9,0,0
1789903985284,23,36611,1,368,-1.914239,1,0.75,Walking,True,3.9,0,0
1789903985284,23,36611,1,368,-1.914239,1,0.75,Walking,True,3.9,0,0
1789903985284,23,36611,1,368,-1.914239,1,0.75,Walking,True,3.9,0,0
1789903985284,23,36611,1,368,-1.914239,1,0.75,Walking,True,3.9,0,0
1789903985284,23,36611,1,368,-1.914239,1,0.75,Walking,True,3.9,0,0
1789903985284,23,36611,1,368,-1.914239,1,0.75,Walking,True,3.9,0,0
1789903985284,23,36611,1,368,-1.914239,1,0.75,Walking,True,3.9,0,0
1789903985284,23,36611,1,368,-1.914239,1,0.75,Walking,True,3.9,0,0
1789903985298,24,37989,1,384,-1.851839,1,0.75,Walking,True,3.9,0,0
1789903985298,24,37989,1,384,-1.851839,1,0.75,Walking,True,3.9,0,0
1789903985298,24,37989,1,384,-1.851839,1,0.75,Walking,True,3.9,0,0
1789903985298,24,37989,1,384,-1.851839,1,0.75,Walking,True,3.9,0,0
1789903985298,24,37989,1,384,-1.851839,1,0.75,Walking,True,3.9,0,0
1789903985298,24,37989,1,384,-1.851839,1,0.75,Walking,True,3.9,0,0
1789903985299,24,37989,1,384,-1.851839,1,0.75,Walking,True,3.9,0,0
1789903985299,24,37989,1,384,-1.851839,1,0.75,Walking,True,3.9,0,0
1789903985315,25,39215,1,400,-1.789439,1,0.75,Walking,True,3.9,0,0
1789903985315,25,39215,1,400,-1.789439,1,0.75,Walking,True,3.9,0,0
1789903985315,25,39215,1,400,-1.789439,1,0.75,Walking,True,3.9,0,0
1789903985315,25,39215,1,400,-1.789439,1,0.75,Walking,True,3.9,0,0
1789903985315,25,39215,1,400,-1.789439,1,0.75,Walking,True,3.9,0,0
1789903985315,25,39215,1,400,-1.789439,1,0.75,Walking,True,3.9,0,0
1789903985315,25,39215,1,400,-1.789439,1,0.75,Walking,True,3.9,0,0
1789903985315,25,39215,1,400,-1.789439,1,0.75,Walking,True,3.9,0,0
1789903985330,26,40612,1,416,-1.727039,1,0.75,Walking,True,3.9,0,0
1789903985330,26,40612,1,416,-1.727039,1,0.75,Walking,True,3.9,0,0
1789903985330,26,40612,1,416,-1.727039,1,0.75,Walking,True,3.9,0,0
1789903985330,26,40612,1,416,-1.727039,1,0.75,Walking,True,3.9,0,0
1789903985330,26,40612,1,416,-1.727039,1,0.75,Walking,True,3.9,0,0
1789903985330,26,40612,1,416,-1.727039,1,0.75,Walking,True,3.9,0,0
1789903985330,26,40612,1,416,-1.727039,1,0.75,Walking,True,3.9,0,0
1789903985330,26,40612,1,416,-1.727039,1,0.75,Walking,True,3.9,0,0
1789903985345,27,42012,1,432,-1.664639,1,0.75,Walking,True,3.9,0,0
1789903985345,27,42012,1,432,-1.664639,1,0.75,Walking,True,3.9,0,0
1789903985345,27,42012,1,432,-1.664639,1,0.75,Walking,True,3.9,0,0
1789903985345,27,42012,1,432,-1.664639,1,0.75,Walking,True,3.9,0,0
1789903985345,27,42012,1,432,-1.664639,1,0.75,Walking,True,3.9,0,0
1789903985345,27,42012,1,432,-1.664639,1,0.75,Walking,True,3.9,0,0
1789903985345,27,42012,1,432,-1.664639,1,0.75,Walking,True,3.9,0,0
1789903985345,27,42012,1,432,-1.664639,1,0.75,Walking,True,3.9,0,0
1789903985376,28,43273,1,448,-1.602239,1,0.75,Walking,True,3.9,0,0
1789903985376,28,43273,1,448,-1.602239,1,0.75,Walking,True,3.9,0,0
1789903985376,28,43273,1,448,-1.602239,1,0.75,Walking,True,3.9,0,0
1789903985376,28,43273,1,448,-1.602239,1,0.75,Walking,True,3.9,0,0
1789903985376,28,43273,1,448,-1.602239,1,0.75,Walking,True,3.9,0,0
1789903985376,28,43273,1,448,-1.602239,1,0.75,Walking,True,3.9,0,0
1789903985376,28,43273,1,448,-1.602239,1,0.75,Walking,True,3.9,0,0
1789903985376,28,43273,1,448,-1.602239,1,0.75,Walking,True,3.9,0,0
1789903985392,29,45857,1,464,-1.539839,1,0.75,Walking,True,3.9,0,0
1789903985392,29,45857,1,464,-1.539839,1,0.75,Walking,True,3.9,0,0
1789903985392,29,45857,1,464,-1.539839,1,0.75,Walking,True,3.9,0,0
1789903985392,29,45857,1,464,-1.539839,1,0.75,Walking,True,3.9,0,0
1789903985392,29,45857,1,464,-1.539839,1,0.75,Walking,True,3.9,0,0
1789903985392,29,45857,1,464,-1.539839,1,0.75,Walking,True,3.9,0,0
1789903985392,29,45857,1,464,-1.539839,1,0.75,Walking,True,3.9,0,0
1789903985392,29,45857,1,464,-1.539839,1,0.75,Walking,True,3.9,0,0
1789903985407,30,47190,1,480,-1.477439,1,0.75,Walking,True,3.9,0,0
1789903985407,30,47190,1,480,-1.477439,1,0.75,Walking,True,3.9,0,0
1789903985407,30,47190,1,480,-1.477439,1,0.75,Walking,True,3.9,0,0
1789903985407,30,47190,1,480,-1.477439,1,0.75,Walking,True,3.9,0,0
1789903985407,30,47190,1,480,-1.477439,1,0.75,Walking,True,3.9,0,0
1789903985407,30,47190,1,480,-1.477439,1,0.75,Walking,True,3.9,0,0
1789903985407,30,47190,1,480,-1.477439,1,0.75,Walking,True,3.9,0,0
1789903985407,30,47190,1,480,-1.477439,1,0.75,Walking,True,3.9,0,0
1789903985423,31,48504,1,496,-1.415039,1,0.75,Walking,True,3.9,0,0
1789903985423,31,48504,1,496,-1.415039,1,0.75,Walking,True,3.9,0,0
1789903985423,31,48504,1,496,-1.415039,1,0.75,Walking,True,3.9,0,0
1789903985423,31,48504,1,496,-1.415039,1,0.75,Walking,True,3.9,0,0
1789903985423,31,48504,1,496,-1.415039,1,0.75,Walking,True,3.9,0,0
1789903985423,31,48504,1,496,-1.415039,1,0.75,Walking,True,3.9,0,0
1789903985423,31,48504,1,496,-1.415039,1,0.75,Walking,True,3.9,0,0
1789903985423,31,48504,1,496,-1.415039,1,0.75,Walking,True,3.9,0,0
1789903985439,32,49894,1,512,-1.352639,1,0.75,Walking,True,3.9,0,0
1789903985439,32,49894,1,512,-1.352639,1,0.75,Walking,True,3.9,0,0
1789903985439,32,49894,1,512,-1.352639,1,0.75,Walking,True,3.9,0,0
1789903985439,32,49894,1,512,-1.352639,1,0.75,Walking,True,3.9,0,0
1789903985439,32,49894,1,512,-1.352639,1,0.75,Walking,True,3.9,0,0
1789903985439,32,49894,1,512,-1.352639,1,0.75,Walking,True,3.9,0,0
1789903985439,32,49894,1,512,-1.352639,1,0.75,Walking,True,3.9,0,0
1789903985439,32,49894,1,512,-1.352639,1,0.75,Walking,True,3.9,0,0
1789903985454,33,51258,1,528,-1.290239,1,0.75,Walking,True,3.9,0,0
1789903985454,33,51258,1,528,-1.290239,1,0.75,Walking,True,3.9,0,0
1789903985454,33,51258,1,528,-1.290239,1,0.75,Walking,True,3.9,0,0
1789903985454,33,51258,1,528,-1.290239,1,0.75,Walking,True,3.9,0,0
1789903985454,33,51258,1,528,-1.290239,1,0.75,Walking,True,3.9,0,0
1789903985454,33,51258,1,528,-1.290239,1,0.75,Walking,True,3.9,0,0
1789903985454,33,51258,1,528,-1.290239,1,0.75,Walking,True,3.9,0,0
1789903985454,33,51258,1,528,-1.290239,1,0.75,Walking,True,3.9,0,0
1789903985470,34,52707,1,544,-1.227839,1,0.75,Walking,True,3.9,0,0
1789903985470,34,52707,1,544,-1.227839,1,0.75,Walking,True,3.9,0,0
1789903985470,34,52707,1,544,-1.227839,1,0.75,Walking,True,3.9,0,0
1789903985470,34,52707,1,544,-1.227839,1,0.75,Walking,True,3.9,0,0
1789903985470,34,52707,1,544,-1.227839,1,0.75,Walking,True,3.9,0,0
1789903985470,34,52707,1,544,-1.227839,1,0.75,Walking,True,3.9,0,0
1789903985470,34,52707,1,544,-1.227839,1,0.75,Walking,True,3.9,0,0
1789903985470,34,52707,1,544,-1.227839,1,0.75,Walking,True,3.9,0,0
1789903985485,35,53997,1,560,-1.165439,1,0.75,Walking,True,3.9,0,0
1789903985485,35,53997,1,560,-1.165439,1,0.75,Walking,True,3.9,0,0
1789903985485,35,53997,1,560,-1.165439,1,0.75,Walking,True,3.9,0,0
1789903985485,35,53997,1,560,-1.165439,1,0.75,Walking,True,3.9,0,0
1789903985485,35,53997,1,560,-1.165439,1,0.75,Walking,True,3.9,0,0
1789903985485,35,53997,1,560,-1.165439,1,0.75,Walking,True,3.9,0,0
1789903985485,35,53997,1,560,-1.165439,1,0.75,Walking,True,3.9,0,0
1789903985485,35,53997,1,560,-1.165439,1,0.75,Walking,True,3.9,0,0
1789903985500,36,55380,1,576,-1.103039,1,0.75,Walking,True,3.9,0,0
1789903985500,36,55380,1,576,-1.103039,1,0.75,Walking,True,3.9,0,0
1789903985500,36,55380,1,576,-1.103039,1,0.75,Walking,True,3.9,0,0
1789903985500,36,55380,1,576,-1.103039,1,0.75,Walking,True,3.9,0,0
1789903985500,36,55380,1,576,-1.103039,1,0.75,Walking,True,3.9,0,0
1789903985500,36,55380,1,576,-1.103039,1,0.75,Walking,True,3.9,0,0
1789903985500,36,55380,1,576,-1.103039,1,0.75,Walking,True,3.9,0,0
1789903985500,36,55380,1,576,-1.103039,1,0.75,Walking,True,3.9,0,0
1789903985516,37,56811,1,592,-1.040639,1,0.75,Walking,True,3.9,0,0
1789903985516,37,56811,1,592,-1.040639,1,0.75,Walking,True,3.9,0,0
1789903985516,37,56811,1,592,-1.040639,1,0.75,Walking,True,3.9,0,0
1789903985516,37,56811,1,592,-1.040639,1,0.75,Walking,True,3.9,0,0
1789903985516,37,56811,1,592,-1.040639,1,0.75,Walking,True,3.9,0,0
1789903985516,37,56811,1,592,-1.040639,1,0.75,Walking,True,3.9,0,0
1789903985516,37,56811,1,592,-1.040639,1,0.75,Walking,True,3.9,0,0
1789903985516,37,56811,1,592,-1.040639,1,0.75,Walking,True,3.9,0,0
1789903985532,38,58283,1,608,-0.978239,1,0.75,Walking,True,3.9,0,0
1789903985532,38,58283,1,608,-0.978239,1,0.75,Walking,True,3.9,0,0
1789903985532,38,58283,1,608,-0.978239,1,0.75,Walking,True,3.9,0,0
1789903985532,38,58283,1,608,-0.978239,1,0.75,Walking,True,3.9,0,0
1789903985532,38,58283,1,608,-0.978239,1,0.75,Walking,True,3.9,0,0
1789903985532,38,58283,1,608,-0.978239,1,0.75,Walking,True,3.9,0,0
1789903985532,38,58283,1,608,-0.978239,1,0.75,Walking,True,3.9,0,0
1789903985532,38,58283,1,608,-0.978239,1,0.75,Walking,True,3.9,0,0
1789903985548,39,59727,1,624,-0.915839,1,0.75,Walking,True,3.9,0,0
1789903985548,39,59727,1,624,-0.915839,1,0.75,Walking,True,3.9,0,0
1789903985548,39,59727,1,624,-0.915839,1,0.75,Walking,True,3.9,0,0
1789903985548,39,59727,1,624,-0.915839,1,0.75,Walking,True,3.9,0,0
1789903985548,39,59727,1,624,-0.915839,1,0.75,Walking,True,3.9,0,0
1789903985548,39,59727,1,624,-0.915839,1,0.75,Walking,True,3.9,0,0
1789903985548,39,59727,1,624,-0.915839,1,0.75,Walking,True,3.9,0,0
1789903985548,39,59727,1,624,-0.915839,1,0.75,Walking,True,3.9,0,0
1789903985563,40,61077,1,640,-0.901,1,0.75,Walking,True,3.9,0,0
1789903985563,40,61077,1,640,-0.901,1,0.75,Walking,True,3.9,0,0
1789903985563,40,61077,1,640,-0.901,1,0.75,Walking,True,3.9,0,0
1789903985563,40,61077,1,640,-0.901,1,0.75,Walking,True,3.9,0,0
1789903985563,40,61077,1,640,-0.901,1,0.75,Walking,True,3.9,0,0
1789903985563,40,61077,1,640,-0.901,1,0.75,Walking,True,3.9,0,0
1789903985563,40,61077,1,640,-0.901,1,0.75,Walking,True,3.9,0,0
1789903985563,40,61077,1,640,-0.901,1,0.75,Walking,True,3.9,0,0
1789903985579,41,62357,1,656,-0.901,1,0.75,Walking,True,3.9,0,0
1789903985579,41,62357,1,656,-0.901,1,0.75,Walking,True,3.9,0,0
1789903985579,41,62357,1,656,-0.901,1,0.75,Walking,True,3.9,0,0
1789903985579,41,62357,1,656,-0.901,1,0.75,Walking,True,3.9,0,0
1789903985579,41,62357,1,656,-0.901,1,0.75,Walking,True,3.9,0,0
1789903985579,41,62357,1,656,-0.901,1,0.75,Walking,True,3.9,0,0
1789903985579,41,62357,1,656,-0.901,1,0.75,Walking,True,3.9,0,0
1789903985579,41,62357,1,656,-0.901,1,0.75,Walking,True,3.9,0,0
1789903985594,42,63736,1,672,-0.901,1,0.75,Walking,True,3.9,0,0
1789903985594,42,63736,1,672,-0.901,1,0.75,Walking,True,3.9,0,0
1789903985594,42,63736,1,672,-0.901,1,0.75,Walking,True,3.9,0,0
1789903985594,42,63736,1,672,-0.901,1,0.75,Walking,True,3.9,0,0
1789903985594,42,63736,1,672,-0.901,1,0.75,Walking,True,3.9,0,0
1789903985594,42,63736,1,672,-0.901,1,0.75,Walking,True,3.9,0,0
1789903985594,42,63736,1,672,-0.901,1,0.75,Walking,True,3.9,0,0
1789903985594,42,63736,1,672,-0.901,1,0.75,Walking,True,3.9,0,0
1789903985609,43,64660,1,688,-0.901,1,0.75,Walking,True,3.9,0,0
1789903985609,43,64660,1,688,-0.901,1,0.75,Walking,True,3.9,0,0
1789903985609,43,64660,1,688,-0.901,1,0.75,Walking,True,3.9,0,0
1789903985609,43,64660,1,688,-0.901,1,0.75,Walking,True,3.9,0,0
1789903985609,43,64660,1,688,-0.901,1,0.75,Walking,True,3.9,0,0
1789903985609,43,64660,1,688,-0.901,1,0.75,Walking,True,3.9,0,0
1789903985609,43,64660,1,688,-0.901,1,0.75,Walking,True,3.9,0,0
1789903985609,43,64660,1,688,-0.901,1,0.75,Walking,True,3.9,0,0
1789903985625,44,65991,1,704,-0.901,1,0.75,Walking,True,3.9,0,0
1789903985625,44,65991,1,704,-0.901,1,0.75,Walking,True,3.9,0,0
1789903985625,44,65991,1,704,-0.901,1,0.75,Walking,True,3.9,0,0
1789903985625,44,65991,1,704,-0.901,1,0.75,Walking,True,3.9,0,0
1789903985625,44,65991,1,704,-0.901,1,0.75,Walking,True,3.9,0,0
1789903985625,44,65991,1,704,-0.901,1,0.75,Walking,True,3.9,0,0
1789903985625,44,65991,1,704,-0.901,1,0.75,Walking,True,3.9,0,0
1789903985625,44,65991,1,704,-0.901,1,0.75,Walking,True,3.9,0,0
1789903985641,45,67135,1,720,-0.901,1,0.75,Walking,True,3.9,0,0
1789903985641,45,67135,1,720,-0.901,1,0.75,Walking,True,3.9,0,0
1789903985641,45,67135,1,720,-0.901,1,0.75,Walking,True,3.9,0,0
1789903985641,45,67135,1,720,-0.901,1,0.75,Walking,True,3.9,0,0
1789903985641,45,67135,1,720,-0.901,1,0.75,Walking,True,3.9,0,0
1789903985641,45,67135,1,720,-0.901,1,0.75,Walking,True,3.9,0,0
1789903985641,45,67135,1,720,-0.901,1,0.75,Walking,True,3.9,0,0
1789903985641,45,67135,1,720,-0.901,1,0.75,Walking,True,3.9,0,0
1789903985656,46,68634,1,736,-0.901,1,0.75,Walking,True,3.9,0,0
1789903985656,46,68634,1,736,-0.901,1,0.75,Walking,True,3.9,0,0
1789903985656,46,68634,1,736,-0.901,1,0.75,Walking,True,3.9,0,0
1789903985656,46,68634,1,736,-0.901,1,0.75,Walking,True,3.9,0,0
1789903985656,46,68634,1,736,-0.901,1,0.75,Walking,True,3.9,0,0
1789903985656,46,68634,1,736,-0.901,1,0.75,Walking,True,3.9,0,0
1789903985656,46,68634,1,736,-0.901,1,0.75,Walking,True,3.9,0,0
1789903985656,46,68634,1,736,-0.901,1,0.75,Walking,True,3.9,0,0
1789903985672,47,69817,1,752,-0.901,1,0.75,Walking,True,3.9,0,0
1789903985672,47,69817,1,752,-0.901,1,0.75,Walking,True,3.9,0,0
1789903985672,47,69817,1,752,-0.901,1,0.75,Walking,True,3.9,0,0
1789903985672,47,69817,1,752,-0.901,1,0.75,Walking,True,3.9,0,0
1789903985672,47,69817,1,752,-0.901,1,0.75,Walking,True,3.9,0,0
1789903985672,47,69817,1,752,-0.901,1,0.75,Walking,True,3.9,0,0
1789903985672,47,69817,1,752,-0.901,1,0.75,Walking,True,3.9,0,0
1789903985672,47,69817,1,752,-0.901,1,0.75,Walking,True,3.9,0,0
1789903985687,48,71112,1,768,-0.901,1,0.75,Walking,True,3.9,0,0
1789903985687,48,71112,1,768,-0.901,1,0.75,Walking,True,3.9,0,0
1789903985687,48,71112,1,768,-0.901,1,0.75,Walking,True,3.9,0,0
1789903985687,48,71112,1,768,-0.901,1,0.75,Walking,True,3.9,0,0
1789903985687,48,71112,1,768,-0.901,1,0.75,Walking,True,3.9,0,0
1789903985687,48,71112,1,768,-0.901,1,0.75,Walking,True,3.9,0,0
1789903985687,48,71112,1,768,-0.901,1,0.75,Walking,True,3.9,0,0
1789903985687,48,71112,1,768,-0.901,1,0.75,Walking,True,3.9,0,0
1789903985702,49,72437,1,784,-0.901,1,0.75,Walking,True,3.9,0,0
1789903985702,49,72437,1,784,-0.901,1,0.75,Walking,True,3.9,0,0
1789903985702,49,72437,1,784,-0.901,1,0.75,Walking,True,3.9,0,0
1789903985702,49,72437,1,784,-0.901,1,0.75,Walking,True,3.9,0,0
1789903985702,49,72437,1,784,-0.901,1,0.75,Walking,True,3.9,0,0
1789903985702,49,72437,1,784,-0.901,1,0.75,Walking,True,3.9,0,0
1789903985702,49,72437,1,784,-0.901,1,0.75,Walking,True,3.9,0,0
1789903985702,49,72437,1,784,-0.901,1,0.75,Walking,True,3.9,0,0
1789903985717,50,73789,1,800,-0.901,1,0.75,Walking,True,3.9,0,0
1789903985717,50,73789,1,800,-0.901,1,0.75,Walking,True,3.9,0,0
1789903985717,50,73789,1,800,-0.901,1,0.75,Walking,True,3.9,0,0
1789903985717,50,73789,1,800,-0.901,1,0.75,Walking,True,3.9,0,0
1789903985717,50,73789,1,800,-0.901,1,0.75,Walking,True,3.9,0,0
1789903985717,50,73789,1,800,-0.901,1,0.75,Walking,True,3.9,0,0
1789903985717,50,73789,1,800,-0.901,1,0.75,Walking,True,3.9,0,0
1789903985717,50,73789,1,800,-0.901,1,0.75,Walking,True,3.9,0,0
1789903985733,51,75044,1,816,-0.901,1,0.75,Walking,True,3.9,0,0
1789903985733,51,75044,1,816,-0.901,1,0.75,Walking,True,3.9,0,0
1789903985733,51,75044,1,816,-0.901,1,0.75,Walking,True,3.9,0,0
1789903985733,51,75044,1,816,-0.901,1,0.75,Walking,True,3.9,0,0
1789903985733,51,75044,1,816,-0.901,1,0.75,Walking,True,3.9,0,0
1789903985733,51,75044,1,816,-0.901,1,0.75,Walking,True,3.9,0,0
1789903985733,51,75044,1,816,-0.901,1,0.75,Walking,True,3.9,0,0
1789903985733,51,75044,1,816,-0.901,1,0.75,Walking,True,3.9,0,0
1789903985748,52,76470,1,832,-0.901,1,0.75,Walking,True,3.9,0,0
1789903985748,52,76470,1,832,-0.901,1,0.75,Walking,True,3.9,0,0
1789903985748,52,76470,1,832,-0.901,1,0.75,Walking,True,3.9,0,0
1789903985748,52,76470,1,832,-0.901,1,0.75,Walking,True,3.9,0,0
1789903985748,52,76470,1,832,-0.901,1,0.75,Walking,True,3.9,0,0
1789903985748,52,76470,1,832,-0.901,1,0.75,Walking,True,3.9,0,0
1789903985748,52,76470,1,832,-0.901,1,0.75,Walking,True,3.9,0,0
1789903985748,52,76470,1,832,-0.901,1,0.75,Walking,True,3.9,0,0
1789903985764,53,77967,1,848,-0.901,1,0.75,Walking,True,3.9,0,0
1789903985764,53,77967,1,848,-0.901,1,0.75,Walking,True,3.9,0,0
1789903985764,53,77967,1,848,-0.901,1,0.75,Walking,True,3.9,0,0
1789903985764,53,77967,1,848,-0.901,1,0.75,Walking,True,3.9,0,0
1789903985764,53,77967,1,848,-0.901,1,0.75,Walking,True,3.9,0,0
1789903985764,53,77967,1,848,-0.901,1,0.75,Walking,True,3.9,0,0
1789903985764,53,77967,1,848,-0.901,1,0.75,Walking,True,3.9,0,0
1789903985764,53,77967,1,848,-0.901,1,0.75,Walking,True,3.9,0,0
1789903985779,54,79448,1,864,-0.901,1,0.75,Walking,True,3.9,0,0
1789903985779,54,79448,1,864,-0.901,1,0.75,Walking,True,3.9,0,0
1789903985779,54,79448,1,864,-0.901,1,0.75,Walking,True,3.9,0,0
1789903985779,54,79448,1,864,-0.901,1,0.75,Walking,True,3.9,0,0
1789903985779,54,79448,1,864,-0.901,1,0.75,Walking,True,3.9,0,0
1789903985779,54,79448,1,864,-0.901,1,0.75,Walking,True,3.9,0,0
1789903985779,54,79448,1,864,-0.901,1,0.75,Walking,True,3.9,0,0
1789903985779,54,79448,1,864,-0.901,1,0.75,Walking,True,3.9,0,0
1789903985795,55,80878,1,880,-0.901,1,0.75,Walking,True,3.9,0,0
1789903985795,55,80878,1,880,-0.901,1,0.75,Walking,True,3.9,0,0
1789903985795,55,80878,1,880,-0.901,1,0.75,Walking,True,3.9,0,0
1789903985795,55,80878,1,880,-0.901,1,0.75,Walking,True,3.9,0,0
1789903985795,55,80878,1,880,-0.901,1,0.75,Walking,True,3.9,0,0
1789903985795,55,80878,1,880,-0.901,1,0.75,Walking,True,3.9,0,0
1789903985795,55,80878,1,880,-0.901,1,0.75,Walking,True,3.9,0,0
1789903985795,55,80878,1,880,-0.901,1,0.75,Walking,True,3.9,0,0
1789903985811,56,82273,1,896,-0.901,1,0.75,Walking,True,3.9,0,0
1789903985811,56,82273,1,896,-0.901,1,0.75,Walking,True,3.9,0,0
1789903985811,56,82273,1,896,-0.901,1,0.75,Walking,True,3.9,0,0
1789903985811,56,82273,1,896,-0.901,1,0.75,Walking,True,3.9,0,0
1789903985811,56,82273,1,896,-0.901,1,0.75,Walking,True,3.9,0,0
1789903985811,56,82273,1,896,-0.901,1,0.75,Walking,True,3.9,0,0
1789903985812,56,82273,1,896,-0.901,1,0.75,Walking,True,3.9,0,0
1789903985812,56,82273,1,896,-0.901,1,0.75,Walking,True,3.9,0,0
1789903985827,57,83668,1,912,-0.901,1,0.75,Walking,True,3.9,0,0
1789903985827,57,83668,1,912,-0.901,1,0.75,Walking,True,3.9,0,0
1789903985827,57,83668,1,912,-0.901,1,0.75,Walking,True,3.9,0,0
1789903985827,57,83668,1,912,-0.901,1,0.75,Walking,True,3.9,0,0
1789903985827,57,83668,1,912,-0.901,1,0.75,Walking,True,3.9,0,0
1789903985827,57,83668,1,912,-0.901,1,0.75,Walking,True,3.9,0,0
1789903985827,57,83668,1,912,-0.901,1,0.75,Walking,True,3.9,0,0
1789903985827,57,83668,1,912,-0.901,1,0.75,Walking,True,3.9,0,0
1789903985843,58,85217,1,928,-0.901,1,0.75,Walking,True,3.9,0,0
1789903985843,58,85217,1,928,-0.901,1,0.75,Walking,True,3.9,0,0
1789903985843,58,85217,1,928,-0.901,1,0.75,Walking,True,3.9,0,0
1789903985843,58,85217,1,928,-0.901,1,0.75,Walking,True,3.9,0,0
1789903985843,58,85217,1,928,-0.901,1,0.75,Walking,True,3.9,0,0
1789903985843,58,85217,1,928,-0.901,1,0.75,Walking,True,3.9,0,0
1789903985843,58,85217,1,928,-0.901,1,0.75,Walking,True,3.9,0,0
1789903985843,58,85217,1,928,-0.901,1,0.75,Walking,True,3.9,0,0
1789903985858,59,86672,1,944,-0.901,1,0.75,Walking,True,3.9,0,0
1789903985858,59,86672,1,944,-0.901,1,0.75,Walking,True,3.9,0,0
1789903985858,59,86672,1,944,-0.901,1,0.75,Walking,True,3.9,0,0
1789903985858,59,86672,1,944,-0.901,1,0.75,Walking,True,3.9,0,0
1789903985858,59,86672,1,944,-0.901,1,0.75,Walking,True,3.9,0,0
1789903985858,59,86672,1,944,-0.901,1,0.75,Walking,True,3.9,0,0
1789903985858,59,86672,1,944,-0.901,1,0.75,Walking,True,3.9,0,0
1789903985858,59,86672,1,944,-0.901,1,0.75,Walking,True,3.9,0,0
1789903985874,60,88096,1,960,-0.901,1,0.75,Walking,True,3.9,0,0
1789903985874,60,88096,1,960,-0.901,1,0.75,Walking,True,3.9,0,0
1789903985874,60,88096,1,960,-0.901,1,0.75,Walking,True,3.9,0,0
1789903985874,60,88096,1,960,-0.901,1,0.75,Walking,True,3.9,0,0
1789903985874,60,88096,1,960,-0.901,1,0.75,Walking,True,3.9,0,0
1789903985874,60,88096,1,960,-0.901,1,0.75,Walking,True,3.9,0,0
1789903985874,60,88096,1,960,-0.901,1,0.75,Walking,True,3.9,0,0
1789903985874,60,88096,1,960,-0.901,1,0.75,Walking,True,3.9,0,0
1789903985890,61,89310,1,976,-0.901,1,0.75,Walking,True,3.9,0,0
1789903985890,61,89310,1,976,-0.901,1,0.75,Walking,True,3.9,0,0
1789903985890,61,89310,1,976,-0.901,1,0.75,Walking,True,3.9,0,0
1789903985890,61,89310,1,976,-0.901,1,0.75,Walking,True,3.9,0,0
1789903985890,61,89310,1,976,-0.901,1,0.75,Walking,True,3.9,0,0
1789903985890,61,89310,1,976,-0.901,1,0.75,Walking,True,3.9,0,0
1789903985890,61,89310,1,976,-0.901,1,0.75,Walking,True,3.9,0,0
1789903985890,61,89310,1,976,-0.901,1,0.75,Walking,True,3.9,0,0
1789903985906,62,90806,1,992,-0.901,1,0.75,Walking,True,3.9,0,0
1789903985906,62,90806,1,992,-0.901,1,0.75,Walking,True,3.9,0,0
1789903985906,62,90806,1,992,-0.901,1,0.75,Walking,True,3.9,0,0
1789903985906,62,90806,1,992,-0.901,1,0.75,Walking,True,3.9,0,0
1789903985906,62,90806,1,992,-0.901,1,0.75,Walking,True,3.9,0,0
1789903985906,62,90806,1,992,-0.901,1,0.75,Walking,True,3.9,0,0
1789903985906,62,90806,1,992,-0.901,1,0.75,Walking,True,3.9,0,0
1789903985906,62,90806,1,992,-0.901,1,0.75,Walking,True,3.9,0,0
1789903985936,63,92221,1,1008,-0.901,1,0.75,Walking,True,3.9,0,0
1789903985936,63,92221,1,1008,-0.901,1,0.75,Walking,True,3.9,0,0
1789903985936,63,92221,1,1008,-0.901,1,0.75,Walking,True,3.9,0,0
1789903985936,63,92221,1,1008,-0.901,1,0.75,Walking,True,3.9,0,0
1789903985936,63,92221,1,1008,-0.901,1,0.75,Walking,True,3.9,0,0
1789903985936,63,92221,1,1008,-0.901,1,0.75,Walking,True,3.9,0,0
1789903985936,63,92221,1,1008,-0.901,1,0.75,Walking,True,3.9,0,0
1789903985936,63,92221,1,1008,-0.901,1,0.75,Walking,True,3.9,0,0
1789903985937,64,95097,1,1024,-0.901,1,0.75,Walking,True,3.9,0,0
1789903985968,64,95097,1,1024,-0.901,1,0.75,Walking,True,3.9,0,0
1789903985968,64,95097,1,1024,-0.901,1,0.75,Walking,True,3.9,0,0
1789903985968,65,95102,1,1040,-0.901,1,0.75,Walking,True,3.9,0,0
1789903985968,65,95102,1,1040,-0.901,1,0.75,Walking,True,3.9,0,0
1789903985968,65,95102,1,1040,-0.901,1,0.75,Walking,True,3.9,0,0
1789903985968,65,95102,1,1040,-0.901,1,0.75,Walking,True,3.9,0,0
1789903985968,65,95102,1,1040,-0.901,1,0.75,Walking,True,3.9,0,0
1789903985968,65,95102,1,1040,-0.901,1,0.75,Walking,True,3.9,0,0
1789903985983,66,97941,1,1056,-0.901,1,0.75,Walking,True,3.9,0,0
1789903985983,66,97941,1,1056,-0.901,1,0.75,Walking,True,3.9,0,0
1789903985983,66,97941,1,1056,-0.901,1,0.75,Walking,True,3.9,0,0
1789903985983,66,97941,1,1056,-0.901,1,0.75,Walking,True,3.9,0,0
1789903985983,66,97941,1,1056,-0.901,1,0.75,Walking,True,3.9,0,0
1789903985983,66,97941,1,1056,-0.901,1,0.75,Walking,True,3.9,0,0
1789903985983,66,97941,1,1056,-0.901,1,0.75,Walking,True,3.9,0,0
1789903985983,66,97941,1,1056,-0.901,1,0.75,Walking,True,3.9,0,0
1789903985998,67,99193,1,1072,-0.901,1,0.75,Walking,True,3.9,0,0
1789903985998,67,99193,1,1072,-0.901,1,0.75,Walking,True,3.9,0,0
1789903985998,67,99193,1,1072,-0.901,1,0.75,Walking,True,3.9,0,0
1789903985998,67,99193,1,1072,-0.901,1,0.75,Walking,True,3.9,0,0
1789903985998,67,99193,1,1072,-0.901,1,0.75,Walking,True,3.9,0,0
1789903985998,67,99193,1,1072,-0.901,1,0.75,Walking,True,3.9,0,0
1789903985998,67,99193,1,1072,-0.901,1,0.75,Walking,True,3.9,0,0
1789903985998,67,99193,1,1072,-0.901,1,0.75,Walking,True,3.9,0,0
1789903986013,68,100406,1,1088,-0.901,1,0.75,Walking,True,3.9,0,0
1789903986013,68,100406,1,1088,-0.901,1,0.75,Walking,True,3.9,0,0
1789903986013,68,100406,1,1088,-0.901,1,0.75,Walking,True,3.9,0,0
1789903986013,68,100406,1,1088,-0.901,1,0.75,Walking,True,3.9,0,0
1789903986013,68,100406,1,1088,-0.901,1,0.75,Walking,True,3.9,0,0
1789903986014,68,100406,1,1088,-0.901,1,0.75,Walking,True,3.9,0,0
1789903986014,68,100406,1,1088,-0.901,1,0.75,Walking,True,3.9,0,0
1789903986014,68,100406,1,1088,-0.901,1,0.75,Walking,True,3.9,0,0
1789903986029,69,101842,1,1104,-0.901,1,0.75,Walking,True,3.9,0,0
1789903986029,69,101842,1,1104,-0.901,1,0.75,Walking,True,3.9,0,0
1789903986029,69,101842,1,1104,-0.901,1,0.75,Walking,True,3.9,0,0
1789903986029,69,101842,1,1104,-0.901,1,0.75,Walking,True,3.9,0,0
1789903986029,69,101842,1,1104,-0.901,1,0.75,Walking,True,3.9,0,0
1789903986029,69,101842,1,1104,-0.901,1,0.75,Walking,True,3.9,0,0
1789903986029,69,101842,1,1104,-0.901,1,0.75,Walking,True,3.9,0,0
1789903986029,69,101842,1,1104,-0.901,1,0.75,Walking,True,3.9,0,0
1789903986045,70,103250,1,1120,-0.901,1,0.75,Walking,True,3.9,0,0
1789903986045,70,103250,1,1120,-0.901,1,0.75,Walking,True,3.9,0,0
1789903986045,70,103250,1,1120,-0.901,1,0.75,Walking,True,3.9,0,0
1789903986045,70,103250,1,1120,-0.901,1,0.75,Walking,True,3.9,0,0
1789903986045,70,103250,1,1120,-0.901,1,0.75,Walking,True,3.9,0,0
1789903986045,70,103250,1,1120,-0.901,1,0.75,Walking,True,3.9,0,0
1789903986045,70,103250,1,1120,-0.901,1,0.75,Walking,True,3.9,0,0
1789903986045,70,103250,1,1120,-0.901,1,0.75,Walking,True,3.9,0,0
1789903986061,71,104764,1,1136,-0.901,1,0.75,Walking,True,3.9,0,0
1789903986061,71,104764,1,1136,-0.901,1,0.75,Walking,True,3.9,0,0
1789903986061,71,104764,1,1136,-0.901,1,0.75,Walking,True,3.9,0,0
1789903986061,71,104764,1,1136,-0.901,1,0.75,Walking,True,3.9,0,0
1789903986061,71,104764,1,1136,-0.901,1,0.75,Walking,True,3.9,0,0
1789903986061,71,104764,1,1136,-0.901,1,0.75,Walking,True,3.9,0,0
1789903986061,71,104764,1,1136,-0.901,1,0.75,Walking,True,3.9,0,0
1789903986061,71,104764,1,1136,-0.901,1,0.75,Walking,True,3.9,0,0
1789903986077,72,106240,1,1152,-0.901,1,0.75,Walking,True,3.9,0,0
1789903986077,72,106240,1,1152,-0.901,1,0.75,Walking,True,3.9,0,0
1789903986077,72,106240,1,1152,-0.901,1,0.75,Walking,True,3.9,0,0
1789903986077,72,106240,1,1152,-0.901,1,0.75,Walking,True,3.9,0,0
1789903986077,72,106240,1,1152,-0.901,1,0.75,Walking,True,3.9,0,0
1789903986077,72,106240,1,1152,-0.901,1,0.75,Walking,True,3.9,0,0
1789903986077,72,106240,1,1152,-0.901,1,0.75,Walking,True,3.9,0,0
1789903986077,72,106240,1,1152,-0.901,1,0.75,Walking,True,3.9,0,0
1789903986092,73,107752,1,1168,-0.901,1,0.75,Walking,True,3.9,0,0
1789903986092,73,107752,1,1168,-0.901,1,0.75,Walking,True,3.9,0,0
1789903986092,73,107752,1,1168,-0.901,1,0.75,Walking,True,3.9,0,0
1789903986093,73,107752,1,1168,-0.901,1,0.75,Walking,True,3.9,0,0
1789903986093,73,107752,1,1168,-0.901,1,0.75,Walking,True,3.9,0,0
1789903986093,73,107752,1,1168,-0.901,1,0.75,Walking,True,3.9,0,0
1789903986093,73,107752,1,1168,-0.901,1,0.75,Walking,True,3.9,0,0
1789903986093,73,107752,1,1168,-0.901,1,0.75,Walking,True,3.9,0,0
1789903986107,74,109156,1,1184,-0.901,1,0.75,Walking,True,3.9,0,0
1789903986107,74,109156,1,1184,-0.901,1,0.75,Walking,True,3.9,0,0
1789903986107,74,109156,1,1184,-0.901,1,0.75,Walking,True,3.9,0,0
1789903986107,74,109156,1,1184,-0.901,1,0.75,Walking,True,3.9,0,0
1789903986107,74,109156,1,1184,-0.901,1,0.75,Walking,True,3.9,0,0
1789903986107,74,109156,1,1184,-0.901,1,0.75,Walking,True,3.9,0,0
1789903986107,74,109156,1,1184,-0.901,1,0.75,Walking,True,3.9,0,0
1789903986107,74,109156,1,1184,-0.901,1,0.75,Walking,True,3.9,0,0
1789903986123,75,110540,1,1200,-0.901,1,0.75,Walking,True,3.9,0,0
1789903986123,75,110540,1,1200,-0.901,1,0.75,Walking,True,3.9,0,0
1789903986123,75,110540,1,1200,-0.901,1,0.75,Walking,True,3.9,0,0
1789903986123,75,110540,1,1200,-0.901,1,0.75,Walking,True,3.9,0,0
1789903986123,75,110540,1,1200,-0.901,1,0.75,Walking,True,3.9,0,0
1789903986123,75,110540,1,1200,-0.901,1,0.75,Walking,True,3.9,0,0
1789903986123,75,110540,1,1200,-0.901,1,0.75,Walking,True,3.9,0,0
1789903986123,75,110540,1,1200,-0.901,1,0.75,Walking,True,3.9,0,0
1789903986138,76,112040,1,1216,-0.901,1,0.75,Walking,True,3.9,0,0
1789903986138,76,112040,1,1216,-0.901,1,0.75,Walking,True,3.9,0,0
1789903986138,76,112040,1,1216,-0.901,1,0.75,Walking,True,3.9,0,0
1789903986138,76,112040,1,1216,-0.901,1,0.75,Walking,True,3.9,0,0
1789903986138,76,112040,1,1216,-0.901,1,0.75,Walking,True,3.9,0,0
1789903986138,76,112040,1,1216,-0.901,1,0.75,Walking,True,3.9,0,0
1789903986138,76,112040,1,1216,-0.901,1,0.75,Walking,True,3.9,0,0
1789903986138,76,112040,1,1216,-0.901,1,0.75,Walking,True,3.9,0,0
1789903986153,77,113496,1,1232,-0.901,1,0.75,Walking,True,3.9,0,0
1789903986153,77,113496,1,1232,-0.901,1,0.75,Walking,True,3.9,0,0
1789903986153,77,113496,1,1232,-0.901,1,0.75,Walking,True,3.9,0,0
1789903986153,77,113496,1,1232,-0.901,1,0.75,Walking,True,3.9,0,0
1789903986153,77,113496,1,1232,-0.901,1,0.75,Walking,True,3.9,0,0
1789903986153,77,113496,1,1232,-0.901,1,0.75,Walking,True,3.9,0,0
1789903986153,77,113496,1,1232,-0.901,1,0.75,Walking,True,3.9,0,0
1789903986153,77,113496,1,1232,-0.901,1,0.75,Walking,True,3.9,0,0
1789903986168,78,114847,1,1248,-0.901,1,0.75,Walking,True,3.9,0,0
1789903986168,78,114847,1,1248,-0.901,1,0.75,Walking,True,3.9,0,0
1789903986168,78,114847,1,1248,-0.901,1,0.75,Walking,True,3.9,0,0
1789903986168,78,114847,1,1248,-0.901,1,0.75,Walking,True,3.9,0,0
1789903986168,78,114847,1,1248,-0.901,1,0.75,Walking,True,3.9,0,0
1789903986168,78,114847,1,1248,-0.901,1,0.75,Walking,True,3.9,0,0
1789903986168,78,114847,1,1248,-0.901,1,0.75,Walking,True,3.9,0,0
1789903986168,78,114847,1,1248,-0.901,1,0.75,Walking,True,3.9,0,0
1789903986184,79,116265,1,1264,-0.901,1,0.75,Walking,True,3.9,0,0
1789903986184,79,116265,1,1264,-0.901,1,0.75,Walking,True,3.9,0,0
1789903986184,79,116265,1,1264,-0.901,1,0.75,Walking,True,3.9,0,0
1789903986184,79,116265,1,1264,-0.901,1,0.75,Walking,True,3.9,0,0
1789903986184,79,116265,1,1264,-0.901,1,0.75,Walking,True,3.9,0,0
1789903986184,79,116265,1,1264,-0.901,1,0.75,Walking,True,3.9,0,0
1789903986184,79,116265,1,1264,-0.901,1,0.75,Walking,True,3.9,0,0
1789903986184,79,116265,1,1264,-0.901,1,0.75,Walking,True,3.9,0,0
1789903986199,80,117765,1,1280,-0.901,1,0.75,Walking,True,3.9,0,0
1789903986199,80,117765,1,1280,-0.901,1,0.75,Walking,True,3.9,0,0
1789903986199,80,117765,1,1280,-0.901,1,0.75,Walking,True,3.9,0,0
1789903986199,80,117765,1,1280,-0.901,1,0.75,Walking,True,3.9,0,0
1789903986199,80,117765,1,1280,-0.901,1,0.75,Walking,True,3.9,0,0
1789903986199,80,117765,1,1280,-0.901,1,0.75,Walking,True,3.9,0,0
1789903986199,80,117765,1,1280,-0.901,1,0.75,Walking,True,3.9,0,0
1789903986199,80,117765,1,1280,-0.901,1,0.75,Walking,True,3.9,0,0
1789903986214,81,119158,1,1296,-0.901,1,0.75,Walking,True,3.9,0,0
1789903986214,81,119158,1,1296,-0.901,1,0.75,Walking,True,3.9,0,0
1789903986214,81,119158,1,1296,-0.901,1,0.75,Walking,True,3.9,0,0
1789903986214,81,119158,1,1296,-0.901,1,0.75,Walking,True,3.9,0,0
1789903986214,81,119158,1,1296,-0.901,1,0.75,Walking,True,3.9,0,0
1789903986214,81,119158,1,1296,-0.901,1,0.75,Walking,True,3.9,0,0
1789903986214,81,119158,1,1296,-0.901,1,0.75,Walking,True,3.9,0,0
1789903986214,81,119158,1,1296,-0.901,1,0.75,Walking,True,3.9,0,0
1789903986230,82,120650,1,1312,-0.901,1,0.75,Walking,True,3.9,0,0
1789903986230,82,120650,1,1312,-0.901,1,0.75,Walking,True,3.9,0,0
1789903986230,82,120650,1,1312,-0.901,1,0.75,Walking,True,3.9,0,0
1789903986230,82,120650,1,1312,-0.901,1,0.75,Walking,True,3.9,0,0
1789903986230,82,120650,1,1312,-0.901,1,0.75,Walking,True,3.9,0,0
1789903986230,82,120650,1,1312,-0.901,1,0.75,Walking,True,3.9,0,0
1789903986230,82,120650,1,1312,-0.901,1,0.75,Walking,True,3.9,0,0
1789903986230,82,120650,1,1312,-0.901,1,0.75,Walking,True,3.9,0,0
1789903986245,83,122081,1,1328,-0.901,1,0.75,Walking,True,3.9,0,0
1789903986245,83,122081,1,1328,-0.901,1,0.75,Walking,True,3.9,0,0
1789903986245,83,122081,1,1328,-0.901,1,0.75,Walking,True,3.9,0,0
1789903986245,83,122081,1,1328,-0.901,1,0.75,Walking,True,3.9,0,0
1789903986245,83,122081,1,1328,-0.901,1,0.75,Walking,True,3.9,0,0
1789903986245,83,122081,1,1328,-0.901,1,0.75,Walking,True,3.9,0,0
1789903986245,83,122081,1,1328,-0.901,1,0.75,Walking,True,3.9,0,0
1789903986245,83,122081,1,1328,-0.901,1,0.75,Walking,True,3.9,0,0
1789903986260,84,123575,1,1344,-0.901,1,0.75,Walking,True,3.9,0,0
1789903986260,84,123575,1,1344,-0.901,1,0.75,Walking,True,3.9,0,0
1789903986260,84,123575,1,1344,-0.901,1,0.75,Walking,True,3.9,0,0
1789903986260,84,123575,1,1344,-0.901,1,0.75,Walking,True,3.9,0,0
1789903986260,84,123575,1,1344,-0.901,1,0.75,Walking,True,3.9,0,0
1789903986260,84,123575,1,1344,-0.901,1,0.75,Walking,True,3.9,0,0
1789903986260,84,123575,1,1344,-0.901,1,0.75,Walking,True,3.9,0,0
1789903986260,84,123575,1,1344,-0.901,1,0.75,Walking,True,3.9,0,0
1789903986275,85,125078,1,1360,-0.901,1,0.75,Walking,True,3.9,0,0
1789903986275,85,125078,1,1360,-0.901,1,0.75,Walking,True,3.9,0,0
1789903986275,85,125078,1,1360,-0.901,1,0.75,Walking,True,3.9,0,0
1789903986275,85,125078,1,1360,-0.901,1,0.75,Walking,True,3.9,0,0
1789903986275,85,125078,1,1360,-0.901,1,0.75,Walking,True,3.9,0,0
1789903986275,85,125078,1,1360,-0.901,1,0.75,Walking,True,3.9,0,0
1789903986275,85,125078,1,1360,-0.901,1,0.75,Walking,True,3.9,0,0
1789903986276,85,125078,1,1360,-0.901,1,0.75,Walking,True,3.9,0,0
1789903986291,86,126403,1,1376,-0.901,1,0.75,Walking,True,3.9,0,0
1789903986291,86,126403,1,1376,-0.901,1,0.75,Walking,True,3.9,0,0
1789903986291,86,126403,1,1376,-0.901,1,0.75,Walking,True,3.9,0,0
1789903986291,86,126403,1,1376,-0.901,1,0.75,Walking,True,3.9,0,0
1789903986291,86,126403,1,1376,-0.901,1,0.75,Walking,True,3.9,0,0
1789903986291,86,126403,1,1376,-0.901,1,0.75,Walking,True,3.9,0,0
1789903986291,86,126403,1,1376,-0.901,1,0.75,Walking,True,3.9,0,0
1789903986291,86,126403,1,1376,-0.901,1,0.75,Walking,True,3.9,0,0
1789903986306,87,127867,1,1392,-0.901,1,0.75,Walking,True,3.9,0,0
1789903986306,87,127867,1,1392,-0.901,1,0.75,Walking,True,3.9,0,0
1789903986306,87,127867,1,1392,-0.901,1,0.75,Walking,True,3.9,0,0
1789903986306,87,127867,1,1392,-0.901,1,0.75,Walking,True,3.9,0,0
1789903986306,87,127867,1,1392,-0.901,1,0.75,Walking,True,3.9,0,0
1789903986306,87,127867,1,1392,-0.901,1,0.75,Walking,True,3.9,0,0
1789903986306,87,127867,1,1392,-0.901,1,0.75,Walking,True,3.9,0,0
1789903986306,87,127867,1,1392,-0.901,1,0.75,Walking,True,3.9,0,0
1789903986321,88,129422,1,1408,-0.901,1,0.75,Walking,True,3.9,0,0
1789903986321,88,129422,1,1408,-0.901,1,0.75,Walking,True,3.9,0,0
1789903986321,88,129422,1,1408,-0.901,1,0.75,Walking,True,3.9,0,0
1789903986321,88,129422,1,1408,-0.901,1,0.75,Walking,True,3.9,0,0
1789903986321,88,129422,1,1408,-0.901,1,0.75,Walking,True,3.9,0,0
1789903986321,88,129422,1,1408,-0.901,1,0.75,Walking,True,3.9,0,0
1789903986321,88,129422,1,1408,-0.901,1,0.75,Walking,True,3.9,0,0
1789903986321,88,129422,1,1408,-0.901,1,0.75,Walking,True,3.9,0,0
1789903986337,89,130848,1,1424,-0.901,1,0.75,Walking,True,3.9,0,0
1789903986337,89,130848,1,1424,-0.901,1,0.75,Walking,True,3.9,0,0
1789903986337,89,130848,1,1424,-0.901,1,0.75,Walking,True,3.9,0,0
1789903986337,89,130848,1,1424,-0.901,1,0.75,Walking,True,3.9,0,0
1789903986337,89,130848,1,1424,-0.901,1,0.75,Walking,True,3.9,0,0
1789903986337,89,130848,1,1424,-0.901,1,0.75,Walking,True,3.9,0,0
1789903986337,89,130848,1,1424,-0.901,1,0.75,Walking,True,3.9,0,0
1789903986337,89,130848,1,1424,-0.901,1,0.75,Walking,True,3.9,0,0
1789903986368,90,132413,1,1440,-0.901,1,0.75,Walking,True,3.9,0,0
1789903986368,90,132413,1,1440,-0.901,1,0.75,Walking,True,3.9,0,0
1789903986368,90,132413,1,1440,-0.901,1,0.75,Walking,True,3.9,0,0
1789903986368,90,132413,1,1440,-0.901,1,0.75,Walking,True,3.9,0,0
1789903986368,90,132413,1,1440,-0.901,1,0.75,Walking,True,3.9,0,0
1789903986368,90,132413,1,1440,-0.901,1,0.75,Walking,True,3.9,0,0
1789903986368,90,132413,1,1440,-0.901,1,0.75,Walking,True,3.9,0,0
1789903986368,90,132413,1,1440,-0.901,1,0.75,Walking,True,3.9,0,0
1789903986383,91,135240,1,1456,-0.901,1,0.75,Walking,True,3.9,0,0
1789903986383,91,135240,1,1456,-0.901,1,0.75,Walking,True,3.9,0,0
1789903986383,91,135240,1,1456,-0.901,1,0.75,Walking,True,3.9,0,0
1789903986383,91,135240,1,1456,-0.901,1,0.75,Walking,True,3.9,0,0
1789903986383,91,135240,1,1456,-0.901,1,0.75,Walking,True,3.9,0,0
1789903986383,91,135240,1,1456,-0.901,1,0.75,Walking,True,3.9,0,0
1789903986383,91,135240,1,1456,-0.901,1,0.75,Walking,True,3.9,0,0
1789903986383,91,135240,1,1456,-0.901,1,0.75,Walking,True,3.9,0,0
1789903986399,92,136579,1,1472,-0.901,1,0.75,Walking,True,3.9,0,0
1789903986399,92,136579,1,1472,-0.901,1,0.75,Walking,True,3.9,0,0
1789903986399,92,136579,1,1472,-0.901,1,0.75,Walking,True,3.9,0,0
1789903986399,92,136579,1,1472,-0.901,1,0.75,Walking,True,3.9,0,0
1789903986399,92,136579,1,1472,-0.901,1,0.75,Walking,True,3.9,0,0
1789903986399,92,136579,1,1472,-0.901,1,0.75,Walking,True,3.9,0,0
1789903986399,92,136579,1,1472,-0.901,1,0.75,Walking,True,3.9,0,0
1789903986399,92,136579,1,1472,-0.901,1,0.75,Walking,True,3.9,0,0
1789903986414,93,138102,1,1488,-0.901,1,0.75,Walking,True,3.9,0,0
1789903986414,93,138102,1,1488,-0.901,1,0.75,Walking,True,3.9,0,0
1789903986414,93,138102,1,1488,-0.901,1,0.75,Walking,True,3.9,0,0
1789903986414,93,138102,1,1488,-0.901,1,0.75,Walking,True,3.9,0,0
1789903986414,93,138102,1,1488,-0.901,1,0.75,Walking,True,3.9,0,0
1789903986414,93,138102,1,1488,-0.901,1,0.75,Walking,True,3.9,0,0
1789903986414,93,138102,1,1488,-0.901,1,0.75,Walking,True,3.9,0,0
1789903986414,93,138102,1,1488,-0.901,1,0.75,Walking,True,3.9,0,0
1789903986430,94,139501,1,1504,-0.901,1,0.75,Walking,True,3.9,0,0
1789903986430,94,139501,1,1504,-0.901,1,0.75,Walking,True,3.9,0,0
1789903986430,94,139501,1,1504,-0.901,1,0.75,Walking,True,3.9,0,0
1789903986430,94,139501,1,1504,-0.901,1,0.75,Walking,True,3.9,0,0
1789903986430,94,139501,1,1504,-0.901,1,0.75,Walking,True,3.9,0,0
1789903986430,94,139501,1,1504,-0.901,1,0.75,Walking,True,3.9,0,0
1789903986430,94,139501,1,1504,-0.901,1,0.75,Walking,True,3.9,0,0
1789903986430,94,139501,1,1504,-0.901,1,0.75,Walking,True,3.9,0,0
1789903986445,95,140996,1,1520,-0.901,1,0.75,Walking,True,3.9,0,0
1789903986445,95,140996,1,1520,-0.901,1,0.75,Walking,True,3.9,0,0
1789903986445,95,140996,1,1520,-0.901,1,0.75,Walking,True,3.9,0,0
1789903986445,95,140996,1,1520,-0.901,1,0.75,Walking,True,3.9,0,0
1789903986445,95,140996,1,1520,-0.901,1,0.75,Walking,True,3.9,0,0
1789903986445,95,140996,1,1520,-0.901,1,0.75,Walking,True,3.9,0,0
1789903986445,95,140996,1,1520,-0.901,1,0.75,Walking,True,3.9,0,0
1789903986445,95,140996,1,1520,-0.901,1,0.75,Walking,True,3.9,0,0
1789903986461,96,142492,1,1536,-0.901,1,0.75,Walking,True,3.9,0,0
1789903986461,96,142492,1,1536,-0.901,1,0.75,Walking,True,3.9,0,0
1789903986461,96,142492,1,1536,-0.901,1,0.75,Walking,True,3.9,0,0
1789903986461,96,142492,1,1536,-0.901,1,0.75,Walking,True,3.9,0,0
1789903986461,96,142492,1,1536,-0.901,1,0.75,Walking,True,3.9,0,0
1789903986461,96,142492,1,1536,-0.901,1,0.75,Walking,True,3.9,0,0
1789903986461,96,142492,1,1536,-0.901,1,0.75,Walking,True,3.9,0,0
1789903986461,96,142492,1,1536,-0.901,1,0.75,Walking,True,3.9,0,0
1789903986476,97,143935,1,1552,-0.901,1,0.75,Walking,True,3.9,0,0
1789903986476,97,143935,1,1552,-0.901,1,0.75,Walking,True,3.9,0,0
1789903986476,97,143935,1,1552,-0.901,1,0.75,Walking,True,3.9,0,0
1789903986476,97,143935,1,1552,-0.901,1,0.75,Walking,True,3.9,0,0
1789903986476,97,143935,1,1552,-0.901,1,0.75,Walking,True,3.9,0,0
1789903986476,97,143935,1,1552,-0.901,1,0.75,Walking,True,3.9,0,0
1789903986476,97,143935,1,1552,-0.901,1,0.75,Walking,True,3.9,0,0
1789903986476,97,143935,1,1552,-0.901,1,0.75,Walking,True,3.9,0,0
1789903986491,98,145329,1,1568,-0.901,1,0.75,Walking,True,3.9,0,0
1789903986491,98,145329,1,1568,-0.901,1,0.75,Walking,True,3.9,0,0
1789903986491,98,145329,1,1568,-0.901,1,0.75,Walking,True,3.9,0,0
1789903986491,98,145329,1,1568,-0.901,1,0.75,Walking,True,3.9,0,0
1789903986491,98,145329,1,1568,-0.901,1,0.75,Walking,True,3.9,0,0
1789903986492,98,145329,1,1568,-0.901,1,0.75,Walking,True,3.9,0,0
1789903986492,98,145329,1,1568,-0.901,1,0.75,Walking,True,3.9,0,0
1789903986492,98,145329,1,1568,-0.901,1,0.75,Walking,True,3.9,0,0
1789903986508,99,146762,1,1584,-0.901,1,0.75,Walking,True,3.9,0,0
1789903986508,99,146762,1,1584,-0.901,1,0.75,Walking,True,3.9,0,0
1789903986508,99,146762,1,1584,-0.901,1,0.75,Walking,True,3.9,0,0
1789903986508,99,146762,1,1584,-0.901,1,0.75,Walking,True,3.9,0,0
1789903986508,99,146762,1,1584,-0.901,1,0.75,Walking,True,3.9,0,0
1789903986508,99,146762,1,1584,-0.901,1,0.75,Walking,True,3.9,0,0
1789903986508,99,146762,1,1584,-0.901,1,0.75,Walking,True,3.9,0,0
1789903986508,99,146762,1,1584,-0.901,1,0.75,Walking,True,3.9,0,0
1789903986524,100,148309,1,1600,-0.901,1,0.75,Walking,True,3.9,0,0
1789903986524,100,148309,1,1600,-0.901,1,0.75,Walking,True,3.9,0,0
1789903986524,100,148309,1,1600,-0.901,1,0.75,Walking,True,3.9,0,0
1789903986524,100,148309,1,1600,-0.901,1,0.75,Walking,True,3.9,0,0
1789903986524,100,148309,1,1600,-0.901,1,0.75,Walking,True,3.9,0,0
1789903986524,100,148309,1,1600,-0.901,1,0.75,Walking,True,3.9,0,0
1789903986524,100,148309,1,1600,-0.901,1,0.75,Walking,True,3.9,0,0
1789903986524,100,148309,1,1600,-0.901,1,0.75,Walking,True,3.9,0,0
1789903986540,101,149797,1,1616,-0.901,1,0.75,Walking,True,3.9,0,0
1789903986540,101,149797,1,1616,-0.901,1,0.75,Walking,True,3.9,0,0
1789903986540,101,149797,1,1616,-0.901,1,0.75,Walking,True,3.9,0,0
1789903986540,101,149797,1,1616,-0.901,1,0.75,Walking,True,3.9,0,0
1789903986540,101,149797,1,1616,-0.901,1,0.75,Walking,True,3.9,0,0
1789903986540,101,149797,1,1616,-0.901,1,0.75,Walking,True,3.9,0,0
1789903986540,101,149797,1,1616,-0.901,1,0.75,Walking,True,3.9,0,0
1789903986540,101,149797,1,1616,-0.901,1,0.75,Walking,True,3.9,0,0
1789903986555,102,151265,1,1632,-0.901,1,0.75,Walking,True,3.9,0,0
1789903986555,102,151265,1,1632,-0.901,1,0.75,Walking,True,3.9,0,0
1789903986555,102,151265,1,1632,-0.901,1,0.75,Walking,True,3.9,0,0
1789903986555,102,151265,1,1632,-0.901,1,0.75,Walking,True,3.9,0,0
1789903986555,102,151265,1,1632,-0.901,1,0.75,Walking,True,3.9,0,0
1789903986555,102,151265,1,1632,-0.901,1,0.75,Walking,True,3.9,0,0
1789903986555,102,151265,1,1632,-0.901,1,0.75,Walking,True,3.9,0,0
1789903986555,102,151265,1,1632,-0.901,1,0.75,Walking,True,3.9,0,0
1789903986571,103,152675,1,1648,-0.901,1,0.75,Walking,True,3.9,0,0
1789903986571,103,152675,1,1648,-0.901,1,0.75,Walking,True,3.9,0,0
1789903986571,103,152675,1,1648,-0.901,1,0.75,Walking,True,3.9,0,0
1789903986571,103,152675,1,1648,-0.901,1,0.75,Walking,True,3.9,0,0
1789903986571,103,152675,1,1648,-0.901,1,0.75,Walking,True,3.9,0,0
1789903986571,103,152675,1,1648,-0.901,1,0.75,Walking,True,3.9,0,0
1789903986571,103,152675,1,1648,-0.901,1,0.75,Walking,True,3.9,0,0
1789903986571,103,152675,1,1648,-0.901,1,0.75,Walking,True,3.9,0,0
1789903986586,104,154065,1,1664,-0.901,1,0.75,Walking,True,3.9,0,0
1789903986586,104,154065,1,1664,-0.901,1,0.75,Walking,True,3.9,0,0
1789903986586,104,154065,1,1664,-0.901,1,0.75,Walking,True,3.9,0,0
1789903986586,104,154065,1,1664,-0.901,1,0.75,Walking,True,3.9,0,0
1789903986586,104,154065,1,1664,-0.901,1,0.75,Walking,True,3.9,0,0
1789903986586,104,154065,1,1664,-0.901,1,0.75,Walking,True,3.9,0,0
1789903986586,104,154065,1,1664,-0.901,1,0.75,Walking,True,3.9,0,0
1789903986586,104,154065,1,1664,-0.901,1,0.75,Walking,True,3.9,0,0
1789903986602,105,155469,1,1680,-0.901,1,0.75,Walking,True,3.9,0,0
1789903986602,105,155469,1,1680,-0.901,1,0.75,Walking,True,3.9,0,0
1789903986603,105,155469,1,1680,-0.901,1,0.75,Walking,True,3.9,0,0
1789903986603,105,155469,1,1680,-0.901,1,0.75,Walking,True,3.9,0,0
1789903986603,105,155469,1,1680,-0.901,1,0.75,Walking,True,3.9,0,0
1789903986603,105,155469,1,1680,-0.901,1,0.75,Walking,True,3.9,0,0
1789903986603,105,155469,1,1680,-0.901,1,0.75,Walking,True,3.9,0,0
1789903986603,105,155469,1,1680,-0.901,1,0.75,Walking,True,3.9,0,0
1789903986618,106,156991,1,1696,-0.901,1,0.75,Walking,True,3.9,0,0
1789903986618,106,156991,1,1696,-0.901,1,0.75,Walking,True,3.9,0,0
1789903986618,106,156991,1,1696,-0.901,1,0.75,Walking,True,3.9,0,0
1789903986618,106,156991,1,1696,-0.901,1,0.75,Walking,True,3.9,0,0
1789903986618,106,156991,1,1696,-0.901,1,0.75,Walking,True,3.9,0,0
1789903986618,106,156991,1,1696,-0.901,1,0.75,Walking,True,3.9,0,0
1789903986618,106,156991,1,1696,-0.901,1,0.75,Walking,True,3.9,0,0
1789903986618,106,156991,1,1696,-0.901,1,0.75,Walking,True,3.9,0,0
1789903986633,107,158395,1,1712,-0.901,1,0.75,Walking,True,3.9,0,0
1789903986633,107,158395,1,1712,-0.901,1,0.75,Walking,True,3.9,0,0
1789903986633,107,158395,1,1712,-0.901,1,0.75,Walking,True,3.9,0,0
1789903986633,107,158395,1,1712,-0.901,1,0.75,Walking,True,3.9,0,0
1789903986633,107,158395,1,1712,-0.901,1,0.75,Walking,True,3.9,0,0
1789903986633,107,158395,1,1712,-0.901,1,0.75,Walking,True,3.9,0,0
1789903986633,107,158395,1,1712,-0.901,1,0.75,Walking,True,3.9,0,0
1789903986633,107,158395,1,1712,-0.901,1,0.75,Walking,True,3.9,0,0
1789903986648,108,159800,1,1728,-0.901,1,0.75,Walking,True,3.9,0,0
1789903986648,108,159800,1,1728,-0.901,1,0.75,Walking,True,3.9,0,0
1789903986648,108,159800,1,1728,-0.901,1,0.75,Walking,True,3.9,0,0
1789903986648,108,159800,1,1728,-0.901,1,0.75,Walking,True,3.9,0,0
1789903986648,108,159800,1,1728,-0.901,1,0.75,Walking,True,3.9,0,0
1789903986648,108,159800,1,1728,-0.901,1,0.75,Walking,True,3.9,0,0
1789903986648,108,159800,1,1728,-0.901,1,0.75,Walking,True,3.9,0,0
1789903986648,108,159800,1,1728,-0.901,1,0.75,Walking,True,3.9,0,0
1789903986664,109,161237,1,1744,-0.901,1,0.75,Walking,True,3.9,0,0
1789903986664,109,161237,1,1744,-0.901,1,0.75,Walking,True,3.9,0,0
1789903986664,109,161237,1,1744,-0.901,1,0.75,Walking,True,3.9,0,0
1789903986664,109,161237,1,1744,-0.901,1,0.75,Walking,True,3.9,0,0
1789903986664,109,161237,1,1744,-0.901,1,0.75,Walking,True,3.9,0,0
1789903986664,109,161237,1,1744,-0.901,1,0.75,Walking,True,3.9,0,0
1789903986664,109,161237,1,1744,-0.901,1,0.75,Walking,True,3.9,0,0
1789903986664,109,161237,1,1744,-0.901,1,0.75,Walking,True,3.9,0,0
1789903986679,110,162661,1,1760,-0.901,1,0.75,Walking,True,3.9,0,0
1789903986679,110,162661,1,1760,-0.901,1,0.75,Walking,True,3.9,0,0
1789903986679,110,162661,1,1760,-0.901,1,0.75,Walking,True,3.9,0,0
1789903986679,110,162661,1,1760,-0.901,1,0.75,Walking,True,3.9,0,0
1789903986679,110,162661,1,1760,-0.901,1,0.75,Walking,True,3.9,0,0
1789903986679,110,162661,1,1760,-0.901,1,0.75,Walking,True,3.9,0,0
1789903986679,110,162661,1,1760,-0.901,1,0.75,Walking,True,3.9,0,0
1789903986679,110,162661,1,1760,-0.901,1,0.75,Walking,True,3.9,0,0
1789903986695,111,164077,1,1776,-0.901,1,0.75,Walking,True,3.9,0,0
1789903986695,111,164077,1,1776,-0.901,1,0.75,Walking,True,3.9,0,0
1789903986695,111,164077,1,1776,-0.901,1,0.75,Walking,True,3.9,0,0
1789903986695,111,164077,1,1776,-0.901,1,0.75,Walking,True,3.9,0,0
1789903986695,111,164077,1,1776,-0.901,1,0.75,Walking,True,3.9,0,0
1789903986695,111,164077,1,1776,-0.901,1,0.75,Walking,True,3.9,0,0
1789903986695,111,164077,1,1776,-0.901,1,0.75,Walking,True,3.9,0,0
1789903986695,111,164077,1,1776,-0.901,1,0.75,Walking,True,3.9,0,0
1789903986710,112,165569,1,1792,-0.901,1,0.75,Walking,True,3.9,0,0
1789903986710,112,165569,1,1792,-0.901,1,0.75,Walking,True,3.9,0,0
1789903986710,112,165569,1,1792,-0.901,1,0.75,Walking,True,3.9,0,0
1789903986710,112,165569,1,1792,-0.901,1,0.75,Walking,True,3.9,0,0
1789903986710,112,165569,1,1792,-0.901,1,0.75,Walking,True,3.9,0,0
1789903986710,112,165569,1,1792,-0.901,1,0.75,Walking,True,3.9,0,0
1789903986710,112,165569,1,1792,-0.901,1,0.75,Walking,True,3.9,0,0
1789903986710,112,165569,1,1792,-0.901,1,0.75,Walking,True,3.9,0,0
1789903986726,113,167047,1,1808,-0.901,1,0.75,Walking,True,3.9,0,0
1789903986726,113,167047,1,1808,-0.901,1,0.75,Walking,True,3.9,0,0
1789903986726,113,167047,1,1808,-0.901,1,0.75,Walking,True,3.9,0,0
1789903986726,113,167047,1,1808,-0.901,1,0.75,Walking,True,3.9,0,0
1789903986726,113,167047,1,1808,-0.901,1,0.75,Walking,True,3.9,0,0
1789903986726,113,167047,1,1808,-0.901,1,0.75,Walking,True,3.9,0,0
1789903986726,113,167047,1,1808,-0.901,1,0.75,Walking,True,3.9,0,0
1789903986726,113,167047,1,1808,-0.901,1,0.75,Walking,True,3.9,0,0
1789903986742,114,168508,1,1824,-0.901,1,0.75,Walking,True,3.9,0,0
1789903986742,114,168508,1,1824,-0.901,1,0.75,Walking,True,3.9,0,0
1789903986742,114,168508,1,1824,-0.901,1,0.75,Walking,True,3.9,0,0
1789903986742,114,168508,1,1824,-0.901,1,0.75,Walking,True,3.9,0,0
1789903986742,114,168508,1,1824,-0.901,1,0.75,Walking,True,3.9,0,0
1789903986742,114,168508,1,1824,-0.901,1,0.75,Walking,True,3.9,0,0
1789903986742,114,168508,1,1824,-0.901,1,0.75,Walking,True,3.9,0,0
1789903986742,114,168508,1,1824,-0.901,1,0.75,Walking,True,3.9,0,0
1789903986758,115,169999,1,1840,-0.901,1,0.75,Walking,True,3.9,0,0
1789903986758,115,169999,1,1840,-0.901,1,0.75,Walking,True,3.9,0,0
1789903986758,115,169999,1,1840,-0.901,1,0.75,Walking,True,3.9,0,0
1789903986758,115,169999,1,1840,-0.901,1,0.75,Walking,True,3.9,0,0
1789903986758,115,169999,1,1840,-0.901,1,0.75,Walking,True,3.9,0,0
1789903986758,115,169999,1,1840,-0.901,1,0.75,Walking,True,3.9,0,0
1789903986758,115,169999,1,1840,-0.901,1,0.75,Walking,True,3.9,0,0
1789903986758,115,169999,1,1840,-0.901,1,0.75,Walking,True,3.9,0,0
1789903986774,116,171443,1,1856,-0.901,1,0.75,Walking,True,3.9,0,0
1789903986774,116,171443,1,1856,-0.901,1,0.75,Walking,True,3.9,0,0
1789903986774,116,171443,1,1856,-0.901,1,0.75,Walking,True,3.9,0,0
1789903986774,116,171443,1,1856,-0.901,1,0.75,Walking,True,3.9,0,0
1789903986774,116,171443,1,1856,-0.901,1,0.75,Walking,True,3.9,0,0
1789903986774,116,171443,1,1856,-0.901,1,0.75,Walking,True,3.9,0,0
1789903986774,116,171443,1,1856,-0.901,1,0.75,Walking,True,3.9,0,0
1789903986774,116,171443,1,1856,-0.901,1,0.75,Walking,True,3.9,0,0
1789903986789,117,172890,1,1872,-0.901,1,0.75,Walking,True,3.9,0,0
1789903986789,117,172890,1,1872,-0.901,1,0.75,Walking,True,3.9,0,0
1789903986789,117,172890,1,1872,-0.901,1,0.75,Walking,True,3.9,0,0
1789903986789,117,172890,1,1872,-0.901,1,0.75,Walking,True,3.9,0,0
1789903986789,117,172890,1,1872,-0.901,1,0.75,Walking,True,3.9,0,0
1789903986789,117,172890,1,1872,-0.901,1,0.75,Walking,True,3.9,0,0
1789903986789,117,172890,1,1872,-0.901,1,0.75,Walking,True,3.9,0,0
1789903986789,117,172890,1,1872,-0.901,1,0.75,Walking,True,3.9,0,0
1789903986804,118,174389,1,1888,-0.901,1,0.75,Walking,True,3.9,0,0
1789903986804,118,174389,1,1888,-0.901,1,0.75,Walking,True,3.9,0,0
1789903986805,118,174389,1,1888,-0.901,1,0.75,Walking,True,3.9,0,0
1789903986805,118,174389,1,1888,-0.901,1,0.75,Walking,True,3.9,0,0
1789903986805,118,174389,1,1888,-0.901,1,0.75,Walking,True,3.9,0,0
1789903986805,118,174389,1,1888,-0.901,1,0.75,Walking,True,3.9,0,0
1789903986805,118,174389,1,1888,-0.901,1,0.75,Walking,True,3.9,0,0
1789903986805,118,174389,1,1888,-0.901,1,0.75,Walking,True,3.9,0,0
1789903986821,119,175788,1,1904,-0.901,1,0.75,Walking,True,3.9,0,0
1789903986821,119,175788,1,1904,-0.901,1,0.75,Walking,True,3.9,0,0
1789903986821,119,175788,1,1904,-0.901,1,0.75,Walking,True,3.9,0,0
1789903986821,119,175788,1,1904,-0.901,1,0.75,Walking,True,3.9,0,0
1789903986821,119,175788,1,1904,-0.901,1,0.75,Walking,True,3.9,0,0
1789903986821,119,175788,1,1904,-0.901,1,0.75,Walking,True,3.9,0,0
1789903986821,119,175788,1,1904,-0.901,1,0.75,Walking,True,3.9,0,0
1789903986821,119,175788,1,1904,-0.901,1,0.75,Walking,True,3.9,0,0
1789903986836,120,177412,1,1920,-0.901,1,0.75,Walking,True,3.9,0,0
1789903986836,120,177412,1,1920,-0.901,1,0.75,Walking,True,3.9,0,0
1789903986836,120,177412,1,1920,-0.901,1,0.75,Walking,True,3.9,0,0
1789903986836,120,177412,1,1920,-0.901,1,0.75,Walking,True,3.9,0,0
1789903986836,120,177412,1,1920,-0.901,1,0.75,Walking,True,3.9,0,0
1789903986836,120,177412,1,1920,-0.901,1,0.75,Walking,True,3.9,0,0
1789903986836,120,177412,1,1920,-0.901,1,0.75,Walking,True,3.9,0,0
1789903986836,120,177412,1,1920,-0.901,1,0.75,Walking,True,3.9,0,0
1789903986852,121,178829,1,1936,-0.901,1,0.75,Walking,True,3.9,0,0
1789903986852,121,178829,1,1936,-0.901,1,0.75,Walking,True,3.9,0,0
1789903986852,121,178829,1,1936,-0.901,1,0.75,Walking,True,3.9,0,0
1789903986852,121,178829,1,1936,-0.901,1,0.75,Walking,True,3.9,0,0
1789903986852,121,178829,1,1936,-0.901,1,0.75,Walking,True,3.9,0,0
1789903986852,121,178829,1,1936,-0.901,1,0.75,Walking,True,3.9,0,0
1789903986852,121,178829,1,1936,-0.901,1,0.75,Walking,True,3.9,0,0
1789903986852,121,178829,1,1936,-0.901,1,0.75,Walking,True,3.9,0,0
1789903986867,122,180348,1,1952,-0.901,1,0.75,Walking,True,3.9,0,0
1789903986867,122,180348,1,1952,-0.901,1,0.75,Walking,True,3.9,0,0
1789903986867,122,180348,1,1952,-0.901,1,0.75,Walking,True,3.9,0,0
1789903986867,122,180348,1,1952,-0.901,1,0.75,Walking,True,3.9,0,0
1789903986867,122,180348,1,1952,-0.901,1,0.75,Walking,True,3.9,0,0
1789903986867,122,180348,1,1952,-0.901,1,0.75,Walking,True,3.9,0,0
1789903986867,122,180348,1,1952,-0.901,1,0.75,Walking,True,3.9,0,0
1789903986867,122,180348,1,1952,-0.901,1,0.75,Walking,True,3.9,0,0
1789903986882,123,181790,1,1968,-0.901,1,0.75,Walking,True,3.9,0,0
1789903986882,123,181790,1,1968,-0.901,1,0.75,Walking,True,3.9,0,0
1789903986882,123,181790,1,1968,-0.901,1,0.75,Walking,True,3.9,0,0
1789903986882,123,181790,1,1968,-0.901,1,0.75,Walking,True,3.9,0,0
1789903986882,123,181790,1,1968,-0.901,1,0.75,Walking,True,3.9,0,0
1789903986882,123,181790,1,1968,-0.901,1,0.75,Walking,True,3.9,0,0
1789903986882,123,181790,1,1968,-0.901,1,0.75,Walking,True,3.9,0,0
1789903986882,123,181790,1,1968,-0.901,1,0.75,Walking,True,3.9,0,0
1789903986897,124,183261,1,1984,-0.901,1,0.75,Walking,True,3.9,0,0
1789903986897,124,183261,1,1984,-0.901,1,0.75,Walking,True,3.9,0,0
1789903986897,124,183261,1,1984,-0.901,1,0.75,Walking,True,3.9,0,0
1789903986897,124,183261,1,1984,-0.901,1,0.75,Walking,True,3.9,0,0
1789903986897,124,183261,1,1984,-0.901,1,0.75,Walking,True,3.9,0,0
1789903986897,124,183261,1,1984,-0.901,1,0.75,Walking,True,3.9,0,0
1789903986897,124,183261,1,1984,-0.901,1,0.75,Walking,True,3.9,0,0
1789903986897,124,183261,1,1984,-0.901,1,0.75,Walking,True,3.9,0,0
1789903986913,125,184602,1,2000,-0.901,1,0.75,Walking,True,3.9,0,0
1789903986913,125,184602,1,2000,-0.901,1,0.75,Walking,True,3.9,0,0
1789903986913,125,184602,1,2000,-0.901,1,0.75,Walking,True,3.9,0,0
1789903986913,125,184602,1,2000,-0.901,1,0.75,Walking,True,3.9,0,0
1789903986913,125,184602,1,2000,-0.901,1,0.75,Walking,True,3.9,0,0
1789903986913,125,184602,1,2000,-0.901,1,0.75,Walking,True,3.9,0,0
1789903986913,125,184602,1,2000,-0.901,1,0.75,Walking,True,3.9,0,0
1789903986913,125,184602,1,2000,-0.901,1,0.75,Walking,True,3.9,0,0
1789903986929,126,186083,1,2016,-0.901,1,0.75,Walking,True,3.9,0,0
1789903986929,126,186083,1,2016,-0.901,1,0.75,Walking,True,3.9,0,0
1789903986929,126,186083,1,2016,-0.901,1,0.75,Walking,True,3.9,0,0
1789903986929,126,186083,1,2016,-0.901,1,0.75,Walking,True,3.9,0,0
1789903986929,126,186083,1,2016,-0.901,1,0.75,Walking,True,3.9,0,0
1789903986929,126,186083,1,2016,-0.901,1,0.75,Walking,True,3.9,0,0
1789903986929,126,186083,1,2016,-0.901,1,0.75,Walking,True,3.9,0,0
1789903986929,126,186083,1,2016,-0.901,1,0.75,Walking,True,3.9,0,0
1789903986960,127,187611,1,2032,-0.901,1,0.75,Walking,True,3.9,0,0
1789903986960,127,187611,1,2032,-0.901,1,0.75,Walking,True,3.9,0,0
1789903986960,127,187611,1,2032,-0.901,1,0.75,Walking,True,3.9,0,0
1789903986960,127,187611,1,2032,-0.901,1,0.75,Walking,True,3.9,0,0
1789903986960,127,187611,1,2032,-0.901,1,0.75,Walking,True,3.9,0,0
1789903986960,127,187611,1,2032,-0.901,1,0.75,Walking,True,3.9,0,0
1789903986960,127,187611,1,2032,-0.901,1,0.75,Walking,True,3.9,0,0
1789903986960,127,187611,1,2032,-0.901,1,0.75,Walking,True,3.9,0,0
1789903986975,128,190528,1,2048,-0.901,1,0.75,Walking,True,3.9,0,0
1789903986975,128,190528,1,2048,-0.901,1,0.75,Walking,True,3.9,0,0
1789903986975,128,190528,1,2048,-0.901,1,0.75,Walking,True,3.9,0,0
1789903986975,128,190528,1,2048,-0.901,1,0.75,Walking,True,3.9,0,0
1789903986975,128,190528,1,2048,-0.901,1,0.75,Walking,True,3.9,0,0
1789903986975,128,190528,1,2048,-0.901,1,0.75,Walking,True,3.9,0,0
1789903986975,128,190528,1,2048,-0.901,1,0.75,Walking,True,3.9,0,0
1789903986975,128,190528,1,2048,-0.901,1,0.75,Walking,True,3.9,0,0
1789903986990,129,192000,1,2064,-0.901,1,0.75,Walking,True,3.9,0,0
1789903986990,129,192000,1,2064,-0.901,1,0.75,Walking,True,3.9,0,0
1789903986990,129,192000,1,2064,-0.901,1,0.75,Walking,True,3.9,0,0
1789903986990,129,192000,1,2064,-0.901,1,0.75,Walking,True,3.9,0,0
1789903986990,129,192000,1,2064,-0.901,1,0.75,Walking,True,3.9,0,0
1789903986990,129,192000,1,2064,-0.901,1,0.75,Walking,True,3.9,0,0
1789903986990,129,192000,1,2064,-0.901,1,0.75,Walking,True,3.9,0,0
1789903986990,129,192000,1,2064,-0.901,1,0.75,Walking,True,3.9,0,0
1789903987006,130,193358,1,2080,-0.901,1,0.75,Walking,True,3.9,0,0
1789903987006,130,193358,1,2080,-0.901,1,0.75,Walking,True,3.9,0,0
1789903987006,130,193358,1,2080,-0.901,1,0.75,Walking,True,3.9,0,0
1789903987006,130,193358,1,2080,-0.901,1,0.75,Walking,True,3.9,0,0
1789903987006,130,193358,1,2080,-0.901,1,0.75,Walking,True,3.9,0,0
1789903987006,130,193358,1,2080,-0.901,1,0.75,Walking,True,3.9,0,0
1789903987006,130,193358,1,2080,-0.901,1,0.75,Walking,True,3.9,0,0
1789903987006,130,193358,1,2080,-0.901,1,0.75,Walking,True,3.9,0,0
1789903987021,131,194789,1,2096,-0.901,1,0.75,Walking,True,3.9,0,0
1789903987021,131,194789,1,2096,-0.901,1,0.75,Walking,True,3.9,0,0
1789903987021,131,194789,1,2096,-0.901,1,0.75,Walking,True,3.9,0,0
1789903987021,131,194789,1,2096,-0.901,1,0.75,Walking,True,3.9,0,0
1789903987021,131,194789,1,2096,-0.901,1,0.75,Walking,True,3.9,0,0
1789903987021,131,194789,1,2096,-0.901,1,0.75,Walking,True,3.9,0,0
1789903987021,131,194789,1,2096,-0.901,1,0.75,Walking,True,3.9,0,0
1789903987021,131,194789,1,2096,-0.901,1,0.75,Walking,True,3.9,0,0
1789903987037,132,196202,1,2112,-0.901,1,0.75,Walking,True,3.9,0,0
1789903987037,132,196202,1,2112,-0.901,1,0.75,Walking,True,3.9,0,0
1789903987037,132,196202,1,2112,-0.901,1,0.75,Walking,True,3.9,0,0
1789903987037,132,196202,1,2112,-0.901,1,0.75,Walking,True,3.9,0,0
1789903987037,132,196202,1,2112,-0.901,1,0.75,Walking,True,3.9,0,0
1789903987037,132,196202,1,2112,-0.901,1,0.75,Walking,True,3.9,0,0
1789903987037,132,196202,1,2112,-0.901,1,0.75,Walking,True,3.9,0,0
1789903987037,132,196202,1,2112,-0.901,1,0.75,Walking,True,3.9,0,0
1789903987053,133,197714,1,2128,-0.901,1,0.75,Walking,True,3.9,0,0
1789903987053,133,197714,1,2128,-0.901,1,0.75,Walking,True,3.9,0,0
1789903987053,133,197714,1,2128,-0.901,1,0.75,Walking,True,3.9,0,0
1789903987053,133,197714,1,2128,-0.901,1,0.75,Walking,True,3.9,0,0
1789903987053,133,197714,1,2128,-0.901,1,0.75,Walking,True,3.9,0,0
1789903987053,133,197714,1,2128,-0.901,1,0.75,Walking,True,3.9,0,0
1789903987053,133,197714,1,2128,-0.901,1,0.75,Walking,True,3.9,0,0
1789903987053,133,197714,1,2128,-0.901,1,0.75,Walking,True,3.9,0,0
1789903987069,134,199299,1,2144,-0.901,1,0.75,Walking,True,3.9,0,0
1789903987069,134,199299,1,2144,-0.901,1,0.75,Walking,True,3.9,0,0
1789903987069,134,199299,1,2144,-0.901,1,0.75,Walking,True,3.9,0,0
1789903987069,134,199299,1,2144,-0.901,1,0.75,Walking,True,3.9,0,0
1789903987069,134,199299,1,2144,-0.901,1,0.75,Walking,True,3.9,0,0
1789903987069,134,199299,1,2144,-0.901,1,0.75,Walking,True,3.9,0,0
1789903987069,134,199299,1,2144,-0.901,1,0.75,Walking,True,3.9,0,0
1789903987069,134,199299,1,2144,-0.901,1,0.75,Walking,True,3.9,0,0
1789903987085,135,200848,1,2160,-0.901,1,0.75,Walking,True,3.9,0,0
1789903987085,135,200848,1,2160,-0.901,1,0.75,Walking,True,3.9,0,0
1789903987085,135,200848,1,2160,-0.901,1,0.75,Walking,True,3.9,0,0
1789903987085,135,200848,1,2160,-0.901,1,0.75,Walking,True,3.9,0,0
1789903987085,135,200848,1,2160,-0.901,1,0.75,Walking,True,3.9,0,0
1789903987085,135,200848,1,2160,-0.901,1,0.75,Walking,True,3.9,0,0
1789903987085,135,200848,1,2160,-0.901,1,0.75,Walking,True,3.9,0,0
1789903987085,135,200848,1,2160,-0.901,1,0.75,Walking,True,3.9,0,0
1789903987100,136,202449,1,2176,-0.901,1,0.75,Walking,True,3.9,0,0
1789903987100,136,202449,1,2176,-0.901,1,0.75,Walking,True,3.9,0,0
1789903987100,136,202449,1,2176,-0.901,1,0.75,Walking,True,3.9,0,0
1789903987100,136,202449,1,2176,-0.901,1,0.75,Walking,True,3.9,0,0
1789903987100,136,202449,1,2176,-0.901,1,0.75,Walking,True,3.9,0,0
1789903987100,136,202449,1,2176,-0.901,1,0.75,Walking,True,3.9,0,0
1789903987100,136,202449,1,2176,-0.901,1,0.75,Walking,True,3.9,0,0
1789903987100,136,202449,1,2176,-0.901,1,0.75,Walking,True,3.9,0,0
1789903987116,137,203905,1,2192,-0.901,1,0.75,Walking,True,3.9,0,0
1789903987116,137,203905,1,2192,-0.901,1,0.75,Walking,True,3.9,0,0
1789903987116,137,203905,1,2192,-0.901,1,0.75,Walking,True,3.9,0,0
1789903987116,137,203905,1,2192,-0.901,1,0.75,Walking,True,3.9,0,0
1789903987116,137,203905,1,2192,-0.901,1,0.75,Walking,True,3.9,0,0
1789903987116,137,203905,1,2192,-0.901,1,0.75,Walking,True,3.9,0,0
1789903987116,137,203905,1,2192,-0.901,1,0.75,Walking,True,3.9,0,0
1789903987116,137,203905,1,2192,-0.901,1,0.75,Walking,True,3.9,0,0
1789903987132,138,205345,1,2208,-0.901,1,0.75,Walking,True,3.9,0,0
1789903987132,138,205345,1,2208,-0.901,1,0.75,Walking,True,3.9,0,0
1789903987132,138,205345,1,2208,-0.901,1,0.75,Walking,True,3.9,0,0
1789903987132,138,205345,1,2208,-0.901,1,0.75,Walking,True,3.9,0,0
1789903987132,138,205345,1,2208,-0.901,1,0.75,Walking,True,3.9,0,0
1789903987132,138,205345,1,2208,-0.901,1,0.75,Walking,True,3.9,0,0
1789903987132,138,205345,1,2208,-0.901,1,0.75,Walking,True,3.9,0,0
1789903987132,138,205345,1,2208,-0.901,1,0.75,Walking,True,3.9,0,0
1789903987147,139,206884,1,2224,-0.901,1,0.75,Walking,True,3.9,0,0
1789903987147,139,206884,1,2224,-0.901,1,0.75,Walking,True,3.9,0,0
1789903987147,139,206884,1,2224,-0.901,1,0.75,Walking,True,3.9,0,0
1789903987147,139,206884,1,2224,-0.901,1,0.75,Walking,True,3.9,0,0
1789903987147,139,206884,1,2224,-0.901,1,0.75,Walking,True,3.9,0,0
1789903987147,139,206884,1,2224,-0.901,1,0.75,Walking,True,3.9,0,0
1789903987147,139,206884,1,2224,-0.901,1,0.75,Walking,True,3.9,0,0
1789903987147,139,206884,1,2224,-0.901,1,0.75,Walking,True,3.9,0,0
1789903987163,140,208318,1,2240,-0.901,1,0.75,Walking,True,3.9,0,0
1789903987163,140,208318,1,2240,-0.901,1,0.75,Walking,True,3.9,0,0
1789903987163,140,208318,1,2240,-0.901,1,0.75,Walking,True,3.9,0,0
1789903987163,140,208318,1,2240,-0.901,1,0.75,Walking,True,3.9,0,0
1789903987163,140,208318,1,2240,-0.901,1,0.75,Walking,True,3.9,0,0
1789903987163,140,208318,1,2240,-0.901,1,0.75,Walking,True,3.9,0,0
1789903987163,140,208318,1,2240,-0.901,1,0.75,Walking,True,3.9,0,0
1789903987163,140,208318,1,2240,-0.901,1,0.75,Walking,True,3.9,0,0
1789903987178,141,209774,1,2256,-0.901,1,0.75,Walking,True,3.9,0,0
1789903987178,141,209774,1,2256,-0.901,1,0.75,Walking,True,3.9,0,0
1789903987178,141,209774,1,2256,-0.901,1,0.75,Walking,True,3.9,0,0
1789903987178,141,209774,1,2256,-0.901,1,0.75,Walking,True,3.9,0,0
1789903987178,141,209774,1,2256,-0.901,1,0.75,Walking,True,3.9,0,0
1789903987178,141,209774,1,2256,-0.901,1,0.75,Walking,True,3.9,0,0
1789903987178,141,209774,1,2256,-0.901,1,0.75,Walking,True,3.9,0,0
1789903987178,141,209774,1,2256,-0.901,1,0.75,Walking,True,3.9,0,0
1789903987194,142,211182,1,2272,-0.901,1,0.75,Walking,True,3.9,0,0
1789903987194,142,211182,1,2272,-0.901,1,0.75,Walking,True,3.9,0,0
1789903987194,142,211182,1,2272,-0.901,1,0.75,Walking,True,3.9,0,0
1789903987194,142,211182,1,2272,-0.901,1,0.75,Walking,True,3.9,0,0
1789903987194,142,211182,1,2272,-0.901,1,0.75,Walking,True,3.9,0,0
1789903987194,142,211182,1,2272,-0.901,1,0.75,Walking,True,3.9,0,0
1789903987194,142,211182,1,2272,-0.901,1,0.75,Walking,True,3.9,0,0
1789903987194,142,211182,1,2272,-0.901,1,0.75,Walking,True,3.9,0,0
1789903987209,143,212681,1,2288,-0.901,1,0.75,Walking,True,3.9,0,0
1789903987209,143,212681,1,2288,-0.901,1,0.75,Walking,True,3.9,0,0
1789903987209,143,212681,1,2288,-0.901,1,0.75,Walking,True,3.9,0,0
1789903987209,143,212681,1,2288,-0.901,1,0.75,Walking,True,3.9,0,0
1789903987209,143,212681,1,2288,-0.901,1,0.75,Walking,True,3.9,0,0
1789903987209,143,212681,1,2288,-0.901,1,0.75,Walking,True,3.9,0,0
1789903987209,143,212681,1,2288,-0.901,1,0.75,Walking,True,3.9,0,0
1789903987209,143,212681,1,2288,-0.901,1,0.75,Walking,True,3.9,0,0
1789903987225,144,214189,1,2304,-0.901,1,0.75,Walking,True,3.9,0,0
1789903987225,144,214189,1,2304,-0.901,1,0.75,Walking,True,3.9,0,0
1789903987225,144,214189,1,2304,-0.901,1,0.75,Walking,True,3.9,0,0
1789903987225,144,214189,1,2304,-0.901,1,0.75,Walking,True,3.9,0,0
1789903987225,144,214189,1,2304,-0.901,1,0.75,Walking,True,3.9,0,0
1789903987225,144,214189,1,2304,-0.901,1,0.75,Walking,True,3.9,0,0
1789903987225,144,214189,1,2304,-0.901,1,0.75,Walking,True,3.9,0,0
1789903987225,144,214189,1,2304,-0.901,1,0.75,Walking,True,3.9,0,0
1789903987240,145,215537,1,2320,-0.901,1,0.75,Walking,True,3.9,0,0
1789903987240,145,215537,1,2320,-0.901,1,0.75,Walking,True,3.9,0,0
1789903987240,145,215537,1,2320,-0.901,1,0.75,Walking,True,3.9,0,0
1789903987240,145,215537,1,2320,-0.901,1,0.75,Walking,True,3.9,0,0
1789903987240,145,215537,1,2320,-0.901,1,0.75,Walking,True,3.9,0,0
1789903987240,145,215537,1,2320,-0.901,1,0.75,Walking,True,3.9,0,0
1789903987240,145,215537,1,2320,-0.901,1,0.75,Walking,True,3.9,0,0
1789903987240,145,215537,1,2320,-0.901,1,0.75,Walking,True,3.9,0,0
1789903987256,146,216960,1,2336,-0.901,1,0.75,Walking,True,3.9,0,0
1789903987256,146,216960,1,2336,-0.901,1,0.75,Walking,True,3.9,0,0
1789903987256,146,216960,1,2336,-0.901,1,0.75,Walking,True,3.9,0,0
1789903987256,146,216960,1,2336,-0.901,1,0.75,Walking,True,3.9,0,0
1789903987256,146,216960,1,2336,-0.901,1,0.75,Walking,True,3.9,0,0
1789903987256,146,216960,1,2336,-0.901,1,0.75,Walking,True,3.9,0,0
1789903987256,146,216960,1,2336,-0.901,1,0.75,Walking,True,3.9,0,0
1789903987256,146,216960,1,2336,-0.901,1,0.75,Walking,True,3.9,0,0
1789903987271,147,218440,1,2352,-0.901,1,0.75,Walking,True,3.9,0,0
1789903987271,147,218440,1,2352,-0.901,1,0.75,Walking,True,3.9,0,0
1789903987271,147,218440,1,2352,-0.901,1,0.75,Walking,True,3.9,0,0
1789903987271,147,218440,1,2352,-0.901,1,0.75,Walking,True,3.9,0,0
1789903987271,147,218440,1,2352,-0.901,1,0.75,Walking,True,3.9,0,0
1789903987271,147,218440,1,2352,-0.901,1,0.75,Walking,True,3.9,0,0
1789903987271,147,218440,1,2352,-0.901,1,0.75,Walking,True,3.9,0,0
1789903987271,147,218440,1,2352,-0.901,1,0.75,Walking,True,3.9,0,0
1789903987287,148,219985,1,2368,-0.901,1,0.75,Walking,True,3.9,0,0
1789903987287,148,219985,1,2368,-0.901,1,0.75,Walking,True,3.9,0,0
1789903987287,148,219985,1,2368,-0.901,1,0.75,Walking,True,3.9,0,0
1789903987287,148,219985,1,2368,-0.901,1,0.75,Walking,True,3.9,0,0
1789903987287,148,219985,1,2368,-0.901,1,0.75,Walking,True,3.9,0,0
1789903987287,148,219985,1,2368,-0.901,1,0.75,Walking,True,3.9,0,0
1789903987287,148,219985,1,2368,-0.901,1,0.75,Walking,True,3.9,0,0
1789903987287,148,219985,1,2368,-0.901,1,0.75,Walking,True,3.9,0,0
1789903987303,149,221374,1,2384,-0.901,1,0.75,Walking,True,3.9,0,0
1789903987303,149,221374,1,2384,-0.901,1,0.75,Walking,True,3.9,0,0
1789903987303,149,221374,1,2384,-0.901,1,0.75,Walking,True,3.9,0,0
1789903987303,149,221374,1,2384,-0.901,1,0.75,Walking,True,3.9,0,0
1789903987303,149,221374,1,2384,-0.901,1,0.75,Walking,True,3.9,0,0
1789903987303,149,221374,1,2384,-0.901,1,0.75,Walking,True,3.9,0,0
1789903987303,149,221374,1,2384,-0.901,1,0.75,Walking,True,3.9,0,0
1789903987303,149,221374,1,2384,-0.901,1,0.75,Walking,True,3.9,0,0
1789903987319,150,222946,1,2400,-0.901,1,0.75,Walking,True,3.9,0,0
1789903987319,150,222946,1,2400,-0.901,1,0.75,Walking,True,3.9,0,0
1789903987319,150,222946,1,2400,-0.901,1,0.75,Walking,True,3.9,0,0
1789903987319,150,222946,1,2400,-0.901,1,0.75,Walking,True,3.9,0,0
1789903987319,150,222946,1,2400,-0.901,1,0.75,Walking,True,3.9,0,0
1789903987319,150,222946,1,2400,-0.901,1,0.75,Walking,True,3.9,0,0
1789903987319,150,222946,1,2400,-0.901,1,0.75,Walking,True,3.9,0,0
1789903987319,150,222946,1,2400,-0.901,1,0.75,Walking,True,3.9,0,0
1789903987349,151,224486,1,2416,-0.901,1,0.75,Walking,True,3.58,0,0
1789903987349,151,224486,1,2416,-0.901,1,0.75,Walking,True,3.58,0,0
1789903987349,151,224486,1,2416,-0.901,1,0.75,Walking,True,3.58,0,0
1789903987349,151,224486,1,2416,-0.901,1,0.75,Walking,True,3.58,0,0
1789903987349,151,224486,1,2416,-0.901,1,0.75,Walking,True,3.58,0,0
1789903987349,151,224486,1,2416,-0.901,1,0.75,Walking,True,3.58,0,0
1789903987349,151,224486,1,2416,-0.901,1,0.75,Walking,True,3.58,0,0
1789903987349,151,224486,1,2416,-0.901,1,0.75,Walking,True,3.58,0,0
1789903987365,152,227316,1,2432,-0.901,1,0.75,Walking,True,3.26,0,0
1789903987365,152,227316,1,2432,-0.901,1,0.75,Walking,True,3.26,0,0
1789903987365,152,227316,1,2432,-0.901,1,0.75,Walking,True,3.26,0,0
1789903987365,152,227316,1,2432,-0.901,1,0.75,Walking,True,3.26,0,0
1789903987365,152,227316,1,2432,-0.901,1,0.75,Walking,True,3.26,0,0
1789903987365,152,227316,1,2432,-0.901,1,0.75,Walking,True,3.26,0,0
1789903987365,152,227316,1,2432,-0.901,1,0.75,Walking,True,3.26,0,0
1789903987365,152,227316,1,2432,-0.901,1,0.75,Walking,True,3.26,0,0
1789903987380,153,228722,1,2448,-0.901,1,0.75,Walking,True,2.94,0,0
1789903987380,153,228722,1,2448,-0.901,1,0.75,Walking,True,2.94,0,0
1789903987380,153,228722,1,2448,-0.901,1,0.75,Walking,True,2.94,0,0
1789903987380,153,228722,1,2448,-0.901,1,0.75,Walking,True,2.94,0,0
1789903987380,153,228722,1,2448,-0.901,1,0.75,Walking,True,2.94,0,0
1789903987380,153,228722,1,2448,-0.901,1,0.75,Walking,True,2.94,0,0
1789903987380,153,228722,1,2448,-0.901,1,0.75,Walking,True,2.94,0,0
1789903987380,153,228722,1,2448,-0.901,1,0.75,Walking,True,2.94,0,0
1789903987396,154,230079,1,2464,-0.901,1,0.75,Walking,True,2.62,0,0
1789903987396,154,230079,1,2464,-0.901,1,0.75,Walking,True,2.62,0,0
1789903987396,154,230079,1,2464,-0.901,1,0.75,Walking,True,2.62,0,0
1789903987396,154,230079,1,2464,-0.901,1,0.75,Walking,True,2.62,0,0
1789903987396,154,230079,1,2464,-0.901,1,0.75,Walking,True,2.62,0,0
1789903987396,154,230079,1,2464,-0.901,1,0.75,Walking,True,2.62,0,0
1789903987396,154,230079,1,2464,-0.901,1,0.75,Walking,True,2.62,0,0
1789903987396,154,230079,1,2464,-0.901,1,0.75,Walking,True,2.62,0,0
1789903987411,155,231450,1,2480,-0.901,1,0.75,Walking,True,2.3,0,0
1789903987411,155,231450,1,2480,-0.901,1,0.75,Walking,True,2.3,0,0
1789903987411,155,231450,1,2480,-0.901,1,0.75,Walking,True,2.3,0,0
1789903987411,155,231450,1,2480,-0.901,1,0.75,Walking,True,2.3,0,0
1789903987411,155,231450,1,2480,-0.901,1,0.75,Walking,True,2.3,0,0
1789903987411,155,231450,1,2480,-0.901,1,0.75,Walking,True,2.3,0,0
1789903987411,155,231450,1,2480,-0.901,1,0.75,Walking,True,2.3,0,0
1789903987411,155,231450,1,2480,-0.901,1,0.75,Walking,True,2.3,0,0
1789903987426,156,232860,1,2496,-0.901,1,0.75,Walking,True,1.98,0,0
1789903987426,156,232860,1,2496,-0.901,1,0.75,Walking,True,1.98,0,0
1789903987426,156,232860,1,2496,-0.901,1,0.75,Walking,True,1.98,0,0
1789903987426,156,232860,1,2496,-0.901,1,0.75,Walking,True,1.98,0,0
1789903987426,156,232860,1,2496,-0.901,1,0.75,Walking,True,1.98,0,0
1789903987426,156,232860,1,2496,-0.901,1,0.75,Walking,True,1.98,0,0
1789903987426,156,232860,1,2496,-0.901,1,0.75,Walking,True,1.98,0,0
1789903987426,156,232860,1,2496,-0.901,1,0.75,Walking,True,1.98,0,0
1789903987442,157,234239,1,2512,-0.901,1,0.75,Walking,True,1.66,0,0
1789903987442,157,234239,1,2512,-0.901,1,0.75,Walking,True,1.66,0,0
1789903987442,157,234239,1,2512,-0.901,1,0.75,Walking,True,1.66,0,0
1789903987442,157,234239,1,2512,-0.901,1,0.75,Walking,True,1.66,0,0
1789903987442,157,234239,1,2512,-0.901,1,0.75,Walking,True,1.66,0,0
1789903987442,157,234239,1,2512,-0.901,1,0.75,Walking,True,1.66,0,0
1789903987442,157,234239,1,2512,-0.901,1,0.75,Walking,True,1.66,0,0
1789903987442,157,234239,1,2512,-0.901,1,0.75,Walking,True,1.66,0,0
1789903987458,158,235680,1,2528,-0.901,1,0.75,Walking,True,1.34,0,0
1789903987458,158,235680,1,2528,-0.901,1,0.75,Walking,True,1.34,0,0
1789903987458,158,235680,1,2528,-0.901,1,0.75,Walking,True,1.34,0,0
1789903987458,158,235680,1,2528,-0.901,1,0.75,Walking,True,1.34,0,0
1789903987458,158,235680,1,2528,-0.901,1,0.75,Walking,True,1.34,0,0
1789903987458,158,235680,1,2528,-0.901,1,0.75,Walking,True,1.34,0,0
1789903987458,158,235680,1,2528,-0.901,1,0.75,Walking,True,1.34,0,0
1789903987458,158,235680,1,2528,-0.901,1,0.75,Walking,True,1.34,0,0
1789903987474,159,237215,1,2544,-0.901,1,0.75,Walking,True,1.02,0,0
1789903987474,159,237215,1,2544,-0.901,1,0.75,Walking,True,1.02,0,0
1789903987474,159,237215,1,2544,-0.901,1,0.75,Walking,True,1.02,0,0
1789903987474,159,237215,1,2544,-0.901,1,0.75,Walking,True,1.02,0,0
1789903987474,159,237215,1,2544,-0.901,1,0.75,Walking,True,1.02,0,0
1789903987474,159,237215,1,2544,-0.901,1,0.75,Walking,True,1.02,0,0
1789903987474,159,237215,1,2544,-0.901,1,0.75,Walking,True,1.02,0,0
1789903987474,159,237215,1,2544,-0.901,1,0.75,Walking,True,1.02,0,0
1789903987490,160,238714,1,2560,-0.901,1,0.75,Walking,True,0.7,0,0
1789903987490,160,238714,1,2560,-0.901,1,0.75,Walking,True,0.7,0,0
1789903987490,160,238714,1,2560,-0.901,1,0.75,Walking,True,0.7,0,0
1789903987490,160,238714,1,2560,-0.901,1,0.75,Walking,True,0.7,0,0
1789903987490,160,238714,1,2560,-0.901,1,0.75,Walking,True,0.7,0,0
1789903987490,160,238714,1,2560,-0.901,1,0.75,Walking,True,0.7,0,0
1789903987490,160,238714,1,2560,-0.901,1,0.75,Walking,True,0.7,0,0
1789903987490,160,238714,1,2560,-0.901,1,0.75,Walking,True,0.7,0,0
1789903987505,161,240173,1,2576,-0.901,1,0.75,Walking,True,0.38,0,0
1789903987505,161,240173,1,2576,-0.901,1,0.75,Walking,True,0.38,0,0
1789903987505,161,240173,1,2576,-0.901,1,0.75,Walking,True,0.38,0,0
1789903987505,161,240173,1,2576,-0.901,1,0.75,Walking,True,0.38,0,0
1789903987505,161,240173,1,2576,-0.901,1,0.75,Walking,True,0.38,0,0
1789903987505,161,240173,1,2576,-0.901,1,0.75,Walking,True,0.38,0,0
1789903987505,161,240173,1,2576,-0.901,1,0.75,Walking,True,0.38,0,0
1789903987505,161,240173,1,2576,-0.901,1,0.75,Walking,True,0.38,0,0
1789903987520,162,241575,1,2592,-0.901,1,0.75,Walking,True,0.06,0,0
1789903987520,162,241575,1,2592,-0.901,1,0.75,Walking,True,0.06,0,0
1789903987520,162,241575,1,2592,-0.901,1,0.75,Walking,True,0.06,0,0
1789903987520,162,241575,1,2592,-0.901,1,0.75,Walking,True,0.06,0,0
1789903987520,162,241575,1,2592,-0.901,1,0.75,Walking,True,0.06,0,0
1789903987520,162,241575,1,2592,-0.901,1,0.75,Walking,True,0.06,0,0
1789903987520,162,241575,1,2592,-0.901,1,0.75,Walking,True,0.06,0,0
1789903987520,162,241575,1,2592,-0.901,1,0.75,Walking,True,0.06,0,0
1789903987536,163,243020,1,2608,-0.901,1,0.75,Walking,True,0,0,0
1789903987536,163,243020,1,2608,-0.901,1,0.75,Walking,True,0,0,0
1789903987536,163,243020,1,2608,-0.901,1,0.75,Walking,True,0,0,0
1789903987536,163,243020,1,2608,-0.901,1,0.75,Walking,True,0,0,0
1789903987536,163,243020,1,2608,-0.901,1,0.75,Walking,True,0,0,0
1789903987536,163,243020,1,2608,-0.901,1,0.75,Walking,True,0,0,0
1789903987536,163,243020,1,2608,-0.901,1,0.75,Walking,True,0,0,0
1789903987536,163,243020,1,2608,-0.901,1,0.75,Walking,True,0,0,0
1789903987552,164,244455,1,2624,-0.901,1,0.75,Walking,True,0,0,0
1789903987552,164,244455,1,2624,-0.901,1,0.75,Walking,True,0,0,0
1789903987552,164,244455,1,2624,-0.901,1,0.75,Walking,True,0,0,0
1789903987552,164,244455,1,2624,-0.901,1,0.75,Walking,True,0,0,0
1789903987552,164,244455,1,2624,-0.901,1,0.75,Walking,True,0,0,0
1789903987552,164,244455,1,2624,-0.901,1,0.75,Walking,True,0,0,0
1789903987552,164,244455,1,2624,-0.901,1,0.75,Walking,True,0,0,0
1789903987552,164,244455,1,2624,-0.901,1,0.75,Walking,True,0,0,0
1789903987567,165,245861,1,2640,-0.901,1,0.75,Walking,True,0,0,0
1789903987567,165,245861,1,2640,-0.901,1,0.75,Walking,True,0,0,0
1789903987567,165,245861,1,2640,-0.901,1,0.75,Walking,True,0,0,0
1789903987567,165,245861,1,2640,-0.901,1,0.75,Walking,True,0,0,0
1789903987567,165,245861,1,2640,-0.901,1,0.75,Walking,True,0,0,0
1789903987567,165,245861,1,2640,-0.901,1,0.75,Walking,True,0,0,0
1789903987567,165,245861,1,2640,-0.901,1,0.75,Walking,True,0,0,0
1789903987567,165,245861,1,2640,-0.901,1,0.75,Walking,True,0,0,0
1789903987583,166,247309,1,2656,-0.901,1,0.75,Walking,True,0,0,0
1789903987583,166,247309,1,2656,-0.901,1,0.75,Walking,True,0,0,0
1789903987583,166,247309,1,2656,-0.901,1,0.75,Walking,True,0,0,0
1789903987583,166,247309,1,2656,-0.901,1,0.75,Walking,True,0,0,0
1789903987583,166,247309,1,2656,-0.901,1,0.75,Walking,True,0,0,0
1789903987583,166,247309,1,2656,-0.901,1,0.75,Walking,True,0,0,0
1789903987583,166,247309,1,2656,-0.901,1,0.75,Walking,True,0,0,0
1789903987583,166,247309,1,2656,-0.901,1,0.75,Walking,True,0,0,0
1789903987599,167,248769,1,2672,-0.901,1,0.75,Walking,True,0,0,0
1789903987599,167,248769,1,2672,-0.901,1,0.75,Walking,True,0,0,0
1789903987599,167,248769,1,2672,-0.901,1,0.75,Walking,True,0,0,0
1789903987599,167,248769,1,2672,-0.901,1,0.75,Walking,True,0,0,0
1789903987599,167,248769,1,2672,-0.901,1,0.75,Walking,True,0,0,0
1789903987599,167,248769,1,2672,-0.901,1,0.75,Walking,True,0,0,0
1789903987599,167,248769,1,2672,-0.901,1,0.75,Walking,True,0,0,0
1789903987599,167,248769,1,2672,-0.901,1,0.75,Walking,True,0,0,0
1789903987614,168,250139,1,2688,-0.901,1,0.75,Walking,True,0,0,0
1789903987614,168,250139,1,2688,-0.901,1,0.75,Walking,True,0,0,0
1789903987614,168,250139,1,2688,-0.901,1,0.75,Walking,True,0,0,0
1789903987614,168,250139,1,2688,-0.901,1,0.75,Walking,True,0,0,0
1789903987614,168,250139,1,2688,-0.901,1,0.75,Walking,True,0,0,0
1789903987614,168,250139,1,2688,-0.901,1,0.75,Walking,True,0,0,0
1789903987614,168,250139,1,2688,-0.901,1,0.75,Walking,True,0,0,0
1789903987614,168,250139,1,2688,-0.901,1,0.75,Walking,True,0,0,0
1789903987630,169,251495,1,2704,-0.901,1,0.75,Walking,True,0,0,0
1789903987630,169,251495,1,2704,-0.901,1,0.75,Walking,True,0,0,0
1789903987630,169,251495,1,2704,-0.901,1,0.75,Walking,True,0,0,0
1789903987630,169,251495,1,2704,-0.901,1,0.75,Walking,True,0,0,0
1789903987630,169,251495,1,2704,-0.901,1,0.75,Walking,True,0,0,0
1789903987630,169,251495,1,2704,-0.901,1,0.75,Walking,True,0,0,0
1789903987630,169,251495,1,2704,-0.901,1,0.75,Walking,True,0,0,0
1789903987630,169,251495,1,2704,-0.901,1,0.75,Walking,True,0,0,0
1789903987646,170,252983,1,2720,-0.901,1,0.75,Walking,True,0,0,0
1789903987646,170,252983,1,2720,-0.901,1,0.75,Walking,True,0,0,0
1789903987646,170,252983,1,2720,-0.901,1,0.75,Walking,True,0,0,0
1789903987646,170,252983,1,2720,-0.901,1,0.75,Walking,True,0,0,0
1789903987646,170,252983,1,2720,-0.901,1,0.75,Walking,True,0,0,0
1789903987646,170,252983,1,2720,-0.901,1,0.75,Walking,True,0,0,0
1789903987646,170,252983,1,2720,-0.901,1,0.75,Walking,True,0,0,0
1789903987646,170,252983,1,2720,-0.901,1,0.75,Walking,True,0,0,0
1789903987662,171,254536,1,2736,-0.901,1,0.75,Walking,True,0,0,0
1789903987662,171,254536,1,2736,-0.901,1,0.75,Walking,True,0,0,0
1789903987662,171,254536,1,2736,-0.901,1,0.75,Walking,True,0,0,0
1789903987662,171,254536,1,2736,-0.901,1,0.75,Walking,True,0,0,0
1789903987662,171,254536,1,2736,-0.901,1,0.75,Walking,True,0,0,0
1789903987662,171,254536,1,2736,-0.901,1,0.75,Walking,True,0,0,0
1789903987662,171,254536,1,2736,-0.901,1,0.75,Walking,True,0,0,0
1789903987662,171,254536,1,2736,-0.901,1,0.75,Walking,True,0,0,0
1789903987678,172,256082,1,2752,-0.901,1,0.75,Walking,True,0,0,0
1789903987678,172,256082,1,2752,-0.901,1,0.75,Walking,True,0,0,0
1789903987678,172,256082,1,2752,-0.901,1,0.75,Walking,True,0,0,0
1789903987678,172,256082,1,2752,-0.901,1,0.75,Walking,True,0,0,0
1789903987678,172,256082,1,2752,-0.901,1,0.75,Walking,True,0,0,0
1789903987678,172,256082,1,2752,-0.901,1,0.75,Walking,True,0,0,0
1789903987678,172,256082,1,2752,-0.901,1,0.75,Walking,True,0,0,0
1789903987678,172,256082,1,2752,-0.901,1,0.75,Walking,True,0,0,0
1789903987694,173,257571,1,2768,-0.901,1,0.75,Walking,True,0,0,0
1789903987694,173,257571,1,2768,-0.901,1,0.75,Walking,True,0,0,0
1789903987694,173,257571,1,2768,-0.901,1,0.75,Walking,True,0,0,0
1789903987694,173,257571,1,2768,-0.901,1,0.75,Walking,True,0,0,0
1789903987694,173,257571,1,2768,-0.901,1,0.75,Walking,True,0,0,0
1789903987694,173,257571,1,2768,-0.901,1,0.75,Walking,True,0,0,0
1789903987694,173,257571,1,2768,-0.901,1,0.75,Walking,True,0,0,0
1789903987694,173,257571,1,2768,-0.901,1,0.75,Walking,True,0,0,0
1789903987710,174,258973,1,2784,-0.901,1,0.75,Walking,True,0,0,0
1789903987710,174,258973,1,2784,-0.901,1,0.75,Walking,True,0,0,0
1789903987710,174,258973,1,2784,-0.901,1,0.75,Walking,True,0,0,0
1789903987710,174,258973,1,2784,-0.901,1,0.75,Walking,True,0,0,0
1789903987710,174,258973,1,2784,-0.901,1,0.75,Walking,True,0,0,0
1789903987710,174,258973,1,2784,-0.901,1,0.75,Walking,True,0,0,0
1789903987710,174,258973,1,2784,-0.901,1,0.75,Walking,True,0,0,0
1789903987710,174,258973,1,2784,-0.901,1,0.75,Walking,True,0,0,0
1789903987725,175,260495,1,2800,-0.901,1,0.75,Walking,True,0,0,0
1789903987725,175,260495,1,2800,-0.901,1,0.75,Walking,True,0,0,0
1789903987725,175,260495,1,2800,-0.901,1,0.75,Walking,True,0,0,0
1789903987725,175,260495,1,2800,-0.901,1,0.75,Walking,True,0,0,0
1789903987725,175,260495,1,2800,-0.901,1,0.75,Walking,True,0,0,0
1789903987725,175,260495,1,2800,-0.901,1,0.75,Walking,True,0,0,0
1789903987725,175,260495,1,2800,-0.901,1,0.75,Walking,True,0,0,0
1789903987725,175,260495,1,2800,-0.901,1,0.75,Walking,True,0,0,0
1789903987741,176,261893,1,2816,-0.901,1,0.75,Walking,True,0,0,0
1789903987741,176,261893,1,2816,-0.901,1,0.75,Walking,True,0,0,0
1789903987741,176,261893,1,2816,-0.901,1,0.75,Walking,True,0,0,0
1789903987741,176,261893,1,2816,-0.901,1,0.75,Walking,True,0,0,0
1789903987741,176,261893,1,2816,-0.901,1,0.75,Walking,True,0,0,0
1789903987741,176,261893,1,2816,-0.901,1,0.75,Walking,True,0,0,0
1789903987741,176,261893,1,2816,-0.901,1,0.75,Walking,True,0,0,0
1789903987741,176,261893,1,2816,-0.901,1,0.75,Walking,True,0,0,0
1789903987756,177,263273,1,2832,-0.901,1,0.75,Walking,True,0,0,0
1789903987756,177,263273,1,2832,-0.901,1,0.75,Walking,True,0,0,0
1789903987756,177,263273,1,2832,-0.901,1,0.75,Walking,True,0,0,0
1789903987756,177,263273,1,2832,-0.901,1,0.75,Walking,True,0,0,0
1789903987756,177,263273,1,2832,-0.901,1,0.75,Walking,True,0,0,0
1789903987756,177,263273,1,2832,-0.901,1,0.75,Walking,True,0,0,0
1789903987756,177,263273,1,2832,-0.901,1,0.75,Walking,True,0,0,0
1789903987756,177,263273,1,2832,-0.901,1,0.75,Walking,True,0,0,0
1789903987772,178,264741,1,2848,-0.901,1,0.75,Walking,True,0,0,0
1789903987772,178,264741,1,2848,-0.901,1,0.75,Walking,True,0,0,0
1789903987772,178,264741,1,2848,-0.901,1,0.75,Walking,True,0,0,0
1789903987772,178,264741,1,2848,-0.901,1,0.75,Walking,True,0,0,0
1789903987772,178,264741,1,2848,-0.901,1,0.75,Walking,True,0,0,0
1789903987772,178,264741,1,2848,-0.901,1,0.75,Walking,True,0,0,0
1789903987772,178,264741,1,2848,-0.901,1,0.75,Walking,True,0,0,0
1789903987772,178,264741,1,2848,-0.901,1,0.75,Walking,True,0,0,0
1789903987788,179,266201,1,2864,-0.901,1,0.75,Walking,True,0,0,0
1789903987788,179,266201,1,2864,-0.901,1,0.75,Walking,True,0,0,0
1789903987788,179,266201,1,2864,-0.901,1,0.75,Walking,True,0,0,0
1789903987788,179,266201,1,2864,-0.901,1,0.75,Walking,True,0,0,0
1789903987788,179,266201,1,2864,-0.901,1,0.75,Walking,True,0,0,0
1789903987788,179,266201,1,2864,-0.901,1,0.75,Walking,True,0,0,0
1789903987788,179,266201,1,2864,-0.901,1,0.75,Walking,True,0,0,0
1789903987788,179,266201,1,2864,-0.901,1,0.75,Walking,True,0,0,0
1789903987804,180,267586,1,2880,-0.901,1,0.75,Walking,True,0,0,0
1789903987804,180,267586,1,2880,-0.901,1,0.75,Walking,True,0,0,0
1789903987804,180,267586,1,2880,-0.901,1,0.75,Walking,True,0,0,0
1789903987804,180,267586,1,2880,-0.901,1,0.75,Walking,True,0,0,0
1789903987804,180,267586,1,2880,-0.901,1,0.75,Walking,True,0,0,0
1789903987804,180,267586,1,2880,-0.901,1,0.75,Walking,True,0,0,0
1789903987804,180,267586,1,2880,-0.901,1,0.75,Walking,True,0,0,0
1789903987804,180,267586,1,2880,-0.901,1,0.75,Walking,True,0,0,0
1789903987819,181,269116,1,2896,-0.901,1,0.75,Walking,True,0,0,0
1789903987819,181,269116,1,2896,-0.901,1,0.75,Walking,True,0,0,0
1789903987819,181,269116,1,2896,-0.901,1,0.75,Walking,True,0,0,0
1789903987819,181,269116,1,2896,-0.901,1,0.75,Walking,True,0,0,0
1789903987819,181,269116,1,2896,-0.901,1,0.75,Walking,True,0,0,0
1789903987819,181,269116,1,2896,-0.901,1,0.75,Walking,True,0,0,0
1789903987819,181,269116,1,2896,-0.901,1,0.75,Walking,True,0,0,0
1789903987819,181,269116,1,2896,-0.901,1,0.75,Walking,True,0,0,0
1789903988066,182,300947,1,2912,-0.90612,1,0.75,Walking,True,-0.32,0,0
1789903988066,182,300947,1,2912,-0.90612,1,0.75,Walking,True,-0.32,0,0
1789903988066,182,300947,1,2912,-0.90612,1,0.75,Walking,True,-0.32,0,0
1789903988066,182,300947,1,2912,-0.90612,1,0.75,Walking,True,-0.32,0,0
1789903988066,182,300947,1,2912,-0.90612,1,0.75,Walking,True,-0.32,0,0
1789903988066,182,300947,1,2912,-0.90612,1,0.75,Walking,True,-0.32,0,0
1789903988066,182,300947,1,2912,-0.90612,1,0.75,Walking,True,-0.32,0,0
1789903988066,182,300947,1,2912,-0.90612,1,0.75,Walking,True,-0.32,0,0
1789903988083,183,303694,1,2928,-0.91636,1,0.75,Walking,True,-0.64,0,0
1789903988083,183,303694,1,2928,-0.91636,1,0.75,Walking,True,-0.64,0,0
1789903988083,183,303694,1,2928,-0.91636,1,0.75,Walking,True,-0.64,0,0
1789903988083,183,303694,1,2928,-0.91636,1,0.75,Walking,True,-0.64,0,0
1789903988083,183,303694,1,2928,-0.91636,1,0.75,Walking,True,-0.64,0,0
1789903988083,183,303694,1,2928,-0.91636,1,0.75,Walking,True,-0.64,0,0
1789903988083,183,303694,1,2928,-0.91636,1,0.75,Walking,True,-0.64,0,0
1789903988083,183,303694,1,2928,-0.91636,1,0.75,Walking,True,-0.64,0,0
1789903988098,184,305348,1,2944,-0.93172,1,0.75,Walking,True,-0.96,0,0
1789903988098,184,305348,1,2944,-0.93172,1,0.75,Walking,True,-0.96,0,0
1789903988098,184,305348,1,2944,-0.93172,1,0.75,Walking,True,-0.96,0,0
1789903988098,184,305348,1,2944,-0.93172,1,0.75,Walking,True,-0.96,0,0
1789903988098,184,305348,1,2944,-0.93172,1,0.75,Walking,True,-0.96,0,0
1789903988098,184,305348,1,2944,-0.93172,1,0.75,Walking,True,-0.96,0,0
1789903988098,184,305348,1,2944,-0.93172,1,0.75,Walking,True,-0.96,0,0
1789903988098,184,305348,1,2944,-0.93172,1,0.75,Walking,True,-0.96,0,0
1789903988114,185,306751,1,2960,-0.9522,1,0.75,Walking,True,-1.28,0,0
1789903988114,185,306751,1,2960,-0.9522,1,0.75,Walking,True,-1.28,0,0
1789903988114,185,306751,1,2960,-0.9522,1,0.75,Walking,True,-1.28,0,0
1789903988114,185,306751,1,2960,-0.9522,1,0.75,Walking,True,-1.28,0,0
1789903988114,185,306751,1,2960,-0.9522,1,0.75,Walking,True,-1.28,0,0
1789903988114,185,306751,1,2960,-0.9522,1,0.75,Walking,True,-1.28,0,0
1789903988114,185,306751,1,2960,-0.9522,1,0.75,Walking,True,-1.28,0,0
1789903988114,185,306751,1,2960,-0.9522,1,0.75,Walking,True,-1.28,0,0
1789903988129,186,308080,1,2976,-0.9778,1,0.75,Walking,True,-1.6,0,0
1789903988129,186,308080,1,2976,-0.9778,1,0.75,Walking,True,-1.6,0,0
1789903988129,186,308080,1,2976,-0.9778,1,0.75,Walking,True,-1.6,0,0
1789903988129,186,308080,1,2976,-0.9778,1,0.75,Walking,True,-1.6,0,0
1789903988129,186,308080,1,2976,-0.9778,1,0.75,Walking,True,-1.6,0,0
1789903988129,186,308080,1,2976,-0.9778,1,0.75,Walking,True,-1.6,0,0
1789903988129,186,308080,1,2976,-0.9778,1,0.75,Walking,True,-1.6,0,0
1789903988129,186,308080,1,2976,-0.9778,1,0.75,Walking,True,-1.6,0,0
1789903988144,187,309494,1,2992,-1.00852,1,0.75,Walking,True,-1.92,0,0
1789903988144,187,309494,1,2992,-1.00852,1,0.75,Walking,True,-1.92,0,0
1789903988144,187,309494,1,2992,-1.00852,1,0.75,Walking,True,-1.92,0,0
1789903988144,187,309494,1,2992,-1.00852,1,0.75,Walking,True,-1.92,0,0
1789903988144,187,309494,1,2992,-1.00852,1,0.75,Walking,True,-1.92,0,0
1789903988144,187,309494,1,2992,-1.00852,1,0.75,Walking,True,-1.92,0,0
1789903988144,187,309494,1,2992,-1.00852,1,0.75,Walking,True,-1.92,0,0
1789903988144,187,309494,1,2992,-1.00852,1,0.75,Walking,True,-1.92,0,0
1789903988159,188,310882,1,3008,-1.04436,1,0.75,Walking,True,-2.24,0,0
1789903988159,188,310882,1,3008,-1.04436,1,0.75,Walking,True,-2.24,0,0
1789903988159,188,310882,1,3008,-1.04436,1,0.75,Walking,True,-2.24,0,0
1789903988159,188,310882,1,3008,-1.04436,1,0.75,Walking,True,-2.24,0,0
1789903988159,188,310882,1,3008,-1.04436,1,0.75,Walking,True,-2.24,0,0
1789903988159,188,310882,1,3008,-1.04436,1,0.75,Walking,True,-2.24,0,0
1789903988159,188,310882,1,3008,-1.04436,1,0.75,Walking,True,-2.24,0,0
1789903988159,188,310882,1,3008,-1.04436,1,0.75,Walking,True,-2.24,0,0
1789903988175,189,312315,1,3024,-1.08532,1,0.75,Walking,True,-2.56,0,0
1789903988175,189,312315,1,3024,-1.08532,1,0.75,Walking,True,-2.56,0,0
1789903988175,189,312315,1,3024,-1.08532,1,0.75,Walking,True,-2.56,0,0
1789903988175,189,312315,1,3024,-1.08532,1,0.75,Walking,True,-2.56,0,0
1789903988175,189,312315,1,3024,-1.08532,1,0.75,Walking,True,-2.56,0,0
1789903988175,189,312315,1,3024,-1.08532,1,0.75,Walking,True,-2.56,0,0
1789903988175,189,312315,1,3024,-1.08532,1,0.75,Walking,True,-2.56,0,0
1789903988175,189,312315,1,3024,-1.08532,1,0.75,Walking,True,-2.56,0,0
1789903988191,190,313837,1,3040,-1.1314,1,0.75,Walking,True,-2.88,0,0
1789903988191,190,313837,1,3040,-1.1314,1,0.75,Walking,True,-2.88,0,0
1789903988191,190,313837,1,3040,-1.1314,1,0.75,Walking,True,-2.88,0,0
1789903988191,190,313837,1,3040,-1.1314,1,0.75,Walking,True,-2.88,0,0
1789903988191,190,313837,1,3040,-1.1314,1,0.75,Walking,True,-2.88,0,0
1789903988191,190,313837,1,3040,-1.1314,1,0.75,Walking,True,-2.88,0,0
1789903988191,190,313837,1,3040,-1.1314,1,0.75,Walking,True,-2.88,0,0
1789903988191,190,313837,1,3040,-1.1314,1,0.75,Walking,True,-2.88,0,0
1789903988207,191,315382,1,3056,-1.1826,1,0.75,Walking,True,-3.2,0,0
1789903988207,191,315382,1,3056,-1.1826,1,0.75,Walking,True,-3.2,0,0
1789903988207,191,315382,1,3056,-1.1826,1,0.75,Walking,True,-3.2,0,0
1789903988207,191,315382,1,3056,-1.1826,1,0.75,Walking,True,-3.2,0,0
1789903988207,191,315382,1,3056,-1.1826,1,0.75,Walking,True,-3.2,0,0
1789903988207,191,315382,1,3056,-1.1826,1,0.75,Walking,True,-3.2,0,0
1789903988207,191,315382,1,3056,-1.1826,1,0.75,Walking,True,-3.2,0,0
1789903988207,191,315382,1,3056,-1.1826,1,0.75,Walking,True,-3.2,0,0
1789903988222,192,316950,1,3072,-1.23892,1,0.75,Walking,True,-3.52,0,0
1789903988222,192,316950,1,3072,-1.23892,1,0.75,Walking,True,-3.52,0,0
1789903988222,192,316950,1,3072,-1.23892,1,0.75,Walking,True,-3.52,0,0
1789903988222,192,316950,1,3072,-1.23892,1,0.75,Walking,True,-3.52,0,0
1789903988222,192,316950,1,3072,-1.23892,1,0.75,Walking,True,-3.52,0,0
1789903988222,192,316950,1,3072,-1.23892,1,0.75,Walking,True,-3.52,0,0
1789903988222,192,316950,1,3072,-1.23892,1,0.75,Walking,True,-3.52,0,0
1789903988222,192,316950,1,3072,-1.23892,1,0.75,Walking,True,-3.52,0,0
1789903988237,193,318302,1,3088,-1.30036,1,0.75,Walking,True,-3.84,0,0
1789903988237,193,318302,1,3088,-1.30036,1,0.75,Walking,True,-3.84,0,0
1789903988237,193,318302,1,3088,-1.30036,1,0.75,Walking,True,-3.84,0,0
1789903988237,193,318302,1,3088,-1.30036,1,0.75,Walking,True,-3.84,0,0
1789903988237,193,318302,1,3088,-1.30036,1,0.75,Walking,True,-3.84,0,0
1789903988237,193,318302,1,3088,-1.30036,1,0.75,Walking,True,-3.84,0,0
1789903988237,193,318302,1,3088,-1.30036,1,0.75,Walking,True,-3.84,0,0
1789903988237,193,318302,1,3088,-1.30036,1,0.75,Walking,True,-3.84,0,0
1789903988253,194,319605,1,3104,-1.36276,1,0.75,Walking,True,-3.9,0,0
1789903988253,194,319605,1,3104,-1.36276,1,0.75,Walking,True,-3.9,0,0
1789903988253,194,319605,1,3104,-1.36276,1,0.75,Walking,True,-3.9,0,0
1789903988253,194,319605,1,3104,-1.36276,1,0.75,Walking,True,-3.9,0,0
1789903988253,194,319605,1,3104,-1.36276,1,0.75,Walking,True,-3.9,0,0
1789903988253,194,319605,1,3104,-1.36276,1,0.75,Walking,True,-3.9,0,0
1789903988253,194,319605,1,3104,-1.36276,1,0.75,Walking,True,-3.9,0,0
1789903988253,194,319605,1,3104,-1.36276,1,0.75,Walking,True,-3.9,0,0
1789903988269,195,320981,1,3120,-1.42516,1,0.75,Walking,True,-3.9,0,0
1789903988269,195,320981,1,3120,-1.42516,1,0.75,Walking,True,-3.9,0,0
1789903988269,195,320981,1,3120,-1.42516,1,0.75,Walking,True,-3.9,0,0
1789903988269,195,320981,1,3120,-1.42516,1,0.75,Walking,True,-3.9,0,0
1789903988269,195,320981,1,3120,-1.42516,1,0.75,Walking,True,-3.9,0,0
1789903988269,195,320981,1,3120,-1.42516,1,0.75,Walking,True,-3.9,0,0
1789903988269,195,320981,1,3120,-1.42516,1,0.75,Walking,True,-3.9,0,0
1789903988269,195,320981,1,3120,-1.42516,1,0.75,Walking,True,-3.9,0,0
1789903988284,196,322299,1,3136,-1.48756,1,0.75,Walking,True,-3.9,0,0
1789903988284,196,322299,1,3136,-1.48756,1,0.75,Walking,True,-3.9,0,0
1789903988284,196,322299,1,3136,-1.48756,1,0.75,Walking,True,-3.9,0,0
1789903988284,196,322299,1,3136,-1.48756,1,0.75,Walking,True,-3.9,0,0
1789903988284,196,322299,1,3136,-1.48756,1,0.75,Walking,True,-3.9,0,0
1789903988284,196,322299,1,3136,-1.48756,1,0.75,Walking,True,-3.9,0,0
1789903988284,196,322299,1,3136,-1.48756,1,0.75,Walking,True,-3.9,0,0
1789903988284,196,322299,1,3136,-1.48756,1,0.75,Walking,True,-3.9,0,0
1789903988299,197,323690,1,3152,-1.54996,1,0.75,Walking,True,-3.9,0,0
1789903988299,197,323690,1,3152,-1.54996,1,0.75,Walking,True,-3.9,0,0
1789903988299,197,323690,1,3152,-1.54996,1,0.75,Walking,True,-3.9,0,0
1789903988299,197,323690,1,3152,-1.54996,1,0.75,Walking,True,-3.9,0,0
1789903988299,197,323690,1,3152,-1.54996,1,0.75,Walking,True,-3.9,0,0
1789903988299,197,323690,1,3152,-1.54996,1,0.75,Walking,True,-3.9,0,0
1789903988299,197,323690,1,3152,-1.54996,1,0.75,Walking,True,-3.9,0,0
1789903988299,197,323690,1,3152,-1.54996,1,0.75,Walking,True,-3.9,0,0
1789903988315,198,325046,1,3168,-1.61236,1,0.75,Walking,True,-3.9,0,0
1789903988315,198,325046,1,3168,-1.61236,1,0.75,Walking,True,-3.9,0,0
1789903988315,198,325046,1,3168,-1.61236,1,0.75,Walking,True,-3.9,0,0
1789903988315,198,325046,1,3168,-1.61236,1,0.75,Walking,True,-3.9,0,0
1789903988315,198,325046,1,3168,-1.61236,1,0.75,Walking,True,-3.9,0,0
1789903988315,198,325046,1,3168,-1.61236,1,0.75,Walking,True,-3.9,0,0
1789903988315,198,325046,1,3168,-1.61236,1,0.75,Walking,True,-3.9,0,0
1789903988315,198,325046,1,3168,-1.61236,1,0.75,Walking,True,-3.9,0,0
1789903988330,199,326424,1,3184,-1.67476,1,0.75,Walking,True,-3.9,0,0
1789903988330,199,326424,1,3184,-1.67476,1,0.75,Walking,True,-3.9,0,0
1789903988330,199,326424,1,3184,-1.67476,1,0.75,Walking,True,-3.9,0,0
1789903988330,199,326424,1,3184,-1.67476,1,0.75,Walking,True,-3.9,0,0
1789903988330,199,326424,1,3184,-1.67476,1,0.75,Walking,True,-3.9,0,0
1789903988330,199,326424,1,3184,-1.67476,1,0.75,Walking,True,-3.9,0,0
1789903988330,199,326424,1,3184,-1.67476,1,0.75,Walking,True,-3.9,0,0
1789903988330,199,326424,1,3184,-1.67476,1,0.75,Walking,True,-3.9,0,0
1789903988346,200,327786,1,3200,-1.73716,1,0.75,Walking,True,-3.9,0,0
1789903988346,200,327786,1,3200,-1.73716,1,0.75,Walking,True,-3.9,0,0
1789903988346,200,327786,1,3200,-1.73716,1,0.75,Walking,True,-3.9,0,0
1789903988346,200,327786,1,3200,-1.73716,1,0.75,Walking,True,-3.9,0,0
1789903988346,200,327786,1,3200,-1.73716,1,0.75,Walking,True,-3.9,0,0
1789903988346,200,327786,1,3200,-1.73716,1,0.75,Walking,True,-3.9,0,0
1789903988346,200,327786,1,3200,-1.73716,1,0.75,Walking,True,-3.9,0,0
1789903988346,200,327786,1,3200,-1.73716,1,0.75,Walking,True,-3.9,0,0
1789903988361,201,329352,1,3216,-1.79956,1,0.75,Walking,True,-3.9,0,0
1789903988361,201,329352,1,3216,-1.79956,1,0.75,Walking,True,-3.9,0,0
1789903988361,201,329352,1,3216,-1.79956,1,0.75,Walking,True,-3.9,0,0
1789903988361,201,329352,1,3216,-1.79956,1,0.75,Walking,True,-3.9,0,0
1789903988361,201,329352,1,3216,-1.79956,1,0.75,Walking,True,-3.9,0,0
1789903988361,201,329352,1,3216,-1.79956,1,0.75,Walking,True,-3.9,0,0
1789903988361,201,329352,1,3216,-1.79956,1,0.75,Walking,True,-3.9,0,0
1789903988361,201,329352,1,3216,-1.79956,1,0.75,Walking,True,-3.9,0,0
1789903988376,202,330730,1,3232,-1.86196,1,0.75,Walking,True,-3.9,0,0
1789903988376,202,330730,1,3232,-1.86196,1,0.75,Walking,True,-3.9,0,0
1789903988376,202,330730,1,3232,-1.86196,1,0.75,Walking,True,-3.9,0,0
1789903988376,202,330730,1,3232,-1.86196,1,0.75,Walking,True,-3.9,0,0
1789903988376,202,330730,1,3232,-1.86196,1,0.75,Walking,True,-3.9,0,0
1789903988376,202,330730,1,3232,-1.86196,1,0.75,Walking,True,-3.9,0,0
1789903988376,202,330730,1,3232,-1.86196,1,0.75,Walking,True,-3.9,0,0
1789903988376,202,330730,1,3232,-1.86196,1,0.75,Walking,True,-3.9,0,0
1789903988392,203,332148,1,3248,-1.92436,1,0.75,Walking,True,-3.9,0,0
1789903988392,203,332148,1,3248,-1.92436,1,0.75,Walking,True,-3.9,0,0
1789903988392,203,332148,1,3248,-1.92436,1,0.75,Walking,True,-3.9,0,0
1789903988392,203,332148,1,3248,-1.92436,1,0.75,Walking,True,-3.9,0,0
1789903988392,203,332148,1,3248,-1.92436,1,0.75,Walking,True,-3.9,0,0
1789903988392,203,332148,1,3248,-1.92436,1,0.75,Walking,True,-3.9,0,0
1789903988392,203,332148,1,3248,-1.92436,1,0.75,Walking,True,-3.9,0,0
1789903988392,203,332148,1,3248,-1.92436,1,0.75,Walking,True,-3.9,0,0
1789903988407,204,333758,1,3264,-1.98676,1,0.75,Walking,True,-3.9,0,0
1789903988407,204,333758,1,3264,-1.98676,1,0.75,Walking,True,-3.9,0,0
1789903988407,204,333758,1,3264,-1.98676,1,0.75,Walking,True,-3.9,0,0
1789903988407,204,333758,1,3264,-1.98676,1,0.75,Walking,True,-3.9,0,0
1789903988407,204,333758,1,3264,-1.98676,1,0.75,Walking,True,-3.9,0,0
1789903988407,204,333758,1,3264,-1.98676,1,0.75,Walking,True,-3.9,0,0
1789903988407,204,333758,1,3264,-1.98676,1,0.75,Walking,True,-3.9,0,0
1789903988407,204,333758,1,3264,-1.98676,1,0.75,Walking,True,-3.9,0,0
1789903988422,205,335016,1,3280,-2.04916,1,0.75,Walking,True,-3.9,0,0
1789903988422,205,335016,1,3280,-2.04916,1,0.75,Walking,True,-3.9,0,0
1789903988422,205,335016,1,3280,-2.04916,1,0.75,Walking,True,-3.9,0,0
1789903988422,205,335016,1,3280,-2.04916,1,0.75,Walking,True,-3.9,0,0
1789903988422,205,335016,1,3280,-2.04916,1,0.75,Walking,True,-3.9,0,0
1789903988422,205,335016,1,3280,-2.04916,1,0.75,Walking,True,-3.9,0,0
1789903988422,205,335016,1,3280,-2.04916,1,0.75,Walking,True,-3.9,0,0
1789903988422,205,335016,1,3280,-2.04916,1,0.75,Walking,True,-3.9,0,0
1789903988437,206,336506,1,3296,-2.11156,1,0.75,Walking,True,-3.9,0,0
1789903988437,206,336506,1,3296,-2.11156,1,0.75,Walking,True,-3.9,0,0
1789903988437,206,336506,1,3296,-2.11156,1,0.75,Walking,True,-3.9,0,0
1789903988437,206,336506,1,3296,-2.11156,1,0.75,Walking,True,-3.9,0,0
1789903988437,206,336506,1,3296,-2.11156,1,0.75,Walking,True,-3.9,0,0
1789903988437,206,336506,1,3296,-2.11156,1,0.75,Walking,True,-3.9,0,0
1789903988437,206,336506,1,3296,-2.11156,1,0.75,Walking,True,-3.9,0,0
1789903988437,206,336506,1,3296,-2.11156,1,0.75,Walking,True,-3.9,0,0
1789903988453,207,337927,1,3312,-2.17396,1,0.75,Walking,True,-3.9,0,0
1789903988453,207,337927,1,3312,-2.17396,1,0.75,Walking,True,-3.9,0,0
1789903988453,207,337927,1,3312,-2.17396,1,0.75,Walking,True,-3.9,0,0
1789903988453,207,337927,1,3312,-2.17396,1,0.75,Walking,True,-3.9,0,0
1789903988453,207,337927,1,3312,-2.17396,1,0.75,Walking,True,-3.9,0,0
1789903988453,207,337927,1,3312,-2.17396,1,0.75,Walking,True,-3.9,0,0
1789903988453,207,337927,1,3312,-2.17396,1,0.75,Walking,True,-3.9,0,0
1789903988453,207,337927,1,3312,-2.17396,1,0.75,Walking,True,-3.9,0,0
1789903988483,208,339380,1,3328,-2.23636,1,0.75,Walking,True,-3.9,0,0
1789903988483,208,339380,1,3328,-2.23636,1,0.75,Walking,True,-3.9,0,0
1789903988483,208,339380,1,3328,-2.23636,1,0.75,Walking,True,-3.9,0,0
1789903988483,208,339380,1,3328,-2.23636,1,0.75,Walking,True,-3.9,0,0
1789903988483,208,339380,1,3328,-2.23636,1,0.75,Walking,True,-3.9,0,0
1789903988483,208,339380,1,3328,-2.23636,1,0.75,Walking,True,-3.9,0,0
1789903988483,208,339380,1,3328,-2.23636,1,0.75,Walking,True,-3.9,0,0
1789903988483,208,339380,1,3328,-2.23636,1,0.75,Walking,True,-3.9,0,0
1789903988499,209,342324,1,3344,-2.29876,1,0.75,Walking,True,-3.9,0,0
1789903988499,209,342324,1,3344,-2.29876,1,0.75,Walking,True,-3.9,0,0
1789903988499,209,342324,1,3344,-2.29876,1,0.75,Walking,True,-3.9,0,0
1789903988499,209,342324,1,3344,-2.29876,1,0.75,Walking,True,-3.9,0,0
1789903988499,209,342324,1,3344,-2.29876,1,0.75,Walking,True,-3.9,0,0
1789903988499,209,342324,1,3344,-2.29876,1,0.75,Walking,True,-3.9,0,0
1789903988499,209,342324,1,3344,-2.29876,1,0.75,Walking,True,-3.9,0,0
1789903988499,209,342324,1,3344,-2.29876,1,0.75,Walking,True,-3.9,0,0
1789903988514,210,343738,1,3360,-2.361161,1,0.75,Walking,True,-3.9,0,0
1789903988514,210,343738,1,3360,-2.361161,1,0.75,Walking,True,-3.9,0,0
1789903988514,210,343738,1,3360,-2.361161,1,0.75,Walking,True,-3.9,0,0
1789903988514,210,343738,1,3360,-2.361161,1,0.75,Walking,True,-3.9,0,0
1789903988514,210,343738,1,3360,-2.361161,1,0.75,Walking,True,-3.9,0,0
1789903988514,210,343738,1,3360,-2.361161,1,0.75,Walking,True,-3.9,0,0
1789903988514,210,343738,1,3360,-2.361161,1,0.75,Walking,True,-3.9,0,0
1789903988514,210,343738,1,3360,-2.361161,1,0.75,Walking,True,-3.9,0,0
1789903988529,211,345181,1,3376,-2.423561,1,0.75,Walking,True,-3.9,0,0
1789903988529,211,345181,1,3376,-2.423561,1,0.75,Walking,True,-3.9,0,0
1789903988529,211,345181,1,3376,-2.423561,1,0.75,Walking,True,-3.9,0,0
1789903988529,211,345181,1,3376,-2.423561,1,0.75,Walking,True,-3.9,0,0
1789903988529,211,345181,1,3376,-2.423561,1,0.75,Walking,True,-3.9,0,0
1789903988529,211,345181,1,3376,-2.423561,1,0.75,Walking,True,-3.9,0,0
1789903988529,211,345181,1,3376,-2.423561,1,0.75,Walking,True,-3.9,0,0
1789903988529,211,345181,1,3376,-2.423561,1,0.75,Walking,True,-3.9,0,0
1789903988545,212,346464,1,3392,-2.485961,1,0.75,Walking,True,-3.9,0,0
1789903988545,212,346464,1,3392,-2.485961,1,0.75,Walking,True,-3.9,0,0
1789903988545,212,346464,1,3392,-2.485961,1,0.75,Walking,True,-3.9,0,0
1789903988545,212,346464,1,3392,-2.485961,1,0.75,Walking,True,-3.9,0,0
1789903988545,212,346464,1,3392,-2.485961,1,0.75,Walking,True,-3.9,0,0
1789903988545,212,346464,1,3392,-2.485961,1,0.75,Walking,True,-3.9,0,0
1789903988545,212,346464,1,3392,-2.485961,1,0.75,Walking,True,-3.9,0,0
1789903988545,212,346464,1,3392,-2.485961,1,0.75,Walking,True,-3.9,0,0
1789903988561,213,347900,1,3408,-2.548361,1,0.75,Walking,True,-3.9,0,0
1789903988561,213,347900,1,3408,-2.548361,1,0.75,Walking,True,-3.9,0,0
1789903988561,213,347900,1,3408,-2.548361,1,0.75,Walking,True,-3.9,0,0
1789903988561,213,347900,1,3408,-2.548361,1,0.75,Walking,True,-3.9,0,0
1789903988561,213,347900,1,3408,-2.548361,1,0.75,Walking,True,-3.9,0,0
1789903988561,213,347900,1,3408,-2.548361,1,0.75,Walking,True,-3.9,0,0
1789903988561,213,347900,1,3408,-2.548361,1,0.75,Walking,True,-3.9,0,0
1789903988561,213,347900,1,3408,-2.548361,1,0.75,Walking,True,-3.9,0,0
1789903988576,214,349386,1,3424,-2.610761,1,0.75,Walking,True,-3.9,0,0
1789903988576,214,349386,1,3424,-2.610761,1,0.75,Walking,True,-3.9,0,0
1789903988576,214,349386,1,3424,-2.610761,1,0.75,Walking,True,-3.9,0,0
1789903988576,214,349386,1,3424,-2.610761,1,0.75,Walking,True,-3.9,0,0
1789903988576,214,349386,1,3424,-2.610761,1,0.75,Walking,True,-3.9,0,0
1789903988576,214,349386,1,3424,-2.610761,1,0.75,Walking,True,-3.9,0,0
1789903988577,214,349386,1,3424,-2.610761,1,0.75,Walking,True,-3.9,0,0
1789903988577,214,349386,1,3424,-2.610761,1,0.75,Walking,True,-3.9,0,0
1789903988593,215,350811,1,3440,-2.673161,1,0.75,Walking,True,-3.9,0,0
1789903988593,215,350811,1,3440,-2.673161,1,0.75,Walking,True,-3.9,0,0
1789903988593,215,350811,1,3440,-2.673161,1,0.75,Walking,True,-3.9,0,0
1789903988593,215,350811,1,3440,-2.673161,1,0.75,Walking,True,-3.9,0,0
1789903988593,215,350811,1,3440,-2.673161,1,0.75,Walking,True,-3.9,0,0
1789903988593,215,350811,1,3440,-2.673161,1,0.75,Walking,True,-3.9,0,0
1789903988593,215,350811,1,3440,-2.673161,1,0.75,Walking,True,-3.9,0,0
1789903988593,215,350811,1,3440,-2.673161,1,0.75,Walking,True,-3.9,0,0
1789903988608,216,352272,1,3456,-2.735561,1,0.75,Walking,True,-3.9,0,0
1789903988608,216,352272,1,3456,-2.735561,1,0.75,Walking,True,-3.9,0,0
1789903988608,216,352272,1,3456,-2.735561,1,0.75,Walking,True,-3.9,0,0
1789903988608,216,352272,1,3456,-2.735561,1,0.75,Walking,True,-3.9,0,0
1789903988608,216,352272,1,3456,-2.735561,1,0.75,Walking,True,-3.9,0,0
1789903988608,216,352272,1,3456,-2.735561,1,0.75,Walking,True,-3.9,0,0
1789903988608,216,352272,1,3456,-2.735561,1,0.75,Walking,True,-3.9,0,0
1789903988608,216,352272,1,3456,-2.735561,1,0.75,Walking,True,-3.9,0,0
1789903988624,217,353717,1,3472,-2.797961,1,0.75,Walking,True,-3.9,0,0
1789903988624,217,353717,1,3472,-2.797961,1,0.75,Walking,True,-3.9,0,0
1789903988624,217,353717,1,3472,-2.797961,1,0.75,Walking,True,-3.9,0,0
1789903988624,217,353717,1,3472,-2.797961,1,0.75,Walking,True,-3.9,0,0
1789903988624,217,353717,1,3472,-2.797961,1,0.75,Walking,True,-3.9,0,0
1789903988624,217,353717,1,3472,-2.797961,1,0.75,Walking,True,-3.9,0,0
1789903988624,217,353717,1,3472,-2.797961,1,0.75,Walking,True,-3.9,0,0
1789903988624,217,353717,1,3472,-2.797961,1,0.75,Walking,True,-3.9,0,0
1789903988639,218,355208,1,3488,-2.860361,1,0.75,Walking,True,-3.9,0,0
1789903988639,218,355208,1,3488,-2.860361,1,0.75,Walking,True,-3.9,0,0
1789903988639,218,355208,1,3488,-2.860361,1,0.75,Walking,True,-3.9,0,0
1789903988639,218,355208,1,3488,-2.860361,1,0.75,Walking,True,-3.9,0,0
1789903988639,218,355208,1,3488,-2.860361,1,0.75,Walking,True,-3.9,0,0
1789903988639,218,355208,1,3488,-2.860361,1,0.75,Walking,True,-3.9,0,0
1789903988639,218,355208,1,3488,-2.860361,1,0.75,Walking,True,-3.9,0,0
1789903988639,218,355208,1,3488,-2.860361,1,0.75,Walking,True,-3.9,0,0
1789903988655,219,356605,1,3504,-2.922761,1,0.75,Walking,True,-3.9,0,0
1789903988655,219,356605,1,3504,-2.922761,1,0.75,Walking,True,-3.9,0,0
1789903988655,219,356605,1,3504,-2.922761,1,0.75,Walking,True,-3.9,0,0
1789903988655,219,356605,1,3504,-2.922761,1,0.75,Walking,True,-3.9,0,0
1789903988655,219,356605,1,3504,-2.922761,1,0.75,Walking,True,-3.9,0,0
1789903988655,219,356605,1,3504,-2.922761,1,0.75,Walking,True,-3.9,0,0
1789903988655,219,356605,1,3504,-2.922761,1,0.75,Walking,True,-3.9,0,0
1789903988655,219,356605,1,3504,-2.922761,1,0.75,Walking,True,-3.9,0,0
1789903988670,220,358006,1,3520,-2.985162,1,0.75,Walking,True,-3.9,0,0
1789903988670,220,358006,1,3520,-2.985162,1,0.75,Walking,True,-3.9,0,0
1789903988670,220,358006,1,3520,-2.985162,1,0.75,Walking,True,-3.9,0,0
1789903988670,220,358006,1,3520,-2.985162,1,0.75,Walking,True,-3.9,0,0
1789903988670,220,358006,1,3520,-2.985162,1,0.75,Walking,True,-3.9,0,0
1789903988670,220,358006,1,3520,-2.985162,1,0.75,Walking,True,-3.9,0,0
1789903988670,220,358006,1,3520,-2.985162,1,0.75,Walking,True,-3.9,0,0
1789903988670,220,358006,1,3520,-2.985162,1,0.75,Walking,True,-3.9,0,0
1789903988686,221,359429,1,3536,-3.047562,1,0.75,Walking,True,-3.9,0,0
1789903988686,221,359429,1,3536,-3.047562,1,0.75,Walking,True,-3.9,0,0
1789903988686,221,359429,1,3536,-3.047562,1,0.75,Walking,True,-3.9,0,0
1789903988686,221,359429,1,3536,-3.047562,1,0.75,Walking,True,-3.9,0,0
1789903988686,221,359429,1,3536,-3.047562,1,0.75,Walking,True,-3.9,0,0
1789903988686,221,359429,1,3536,-3.047562,1,0.75,Walking,True,-3.9,0,0
1789903988686,221,359429,1,3536,-3.047562,1,0.75,Walking,True,-3.9,0,0
1789903988686,221,359429,1,3536,-3.047562,1,0.75,Walking,True,-3.9,0,0
1789903988701,222,360885,1,3552,-3.109962,1,0.75,Walking,True,-3.9,0,0
1789903988701,222,360885,1,3552,-3.109962,1,0.75,Walking,True,-3.9,0,0
1789903988701,222,360885,1,3552,-3.109962,1,0.75,Walking,True,-3.9,0,0
1789903988701,222,360885,1,3552,-3.109962,1,0.75,Walking,True,-3.9,0,0
1789903988701,222,360885,1,3552,-3.109962,1,0.75,Walking,True,-3.9,0,0
1789903988701,222,360885,1,3552,-3.109962,1,0.75,Walking,True,-3.9,0,0
1789903988701,222,360885,1,3552,-3.109962,1,0.75,Walking,True,-3.9,0,0
1789903988701,222,360885,1,3552,-3.109962,1,0.75,Walking,True,-3.9,0,0
1789903988718,223,362341,1,3568,-3.172362,1,0.75,Walking,True,-3.9,0,0
1789903988718,223,362341,1,3568,-3.172362,1,0.75,Walking,True,-3.9,0,0
1789903988718,223,362341,1,3568,-3.172362,1,0.75,Walking,True,-3.9,0,0
1789903988718,223,362341,1,3568,-3.172362,1,0.75,Walking,True,-3.9,0,0
1789903988718,223,362341,1,3568,-3.172362,1,0.75,Walking,True,-3.9,0,0
1789903988718,223,362341,1,3568,-3.172362,1,0.75,Walking,True,-3.9,0,0
1789903988718,223,362341,1,3568,-3.172362,1,0.75,Walking,True,-3.9,0,0
1789903988718,223,362341,1,3568,-3.172362,1,0.75,Walking,True,-3.9,0,0
1789903988733,224,363929,1,3584,-3.234762,1,0.75,Walking,True,-3.9,0,0
1789903988733,224,363929,1,3584,-3.234762,1,0.75,Walking,True,-3.9,0,0
1789903988733,224,363929,1,3584,-3.234762,1,0.75,Walking,True,-3.9,0,0
1789903988733,224,363929,1,3584,-3.234762,1,0.75,Walking,True,-3.9,0,0
1789903988733,224,363929,1,3584,-3.234762,1,0.75,Walking,True,-3.9,0,0
1789903988733,224,363929,1,3584,-3.234762,1,0.75,Walking,True,-3.9,0,0
1789903988733,224,363929,1,3584,-3.234762,1,0.75,Walking,True,-3.9,0,0
1789903988733,224,363929,1,3584,-3.234762,1,0.75,Walking,True,-3.9,0,0
1789903988749,225,365448,1,3600,-3.297162,1,0.75,Walking,True,-3.9,0,0
1789903988749,225,365448,1,3600,-3.297162,1,0.75,Walking,True,-3.9,0,0
1789903988749,225,365448,1,3600,-3.297162,1,0.75,Walking,True,-3.9,0,0
1789903988749,225,365448,1,3600,-3.297162,1,0.75,Walking,True,-3.9,0,0
1789903988749,225,365448,1,3600,-3.297162,1,0.75,Walking,True,-3.9,0,0
1789903988749,225,365448,1,3600,-3.297162,1,0.75,Walking,True,-3.9,0,0
1789903988749,225,365448,1,3600,-3.297162,1,0.75,Walking,True,-3.9,0,0
1789903988749,225,365448,1,3600,-3.297162,1,0.75,Walking,True,-3.9,0,0
1789903988765,226,366925,1,3616,-3.359562,1,0.75,Walking,True,-3.9,0,0
1789903988765,226,366925,1,3616,-3.359562,1,0.75,Walking,True,-3.9,0,0
1789903988765,226,366925,1,3616,-3.359562,1,0.75,Walking,True,-3.9,0,0
1789903988765,226,366925,1,3616,-3.359562,1,0.75,Walking,True,-3.9,0,0
1789903988765,226,366925,1,3616,-3.359562,1,0.75,Walking,True,-3.9,0,0
1789903988765,226,366925,1,3616,-3.359562,1,0.75,Walking,True,-3.9,0,0
1789903988765,226,366925,1,3616,-3.359562,1,0.75,Walking,True,-3.9,0,0
1789903988765,226,366925,1,3616,-3.359562,1,0.75,Walking,True,-3.9,0,0
1789903988780,227,368343,1,3632,-3.421962,1,0.75,Walking,True,-3.9,0,0
1789903988780,227,368343,1,3632,-3.421962,1,0.75,Walking,True,-3.9,0,0
1789903988780,227,368343,1,3632,-3.421962,1,0.75,Walking,True,-3.9,0,0
1789903988780,227,368343,1,3632,-3.421962,1,0.75,Walking,True,-3.9,0,0
1789903988780,227,368343,1,3632,-3.421962,1,0.75,Walking,True,-3.9,0,0
1789903988780,227,368343,1,3632,-3.421962,1,0.75,Walking,True,-3.9,0,0
1789903988780,227,368343,1,3632,-3.421962,1,0.75,Walking,True,-3.9,0,0
1789903988780,227,368343,1,3632,-3.421962,1,0.75,Walking,True,-3.9,0,0
1789903988796,228,369850,1,3648,-3.484362,1,0.75,Walking,True,-3.9,0,0
1789903988796,228,369850,1,3648,-3.484362,1,0.75,Walking,True,-3.9,0,0
1789903988796,228,369850,1,3648,-3.484362,1,0.75,Walking,True,-3.9,0,0
1789903988796,228,369850,1,3648,-3.484362,1,0.75,Walking,True,-3.9,0,0
1789903988796,228,369850,1,3648,-3.484362,1,0.75,Walking,True,-3.9,0,0
1789903988797,228,369850,1,3648,-3.484362,1,0.75,Walking,True,-3.9,0,0
1789903988797,228,369850,1,3648,-3.484362,1,0.75,Walking,True,-3.9,0,0
1789903988797,228,369850,1,3648,-3.484362,1,0.75,Walking,True,-3.9,0,0
1789903988812,229,371452,1,3664,-3.546762,1,0.75,Walking,True,-3.9,0,0
1789903988812,229,371452,1,3664,-3.546762,1,0.75,Walking,True,-3.9,0,0
1789903988812,229,371452,1,3664,-3.546762,1,0.75,Walking,True,-3.9,0,0
1789903988812,229,371452,1,3664,-3.546762,1,0.75,Walking,True,-3.9,0,0
1789903988812,229,371452,1,3664,-3.546762,1,0.75,Walking,True,-3.9,0,0
1789903988812,229,371452,1,3664,-3.546762,1,0.75,Walking,True,-3.9,0,0
1789903988812,229,371452,1,3664,-3.546762,1,0.75,Walking,True,-3.9,0,0
1789903988812,229,371452,1,3664,-3.546762,1,0.75,Walking,True,-3.9,0,0
1789903988828,230,372994,1,3680,-3.609163,1,0.75,Walking,True,-3.9,0,0
1789903988828,230,372994,1,3680,-3.609163,1,0.75,Walking,True,-3.9,0,0
1789903988828,230,372994,1,3680,-3.609163,1,0.75,Walking,True,-3.9,0,0
1789903988828,230,372994,1,3680,-3.609163,1,0.75,Walking,True,-3.9,0,0
1789903988828,230,372994,1,3680,-3.609163,1,0.75,Walking,True,-3.9,0,0
1789903988828,230,372994,1,3680,-3.609163,1,0.75,Walking,True,-3.9,0,0
1789903988828,230,372994,1,3680,-3.609163,1,0.75,Walking,True,-3.9,0,0
1789903988828,230,372994,1,3680,-3.609163,1,0.75,Walking,True,-3.9,0,0
1789903988843,231,374400,1,3696,-3.671563,1,0.75,Walking,True,-3.9,0,0
1789903988843,231,374400,1,3696,-3.671563,1,0.75,Walking,True,-3.9,0,0
1789903988843,231,374400,1,3696,-3.671563,1,0.75,Walking,True,-3.9,0,0
1789903988843,231,374400,1,3696,-3.671563,1,0.75,Walking,True,-3.9,0,0
1789903988843,231,374400,1,3696,-3.671563,1,0.75,Walking,True,-3.9,0,0
1789903988843,231,374400,1,3696,-3.671563,1,0.75,Walking,True,-3.9,0,0
1789903988843,231,374400,1,3696,-3.671563,1,0.75,Walking,True,-3.9,0,0
1789903988843,231,374400,1,3696,-3.671563,1,0.75,Walking,True,-3.9,0,0
1789903988874,232,375945,1,3712,-3.728843,1,0.75,Walking,True,-3.58,0,0
1789903988874,232,375945,1,3712,-3.728843,1,0.75,Walking,True,-3.58,0,0
1789903988874,232,375945,1,3712,-3.728843,1,0.75,Walking,True,-3.58,0,0
1789903988874,232,375945,1,3712,-3.728843,1,0.75,Walking,True,-3.58,0,0
1789903988874,232,375945,1,3712,-3.728843,1,0.75,Walking,True,-3.58,0,0
1789903988874,232,375945,1,3712,-3.728843,1,0.75,Walking,True,-3.58,0,0
1789903988874,232,375945,1,3712,-3.728843,1,0.75,Walking,True,-3.58,0,0
1789903988874,232,375945,1,3712,-3.728843,1,0.75,Walking,True,-3.58,0,0
1789903988890,233,378859,1,3728,-3.781003,1,0.75,Walking,True,-3.26,0,0
1789903988890,233,378859,1,3728,-3.781003,1,0.75,Walking,True,-3.26,0,0
1789903988890,233,378859,1,3728,-3.781003,1,0.75,Walking,True,-3.26,0,0
1789903988890,233,378859,1,3728,-3.781003,1,0.75,Walking,True,-3.26,0,0
1789903988890,233,378859,1,3728,-3.781003,1,0.75,Walking,True,-3.26,0,0
1789903988890,233,378859,1,3728,-3.781003,1,0.75,Walking,True,-3.26,0,0
1789903988890,233,378859,1,3728,-3.781003,1,0.75,Walking,True,-3.26,0,0
1789903988890,233,378859,1,3728,-3.781003,1,0.75,Walking,True,-3.26,0,0
1789903988905,234,380351,1,3744,-3.828043,1,0.75,Walking,True,-2.94,0,0
1789903988905,234,380351,1,3744,-3.828043,1,0.75,Walking,True,-2.94,0,0
1789903988905,234,380351,1,3744,-3.828043,1,0.75,Walking,True,-2.94,0,0
1789903988905,234,380351,1,3744,-3.828043,1,0.75,Walking,True,-2.94,0,0
1789903988905,234,380351,1,3744,-3.828043,1,0.75,Walking,True,-2.94,0,0
1789903988905,234,380351,1,3744,-3.828043,1,0.75,Walking,True,-2.94,0,0
1789903988905,234,380351,1,3744,-3.828043,1,0.75,Walking,True,-2.94,0,0
1789903988905,234,380351,1,3744,-3.828043,1,0.75,Walking,True,-2.94,0,0
1789903988921,235,381833,1,3760,-3.869963,1,0.75,Walking,True,-2.62,0,0
1789903988921,235,381833,1,3760,-3.869963,1,0.75,Walking,True,-2.62,0,0
1789903988921,235,381833,1,3760,-3.869963,1,0.75,Walking,True,-2.62,0,0
1789903988921,235,381833,1,3760,-3.869963,1,0.75,Walking,True,-2.62,0,0
1789903988921,235,381833,1,3760,-3.869963,1,0.75,Walking,True,-2.62,0,0
1789903988921,235,381833,1,3760,-3.869963,1,0.75,Walking,True,-2.62,0,0
1789903988921,235,381833,1,3760,-3.869963,1,0.75,Walking,True,-2.62,0,0
1789903988921,235,381833,1,3760,-3.869963,1,0.75,Walking,True,-2.62,0,0
1789903988937,236,383382,1,3776,-3.906763,1,0.75,Walking,True,-2.3,0,0
1789903988937,236,383382,1,3776,-3.906763,1,0.75,Walking,True,-2.3,0,0
1789903988937,236,383382,1,3776,-3.906763,1,0.75,Walking,True,-2.3,0,0
1789903988937,236,383382,1,3776,-3.906763,1,0.75,Walking,True,-2.3,0,0
1789903988937,236,383382,1,3776,-3.906763,1,0.75,Walking,True,-2.3,0,0
1789903988937,236,383382,1,3776,-3.906763,1,0.75,Walking,True,-2.3,0,0
1789903988937,236,383382,1,3776,-3.906763,1,0.75,Walking,True,-2.3,0,0
1789903988937,236,383382,1,3776,-3.906763,1,0.75,Walking,True,-2.3,0,0
1789903988953,237,384949,1,3792,-3.938443,1,0.75,Walking,True,-1.98,0,0
1789903988953,237,384949,1,3792,-3.938443,1,0.75,Walking,True,-1.98,0,0
1789903988953,237,384949,1,3792,-3.938443,1,0.75,Walking,True,-1.98,0,0
1789903988953,237,384949,1,3792,-3.938443,1,0.75,Walking,True,-1.98,0,0
1789903988953,237,384949,1,3792,-3.938443,1,0.75,Walking,True,-1.98,0,0
1789903988953,237,384949,1,3792,-3.938443,1,0.75,Walking,True,-1.98,0,0
1789903988953,237,384949,1,3792,-3.938443,1,0.75,Walking,True,-1.98,0,0
1789903988953,237,384949,1,3792,-3.938443,1,0.75,Walking,True,-1.98,0,0
1789903988968,238,386460,1,3808,-3.965003,1,0.75,Walking,True,-1.66,0,0
1789903988968,238,386460,1,3808,-3.965003,1,0.75,Walking,True,-1.66,0,0
1789903988968,238,386460,1,3808,-3.965003,1,0.75,Walking,True,-1.66,0,0
1789903988968,238,386460,1,3808,-3.965003,1,0.75,Walking,True,-1.66,0,0
1789903988968,238,386460,1,3808,-3.965003,1,0.75,Walking,True,-1.66,0,0
1789903988968,238,386460,1,3808,-3.965003,1,0.75,Walking,True,-1.66,0,0
1789903988968,238,386460,1,3808,-3.965003,1,0.75,Walking,True,-1.66,0,0
1789903988968,238,386460,1,3808,-3.965003,1,0.75,Walking,True,-1.66,0,0
1789903988984,239,387975,1,3824,-3.986443,1,0.75,Walking,True,-1.34,0,0
1789903988984,239,387975,1,3824,-3.986443,1,0.75,Walking,True,-1.34,0,0
1789903988984,239,387975,1,3824,-3.986443,1,0.75,Walking,True,-1.34,0,0
1789903988984,239,387975,1,3824,-3.986443,1,0.75,Walking,True,-1.34,0,0
1789903988984,239,387975,1,3824,-3.986443,1,0.75,Walking,True,-1.34,0,0
1789903988984,239,387975,1,3824,-3.986443,1,0.75,Walking,True,-1.34,0,0
1789903988984,239,387975,1,3824,-3.986443,1,0.75,Walking,True,-1.34,0,0
1789903988984,239,387975,1,3824,-3.986443,1,0.75,Walking,True,-1.34,0,0
1789903988999,240,389468,1,3840,-4.002763,1,0.75,Walking,True,-1.02,0,0
1789903988999,240,389468,1,3840,-4.002763,1,0.75,Walking,True,-1.02,0,0
1789903988999,240,389468,1,3840,-4.002763,1,0.75,Walking,True,-1.02,0,0
1789903988999,240,389468,1,3840,-4.002763,1,0.75,Walking,True,-1.02,0,0
1789903988999,240,389468,1,3840,-4.002763,1,0.75,Walking,True,-1.02,0,0
1789903988999,240,389468,1,3840,-4.002763,1,0.75,Walking,True,-1.02,0,0
1789903988999,240,389468,1,3840,-4.002763,1,0.75,Walking,True,-1.02,0,0
1789903988999,240,389468,1,3840,-4.002763,1,0.75,Walking,True,-1.02,0,0
1789903989014,241,390909,1,3856,-4.013963,1,0.75,Walking,True,-0.7,0,0
1789903989014,241,390909,1,3856,-4.013963,1,0.75,Walking,True,-0.7,0,0
1789903989014,241,390909,1,3856,-4.013963,1,0.75,Walking,True,-0.7,0,0
1789903989014,241,390909,1,3856,-4.013963,1,0.75,Walking,True,-0.7,0,0
1789903989014,241,390909,1,3856,-4.013963,1,0.75,Walking,True,-0.7,0,0
1789903989014,241,390909,1,3856,-4.013963,1,0.75,Walking,True,-0.7,0,0
1789903989014,241,390909,1,3856,-4.013963,1,0.75,Walking,True,-0.7,0,0
1789903989014,241,390909,1,3856,-4.013963,1,0.75,Walking,True,-0.7,0,0
1789903989030,242,392434,1,3872,-4.020043,1,0.75,Walking,True,-0.38,0,0
1789903989030,242,392434,1,3872,-4.020043,1,0.75,Walking,True,-0.38,0,0
1789903989030,242,392434,1,3872,-4.020043,1,0.75,Walking,True,-0.38,0,0
1789903989030,242,392434,1,3872,-4.020043,1,0.75,Walking,True,-0.38,0,0
1789903989030,242,392434,1,3872,-4.020043,1,0.75,Walking,True,-0.38,0,0
1789903989030,242,392434,1,3872,-4.020043,1,0.75,Walking,True,-0.38,0,0
1789903989030,242,392434,1,3872,-4.020043,1,0.75,Walking,True,-0.38,0,0
1789903989030,242,392434,1,3872,-4.020043,1,0.75,Walking,True,-0.38,0,0
1789903989046,243,393981,1,3888,-4.020043,1,0.75,Walking,True,-0.06,0,0
1789903989046,243,393981,1,3888,-4.020043,1,0.75,Walking,True,-0.06,0,0
1789903989046,243,393981,1,3888,-4.020043,1,0.75,Walking,True,-0.06,0,0
1789903989046,243,393981,1,3888,-4.020043,1,0.75,Walking,True,-0.06,0,0
1789903989046,243,393981,1,3888,-4.020043,1,0.75,Walking,True,-0.06,0,0
1789903989046,243,393981,1,3888,-4.020043,1,0.75,Walking,True,-0.06,0,0
1789903989046,243,393981,1,3888,-4.020043,1,0.75,Walking,True,-0.06,0,0
1789903989046,243,393981,1,3888,-4.020043,1,0.75,Walking,True,-0.06,0,0
1789903989061,244,395555,1,3904,-4.020043,1,0.75,Walking,True,0,0,0
1789903989061,244,395555,1,3904,-4.020043,1,0.75,Walking,True,0,0,0
1789903989061,244,395555,1,3904,-4.020043,1,0.75,Walking,True,0,0,0
1789903989061,244,395555,1,3904,-4.020043,1,0.75,Walking,True,0,0,0
1789903989061,244,395555,1,3904,-4.020043,1,0.75,Walking,True,0,0,0
1789903989061,244,395555,1,3904,-4.020043,1,0.75,Walking,True,0,0,0
1789903989061,244,395555,1,3904,-4.020043,1,0.75,Walking,True,0,0,0
1789903989061,244,395555,1,3904,-4.020043,1,0.75,Walking,True,0,0,0
1789903989077,245,397027,1,3920,-4.020043,1,0.75,Walking,True,0,0,0
1789903989077,245,397027,1,3920,-4.020043,1,0.75,Walking,True,0,0,0
1789903989077,245,397027,1,3920,-4.020043,1,0.75,Walking,True,0,0,0
1789903989077,245,397027,1,3920,-4.020043,1,0.75,Walking,True,0,0,0
1789903989077,245,397027,1,3920,-4.020043,1,0.75,Walking,True,0,0,0
1789903989077,245,397027,1,3920,-4.020043,1,0.75,Walking,True,0,0,0
1789903989077,245,397027,1,3920,-4.020043,1,0.75,Walking,True,0,0,0
1789903989077,245,397027,1,3920,-4.020043,1,0.75,Walking,True,0,0,0
1789903989092,246,398578,1,3936,-4.020043,1,0.75,Walking,True,0,0,0
1789903989092,246,398578,1,3936,-4.020043,1,0.75,Walking,True,0,0,0
1789903989092,246,398578,1,3936,-4.020043,1,0.75,Walking,True,0,0,0
1789903989092,246,398578,1,3936,-4.020043,1,0.75,Walking,True,0,0,0
1789903989092,246,398578,1,3936,-4.020043,1,0.75,Walking,True,0,0,0
1789903989092,246,398578,1,3936,-4.020043,1,0.75,Walking,True,0,0,0
1789903989092,246,398578,1,3936,-4.020043,1,0.75,Walking,True,0,0,0
1789903989092,246,398578,1,3936,-4.020043,1,0.75,Walking,True,0,0,0
1789903989108,247,400058,1,3952,-4.020043,1,0.75,Walking,True,0,0,0
1789903989108,247,400058,1,3952,-4.020043,1,0.75,Walking,True,0,0,0
1789903989108,247,400058,1,3952,-4.020043,1,0.75,Walking,True,0,0,0
1789903989108,247,400058,1,3952,-4.020043,1,0.75,Walking,True,0,0,0
1789903989108,247,400058,1,3952,-4.020043,1,0.75,Walking,True,0,0,0
1789903989108,247,400058,1,3952,-4.020043,1,0.75,Walking,True,0,0,0
1789903989108,247,400058,1,3952,-4.020043,1,0.75,Walking,True,0,0,0
1789903989108,247,400058,1,3952,-4.020043,1,0.75,Walking,True,0,0,0
1789903989123,248,401569,1,3968,-4.020043,1,0.75,Walking,True,0,0,0
1789903989123,248,401569,1,3968,-4.020043,1,0.75,Walking,True,0,0,0
1789903989123,248,401569,1,3968,-4.020043,1,0.75,Walking,True,0,0,0
1789903989123,248,401569,1,3968,-4.020043,1,0.75,Walking,True,0,0,0
1789903989123,248,401569,1,3968,-4.020043,1,0.75,Walking,True,0,0,0
1789903989123,248,401569,1,3968,-4.020043,1,0.75,Walking,True,0,0,0
1789903989123,248,401569,1,3968,-4.020043,1,0.75,Walking,True,0,0,0
1789903989123,248,401569,1,3968,-4.020043,1,0.75,Walking,True,0,0,0
1789903989138,249,403053,1,3984,-4.020043,1,0.75,Walking,True,0,0,0
1789903989139,249,403053,1,3984,-4.020043,1,0.75,Walking,True,0,0,0
1789903989139,249,403053,1,3984,-4.020043,1,0.75,Walking,True,0,0,0
1789903989139,249,403053,1,3984,-4.020043,1,0.75,Walking,True,0,0,0
1789903989139,249,403053,1,3984,-4.020043,1,0.75,Walking,True,0,0,0
1789903989139,249,403053,1,3984,-4.020043,1,0.75,Walking,True,0,0,0
1789903989139,249,403053,1,3984,-4.020043,1,0.75,Walking,True,0,0,0
1789903989139,249,403053,1,3984,-4.020043,1,0.75,Walking,True,0,0,0
1789903989155,250,404446,1,4000,-4.020043,1,0.75,Walking,True,0,0,0
1789903989155,250,404446,1,4000,-4.020043,1,0.75,Walking,True,0,0,0
1789903989155,250,404446,1,4000,-4.020043,1,0.75,Walking,True,0,0,0
1789903989155,250,404446,1,4000,-4.020043,1,0.75,Walking,True,0,0,0
1789903989155,250,404446,1,4000,-4.020043,1,0.75,Walking,True,0,0,0
1789903989155,250,404446,1,4000,-4.020043,1,0.75,Walking,True,0,0,0
1789903989155,250,404446,1,4000,-4.020043,1,0.75,Walking,True,0,0,0
1789903989155,250,404446,1,4000,-4.020043,1,0.75,Walking,True,0,0,0
1789903989170,251,406053,1,4016,-4.020043,1,0.75,Walking,True,0,0,0
1789903989170,251,406053,1,4016,-4.020043,1,0.75,Walking,True,0,0,0
1789903989170,251,406053,1,4016,-4.020043,1,0.75,Walking,True,0,0,0
1789903989170,251,406053,1,4016,-4.020043,1,0.75,Walking,True,0,0,0
1789903989170,251,406053,1,4016,-4.020043,1,0.75,Walking,True,0,0,0
1789903989170,251,406053,1,4016,-4.020043,1,0.75,Walking,True,0,0,0
1789903989170,251,406053,1,4016,-4.020043,1,0.75,Walking,True,0,0,0
1789903989170,251,406053,1,4016,-4.020043,1,0.75,Walking,True,0,0,0
1789903989185,252,407546,1,4032,-4.020043,1,0.75,Walking,True,0,0,0
1789903989185,252,407546,1,4032,-4.020043,1,0.75,Walking,True,0,0,0
1789903989185,252,407546,1,4032,-4.020043,1,0.75,Walking,True,0,0,0
1789903989185,252,407546,1,4032,-4.020043,1,0.75,Walking,True,0,0,0
1789903989185,252,407546,1,4032,-4.020043,1,0.75,Walking,True,0,0,0
1789903989185,252,407546,1,4032,-4.020043,1,0.75,Walking,True,0,0,0
1789903989185,252,407546,1,4032,-4.020043,1,0.75,Walking,True,0,0,0
1789903989185,252,407546,1,4032,-4.020043,1,0.75,Walking,True,0,0,0
1789903989201,253,409103,1,4048,-4.020043,1,0.75,Walking,True,0,0,0
1789903989201,253,409103,1,4048,-4.020043,1,0.75,Walking,True,0,0,0
1789903989201,253,409103,1,4048,-4.020043,1,0.75,Walking,True,0,0,0
1789903989201,253,409103,1,4048,-4.020043,1,0.75,Walking,True,0,0,0
1789903989201,253,409103,1,4048,-4.020043,1,0.75,Walking,True,0,0,0
1789903989201,253,409103,1,4048,-4.020043,1,0.75,Walking,True,0,0,0
1789903989201,253,409103,1,4048,-4.020043,1,0.75,Walking,True,0,0,0
1789903989201,253,409103,1,4048,-4.020043,1,0.75,Walking,True,0,0,0
1789903989217,254,410570,1,4064,-4.020043,1,0.75,Walking,True,0,0,0
1789903989217,254,410570,1,4064,-4.020043,1,0.75,Walking,True,0,0,0
1789903989217,254,410570,1,4064,-4.020043,1,0.75,Walking,True,0,0,0
1789903989217,254,410570,1,4064,-4.020043,1,0.75,Walking,True,0,0,0
1789903989217,254,410570,1,4064,-4.020043,1,0.75,Walking,True,0,0,0
1789903989217,254,410570,1,4064,-4.020043,1,0.75,Walking,True,0,0,0
1789903989217,254,410570,1,4064,-4.020043,1,0.75,Walking,True,0,0,0
1789903989217,254,410570,1,4064,-4.020043,1,0.75,Walking,True,0,0,0
1789903989233,255,412165,1,4080,-4.020043,1,0.75,Walking,True,0,0,0
1789903989233,255,412165,1,4080,-4.020043,1,0.75,Walking,True,0,0,0
1789903989233,255,412165,1,4080,-4.020043,1,0.75,Walking,True,0,0,0
1789903989233,255,412165,1,4080,-4.020043,1,0.75,Walking,True,0,0,0
1789903989233,255,412165,1,4080,-4.020043,1,0.75,Walking,True,0,0,0
1789903989233,255,412165,1,4080,-4.020043,1,0.75,Walking,True,0,0,0
1789903989233,255,412165,1,4080,-4.020043,1,0.75,Walking,True,0,0,0
1789903989233,255,412165,1,4080,-4.020043,1,0.75,Walking,True,0,0,0
1789903989248,256,413813,1,4096,-4.020043,1,0.75,Walking,True,0,0,0
1789903989248,256,413813,1,4096,-4.020043,1,0.75,Walking,True,0,0,0
1789903989248,256,413813,1,4096,-4.020043,1,0.75,Walking,True,0,0,0
1789903989248,256,413813,1,4096,-4.020043,1,0.75,Walking,True,0,0,0
1789903989248,256,413813,1,4096,-4.020043,1,0.75,Walking,True,0,0,0
1789903989248,256,413813,1,4096,-4.020043,1,0.75,Walking,True,0,0,0
1789903989248,256,413813,1,4096,-4.020043,1,0.75,Walking,True,0,0,0
1789903989248,256,413813,1,4096,-4.020043,1,0.75,Walking,True,0,0,0
1789903989264,257,415362,1,4112,-4.020043,1,0.75,Walking,True,0,0,0
1789903989264,257,415362,1,4112,-4.020043,1,0.75,Walking,True,0,0,0
1789903989264,257,415362,1,4112,-4.020043,1,0.75,Walking,True,0,0,0
1789903989264,257,415362,1,4112,-4.020043,1,0.75,Walking,True,0,0,0
1789903989264,257,415362,1,4112,-4.020043,1,0.75,Walking,True,0,0,0
1789903989264,257,415362,1,4112,-4.020043,1,0.75,Walking,True,0,0,0
1789903989264,257,415362,1,4112,-4.020043,1,0.75,Walking,True,0,0,0
1789903989265,257,415362,1,4112,-4.020043,1,0.75,Walking,True,0,0,0
1789903989280,258,417054,1,4128,-4.020043,1,0.75,Walking,True,0,0,0
1789903989280,258,417054,1,4128,-4.020043,1,0.75,Walking,True,0,0,0
1789903989280,258,417054,1,4128,-4.020043,1,0.75,Walking,True,0,0,0
1789903989280,258,417054,1,4128,-4.020043,1,0.75,Walking,True,0,0,0
1789903989280,258,417054,1,4128,-4.020043,1,0.75,Walking,True,0,0,0
1789903989280,258,417054,1,4128,-4.020043,1,0.75,Walking,True,0,0,0
1789903989280,258,417054,1,4128,-4.020043,1,0.75,Walking,True,0,0,0
1789903989280,258,417054,1,4128,-4.020043,1,0.75,Walking,True,0,0,0
1789903989296,259,418461,1,4144,-4.020043,1,0.75,Walking,True,0,0,0
1789903989296,259,418461,1,4144,-4.020043,1,0.75,Walking,True,0,0,0
1789903989296,259,418461,1,4144,-4.020043,1,0.75,Walking,True,0,0,0
1789903989296,259,418461,1,4144,-4.020043,1,0.75,Walking,True,0,0,0
1789903989296,259,418461,1,4144,-4.020043,1,0.75,Walking,True,0,0,0
1789903989296,259,418461,1,4144,-4.020043,1,0.75,Walking,True,0,0,0
1789903989296,259,418461,1,4144,-4.020043,1,0.75,Walking,True,0,0,0
1789903989296,259,418461,1,4144,-4.020043,1,0.75,Walking,True,0,0,0
1789903989311,260,420041,1,4160,-4.020043,1,0.75,Walking,True,0,0,0
1789903989311,260,420041,1,4160,-4.020043,1,0.75,Walking,True,0,0,0
1789903989311,260,420041,1,4160,-4.020043,1,0.75,Walking,True,0,0,0
1789903989311,260,420041,1,4160,-4.020043,1,0.75,Walking,True,0,0,0
1789903989311,260,420041,1,4160,-4.020043,1,0.75,Walking,True,0,0,0
1789903989311,260,420041,1,4160,-4.020043,1,0.75,Walking,True,0,0,0
1789903989311,260,420041,1,4160,-4.020043,1,0.75,Walking,True,0,0,0
1789903989311,260,420041,1,4160,-4.020043,1,0.75,Walking,True,0,0,0
1789903989326,261,421515,1,4176,-4.020043,1,0.75,Walking,True,0,0,0
1789903989326,261,421515,1,4176,-4.020043,1,0.75,Walking,True,0,0,0
1789903989326,261,421515,1,4176,-4.020043,1,0.75,Walking,True,0,0,0
1789903989326,261,421515,1,4176,-4.020043,1,0.75,Walking,True,0,0,0
1789903989326,261,421515,1,4176,-4.020043,1,0.75,Walking,True,0,0,0
1789903989326,261,421515,1,4176,-4.020043,1,0.75,Walking,True,0,0,0
1789903989326,261,421515,1,4176,-4.020043,1,0.75,Walking,True,0,0,0
1789903989326,261,421515,1,4176,-4.020043,1,0.75,Walking,True,0,0,0
1789903989342,262,423009,1,4192,-4.020043,1,0.75,Walking,True,0,0,0
1789903989343,262,423009,1,4192,-4.020043,1,0.75,Walking,True,0,0,0
1789903989343,262,423009,1,4192,-4.020043,1,0.75,Walking,True,0,0,0
1789903989343,262,423009,1,4192,-4.020043,1,0.75,Walking,True,0,0,0
1789903989343,262,423009,1,4192,-4.020043,1,0.75,Walking,True,0,0,0
1789903989343,262,423009,1,4192,-4.020043,1,0.75,Walking,True,0,0,0
1789903989343,262,423009,1,4192,-4.020043,1,0.75,Walking,True,0,0,0
1789903989343,262,423009,1,4192,-4.020043,1,0.75,Walking,True,0,0,0
1789903989358,263,424669,1,4208,-4.020043,1,0.75,Walking,True,0,0,0
1789903989358,263,424669,1,4208,-4.020043,1,0.75,Walking,True,0,0,0
1789903989358,263,424669,1,4208,-4.020043,1,0.75,Walking,True,0,0,0
1789903989358,263,424669,1,4208,-4.020043,1,0.75,Walking,True,0,0,0
1789903989358,263,424669,1,4208,-4.020043,1,0.75,Walking,True,0,0,0
1789903989358,263,424669,1,4208,-4.020043,1,0.75,Walking,True,0,0,0
1789903989358,263,424669,1,4208,-4.020043,1,0.75,Walking,True,0,0,0
1789903989358,263,424669,1,4208,-4.020043,1,0.75,Walking,True,0,0,0
1789903989593,264,455778,1,4224,-4.020043,1.061489,0.75,Falling,False,0,3.84304,0
1789903989593,264,455778,1,4224,-4.020043,1.061489,0.75,Falling,False,0,3.84304,0
1789903989593,264,455778,1,4224,-4.020043,1.061489,0.75,Falling,False,0,3.84304,0
1789903989593,264,455778,1,4224,-4.020043,1.061489,0.75,Falling,False,0,3.84304,0
1789903989593,264,455778,1,4224,-4.020043,1.061489,0.75,Falling,False,0,3.84304,0
1789903989593,264,455778,1,4224,-4.020043,1.061489,0.75,Falling,False,0,3.84304,0
1789903989593,264,455778,1,4224,-4.020043,1.061489,0.75,Falling,False,0,3.84304,0
1789903989593,264,455778,1,4224,-4.020043,1.061489,0.75,Falling,False,0,3.84304,0
1789903989596,265,458690,1,4240,-4.020043,1.120466,0.75,Falling,False,0,3.68608,0
1789903989596,265,458690,1,4240,-4.020043,1.120466,0.75,Falling,False,0,3.68608,0
1789903989596,265,458690,1,4240,-4.020043,1.120466,0.75,Falling,False,0,3.68608,0
1789903989596,265,458690,1,4240,-4.020043,1.120466,0.75,Falling,False,0,3.68608,0
1789903989596,265,458690,1,4240,-4.020043,1.120466,0.75,Falling,False,0,3.68608,0
1789903989596,265,458690,1,4240,-4.020043,1.120466,0.75,Falling,False,0,3.68608,0
1789903989596,265,458690,1,4240,-4.020043,1.120466,0.75,Falling,False,0,3.68608,0
1789903989596,265,458690,1,4240,-4.020043,1.120466,0.75,Falling,False,0,3.68608,0
1789903989623,266,458916,1,4256,-4.020043,1.176932,0.75,Falling,False,0,3.52912,0
1789903989623,266,458916,1,4256,-4.020043,1.176932,0.75,Falling,False,0,3.52912,0
1789903989623,266,458916,1,4256,-4.020043,1.176932,0.75,Falling,False,0,3.52912,0
1789903989623,266,458916,1,4256,-4.020043,1.176932,0.75,Falling,False,0,3.52912,0
1789903989623,266,458916,1,4256,-4.020043,1.176932,0.75,Falling,False,0,3.52912,0
1789903989623,266,458916,1,4256,-4.020043,1.176932,0.75,Falling,False,0,3.52912,0
1789903989623,266,458916,1,4256,-4.020043,1.176932,0.75,Falling,False,0,3.52912,0
1789903989623,266,458916,1,4256,-4.020043,1.176932,0.75,Falling,False,0,3.52912,0
1789903989639,267,461512,1,4272,-4.020043,1.230886,0.75,Falling,False,0,3.37216,0
1789903989639,267,461512,1,4272,-4.020043,1.230886,0.75,Falling,False,0,3.37216,0
1789903989639,267,461512,1,4272,-4.020043,1.230886,0.75,Falling,False,0,3.37216,0
1789903989639,267,461512,1,4272,-4.020043,1.230886,0.75,Falling,False,0,3.37216,0
1789903989639,267,461512,1,4272,-4.020043,1.230886,0.75,Falling,False,0,3.37216,0
1789903989639,267,461512,1,4272,-4.020043,1.230886,0.75,Falling,False,0,3.37216,0
1789903989639,267,461512,1,4272,-4.020043,1.230886,0.75,Falling,False,0,3.37216,0
1789903989639,267,461512,1,4272,-4.020043,1.230886,0.75,Falling,False,0,3.37216,0
1789903989655,268,463083,1,4288,-4.020043,1.28233,0.75,Falling,False,0,3.2152,0
1789903989655,268,463083,1,4288,-4.020043,1.28233,0.75,Falling,False,0,3.2152,0
1789903989655,268,463083,1,4288,-4.020043,1.28233,0.75,Falling,False,0,3.2152,0
1789903989655,268,463083,1,4288,-4.020043,1.28233,0.75,Falling,False,0,3.2152,0
1789903989655,268,463083,1,4288,-4.020043,1.28233,0.75,Falling,False,0,3.2152,0
1789903989655,268,463083,1,4288,-4.020043,1.28233,0.75,Falling,False,0,3.2152,0
1789903989655,268,463083,1,4288,-4.020043,1.28233,0.75,Falling,False,0,3.2152,0
1789903989655,268,463083,1,4288,-4.020043,1.28233,0.75,Falling,False,0,3.2152,0
1789903989670,269,464495,1,4304,-4.020043,1.331262,0.75,Falling,False,0,3.05824,0
1789903989670,269,464495,1,4304,-4.020043,1.331262,0.75,Falling,False,0,3.05824,0
1789903989670,269,464495,1,4304,-4.020043,1.331262,0.75,Falling,False,0,3.05824,0
1789903989670,269,464495,1,4304,-4.020043,1.331262,0.75,Falling,False,0,3.05824,0
1789903989670,269,464495,1,4304,-4.020043,1.331262,0.75,Falling,False,0,3.05824,0
1789903989670,269,464495,1,4304,-4.020043,1.331262,0.75,Falling,False,0,3.05824,0
1789903989670,269,464495,1,4304,-4.020043,1.331262,0.75,Falling,False,0,3.05824,0
1789903989670,269,464495,1,4304,-4.020043,1.331262,0.75,Falling,False,0,3.05824,0
1789903989686,270,465915,1,4320,-4.020043,1.377682,0.75,Falling,False,0,2.90128,0
1789903989686,270,465915,1,4320,-4.020043,1.377682,0.75,Falling,False,0,2.90128,0
1789903989686,270,465915,1,4320,-4.020043,1.377682,0.75,Falling,False,0,2.90128,0
1789903989686,270,465915,1,4320,-4.020043,1.377682,0.75,Falling,False,0,2.90128,0
1789903989686,270,465915,1,4320,-4.020043,1.377682,0.75,Falling,False,0,2.90128,0
1789903989686,270,465915,1,4320,-4.020043,1.377682,0.75,Falling,False,0,2.90128,0
1789903989686,270,465915,1,4320,-4.020043,1.377682,0.75,Falling,False,0,2.90128,0
1789903989686,270,465915,1,4320,-4.020043,1.377682,0.75,Falling,False,0,2.90128,0
1789903989701,271,467357,1,4336,-4.020043,1.421591,0.75,Falling,False,0,2.74432,0
1789903989701,271,467357,1,4336,-4.020043,1.421591,0.75,Falling,False,0,2.74432,0
1789903989701,271,467357,1,4336,-4.020043,1.421591,0.75,Falling,False,0,2.74432,0
1789903989701,271,467357,1,4336,-4.020043,1.421591,0.75,Falling,False,0,2.74432,0
1789903989701,271,467357,1,4336,-4.020043,1.421591,0.75,Falling,False,0,2.74432,0
1789903989701,271,467357,1,4336,-4.020043,1.421591,0.75,Falling,False,0,2.74432,0
1789903989701,271,467357,1,4336,-4.020043,1.421591,0.75,Falling,False,0,2.74432,0
1789903989701,271,467357,1,4336,-4.020043,1.421591,0.75,Falling,False,0,2.74432,0
1789903989718,272,468763,1,4352,-4.020043,1.462989,0.75,Falling,False,0,2.58736,0
1789903989718,272,468763,1,4352,-4.020043,1.462989,0.75,Falling,False,0,2.58736,0
1789903989718,272,468763,1,4352,-4.020043,1.462989,0.75,Falling,False,0,2.58736,0
1789903989718,272,468763,1,4352,-4.020043,1.462989,0.75,Falling,False,0,2.58736,0
1789903989718,272,468763,1,4352,-4.020043,1.462989,0.75,Falling,False,0,2.58736,0
1789903989718,272,468763,1,4352,-4.020043,1.462989,0.75,Falling,False,0,2.58736,0
1789903989718,272,468763,1,4352,-4.020043,1.462989,0.75,Falling,False,0,2.58736,0
1789903989718,272,468763,1,4352,-4.020043,1.462989,0.75,Falling,False,0,2.58736,0
1789903989733,273,470286,1,4368,-4.020043,1.501875,0.75,Falling,False,0,2.4304,0
1789903989733,273,470286,1,4368,-4.020043,1.501875,0.75,Falling,False,0,2.4304,0
1789903989733,273,470286,1,4368,-4.020043,1.501875,0.75,Falling,False,0,2.4304,0
1789903989733,273,470286,1,4368,-4.020043,1.501875,0.75,Falling,False,0,2.4304,0
1789903989733,273,470286,1,4368,-4.020043,1.501875,0.75,Falling,False,0,2.4304,0
1789903989733,273,470286,1,4368,-4.020043,1.501875,0.75,Falling,False,0,2.4304,0
1789903989733,273,470286,1,4368,-4.020043,1.501875,0.75,Falling,False,0,2.4304,0
1789903989733,273,470286,1,4368,-4.020043,1.501875,0.75,Falling,False,0,2.4304,0
1789903989749,274,471668,1,4384,-4.020043,1.53825,0.75,Falling,False,0,2.27344,0
1789903989749,274,471668,1,4384,-4.020043,1.53825,0.75,Falling,False,0,2.27344,0
1789903989749,274,471668,1,4384,-4.020043,1.53825,0.75,Falling,False,0,2.27344,0
1789903989749,274,471668,1,4384,-4.020043,1.53825,0.75,Falling,False,0,2.27344,0
1789903989749,274,471668,1,4384,-4.020043,1.53825,0.75,Falling,False,0,2.27344,0
1789903989749,274,471668,1,4384,-4.020043,1.53825,0.75,Falling,False,0,2.27344,0
1789903989749,274,471668,1,4384,-4.020043,1.53825,0.75,Falling,False,0,2.27344,0
1789903989749,274,471668,1,4384,-4.020043,1.53825,0.75,Falling,False,0,2.27344,0
1789903989765,275,473164,1,4400,-4.020043,1.572114,0.75,Falling,False,0,2.11648,0
1789903989765,275,473164,1,4400,-4.020043,1.572114,0.75,Falling,False,0,2.11648,0
1789903989765,275,473164,1,4400,-4.020043,1.572114,0.75,Falling,False,0,2.11648,0
1789903989765,275,473164,1,4400,-4.020043,1.572114,0.75,Falling,False,0,2.11648,0
1789903989765,275,473164,1,4400,-4.020043,1.572114,0.75,Falling,False,0,2.11648,0
1789903989765,275,473164,1,4400,-4.020043,1.572114,0.75,Falling,False,0,2.11648,0
1789903989765,275,473164,1,4400,-4.020043,1.572114,0.75,Falling,False,0,2.11648,0
1789903989765,275,473164,1,4400,-4.020043,1.572114,0.75,Falling,False,0,2.11648,0
1789903989780,276,474648,1,4416,-4.020043,1.603466,0.75,Falling,False,0,1.95952,0
1789903989780,276,474648,1,4416,-4.020043,1.603466,0.75,Falling,False,0,1.95952,0
1789903989780,276,474648,1,4416,-4.020043,1.603466,0.75,Falling,False,0,1.95952,0
1789903989780,276,474648,1,4416,-4.020043,1.603466,0.75,Falling,False,0,1.95952,0
1789903989780,276,474648,1,4416,-4.020043,1.603466,0.75,Falling,False,0,1.95952,0
1789903989780,276,474648,1,4416,-4.020043,1.603466,0.75,Falling,False,0,1.95952,0
1789903989780,276,474648,1,4416,-4.020043,1.603466,0.75,Falling,False,0,1.95952,0
1789903989780,276,474648,1,4416,-4.020043,1.603466,0.75,Falling,False,0,1.95952,0
1789903989797,277,476102,1,4432,-4.020043,1.632307,0.75,Falling,False,0,1.80256,0
1789903989797,277,476102,1,4432,-4.020043,1.632307,0.75,Falling,False,0,1.80256,0
1789903989797,277,476102,1,4432,-4.020043,1.632307,0.75,Falling,False,0,1.80256,0
1789903989797,277,476102,1,4432,-4.020043,1.632307,0.75,Falling,False,0,1.80256,0
1789903989797,277,476102,1,4432,-4.020043,1.632307,0.75,Falling,False,0,1.80256,0
1789903989797,277,476102,1,4432,-4.020043,1.632307,0.75,Falling,False,0,1.80256,0
1789903989797,277,476102,1,4432,-4.020043,1.632307,0.75,Falling,False,0,1.80256,0
1789903989797,277,476102,1,4432,-4.020043,1.632307,0.75,Falling,False,0,1.80256,0
1789903989812,278,477587,1,4448,-4.020043,1.658637,0.75,Falling,False,0,1.6456,0
1789903989812,278,477587,1,4448,-4.020043,1.658637,0.75,Falling,False,0,1.6456,0
1789903989812,278,477587,1,4448,-4.020043,1.658637,0.75,Falling,False,0,1.6456,0
1789903989812,278,477587,1,4448,-4.020043,1.658637,0.75,Falling,False,0,1.6456,0
1789903989812,278,477587,1,4448,-4.020043,1.658637,0.75,Falling,False,0,1.6456,0
1789903989812,278,477587,1,4448,-4.020043,1.658637,0.75,Falling,False,0,1.6456,0
1789903989812,278,477587,1,4448,-4.020043,1.658637,0.75,Falling,False,0,1.6456,0
1789903989812,278,477587,1,4448,-4.020043,1.658637,0.75,Falling,False,0,1.6456,0
1789903989828,279,479037,1,4464,-4.020043,1.682455,0.75,Falling,False,0,1.48864,0
1789903989828,279,479037,1,4464,-4.020043,1.682455,0.75,Falling,False,0,1.48864,0
1789903989828,279,479037,1,4464,-4.020043,1.682455,0.75,Falling,False,0,1.48864,0
1789903989828,279,479037,1,4464,-4.020043,1.682455,0.75,Falling,False,0,1.48864,0
1789903989828,279,479037,1,4464,-4.020043,1.682455,0.75,Falling,False,0,1.48864,0
1789903989828,279,479037,1,4464,-4.020043,1.682455,0.75,Falling,False,0,1.48864,0
1789903989828,279,479037,1,4464,-4.020043,1.682455,0.75,Falling,False,0,1.48864,0
1789903989828,279,479037,1,4464,-4.020043,1.682455,0.75,Falling,False,0,1.48864,0
1789903989844,280,480530,1,4480,-4.020043,1.703762,0.75,Falling,False,0,1.33168,0
1789903989844,280,480530,1,4480,-4.020043,1.703762,0.75,Falling,False,0,1.33168,0
1789903989844,280,480530,1,4480,-4.020043,1.703762,0.75,Falling,False,0,1.33168,0
1789903989844,280,480530,1,4480,-4.020043,1.703762,0.75,Falling,False,0,1.33168,0
1789903989844,280,480530,1,4480,-4.020043,1.703762,0.75,Falling,False,0,1.33168,0
1789903989844,280,480530,1,4480,-4.020043,1.703762,0.75,Falling,False,0,1.33168,0
1789903989844,280,480530,1,4480,-4.020043,1.703762,0.75,Falling,False,0,1.33168,0
1789903989844,280,480530,1,4480,-4.020043,1.703762,0.75,Falling,False,0,1.33168,0
1789903989860,281,481992,1,4496,-4.020043,1.722558,0.75,Falling,False,0,1.17472,0
1789903989860,281,481992,1,4496,-4.020043,1.722558,0.75,Falling,False,0,1.17472,0
1789903989860,281,481992,1,4496,-4.020043,1.722558,0.75,Falling,False,0,1.17472,0
1789903989860,281,481992,1,4496,-4.020043,1.722558,0.75,Falling,False,0,1.17472,0
1789903989860,281,481992,1,4496,-4.020043,1.722558,0.75,Falling,False,0,1.17472,0
1789903989860,281,481992,1,4496,-4.020043,1.722558,0.75,Falling,False,0,1.17472,0
1789903989860,281,481992,1,4496,-4.020043,1.722558,0.75,Falling,False,0,1.17472,0
1789903989860,281,481992,1,4496,-4.020043,1.722558,0.75,Falling,False,0,1.17472,0
1789903989875,282,483492,1,4512,-4.020043,1.738842,0.75,Falling,False,0,1.01776,0
1789903989875,282,483492,1,4512,-4.020043,1.738842,0.75,Falling,False,0,1.01776,0
1789903989875,282,483492,1,4512,-4.020043,1.738842,0.75,Falling,False,0,1.01776,0
1789903989875,282,483492,1,4512,-4.020043,1.738842,0.75,Falling,False,0,1.01776,0
1789903989875,282,483492,1,4512,-4.020043,1.738842,0.75,Falling,False,0,1.01776,0
1789903989875,282,483492,1,4512,-4.020043,1.738842,0.75,Falling,False,0,1.01776,0
1789903989875,282,483492,1,4512,-4.020043,1.738842,0.75,Falling,False,0,1.01776,0
1789903989875,282,483492,1,4512,-4.020043,1.738842,0.75,Falling,False,0,1.01776,0
1789903989891,283,484944,1,4528,-4.020043,1.752614,0.75,Falling,False,0,0.8608,0
1789903989891,283,484944,1,4528,-4.020043,1.752614,0.75,Falling,False,0,0.8608,0
1789903989891,283,484944,1,4528,-4.020043,1.752614,0.75,Falling,False,0,0.8608,0
1789903989891,283,484944,1,4528,-4.020043,1.752614,0.75,Falling,False,0,0.8608,0
1789903989891,283,484944,1,4528,-4.020043,1.752614,0.75,Falling,False,0,0.8608,0
1789903989891,283,484944,1,4528,-4.020043,1.752614,0.75,Falling,False,0,0.8608,0
1789903989891,283,484944,1,4528,-4.020043,1.752614,0.75,Falling,False,0,0.8608,0
1789903989891,283,484944,1,4528,-4.020043,1.752614,0.75,Falling,False,0,0.8608,0
1789903989907,284,486494,1,4544,-4.020043,1.763876,0.75,Falling,False,0,0.70384,0
1789903989907,284,486494,1,4544,-4.020043,1.763876,0.75,Falling,False,0,0.70384,0
1789903989907,284,486494,1,4544,-4.020043,1.763876,0.75,Falling,False,0,0.70384,0
1789903989907,284,486494,1,4544,-4.020043,1.763876,0.75,Falling,False,0,0.70384,0
1789903989907,284,486494,1,4544,-4.020043,1.763876,0.75,Falling,False,0,0.70384,0
1789903989907,284,486494,1,4544,-4.020043,1.763876,0.75,Falling,False,0,0.70384,0
1789903989907,284,486494,1,4544,-4.020043,1.763876,0.75,Falling,False,0,0.70384,0
1789903989907,284,486494,1,4544,-4.020043,1.763876,0.75,Falling,False,0,0.70384,0
1789903989922,285,488009,1,4560,-4.020043,1.772626,0.75,Falling,False,0,0.54688,0
1789903989922,285,488009,1,4560,-4.020043,1.772626,0.75,Falling,False,0,0.54688,0
1789903989922,285,488009,1,4560,-4.020043,1.772626,0.75,Falling,False,0,0.54688,0
1789903989922,285,488009,1,4560,-4.020043,1.772626,0.75,Falling,False,0,0.54688,0
1789903989922,285,488009,1,4560,-4.020043,1.772626,0.75,Falling,False,0,0.54688,0
1789903989922,285,488009,1,4560,-4.020043,1.772626,0.75,Falling,False,0,0.54688,0
1789903989922,285,488009,1,4560,-4.020043,1.772626,0.75,Falling,False,0,0.54688,0
1789903989922,285,488009,1,4560,-4.020043,1.772626,0.75,Falling,False,0,0.54688,0
1789903989937,286,489405,1,4576,-4.020043,1.778865,0.75,Falling,False,0,0.38992,0
1789903989937,286,489405,1,4576,-4.020043,1.778865,0.75,Falling,False,0,0.38992,0
1789903989937,286,489405,1,4576,-4.020043,1.778865,0.75,Falling,False,0,0.38992,0
1789903989937,286,489405,1,4576,-4.020043,1.778865,0.75,Falling,False,0,0.38992,0
1789903989937,286,489405,1,4576,-4.020043,1.778865,0.75,Falling,False,0,0.38992,0
1789903989937,286,489405,1,4576,-4.020043,1.778865,0.75,Falling,False,0,0.38992,0
1789903989937,286,489405,1,4576,-4.020043,1.778865,0.75,Falling,False,0,0.38992,0
1789903989937,286,489405,1,4576,-4.020043,1.778865,0.75,Falling,False,0,0.38992,0
1789903989953,287,490814,1,4592,-4.020043,1.782592,0.75,Falling,False,0,0.23296,0
1789903989953,287,490814,1,4592,-4.020043,1.782592,0.75,Falling,False,0,0.23296,0
1789903989953,287,490814,1,4592,-4.020043,1.782592,0.75,Falling,False,0,0.23296,0
1789903989953,287,490814,1,4592,-4.020043,1.782592,0.75,Falling,False,0,0.23296,0
1789903989953,287,490814,1,4592,-4.020043,1.782592,0.75,Falling,False,0,0.23296,0
1789903989953,287,490814,1,4592,-4.020043,1.782592,0.75,Falling,False,0,0.23296,0
1789903989953,287,490814,1,4592,-4.020043,1.782592,0.75,Falling,False,0,0.23296,0
1789903989953,287,490814,1,4592,-4.020043,1.782592,0.75,Falling,False,0,0.23296,0
1789903989969,288,492325,1,4608,-4.020043,1.783808,0.75,Falling,False,0,0.076,0
1789903989969,288,492325,1,4608,-4.020043,1.783808,0.75,Falling,False,0,0.076,0
1789903989969,288,492325,1,4608,-4.020043,1.783808,0.75,Falling,False,0,0.076,0
1789903989969,288,492325,1,4608,-4.020043,1.783808,0.75,Falling,False,0,0.076,0
1789903989969,288,492325,1,4608,-4.020043,1.783808,0.75,Falling,False,0,0.076,0
1789903989969,288,492325,1,4608,-4.020043,1.783808,0.75,Falling,False,0,0.076,0
1789903989969,288,492325,1,4608,-4.020043,1.783808,0.75,Falling,False,0,0.076,0
1789903989969,288,492325,1,4608,-4.020043,1.783808,0.75,Falling,False,0,0.076,0
1789903989984,289,493752,1,4624,-4.020043,1.782513,0.75,Falling,False,0,-0.08096,0
1789903989984,289,493752,1,4624,-4.020043,1.782513,0.75,Falling,False,0,-0.08096,0
1789903989984,289,493752,1,4624,-4.020043,1.782513,0.75,Falling,False,0,-0.08096,0
1789903989984,289,493752,1,4624,-4.020043,1.782513,0.75,Falling,False,0,-0.08096,0
1789903989984,289,493752,1,4624,-4.020043,1.782513,0.75,Falling,False,0,-0.08096,0
1789903989984,289,493752,1,4624,-4.020043,1.782513,0.75,Falling,False,0,-0.08096,0
1789903989984,289,493752,1,4624,-4.020043,1.782513,0.75,Falling,False,0,-0.08096,0
1789903989984,289,493752,1,4624,-4.020043,1.782513,0.75,Falling,False,0,-0.08096,0
1789903989999,290,495105,1,4640,-4.020043,1.778706,0.75,Falling,False,0,-0.23792,0
1789903989999,290,495105,1,4640,-4.020043,1.778706,0.75,Falling,False,0,-0.23792,0
1789903989999,290,495105,1,4640,-4.020043,1.778706,0.75,Falling,False,0,-0.23792,0
1789903989999,290,495105,1,4640,-4.020043,1.778706,0.75,Falling,False,0,-0.23792,0
1789903989999,290,495105,1,4640,-4.020043,1.778706,0.75,Falling,False,0,-0.23792,0
1789903989999,290,495105,1,4640,-4.020043,1.778706,0.75,Falling,False,0,-0.23792,0
1789903989999,290,495105,1,4640,-4.020043,1.778706,0.75,Falling,False,0,-0.23792,0
1789903989999,290,495105,1,4640,-4.020043,1.778706,0.75,Falling,False,0,-0.23792,0
1789903990014,291,496624,1,4656,-4.020043,1.772388,0.75,Falling,False,0,-0.39488,0
1789903990014,291,496624,1,4656,-4.020043,1.772388,0.75,Falling,False,0,-0.39488,0
1789903990014,291,496624,1,4656,-4.020043,1.772388,0.75,Falling,False,0,-0.39488,0
1789903990014,291,496624,1,4656,-4.020043,1.772388,0.75,Falling,False,0,-0.39488,0
1789903990014,291,496624,1,4656,-4.020043,1.772388,0.75,Falling,False,0,-0.39488,0
1789903990014,291,496624,1,4656,-4.020043,1.772388,0.75,Falling,False,0,-0.39488,0
1789903990014,291,496624,1,4656,-4.020043,1.772388,0.75,Falling,False,0,-0.39488,0
1789903990014,291,496624,1,4656,-4.020043,1.772388,0.75,Falling,False,0,-0.39488,0
1789903990029,292,497993,1,4672,-4.020043,1.763559,0.75,Falling,False,0,-0.55184,0
1789903990029,292,497993,1,4672,-4.020043,1.763559,0.75,Falling,False,0,-0.55184,0
1789903990029,292,497993,1,4672,-4.020043,1.763559,0.75,Falling,False,0,-0.55184,0
1789903990029,292,497993,1,4672,-4.020043,1.763559,0.75,Falling,False,0,-0.55184,0
1789903990029,292,497993,1,4672,-4.020043,1.763559,0.75,Falling,False,0,-0.55184,0
1789903990029,292,497993,1,4672,-4.020043,1.763559,0.75,Falling,False,0,-0.55184,0
1789903990029,292,497993,1,4672,-4.020043,1.763559,0.75,Falling,False,0,-0.55184,0
1789903990029,292,497993,1,4672,-4.020043,1.763559,0.75,Falling,False,0,-0.55184,0
1789903990045,293,499377,1,4688,-4.020043,1.752218,0.75,Falling,False,0,-0.7088,0
1789903990045,293,499377,1,4688,-4.020043,1.752218,0.75,Falling,False,0,-0.7088,0
1789903990045,293,499377,1,4688,-4.020043,1.752218,0.75,Falling,False,0,-0.7088,0
1789903990045,293,499377,1,4688,-4.020043,1.752218,0.75,Falling,False,0,-0.7088,0
1789903990045,293,499377,1,4688,-4.020043,1.752218,0.75,Falling,False,0,-0.7088,0
1789903990045,293,499377,1,4688,-4.020043,1.752218,0.75,Falling,False,0,-0.7088,0
1789903990045,293,499377,1,4688,-4.020043,1.752218,0.75,Falling,False,0,-0.7088,0
1789903990045,293,499377,1,4688,-4.020043,1.752218,0.75,Falling,False,0,-0.7088,0
1789903990060,294,500769,1,4704,-4.020043,1.738366,0.75,Falling,False,0,-0.86576,0
1789903990060,294,500769,1,4704,-4.020043,1.738366,0.75,Falling,False,0,-0.86576,0
1789903990060,294,500769,1,4704,-4.020043,1.738366,0.75,Falling,False,0,-0.86576,0
1789903990060,294,500769,1,4704,-4.020043,1.738366,0.75,Falling,False,0,-0.86576,0
1789903990060,294,500769,1,4704,-4.020043,1.738366,0.75,Falling,False,0,-0.86576,0
1789903990060,294,500769,1,4704,-4.020043,1.738366,0.75,Falling,False,0,-0.86576,0
1789903990060,294,500769,1,4704,-4.020043,1.738366,0.75,Falling,False,0,-0.86576,0
1789903990060,294,500769,1,4704,-4.020043,1.738366,0.75,Falling,False,0,-0.86576,0
1789903990076,295,502226,1,4720,-4.020043,1.722002,0.75,Falling,False,0,-1.02272,0
1789903990076,295,502226,1,4720,-4.020043,1.722002,0.75,Falling,False,0,-1.02272,0
1789903990076,295,502226,1,4720,-4.020043,1.722002,0.75,Falling,False,0,-1.02272,0
1789903990076,295,502226,1,4720,-4.020043,1.722002,0.75,Falling,False,0,-1.02272,0
1789903990076,295,502226,1,4720,-4.020043,1.722002,0.75,Falling,False,0,-1.02272,0
1789903990076,295,502226,1,4720,-4.020043,1.722002,0.75,Falling,False,0,-1.02272,0
1789903990076,295,502226,1,4720,-4.020043,1.722002,0.75,Falling,False,0,-1.02272,0
1789903990076,295,502226,1,4720,-4.020043,1.722002,0.75,Falling,False,0,-1.02272,0
1789903990091,296,503742,1,4736,-4.020043,1.703127,0.75,Falling,False,0,-1.17968,0
1789903990091,296,503742,1,4736,-4.020043,1.703127,0.75,Falling,False,0,-1.17968,0
1789903990091,296,503742,1,4736,-4.020043,1.703127,0.75,Falling,False,0,-1.17968,0
1789903990091,296,503742,1,4736,-4.020043,1.703127,0.75,Falling,False,0,-1.17968,0
1789903990091,296,503742,1,4736,-4.020043,1.703127,0.75,Falling,False,0,-1.17968,0
1789903990091,296,503742,1,4736,-4.020043,1.703127,0.75,Falling,False,0,-1.17968,0
1789903990091,296,503742,1,4736,-4.020043,1.703127,0.75,Falling,False,0,-1.17968,0
1789903990091,296,503742,1,4736,-4.020043,1.703127,0.75,Falling,False,0,-1.17968,0
1789903990107,297,505254,1,4752,-4.020043,1.681741,0.75,Falling,False,0,-1.33664,0
1789903990107,297,505254,1,4752,-4.020043,1.681741,0.75,Falling,False,0,-1.33664,0
1789903990107,297,505254,1,4752,-4.020043,1.681741,0.75,Falling,False,0,-1.33664,0
1789903990107,297,505254,1,4752,-4.020043,1.681741,0.75,Falling,False,0,-1.33664,0
1789903990107,297,505254,1,4752,-4.020043,1.681741,0.75,Falling,False,0,-1.33664,0
1789903990107,297,505254,1,4752,-4.020043,1.681741,0.75,Falling,False,0,-1.33664,0
1789903990107,297,505254,1,4752,-4.020043,1.681741,0.75,Falling,False,0,-1.33664,0
1789903990107,297,505254,1,4752,-4.020043,1.681741,0.75,Falling,False,0,-1.33664,0
1789903990121,298,506661,1,4768,-4.020043,1.657843,0.75,Falling,False,0,-1.4936,0
1789903990121,298,506661,1,4768,-4.020043,1.657843,0.75,Falling,False,0,-1.4936,0
1789903990121,298,506661,1,4768,-4.020043,1.657843,0.75,Falling,False,0,-1.4936,0
1789903990121,298,506661,1,4768,-4.020043,1.657843,0.75,Falling,False,0,-1.4936,0
1789903990121,298,506661,1,4768,-4.020043,1.657843,0.75,Falling,False,0,-1.4936,0
1789903990121,298,506661,1,4768,-4.020043,1.657843,0.75,Falling,False,0,-1.4936,0
1789903990121,298,506661,1,4768,-4.020043,1.657843,0.75,Falling,False,0,-1.4936,0
1789903990121,298,506661,1,4768,-4.020043,1.657843,0.75,Falling,False,0,-1.4936,0
1789903990137,299,508043,1,4784,-4.020043,1.631434,0.75,Falling,False,0,-1.65056,0
1789903990137,299,508043,1,4784,-4.020043,1.631434,0.75,Falling,False,0,-1.65056,0
1789903990137,299,508043,1,4784,-4.020043,1.631434,0.75,Falling,False,0,-1.65056,0
1789903990137,299,508043,1,4784,-4.020043,1.631434,0.75,Falling,False,0,-1.65056,0
1789903990137,299,508043,1,4784,-4.020043,1.631434,0.75,Falling,False,0,-1.65056,0
1789903990137,299,508043,1,4784,-4.020043,1.631434,0.75,Falling,False,0,-1.65056,0
1789903990137,299,508043,1,4784,-4.020043,1.631434,0.75,Falling,False,0,-1.65056,0
1789903990137,299,508043,1,4784,-4.020043,1.631434,0.75,Falling,False,0,-1.65056,0
1789903990153,300,509474,1,4800,-4.020043,1.602514,0.75,Falling,False,0,-1.80752,0
1789903990153,300,509474,1,4800,-4.020043,1.602514,0.75,Falling,False,0,-1.80752,0
1789903990153,300,509474,1,4800,-4.020043,1.602514,0.75,Falling,False,0,-1.80752,0
1789903990153,300,509474,1,4800,-4.020043,1.602514,0.75,Falling,False,0,-1.80752,0
1789903990153,300,509474,1,4800,-4.020043,1.602514,0.75,Falling,False,0,-1.80752,0
1789903990153,300,509474,1,4800,-4.020043,1.602514,0.75,Falling,False,0,-1.80752,0
1789903990153,300,509474,1,4800,-4.020043,1.602514,0.75,Falling,False,0,-1.80752,0
1789903990153,300,509474,1,4800,-4.020043,1.602514,0.75,Falling,False,0,-1.80752,0
1789903990184,301,510982,1,4816,-4.020043,1.571082,0.75,Falling,False,0,-1.96448,0
1789903990184,301,510982,1,4816,-4.020043,1.571082,0.75,Falling,False,0,-1.96448,0
1789903990184,301,510982,1,4816,-4.020043,1.571082,0.75,Falling,False,0,-1.96448,0
1789903990184,301,510982,1,4816,-4.020043,1.571082,0.75,Falling,False,0,-1.96448,0
1789903990184,301,510982,1,4816,-4.020043,1.571082,0.75,Falling,False,0,-1.96448,0
1789903990184,301,510982,1,4816,-4.020043,1.571082,0.75,Falling,False,0,-1.96448,0
1789903990184,301,510982,1,4816,-4.020043,1.571082,0.75,Falling,False,0,-1.96448,0
1789903990184,301,510982,1,4816,-4.020043,1.571082,0.75,Falling,False,0,-1.96448,0
1789903990199,302,513976,1,4832,-4.020043,1.537139,0.75,Falling,False,0,-2.12144,0
1789903990199,302,513976,1,4832,-4.020043,1.537139,0.75,Falling,False,0,-2.12144,0
1789903990199,302,513976,1,4832,-4.020043,1.537139,0.75,Falling,False,0,-2.12144,0
1789903990199,302,513976,1,4832,-4.020043,1.537139,0.75,Falling,False,0,-2.12144,0
1789903990199,302,513976,1,4832,-4.020043,1.537139,0.75,Falling,False,0,-2.12144,0
1789903990199,302,513976,1,4832,-4.020043,1.537139,0.75,Falling,False,0,-2.12144,0
1789903990199,302,513976,1,4832,-4.020043,1.537139,0.75,Falling,False,0,-2.12144,0
1789903990199,302,513976,1,4832,-4.020043,1.537139,0.75,Falling,False,0,-2.12144,0
1789903990214,303,515414,1,4848,-4.020043,1.500685,0.75,Falling,False,0,-2.2784,0
1789903990214,303,515414,1,4848,-4.020043,1.500685,0.75,Falling,False,0,-2.2784,0
1789903990214,303,515414,1,4848,-4.020043,1.500685,0.75,Falling,False,0,-2.2784,0
1789903990214,303,515414,1,4848,-4.020043,1.500685,0.75,Falling,False,0,-2.2784,0
1789903990214,303,515414,1,4848,-4.020043,1.500685,0.75,Falling,False,0,-2.2784,0
1789903990214,303,515414,1,4848,-4.020043,1.500685,0.75,Falling,False,0,-2.2784,0
1789903990214,303,515414,1,4848,-4.020043,1.500685,0.75,Falling,False,0,-2.2784,0
1789903990214,303,515414,1,4848,-4.020043,1.500685,0.75,Falling,False,0,-2.2784,0
1789903990229,304,516865,1,4864,-4.020043,1.461719,0.75,Falling,False,0,-2.43536,0
1789903990229,304,516865,1,4864,-4.020043,1.461719,0.75,Falling,False,0,-2.43536,0
1789903990229,304,516865,1,4864,-4.020043,1.461719,0.75,Falling,False,0,-2.43536,0
1789903990229,304,516865,1,4864,-4.020043,1.461719,0.75,Falling,False,0,-2.43536,0
1789903990229,304,516865,1,4864,-4.020043,1.461719,0.75,Falling,False,0,-2.43536,0
1789903990229,304,516865,1,4864,-4.020043,1.461719,0.75,Falling,False,0,-2.43536,0
1789903990229,304,516865,1,4864,-4.020043,1.461719,0.75,Falling,False,0,-2.43536,0
1789903990229,304,516865,1,4864,-4.020043,1.461719,0.75,Falling,False,0,-2.43536,0
1789903990245,305,518333,1,4880,-4.020043,1.420242,0.75,Falling,False,0,-2.59232,0
1789903990245,305,518333,1,4880,-4.020043,1.420242,0.75,Falling,False,0,-2.59232,0
1789903990245,305,518333,1,4880,-4.020043,1.420242,0.75,Falling,False,0,-2.59232,0
1789903990245,305,518333,1,4880,-4.020043,1.420242,0.75,Falling,False,0,-2.59232,0
1789903990245,305,518333,1,4880,-4.020043,1.420242,0.75,Falling,False,0,-2.59232,0
1789903990245,305,518333,1,4880,-4.020043,1.420242,0.75,Falling,False,0,-2.59232,0
1789903990245,305,518333,1,4880,-4.020043,1.420242,0.75,Falling,False,0,-2.59232,0
1789903990245,305,518333,1,4880,-4.020043,1.420242,0.75,Falling,False,0,-2.59232,0
1789903990260,306,519837,1,4896,-4.020043,1.376253,0.75,Falling,False,0,-2.74928,0
1789903990260,306,519837,1,4896,-4.020043,1.376253,0.75,Falling,False,0,-2.74928,0
1789903990260,306,519837,1,4896,-4.020043,1.376253,0.75,Falling,False,0,-2.74928,0
1789903990260,306,519837,1,4896,-4.020043,1.376253,0.75,Falling,False,0,-2.74928,0
1789903990260,306,519837,1,4896,-4.020043,1.376253,0.75,Falling,False,0,-2.74928,0
1789903990260,306,519837,1,4896,-4.020043,1.376253,0.75,Falling,False,0,-2.74928,0
1789903990260,306,519837,1,4896,-4.020043,1.376253,0.75,Falling,False,0,-2.74928,0
1789903990260,306,519837,1,4896,-4.020043,1.376253,0.75,Falling,False,0,-2.74928,0
1789903990276,307,521349,1,4912,-4.020043,1.329754,0.75,Falling,False,0,-2.90624,0
1789903990276,307,521349,1,4912,-4.020043,1.329754,0.75,Falling,False,0,-2.90624,0
1789903990276,307,521349,1,4912,-4.020043,1.329754,0.75,Falling,False,0,-2.90624,0
1789903990276,307,521349,1,4912,-4.020043,1.329754,0.75,Falling,False,0,-2.90624,0
1789903990276,307,521349,1,4912,-4.020043,1.329754,0.75,Falling,False,0,-2.90624,0
1789903990276,307,521349,1,4912,-4.020043,1.329754,0.75,Falling,False,0,-2.90624,0
1789903990276,307,521349,1,4912,-4.020043,1.329754,0.75,Falling,False,0,-2.90624,0
1789903990276,307,521349,1,4912,-4.020043,1.329754,0.75,Falling,False,0,-2.90624,0
1789903990291,308,522852,1,4928,-4.020043,1.280742,0.75,Falling,False,0,-3.0632,0
1789903990291,308,522852,1,4928,-4.020043,1.280742,0.75,Falling,False,0,-3.0632,0
1789903990291,308,522852,1,4928,-4.020043,1.280742,0.75,Falling,False,0,-3.0632,0
1789903990291,308,522852,1,4928,-4.020043,1.280742,0.75,Falling,False,0,-3.0632,0
1789903990291,308,522852,1,4928,-4.020043,1.280742,0.75,Falling,False,0,-3.0632,0
1789903990291,308,522852,1,4928,-4.020043,1.280742,0.75,Falling,False,0,-3.0632,0
1789903990291,308,522852,1,4928,-4.020043,1.280742,0.75,Falling,False,0,-3.0632,0
1789903990291,308,522852,1,4928,-4.020043,1.280742,0.75,Falling,False,0,-3.0632,0
1789903990307,309,524361,1,4944,-4.020043,1.22922,0.75,Falling,False,0,-3.22016,0
1789903990307,309,524361,1,4944,-4.020043,1.22922,0.75,Falling,False,0,-3.22016,0
1789903990307,309,524361,1,4944,-4.020043,1.22922,0.75,Falling,False,0,-3.22016,0
1789903990307,309,524361,1,4944,-4.020043,1.22922,0.75,Falling,False,0,-3.22016,0
1789903990307,309,524361,1,4944,-4.020043,1.22922,0.75,Falling,False,0,-3.22016,0
1789903990307,309,524361,1,4944,-4.020043,1.22922,0.75,Falling,False,0,-3.22016,0
1789903990307,309,524361,1,4944,-4.020043,1.22922,0.75,Falling,False,0,-3.22016,0
1789903990307,309,524361,1,4944,-4.020043,1.22922,0.75,Falling,False,0,-3.22016,0
1789903990322,310,525934,1,4960,-4.020043,1.175186,0.75,Falling,False,0,-3.37712,0
1789903990322,310,525934,1,4960,-4.020043,1.175186,0.75,Falling,False,0,-3.37712,0
1789903990322,310,525934,1,4960,-4.020043,1.175186,0.75,Falling,False,0,-3.37712,0
1789903990322,310,525934,1,4960,-4.020043,1.175186,0.75,Falling,False,0,-3.37712,0
1789903990322,310,525934,1,4960,-4.020043,1.175186,0.75,Falling,False,0,-3.37712,0
1789903990322,310,525934,1,4960,-4.020043,1.175186,0.75,Falling,False,0,-3.37712,0
1789903990322,310,525934,1,4960,-4.020043,1.175186,0.75,Falling,False,0,-3.37712,0
1789903990322,310,525934,1,4960,-4.020043,1.175186,0.75,Falling,False,0,-3.37712,0
1789903990338,311,527341,1,4976,-4.020043,1.118641,0.75,Falling,False,0,-3.534081,0
1789903990338,311,527341,1,4976,-4.020043,1.118641,0.75,Falling,False,0,-3.534081,0
1789903990338,311,527341,1,4976,-4.020043,1.118641,0.75,Falling,False,0,-3.534081,0
1789903990338,311,527341,1,4976,-4.020043,1.118641,0.75,Falling,False,0,-3.534081,0
1789903990338,311,527341,1,4976,-4.020043,1.118641,0.75,Falling,False,0,-3.534081,0
1789903990338,311,527341,1,4976,-4.020043,1.118641,0.75,Falling,False,0,-3.534081,0
1789903990338,311,527341,1,4976,-4.020043,1.118641,0.75,Falling,False,0,-3.534081,0
1789903990338,311,527341,1,4976,-4.020043,1.118641,0.75,Falling,False,0,-3.534081,0
1789903990354,312,528785,1,4992,-4.020043,1.059584,0.75,Falling,False,0,-3.691041,0
1789903990354,312,528785,1,4992,-4.020043,1.059584,0.75,Falling,False,0,-3.691041,0
1789903990354,312,528785,1,4992,-4.020043,1.059584,0.75,Falling,False,0,-3.691041,0
1789903990354,312,528785,1,4992,-4.020043,1.059584,0.75,Falling,False,0,-3.691041,0
1789903990354,312,528785,1,4992,-4.020043,1.059584,0.75,Falling,False,0,-3.691041,0
1789903990354,312,528785,1,4992,-4.020043,1.059584,0.75,Falling,False,0,-3.691041,0
1789903990354,312,528785,1,4992,-4.020043,1.059584,0.75,Falling,False,0,-3.691041,0
1789903990354,312,528785,1,4992,-4.020043,1.059584,0.75,Falling,False,0,-3.691041,0
1789903990369,313,530268,1,5008,-4.020043,1,0.75,Walking,True,0,0,0
1789903990369,313,530268,1,5008,-4.020043,1,0.75,Walking,True,0,0,0
1789903990369,313,530268,1,5008,-4.020043,1,0.75,Walking,True,0,0,0
1789903990369,313,530268,1,5008,-4.020043,1,0.75,Walking,True,0,0,0
1789903990369,313,530268,1,5008,-4.020043,1,0.75,Walking,True,0,0,0
1789903990369,313,530268,1,5008,-4.020043,1,0.75,Walking,True,0,0,0
1789903990369,313,530268,1,5008,-4.020043,1,0.75,Walking,True,0,0,0
1789903990369,313,530268,1,5008,-4.020043,1,0.75,Walking,True,0,0,0
1789903990384,314,531635,1,5024,-4.020043,1,0.75,Walking,True,0,0,0
1789903990384,314,531635,1,5024,-4.020043,1,0.75,Walking,True,0,0,0
1789903990384,314,531635,1,5024,-4.020043,1,0.75,Walking,True,0,0,0
1789903990384,314,531635,1,5024,-4.020043,1,0.75,Walking,True,0,0,0
1789903990384,314,531635,1,5024,-4.020043,1,0.75,Walking,True,0,0,0
1789903990384,314,531635,1,5024,-4.020043,1,0.75,Walking,True,0,0,0
1789903990384,314,531635,1,5024,-4.020043,1,0.75,Walking,True,0,0,0
1789903990384,314,531635,1,5024,-4.020043,1,0.75,Walking,True,0,0,0
1789903990400,315,533146,1,5040,-4.020043,1,0.75,Walking,True,0,0,0
1789903990400,315,533146,1,5040,-4.020043,1,0.75,Walking,True,0,0,0
1789903990400,315,533146,1,5040,-4.020043,1,0.75,Walking,True,0,0,0
1789903990400,315,533146,1,5040,-4.020043,1,0.75,Walking,True,0,0,0
1789903990400,315,533146,1,5040,-4.020043,1,0.75,Walking,True,0,0,0
1789903990400,315,533146,1,5040,-4.020043,1,0.75,Walking,True,0,0,0
1789903990400,315,533146,1,5040,-4.020043,1,0.75,Walking,True,0,0,0
1789903990401,315,533146,1,5040,-4.020043,1,0.75,Walking,True,0,0,0
1789903990416,316,534733,1,5056,-4.020043,1,0.75,Walking,True,0,0,0
1789903990416,316,534733,1,5056,-4.020043,1,0.75,Walking,True,0,0,0
1789903990416,316,534733,1,5056,-4.020043,1,0.75,Walking,True,0,0,0
1789903990416,316,534733,1,5056,-4.020043,1,0.75,Walking,True,0,0,0
1789903990416,316,534733,1,5056,-4.020043,1,0.75,Walking,True,0,0,0
1789903990416,316,534733,1,5056,-4.020043,1,0.75,Walking,True,0,0,0
1789903990416,316,534733,1,5056,-4.020043,1,0.75,Walking,True,0,0,0
1789903990416,316,534733,1,5056,-4.020043,1,0.75,Walking,True,0,0,0
1789903990432,317,536260,1,5072,-4.020043,1,0.75,Walking,True,0,0,0
1789903990432,317,536260,1,5072,-4.020043,1,0.75,Walking,True,0,0,0
1789903990432,317,536260,1,5072,-4.020043,1,0.75,Walking,True,0,0,0
1789903990432,317,536260,1,5072,-4.020043,1,0.75,Walking,True,0,0,0
1789903990432,317,536260,1,5072,-4.020043,1,0.75,Walking,True,0,0,0
1789903990432,317,536260,1,5072,-4.020043,1,0.75,Walking,True,0,0,0
1789903990432,317,536260,1,5072,-4.020043,1,0.75,Walking,True,0,0,0
1789903990432,317,536260,1,5072,-4.020043,1,0.75,Walking,True,0,0,0
1789903990447,318,537727,1,5088,-4.020043,1,0.75,Walking,True,0,0,0
1789903990447,318,537727,1,5088,-4.020043,1,0.75,Walking,True,0,0,0
1789903990447,318,537727,1,5088,-4.020043,1,0.75,Walking,True,0,0,0
1789903990447,318,537727,1,5088,-4.020043,1,0.75,Walking,True,0,0,0
1789903990447,318,537727,1,5088,-4.020043,1,0.75,Walking,True,0,0,0
1789903990447,318,537727,1,5088,-4.020043,1,0.75,Walking,True,0,0,0
1789903990447,318,537727,1,5088,-4.020043,1,0.75,Walking,True,0,0,0
1789903990447,318,537727,1,5088,-4.020043,1,0.75,Walking,True,0,0,0
1789903990463,319,539226,1,5104,-4.020043,1,0.75,Walking,True,0,0,0
1789903990463,319,539226,1,5104,-4.020043,1,0.75,Walking,True,0,0,0
1789903990463,319,539226,1,5104,-4.020043,1,0.75,Walking,True,0,0,0
1789903990463,319,539226,1,5104,-4.020043,1,0.75,Walking,True,0,0,0
1789903990463,319,539226,1,5104,-4.020043,1,0.75,Walking,True,0,0,0
1789903990463,319,539226,1,5104,-4.020043,1,0.75,Walking,True,0,0,0
1789903990463,319,539226,1,5104,-4.020043,1,0.75,Walking,True,0,0,0
1789903990463,319,539226,1,5104,-4.020043,1,0.75,Walking,True,0,0,0
1789903990478,320,540677,1,5120,-4.020043,1,0.75,Walking,True,0,0,0
1789903990478,320,540677,1,5120,-4.020043,1,0.75,Walking,True,0,0,0
1789903990478,320,540677,1,5120,-4.020043,1,0.75,Walking,True,0,0,0
1789903990478,320,540677,1,5120,-4.020043,1,0.75,Walking,True,0,0,0
1789903990478,320,540677,1,5120,-4.020043,1,0.75,Walking,True,0,0,0
1789903990478,320,540677,1,5120,-4.020043,1,0.75,Walking,True,0,0,0
1789903990478,320,540677,1,5120,-4.020043,1,0.75,Walking,True,0,0,0
1789903990478,320,540677,1,5120,-4.020043,1,0.75,Walking,True,0,0,0
1789903990494,321,542147,1,5136,-4.020043,1,0.75,Walking,True,0,0,0
1789903990494,321,542147,1,5136,-4.020043,1,0.75,Walking,True,0,0,0
1789903990494,321,542147,1,5136,-4.020043,1,0.75,Walking,True,0,0,0
1789903990494,321,542147,1,5136,-4.020043,1,0.75,Walking,True,0,0,0
1789903990494,321,542147,1,5136,-4.020043,1,0.75,Walking,True,0,0,0
1789903990494,321,542147,1,5136,-4.020043,1,0.75,Walking,True,0,0,0
1789903990494,321,542147,1,5136,-4.020043,1,0.75,Walking,True,0,0,0
1789903990494,321,542147,1,5136,-4.020043,1,0.75,Walking,True,0,0,0
1789903990509,322,543695,1,5152,-4.020043,1,0.75,Walking,True,0,0,0
1789903990509,322,543695,1,5152,-4.020043,1,0.75,Walking,True,0,0,0
1789903990509,322,543695,1,5152,-4.020043,1,0.75,Walking,True,0,0,0
1789903990509,322,543695,1,5152,-4.020043,1,0.75,Walking,True,0,0,0
1789903990509,322,543695,1,5152,-4.020043,1,0.75,Walking,True,0,0,0
1789903990509,322,543695,1,5152,-4.020043,1,0.75,Walking,True,0,0,0
1789903990509,322,543695,1,5152,-4.020043,1,0.75,Walking,True,0,0,0
1789903990509,322,543695,1,5152,-4.020043,1,0.75,Walking,True,0,0,0
1789903990525,323,545080,1,5168,-4.020043,1,0.75,Walking,True,0,0,0
1789903990525,323,545080,1,5168,-4.020043,1,0.75,Walking,True,0,0,0
1789903990525,323,545080,1,5168,-4.020043,1,0.75,Walking,True,0,0,0
1789903990525,323,545080,1,5168,-4.020043,1,0.75,Walking,True,0,0,0
1789903990525,323,545080,1,5168,-4.020043,1,0.75,Walking,True,0,0,0
1789903990525,323,545080,1,5168,-4.020043,1,0.75,Walking,True,0,0,0
1789903990525,323,545080,1,5168,-4.020043,1,0.75,Walking,True,0,0,0
1789903990525,323,545080,1,5168,-4.020043,1,0.75,Walking,True,0,0,0
1789903990541,324,546651,1,5184,-4.020043,1,0.75,Walking,True,0,0,0
1789903990541,324,546651,1,5184,-4.020043,1,0.75,Walking,True,0,0,0
1789903990541,324,546651,1,5184,-4.020043,1,0.75,Walking,True,0,0,0
1789903990541,324,546651,1,5184,-4.020043,1,0.75,Walking,True,0,0,0
1789903990541,324,546651,1,5184,-4.020043,1,0.75,Walking,True,0,0,0
1789903990541,324,546651,1,5184,-4.020043,1,0.75,Walking,True,0,0,0
1789903990541,324,546651,1,5184,-4.020043,1,0.75,Walking,True,0,0,0
1789903990541,324,546651,1,5184,-4.020043,1,0.75,Walking,True,0,0,0
1789903990556,325,548108,1,5200,-4.020043,1,0.75,Walking,True,0,0,0
1789903990556,325,548108,1,5200,-4.020043,1,0.75,Walking,True,0,0,0
1789903990556,325,548108,1,5200,-4.020043,1,0.75,Walking,True,0,0,0
1789903990556,325,548108,1,5200,-4.020043,1,0.75,Walking,True,0,0,0
1789903990556,325,548108,1,5200,-4.020043,1,0.75,Walking,True,0,0,0
1789903990556,325,548108,1,5200,-4.020043,1,0.75,Walking,True,0,0,0
1789903990556,325,548108,1,5200,-4.020043,1,0.75,Walking,True,0,0,0
1789903990556,325,548108,1,5200,-4.020043,1,0.75,Walking,True,0,0,0
1789903990571,326,549533,1,5216,-4.020043,1,0.75,Walking,True,0,0,0
1789903990571,326,549533,1,5216,-4.020043,1,0.75,Walking,True,0,0,0
1789903990571,326,549533,1,5216,-4.020043,1,0.75,Walking,True,0,0,0
1789903990571,326,549533,1,5216,-4.020043,1,0.75,Walking,True,0,0,0
1789903990571,326,549533,1,5216,-4.020043,1,0.75,Walking,True,0,0,0
1789903990571,326,549533,1,5216,-4.020043,1,0.75,Walking,True,0,0,0
1789903990571,326,549533,1,5216,-4.020043,1,0.75,Walking,True,0,0,0
1789903990571,326,549533,1,5216,-4.020043,1,0.75,Walking,True,0,0,0
1789903990588,327,551086,1,5232,-4.020043,1,0.75,Walking,True,0,0,0
1789903990588,327,551086,1,5232,-4.020043,1,0.75,Walking,True,0,0,0
1789903990588,327,551086,1,5232,-4.020043,1,0.75,Walking,True,0,0,0
1789903990588,327,551086,1,5232,-4.020043,1,0.75,Walking,True,0,0,0
1789903990588,327,551086,1,5232,-4.020043,1,0.75,Walking,True,0,0,0
1789903990588,327,551086,1,5232,-4.020043,1,0.75,Walking,True,0,0,0
1789903990588,327,551086,1,5232,-4.020043,1,0.75,Walking,True,0,0,0
1789903990588,327,551086,1,5232,-4.020043,1,0.75,Walking,True,0,0,0
1789903990604,328,552574,1,5248,-4.020043,1,0.75,Walking,True,0,0,0
1789903990604,328,552574,1,5248,-4.020043,1,0.75,Walking,True,0,0,0
1789903990604,328,552574,1,5248,-4.020043,1,0.75,Walking,True,0,0,0
1789903990604,328,552574,1,5248,-4.020043,1,0.75,Walking,True,0,0,0
1789903990604,328,552574,1,5248,-4.020043,1,0.75,Walking,True,0,0,0
1789903990604,328,552574,1,5248,-4.020043,1,0.75,Walking,True,0,0,0
1789903990604,328,552574,1,5248,-4.020043,1,0.75,Walking,True,0,0,0
1789903990604,328,552574,1,5248,-4.020043,1,0.75,Walking,True,0,0,0
1789903990619,329,554031,1,5264,-4.020043,1,0.75,Walking,True,0,0,0
1789903990619,329,554031,1,5264,-4.020043,1,0.75,Walking,True,0,0,0
1789903990619,329,554031,1,5264,-4.020043,1,0.75,Walking,True,0,0,0
1789903990619,329,554031,1,5264,-4.020043,1,0.75,Walking,True,0,0,0
1789903990619,329,554031,1,5264,-4.020043,1,0.75,Walking,True,0,0,0
1789903990619,329,554031,1,5264,-4.020043,1,0.75,Walking,True,0,0,0
1789903990619,329,554031,1,5264,-4.020043,1,0.75,Walking,True,0,0,0
1789903990619,329,554031,1,5264,-4.020043,1,0.75,Walking,True,0,0,0
1789903990634,330,555440,1,5280,-4.020043,1,0.75,Walking,True,0,0,0
1789903990634,330,555440,1,5280,-4.020043,1,0.75,Walking,True,0,0,0
1789903990634,330,555440,1,5280,-4.020043,1,0.75,Walking,True,0,0,0
1789903990634,330,555440,1,5280,-4.020043,1,0.75,Walking,True,0,0,0
1789903990634,330,555440,1,5280,-4.020043,1,0.75,Walking,True,0,0,0
1789903990634,330,555440,1,5280,-4.020043,1,0.75,Walking,True,0,0,0
1789903990634,330,555440,1,5280,-4.020043,1,0.75,Walking,True,0,0,0
1789903990634,330,555440,1,5280,-4.020043,1,0.75,Walking,True,0,0,0
1789903990650,331,556837,1,5296,-4.020043,1,0.75,Walking,True,0,0,0
1789903990650,331,556837,1,5296,-4.020043,1,0.75,Walking,True,0,0,0
1789903990650,331,556837,1,5296,-4.020043,1,0.75,Walking,True,0,0,0
1789903990650,331,556837,1,5296,-4.020043,1,0.75,Walking,True,0,0,0
1789903990650,331,556837,1,5296,-4.020043,1,0.75,Walking,True,0,0,0
1789903990650,331,556837,1,5296,-4.020043,1,0.75,Walking,True,0,0,0
1789903990650,331,556837,1,5296,-4.020043,1,0.75,Walking,True,0,0,0
1789903990650,331,556837,1,5296,-4.020043,1,0.75,Walking,True,0,0,0
1789903990665,332,558294,1,5312,-4.020043,1,0.75,Walking,True,0,0,0
1789903990665,332,558294,1,5312,-4.020043,1,0.75,Walking,True,0,0,0
1789903990665,332,558294,1,5312,-4.020043,1,0.75,Walking,True,0,0,0
1789903990665,332,558294,1,5312,-4.020043,1,0.75,Walking,True,0,0,0
1789903990665,332,558294,1,5312,-4.020043,1,0.75,Walking,True,0,0,0
1789903990665,332,558294,1,5312,-4.020043,1,0.75,Walking,True,0,0,0
1789903990665,332,558294,1,5312,-4.020043,1,0.75,Walking,True,0,0,0
1789903990665,332,558294,1,5312,-4.020043,1,0.75,Walking,True,0,0,0
1789903990681,333,559776,1,5328,-4.020043,1,0.75,Walking,True,0,0,0
1789903990681,333,559776,1,5328,-4.020043,1,0.75,Walking,True,0,0,0
1789903990681,333,559776,1,5328,-4.020043,1,0.75,Walking,True,0,0,0
1789903990681,333,559776,1,5328,-4.020043,1,0.75,Walking,True,0,0,0
1789903990681,333,559776,1,5328,-4.020043,1,0.75,Walking,True,0,0,0
1789903990681,333,559776,1,5328,-4.020043,1,0.75,Walking,True,0,0,0
1789903990681,333,559776,1,5328,-4.020043,1,0.75,Walking,True,0,0,0
1789903990681,333,559776,1,5328,-4.020043,1,0.75,Walking,True,0,0,0
1789903990713,334,561173,1,5344,-4.020043,1,0.75,Walking,True,0,0,0
1789903990713,334,561173,1,5344,-4.020043,1,0.75,Walking,True,0,0,0
1789903990713,334,561173,1,5344,-4.020043,1,0.75,Walking,True,0,0,0
1789903990713,334,561173,1,5344,-4.020043,1,0.75,Walking,True,0,0,0
1789903990713,334,561173,1,5344,-4.020043,1,0.75,Walking,True,0,0,0
1789903990713,334,561173,1,5344,-4.020043,1,0.75,Walking,True,0,0,0
1789903990713,334,561173,1,5344,-4.020043,1,0.75,Walking,True,0,0,0
1789903990713,334,561173,1,5344,-4.020043,1,0.75,Walking,True,0,0,0
1789903990729,336,564206,1,5376,-4.020043,1,0.75,Walking,True,0,0,0
1789903990729,336,564206,1,5376,-4.020043,1,0.75,Walking,True,0,0,0
1789903990729,336,564206,1,5376,-4.020043,1,0.75,Walking,True,0,0,0
1789903990729,336,564206,1,5376,-4.020043,1,0.75,Walking,True,0,0,0
1789903990729,336,564206,1,5376,-4.020043,1,0.75,Walking,True,0,0,0
1789903990729,336,564206,1,5376,-4.020043,1,0.75,Walking,True,0,0,0
1789903990729,336,564206,1,5376,-4.020043,1,0.75,Walking,True,0,0,0
1789903990729,336,564206,1,5376,-4.020043,1,0.75,Walking,True,0,0,0
1789903990760,337,565718,1,5392,-4.020043,1,0.75,Walking,True,0,0,0
1789903990760,337,565718,1,5392,-4.020043,1,0.75,Walking,True,0,0,0
1789903990760,337,565718,1,5392,-4.020043,1,0.75,Walking,True,0,0,0
1789903990760,337,565718,1,5392,-4.020043,1,0.75,Walking,True,0,0,0
1789903990760,337,565718,1,5392,-4.020043,1,0.75,Walking,True,0,0,0
1789903990760,337,565718,1,5392,-4.020043,1,0.75,Walking,True,0,0,0
1789903990760,337,565718,1,5392,-4.020043,1,0.75,Walking,True,0,0,0
1789903990760,337,565718,1,5392,-4.020043,1,0.75,Walking,True,0,0,0
1789903990776,338,568721,1,5408,-4.020043,1,0.75,Walking,True,0,0,0
1789903990776,338,568721,1,5408,-4.020043,1,0.75,Walking,True,0,0,0
1789903990776,338,568721,1,5408,-4.020043,1,0.75,Walking,True,0,0,0
1789903990776,338,568721,1,5408,-4.020043,1,0.75,Walking,True,0,0,0
1789903990776,338,568721,1,5408,-4.020043,1,0.75,Walking,True,0,0,0
1789903990776,338,568721,1,5408,-4.020043,1,0.75,Walking,True,0,0,0
1789903990776,338,568721,1,5408,-4.020043,1,0.75,Walking,True,0,0,0
1789903990776,338,568721,1,5408,-4.020043,1,0.75,Walking,True,0,0,0
1789903990792,339,570271,1,5424,-4.020043,1,0.75,Walking,True,0,0,0
1789903990792,339,570271,1,5424,-4.020043,1,0.75,Walking,True,0,0,0
1789903990792,339,570271,1,5424,-4.020043,1,0.75,Walking,True,0,0,0
1789903990792,339,570271,1,5424,-4.020043,1,0.75,Walking,True,0,0,0
1789903990792,339,570271,1,5424,-4.020043,1,0.75,Walking,True,0,0,0
1789903990792,339,570271,1,5424,-4.020043,1,0.75,Walking,True,0,0,0
1789903990792,339,570271,1,5424,-4.020043,1,0.75,Walking,True,0,0,0
1789903990792,339,570271,1,5424,-4.020043,1,0.75,Walking,True,0,0,0
1789903990808,340,571773,1,5440,-4.020043,1,0.75,Walking,True,0,0,0
1789903990808,340,571773,1,5440,-4.020043,1,0.75,Walking,True,0,0,0
1789903990808,340,571773,1,5440,-4.020043,1,0.75,Walking,True,0,0,0
1789903990808,340,571773,1,5440,-4.020043,1,0.75,Walking,True,0,0,0
1789903990808,340,571773,1,5440,-4.020043,1,0.75,Walking,True,0,0,0
1789903990808,340,571773,1,5440,-4.020043,1,0.75,Walking,True,0,0,0
1789903990808,340,571773,1,5440,-4.020043,1,0.75,Walking,True,0,0,0
1789903990808,340,571773,1,5440,-4.020043,1,0.75,Walking,True,0,0,0
1789903990824,341,573320,1,5456,-4.020043,1,0.75,Walking,True,0,0,0
1789903990824,341,573320,1,5456,-4.020043,1,0.75,Walking,True,0,0,0
1789903990824,341,573320,1,5456,-4.020043,1,0.75,Walking,True,0,0,0
1789903990824,341,573320,1,5456,-4.020043,1,0.75,Walking,True,0,0,0
1789903990824,341,573320,1,5456,-4.020043,1,0.75,Walking,True,0,0,0
1789903990824,341,573320,1,5456,-4.020043,1,0.75,Walking,True,0,0,0
1789903990824,341,573320,1,5456,-4.020043,1,0.75,Walking,True,0,0,0
1789903990824,341,573320,1,5456,-4.020043,1,0.75,Walking,True,0,0,0
1789903990839,342,574787,1,5472,-4.020043,1,0.75,Walking,True,0,0,0
1789903990839,342,574787,1,5472,-4.020043,1,0.75,Walking,True,0,0,0
1789903990839,342,574787,1,5472,-4.020043,1,0.75,Walking,True,0,0,0
1789903990839,342,574787,1,5472,-4.020043,1,0.75,Walking,True,0,0,0
1789903990839,342,574787,1,5472,-4.020043,1,0.75,Walking,True,0,0,0
1789903990839,342,574787,1,5472,-4.020043,1,0.75,Walking,True,0,0,0
1789903990839,342,574787,1,5472,-4.020043,1,0.75,Walking,True,0,0,0
1789903990839,342,574787,1,5472,-4.020043,1,0.75,Walking,True,0,0,0
1789903990854,343,576230,1,5488,-4.020043,1,0.75,Walking,True,0,0,0
1789903990854,343,576230,1,5488,-4.020043,1,0.75,Walking,True,0,0,0
1789903990854,343,576230,1,5488,-4.020043,1,0.75,Walking,True,0,0,0
1789903990854,343,576230,1,5488,-4.020043,1,0.75,Walking,True,0,0,0
1789903990854,343,576230,1,5488,-4.020043,1,0.75,Walking,True,0,0,0
1789903990854,343,576230,1,5488,-4.020043,1,0.75,Walking,True,0,0,0
1789903990854,343,576230,1,5488,-4.020043,1,0.75,Walking,True,0,0,0
1789903990854,343,576230,1,5488,-4.020043,1,0.75,Walking,True,0,0,0
1789903990870,344,577647,1,5504,-4.020043,1,0.75,Walking,True,0,0,0
1789903990870,344,577647,1,5504,-4.020043,1,0.75,Walking,True,0,0,0
1789903990870,344,577647,1,5504,-4.020043,1,0.75,Walking,True,0,0,0
1789903990870,344,577647,1,5504,-4.020043,1,0.75,Walking,True,0,0,0
1789903990870,344,577647,1,5504,-4.020043,1,0.75,Walking,True,0,0,0
1789903990870,344,577647,1,5504,-4.020043,1,0.75,Walking,True,0,0,0
1789903990870,344,577647,1,5504,-4.020043,1,0.75,Walking,True,0,0,0
1789903990870,344,577647,1,5504,-4.020043,1,0.75,Walking,True,0,0,0
1789903990885,345,579142,1,5520,-4.020043,1,0.75,Walking,True,0,0,0
1789903990885,345,579142,1,5520,-4.020043,1,0.75,Walking,True,0,0,0
1789903990885,345,579142,1,5520,-4.020043,1,0.75,Walking,True,0,0,0
1789903990885,345,579142,1,5520,-4.020043,1,0.75,Walking,True,0,0,0
1789903990885,345,579142,1,5520,-4.020043,1,0.75,Walking,True,0,0,0
1789903990885,345,579142,1,5520,-4.020043,1,0.75,Walking,True,0,0,0
1789903990885,345,579142,1,5520,-4.020043,1,0.75,Walking,True,0,0,0
1789903990885,345,579142,1,5520,-4.020043,1,0.75,Walking,True,0,0,0
1789903990901,346,580610,1,5536,-4.020043,1,0.75,Walking,True,0,0,0
1789903990901,346,580610,1,5536,-4.020043,1,0.75,Walking,True,0,0,0
1789903990901,346,580610,1,5536,-4.020043,1,0.75,Walking,True,0,0,0
1789903990901,346,580610,1,5536,-4.020043,1,0.75,Walking,True,0,0,0
1789903990901,346,580610,1,5536,-4.020043,1,0.75,Walking,True,0,0,0
1789903990901,346,580610,1,5536,-4.020043,1,0.75,Walking,True,0,0,0
1789903990901,346,580610,1,5536,-4.020043,1,0.75,Walking,True,0,0,0
1789903990901,346,580610,1,5536,-4.020043,1,0.75,Walking,True,0,0,0
1789903990916,347,582110,1,5552,-4.020043,1,0.75,Walking,True,0,0,0
1789903990916,347,582110,1,5552,-4.020043,1,0.75,Walking,True,0,0,0
1789903990916,347,582110,1,5552,-4.020043,1,0.75,Walking,True,0,0,0
1789903990916,347,582110,1,5552,-4.020043,1,0.75,Walking,True,0,0,0
1789903990916,347,582110,1,5552,-4.020043,1,0.75,Walking,True,0,0,0
1789903990916,347,582110,1,5552,-4.020043,1,0.75,Walking,True,0,0,0
1789903990916,347,582110,1,5552,-4.020043,1,0.75,Walking,True,0,0,0
1789903990916,347,582110,1,5552,-4.020043,1,0.75,Walking,True,0,0,0
1789903990932,348,583594,1,5568,-4.020043,1,0.75,Walking,True,0,0,0
1789903990932,348,583594,1,5568,-4.020043,1,0.75,Walking,True,0,0,0
1789903990932,348,583594,1,5568,-4.020043,1,0.75,Walking,True,0,0,0
1789903990932,348,583594,1,5568,-4.020043,1,0.75,Walking,True,0,0,0
1789903990932,348,583594,1,5568,-4.020043,1,0.75,Walking,True,0,0,0
1789903990932,348,583594,1,5568,-4.020043,1,0.75,Walking,True,0,0,0
1789903990932,348,583594,1,5568,-4.020043,1,0.75,Walking,True,0,0,0
1789903990932,348,583594,1,5568,-4.020043,1,0.75,Walking,True,0,0,0
1789903990947,349,585098,1,5584,-4.020043,1,0.75,Walking,True,0,0,0
1789903990947,349,585098,1,5584,-4.020043,1,0.75,Walking,True,0,0,0
1789903990947,349,585098,1,5584,-4.020043,1,0.75,Walking,True,0,0,0
1789903990947,349,585098,1,5584,-4.020043,1,0.75,Walking,True,0,0,0
1789903990947,349,585098,1,5584,-4.020043,1,0.75,Walking,True,0,0,0
1789903990947,349,585098,1,5584,-4.020043,1,0.75,Walking,True,0,0,0
1789903990947,349,585098,1,5584,-4.020043,1,0.75,Walking,True,0,0,0
1789903990947,349,585098,1,5584,-4.020043,1,0.75,Walking,True,0,0,0
1789903990963,350,586489,1,5600,-4.020043,1,0.75,Walking,True,0,0,0
1789903990963,350,586489,1,5600,-4.020043,1,0.75,Walking,True,0,0,0
1789903990963,350,586489,1,5600,-4.020043,1,0.75,Walking,True,0,0,0
1789903990963,350,586489,1,5600,-4.020043,1,0.75,Walking,True,0,0,0
1789903990963,350,586489,1,5600,-4.020043,1,0.75,Walking,True,0,0,0
1789903990963,350,586489,1,5600,-4.020043,1,0.75,Walking,True,0,0,0
1789903990963,350,586489,1,5600,-4.020043,1,0.75,Walking,True,0,0,0
1789903990963,350,586489,1,5600,-4.020043,1,0.75,Walking,True,0,0,0
1789903990978,351,587983,1,5616,-4.020043,1,0.75,Walking,True,0,0,0
1789903990978,351,587983,1,5616,-4.020043,1,0.75,Walking,True,0,0,0
1789903990978,351,587983,1,5616,-4.020043,1,0.75,Walking,True,0,0,0
1789903990978,351,587983,1,5616,-4.020043,1,0.75,Walking,True,0,0,0
1789903990978,351,587983,1,5616,-4.020043,1,0.75,Walking,True,0,0,0
1789903990978,351,587983,1,5616,-4.020043,1,0.75,Walking,True,0,0,0
1789903990978,351,587983,1,5616,-4.020043,1,0.75,Walking,True,0,0,0
1789903990978,351,587983,1,5616,-4.020043,1,0.75,Walking,True,0,0,0
1789903990994,352,589433,1,5632,-4.020043,1,0.75,Walking,True,0,0,0
1789903990994,352,589433,1,5632,-4.020043,1,0.75,Walking,True,0,0,0
1789903990994,352,589433,1,5632,-4.020043,1,0.75,Walking,True,0,0,0
1789903990994,352,589433,1,5632,-4.020043,1,0.75,Walking,True,0,0,0
1789903990994,352,589433,1,5632,-4.020043,1,0.75,Walking,True,0,0,0
1789903990994,352,589433,1,5632,-4.020043,1,0.75,Walking,True,0,0,0
1789903990994,352,589433,1,5632,-4.020043,1,0.75,Walking,True,0,0,0
1789903990994,352,589433,1,5632,-4.020043,1,0.75,Walking,True,0,0,0
1789903991010,353,590692,1,5648,-4.020043,1,0.75,Walking,True,0,0,0
1789903991010,353,590692,1,5648,-4.020043,1,0.75,Walking,True,0,0,0
1789903991010,353,590692,1,5648,-4.020043,1,0.75,Walking,True,0,0,0
1789903991010,353,590692,1,5648,-4.020043,1,0.75,Walking,True,0,0,0
1789903991010,353,590692,1,5648,-4.020043,1,0.75,Walking,True,0,0,0
1789903991010,353,590692,1,5648,-4.020043,1,0.75,Walking,True,0,0,0
1789903991010,353,590692,1,5648,-4.020043,1,0.75,Walking,True,0,0,0
1789903991010,353,590692,1,5648,-4.020043,1,0.75,Walking,True,0,0,0
1789903991026,354,592206,1,5664,-4.020043,1,0.75,Walking,True,0,0,0
1789903991026,354,592206,1,5664,-4.020043,1,0.75,Walking,True,0,0,0
1789903991026,354,592206,1,5664,-4.020043,1,0.75,Walking,True,0,0,0
1789903991026,354,592206,1,5664,-4.020043,1,0.75,Walking,True,0,0,0
1789903991026,354,592206,1,5664,-4.020043,1,0.75,Walking,True,0,0,0
1789903991026,354,592206,1,5664,-4.020043,1,0.75,Walking,True,0,0,0
1789903991026,354,592206,1,5664,-4.020043,1,0.75,Walking,True,0,0,0
1789903991026,354,592206,1,5664,-4.020043,1,0.75,Walking,True,0,0,0
1789903991041,355,593648,1,5680,-4.020043,1,0.75,Walking,True,0,0,0
1789903991041,355,593648,1,5680,-4.020043,1,0.75,Walking,True,0,0,0
1789903991041,355,593648,1,5680,-4.020043,1,0.75,Walking,True,0,0,0
1789903991041,355,593648,1,5680,-4.020043,1,0.75,Walking,True,0,0,0
1789903991041,355,593648,1,5680,-4.020043,1,0.75,Walking,True,0,0,0
1789903991041,355,593648,1,5680,-4.020043,1,0.75,Walking,True,0,0,0
1789903991041,355,593648,1,5680,-4.020043,1,0.75,Walking,True,0,0,0
1789903991041,355,593648,1,5680,-4.020043,1,0.75,Walking,True,0,0,0
1789903991056,356,595168,1,5696,-4.020043,1,0.75,Walking,True,0,0,0
1789903991056,356,595168,1,5696,-4.020043,1,0.75,Walking,True,0,0,0
1789903991056,356,595168,1,5696,-4.020043,1,0.75,Walking,True,0,0,0
1789903991056,356,595168,1,5696,-4.020043,1,0.75,Walking,True,0,0,0
1789903991056,356,595168,1,5696,-4.020043,1,0.75,Walking,True,0,0,0
1789903991056,356,595168,1,5696,-4.020043,1,0.75,Walking,True,0,0,0
1789903991056,356,595168,1,5696,-4.020043,1,0.75,Walking,True,0,0,0
1789903991056,356,595168,1,5696,-4.020043,1,0.75,Walking,True,0,0,0
1789903991072,357,596566,1,5712,-4.020043,1,0.75,Walking,True,0,0,0
1789903991072,357,596566,1,5712,-4.020043,1,0.75,Walking,True,0,0,0
1789903991072,357,596566,1,5712,-4.020043,1,0.75,Walking,True,0,0,0
1789903991072,357,596566,1,5712,-4.020043,1,0.75,Walking,True,0,0,0
1789903991072,357,596566,1,5712,-4.020043,1,0.75,Walking,True,0,0,0
1789903991072,357,596566,1,5712,-4.020043,1,0.75,Walking,True,0,0,0
1789903991072,357,596566,1,5712,-4.020043,1,0.75,Walking,True,0,0,0
1789903991072,357,596566,1,5712,-4.020043,1,0.75,Walking,True,0,0,0
1789903991477,358,653278,1,5728,-4.020043,1,0.75,Walking,True,0,0,0
1789903991477,358,653278,1,5728,-4.020043,1,0.75,Walking,True,0,0,0
1789903991477,358,653278,1,5728,-4.020043,1,0.75,Walking,True,0,0,0
1789903991477,358,653278,1,5728,-4.020043,1,0.75,Walking,True,0,0,0
1789903991477,358,653278,1,5728,-4.020043,1,0.75,Walking,True,0,0,0
1789903991477,358,653278,1,5728,-4.020043,1,0.75,Walking,True,0,0,0
1789903991477,358,653278,1,5728,-4.020043,1,0.75,Walking,True,0,0,0
1789903991477,358,653278,1,5728,-4.020043,1,0.75,Walking,True,0,0,0
1789903991492,359,656209,1,5744,-4.020043,1,0.75,Walking,True,0,0,0
1789903991492,359,656209,1,5744,-4.020043,1,0.75,Walking,True,0,0,0
1789903991492,359,656209,1,5744,-4.020043,1,0.75,Walking,True,0,0,0
1789903991492,359,656209,1,5744,-4.020043,1,0.75,Walking,True,0,0,0
1789903991492,359,656209,1,5744,-4.020043,1,0.75,Walking,True,0,0,0
1789903991492,359,656209,1,5744,-4.020043,1,0.75,Walking,True,0,0,0
1789903991492,359,656209,1,5744,-4.020043,1,0.75,Walking,True,0,0,0
1789903991492,359,656209,1,5744,-4.020043,1,0.75,Walking,True,0,0,0
1789903991507,360,657623,1,5760,-4.020043,1,0.75,Walking,True,0,0,0
1789903991507,360,657623,1,5760,-4.020043,1,0.75,Walking,True,0,0,0
1789903991507,360,657623,1,5760,-4.020043,1,0.75,Walking,True,0,0,0
1789903991507,360,657623,1,5760,-4.020043,1,0.75,Walking,True,0,0,0
1789903991507,360,657623,1,5760,-4.020043,1,0.75,Walking,True,0,0,0
1789903991507,360,657623,1,5760,-4.020043,1,0.75,Walking,True,0,0,0
1789903991507,360,657623,1,5760,-4.020043,1,0.75,Walking,True,0,0,0
1789903991507,360,657623,1,5760,-4.020043,1,0.75,Walking,True,0,0,0
1789903991522,361,658964,1,5776,-4.020043,1,0.75,Walking,True,0,0,0
1789903991522,361,658964,1,5776,-4.020043,1,0.75,Walking,True,0,0,0
1789903991522,361,658964,1,5776,-4.020043,1,0.75,Walking,True,0,0,0
1789903991522,361,658964,1,5776,-4.020043,1,0.75,Walking,True,0,0,0
1789903991522,361,658964,1,5776,-4.020043,1,0.75,Walking,True,0,0,0
1789903991522,361,658964,1,5776,-4.020043,1,0.75,Walking,True,0,0,0
1789903991522,361,658964,1,5776,-4.020043,1,0.75,Walking,True,0,0,0
1789903991522,361,658964,1,5776,-4.020043,1,0.75,Walking,True,0,0,0
1789903991538,362,660288,1,5792,-4.020043,1,0.75,Walking,True,0,0,0
1789903991538,362,660288,1,5792,-4.020043,1,0.75,Walking,True,0,0,0
1789903991538,362,660288,1,5792,-4.020043,1,0.75,Walking,True,0,0,0
1789903991538,362,660288,1,5792,-4.020043,1,0.75,Walking,True,0,0,0
1789903991538,362,660288,1,5792,-4.020043,1,0.75,Walking,True,0,0,0
1789903991538,362,660288,1,5792,-4.020043,1,0.75,Walking,True,0,0,0
1789903991538,362,660288,1,5792,-4.020043,1,0.75,Walking,True,0,0,0
1789903991538,362,660288,1,5792,-4.020043,1,0.75,Walking,True,0,0,0
1789903991554,363,661694,1,5808,-4.020043,1,0.75,Walking,True,0,0,0
1789903991554,363,661694,1,5808,-4.020043,1,0.75,Walking,True,0,0,0
1789903991554,363,661694,1,5808,-4.020043,1,0.75,Walking,True,0,0,0
1789903991554,363,661694,1,5808,-4.020043,1,0.75,Walking,True,0,0,0
1789903991554,363,661694,1,5808,-4.020043,1,0.75,Walking,True,0,0,0
1789903991554,363,661694,1,5808,-4.020043,1,0.75,Walking,True,0,0,0
1789903991554,363,661694,1,5808,-4.020043,1,0.75,Walking,True,0,0,0
1789903991554,363,661694,1,5808,-4.020043,1,0.75,Walking,True,0,0,0
1789903991570,364,663120,1,5824,-4.020043,1,0.75,Walking,True,0,0,0
1789903991570,364,663120,1,5824,-4.020043,1,0.75,Walking,True,0,0,0
1789903991570,364,663120,1,5824,-4.020043,1,0.75,Walking,True,0,0,0
1789903991570,364,663120,1,5824,-4.020043,1,0.75,Walking,True,0,0,0
1789903991570,364,663120,1,5824,-4.020043,1,0.75,Walking,True,0,0,0
1789903991570,364,663120,1,5824,-4.020043,1,0.75,Walking,True,0,0,0
1789903991570,364,663120,1,5824,-4.020043,1,0.75,Walking,True,0,0,0
1789903991570,364,663120,1,5824,-4.020043,1,0.75,Walking,True,0,0,0
1789903991585,365,664591,1,5840,-4.020043,1,0.75,Walking,True,0,0,0
1789903991585,365,664591,1,5840,-4.020043,1,0.75,Walking,True,0,0,0
1789903991585,365,664591,1,5840,-4.020043,1,0.75,Walking,True,0,0,0
1789903991585,365,664591,1,5840,-4.020043,1,0.75,Walking,True,0,0,0
1789903991585,365,664591,1,5840,-4.020043,1,0.75,Walking,True,0,0,0
1789903991585,365,664591,1,5840,-4.020043,1,0.75,Walking,True,0,0,0
1789903991585,365,664591,1,5840,-4.020043,1,0.75,Walking,True,0,0,0
1789903991585,365,664591,1,5840,-4.020043,1,0.75,Walking,True,0,0,0
1789903991601,366,665982,1,5856,-4.020043,1,0.75,Walking,True,0,0,0
1789903991601,366,665982,1,5856,-4.020043,1,0.75,Walking,True,0,0,0
1789903991601,366,665982,1,5856,-4.020043,1,0.75,Walking,True,0,0,0
1789903991601,366,665982,1,5856,-4.020043,1,0.75,Walking,True,0,0,0
1789903991601,366,665982,1,5856,-4.020043,1,0.75,Walking,True,0,0,0
1789903991601,366,665982,1,5856,-4.020043,1,0.75,Walking,True,0,0,0
1789903991601,366,665982,1,5856,-4.020043,1,0.75,Walking,True,0,0,0
1789903991601,366,665982,1,5856,-4.020043,1,0.75,Walking,True,0,0,0
1789903991616,367,667531,1,5872,-4.020043,1,0.75,Walking,True,0,0,0
1789903991616,367,667531,1,5872,-4.020043,1,0.75,Walking,True,0,0,0
1789903991616,367,667531,1,5872,-4.020043,1,0.75,Walking,True,0,0,0
1789903991616,367,667531,1,5872,-4.020043,1,0.75,Walking,True,0,0,0
1789903991616,367,667531,1,5872,-4.020043,1,0.75,Walking,True,0,0,0
1789903991616,367,667531,1,5872,-4.020043,1,0.75,Walking,True,0,0,0
1789903991616,367,667531,1,5872,-4.020043,1,0.75,Walking,True,0,0,0
1789903991616,367,667531,1,5872,-4.020043,1,0.75,Walking,True,0,0,0
1789903991632,368,668996,1,5888,-4.020043,1,0.75,Walking,True,0,0,0
1789903991632,368,668996,1,5888,-4.020043,1,0.75,Walking,True,0,0,0
1789903991632,368,668996,1,5888,-4.020043,1,0.75,Walking,True,0,0,0
1789903991632,368,668996,1,5888,-4.020043,1,0.75,Walking,True,0,0,0
1789903991632,368,668996,1,5888,-4.020043,1,0.75,Walking,True,0,0,0
1789903991632,368,668996,1,5888,-4.020043,1,0.75,Walking,True,0,0,0
1789903991632,368,668996,1,5888,-4.020043,1,0.75,Walking,True,0,0,0
1789903991632,368,668996,1,5888,-4.020043,1,0.75,Walking,True,0,0,0
1789903991648,369,670478,1,5904,-4.020043,1,0.75,Walking,True,0,0,0
1789903991648,369,670478,1,5904,-4.020043,1,0.75,Walking,True,0,0,0
1789903991648,369,670478,1,5904,-4.020043,1,0.75,Walking,True,0,0,0
1789903991648,369,670478,1,5904,-4.020043,1,0.75,Walking,True,0,0,0
1789903991648,369,670478,1,5904,-4.020043,1,0.75,Walking,True,0,0,0
1789903991648,369,670478,1,5904,-4.020043,1,0.75,Walking,True,0,0,0
1789903991648,369,670478,1,5904,-4.020043,1,0.75,Walking,True,0,0,0
1789903991648,369,670478,1,5904,-4.020043,1,0.75,Walking,True,0,0,0
1789903991664,370,672064,1,5920,-4.020043,1,0.75,Walking,True,0,0,0
1789903991664,370,672064,1,5920,-4.020043,1,0.75,Walking,True,0,0,0
1789903991664,370,672064,1,5920,-4.020043,1,0.75,Walking,True,0,0,0
1789903991664,370,672064,1,5920,-4.020043,1,0.75,Walking,True,0,0,0
1789903991664,370,672064,1,5920,-4.020043,1,0.75,Walking,True,0,0,0
1789903991664,370,672064,1,5920,-4.020043,1,0.75,Walking,True,0,0,0
1789903991664,370,672064,1,5920,-4.020043,1,0.75,Walking,True,0,0,0
1789903991664,370,672064,1,5920,-4.020043,1,0.75,Walking,True,0,0,0
1789903991679,371,673598,1,5936,-4.020043,1,0.75,Walking,True,0,0,0
1789903991679,371,673598,1,5936,-4.020043,1,0.75,Walking,True,0,0,0
1789903991679,371,673598,1,5936,-4.020043,1,0.75,Walking,True,0,0,0
1789903991679,371,673598,1,5936,-4.020043,1,0.75,Walking,True,0,0,0
1789903991679,371,673598,1,5936,-4.020043,1,0.75,Walking,True,0,0,0
1789903991679,371,673598,1,5936,-4.020043,1,0.75,Walking,True,0,0,0
1789903991679,371,673598,1,5936,-4.020043,1,0.75,Walking,True,0,0,0
1789903991679,371,673598,1,5936,-4.020043,1,0.75,Walking,True,0,0,0
1789903991695,372,675038,1,5952,-4.020043,1,0.75,Walking,True,0,0,0
1789903991695,372,675038,1,5952,-4.020043,1,0.75,Walking,True,0,0,0
1789903991695,372,675038,1,5952,-4.020043,1,0.75,Walking,True,0,0,0
1789903991695,372,675038,1,5952,-4.020043,1,0.75,Walking,True,0,0,0
1789903991695,372,675038,1,5952,-4.020043,1,0.75,Walking,True,0,0,0
1789903991695,372,675038,1,5952,-4.020043,1,0.75,Walking,True,0,0,0
1789903991695,372,675038,1,5952,-4.020043,1,0.75,Walking,True,0,0,0
1789903991695,372,675038,1,5952,-4.020043,1,0.75,Walking,True,0,0,0
1789903991711,373,676566,1,5968,-4.020043,1,0.75,Walking,True,0,0,0
1789903991711,373,676566,1,5968,-4.020043,1,0.75,Walking,True,0,0,0
1789903991711,373,676566,1,5968,-4.020043,1,0.75,Walking,True,0,0,0
1789903991711,373,676566,1,5968,-4.020043,1,0.75,Walking,True,0,0,0
1789903991711,373,676566,1,5968,-4.020043,1,0.75,Walking,True,0,0,0
1789903991711,373,676566,1,5968,-4.020043,1,0.75,Walking,True,0,0,0
1789903991711,373,676566,1,5968,-4.020043,1,0.75,Walking,True,0,0,0
1789903991711,373,676566,1,5968,-4.020043,1,0.75,Walking,True,0,0,0
1789903991727,374,678036,1,5984,-4.020043,1,0.75,Walking,True,0,0,0
1789903991727,374,678036,1,5984,-4.020043,1,0.75,Walking,True,0,0,0
1789903991727,374,678036,1,5984,-4.020043,1,0.75,Walking,True,0,0,0
1789903991727,374,678036,1,5984,-4.020043,1,0.75,Walking,True,0,0,0
1789903991727,374,678036,1,5984,-4.020043,1,0.75,Walking,True,0,0,0
1789903991727,374,678036,1,5984,-4.020043,1,0.75,Walking,True,0,0,0
1789903991727,374,678036,1,5984,-4.020043,1,0.75,Walking,True,0,0,0
1789903991727,374,678036,1,5984,-4.020043,1,0.75,Walking,True,0,0,0
1789903991742,375,679521,1,6000,-4.020043,1,0.75,Walking,True,0,0,0
1789903991742,375,679521,1,6000,-4.020043,1,0.75,Walking,True,0,0,0
1789903991742,375,679521,1,6000,-4.020043,1,0.75,Walking,True,0,0,0
1789903991742,375,679521,1,6000,-4.020043,1,0.75,Walking,True,0,0,0
1789903991742,375,679521,1,6000,-4.020043,1,0.75,Walking,True,0,0,0
1789903991742,375,679521,1,6000,-4.020043,1,0.75,Walking,True,0,0,0
1789903991742,375,679521,1,6000,-4.020043,1,0.75,Walking,True,0,0,0
1789903991742,375,679521,1,6000,-4.020043,1,0.75,Walking,True,0,0,0
1789903991758,376,680928,1,6016,-4.020043,1,0.75,Walking,True,0,0,0
1789903991758,376,680928,1,6016,-4.020043,1,0.75,Walking,True,0,0,0
1789903991758,376,680928,1,6016,-4.020043,1,0.75,Walking,True,0,0,0
1789903991758,376,680928,1,6016,-4.020043,1,0.75,Walking,True,0,0,0
1789903991758,376,680928,1,6016,-4.020043,1,0.75,Walking,True,0,0,0
1789903991758,376,680928,1,6016,-4.020043,1,0.75,Walking,True,0,0,0
1789903991758,376,680928,1,6016,-4.020043,1,0.75,Walking,True,0,0,0
1789903991758,376,680928,1,6016,-4.020043,1,0.75,Walking,True,0,0,0
1789903991774,377,682413,1,6032,-4.020043,1,0.75,Walking,True,0,0,0
1789903991774,377,682413,1,6032,-4.020043,1,0.75,Walking,True,0,0,0
1789903991774,377,682413,1,6032,-4.020043,1,0.75,Walking,True,0,0,0
1789903991774,377,682413,1,6032,-4.020043,1,0.75,Walking,True,0,0,0
1789903991774,377,682413,1,6032,-4.020043,1,0.75,Walking,True,0,0,0
1789903991774,377,682413,1,6032,-4.020043,1,0.75,Walking,True,0,0,0
1789903991774,377,682413,1,6032,-4.020043,1,0.75,Walking,True,0,0,0
1789903991774,377,682413,1,6032,-4.020043,1,0.75,Walking,True,0,0,0
1789903991789,378,683762,1,6048,-4.020043,1,0.75,Walking,True,0,0,0
1789903991789,378,683762,1,6048,-4.020043,1,0.75,Walking,True,0,0,0
1789903991789,378,683762,1,6048,-4.020043,1,0.75,Walking,True,0,0,0
1789903991789,378,683762,1,6048,-4.020043,1,0.75,Walking,True,0,0,0
1789903991789,378,683762,1,6048,-4.020043,1,0.75,Walking,True,0,0,0
1789903991789,378,683762,1,6048,-4.020043,1,0.75,Walking,True,0,0,0
1789903991789,378,683762,1,6048,-4.020043,1,0.75,Walking,True,0,0,0
1789903991789,378,683762,1,6048,-4.020043,1,0.75,Walking,True,0,0,0
1789903991805,379,685333,1,6064,-4.020043,1,0.75,Walking,True,0,0,0
1789903991805,379,685333,1,6064,-4.020043,1,0.75,Walking,True,0,0,0
1789903991805,379,685333,1,6064,-4.020043,1,0.75,Walking,True,0,0,0
1789903991805,379,685333,1,6064,-4.020043,1,0.75,Walking,True,0,0,0
1789903991805,379,685333,1,6064,-4.020043,1,0.75,Walking,True,0,0,0
1789903991805,379,685333,1,6064,-4.020043,1,0.75,Walking,True,0,0,0
1789903991805,379,685333,1,6064,-4.020043,1,0.75,Walking,True,0,0,0
1789903991805,379,685333,1,6064,-4.020043,1,0.75,Walking,True,0,0,0
1789903991820,380,686805,1,6080,-4.020043,1,0.75,Walking,True,0,0,0
1789903991820,380,686805,1,6080,-4.020043,1,0.75,Walking,True,0,0,0
1789903991820,380,686805,1,6080,-4.020043,1,0.75,Walking,True,0,0,0
1789903991820,380,686805,1,6080,-4.020043,1,0.75,Walking,True,0,0,0
1789903991820,380,686805,1,6080,-4.020043,1,0.75,Walking,True,0,0,0
1789903991820,380,686805,1,6080,-4.020043,1,0.75,Walking,True,0,0,0
1789903991820,380,686805,1,6080,-4.020043,1,0.75,Walking,True,0,0,0
1789903991820,380,686805,1,6080,-4.020043,1,0.75,Walking,True,0,0,0
1789903991835,381,688345,1,6096,-4.020043,1,0.75,Walking,True,0,0,0
1789903991835,381,688345,1,6096,-4.020043,1,0.75,Walking,True,0,0,0
1789903991835,381,688345,1,6096,-4.020043,1,0.75,Walking,True,0,0,0
1789903991835,381,688345,1,6096,-4.020043,1,0.75,Walking,True,0,0,0
1789903991835,381,688345,1,6096,-4.020043,1,0.75,Walking,True,0,0,0
1789903991835,381,688345,1,6096,-4.020043,1,0.75,Walking,True,0,0,0
1789903991835,381,688345,1,6096,-4.020043,1,0.75,Walking,True,0,0,0
1789903991835,381,688345,1,6096,-4.020043,1,0.75,Walking,True,0,0,0
1789903991851,382,689622,1,6112,-4.020043,1,0.75,Walking,True,0,0,0
1789903991851,382,689622,1,6112,-4.020043,1,0.75,Walking,True,0,0,0
1789903991851,382,689622,1,6112,-4.020043,1,0.75,Walking,True,0,0,0
1789903991851,382,689622,1,6112,-4.020043,1,0.75,Walking,True,0,0,0
1789903991851,382,689622,1,6112,-4.020043,1,0.75,Walking,True,0,0,0
1789903991851,382,689622,1,6112,-4.020043,1,0.75,Walking,True,0,0,0
1789903991851,382,689622,1,6112,-4.020043,1,0.75,Walking,True,0,0,0
1789903991851,382,689622,1,6112,-4.020043,1,0.75,Walking,True,0,0,0
1789903991866,383,691012,1,6128,-4.020043,1,0.75,Walking,True,0,0,0
1789903991866,383,691012,1,6128,-4.020043,1,0.75,Walking,True,0,0,0
1789903991866,383,691012,1,6128,-4.020043,1,0.75,Walking,True,0,0,0
1789903991866,383,691012,1,6128,-4.020043,1,0.75,Walking,True,0,0,0
1789903991866,383,691012,1,6128,-4.020043,1,0.75,Walking,True,0,0,0
1789903991866,383,691012,1,6128,-4.020043,1,0.75,Walking,True,0,0,0
1789903991866,383,691012,1,6128,-4.020043,1,0.75,Walking,True,0,0,0
1789903991866,383,691012,1,6128,-4.020043,1,0.75,Walking,True,0,0,0
1789903991882,384,692409,1,6144,-4.020043,1,0.75,Walking,True,0,0,0
1789903991882,384,692409,1,6144,-4.020043,1,0.75,Walking,True,0,0,0
1789903991882,384,692409,1,6144,-4.020043,1,0.75,Walking,True,0,0,0
1789903991882,384,692409,1,6144,-4.020043,1,0.75,Walking,True,0,0,0
1789903991882,384,692409,1,6144,-4.020043,1,0.75,Walking,True,0,0,0
1789903991882,384,692409,1,6144,-4.020043,1,0.75,Walking,True,0,0,0
1789903991882,384,692409,1,6144,-4.020043,1,0.75,Walking,True,0,0,0
1789903991882,384,692409,1,6144,-4.020043,1,0.75,Walking,True,0,0,0
1789903991897,385,693838,1,6160,-4.020043,1,0.75,Walking,True,0,0,0
1789903991897,385,693838,1,6160,-4.020043,1,0.75,Walking,True,0,0,0
1789903991897,385,693838,1,6160,-4.020043,1,0.75,Walking,True,0,0,0
1789903991897,385,693838,1,6160,-4.020043,1,0.75,Walking,True,0,0,0
1789903991897,385,693838,1,6160,-4.020043,1,0.75,Walking,True,0,0,0
1789903991897,385,693838,1,6160,-4.020043,1,0.75,Walking,True,0,0,0
1789903991897,385,693838,1,6160,-4.020043,1,0.75,Walking,True,0,0,0
1789903991897,385,693838,1,6160,-4.020043,1,0.75,Walking,True,0,0,0
1789903991912,386,695292,1,6176,-4.020043,1,0.75,Walking,True,0,0,0
1789903991912,386,695292,1,6176,-4.020043,1,0.75,Walking,True,0,0,0
1789903991912,386,695292,1,6176,-4.020043,1,0.75,Walking,True,0,0,0
1789903991912,386,695292,1,6176,-4.020043,1,0.75,Walking,True,0,0,0
1789903991912,386,695292,1,6176,-4.020043,1,0.75,Walking,True,0,0,0
1789903991912,386,695292,1,6176,-4.020043,1,0.75,Walking,True,0,0,0
1789903991912,386,695292,1,6176,-4.020043,1,0.75,Walking,True,0,0,0
1789903991912,386,695292,1,6176,-4.020043,1,0.75,Walking,True,0,0,0
1789903991928,387,696802,1,6192,-4.020043,1,0.75,Walking,True,0,0,0
1789903991928,387,696802,1,6192,-4.020043,1,0.75,Walking,True,0,0,0
1789903991928,387,696802,1,6192,-4.020043,1,0.75,Walking,True,0,0,0
1789903991928,387,696802,1,6192,-4.020043,1,0.75,Walking,True,0,0,0
1789903991928,387,696802,1,6192,-4.020043,1,0.75,Walking,True,0,0,0
1789903991928,387,696802,1,6192,-4.020043,1,0.75,Walking,True,0,0,0
1789903991928,387,696802,1,6192,-4.020043,1,0.75,Walking,True,0,0,0
1789903991928,387,696802,1,6192,-4.020043,1,0.75,Walking,True,0,0,0
1789903991943,388,698301,1,6208,-4.020043,1,0.75,Walking,True,0,0,0
1789903991943,388,698301,1,6208,-4.020043,1,0.75,Walking,True,0,0,0
1789903991943,388,698301,1,6208,-4.020043,1,0.75,Walking,True,0,0,0
1789903991943,388,698301,1,6208,-4.020043,1,0.75,Walking,True,0,0,0
1789903991943,388,698301,1,6208,-4.020043,1,0.75,Walking,True,0,0,0
1789903991943,388,698301,1,6208,-4.020043,1,0.75,Walking,True,0,0,0
1789903991943,388,698301,1,6208,-4.020043,1,0.75,Walking,True,0,0,0
1789903991943,388,698301,1,6208,-4.020043,1,0.75,Walking,True,0,0,0
1789903991959,389,699859,1,6224,-4.020043,1,0.75,Walking,True,0,0,0
1789903991959,389,699859,1,6224,-4.020043,1,0.75,Walking,True,0,0,0
1789903991959,389,699859,1,6224,-4.020043,1,0.75,Walking,True,0,0,0
1789903991959,389,699859,1,6224,-4.020043,1,0.75,Walking,True,0,0,0
1789903991959,389,699859,1,6224,-4.020043,1,0.75,Walking,True,0,0,0
1789903991959,389,699859,1,6224,-4.020043,1,0.75,Walking,True,0,0,0
1789903991959,389,699859,1,6224,-4.020043,1,0.75,Walking,True,0,0,0
1789903991959,389,699859,1,6224,-4.020043,1,0.75,Walking,True,0,0,0
1789903991990,390,701489,1,6240,-4.020043,1,0.75,Walking,True,0,0,0
1789903991990,390,701489,1,6240,-4.020043,1,0.75,Walking,True,0,0,0
1789903991990,390,701489,1,6240,-4.020043,1,0.75,Walking,True,0,0,0
1789903991990,390,701489,1,6240,-4.020043,1,0.75,Walking,True,0,0,0
1789903991990,390,701489,1,6240,-4.020043,1,0.75,Walking,True,0,0,0
1789903991990,390,701489,1,6240,-4.020043,1,0.75,Walking,True,0,0,0
1789903991990,390,701489,1,6240,-4.020043,1,0.75,Walking,True,0,0,0
1789903991990,390,701489,1,6240,-4.020043,1,0.75,Walking,True,0,0,0
1789903992006,391,704528,1,6256,-4.020043,1,0.75,Walking,True,0,0,0
1789903992006,391,704528,1,6256,-4.020043,1,0.75,Walking,True,0,0,0
1789903992006,391,704528,1,6256,-4.020043,1,0.75,Walking,True,0,0,0
1789903992006,391,704528,1,6256,-4.020043,1,0.75,Walking,True,0,0,0
1789903992006,391,704528,1,6256,-4.020043,1,0.75,Walking,True,0,0,0
1789903992006,391,704528,1,6256,-4.020043,1,0.75,Walking,True,0,0,0
1789903992006,391,704528,1,6256,-4.020043,1,0.75,Walking,True,0,0,0
1789903992006,391,704528,1,6256,-4.020043,1,0.75,Walking,True,0,0,0
1789903992021,392,706022,1,6272,-4.020043,1,0.75,Walking,True,0,0,0
1789903992021,392,706022,1,6272,-4.020043,1,0.75,Walking,True,0,0,0
1789903992021,392,706022,1,6272,-4.020043,1,0.75,Walking,True,0,0,0
1789903992021,392,706022,1,6272,-4.020043,1,0.75,Walking,True,0,0,0
1789903992021,392,706022,1,6272,-4.020043,1,0.75,Walking,True,0,0,0
1789903992021,392,706022,1,6272,-4.020043,1,0.75,Walking,True,0,0,0
1789903992021,392,706022,1,6272,-4.020043,1,0.75,Walking,True,0,0,0
1789903992021,392,706022,1,6272,-4.020043,1,0.75,Walking,True,0,0,0
1789903992037,393,707562,1,6288,-4.020043,1,0.75,Walking,True,0,0,0
1789903992037,393,707562,1,6288,-4.020043,1,0.75,Walking,True,0,0,0
1789903992037,393,707562,1,6288,-4.020043,1,0.75,Walking,True,0,0,0
1789903992037,393,707562,1,6288,-4.020043,1,0.75,Walking,True,0,0,0
1789903992037,393,707562,1,6288,-4.020043,1,0.75,Walking,True,0,0,0
1789903992037,393,707562,1,6288,-4.020043,1,0.75,Walking,True,0,0,0
1789903992037,393,707562,1,6288,-4.020043,1,0.75,Walking,True,0,0,0
1789903992037,393,707562,1,6288,-4.020043,1,0.75,Walking,True,0,0,0
1789903992052,394,709086,1,6304,-4.020043,1,0.75,Walking,True,0,0,0
1789903992052,394,709086,1,6304,-4.020043,1,0.75,Walking,True,0,0,0
1789903992052,394,709086,1,6304,-4.020043,1,0.75,Walking,True,0,0,0
1789903992052,394,709086,1,6304,-4.020043,1,0.75,Walking,True,0,0,0
1789903992052,394,709086,1,6304,-4.020043,1,0.75,Walking,True,0,0,0
1789903992052,394,709086,1,6304,-4.020043,1,0.75,Walking,True,0,0,0
1789903992052,394,709086,1,6304,-4.020043,1,0.75,Walking,True,0,0,0
1789903992052,394,709086,1,6304,-4.020043,1,0.75,Walking,True,0,0,0
1789904000043,394,1868071,2,6304,-4.020043,1,0.75,Walking,True,0,0,0
1789904000043,394,1868071,2,6304,-4.020043,1,0.75,Walking,True,0,0,0
1789904000043,394,1868071,2,6304,-4.020043,1,0.75,Walking,True,0,0,0
1789904000043,394,1868071,2,6304,-4.020043,1,0.75,Walking,True,0,0,0
1789904000043,394,1868071,2,6304,-4.020043,1,0.75,Walking,True,0,0,0
1789904000043,394,1868071,2,6304,-4.020043,1,0.75,Walking,True,0,0,0
1789904000043,394,1868071,2,6304,-4.020043,1,0.75,Walking,True,0,0,0
1789904000043,394,1868071,2,6304,-4.020043,1,0.75,Walking,True,0,0,0

## 客户端 B（本端 uid=302，对手 uid=301）
note: ap=ok sp=ok
note: resync 1→1 旧流帧=88 对照帧=172 边界=394→394
apTicksAccepted=394 apTicksRejected=0
apResyncApplied=0 apStreamVersion=1 apUnacked=2 apSnapshotApplied=391 spInterpAuthorityAccepted=64
# owner 可靠事件（kind 1=ModeChanged, 2=Landed）
event kind=1 value=1 key=2113
event kind=1 value=0 key=2505
event kind=2 value=0 key=2506
# AP 侧收到的真实 DS 权威快照轨迹（wallMs,outputFrame,serverFrame,stream,totalMs,x,y,z,mode,grounded,velX,velY,velZ）
1789903984911,0,0,1,0,-3,1,0.75,Walking,True,0,0,0
1789903984941,1,6961,1,16,-2.99488,1,0.75,Walking,True,0.32,0,0
1789903984941,1,6961,1,16,-2.99488,1,0.75,Walking,True,0.32,0,0
1789903984941,1,6961,1,16,-2.99488,1,0.75,Walking,True,0.32,0,0
1789903984941,1,6961,1,16,-2.99488,1,0.75,Walking,True,0.32,0,0
1789903984941,1,6961,1,16,-2.99488,1,0.75,Walking,True,0.32,0,0
1789903984941,1,6961,1,16,-2.99488,1,0.75,Walking,True,0.32,0,0
1789903984941,1,6961,1,16,-2.99488,1,0.75,Walking,True,0.32,0,0
1789903984941,1,6961,1,16,-2.99488,1,0.75,Walking,True,0.32,0,0
1789903984959,2,7356,1,32,-2.98464,1,0.75,Walking,True,0.64,0,0
1789903984959,2,7356,1,32,-2.98464,1,0.75,Walking,True,0.64,0,0
1789903984959,2,7356,1,32,-2.98464,1,0.75,Walking,True,0.64,0,0
1789903984959,2,7356,1,32,-2.98464,1,0.75,Walking,True,0.64,0,0
1789903984959,2,7356,1,32,-2.98464,1,0.75,Walking,True,0.64,0,0
1789903984959,2,7356,1,32,-2.98464,1,0.75,Walking,True,0.64,0,0
1789903984959,2,7356,1,32,-2.98464,1,0.75,Walking,True,0.64,0,0
1789903984959,2,7356,1,32,-2.98464,1,0.75,Walking,True,0.64,0,0
1789903984973,3,9051,1,48,-2.96928,1,0.75,Walking,True,0.96,0,0
1789903984973,3,9051,1,48,-2.96928,1,0.75,Walking,True,0.96,0,0
1789903984973,3,9051,1,48,-2.96928,1,0.75,Walking,True,0.96,0,0
1789903984973,3,9051,1,48,-2.96928,1,0.75,Walking,True,0.96,0,0
1789903984973,3,9051,1,48,-2.96928,1,0.75,Walking,True,0.96,0,0
1789903984973,3,9051,1,48,-2.96928,1,0.75,Walking,True,0.96,0,0
1789903984973,3,9051,1,48,-2.96928,1,0.75,Walking,True,0.96,0,0
1789903984973,3,9051,1,48,-2.96928,1,0.75,Walking,True,0.96,0,0
1789903984988,4,10262,1,64,-2.9488,1,0.75,Walking,True,1.28,0,0
1789903984988,4,10262,1,64,-2.9488,1,0.75,Walking,True,1.28,0,0
1789903984988,4,10262,1,64,-2.9488,1,0.75,Walking,True,1.28,0,0
1789903984988,4,10262,1,64,-2.9488,1,0.75,Walking,True,1.28,0,0
1789903984988,4,10262,1,64,-2.9488,1,0.75,Walking,True,1.28,0,0
1789903984988,4,10262,1,64,-2.9488,1,0.75,Walking,True,1.28,0,0
1789903984988,4,10262,1,64,-2.9488,1,0.75,Walking,True,1.28,0,0
1789903984988,4,10262,1,64,-2.9488,1,0.75,Walking,True,1.28,0,0
1789903985003,5,11599,1,80,-2.9232,1,0.75,Walking,True,1.6,0,0
1789903985003,5,11599,1,80,-2.9232,1,0.75,Walking,True,1.6,0,0
1789903985003,5,11599,1,80,-2.9232,1,0.75,Walking,True,1.6,0,0
1789903985003,5,11599,1,80,-2.9232,1,0.75,Walking,True,1.6,0,0
1789903985003,5,11599,1,80,-2.9232,1,0.75,Walking,True,1.6,0,0
1789903985003,5,11599,1,80,-2.9232,1,0.75,Walking,True,1.6,0,0
1789903985003,5,11599,1,80,-2.9232,1,0.75,Walking,True,1.6,0,0
1789903985003,5,11599,1,80,-2.9232,1,0.75,Walking,True,1.6,0,0
1789903985019,6,13044,1,96,-2.89248,1,0.75,Walking,True,1.92,0,0
1789903985019,6,13044,1,96,-2.89248,1,0.75,Walking,True,1.92,0,0
1789903985019,6,13044,1,96,-2.89248,1,0.75,Walking,True,1.92,0,0
1789903985019,6,13044,1,96,-2.89248,1,0.75,Walking,True,1.92,0,0
1789903985019,6,13044,1,96,-2.89248,1,0.75,Walking,True,1.92,0,0
1789903985019,6,13044,1,96,-2.89248,1,0.75,Walking,True,1.92,0,0
1789903985019,6,13044,1,96,-2.89248,1,0.75,Walking,True,1.92,0,0
1789903985019,6,13044,1,96,-2.89248,1,0.75,Walking,True,1.92,0,0
1789903985034,7,14536,1,112,-2.85664,1,0.75,Walking,True,2.24,0,0
1789903985034,7,14536,1,112,-2.85664,1,0.75,Walking,True,2.24,0,0
1789903985034,7,14536,1,112,-2.85664,1,0.75,Walking,True,2.24,0,0
1789903985034,7,14536,1,112,-2.85664,1,0.75,Walking,True,2.24,0,0
1789903985034,7,14536,1,112,-2.85664,1,0.75,Walking,True,2.24,0,0
1789903985034,7,14536,1,112,-2.85664,1,0.75,Walking,True,2.24,0,0
1789903985034,7,14536,1,112,-2.85664,1,0.75,Walking,True,2.24,0,0
1789903985034,7,14536,1,112,-2.85664,1,0.75,Walking,True,2.24,0,0
1789903985050,8,15935,1,128,-2.81568,1,0.75,Walking,True,2.56,0,0
1789903985050,8,15935,1,128,-2.81568,1,0.75,Walking,True,2.56,0,0
1789903985050,8,15935,1,128,-2.81568,1,0.75,Walking,True,2.56,0,0
1789903985050,8,15935,1,128,-2.81568,1,0.75,Walking,True,2.56,0,0
1789903985050,8,15935,1,128,-2.81568,1,0.75,Walking,True,2.56,0,0
1789903985050,8,15935,1,128,-2.81568,1,0.75,Walking,True,2.56,0,0
1789903985050,8,15935,1,128,-2.81568,1,0.75,Walking,True,2.56,0,0
1789903985050,8,15935,1,128,-2.81568,1,0.75,Walking,True,2.56,0,0
1789903985064,9,17389,1,144,-2.7696,1,0.75,Walking,True,2.88,0,0
1789903985064,9,17389,1,144,-2.7696,1,0.75,Walking,True,2.88,0,0
1789903985064,9,17389,1,144,-2.7696,1,0.75,Walking,True,2.88,0,0
1789903985064,9,17389,1,144,-2.7696,1,0.75,Walking,True,2.88,0,0
1789903985065,9,17389,1,144,-2.7696,1,0.75,Walking,True,2.88,0,0
1789903985065,9,17389,1,144,-2.7696,1,0.75,Walking,True,2.88,0,0
1789903985065,9,17389,1,144,-2.7696,1,0.75,Walking,True,2.88,0,0
1789903985065,9,17389,1,144,-2.7696,1,0.75,Walking,True,2.88,0,0
1789903985081,10,18696,1,160,-2.7184,1,0.75,Walking,True,3.2,0,0
1789903985081,10,18696,1,160,-2.7184,1,0.75,Walking,True,3.2,0,0
1789903985081,10,18696,1,160,-2.7184,1,0.75,Walking,True,3.2,0,0
1789903985081,10,18696,1,160,-2.7184,1,0.75,Walking,True,3.2,0,0
1789903985081,10,18696,1,160,-2.7184,1,0.75,Walking,True,3.2,0,0
1789903985081,10,18696,1,160,-2.7184,1,0.75,Walking,True,3.2,0,0
1789903985081,10,18696,1,160,-2.7184,1,0.75,Walking,True,3.2,0,0
1789903985081,10,18696,1,160,-2.7184,1,0.75,Walking,True,3.2,0,0
1789903985096,11,20367,1,176,-2.66208,1,0.75,Walking,True,3.52,0,0
1789903985096,11,20367,1,176,-2.66208,1,0.75,Walking,True,3.52,0,0
1789903985096,11,20367,1,176,-2.66208,1,0.75,Walking,True,3.52,0,0
1789903985096,11,20367,1,176,-2.66208,1,0.75,Walking,True,3.52,0,0
1789903985096,11,20367,1,176,-2.66208,1,0.75,Walking,True,3.52,0,0
1789903985096,11,20367,1,176,-2.66208,1,0.75,Walking,True,3.52,0,0
1789903985096,11,20367,1,176,-2.66208,1,0.75,Walking,True,3.52,0,0
1789903985096,11,20367,1,176,-2.66208,1,0.75,Walking,True,3.52,0,0
1789903985112,12,21831,1,192,-2.60064,1,0.75,Walking,True,3.84,0,0
1789903985112,12,21831,1,192,-2.60064,1,0.75,Walking,True,3.84,0,0
1789903985112,12,21831,1,192,-2.60064,1,0.75,Walking,True,3.84,0,0
1789903985112,12,21831,1,192,-2.60064,1,0.75,Walking,True,3.84,0,0
1789903985112,12,21831,1,192,-2.60064,1,0.75,Walking,True,3.84,0,0
1789903985112,12,21831,1,192,-2.60064,1,0.75,Walking,True,3.84,0,0
1789903985113,12,21831,1,192,-2.60064,1,0.75,Walking,True,3.84,0,0
1789903985113,12,21831,1,192,-2.60064,1,0.75,Walking,True,3.84,0,0
1789903985127,13,23098,1,208,-2.53824,1,0.75,Walking,True,3.9,0,0
1789903985127,13,23098,1,208,-2.53824,1,0.75,Walking,True,3.9,0,0
1789903985127,13,23098,1,208,-2.53824,1,0.75,Walking,True,3.9,0,0
1789903985127,13,23098,1,208,-2.53824,1,0.75,Walking,True,3.9,0,0
1789903985127,13,23098,1,208,-2.53824,1,0.75,Walking,True,3.9,0,0
1789903985127,13,23098,1,208,-2.53824,1,0.75,Walking,True,3.9,0,0
1789903985127,13,23098,1,208,-2.53824,1,0.75,Walking,True,3.9,0,0
1789903985127,13,23098,1,208,-2.53824,1,0.75,Walking,True,3.9,0,0
1789903985143,14,24461,1,224,-2.47584,1,0.75,Walking,True,3.9,0,0
1789903985143,14,24461,1,224,-2.47584,1,0.75,Walking,True,3.9,0,0
1789903985143,14,24461,1,224,-2.47584,1,0.75,Walking,True,3.9,0,0
1789903985143,14,24461,1,224,-2.47584,1,0.75,Walking,True,3.9,0,0
1789903985143,14,24461,1,224,-2.47584,1,0.75,Walking,True,3.9,0,0
1789903985143,14,24461,1,224,-2.47584,1,0.75,Walking,True,3.9,0,0
1789903985143,14,24461,1,224,-2.47584,1,0.75,Walking,True,3.9,0,0
1789903985143,14,24461,1,224,-2.47584,1,0.75,Walking,True,3.9,0,0
1789903985159,15,25458,1,240,-2.41344,1,0.75,Walking,True,3.9,0,0
1789903985159,15,25458,1,240,-2.41344,1,0.75,Walking,True,3.9,0,0
1789903985159,15,25458,1,240,-2.41344,1,0.75,Walking,True,3.9,0,0
1789903985159,15,25458,1,240,-2.41344,1,0.75,Walking,True,3.9,0,0
1789903985159,15,25458,1,240,-2.41344,1,0.75,Walking,True,3.9,0,0
1789903985159,15,25458,1,240,-2.41344,1,0.75,Walking,True,3.9,0,0
1789903985159,15,25458,1,240,-2.41344,1,0.75,Walking,True,3.9,0,0
1789903985159,15,25458,1,240,-2.41344,1,0.75,Walking,True,3.9,0,0
1789903985173,16,26798,1,256,-2.351039,1,0.75,Walking,True,3.9,0,0
1789903985174,16,26798,1,256,-2.351039,1,0.75,Walking,True,3.9,0,0
1789903985174,16,26798,1,256,-2.351039,1,0.75,Walking,True,3.9,0,0
1789903985174,16,26798,1,256,-2.351039,1,0.75,Walking,True,3.9,0,0
1789903985174,16,26798,1,256,-2.351039,1,0.75,Walking,True,3.9,0,0
1789903985174,16,26798,1,256,-2.351039,1,0.75,Walking,True,3.9,0,0
1789903985174,16,26798,1,256,-2.351039,1,0.75,Walking,True,3.9,0,0
1789903985174,16,26798,1,256,-2.351039,1,0.75,Walking,True,3.9,0,0
1789903985190,17,28132,1,272,-2.288639,1,0.75,Walking,True,3.9,0,0
1789903985190,17,28132,1,272,-2.288639,1,0.75,Walking,True,3.9,0,0
1789903985190,17,28132,1,272,-2.288639,1,0.75,Walking,True,3.9,0,0
1789903985190,17,28132,1,272,-2.288639,1,0.75,Walking,True,3.9,0,0
1789903985190,17,28132,1,272,-2.288639,1,0.75,Walking,True,3.9,0,0
1789903985190,17,28132,1,272,-2.288639,1,0.75,Walking,True,3.9,0,0
1789903985190,17,28132,1,272,-2.288639,1,0.75,Walking,True,3.9,0,0
1789903985190,17,28132,1,272,-2.288639,1,0.75,Walking,True,3.9,0,0
1789903985206,18,29357,1,288,-2.226239,1,0.75,Walking,True,3.9,0,0
1789903985206,18,29357,1,288,-2.226239,1,0.75,Walking,True,3.9,0,0
1789903985206,18,29357,1,288,-2.226239,1,0.75,Walking,True,3.9,0,0
1789903985206,18,29357,1,288,-2.226239,1,0.75,Walking,True,3.9,0,0
1789903985206,18,29357,1,288,-2.226239,1,0.75,Walking,True,3.9,0,0
1789903985206,18,29357,1,288,-2.226239,1,0.75,Walking,True,3.9,0,0
1789903985206,18,29357,1,288,-2.226239,1,0.75,Walking,True,3.9,0,0
1789903985206,18,29357,1,288,-2.226239,1,0.75,Walking,True,3.9,0,0
1789903985221,19,30815,1,304,-2.163839,1,0.75,Walking,True,3.9,0,0
1789903985221,19,30815,1,304,-2.163839,1,0.75,Walking,True,3.9,0,0
1789903985221,19,30815,1,304,-2.163839,1,0.75,Walking,True,3.9,0,0
1789903985221,19,30815,1,304,-2.163839,1,0.75,Walking,True,3.9,0,0
1789903985221,19,30815,1,304,-2.163839,1,0.75,Walking,True,3.9,0,0
1789903985221,19,30815,1,304,-2.163839,1,0.75,Walking,True,3.9,0,0
1789903985221,19,30815,1,304,-2.163839,1,0.75,Walking,True,3.9,0,0
1789903985221,19,30815,1,304,-2.163839,1,0.75,Walking,True,3.9,0,0
1789903985236,20,32170,1,320,-2.101439,1,0.75,Walking,True,3.9,0,0
1789903985236,20,32170,1,320,-2.101439,1,0.75,Walking,True,3.9,0,0
1789903985236,20,32170,1,320,-2.101439,1,0.75,Walking,True,3.9,0,0
1789903985236,20,32170,1,320,-2.101439,1,0.75,Walking,True,3.9,0,0
1789903985236,20,32170,1,320,-2.101439,1,0.75,Walking,True,3.9,0,0
1789903985236,20,32170,1,320,-2.101439,1,0.75,Walking,True,3.9,0,0
1789903985236,20,32170,1,320,-2.101439,1,0.75,Walking,True,3.9,0,0
1789903985236,20,32170,1,320,-2.101439,1,0.75,Walking,True,3.9,0,0
1789903985252,21,33542,1,336,-2.039039,1,0.75,Walking,True,3.9,0,0
1789903985252,21,33542,1,336,-2.039039,1,0.75,Walking,True,3.9,0,0
1789903985252,21,33542,1,336,-2.039039,1,0.75,Walking,True,3.9,0,0
1789903985252,21,33542,1,336,-2.039039,1,0.75,Walking,True,3.9,0,0
1789903985252,21,33542,1,336,-2.039039,1,0.75,Walking,True,3.9,0,0
1789903985252,21,33542,1,336,-2.039039,1,0.75,Walking,True,3.9,0,0
1789903985252,21,33542,1,336,-2.039039,1,0.75,Walking,True,3.9,0,0
1789903985252,21,33542,1,336,-2.039039,1,0.75,Walking,True,3.9,0,0
1789903985268,22,35084,1,352,-1.976639,1,0.75,Walking,True,3.9,0,0
1789903985268,22,35084,1,352,-1.976639,1,0.75,Walking,True,3.9,0,0
1789903985268,22,35084,1,352,-1.976639,1,0.75,Walking,True,3.9,0,0
1789903985268,22,35084,1,352,-1.976639,1,0.75,Walking,True,3.9,0,0
1789903985268,22,35084,1,352,-1.976639,1,0.75,Walking,True,3.9,0,0
1789903985268,22,35084,1,352,-1.976639,1,0.75,Walking,True,3.9,0,0
1789903985268,22,35084,1,352,-1.976639,1,0.75,Walking,True,3.9,0,0
1789903985268,22,35084,1,352,-1.976639,1,0.75,Walking,True,3.9,0,0
1789903985284,23,36611,1,368,-1.914239,1,0.75,Walking,True,3.9,0,0
1789903985284,23,36611,1,368,-1.914239,1,0.75,Walking,True,3.9,0,0
1789903985284,23,36611,1,368,-1.914239,1,0.75,Walking,True,3.9,0,0
1789903985284,23,36611,1,368,-1.914239,1,0.75,Walking,True,3.9,0,0
1789903985284,23,36611,1,368,-1.914239,1,0.75,Walking,True,3.9,0,0
1789903985284,23,36611,1,368,-1.914239,1,0.75,Walking,True,3.9,0,0
1789903985284,23,36611,1,368,-1.914239,1,0.75,Walking,True,3.9,0,0
1789903985284,23,36611,1,368,-1.914239,1,0.75,Walking,True,3.9,0,0
1789903985299,24,37989,1,384,-1.851839,1,0.75,Walking,True,3.9,0,0
1789903985299,24,37989,1,384,-1.851839,1,0.75,Walking,True,3.9,0,0
1789903985299,24,37989,1,384,-1.851839,1,0.75,Walking,True,3.9,0,0
1789903985299,24,37989,1,384,-1.851839,1,0.75,Walking,True,3.9,0,0
1789903985299,24,37989,1,384,-1.851839,1,0.75,Walking,True,3.9,0,0
1789903985299,24,37989,1,384,-1.851839,1,0.75,Walking,True,3.9,0,0
1789903985299,24,37989,1,384,-1.851839,1,0.75,Walking,True,3.9,0,0
1789903985299,24,37989,1,384,-1.851839,1,0.75,Walking,True,3.9,0,0
1789903985315,25,39215,1,400,-1.789439,1,0.75,Walking,True,3.9,0,0
1789903985315,25,39215,1,400,-1.789439,1,0.75,Walking,True,3.9,0,0
1789903985315,25,39215,1,400,-1.789439,1,0.75,Walking,True,3.9,0,0
1789903985315,25,39215,1,400,-1.789439,1,0.75,Walking,True,3.9,0,0
1789903985315,25,39215,1,400,-1.789439,1,0.75,Walking,True,3.9,0,0
1789903985315,25,39215,1,400,-1.789439,1,0.75,Walking,True,3.9,0,0
1789903985315,25,39215,1,400,-1.789439,1,0.75,Walking,True,3.9,0,0
1789903985315,25,39215,1,400,-1.789439,1,0.75,Walking,True,3.9,0,0
1789903985330,26,40612,1,416,-1.727039,1,0.75,Walking,True,3.9,0,0
1789903985330,26,40612,1,416,-1.727039,1,0.75,Walking,True,3.9,0,0
1789903985330,26,40612,1,416,-1.727039,1,0.75,Walking,True,3.9,0,0
1789903985330,26,40612,1,416,-1.727039,1,0.75,Walking,True,3.9,0,0
1789903985330,26,40612,1,416,-1.727039,1,0.75,Walking,True,3.9,0,0
1789903985330,26,40612,1,416,-1.727039,1,0.75,Walking,True,3.9,0,0
1789903985330,26,40612,1,416,-1.727039,1,0.75,Walking,True,3.9,0,0
1789903985330,26,40612,1,416,-1.727039,1,0.75,Walking,True,3.9,0,0
1789903985346,27,42012,1,432,-1.664639,1,0.75,Walking,True,3.9,0,0
1789903985346,27,42012,1,432,-1.664639,1,0.75,Walking,True,3.9,0,0
1789903985346,27,42012,1,432,-1.664639,1,0.75,Walking,True,3.9,0,0
1789903985346,27,42012,1,432,-1.664639,1,0.75,Walking,True,3.9,0,0
1789903985346,27,42012,1,432,-1.664639,1,0.75,Walking,True,3.9,0,0
1789903985346,27,42012,1,432,-1.664639,1,0.75,Walking,True,3.9,0,0
1789903985346,27,42012,1,432,-1.664639,1,0.75,Walking,True,3.9,0,0
1789903985346,27,42012,1,432,-1.664639,1,0.75,Walking,True,3.9,0,0
1789903985376,28,43273,1,448,-1.602239,1,0.75,Walking,True,3.9,0,0
1789903985376,28,43273,1,448,-1.602239,1,0.75,Walking,True,3.9,0,0
1789903985376,28,43273,1,448,-1.602239,1,0.75,Walking,True,3.9,0,0
1789903985376,28,43273,1,448,-1.602239,1,0.75,Walking,True,3.9,0,0
1789903985376,28,43273,1,448,-1.602239,1,0.75,Walking,True,3.9,0,0
1789903985376,28,43273,1,448,-1.602239,1,0.75,Walking,True,3.9,0,0
1789903985376,28,43273,1,448,-1.602239,1,0.75,Walking,True,3.9,0,0
1789903985376,28,43273,1,448,-1.602239,1,0.75,Walking,True,3.9,0,0
1789903985392,29,45857,1,464,-1.539839,1,0.75,Walking,True,3.9,0,0
1789903985392,29,45857,1,464,-1.539839,1,0.75,Walking,True,3.9,0,0
1789903985392,29,45857,1,464,-1.539839,1,0.75,Walking,True,3.9,0,0
1789903985392,29,45857,1,464,-1.539839,1,0.75,Walking,True,3.9,0,0
1789903985392,29,45857,1,464,-1.539839,1,0.75,Walking,True,3.9,0,0
1789903985392,29,45857,1,464,-1.539839,1,0.75,Walking,True,3.9,0,0
1789903985392,29,45857,1,464,-1.539839,1,0.75,Walking,True,3.9,0,0
1789903985392,29,45857,1,464,-1.539839,1,0.75,Walking,True,3.9,0,0
1789903985408,30,47190,1,480,-1.477439,1,0.75,Walking,True,3.9,0,0
1789903985408,30,47190,1,480,-1.477439,1,0.75,Walking,True,3.9,0,0
1789903985408,30,47190,1,480,-1.477439,1,0.75,Walking,True,3.9,0,0
1789903985408,30,47190,1,480,-1.477439,1,0.75,Walking,True,3.9,0,0
1789903985408,30,47190,1,480,-1.477439,1,0.75,Walking,True,3.9,0,0
1789903985408,30,47190,1,480,-1.477439,1,0.75,Walking,True,3.9,0,0
1789903985408,30,47190,1,480,-1.477439,1,0.75,Walking,True,3.9,0,0
1789903985408,30,47190,1,480,-1.477439,1,0.75,Walking,True,3.9,0,0
1789903985423,31,48504,1,496,-1.415039,1,0.75,Walking,True,3.9,0,0
1789903985423,31,48504,1,496,-1.415039,1,0.75,Walking,True,3.9,0,0
1789903985423,31,48504,1,496,-1.415039,1,0.75,Walking,True,3.9,0,0
1789903985423,31,48504,1,496,-1.415039,1,0.75,Walking,True,3.9,0,0
1789903985423,31,48504,1,496,-1.415039,1,0.75,Walking,True,3.9,0,0
1789903985423,31,48504,1,496,-1.415039,1,0.75,Walking,True,3.9,0,0
1789903985423,31,48504,1,496,-1.415039,1,0.75,Walking,True,3.9,0,0
1789903985423,31,48504,1,496,-1.415039,1,0.75,Walking,True,3.9,0,0
1789903985439,32,49894,1,512,-1.352639,1,0.75,Walking,True,3.9,0,0
1789903985439,32,49894,1,512,-1.352639,1,0.75,Walking,True,3.9,0,0
1789903985439,32,49894,1,512,-1.352639,1,0.75,Walking,True,3.9,0,0
1789903985439,32,49894,1,512,-1.352639,1,0.75,Walking,True,3.9,0,0
1789903985439,32,49894,1,512,-1.352639,1,0.75,Walking,True,3.9,0,0
1789903985439,32,49894,1,512,-1.352639,1,0.75,Walking,True,3.9,0,0
1789903985439,32,49894,1,512,-1.352639,1,0.75,Walking,True,3.9,0,0
1789903985439,32,49894,1,512,-1.352639,1,0.75,Walking,True,3.9,0,0
1789903985454,33,51258,1,528,-1.290239,1,0.75,Walking,True,3.9,0,0
1789903985454,33,51258,1,528,-1.290239,1,0.75,Walking,True,3.9,0,0
1789903985454,33,51258,1,528,-1.290239,1,0.75,Walking,True,3.9,0,0
1789903985454,33,51258,1,528,-1.290239,1,0.75,Walking,True,3.9,0,0
1789903985454,33,51258,1,528,-1.290239,1,0.75,Walking,True,3.9,0,0
1789903985454,33,51258,1,528,-1.290239,1,0.75,Walking,True,3.9,0,0
1789903985454,33,51258,1,528,-1.290239,1,0.75,Walking,True,3.9,0,0
1789903985454,33,51258,1,528,-1.290239,1,0.75,Walking,True,3.9,0,0
1789903985470,34,52707,1,544,-1.227839,1,0.75,Walking,True,3.9,0,0
1789903985470,34,52707,1,544,-1.227839,1,0.75,Walking,True,3.9,0,0
1789903985470,34,52707,1,544,-1.227839,1,0.75,Walking,True,3.9,0,0
1789903985470,34,52707,1,544,-1.227839,1,0.75,Walking,True,3.9,0,0
1789903985470,34,52707,1,544,-1.227839,1,0.75,Walking,True,3.9,0,0
1789903985470,34,52707,1,544,-1.227839,1,0.75,Walking,True,3.9,0,0
1789903985470,34,52707,1,544,-1.227839,1,0.75,Walking,True,3.9,0,0
1789903985470,34,52707,1,544,-1.227839,1,0.75,Walking,True,3.9,0,0
1789903985485,35,53997,1,560,-1.165439,1,0.75,Walking,True,3.9,0,0
1789903985485,35,53997,1,560,-1.165439,1,0.75,Walking,True,3.9,0,0
1789903985485,35,53997,1,560,-1.165439,1,0.75,Walking,True,3.9,0,0
1789903985485,35,53997,1,560,-1.165439,1,0.75,Walking,True,3.9,0,0
1789903985485,35,53997,1,560,-1.165439,1,0.75,Walking,True,3.9,0,0
1789903985485,35,53997,1,560,-1.165439,1,0.75,Walking,True,3.9,0,0
1789903985485,35,53997,1,560,-1.165439,1,0.75,Walking,True,3.9,0,0
1789903985485,35,53997,1,560,-1.165439,1,0.75,Walking,True,3.9,0,0
1789903985500,36,55380,1,576,-1.103039,1,0.75,Walking,True,3.9,0,0
1789903985500,36,55380,1,576,-1.103039,1,0.75,Walking,True,3.9,0,0
1789903985500,36,55380,1,576,-1.103039,1,0.75,Walking,True,3.9,0,0
1789903985500,36,55380,1,576,-1.103039,1,0.75,Walking,True,3.9,0,0
1789903985500,36,55380,1,576,-1.103039,1,0.75,Walking,True,3.9,0,0
1789903985500,36,55380,1,576,-1.103039,1,0.75,Walking,True,3.9,0,0
1789903985500,36,55380,1,576,-1.103039,1,0.75,Walking,True,3.9,0,0
1789903985500,36,55380,1,576,-1.103039,1,0.75,Walking,True,3.9,0,0
1789903985516,37,56811,1,592,-1.040639,1,0.75,Walking,True,3.9,0,0
1789903985516,37,56811,1,592,-1.040639,1,0.75,Walking,True,3.9,0,0
1789903985516,37,56811,1,592,-1.040639,1,0.75,Walking,True,3.9,0,0
1789903985516,37,56811,1,592,-1.040639,1,0.75,Walking,True,3.9,0,0
1789903985516,37,56811,1,592,-1.040639,1,0.75,Walking,True,3.9,0,0
1789903985516,37,56811,1,592,-1.040639,1,0.75,Walking,True,3.9,0,0
1789903985517,37,56811,1,592,-1.040639,1,0.75,Walking,True,3.9,0,0
1789903985517,37,56811,1,592,-1.040639,1,0.75,Walking,True,3.9,0,0
1789903985532,38,58283,1,608,-0.978239,1,0.75,Walking,True,3.9,0,0
1789903985532,38,58283,1,608,-0.978239,1,0.75,Walking,True,3.9,0,0
1789903985532,38,58283,1,608,-0.978239,1,0.75,Walking,True,3.9,0,0
1789903985532,38,58283,1,608,-0.978239,1,0.75,Walking,True,3.9,0,0
1789903985532,38,58283,1,608,-0.978239,1,0.75,Walking,True,3.9,0,0
1789903985532,38,58283,1,608,-0.978239,1,0.75,Walking,True,3.9,0,0
1789903985532,38,58283,1,608,-0.978239,1,0.75,Walking,True,3.9,0,0
1789903985532,38,58283,1,608,-0.978239,1,0.75,Walking,True,3.9,0,0
1789903985548,39,59727,1,624,-0.915839,1,0.75,Walking,True,3.9,0,0
1789903985548,39,59727,1,624,-0.915839,1,0.75,Walking,True,3.9,0,0
1789903985548,39,59727,1,624,-0.915839,1,0.75,Walking,True,3.9,0,0
1789903985548,39,59727,1,624,-0.915839,1,0.75,Walking,True,3.9,0,0
1789903985548,39,59727,1,624,-0.915839,1,0.75,Walking,True,3.9,0,0
1789903985548,39,59727,1,624,-0.915839,1,0.75,Walking,True,3.9,0,0
1789903985548,39,59727,1,624,-0.915839,1,0.75,Walking,True,3.9,0,0
1789903985548,39,59727,1,624,-0.915839,1,0.75,Walking,True,3.9,0,0
1789903985564,40,61077,1,640,-0.901,1,0.75,Walking,True,3.9,0,0
1789903985564,40,61077,1,640,-0.901,1,0.75,Walking,True,3.9,0,0
1789903985564,40,61077,1,640,-0.901,1,0.75,Walking,True,3.9,0,0
1789903985564,40,61077,1,640,-0.901,1,0.75,Walking,True,3.9,0,0
1789903985564,40,61077,1,640,-0.901,1,0.75,Walking,True,3.9,0,0
1789903985564,40,61077,1,640,-0.901,1,0.75,Walking,True,3.9,0,0
1789903985564,40,61077,1,640,-0.901,1,0.75,Walking,True,3.9,0,0
1789903985564,40,61077,1,640,-0.901,1,0.75,Walking,True,3.9,0,0
1789903985579,41,62357,1,656,-0.901,1,0.75,Walking,True,3.9,0,0
1789903985579,41,62357,1,656,-0.901,1,0.75,Walking,True,3.9,0,0
1789903985579,41,62357,1,656,-0.901,1,0.75,Walking,True,3.9,0,0
1789903985579,41,62357,1,656,-0.901,1,0.75,Walking,True,3.9,0,0
1789903985579,41,62357,1,656,-0.901,1,0.75,Walking,True,3.9,0,0
1789903985579,41,62357,1,656,-0.901,1,0.75,Walking,True,3.9,0,0
1789903985579,41,62357,1,656,-0.901,1,0.75,Walking,True,3.9,0,0
1789903985579,41,62357,1,656,-0.901,1,0.75,Walking,True,3.9,0,0
1789903985595,42,63736,1,672,-0.901,1,0.75,Walking,True,3.9,0,0
1789903985595,42,63736,1,672,-0.901,1,0.75,Walking,True,3.9,0,0
1789903985595,42,63736,1,672,-0.901,1,0.75,Walking,True,3.9,0,0
1789903985595,42,63736,1,672,-0.901,1,0.75,Walking,True,3.9,0,0
1789903985595,42,63736,1,672,-0.901,1,0.75,Walking,True,3.9,0,0
1789903985595,42,63736,1,672,-0.901,1,0.75,Walking,True,3.9,0,0
1789903985595,42,63736,1,672,-0.901,1,0.75,Walking,True,3.9,0,0
1789903985595,42,63736,1,672,-0.901,1,0.75,Walking,True,3.9,0,0
1789903985609,43,64660,1,688,-0.901,1,0.75,Walking,True,3.9,0,0
1789903985609,43,64660,1,688,-0.901,1,0.75,Walking,True,3.9,0,0
1789903985609,43,64660,1,688,-0.901,1,0.75,Walking,True,3.9,0,0
1789903985609,43,64660,1,688,-0.901,1,0.75,Walking,True,3.9,0,0
1789903985609,43,64660,1,688,-0.901,1,0.75,Walking,True,3.9,0,0
1789903985609,43,64660,1,688,-0.901,1,0.75,Walking,True,3.9,0,0
1789903985609,43,64660,1,688,-0.901,1,0.75,Walking,True,3.9,0,0
1789903985609,43,64660,1,688,-0.901,1,0.75,Walking,True,3.9,0,0
1789903985625,44,65991,1,704,-0.901,1,0.75,Walking,True,3.9,0,0
1789903985625,44,65991,1,704,-0.901,1,0.75,Walking,True,3.9,0,0
1789903985625,44,65991,1,704,-0.901,1,0.75,Walking,True,3.9,0,0
1789903985625,44,65991,1,704,-0.901,1,0.75,Walking,True,3.9,0,0
1789903985625,44,65991,1,704,-0.901,1,0.75,Walking,True,3.9,0,0
1789903985625,44,65991,1,704,-0.901,1,0.75,Walking,True,3.9,0,0
1789903985625,44,65991,1,704,-0.901,1,0.75,Walking,True,3.9,0,0
1789903985625,44,65991,1,704,-0.901,1,0.75,Walking,True,3.9,0,0
1789903985641,45,67135,1,720,-0.901,1,0.75,Walking,True,3.9,0,0
1789903985641,45,67135,1,720,-0.901,1,0.75,Walking,True,3.9,0,0
1789903985641,45,67135,1,720,-0.901,1,0.75,Walking,True,3.9,0,0
1789903985641,45,67135,1,720,-0.901,1,0.75,Walking,True,3.9,0,0
1789903985641,45,67135,1,720,-0.901,1,0.75,Walking,True,3.9,0,0
1789903985641,45,67135,1,720,-0.901,1,0.75,Walking,True,3.9,0,0
1789903985641,45,67135,1,720,-0.901,1,0.75,Walking,True,3.9,0,0
1789903985641,45,67135,1,720,-0.901,1,0.75,Walking,True,3.9,0,0
1789903985656,46,68634,1,736,-0.901,1,0.75,Walking,True,3.9,0,0
1789903985656,46,68634,1,736,-0.901,1,0.75,Walking,True,3.9,0,0
1789903985656,46,68634,1,736,-0.901,1,0.75,Walking,True,3.9,0,0
1789903985656,46,68634,1,736,-0.901,1,0.75,Walking,True,3.9,0,0
1789903985656,46,68634,1,736,-0.901,1,0.75,Walking,True,3.9,0,0
1789903985656,46,68634,1,736,-0.901,1,0.75,Walking,True,3.9,0,0
1789903985656,46,68634,1,736,-0.901,1,0.75,Walking,True,3.9,0,0
1789903985656,46,68634,1,736,-0.901,1,0.75,Walking,True,3.9,0,0
1789903985672,47,69817,1,752,-0.901,1,0.75,Walking,True,3.9,0,0
1789903985672,47,69817,1,752,-0.901,1,0.75,Walking,True,3.9,0,0
1789903985672,47,69817,1,752,-0.901,1,0.75,Walking,True,3.9,0,0
1789903985672,47,69817,1,752,-0.901,1,0.75,Walking,True,3.9,0,0
1789903985672,47,69817,1,752,-0.901,1,0.75,Walking,True,3.9,0,0
1789903985672,47,69817,1,752,-0.901,1,0.75,Walking,True,3.9,0,0
1789903985672,47,69817,1,752,-0.901,1,0.75,Walking,True,3.9,0,0
1789903985672,47,69817,1,752,-0.901,1,0.75,Walking,True,3.9,0,0
1789903985687,48,71112,1,768,-0.901,1,0.75,Walking,True,3.9,0,0
1789903985687,48,71112,1,768,-0.901,1,0.75,Walking,True,3.9,0,0
1789903985687,48,71112,1,768,-0.901,1,0.75,Walking,True,3.9,0,0
1789903985687,48,71112,1,768,-0.901,1,0.75,Walking,True,3.9,0,0
1789903985687,48,71112,1,768,-0.901,1,0.75,Walking,True,3.9,0,0
1789903985687,48,71112,1,768,-0.901,1,0.75,Walking,True,3.9,0,0
1789903985687,48,71112,1,768,-0.901,1,0.75,Walking,True,3.9,0,0
1789903985687,48,71112,1,768,-0.901,1,0.75,Walking,True,3.9,0,0
1789903985703,49,72437,1,784,-0.901,1,0.75,Walking,True,3.9,0,0
1789903985703,49,72437,1,784,-0.901,1,0.75,Walking,True,3.9,0,0
1789903985703,49,72437,1,784,-0.901,1,0.75,Walking,True,3.9,0,0
1789903985703,49,72437,1,784,-0.901,1,0.75,Walking,True,3.9,0,0
1789903985703,49,72437,1,784,-0.901,1,0.75,Walking,True,3.9,0,0
1789903985703,49,72437,1,784,-0.901,1,0.75,Walking,True,3.9,0,0
1789903985703,49,72437,1,784,-0.901,1,0.75,Walking,True,3.9,0,0
1789903985703,49,72437,1,784,-0.901,1,0.75,Walking,True,3.9,0,0
1789903985717,50,73789,1,800,-0.901,1,0.75,Walking,True,3.9,0,0
1789903985717,50,73789,1,800,-0.901,1,0.75,Walking,True,3.9,0,0
1789903985717,50,73789,1,800,-0.901,1,0.75,Walking,True,3.9,0,0
1789903985717,50,73789,1,800,-0.901,1,0.75,Walking,True,3.9,0,0
1789903985717,50,73789,1,800,-0.901,1,0.75,Walking,True,3.9,0,0
1789903985717,50,73789,1,800,-0.901,1,0.75,Walking,True,3.9,0,0
1789903985717,50,73789,1,800,-0.901,1,0.75,Walking,True,3.9,0,0
1789903985717,50,73789,1,800,-0.901,1,0.75,Walking,True,3.9,0,0
1789903985733,51,75044,1,816,-0.901,1,0.75,Walking,True,3.9,0,0
1789903985733,51,75044,1,816,-0.901,1,0.75,Walking,True,3.9,0,0
1789903985733,51,75044,1,816,-0.901,1,0.75,Walking,True,3.9,0,0
1789903985733,51,75044,1,816,-0.901,1,0.75,Walking,True,3.9,0,0
1789903985733,51,75044,1,816,-0.901,1,0.75,Walking,True,3.9,0,0
1789903985733,51,75044,1,816,-0.901,1,0.75,Walking,True,3.9,0,0
1789903985733,51,75044,1,816,-0.901,1,0.75,Walking,True,3.9,0,0
1789903985733,51,75044,1,816,-0.901,1,0.75,Walking,True,3.9,0,0
1789903985748,52,76470,1,832,-0.901,1,0.75,Walking,True,3.9,0,0
1789903985748,52,76470,1,832,-0.901,1,0.75,Walking,True,3.9,0,0
1789903985748,52,76470,1,832,-0.901,1,0.75,Walking,True,3.9,0,0
1789903985748,52,76470,1,832,-0.901,1,0.75,Walking,True,3.9,0,0
1789903985748,52,76470,1,832,-0.901,1,0.75,Walking,True,3.9,0,0
1789903985748,52,76470,1,832,-0.901,1,0.75,Walking,True,3.9,0,0
1789903985748,52,76470,1,832,-0.901,1,0.75,Walking,True,3.9,0,0
1789903985748,52,76470,1,832,-0.901,1,0.75,Walking,True,3.9,0,0
1789903985764,53,77967,1,848,-0.901,1,0.75,Walking,True,3.9,0,0
1789903985764,53,77967,1,848,-0.901,1,0.75,Walking,True,3.9,0,0
1789903985764,53,77967,1,848,-0.901,1,0.75,Walking,True,3.9,0,0
1789903985764,53,77967,1,848,-0.901,1,0.75,Walking,True,3.9,0,0
1789903985764,53,77967,1,848,-0.901,1,0.75,Walking,True,3.9,0,0
1789903985764,53,77967,1,848,-0.901,1,0.75,Walking,True,3.9,0,0
1789903985764,53,77967,1,848,-0.901,1,0.75,Walking,True,3.9,0,0
1789903985764,53,77967,1,848,-0.901,1,0.75,Walking,True,3.9,0,0
1789903985779,54,79448,1,864,-0.901,1,0.75,Walking,True,3.9,0,0
1789903985779,54,79448,1,864,-0.901,1,0.75,Walking,True,3.9,0,0
1789903985779,54,79448,1,864,-0.901,1,0.75,Walking,True,3.9,0,0
1789903985779,54,79448,1,864,-0.901,1,0.75,Walking,True,3.9,0,0
1789903985779,54,79448,1,864,-0.901,1,0.75,Walking,True,3.9,0,0
1789903985779,54,79448,1,864,-0.901,1,0.75,Walking,True,3.9,0,0
1789903985779,54,79448,1,864,-0.901,1,0.75,Walking,True,3.9,0,0
1789903985779,54,79448,1,864,-0.901,1,0.75,Walking,True,3.9,0,0
1789903985795,55,80878,1,880,-0.901,1,0.75,Walking,True,3.9,0,0
1789903985795,55,80878,1,880,-0.901,1,0.75,Walking,True,3.9,0,0
1789903985795,55,80878,1,880,-0.901,1,0.75,Walking,True,3.9,0,0
1789903985795,55,80878,1,880,-0.901,1,0.75,Walking,True,3.9,0,0
1789903985795,55,80878,1,880,-0.901,1,0.75,Walking,True,3.9,0,0
1789903985795,55,80878,1,880,-0.901,1,0.75,Walking,True,3.9,0,0
1789903985795,55,80878,1,880,-0.901,1,0.75,Walking,True,3.9,0,0
1789903985795,55,80878,1,880,-0.901,1,0.75,Walking,True,3.9,0,0
1789903985812,56,82273,1,896,-0.901,1,0.75,Walking,True,3.9,0,0
1789903985812,56,82273,1,896,-0.901,1,0.75,Walking,True,3.9,0,0
1789903985812,56,82273,1,896,-0.901,1,0.75,Walking,True,3.9,0,0
1789903985812,56,82273,1,896,-0.901,1,0.75,Walking,True,3.9,0,0
1789903985812,56,82273,1,896,-0.901,1,0.75,Walking,True,3.9,0,0
1789903985812,56,82273,1,896,-0.901,1,0.75,Walking,True,3.9,0,0
1789903985812,56,82273,1,896,-0.901,1,0.75,Walking,True,3.9,0,0
1789903985812,56,82273,1,896,-0.901,1,0.75,Walking,True,3.9,0,0
1789903985828,57,83668,1,912,-0.901,1,0.75,Walking,True,3.9,0,0
1789903985828,57,83668,1,912,-0.901,1,0.75,Walking,True,3.9,0,0
1789903985828,57,83668,1,912,-0.901,1,0.75,Walking,True,3.9,0,0
1789903985828,57,83668,1,912,-0.901,1,0.75,Walking,True,3.9,0,0
1789903985828,57,83668,1,912,-0.901,1,0.75,Walking,True,3.9,0,0
1789903985828,57,83668,1,912,-0.901,1,0.75,Walking,True,3.9,0,0
1789903985828,57,83668,1,912,-0.901,1,0.75,Walking,True,3.9,0,0
1789903985828,57,83668,1,912,-0.901,1,0.75,Walking,True,3.9,0,0
1789903985843,58,85217,1,928,-0.901,1,0.75,Walking,True,3.9,0,0
1789903985843,58,85217,1,928,-0.901,1,0.75,Walking,True,3.9,0,0
1789903985843,58,85217,1,928,-0.901,1,0.75,Walking,True,3.9,0,0
1789903985843,58,85217,1,928,-0.901,1,0.75,Walking,True,3.9,0,0
1789903985843,58,85217,1,928,-0.901,1,0.75,Walking,True,3.9,0,0
1789903985843,58,85217,1,928,-0.901,1,0.75,Walking,True,3.9,0,0
1789903985843,58,85217,1,928,-0.901,1,0.75,Walking,True,3.9,0,0
1789903985843,58,85217,1,928,-0.901,1,0.75,Walking,True,3.9,0,0
1789903985859,59,86672,1,944,-0.901,1,0.75,Walking,True,3.9,0,0
1789903985859,59,86672,1,944,-0.901,1,0.75,Walking,True,3.9,0,0
1789903985859,59,86672,1,944,-0.901,1,0.75,Walking,True,3.9,0,0
1789903985859,59,86672,1,944,-0.901,1,0.75,Walking,True,3.9,0,0
1789903985859,59,86672,1,944,-0.901,1,0.75,Walking,True,3.9,0,0
1789903985859,59,86672,1,944,-0.901,1,0.75,Walking,True,3.9,0,0
1789903985859,59,86672,1,944,-0.901,1,0.75,Walking,True,3.9,0,0
1789903985859,59,86672,1,944,-0.901,1,0.75,Walking,True,3.9,0,0
1789903985874,60,88096,1,960,-0.901,1,0.75,Walking,True,3.9,0,0
1789903985874,60,88096,1,960,-0.901,1,0.75,Walking,True,3.9,0,0
1789903985874,60,88096,1,960,-0.901,1,0.75,Walking,True,3.9,0,0
1789903985874,60,88096,1,960,-0.901,1,0.75,Walking,True,3.9,0,0
1789903985874,60,88096,1,960,-0.901,1,0.75,Walking,True,3.9,0,0
1789903985874,60,88096,1,960,-0.901,1,0.75,Walking,True,3.9,0,0
1789903985874,60,88096,1,960,-0.901,1,0.75,Walking,True,3.9,0,0
1789903985874,60,88096,1,960,-0.901,1,0.75,Walking,True,3.9,0,0
1789903985890,61,89310,1,976,-0.901,1,0.75,Walking,True,3.9,0,0
1789903985890,61,89310,1,976,-0.901,1,0.75,Walking,True,3.9,0,0
1789903985890,61,89310,1,976,-0.901,1,0.75,Walking,True,3.9,0,0
1789903985890,61,89310,1,976,-0.901,1,0.75,Walking,True,3.9,0,0
1789903985890,61,89310,1,976,-0.901,1,0.75,Walking,True,3.9,0,0
1789903985890,61,89310,1,976,-0.901,1,0.75,Walking,True,3.9,0,0
1789903985890,61,89310,1,976,-0.901,1,0.75,Walking,True,3.9,0,0
1789903985890,61,89310,1,976,-0.901,1,0.75,Walking,True,3.9,0,0
1789903985906,62,90806,1,992,-0.901,1,0.75,Walking,True,3.9,0,0
1789903985906,62,90806,1,992,-0.901,1,0.75,Walking,True,3.9,0,0
1789903985906,62,90806,1,992,-0.901,1,0.75,Walking,True,3.9,0,0
1789903985906,62,90806,1,992,-0.901,1,0.75,Walking,True,3.9,0,0
1789903985906,62,90806,1,992,-0.901,1,0.75,Walking,True,3.9,0,0
1789903985906,62,90806,1,992,-0.901,1,0.75,Walking,True,3.9,0,0
1789903985906,62,90806,1,992,-0.901,1,0.75,Walking,True,3.9,0,0
1789903985906,62,90806,1,992,-0.901,1,0.75,Walking,True,3.9,0,0
1789903985936,63,92221,1,1008,-0.901,1,0.75,Walking,True,3.9,0,0
1789903985936,63,92221,1,1008,-0.901,1,0.75,Walking,True,3.9,0,0
1789903985936,63,92221,1,1008,-0.901,1,0.75,Walking,True,3.9,0,0
1789903985936,63,92221,1,1008,-0.901,1,0.75,Walking,True,3.9,0,0
1789903985936,63,92221,1,1008,-0.901,1,0.75,Walking,True,3.9,0,0
1789903985937,63,92221,1,1008,-0.901,1,0.75,Walking,True,3.9,0,0
1789903985937,63,92221,1,1008,-0.901,1,0.75,Walking,True,3.9,0,0
1789903985937,63,92221,1,1008,-0.901,1,0.75,Walking,True,3.9,0,0
1789903985937,64,95097,1,1024,-0.901,1,0.75,Walking,True,3.9,0,0
1789903985937,64,95097,1,1024,-0.901,1,0.75,Walking,True,3.9,0,0
1789903985968,64,95097,1,1024,-0.901,1,0.75,Walking,True,3.9,0,0
1789903985968,64,95097,1,1024,-0.901,1,0.75,Walking,True,3.9,0,0
1789903985968,65,95102,1,1040,-0.901,1,0.75,Walking,True,3.9,0,0
1789903985968,65,95102,1,1040,-0.901,1,0.75,Walking,True,3.9,0,0
1789903985968,65,95102,1,1040,-0.901,1,0.75,Walking,True,3.9,0,0
1789903985968,65,95102,1,1040,-0.901,1,0.75,Walking,True,3.9,0,0
1789903985968,65,95102,1,1040,-0.901,1,0.75,Walking,True,3.9,0,0
1789903985968,65,95102,1,1040,-0.901,1,0.75,Walking,True,3.9,0,0
1789903985983,66,97941,1,1056,-0.901,1,0.75,Walking,True,3.9,0,0
1789903985983,66,97941,1,1056,-0.901,1,0.75,Walking,True,3.9,0,0
1789903985983,66,97941,1,1056,-0.901,1,0.75,Walking,True,3.9,0,0
1789903985983,66,97941,1,1056,-0.901,1,0.75,Walking,True,3.9,0,0
1789903985983,66,97941,1,1056,-0.901,1,0.75,Walking,True,3.9,0,0
1789903985983,66,97941,1,1056,-0.901,1,0.75,Walking,True,3.9,0,0
1789903985983,66,97941,1,1056,-0.901,1,0.75,Walking,True,3.9,0,0
1789903985983,66,97941,1,1056,-0.901,1,0.75,Walking,True,3.9,0,0
1789903985998,67,99193,1,1072,-0.901,1,0.75,Walking,True,3.9,0,0
1789903985998,67,99193,1,1072,-0.901,1,0.75,Walking,True,3.9,0,0
1789903985998,67,99193,1,1072,-0.901,1,0.75,Walking,True,3.9,0,0
1789903985998,67,99193,1,1072,-0.901,1,0.75,Walking,True,3.9,0,0
1789903985998,67,99193,1,1072,-0.901,1,0.75,Walking,True,3.9,0,0
1789903985998,67,99193,1,1072,-0.901,1,0.75,Walking,True,3.9,0,0
1789903985998,67,99193,1,1072,-0.901,1,0.75,Walking,True,3.9,0,0
1789903985998,67,99193,1,1072,-0.901,1,0.75,Walking,True,3.9,0,0
1789903986014,68,100406,1,1088,-0.901,1,0.75,Walking,True,3.9,0,0
1789903986014,68,100406,1,1088,-0.901,1,0.75,Walking,True,3.9,0,0
1789903986014,68,100406,1,1088,-0.901,1,0.75,Walking,True,3.9,0,0
1789903986014,68,100406,1,1088,-0.901,1,0.75,Walking,True,3.9,0,0
1789903986014,68,100406,1,1088,-0.901,1,0.75,Walking,True,3.9,0,0
1789903986014,68,100406,1,1088,-0.901,1,0.75,Walking,True,3.9,0,0
1789903986014,68,100406,1,1088,-0.901,1,0.75,Walking,True,3.9,0,0
1789903986014,68,100406,1,1088,-0.901,1,0.75,Walking,True,3.9,0,0
1789903986029,69,101842,1,1104,-0.901,1,0.75,Walking,True,3.9,0,0
1789903986029,69,101842,1,1104,-0.901,1,0.75,Walking,True,3.9,0,0
1789903986029,69,101842,1,1104,-0.901,1,0.75,Walking,True,3.9,0,0
1789903986029,69,101842,1,1104,-0.901,1,0.75,Walking,True,3.9,0,0
1789903986029,69,101842,1,1104,-0.901,1,0.75,Walking,True,3.9,0,0
1789903986029,69,101842,1,1104,-0.901,1,0.75,Walking,True,3.9,0,0
1789903986029,69,101842,1,1104,-0.901,1,0.75,Walking,True,3.9,0,0
1789903986029,69,101842,1,1104,-0.901,1,0.75,Walking,True,3.9,0,0
1789903986045,70,103250,1,1120,-0.901,1,0.75,Walking,True,3.9,0,0
1789903986045,70,103250,1,1120,-0.901,1,0.75,Walking,True,3.9,0,0
1789903986045,70,103250,1,1120,-0.901,1,0.75,Walking,True,3.9,0,0
1789903986045,70,103250,1,1120,-0.901,1,0.75,Walking,True,3.9,0,0
1789903986045,70,103250,1,1120,-0.901,1,0.75,Walking,True,3.9,0,0
1789903986045,70,103250,1,1120,-0.901,1,0.75,Walking,True,3.9,0,0
1789903986045,70,103250,1,1120,-0.901,1,0.75,Walking,True,3.9,0,0
1789903986045,70,103250,1,1120,-0.901,1,0.75,Walking,True,3.9,0,0
1789903986061,71,104764,1,1136,-0.901,1,0.75,Walking,True,3.9,0,0
1789903986061,71,104764,1,1136,-0.901,1,0.75,Walking,True,3.9,0,0
1789903986061,71,104764,1,1136,-0.901,1,0.75,Walking,True,3.9,0,0
1789903986061,71,104764,1,1136,-0.901,1,0.75,Walking,True,3.9,0,0
1789903986061,71,104764,1,1136,-0.901,1,0.75,Walking,True,3.9,0,0
1789903986061,71,104764,1,1136,-0.901,1,0.75,Walking,True,3.9,0,0
1789903986061,71,104764,1,1136,-0.901,1,0.75,Walking,True,3.9,0,0
1789903986061,71,104764,1,1136,-0.901,1,0.75,Walking,True,3.9,0,0
1789903986077,72,106240,1,1152,-0.901,1,0.75,Walking,True,3.9,0,0
1789903986077,72,106240,1,1152,-0.901,1,0.75,Walking,True,3.9,0,0
1789903986077,72,106240,1,1152,-0.901,1,0.75,Walking,True,3.9,0,0
1789903986077,72,106240,1,1152,-0.901,1,0.75,Walking,True,3.9,0,0
1789903986077,72,106240,1,1152,-0.901,1,0.75,Walking,True,3.9,0,0
1789903986077,72,106240,1,1152,-0.901,1,0.75,Walking,True,3.9,0,0
1789903986077,72,106240,1,1152,-0.901,1,0.75,Walking,True,3.9,0,0
1789903986077,72,106240,1,1152,-0.901,1,0.75,Walking,True,3.9,0,0
1789903986093,73,107752,1,1168,-0.901,1,0.75,Walking,True,3.9,0,0
1789903986093,73,107752,1,1168,-0.901,1,0.75,Walking,True,3.9,0,0
1789903986093,73,107752,1,1168,-0.901,1,0.75,Walking,True,3.9,0,0
1789903986093,73,107752,1,1168,-0.901,1,0.75,Walking,True,3.9,0,0
1789903986093,73,107752,1,1168,-0.901,1,0.75,Walking,True,3.9,0,0
1789903986093,73,107752,1,1168,-0.901,1,0.75,Walking,True,3.9,0,0
1789903986093,73,107752,1,1168,-0.901,1,0.75,Walking,True,3.9,0,0
1789903986093,73,107752,1,1168,-0.901,1,0.75,Walking,True,3.9,0,0
1789903986108,74,109156,1,1184,-0.901,1,0.75,Walking,True,3.9,0,0
1789903986108,74,109156,1,1184,-0.901,1,0.75,Walking,True,3.9,0,0
1789903986108,74,109156,1,1184,-0.901,1,0.75,Walking,True,3.9,0,0
1789903986108,74,109156,1,1184,-0.901,1,0.75,Walking,True,3.9,0,0
1789903986108,74,109156,1,1184,-0.901,1,0.75,Walking,True,3.9,0,0
1789903986108,74,109156,1,1184,-0.901,1,0.75,Walking,True,3.9,0,0
1789903986108,74,109156,1,1184,-0.901,1,0.75,Walking,True,3.9,0,0
1789903986108,74,109156,1,1184,-0.901,1,0.75,Walking,True,3.9,0,0
1789903986123,75,110540,1,1200,-0.901,1,0.75,Walking,True,3.9,0,0
1789903986123,75,110540,1,1200,-0.901,1,0.75,Walking,True,3.9,0,0
1789903986123,75,110540,1,1200,-0.901,1,0.75,Walking,True,3.9,0,0
1789903986123,75,110540,1,1200,-0.901,1,0.75,Walking,True,3.9,0,0
1789903986123,75,110540,1,1200,-0.901,1,0.75,Walking,True,3.9,0,0
1789903986123,75,110540,1,1200,-0.901,1,0.75,Walking,True,3.9,0,0
1789903986123,75,110540,1,1200,-0.901,1,0.75,Walking,True,3.9,0,0
1789903986123,75,110540,1,1200,-0.901,1,0.75,Walking,True,3.9,0,0
1789903986138,76,112040,1,1216,-0.901,1,0.75,Walking,True,3.9,0,0
1789903986138,76,112040,1,1216,-0.901,1,0.75,Walking,True,3.9,0,0
1789903986138,76,112040,1,1216,-0.901,1,0.75,Walking,True,3.9,0,0
1789903986138,76,112040,1,1216,-0.901,1,0.75,Walking,True,3.9,0,0
1789903986138,76,112040,1,1216,-0.901,1,0.75,Walking,True,3.9,0,0
1789903986138,76,112040,1,1216,-0.901,1,0.75,Walking,True,3.9,0,0
1789903986138,76,112040,1,1216,-0.901,1,0.75,Walking,True,3.9,0,0
1789903986138,76,112040,1,1216,-0.901,1,0.75,Walking,True,3.9,0,0
1789903986153,77,113496,1,1232,-0.901,1,0.75,Walking,True,3.9,0,0
1789903986153,77,113496,1,1232,-0.901,1,0.75,Walking,True,3.9,0,0
1789903986153,77,113496,1,1232,-0.901,1,0.75,Walking,True,3.9,0,0
1789903986153,77,113496,1,1232,-0.901,1,0.75,Walking,True,3.9,0,0
1789903986153,77,113496,1,1232,-0.901,1,0.75,Walking,True,3.9,0,0
1789903986153,77,113496,1,1232,-0.901,1,0.75,Walking,True,3.9,0,0
1789903986153,77,113496,1,1232,-0.901,1,0.75,Walking,True,3.9,0,0
1789903986153,77,113496,1,1232,-0.901,1,0.75,Walking,True,3.9,0,0
1789903986168,78,114847,1,1248,-0.901,1,0.75,Walking,True,3.9,0,0
1789903986168,78,114847,1,1248,-0.901,1,0.75,Walking,True,3.9,0,0
1789903986168,78,114847,1,1248,-0.901,1,0.75,Walking,True,3.9,0,0
1789903986168,78,114847,1,1248,-0.901,1,0.75,Walking,True,3.9,0,0
1789903986168,78,114847,1,1248,-0.901,1,0.75,Walking,True,3.9,0,0
1789903986168,78,114847,1,1248,-0.901,1,0.75,Walking,True,3.9,0,0
1789903986168,78,114847,1,1248,-0.901,1,0.75,Walking,True,3.9,0,0
1789903986168,78,114847,1,1248,-0.901,1,0.75,Walking,True,3.9,0,0
1789903986184,79,116265,1,1264,-0.901,1,0.75,Walking,True,3.9,0,0
1789903986184,79,116265,1,1264,-0.901,1,0.75,Walking,True,3.9,0,0
1789903986184,79,116265,1,1264,-0.901,1,0.75,Walking,True,3.9,0,0
1789903986184,79,116265,1,1264,-0.901,1,0.75,Walking,True,3.9,0,0
1789903986184,79,116265,1,1264,-0.901,1,0.75,Walking,True,3.9,0,0
1789903986184,79,116265,1,1264,-0.901,1,0.75,Walking,True,3.9,0,0
1789903986184,79,116265,1,1264,-0.901,1,0.75,Walking,True,3.9,0,0
1789903986184,79,116265,1,1264,-0.901,1,0.75,Walking,True,3.9,0,0
1789903986199,80,117765,1,1280,-0.901,1,0.75,Walking,True,3.9,0,0
1789903986199,80,117765,1,1280,-0.901,1,0.75,Walking,True,3.9,0,0
1789903986199,80,117765,1,1280,-0.901,1,0.75,Walking,True,3.9,0,0
1789903986199,80,117765,1,1280,-0.901,1,0.75,Walking,True,3.9,0,0
1789903986199,80,117765,1,1280,-0.901,1,0.75,Walking,True,3.9,0,0
1789903986199,80,117765,1,1280,-0.901,1,0.75,Walking,True,3.9,0,0
1789903986199,80,117765,1,1280,-0.901,1,0.75,Walking,True,3.9,0,0
1789903986199,80,117765,1,1280,-0.901,1,0.75,Walking,True,3.9,0,0
1789903986214,81,119158,1,1296,-0.901,1,0.75,Walking,True,3.9,0,0
1789903986214,81,119158,1,1296,-0.901,1,0.75,Walking,True,3.9,0,0
1789903986214,81,119158,1,1296,-0.901,1,0.75,Walking,True,3.9,0,0
1789903986214,81,119158,1,1296,-0.901,1,0.75,Walking,True,3.9,0,0
1789903986214,81,119158,1,1296,-0.901,1,0.75,Walking,True,3.9,0,0
1789903986214,81,119158,1,1296,-0.901,1,0.75,Walking,True,3.9,0,0
1789903986214,81,119158,1,1296,-0.901,1,0.75,Walking,True,3.9,0,0
1789903986214,81,119158,1,1296,-0.901,1,0.75,Walking,True,3.9,0,0
1789903986230,82,120650,1,1312,-0.901,1,0.75,Walking,True,3.9,0,0
1789903986230,82,120650,1,1312,-0.901,1,0.75,Walking,True,3.9,0,0
1789903986230,82,120650,1,1312,-0.901,1,0.75,Walking,True,3.9,0,0
1789903986230,82,120650,1,1312,-0.901,1,0.75,Walking,True,3.9,0,0
1789903986230,82,120650,1,1312,-0.901,1,0.75,Walking,True,3.9,0,0
1789903986230,82,120650,1,1312,-0.901,1,0.75,Walking,True,3.9,0,0
1789903986230,82,120650,1,1312,-0.901,1,0.75,Walking,True,3.9,0,0
1789903986230,82,120650,1,1312,-0.901,1,0.75,Walking,True,3.9,0,0
1789903986245,83,122081,1,1328,-0.901,1,0.75,Walking,True,3.9,0,0
1789903986245,83,122081,1,1328,-0.901,1,0.75,Walking,True,3.9,0,0
1789903986245,83,122081,1,1328,-0.901,1,0.75,Walking,True,3.9,0,0
1789903986245,83,122081,1,1328,-0.901,1,0.75,Walking,True,3.9,0,0
1789903986245,83,122081,1,1328,-0.901,1,0.75,Walking,True,3.9,0,0
1789903986245,83,122081,1,1328,-0.901,1,0.75,Walking,True,3.9,0,0
1789903986245,83,122081,1,1328,-0.901,1,0.75,Walking,True,3.9,0,0
1789903986245,83,122081,1,1328,-0.901,1,0.75,Walking,True,3.9,0,0
1789903986261,84,123575,1,1344,-0.901,1,0.75,Walking,True,3.9,0,0
1789903986261,84,123575,1,1344,-0.901,1,0.75,Walking,True,3.9,0,0
1789903986261,84,123575,1,1344,-0.901,1,0.75,Walking,True,3.9,0,0
1789903986261,84,123575,1,1344,-0.901,1,0.75,Walking,True,3.9,0,0
1789903986261,84,123575,1,1344,-0.901,1,0.75,Walking,True,3.9,0,0
1789903986261,84,123575,1,1344,-0.901,1,0.75,Walking,True,3.9,0,0
1789903986261,84,123575,1,1344,-0.901,1,0.75,Walking,True,3.9,0,0
1789903986261,84,123575,1,1344,-0.901,1,0.75,Walking,True,3.9,0,0
1789903986276,85,125078,1,1360,-0.901,1,0.75,Walking,True,3.9,0,0
1789903986276,85,125078,1,1360,-0.901,1,0.75,Walking,True,3.9,0,0
1789903986276,85,125078,1,1360,-0.901,1,0.75,Walking,True,3.9,0,0
1789903986276,85,125078,1,1360,-0.901,1,0.75,Walking,True,3.9,0,0
1789903986276,85,125078,1,1360,-0.901,1,0.75,Walking,True,3.9,0,0
1789903986276,85,125078,1,1360,-0.901,1,0.75,Walking,True,3.9,0,0
1789903986276,85,125078,1,1360,-0.901,1,0.75,Walking,True,3.9,0,0
1789903986276,85,125078,1,1360,-0.901,1,0.75,Walking,True,3.9,0,0
1789903986291,86,126403,1,1376,-0.901,1,0.75,Walking,True,3.9,0,0
1789903986291,86,126403,1,1376,-0.901,1,0.75,Walking,True,3.9,0,0
1789903986291,86,126403,1,1376,-0.901,1,0.75,Walking,True,3.9,0,0
1789903986291,86,126403,1,1376,-0.901,1,0.75,Walking,True,3.9,0,0
1789903986291,86,126403,1,1376,-0.901,1,0.75,Walking,True,3.9,0,0
1789903986291,86,126403,1,1376,-0.901,1,0.75,Walking,True,3.9,0,0
1789903986291,86,126403,1,1376,-0.901,1,0.75,Walking,True,3.9,0,0
1789903986291,86,126403,1,1376,-0.901,1,0.75,Walking,True,3.9,0,0
1789903986306,87,127867,1,1392,-0.901,1,0.75,Walking,True,3.9,0,0
1789903986306,87,127867,1,1392,-0.901,1,0.75,Walking,True,3.9,0,0
1789903986306,87,127867,1,1392,-0.901,1,0.75,Walking,True,3.9,0,0
1789903986306,87,127867,1,1392,-0.901,1,0.75,Walking,True,3.9,0,0
1789903986306,87,127867,1,1392,-0.901,1,0.75,Walking,True,3.9,0,0
1789903986306,87,127867,1,1392,-0.901,1,0.75,Walking,True,3.9,0,0
1789903986306,87,127867,1,1392,-0.901,1,0.75,Walking,True,3.9,0,0
1789903986306,87,127867,1,1392,-0.901,1,0.75,Walking,True,3.9,0,0
1789903986322,88,129422,1,1408,-0.901,1,0.75,Walking,True,3.9,0,0
1789903986322,88,129422,1,1408,-0.901,1,0.75,Walking,True,3.9,0,0
1789903986322,88,129422,1,1408,-0.901,1,0.75,Walking,True,3.9,0,0
1789903986322,88,129422,1,1408,-0.901,1,0.75,Walking,True,3.9,0,0
1789903986322,88,129422,1,1408,-0.901,1,0.75,Walking,True,3.9,0,0
1789903986322,88,129422,1,1408,-0.901,1,0.75,Walking,True,3.9,0,0
1789903986322,88,129422,1,1408,-0.901,1,0.75,Walking,True,3.9,0,0
1789903986322,88,129422,1,1408,-0.901,1,0.75,Walking,True,3.9,0,0
1789903986338,89,130848,1,1424,-0.901,1,0.75,Walking,True,3.9,0,0
1789903986338,89,130848,1,1424,-0.901,1,0.75,Walking,True,3.9,0,0
1789903986338,89,130848,1,1424,-0.901,1,0.75,Walking,True,3.9,0,0
1789903986338,89,130848,1,1424,-0.901,1,0.75,Walking,True,3.9,0,0
1789903986338,89,130848,1,1424,-0.901,1,0.75,Walking,True,3.9,0,0
1789903986338,89,130848,1,1424,-0.901,1,0.75,Walking,True,3.9,0,0
1789903986338,89,130848,1,1424,-0.901,1,0.75,Walking,True,3.9,0,0
1789903986338,89,130848,1,1424,-0.901,1,0.75,Walking,True,3.9,0,0
1789903986368,90,132413,1,1440,-0.901,1,0.75,Walking,True,3.9,0,0
1789903986368,90,132413,1,1440,-0.901,1,0.75,Walking,True,3.9,0,0
1789903986368,90,132413,1,1440,-0.901,1,0.75,Walking,True,3.9,0,0
1789903986368,90,132413,1,1440,-0.901,1,0.75,Walking,True,3.9,0,0
1789903986368,90,132413,1,1440,-0.901,1,0.75,Walking,True,3.9,0,0
1789903986368,90,132413,1,1440,-0.901,1,0.75,Walking,True,3.9,0,0
1789903986368,90,132413,1,1440,-0.901,1,0.75,Walking,True,3.9,0,0
1789903986368,90,132413,1,1440,-0.901,1,0.75,Walking,True,3.9,0,0
1789903986384,91,135240,1,1456,-0.901,1,0.75,Walking,True,3.9,0,0
1789903986384,91,135240,1,1456,-0.901,1,0.75,Walking,True,3.9,0,0
1789903986384,91,135240,1,1456,-0.901,1,0.75,Walking,True,3.9,0,0
1789903986384,91,135240,1,1456,-0.901,1,0.75,Walking,True,3.9,0,0
1789903986384,91,135240,1,1456,-0.901,1,0.75,Walking,True,3.9,0,0
1789903986384,91,135240,1,1456,-0.901,1,0.75,Walking,True,3.9,0,0
1789903986384,91,135240,1,1456,-0.901,1,0.75,Walking,True,3.9,0,0
1789903986384,91,135240,1,1456,-0.901,1,0.75,Walking,True,3.9,0,0
1789903986400,92,136579,1,1472,-0.901,1,0.75,Walking,True,3.9,0,0
1789903986400,92,136579,1,1472,-0.901,1,0.75,Walking,True,3.9,0,0
1789903986400,92,136579,1,1472,-0.901,1,0.75,Walking,True,3.9,0,0
1789903986400,92,136579,1,1472,-0.901,1,0.75,Walking,True,3.9,0,0
1789903986400,92,136579,1,1472,-0.901,1,0.75,Walking,True,3.9,0,0
1789903986400,92,136579,1,1472,-0.901,1,0.75,Walking,True,3.9,0,0
1789903986400,92,136579,1,1472,-0.901,1,0.75,Walking,True,3.9,0,0
1789903986400,92,136579,1,1472,-0.901,1,0.75,Walking,True,3.9,0,0
1789903986414,93,138102,1,1488,-0.901,1,0.75,Walking,True,3.9,0,0
1789903986414,93,138102,1,1488,-0.901,1,0.75,Walking,True,3.9,0,0
1789903986414,93,138102,1,1488,-0.901,1,0.75,Walking,True,3.9,0,0
1789903986414,93,138102,1,1488,-0.901,1,0.75,Walking,True,3.9,0,0
1789903986414,93,138102,1,1488,-0.901,1,0.75,Walking,True,3.9,0,0
1789903986414,93,138102,1,1488,-0.901,1,0.75,Walking,True,3.9,0,0
1789903986414,93,138102,1,1488,-0.901,1,0.75,Walking,True,3.9,0,0
1789903986414,93,138102,1,1488,-0.901,1,0.75,Walking,True,3.9,0,0
1789903986430,94,139501,1,1504,-0.901,1,0.75,Walking,True,3.9,0,0
1789903986430,94,139501,1,1504,-0.901,1,0.75,Walking,True,3.9,0,0
1789903986430,94,139501,1,1504,-0.901,1,0.75,Walking,True,3.9,0,0
1789903986430,94,139501,1,1504,-0.901,1,0.75,Walking,True,3.9,0,0
1789903986430,94,139501,1,1504,-0.901,1,0.75,Walking,True,3.9,0,0
1789903986430,94,139501,1,1504,-0.901,1,0.75,Walking,True,3.9,0,0
1789903986430,94,139501,1,1504,-0.901,1,0.75,Walking,True,3.9,0,0
1789903986430,94,139501,1,1504,-0.901,1,0.75,Walking,True,3.9,0,0
1789903986445,95,140996,1,1520,-0.901,1,0.75,Walking,True,3.9,0,0
1789903986445,95,140996,1,1520,-0.901,1,0.75,Walking,True,3.9,0,0
1789903986445,95,140996,1,1520,-0.901,1,0.75,Walking,True,3.9,0,0
1789903986445,95,140996,1,1520,-0.901,1,0.75,Walking,True,3.9,0,0
1789903986445,95,140996,1,1520,-0.901,1,0.75,Walking,True,3.9,0,0
1789903986445,95,140996,1,1520,-0.901,1,0.75,Walking,True,3.9,0,0
1789903986445,95,140996,1,1520,-0.901,1,0.75,Walking,True,3.9,0,0
1789903986446,95,140996,1,1520,-0.901,1,0.75,Walking,True,3.9,0,0
1789903986461,96,142492,1,1536,-0.901,1,0.75,Walking,True,3.9,0,0
1789903986461,96,142492,1,1536,-0.901,1,0.75,Walking,True,3.9,0,0
1789903986461,96,142492,1,1536,-0.901,1,0.75,Walking,True,3.9,0,0
1789903986461,96,142492,1,1536,-0.901,1,0.75,Walking,True,3.9,0,0
1789903986461,96,142492,1,1536,-0.901,1,0.75,Walking,True,3.9,0,0
1789903986461,96,142492,1,1536,-0.901,1,0.75,Walking,True,3.9,0,0
1789903986461,96,142492,1,1536,-0.901,1,0.75,Walking,True,3.9,0,0
1789903986461,96,142492,1,1536,-0.901,1,0.75,Walking,True,3.9,0,0
1789903986476,97,143935,1,1552,-0.901,1,0.75,Walking,True,3.9,0,0
1789903986476,97,143935,1,1552,-0.901,1,0.75,Walking,True,3.9,0,0
1789903986476,97,143935,1,1552,-0.901,1,0.75,Walking,True,3.9,0,0
1789903986476,97,143935,1,1552,-0.901,1,0.75,Walking,True,3.9,0,0
1789903986476,97,143935,1,1552,-0.901,1,0.75,Walking,True,3.9,0,0
1789903986476,97,143935,1,1552,-0.901,1,0.75,Walking,True,3.9,0,0
1789903986476,97,143935,1,1552,-0.901,1,0.75,Walking,True,3.9,0,0
1789903986476,97,143935,1,1552,-0.901,1,0.75,Walking,True,3.9,0,0
1789903986492,98,145329,1,1568,-0.901,1,0.75,Walking,True,3.9,0,0
1789903986492,98,145329,1,1568,-0.901,1,0.75,Walking,True,3.9,0,0
1789903986492,98,145329,1,1568,-0.901,1,0.75,Walking,True,3.9,0,0
1789903986492,98,145329,1,1568,-0.901,1,0.75,Walking,True,3.9,0,0
1789903986492,98,145329,1,1568,-0.901,1,0.75,Walking,True,3.9,0,0
1789903986492,98,145329,1,1568,-0.901,1,0.75,Walking,True,3.9,0,0
1789903986492,98,145329,1,1568,-0.901,1,0.75,Walking,True,3.9,0,0
1789903986492,98,145329,1,1568,-0.901,1,0.75,Walking,True,3.9,0,0
1789903986508,99,146762,1,1584,-0.901,1,0.75,Walking,True,3.9,0,0
1789903986508,99,146762,1,1584,-0.901,1,0.75,Walking,True,3.9,0,0
1789903986508,99,146762,1,1584,-0.901,1,0.75,Walking,True,3.9,0,0
1789903986508,99,146762,1,1584,-0.901,1,0.75,Walking,True,3.9,0,0
1789903986508,99,146762,1,1584,-0.901,1,0.75,Walking,True,3.9,0,0
1789903986508,99,146762,1,1584,-0.901,1,0.75,Walking,True,3.9,0,0
1789903986508,99,146762,1,1584,-0.901,1,0.75,Walking,True,3.9,0,0
1789903986508,99,146762,1,1584,-0.901,1,0.75,Walking,True,3.9,0,0
1789903986524,100,148309,1,1600,-0.901,1,0.75,Walking,True,3.9,0,0
1789903986524,100,148309,1,1600,-0.901,1,0.75,Walking,True,3.9,0,0
1789903986524,100,148309,1,1600,-0.901,1,0.75,Walking,True,3.9,0,0
1789903986524,100,148309,1,1600,-0.901,1,0.75,Walking,True,3.9,0,0
1789903986524,100,148309,1,1600,-0.901,1,0.75,Walking,True,3.9,0,0
1789903986524,100,148309,1,1600,-0.901,1,0.75,Walking,True,3.9,0,0
1789903986524,100,148309,1,1600,-0.901,1,0.75,Walking,True,3.9,0,0
1789903986524,100,148309,1,1600,-0.901,1,0.75,Walking,True,3.9,0,0
1789903986540,101,149797,1,1616,-0.901,1,0.75,Walking,True,3.9,0,0
1789903986540,101,149797,1,1616,-0.901,1,0.75,Walking,True,3.9,0,0
1789903986540,101,149797,1,1616,-0.901,1,0.75,Walking,True,3.9,0,0
1789903986540,101,149797,1,1616,-0.901,1,0.75,Walking,True,3.9,0,0
1789903986540,101,149797,1,1616,-0.901,1,0.75,Walking,True,3.9,0,0
1789903986540,101,149797,1,1616,-0.901,1,0.75,Walking,True,3.9,0,0
1789903986540,101,149797,1,1616,-0.901,1,0.75,Walking,True,3.9,0,0
1789903986540,101,149797,1,1616,-0.901,1,0.75,Walking,True,3.9,0,0
1789903986555,102,151265,1,1632,-0.901,1,0.75,Walking,True,3.9,0,0
1789903986555,102,151265,1,1632,-0.901,1,0.75,Walking,True,3.9,0,0
1789903986555,102,151265,1,1632,-0.901,1,0.75,Walking,True,3.9,0,0
1789903986555,102,151265,1,1632,-0.901,1,0.75,Walking,True,3.9,0,0
1789903986555,102,151265,1,1632,-0.901,1,0.75,Walking,True,3.9,0,0
1789903986555,102,151265,1,1632,-0.901,1,0.75,Walking,True,3.9,0,0
1789903986555,102,151265,1,1632,-0.901,1,0.75,Walking,True,3.9,0,0
1789903986555,102,151265,1,1632,-0.901,1,0.75,Walking,True,3.9,0,0
1789903986571,103,152675,1,1648,-0.901,1,0.75,Walking,True,3.9,0,0
1789903986571,103,152675,1,1648,-0.901,1,0.75,Walking,True,3.9,0,0
1789903986571,103,152675,1,1648,-0.901,1,0.75,Walking,True,3.9,0,0
1789903986571,103,152675,1,1648,-0.901,1,0.75,Walking,True,3.9,0,0
1789903986571,103,152675,1,1648,-0.901,1,0.75,Walking,True,3.9,0,0
1789903986571,103,152675,1,1648,-0.901,1,0.75,Walking,True,3.9,0,0
1789903986571,103,152675,1,1648,-0.901,1,0.75,Walking,True,3.9,0,0
1789903986571,103,152675,1,1648,-0.901,1,0.75,Walking,True,3.9,0,0
1789903986586,104,154065,1,1664,-0.901,1,0.75,Walking,True,3.9,0,0
1789903986586,104,154065,1,1664,-0.901,1,0.75,Walking,True,3.9,0,0
1789903986586,104,154065,1,1664,-0.901,1,0.75,Walking,True,3.9,0,0
1789903986586,104,154065,1,1664,-0.901,1,0.75,Walking,True,3.9,0,0
1789903986586,104,154065,1,1664,-0.901,1,0.75,Walking,True,3.9,0,0
1789903986586,104,154065,1,1664,-0.901,1,0.75,Walking,True,3.9,0,0
1789903986586,104,154065,1,1664,-0.901,1,0.75,Walking,True,3.9,0,0
1789903986586,104,154065,1,1664,-0.901,1,0.75,Walking,True,3.9,0,0
1789903986603,105,155469,1,1680,-0.901,1,0.75,Walking,True,3.9,0,0
1789903986603,105,155469,1,1680,-0.901,1,0.75,Walking,True,3.9,0,0
1789903986603,105,155469,1,1680,-0.901,1,0.75,Walking,True,3.9,0,0
1789903986603,105,155469,1,1680,-0.901,1,0.75,Walking,True,3.9,0,0
1789903986603,105,155469,1,1680,-0.901,1,0.75,Walking,True,3.9,0,0
1789903986603,105,155469,1,1680,-0.901,1,0.75,Walking,True,3.9,0,0
1789903986603,105,155469,1,1680,-0.901,1,0.75,Walking,True,3.9,0,0
1789903986603,105,155469,1,1680,-0.901,1,0.75,Walking,True,3.9,0,0
1789903986618,106,156991,1,1696,-0.901,1,0.75,Walking,True,3.9,0,0
1789903986618,106,156991,1,1696,-0.901,1,0.75,Walking,True,3.9,0,0
1789903986618,106,156991,1,1696,-0.901,1,0.75,Walking,True,3.9,0,0
1789903986618,106,156991,1,1696,-0.901,1,0.75,Walking,True,3.9,0,0
1789903986618,106,156991,1,1696,-0.901,1,0.75,Walking,True,3.9,0,0
1789903986618,106,156991,1,1696,-0.901,1,0.75,Walking,True,3.9,0,0
1789903986618,106,156991,1,1696,-0.901,1,0.75,Walking,True,3.9,0,0
1789903986618,106,156991,1,1696,-0.901,1,0.75,Walking,True,3.9,0,0
1789903986633,107,158395,1,1712,-0.901,1,0.75,Walking,True,3.9,0,0
1789903986633,107,158395,1,1712,-0.901,1,0.75,Walking,True,3.9,0,0
1789903986633,107,158395,1,1712,-0.901,1,0.75,Walking,True,3.9,0,0
1789903986633,107,158395,1,1712,-0.901,1,0.75,Walking,True,3.9,0,0
1789903986633,107,158395,1,1712,-0.901,1,0.75,Walking,True,3.9,0,0
1789903986633,107,158395,1,1712,-0.901,1,0.75,Walking,True,3.9,0,0
1789903986633,107,158395,1,1712,-0.901,1,0.75,Walking,True,3.9,0,0
1789903986633,107,158395,1,1712,-0.901,1,0.75,Walking,True,3.9,0,0
1789903986648,108,159800,1,1728,-0.901,1,0.75,Walking,True,3.9,0,0
1789903986648,108,159800,1,1728,-0.901,1,0.75,Walking,True,3.9,0,0
1789903986648,108,159800,1,1728,-0.901,1,0.75,Walking,True,3.9,0,0
1789903986648,108,159800,1,1728,-0.901,1,0.75,Walking,True,3.9,0,0
1789903986648,108,159800,1,1728,-0.901,1,0.75,Walking,True,3.9,0,0
1789903986648,108,159800,1,1728,-0.901,1,0.75,Walking,True,3.9,0,0
1789903986648,108,159800,1,1728,-0.901,1,0.75,Walking,True,3.9,0,0
1789903986648,108,159800,1,1728,-0.901,1,0.75,Walking,True,3.9,0,0
1789903986664,109,161237,1,1744,-0.901,1,0.75,Walking,True,3.9,0,0
1789903986664,109,161237,1,1744,-0.901,1,0.75,Walking,True,3.9,0,0
1789903986664,109,161237,1,1744,-0.901,1,0.75,Walking,True,3.9,0,0
1789903986664,109,161237,1,1744,-0.901,1,0.75,Walking,True,3.9,0,0
1789903986664,109,161237,1,1744,-0.901,1,0.75,Walking,True,3.9,0,0
1789903986664,109,161237,1,1744,-0.901,1,0.75,Walking,True,3.9,0,0
1789903986664,109,161237,1,1744,-0.901,1,0.75,Walking,True,3.9,0,0
1789903986664,109,161237,1,1744,-0.901,1,0.75,Walking,True,3.9,0,0
1789903986679,110,162661,1,1760,-0.901,1,0.75,Walking,True,3.9,0,0
1789903986679,110,162661,1,1760,-0.901,1,0.75,Walking,True,3.9,0,0
1789903986679,110,162661,1,1760,-0.901,1,0.75,Walking,True,3.9,0,0
1789903986679,110,162661,1,1760,-0.901,1,0.75,Walking,True,3.9,0,0
1789903986679,110,162661,1,1760,-0.901,1,0.75,Walking,True,3.9,0,0
1789903986679,110,162661,1,1760,-0.901,1,0.75,Walking,True,3.9,0,0
1789903986679,110,162661,1,1760,-0.901,1,0.75,Walking,True,3.9,0,0
1789903986679,110,162661,1,1760,-0.901,1,0.75,Walking,True,3.9,0,0
1789903986695,111,164077,1,1776,-0.901,1,0.75,Walking,True,3.9,0,0
1789903986695,111,164077,1,1776,-0.901,1,0.75,Walking,True,3.9,0,0
1789903986695,111,164077,1,1776,-0.901,1,0.75,Walking,True,3.9,0,0
1789903986695,111,164077,1,1776,-0.901,1,0.75,Walking,True,3.9,0,0
1789903986695,111,164077,1,1776,-0.901,1,0.75,Walking,True,3.9,0,0
1789903986695,111,164077,1,1776,-0.901,1,0.75,Walking,True,3.9,0,0
1789903986695,111,164077,1,1776,-0.901,1,0.75,Walking,True,3.9,0,0
1789903986695,111,164077,1,1776,-0.901,1,0.75,Walking,True,3.9,0,0
1789903986710,112,165569,1,1792,-0.901,1,0.75,Walking,True,3.9,0,0
1789903986710,112,165569,1,1792,-0.901,1,0.75,Walking,True,3.9,0,0
1789903986710,112,165569,1,1792,-0.901,1,0.75,Walking,True,3.9,0,0
1789903986710,112,165569,1,1792,-0.901,1,0.75,Walking,True,3.9,0,0
1789903986710,112,165569,1,1792,-0.901,1,0.75,Walking,True,3.9,0,0
1789903986710,112,165569,1,1792,-0.901,1,0.75,Walking,True,3.9,0,0
1789903986710,112,165569,1,1792,-0.901,1,0.75,Walking,True,3.9,0,0
1789903986710,112,165569,1,1792,-0.901,1,0.75,Walking,True,3.9,0,0
1789903986726,113,167047,1,1808,-0.901,1,0.75,Walking,True,3.9,0,0
1789903986726,113,167047,1,1808,-0.901,1,0.75,Walking,True,3.9,0,0
1789903986726,113,167047,1,1808,-0.901,1,0.75,Walking,True,3.9,0,0
1789903986726,113,167047,1,1808,-0.901,1,0.75,Walking,True,3.9,0,0
1789903986726,113,167047,1,1808,-0.901,1,0.75,Walking,True,3.9,0,0
1789903986726,113,167047,1,1808,-0.901,1,0.75,Walking,True,3.9,0,0
1789903986726,113,167047,1,1808,-0.901,1,0.75,Walking,True,3.9,0,0
1789903986726,113,167047,1,1808,-0.901,1,0.75,Walking,True,3.9,0,0
1789903986742,114,168508,1,1824,-0.901,1,0.75,Walking,True,3.9,0,0
1789903986742,114,168508,1,1824,-0.901,1,0.75,Walking,True,3.9,0,0
1789903986742,114,168508,1,1824,-0.901,1,0.75,Walking,True,3.9,0,0
1789903986742,114,168508,1,1824,-0.901,1,0.75,Walking,True,3.9,0,0
1789903986743,114,168508,1,1824,-0.901,1,0.75,Walking,True,3.9,0,0
1789903986743,114,168508,1,1824,-0.901,1,0.75,Walking,True,3.9,0,0
1789903986743,114,168508,1,1824,-0.901,1,0.75,Walking,True,3.9,0,0
1789903986743,114,168508,1,1824,-0.901,1,0.75,Walking,True,3.9,0,0
1789903986758,115,169999,1,1840,-0.901,1,0.75,Walking,True,3.9,0,0
1789903986758,115,169999,1,1840,-0.901,1,0.75,Walking,True,3.9,0,0
1789903986758,115,169999,1,1840,-0.901,1,0.75,Walking,True,3.9,0,0
1789903986758,115,169999,1,1840,-0.901,1,0.75,Walking,True,3.9,0,0
1789903986758,115,169999,1,1840,-0.901,1,0.75,Walking,True,3.9,0,0
1789903986758,115,169999,1,1840,-0.901,1,0.75,Walking,True,3.9,0,0
1789903986758,115,169999,1,1840,-0.901,1,0.75,Walking,True,3.9,0,0
1789903986758,115,169999,1,1840,-0.901,1,0.75,Walking,True,3.9,0,0
1789903986774,116,171443,1,1856,-0.901,1,0.75,Walking,True,3.9,0,0
1789903986774,116,171443,1,1856,-0.901,1,0.75,Walking,True,3.9,0,0
1789903986774,116,171443,1,1856,-0.901,1,0.75,Walking,True,3.9,0,0
1789903986774,116,171443,1,1856,-0.901,1,0.75,Walking,True,3.9,0,0
1789903986774,116,171443,1,1856,-0.901,1,0.75,Walking,True,3.9,0,0
1789903986774,116,171443,1,1856,-0.901,1,0.75,Walking,True,3.9,0,0
1789903986774,116,171443,1,1856,-0.901,1,0.75,Walking,True,3.9,0,0
1789903986774,116,171443,1,1856,-0.901,1,0.75,Walking,True,3.9,0,0
1789903986790,117,172890,1,1872,-0.901,1,0.75,Walking,True,3.9,0,0
1789903986790,117,172890,1,1872,-0.901,1,0.75,Walking,True,3.9,0,0
1789903986790,117,172890,1,1872,-0.901,1,0.75,Walking,True,3.9,0,0
1789903986790,117,172890,1,1872,-0.901,1,0.75,Walking,True,3.9,0,0
1789903986790,117,172890,1,1872,-0.901,1,0.75,Walking,True,3.9,0,0
1789903986790,117,172890,1,1872,-0.901,1,0.75,Walking,True,3.9,0,0
1789903986790,117,172890,1,1872,-0.901,1,0.75,Walking,True,3.9,0,0
1789903986790,117,172890,1,1872,-0.901,1,0.75,Walking,True,3.9,0,0
1789903986805,118,174389,1,1888,-0.901,1,0.75,Walking,True,3.9,0,0
1789903986805,118,174389,1,1888,-0.901,1,0.75,Walking,True,3.9,0,0
1789903986805,118,174389,1,1888,-0.901,1,0.75,Walking,True,3.9,0,0
1789903986805,118,174389,1,1888,-0.901,1,0.75,Walking,True,3.9,0,0
1789903986805,118,174389,1,1888,-0.901,1,0.75,Walking,True,3.9,0,0
1789903986805,118,174389,1,1888,-0.901,1,0.75,Walking,True,3.9,0,0
1789903986805,118,174389,1,1888,-0.901,1,0.75,Walking,True,3.9,0,0
1789903986805,118,174389,1,1888,-0.901,1,0.75,Walking,True,3.9,0,0
1789903986821,119,175788,1,1904,-0.901,1,0.75,Walking,True,3.9,0,0
1789903986821,119,175788,1,1904,-0.901,1,0.75,Walking,True,3.9,0,0
1789903986821,119,175788,1,1904,-0.901,1,0.75,Walking,True,3.9,0,0
1789903986821,119,175788,1,1904,-0.901,1,0.75,Walking,True,3.9,0,0
1789903986821,119,175788,1,1904,-0.901,1,0.75,Walking,True,3.9,0,0
1789903986821,119,175788,1,1904,-0.901,1,0.75,Walking,True,3.9,0,0
1789903986821,119,175788,1,1904,-0.901,1,0.75,Walking,True,3.9,0,0
1789903986821,119,175788,1,1904,-0.901,1,0.75,Walking,True,3.9,0,0
1789903986836,120,177412,1,1920,-0.901,1,0.75,Walking,True,3.9,0,0
1789903986836,120,177412,1,1920,-0.901,1,0.75,Walking,True,3.9,0,0
1789903986836,120,177412,1,1920,-0.901,1,0.75,Walking,True,3.9,0,0
1789903986836,120,177412,1,1920,-0.901,1,0.75,Walking,True,3.9,0,0
1789903986836,120,177412,1,1920,-0.901,1,0.75,Walking,True,3.9,0,0
1789903986836,120,177412,1,1920,-0.901,1,0.75,Walking,True,3.9,0,0
1789903986836,120,177412,1,1920,-0.901,1,0.75,Walking,True,3.9,0,0
1789903986836,120,177412,1,1920,-0.901,1,0.75,Walking,True,3.9,0,0
1789903986852,121,178829,1,1936,-0.901,1,0.75,Walking,True,3.9,0,0
1789903986852,121,178829,1,1936,-0.901,1,0.75,Walking,True,3.9,0,0
1789903986852,121,178829,1,1936,-0.901,1,0.75,Walking,True,3.9,0,0
1789903986852,121,178829,1,1936,-0.901,1,0.75,Walking,True,3.9,0,0
1789903986852,121,178829,1,1936,-0.901,1,0.75,Walking,True,3.9,0,0
1789903986852,121,178829,1,1936,-0.901,1,0.75,Walking,True,3.9,0,0
1789903986852,121,178829,1,1936,-0.901,1,0.75,Walking,True,3.9,0,0
1789903986852,121,178829,1,1936,-0.901,1,0.75,Walking,True,3.9,0,0
1789903986867,122,180348,1,1952,-0.901,1,0.75,Walking,True,3.9,0,0
1789903986867,122,180348,1,1952,-0.901,1,0.75,Walking,True,3.9,0,0
1789903986867,122,180348,1,1952,-0.901,1,0.75,Walking,True,3.9,0,0
1789903986867,122,180348,1,1952,-0.901,1,0.75,Walking,True,3.9,0,0
1789903986867,122,180348,1,1952,-0.901,1,0.75,Walking,True,3.9,0,0
1789903986867,122,180348,1,1952,-0.901,1,0.75,Walking,True,3.9,0,0
1789903986867,122,180348,1,1952,-0.901,1,0.75,Walking,True,3.9,0,0
1789903986867,122,180348,1,1952,-0.901,1,0.75,Walking,True,3.9,0,0
1789903986882,123,181790,1,1968,-0.901,1,0.75,Walking,True,3.9,0,0
1789903986882,123,181790,1,1968,-0.901,1,0.75,Walking,True,3.9,0,0
1789903986882,123,181790,1,1968,-0.901,1,0.75,Walking,True,3.9,0,0
1789903986882,123,181790,1,1968,-0.901,1,0.75,Walking,True,3.9,0,0
1789903986882,123,181790,1,1968,-0.901,1,0.75,Walking,True,3.9,0,0
1789903986882,123,181790,1,1968,-0.901,1,0.75,Walking,True,3.9,0,0
1789903986882,123,181790,1,1968,-0.901,1,0.75,Walking,True,3.9,0,0
1789903986882,123,181790,1,1968,-0.901,1,0.75,Walking,True,3.9,0,0
1789903986897,124,183261,1,1984,-0.901,1,0.75,Walking,True,3.9,0,0
1789903986897,124,183261,1,1984,-0.901,1,0.75,Walking,True,3.9,0,0
1789903986897,124,183261,1,1984,-0.901,1,0.75,Walking,True,3.9,0,0
1789903986897,124,183261,1,1984,-0.901,1,0.75,Walking,True,3.9,0,0
1789903986897,124,183261,1,1984,-0.901,1,0.75,Walking,True,3.9,0,0
1789903986897,124,183261,1,1984,-0.901,1,0.75,Walking,True,3.9,0,0
1789903986897,124,183261,1,1984,-0.901,1,0.75,Walking,True,3.9,0,0
1789903986897,124,183261,1,1984,-0.901,1,0.75,Walking,True,3.9,0,0
1789903986913,125,184602,1,2000,-0.901,1,0.75,Walking,True,3.9,0,0
1789903986913,125,184602,1,2000,-0.901,1,0.75,Walking,True,3.9,0,0
1789903986913,125,184602,1,2000,-0.901,1,0.75,Walking,True,3.9,0,0
1789903986913,125,184602,1,2000,-0.901,1,0.75,Walking,True,3.9,0,0
1789903986913,125,184602,1,2000,-0.901,1,0.75,Walking,True,3.9,0,0
1789903986913,125,184602,1,2000,-0.901,1,0.75,Walking,True,3.9,0,0
1789903986913,125,184602,1,2000,-0.901,1,0.75,Walking,True,3.9,0,0
1789903986913,125,184602,1,2000,-0.901,1,0.75,Walking,True,3.9,0,0
1789903986929,126,186083,1,2016,-0.901,1,0.75,Walking,True,3.9,0,0
1789903986929,126,186083,1,2016,-0.901,1,0.75,Walking,True,3.9,0,0
1789903986929,126,186083,1,2016,-0.901,1,0.75,Walking,True,3.9,0,0
1789903986929,126,186083,1,2016,-0.901,1,0.75,Walking,True,3.9,0,0
1789903986929,126,186083,1,2016,-0.901,1,0.75,Walking,True,3.9,0,0
1789903986929,126,186083,1,2016,-0.901,1,0.75,Walking,True,3.9,0,0
1789903986929,126,186083,1,2016,-0.901,1,0.75,Walking,True,3.9,0,0
1789903986929,126,186083,1,2016,-0.901,1,0.75,Walking,True,3.9,0,0
1789903986960,127,187611,1,2032,-0.901,1,0.75,Walking,True,3.9,0,0
1789903986960,127,187611,1,2032,-0.901,1,0.75,Walking,True,3.9,0,0
1789903986960,127,187611,1,2032,-0.901,1,0.75,Walking,True,3.9,0,0
1789903986960,127,187611,1,2032,-0.901,1,0.75,Walking,True,3.9,0,0
1789903986960,127,187611,1,2032,-0.901,1,0.75,Walking,True,3.9,0,0
1789903986960,127,187611,1,2032,-0.901,1,0.75,Walking,True,3.9,0,0
1789903986960,127,187611,1,2032,-0.901,1,0.75,Walking,True,3.9,0,0
1789903986960,127,187611,1,2032,-0.901,1,0.75,Walking,True,3.9,0,0
1789903986975,128,190528,1,2048,-0.901,1,0.75,Walking,True,3.9,0,0
1789903986975,128,190528,1,2048,-0.901,1,0.75,Walking,True,3.9,0,0
1789903986975,128,190528,1,2048,-0.901,1,0.75,Walking,True,3.9,0,0
1789903986975,128,190528,1,2048,-0.901,1,0.75,Walking,True,3.9,0,0
1789903986975,128,190528,1,2048,-0.901,1,0.75,Walking,True,3.9,0,0
1789903986975,128,190528,1,2048,-0.901,1,0.75,Walking,True,3.9,0,0
1789903986975,128,190528,1,2048,-0.901,1,0.75,Walking,True,3.9,0,0
1789903986975,128,190528,1,2048,-0.901,1,0.75,Walking,True,3.9,0,0
1789903986991,129,192000,1,2064,-0.901,1,0.75,Walking,True,3.9,0,0
1789903986991,129,192000,1,2064,-0.901,1,0.75,Walking,True,3.9,0,0
1789903986991,129,192000,1,2064,-0.901,1,0.75,Walking,True,3.9,0,0
1789903986991,129,192000,1,2064,-0.901,1,0.75,Walking,True,3.9,0,0
1789903986991,129,192000,1,2064,-0.901,1,0.75,Walking,True,3.9,0,0
1789903986991,129,192000,1,2064,-0.901,1,0.75,Walking,True,3.9,0,0
1789903986991,129,192000,1,2064,-0.901,1,0.75,Walking,True,3.9,0,0
1789903986991,129,192000,1,2064,-0.901,1,0.75,Walking,True,3.9,0,0
1789903987006,130,193358,1,2080,-0.901,1,0.75,Walking,True,3.9,0,0
1789903987006,130,193358,1,2080,-0.901,1,0.75,Walking,True,3.9,0,0
1789903987006,130,193358,1,2080,-0.901,1,0.75,Walking,True,3.9,0,0
1789903987006,130,193358,1,2080,-0.901,1,0.75,Walking,True,3.9,0,0
1789903987006,130,193358,1,2080,-0.901,1,0.75,Walking,True,3.9,0,0
1789903987006,130,193358,1,2080,-0.901,1,0.75,Walking,True,3.9,0,0
1789903987006,130,193358,1,2080,-0.901,1,0.75,Walking,True,3.9,0,0
1789903987006,130,193358,1,2080,-0.901,1,0.75,Walking,True,3.9,0,0
1789903987022,131,194789,1,2096,-0.901,1,0.75,Walking,True,3.9,0,0
1789903987022,131,194789,1,2096,-0.901,1,0.75,Walking,True,3.9,0,0
1789903987022,131,194789,1,2096,-0.901,1,0.75,Walking,True,3.9,0,0
1789903987022,131,194789,1,2096,-0.901,1,0.75,Walking,True,3.9,0,0
1789903987022,131,194789,1,2096,-0.901,1,0.75,Walking,True,3.9,0,0
1789903987022,131,194789,1,2096,-0.901,1,0.75,Walking,True,3.9,0,0
1789903987022,131,194789,1,2096,-0.901,1,0.75,Walking,True,3.9,0,0
1789903987022,131,194789,1,2096,-0.901,1,0.75,Walking,True,3.9,0,0
1789903987037,132,196202,1,2112,-0.901,1,0.75,Walking,True,3.9,0,0
1789903987037,132,196202,1,2112,-0.901,1,0.75,Walking,True,3.9,0,0
1789903987037,132,196202,1,2112,-0.901,1,0.75,Walking,True,3.9,0,0
1789903987037,132,196202,1,2112,-0.901,1,0.75,Walking,True,3.9,0,0
1789903987037,132,196202,1,2112,-0.901,1,0.75,Walking,True,3.9,0,0
1789903987037,132,196202,1,2112,-0.901,1,0.75,Walking,True,3.9,0,0
1789903987037,132,196202,1,2112,-0.901,1,0.75,Walking,True,3.9,0,0
1789903987037,132,196202,1,2112,-0.901,1,0.75,Walking,True,3.9,0,0
1789903987053,133,197714,1,2128,-0.901,1,0.75,Walking,True,3.9,0,0
1789903987053,133,197714,1,2128,-0.901,1,0.75,Walking,True,3.9,0,0
1789903987053,133,197714,1,2128,-0.901,1,0.75,Walking,True,3.9,0,0
1789903987053,133,197714,1,2128,-0.901,1,0.75,Walking,True,3.9,0,0
1789903987053,133,197714,1,2128,-0.901,1,0.75,Walking,True,3.9,0,0
1789903987053,133,197714,1,2128,-0.901,1,0.75,Walking,True,3.9,0,0
1789903987053,133,197714,1,2128,-0.901,1,0.75,Walking,True,3.9,0,0
1789903987053,133,197714,1,2128,-0.901,1,0.75,Walking,True,3.9,0,0
1789903987069,134,199299,1,2144,-0.901,1,0.75,Walking,True,3.9,0,0
1789903987069,134,199299,1,2144,-0.901,1,0.75,Walking,True,3.9,0,0
1789903987069,134,199299,1,2144,-0.901,1,0.75,Walking,True,3.9,0,0
1789903987069,134,199299,1,2144,-0.901,1,0.75,Walking,True,3.9,0,0
1789903987069,134,199299,1,2144,-0.901,1,0.75,Walking,True,3.9,0,0
1789903987069,134,199299,1,2144,-0.901,1,0.75,Walking,True,3.9,0,0
1789903987069,134,199299,1,2144,-0.901,1,0.75,Walking,True,3.9,0,0
1789903987069,134,199299,1,2144,-0.901,1,0.75,Walking,True,3.9,0,0
1789903987085,135,200848,1,2160,-0.901,1,0.75,Walking,True,3.9,0,0
1789903987085,135,200848,1,2160,-0.901,1,0.75,Walking,True,3.9,0,0
1789903987085,135,200848,1,2160,-0.901,1,0.75,Walking,True,3.9,0,0
1789903987085,135,200848,1,2160,-0.901,1,0.75,Walking,True,3.9,0,0
1789903987085,135,200848,1,2160,-0.901,1,0.75,Walking,True,3.9,0,0
1789903987085,135,200848,1,2160,-0.901,1,0.75,Walking,True,3.9,0,0
1789903987085,135,200848,1,2160,-0.901,1,0.75,Walking,True,3.9,0,0
1789903987085,135,200848,1,2160,-0.901,1,0.75,Walking,True,3.9,0,0
1789903987100,136,202449,1,2176,-0.901,1,0.75,Walking,True,3.9,0,0
1789903987100,136,202449,1,2176,-0.901,1,0.75,Walking,True,3.9,0,0
1789903987100,136,202449,1,2176,-0.901,1,0.75,Walking,True,3.9,0,0
1789903987100,136,202449,1,2176,-0.901,1,0.75,Walking,True,3.9,0,0
1789903987100,136,202449,1,2176,-0.901,1,0.75,Walking,True,3.9,0,0
1789903987100,136,202449,1,2176,-0.901,1,0.75,Walking,True,3.9,0,0
1789903987100,136,202449,1,2176,-0.901,1,0.75,Walking,True,3.9,0,0
1789903987100,136,202449,1,2176,-0.901,1,0.75,Walking,True,3.9,0,0
1789903987116,137,203905,1,2192,-0.901,1,0.75,Walking,True,3.9,0,0
1789903987116,137,203905,1,2192,-0.901,1,0.75,Walking,True,3.9,0,0
1789903987116,137,203905,1,2192,-0.901,1,0.75,Walking,True,3.9,0,0
1789903987116,137,203905,1,2192,-0.901,1,0.75,Walking,True,3.9,0,0
1789903987116,137,203905,1,2192,-0.901,1,0.75,Walking,True,3.9,0,0
1789903987116,137,203905,1,2192,-0.901,1,0.75,Walking,True,3.9,0,0
1789903987116,137,203905,1,2192,-0.901,1,0.75,Walking,True,3.9,0,0
1789903987116,137,203905,1,2192,-0.901,1,0.75,Walking,True,3.9,0,0
1789903987132,138,205345,1,2208,-0.901,1,0.75,Walking,True,3.9,0,0
1789903987132,138,205345,1,2208,-0.901,1,0.75,Walking,True,3.9,0,0
1789903987132,138,205345,1,2208,-0.901,1,0.75,Walking,True,3.9,0,0
1789903987132,138,205345,1,2208,-0.901,1,0.75,Walking,True,3.9,0,0
1789903987132,138,205345,1,2208,-0.901,1,0.75,Walking,True,3.9,0,0
1789903987132,138,205345,1,2208,-0.901,1,0.75,Walking,True,3.9,0,0
1789903987132,138,205345,1,2208,-0.901,1,0.75,Walking,True,3.9,0,0
1789903987132,138,205345,1,2208,-0.901,1,0.75,Walking,True,3.9,0,0
1789903987147,139,206884,1,2224,-0.901,1,0.75,Walking,True,3.9,0,0
1789903987147,139,206884,1,2224,-0.901,1,0.75,Walking,True,3.9,0,0
1789903987147,139,206884,1,2224,-0.901,1,0.75,Walking,True,3.9,0,0
1789903987147,139,206884,1,2224,-0.901,1,0.75,Walking,True,3.9,0,0
1789903987147,139,206884,1,2224,-0.901,1,0.75,Walking,True,3.9,0,0
1789903987147,139,206884,1,2224,-0.901,1,0.75,Walking,True,3.9,0,0
1789903987147,139,206884,1,2224,-0.901,1,0.75,Walking,True,3.9,0,0
1789903987147,139,206884,1,2224,-0.901,1,0.75,Walking,True,3.9,0,0
1789903987163,140,208318,1,2240,-0.901,1,0.75,Walking,True,3.9,0,0
1789903987163,140,208318,1,2240,-0.901,1,0.75,Walking,True,3.9,0,0
1789903987163,140,208318,1,2240,-0.901,1,0.75,Walking,True,3.9,0,0
1789903987163,140,208318,1,2240,-0.901,1,0.75,Walking,True,3.9,0,0
1789903987163,140,208318,1,2240,-0.901,1,0.75,Walking,True,3.9,0,0
1789903987163,140,208318,1,2240,-0.901,1,0.75,Walking,True,3.9,0,0
1789903987163,140,208318,1,2240,-0.901,1,0.75,Walking,True,3.9,0,0
1789903987163,140,208318,1,2240,-0.901,1,0.75,Walking,True,3.9,0,0
1789903987178,141,209774,1,2256,-0.901,1,0.75,Walking,True,3.9,0,0
1789903987178,141,209774,1,2256,-0.901,1,0.75,Walking,True,3.9,0,0
1789903987178,141,209774,1,2256,-0.901,1,0.75,Walking,True,3.9,0,0
1789903987178,141,209774,1,2256,-0.901,1,0.75,Walking,True,3.9,0,0
1789903987178,141,209774,1,2256,-0.901,1,0.75,Walking,True,3.9,0,0
1789903987178,141,209774,1,2256,-0.901,1,0.75,Walking,True,3.9,0,0
1789903987178,141,209774,1,2256,-0.901,1,0.75,Walking,True,3.9,0,0
1789903987178,141,209774,1,2256,-0.901,1,0.75,Walking,True,3.9,0,0
1789903987194,142,211182,1,2272,-0.901,1,0.75,Walking,True,3.9,0,0
1789903987194,142,211182,1,2272,-0.901,1,0.75,Walking,True,3.9,0,0
1789903987194,142,211182,1,2272,-0.901,1,0.75,Walking,True,3.9,0,0
1789903987194,142,211182,1,2272,-0.901,1,0.75,Walking,True,3.9,0,0
1789903987194,142,211182,1,2272,-0.901,1,0.75,Walking,True,3.9,0,0
1789903987194,142,211182,1,2272,-0.901,1,0.75,Walking,True,3.9,0,0
1789903987194,142,211182,1,2272,-0.901,1,0.75,Walking,True,3.9,0,0
1789903987194,142,211182,1,2272,-0.901,1,0.75,Walking,True,3.9,0,0
1789903987210,143,212681,1,2288,-0.901,1,0.75,Walking,True,3.9,0,0
1789903987210,143,212681,1,2288,-0.901,1,0.75,Walking,True,3.9,0,0
1789903987210,143,212681,1,2288,-0.901,1,0.75,Walking,True,3.9,0,0
1789903987210,143,212681,1,2288,-0.901,1,0.75,Walking,True,3.9,0,0
1789903987210,143,212681,1,2288,-0.901,1,0.75,Walking,True,3.9,0,0
1789903987210,143,212681,1,2288,-0.901,1,0.75,Walking,True,3.9,0,0
1789903987210,143,212681,1,2288,-0.901,1,0.75,Walking,True,3.9,0,0
1789903987210,143,212681,1,2288,-0.901,1,0.75,Walking,True,3.9,0,0
1789903987225,144,214189,1,2304,-0.901,1,0.75,Walking,True,3.9,0,0
1789903987225,144,214189,1,2304,-0.901,1,0.75,Walking,True,3.9,0,0
1789903987225,144,214189,1,2304,-0.901,1,0.75,Walking,True,3.9,0,0
1789903987225,144,214189,1,2304,-0.901,1,0.75,Walking,True,3.9,0,0
1789903987225,144,214189,1,2304,-0.901,1,0.75,Walking,True,3.9,0,0
1789903987225,144,214189,1,2304,-0.901,1,0.75,Walking,True,3.9,0,0
1789903987225,144,214189,1,2304,-0.901,1,0.75,Walking,True,3.9,0,0
1789903987225,144,214189,1,2304,-0.901,1,0.75,Walking,True,3.9,0,0
1789903987240,145,215537,1,2320,-0.901,1,0.75,Walking,True,3.9,0,0
1789903987240,145,215537,1,2320,-0.901,1,0.75,Walking,True,3.9,0,0
1789903987240,145,215537,1,2320,-0.901,1,0.75,Walking,True,3.9,0,0
1789903987240,145,215537,1,2320,-0.901,1,0.75,Walking,True,3.9,0,0
1789903987240,145,215537,1,2320,-0.901,1,0.75,Walking,True,3.9,0,0
1789903987240,145,215537,1,2320,-0.901,1,0.75,Walking,True,3.9,0,0
1789903987240,145,215537,1,2320,-0.901,1,0.75,Walking,True,3.9,0,0
1789903987240,145,215537,1,2320,-0.901,1,0.75,Walking,True,3.9,0,0
1789903987256,146,216960,1,2336,-0.901,1,0.75,Walking,True,3.9,0,0
1789903987256,146,216960,1,2336,-0.901,1,0.75,Walking,True,3.9,0,0
1789903987256,146,216960,1,2336,-0.901,1,0.75,Walking,True,3.9,0,0
1789903987256,146,216960,1,2336,-0.901,1,0.75,Walking,True,3.9,0,0
1789903987256,146,216960,1,2336,-0.901,1,0.75,Walking,True,3.9,0,0
1789903987256,146,216960,1,2336,-0.901,1,0.75,Walking,True,3.9,0,0
1789903987256,146,216960,1,2336,-0.901,1,0.75,Walking,True,3.9,0,0
1789903987256,146,216960,1,2336,-0.901,1,0.75,Walking,True,3.9,0,0
1789903987272,147,218440,1,2352,-0.901,1,0.75,Walking,True,3.9,0,0
1789903987272,147,218440,1,2352,-0.901,1,0.75,Walking,True,3.9,0,0
1789903987272,147,218440,1,2352,-0.901,1,0.75,Walking,True,3.9,0,0
1789903987272,147,218440,1,2352,-0.901,1,0.75,Walking,True,3.9,0,0
1789903987272,147,218440,1,2352,-0.901,1,0.75,Walking,True,3.9,0,0
1789903987272,147,218440,1,2352,-0.901,1,0.75,Walking,True,3.9,0,0
1789903987272,147,218440,1,2352,-0.901,1,0.75,Walking,True,3.9,0,0
1789903987272,147,218440,1,2352,-0.901,1,0.75,Walking,True,3.9,0,0
1789903987287,148,219985,1,2368,-0.901,1,0.75,Walking,True,3.9,0,0
1789903987287,148,219985,1,2368,-0.901,1,0.75,Walking,True,3.9,0,0
1789903987287,148,219985,1,2368,-0.901,1,0.75,Walking,True,3.9,0,0
1789903987287,148,219985,1,2368,-0.901,1,0.75,Walking,True,3.9,0,0
1789903987287,148,219985,1,2368,-0.901,1,0.75,Walking,True,3.9,0,0
1789903987287,148,219985,1,2368,-0.901,1,0.75,Walking,True,3.9,0,0
1789903987287,148,219985,1,2368,-0.901,1,0.75,Walking,True,3.9,0,0
1789903987287,148,219985,1,2368,-0.901,1,0.75,Walking,True,3.9,0,0
1789903987303,149,221374,1,2384,-0.901,1,0.75,Walking,True,3.9,0,0
1789903987303,149,221374,1,2384,-0.901,1,0.75,Walking,True,3.9,0,0
1789903987303,149,221374,1,2384,-0.901,1,0.75,Walking,True,3.9,0,0
1789903987303,149,221374,1,2384,-0.901,1,0.75,Walking,True,3.9,0,0
1789903987303,149,221374,1,2384,-0.901,1,0.75,Walking,True,3.9,0,0
1789903987303,149,221374,1,2384,-0.901,1,0.75,Walking,True,3.9,0,0
1789903987303,149,221374,1,2384,-0.901,1,0.75,Walking,True,3.9,0,0
1789903987303,149,221374,1,2384,-0.901,1,0.75,Walking,True,3.9,0,0
1789903987319,150,222946,1,2400,-0.901,1,0.75,Walking,True,3.9,0,0
1789903987319,150,222946,1,2400,-0.901,1,0.75,Walking,True,3.9,0,0
1789903987319,150,222946,1,2400,-0.901,1,0.75,Walking,True,3.9,0,0
1789903987319,150,222946,1,2400,-0.901,1,0.75,Walking,True,3.9,0,0
1789903987319,150,222946,1,2400,-0.901,1,0.75,Walking,True,3.9,0,0
1789903987319,150,222946,1,2400,-0.901,1,0.75,Walking,True,3.9,0,0
1789903987319,150,222946,1,2400,-0.901,1,0.75,Walking,True,3.9,0,0
1789903987319,150,222946,1,2400,-0.901,1,0.75,Walking,True,3.9,0,0
1789903987350,151,224486,1,2416,-0.901,1,0.75,Walking,True,3.58,0,0
1789903987350,151,224486,1,2416,-0.901,1,0.75,Walking,True,3.58,0,0
1789903987350,151,224486,1,2416,-0.901,1,0.75,Walking,True,3.58,0,0
1789903987350,151,224486,1,2416,-0.901,1,0.75,Walking,True,3.58,0,0
1789903987350,151,224486,1,2416,-0.901,1,0.75,Walking,True,3.58,0,0
1789903987350,151,224486,1,2416,-0.901,1,0.75,Walking,True,3.58,0,0
1789903987350,151,224486,1,2416,-0.901,1,0.75,Walking,True,3.58,0,0
1789903987350,151,224486,1,2416,-0.901,1,0.75,Walking,True,3.58,0,0
1789903987365,152,227316,1,2432,-0.901,1,0.75,Walking,True,3.26,0,0
1789903987365,152,227316,1,2432,-0.901,1,0.75,Walking,True,3.26,0,0
1789903987365,152,227316,1,2432,-0.901,1,0.75,Walking,True,3.26,0,0
1789903987365,152,227316,1,2432,-0.901,1,0.75,Walking,True,3.26,0,0
1789903987365,152,227316,1,2432,-0.901,1,0.75,Walking,True,3.26,0,0
1789903987365,152,227316,1,2432,-0.901,1,0.75,Walking,True,3.26,0,0
1789903987365,152,227316,1,2432,-0.901,1,0.75,Walking,True,3.26,0,0
1789903987365,152,227316,1,2432,-0.901,1,0.75,Walking,True,3.26,0,0
1789903987380,153,228722,1,2448,-0.901,1,0.75,Walking,True,2.94,0,0
1789903987380,153,228722,1,2448,-0.901,1,0.75,Walking,True,2.94,0,0
1789903987380,153,228722,1,2448,-0.901,1,0.75,Walking,True,2.94,0,0
1789903987380,153,228722,1,2448,-0.901,1,0.75,Walking,True,2.94,0,0
1789903987380,153,228722,1,2448,-0.901,1,0.75,Walking,True,2.94,0,0
1789903987380,153,228722,1,2448,-0.901,1,0.75,Walking,True,2.94,0,0
1789903987380,153,228722,1,2448,-0.901,1,0.75,Walking,True,2.94,0,0
1789903987380,153,228722,1,2448,-0.901,1,0.75,Walking,True,2.94,0,0
1789903987396,154,230079,1,2464,-0.901,1,0.75,Walking,True,2.62,0,0
1789903987396,154,230079,1,2464,-0.901,1,0.75,Walking,True,2.62,0,0
1789903987396,154,230079,1,2464,-0.901,1,0.75,Walking,True,2.62,0,0
1789903987396,154,230079,1,2464,-0.901,1,0.75,Walking,True,2.62,0,0
1789903987396,154,230079,1,2464,-0.901,1,0.75,Walking,True,2.62,0,0
1789903987396,154,230079,1,2464,-0.901,1,0.75,Walking,True,2.62,0,0
1789903987396,154,230079,1,2464,-0.901,1,0.75,Walking,True,2.62,0,0
1789903987396,154,230079,1,2464,-0.901,1,0.75,Walking,True,2.62,0,0
1789903987411,155,231450,1,2480,-0.901,1,0.75,Walking,True,2.3,0,0
1789903987411,155,231450,1,2480,-0.901,1,0.75,Walking,True,2.3,0,0
1789903987411,155,231450,1,2480,-0.901,1,0.75,Walking,True,2.3,0,0
1789903987411,155,231450,1,2480,-0.901,1,0.75,Walking,True,2.3,0,0
1789903987411,155,231450,1,2480,-0.901,1,0.75,Walking,True,2.3,0,0
1789903987411,155,231450,1,2480,-0.901,1,0.75,Walking,True,2.3,0,0
1789903987411,155,231450,1,2480,-0.901,1,0.75,Walking,True,2.3,0,0
1789903987411,155,231450,1,2480,-0.901,1,0.75,Walking,True,2.3,0,0
1789903987426,156,232860,1,2496,-0.901,1,0.75,Walking,True,1.98,0,0
1789903987426,156,232860,1,2496,-0.901,1,0.75,Walking,True,1.98,0,0
1789903987426,156,232860,1,2496,-0.901,1,0.75,Walking,True,1.98,0,0
1789903987426,156,232860,1,2496,-0.901,1,0.75,Walking,True,1.98,0,0
1789903987426,156,232860,1,2496,-0.901,1,0.75,Walking,True,1.98,0,0
1789903987426,156,232860,1,2496,-0.901,1,0.75,Walking,True,1.98,0,0
1789903987426,156,232860,1,2496,-0.901,1,0.75,Walking,True,1.98,0,0
1789903987426,156,232860,1,2496,-0.901,1,0.75,Walking,True,1.98,0,0
1789903987442,157,234239,1,2512,-0.901,1,0.75,Walking,True,1.66,0,0
1789903987442,157,234239,1,2512,-0.901,1,0.75,Walking,True,1.66,0,0
1789903987442,157,234239,1,2512,-0.901,1,0.75,Walking,True,1.66,0,0
1789903987442,157,234239,1,2512,-0.901,1,0.75,Walking,True,1.66,0,0
1789903987442,157,234239,1,2512,-0.901,1,0.75,Walking,True,1.66,0,0
1789903987442,157,234239,1,2512,-0.901,1,0.75,Walking,True,1.66,0,0
1789903987442,157,234239,1,2512,-0.901,1,0.75,Walking,True,1.66,0,0
1789903987442,157,234239,1,2512,-0.901,1,0.75,Walking,True,1.66,0,0
1789903987458,158,235680,1,2528,-0.901,1,0.75,Walking,True,1.34,0,0
1789903987458,158,235680,1,2528,-0.901,1,0.75,Walking,True,1.34,0,0
1789903987458,158,235680,1,2528,-0.901,1,0.75,Walking,True,1.34,0,0
1789903987458,158,235680,1,2528,-0.901,1,0.75,Walking,True,1.34,0,0
1789903987458,158,235680,1,2528,-0.901,1,0.75,Walking,True,1.34,0,0
1789903987458,158,235680,1,2528,-0.901,1,0.75,Walking,True,1.34,0,0
1789903987458,158,235680,1,2528,-0.901,1,0.75,Walking,True,1.34,0,0
1789903987458,158,235680,1,2528,-0.901,1,0.75,Walking,True,1.34,0,0
1789903987474,159,237215,1,2544,-0.901,1,0.75,Walking,True,1.02,0,0
1789903987474,159,237215,1,2544,-0.901,1,0.75,Walking,True,1.02,0,0
1789903987474,159,237215,1,2544,-0.901,1,0.75,Walking,True,1.02,0,0
1789903987474,159,237215,1,2544,-0.901,1,0.75,Walking,True,1.02,0,0
1789903987474,159,237215,1,2544,-0.901,1,0.75,Walking,True,1.02,0,0
1789903987474,159,237215,1,2544,-0.901,1,0.75,Walking,True,1.02,0,0
1789903987474,159,237215,1,2544,-0.901,1,0.75,Walking,True,1.02,0,0
1789903987474,159,237215,1,2544,-0.901,1,0.75,Walking,True,1.02,0,0
1789903987490,160,238714,1,2560,-0.901,1,0.75,Walking,True,0.7,0,0
1789903987490,160,238714,1,2560,-0.901,1,0.75,Walking,True,0.7,0,0
1789903987490,160,238714,1,2560,-0.901,1,0.75,Walking,True,0.7,0,0
1789903987490,160,238714,1,2560,-0.901,1,0.75,Walking,True,0.7,0,0
1789903987490,160,238714,1,2560,-0.901,1,0.75,Walking,True,0.7,0,0
1789903987490,160,238714,1,2560,-0.901,1,0.75,Walking,True,0.7,0,0
1789903987490,160,238714,1,2560,-0.901,1,0.75,Walking,True,0.7,0,0
1789903987490,160,238714,1,2560,-0.901,1,0.75,Walking,True,0.7,0,0
1789903987505,161,240173,1,2576,-0.901,1,0.75,Walking,True,0.38,0,0
1789903987505,161,240173,1,2576,-0.901,1,0.75,Walking,True,0.38,0,0
1789903987505,161,240173,1,2576,-0.901,1,0.75,Walking,True,0.38,0,0
1789903987505,161,240173,1,2576,-0.901,1,0.75,Walking,True,0.38,0,0
1789903987505,161,240173,1,2576,-0.901,1,0.75,Walking,True,0.38,0,0
1789903987505,161,240173,1,2576,-0.901,1,0.75,Walking,True,0.38,0,0
1789903987505,161,240173,1,2576,-0.901,1,0.75,Walking,True,0.38,0,0
1789903987505,161,240173,1,2576,-0.901,1,0.75,Walking,True,0.38,0,0
1789903987520,162,241575,1,2592,-0.901,1,0.75,Walking,True,0.06,0,0
1789903987520,162,241575,1,2592,-0.901,1,0.75,Walking,True,0.06,0,0
1789903987520,162,241575,1,2592,-0.901,1,0.75,Walking,True,0.06,0,0
1789903987520,162,241575,1,2592,-0.901,1,0.75,Walking,True,0.06,0,0
1789903987520,162,241575,1,2592,-0.901,1,0.75,Walking,True,0.06,0,0
1789903987520,162,241575,1,2592,-0.901,1,0.75,Walking,True,0.06,0,0
1789903987520,162,241575,1,2592,-0.901,1,0.75,Walking,True,0.06,0,0
1789903987520,162,241575,1,2592,-0.901,1,0.75,Walking,True,0.06,0,0
1789903987536,163,243020,1,2608,-0.901,1,0.75,Walking,True,0,0,0
1789903987536,163,243020,1,2608,-0.901,1,0.75,Walking,True,0,0,0
1789903987536,163,243020,1,2608,-0.901,1,0.75,Walking,True,0,0,0
1789903987536,163,243020,1,2608,-0.901,1,0.75,Walking,True,0,0,0
1789903987536,163,243020,1,2608,-0.901,1,0.75,Walking,True,0,0,0
1789903987536,163,243020,1,2608,-0.901,1,0.75,Walking,True,0,0,0
1789903987536,163,243020,1,2608,-0.901,1,0.75,Walking,True,0,0,0
1789903987536,163,243020,1,2608,-0.901,1,0.75,Walking,True,0,0,0
1789903987552,164,244455,1,2624,-0.901,1,0.75,Walking,True,0,0,0
1789903987552,164,244455,1,2624,-0.901,1,0.75,Walking,True,0,0,0
1789903987552,164,244455,1,2624,-0.901,1,0.75,Walking,True,0,0,0
1789903987552,164,244455,1,2624,-0.901,1,0.75,Walking,True,0,0,0
1789903987552,164,244455,1,2624,-0.901,1,0.75,Walking,True,0,0,0
1789903987552,164,244455,1,2624,-0.901,1,0.75,Walking,True,0,0,0
1789903987552,164,244455,1,2624,-0.901,1,0.75,Walking,True,0,0,0
1789903987552,164,244455,1,2624,-0.901,1,0.75,Walking,True,0,0,0
1789903987568,165,245861,1,2640,-0.901,1,0.75,Walking,True,0,0,0
1789903987568,165,245861,1,2640,-0.901,1,0.75,Walking,True,0,0,0
1789903987568,165,245861,1,2640,-0.901,1,0.75,Walking,True,0,0,0
1789903987568,165,245861,1,2640,-0.901,1,0.75,Walking,True,0,0,0
1789903987568,165,245861,1,2640,-0.901,1,0.75,Walking,True,0,0,0
1789903987568,165,245861,1,2640,-0.901,1,0.75,Walking,True,0,0,0
1789903987568,165,245861,1,2640,-0.901,1,0.75,Walking,True,0,0,0
1789903987568,165,245861,1,2640,-0.901,1,0.75,Walking,True,0,0,0
1789903987583,166,247309,1,2656,-0.901,1,0.75,Walking,True,0,0,0
1789903987583,166,247309,1,2656,-0.901,1,0.75,Walking,True,0,0,0
1789903987583,166,247309,1,2656,-0.901,1,0.75,Walking,True,0,0,0
1789903987583,166,247309,1,2656,-0.901,1,0.75,Walking,True,0,0,0
1789903987583,166,247309,1,2656,-0.901,1,0.75,Walking,True,0,0,0
1789903987583,166,247309,1,2656,-0.901,1,0.75,Walking,True,0,0,0
1789903987583,166,247309,1,2656,-0.901,1,0.75,Walking,True,0,0,0
1789903987583,166,247309,1,2656,-0.901,1,0.75,Walking,True,0,0,0
1789903987599,167,248769,1,2672,-0.901,1,0.75,Walking,True,0,0,0
1789903987599,167,248769,1,2672,-0.901,1,0.75,Walking,True,0,0,0
1789903987599,167,248769,1,2672,-0.901,1,0.75,Walking,True,0,0,0
1789903987599,167,248769,1,2672,-0.901,1,0.75,Walking,True,0,0,0
1789903987599,167,248769,1,2672,-0.901,1,0.75,Walking,True,0,0,0
1789903987599,167,248769,1,2672,-0.901,1,0.75,Walking,True,0,0,0
1789903987599,167,248769,1,2672,-0.901,1,0.75,Walking,True,0,0,0
1789903987599,167,248769,1,2672,-0.901,1,0.75,Walking,True,0,0,0
1789903987614,168,250139,1,2688,-0.901,1,0.75,Walking,True,0,0,0
1789903987614,168,250139,1,2688,-0.901,1,0.75,Walking,True,0,0,0
1789903987614,168,250139,1,2688,-0.901,1,0.75,Walking,True,0,0,0
1789903987614,168,250139,1,2688,-0.901,1,0.75,Walking,True,0,0,0
1789903987614,168,250139,1,2688,-0.901,1,0.75,Walking,True,0,0,0
1789903987614,168,250139,1,2688,-0.901,1,0.75,Walking,True,0,0,0
1789903987614,168,250139,1,2688,-0.901,1,0.75,Walking,True,0,0,0
1789903987614,168,250139,1,2688,-0.901,1,0.75,Walking,True,0,0,0
1789903987631,169,251495,1,2704,-0.901,1,0.75,Walking,True,0,0,0
1789903987631,169,251495,1,2704,-0.901,1,0.75,Walking,True,0,0,0
1789903987631,169,251495,1,2704,-0.901,1,0.75,Walking,True,0,0,0
1789903987631,169,251495,1,2704,-0.901,1,0.75,Walking,True,0,0,0
1789903987631,169,251495,1,2704,-0.901,1,0.75,Walking,True,0,0,0
1789903987631,169,251495,1,2704,-0.901,1,0.75,Walking,True,0,0,0
1789903987631,169,251495,1,2704,-0.901,1,0.75,Walking,True,0,0,0
1789903987631,169,251495,1,2704,-0.901,1,0.75,Walking,True,0,0,0
1789903987646,170,252983,1,2720,-0.901,1,0.75,Walking,True,0,0,0
1789903987646,170,252983,1,2720,-0.901,1,0.75,Walking,True,0,0,0
1789903987646,170,252983,1,2720,-0.901,1,0.75,Walking,True,0,0,0
1789903987646,170,252983,1,2720,-0.901,1,0.75,Walking,True,0,0,0
1789903987646,170,252983,1,2720,-0.901,1,0.75,Walking,True,0,0,0
1789903987646,170,252983,1,2720,-0.901,1,0.75,Walking,True,0,0,0
1789903987646,170,252983,1,2720,-0.901,1,0.75,Walking,True,0,0,0
1789903987646,170,252983,1,2720,-0.901,1,0.75,Walking,True,0,0,0
1789903987662,171,254536,1,2736,-0.901,1,0.75,Walking,True,0,0,0
1789903987662,171,254536,1,2736,-0.901,1,0.75,Walking,True,0,0,0
1789903987662,171,254536,1,2736,-0.901,1,0.75,Walking,True,0,0,0
1789903987662,171,254536,1,2736,-0.901,1,0.75,Walking,True,0,0,0
1789903987662,171,254536,1,2736,-0.901,1,0.75,Walking,True,0,0,0
1789903987662,171,254536,1,2736,-0.901,1,0.75,Walking,True,0,0,0
1789903987662,171,254536,1,2736,-0.901,1,0.75,Walking,True,0,0,0
1789903987662,171,254536,1,2736,-0.901,1,0.75,Walking,True,0,0,0
1789903987678,172,256082,1,2752,-0.901,1,0.75,Walking,True,0,0,0
1789903987678,172,256082,1,2752,-0.901,1,0.75,Walking,True,0,0,0
1789903987678,172,256082,1,2752,-0.901,1,0.75,Walking,True,0,0,0
1789903987678,172,256082,1,2752,-0.901,1,0.75,Walking,True,0,0,0
1789903987678,172,256082,1,2752,-0.901,1,0.75,Walking,True,0,0,0
1789903987678,172,256082,1,2752,-0.901,1,0.75,Walking,True,0,0,0
1789903987678,172,256082,1,2752,-0.901,1,0.75,Walking,True,0,0,0
1789903987678,172,256082,1,2752,-0.901,1,0.75,Walking,True,0,0,0
1789903987694,173,257571,1,2768,-0.901,1,0.75,Walking,True,0,0,0
1789903987694,173,257571,1,2768,-0.901,1,0.75,Walking,True,0,0,0
1789903987694,173,257571,1,2768,-0.901,1,0.75,Walking,True,0,0,0
1789903987694,173,257571,1,2768,-0.901,1,0.75,Walking,True,0,0,0
1789903987694,173,257571,1,2768,-0.901,1,0.75,Walking,True,0,0,0
1789903987694,173,257571,1,2768,-0.901,1,0.75,Walking,True,0,0,0
1789903987694,173,257571,1,2768,-0.901,1,0.75,Walking,True,0,0,0
1789903987694,173,257571,1,2768,-0.901,1,0.75,Walking,True,0,0,0
1789903987710,174,258973,1,2784,-0.901,1,0.75,Walking,True,0,0,0
1789903987710,174,258973,1,2784,-0.901,1,0.75,Walking,True,0,0,0
1789903987710,174,258973,1,2784,-0.901,1,0.75,Walking,True,0,0,0
1789903987710,174,258973,1,2784,-0.901,1,0.75,Walking,True,0,0,0
1789903987710,174,258973,1,2784,-0.901,1,0.75,Walking,True,0,0,0
1789903987710,174,258973,1,2784,-0.901,1,0.75,Walking,True,0,0,0
1789903987710,174,258973,1,2784,-0.901,1,0.75,Walking,True,0,0,0
1789903987710,174,258973,1,2784,-0.901,1,0.75,Walking,True,0,0,0
1789903987726,175,260495,1,2800,-0.901,1,0.75,Walking,True,0,0,0
1789903987726,175,260495,1,2800,-0.901,1,0.75,Walking,True,0,0,0
1789903987726,175,260495,1,2800,-0.901,1,0.75,Walking,True,0,0,0
1789903987726,175,260495,1,2800,-0.901,1,0.75,Walking,True,0,0,0
1789903987726,175,260495,1,2800,-0.901,1,0.75,Walking,True,0,0,0
1789903987726,175,260495,1,2800,-0.901,1,0.75,Walking,True,0,0,0
1789903987726,175,260495,1,2800,-0.901,1,0.75,Walking,True,0,0,0
1789903987726,175,260495,1,2800,-0.901,1,0.75,Walking,True,0,0,0
1789903987741,176,261893,1,2816,-0.901,1,0.75,Walking,True,0,0,0
1789903987741,176,261893,1,2816,-0.901,1,0.75,Walking,True,0,0,0
1789903987741,176,261893,1,2816,-0.901,1,0.75,Walking,True,0,0,0
1789903987741,176,261893,1,2816,-0.901,1,0.75,Walking,True,0,0,0
1789903987741,176,261893,1,2816,-0.901,1,0.75,Walking,True,0,0,0
1789903987741,176,261893,1,2816,-0.901,1,0.75,Walking,True,0,0,0
1789903987741,176,261893,1,2816,-0.901,1,0.75,Walking,True,0,0,0
1789903987741,176,261893,1,2816,-0.901,1,0.75,Walking,True,0,0,0
1789903987757,177,263273,1,2832,-0.901,1,0.75,Walking,True,0,0,0
1789903987757,177,263273,1,2832,-0.901,1,0.75,Walking,True,0,0,0
1789903987757,177,263273,1,2832,-0.901,1,0.75,Walking,True,0,0,0
1789903987757,177,263273,1,2832,-0.901,1,0.75,Walking,True,0,0,0
1789903987757,177,263273,1,2832,-0.901,1,0.75,Walking,True,0,0,0
1789903987757,177,263273,1,2832,-0.901,1,0.75,Walking,True,0,0,0
1789903987757,177,263273,1,2832,-0.901,1,0.75,Walking,True,0,0,0
1789903987757,177,263273,1,2832,-0.901,1,0.75,Walking,True,0,0,0
1789903987772,178,264741,1,2848,-0.901,1,0.75,Walking,True,0,0,0
1789903987772,178,264741,1,2848,-0.901,1,0.75,Walking,True,0,0,0
1789903987772,178,264741,1,2848,-0.901,1,0.75,Walking,True,0,0,0
1789903987772,178,264741,1,2848,-0.901,1,0.75,Walking,True,0,0,0
1789903987772,178,264741,1,2848,-0.901,1,0.75,Walking,True,0,0,0
1789903987772,178,264741,1,2848,-0.901,1,0.75,Walking,True,0,0,0
1789903987772,178,264741,1,2848,-0.901,1,0.75,Walking,True,0,0,0
1789903987772,178,264741,1,2848,-0.901,1,0.75,Walking,True,0,0,0
1789903987788,179,266201,1,2864,-0.901,1,0.75,Walking,True,0,0,0
1789903987788,179,266201,1,2864,-0.901,1,0.75,Walking,True,0,0,0
1789903987788,179,266201,1,2864,-0.901,1,0.75,Walking,True,0,0,0
1789903987788,179,266201,1,2864,-0.901,1,0.75,Walking,True,0,0,0
1789903987788,179,266201,1,2864,-0.901,1,0.75,Walking,True,0,0,0
1789903987788,179,266201,1,2864,-0.901,1,0.75,Walking,True,0,0,0
1789903987788,179,266201,1,2864,-0.901,1,0.75,Walking,True,0,0,0
1789903987788,179,266201,1,2864,-0.901,1,0.75,Walking,True,0,0,0
1789903987804,180,267586,1,2880,-0.901,1,0.75,Walking,True,0,0,0
1789903987804,180,267586,1,2880,-0.901,1,0.75,Walking,True,0,0,0
1789903987804,180,267586,1,2880,-0.901,1,0.75,Walking,True,0,0,0
1789903987804,180,267586,1,2880,-0.901,1,0.75,Walking,True,0,0,0
1789903987804,180,267586,1,2880,-0.901,1,0.75,Walking,True,0,0,0
1789903987804,180,267586,1,2880,-0.901,1,0.75,Walking,True,0,0,0
1789903987804,180,267586,1,2880,-0.901,1,0.75,Walking,True,0,0,0
1789903987804,180,267586,1,2880,-0.901,1,0.75,Walking,True,0,0,0
1789903987820,181,269116,1,2896,-0.901,1,0.75,Walking,True,0,0,0
1789903987820,181,269116,1,2896,-0.901,1,0.75,Walking,True,0,0,0
1789903987820,181,269116,1,2896,-0.901,1,0.75,Walking,True,0,0,0
1789903987820,181,269116,1,2896,-0.901,1,0.75,Walking,True,0,0,0
1789903987820,181,269116,1,2896,-0.901,1,0.75,Walking,True,0,0,0
1789903987820,181,269116,1,2896,-0.901,1,0.75,Walking,True,0,0,0
1789903987820,181,269116,1,2896,-0.901,1,0.75,Walking,True,0,0,0
1789903987820,181,269116,1,2896,-0.901,1,0.75,Walking,True,0,0,0
1789903988067,182,300947,1,2912,-0.90612,1,0.75,Walking,True,-0.32,0,0
1789903988067,182,300947,1,2912,-0.90612,1,0.75,Walking,True,-0.32,0,0
1789903988067,182,300947,1,2912,-0.90612,1,0.75,Walking,True,-0.32,0,0
1789903988067,182,300947,1,2912,-0.90612,1,0.75,Walking,True,-0.32,0,0
1789903988067,182,300947,1,2912,-0.90612,1,0.75,Walking,True,-0.32,0,0
1789903988067,182,300947,1,2912,-0.90612,1,0.75,Walking,True,-0.32,0,0
1789903988067,182,300947,1,2912,-0.90612,1,0.75,Walking,True,-0.32,0,0
1789903988067,182,300947,1,2912,-0.90612,1,0.75,Walking,True,-0.32,0,0
1789903988083,183,303694,1,2928,-0.91636,1,0.75,Walking,True,-0.64,0,0
1789903988083,183,303694,1,2928,-0.91636,1,0.75,Walking,True,-0.64,0,0
1789903988083,183,303694,1,2928,-0.91636,1,0.75,Walking,True,-0.64,0,0
1789903988083,183,303694,1,2928,-0.91636,1,0.75,Walking,True,-0.64,0,0
1789903988083,183,303694,1,2928,-0.91636,1,0.75,Walking,True,-0.64,0,0
1789903988083,183,303694,1,2928,-0.91636,1,0.75,Walking,True,-0.64,0,0
1789903988083,183,303694,1,2928,-0.91636,1,0.75,Walking,True,-0.64,0,0
1789903988083,183,303694,1,2928,-0.91636,1,0.75,Walking,True,-0.64,0,0
1789903988099,184,305348,1,2944,-0.93172,1,0.75,Walking,True,-0.96,0,0
1789903988099,184,305348,1,2944,-0.93172,1,0.75,Walking,True,-0.96,0,0
1789903988099,184,305348,1,2944,-0.93172,1,0.75,Walking,True,-0.96,0,0
1789903988099,184,305348,1,2944,-0.93172,1,0.75,Walking,True,-0.96,0,0
1789903988099,184,305348,1,2944,-0.93172,1,0.75,Walking,True,-0.96,0,0
1789903988099,184,305348,1,2944,-0.93172,1,0.75,Walking,True,-0.96,0,0
1789903988099,184,305348,1,2944,-0.93172,1,0.75,Walking,True,-0.96,0,0
1789903988099,184,305348,1,2944,-0.93172,1,0.75,Walking,True,-0.96,0,0
1789903988114,185,306751,1,2960,-0.9522,1,0.75,Walking,True,-1.28,0,0
1789903988114,185,306751,1,2960,-0.9522,1,0.75,Walking,True,-1.28,0,0
1789903988114,185,306751,1,2960,-0.9522,1,0.75,Walking,True,-1.28,0,0
1789903988114,185,306751,1,2960,-0.9522,1,0.75,Walking,True,-1.28,0,0
1789903988114,185,306751,1,2960,-0.9522,1,0.75,Walking,True,-1.28,0,0
1789903988114,185,306751,1,2960,-0.9522,1,0.75,Walking,True,-1.28,0,0
1789903988114,185,306751,1,2960,-0.9522,1,0.75,Walking,True,-1.28,0,0
1789903988114,185,306751,1,2960,-0.9522,1,0.75,Walking,True,-1.28,0,0
1789903988129,186,308080,1,2976,-0.9778,1,0.75,Walking,True,-1.6,0,0
1789903988129,186,308080,1,2976,-0.9778,1,0.75,Walking,True,-1.6,0,0
1789903988129,186,308080,1,2976,-0.9778,1,0.75,Walking,True,-1.6,0,0
1789903988129,186,308080,1,2976,-0.9778,1,0.75,Walking,True,-1.6,0,0
1789903988129,186,308080,1,2976,-0.9778,1,0.75,Walking,True,-1.6,0,0
1789903988129,186,308080,1,2976,-0.9778,1,0.75,Walking,True,-1.6,0,0
1789903988129,186,308080,1,2976,-0.9778,1,0.75,Walking,True,-1.6,0,0
1789903988129,186,308080,1,2976,-0.9778,1,0.75,Walking,True,-1.6,0,0
1789903988144,187,309494,1,2992,-1.00852,1,0.75,Walking,True,-1.92,0,0
1789903988144,187,309494,1,2992,-1.00852,1,0.75,Walking,True,-1.92,0,0
1789903988144,187,309494,1,2992,-1.00852,1,0.75,Walking,True,-1.92,0,0
1789903988144,187,309494,1,2992,-1.00852,1,0.75,Walking,True,-1.92,0,0
1789903988144,187,309494,1,2992,-1.00852,1,0.75,Walking,True,-1.92,0,0
1789903988144,187,309494,1,2992,-1.00852,1,0.75,Walking,True,-1.92,0,0
1789903988144,187,309494,1,2992,-1.00852,1,0.75,Walking,True,-1.92,0,0
1789903988144,187,309494,1,2992,-1.00852,1,0.75,Walking,True,-1.92,0,0
1789903988159,188,310882,1,3008,-1.04436,1,0.75,Walking,True,-2.24,0,0
1789903988159,188,310882,1,3008,-1.04436,1,0.75,Walking,True,-2.24,0,0
1789903988159,188,310882,1,3008,-1.04436,1,0.75,Walking,True,-2.24,0,0
1789903988159,188,310882,1,3008,-1.04436,1,0.75,Walking,True,-2.24,0,0
1789903988159,188,310882,1,3008,-1.04436,1,0.75,Walking,True,-2.24,0,0
1789903988159,188,310882,1,3008,-1.04436,1,0.75,Walking,True,-2.24,0,0
1789903988159,188,310882,1,3008,-1.04436,1,0.75,Walking,True,-2.24,0,0
1789903988159,188,310882,1,3008,-1.04436,1,0.75,Walking,True,-2.24,0,0
1789903988175,189,312315,1,3024,-1.08532,1,0.75,Walking,True,-2.56,0,0
1789903988175,189,312315,1,3024,-1.08532,1,0.75,Walking,True,-2.56,0,0
1789903988175,189,312315,1,3024,-1.08532,1,0.75,Walking,True,-2.56,0,0
1789903988175,189,312315,1,3024,-1.08532,1,0.75,Walking,True,-2.56,0,0
1789903988175,189,312315,1,3024,-1.08532,1,0.75,Walking,True,-2.56,0,0
1789903988175,189,312315,1,3024,-1.08532,1,0.75,Walking,True,-2.56,0,0
1789903988175,189,312315,1,3024,-1.08532,1,0.75,Walking,True,-2.56,0,0
1789903988175,189,312315,1,3024,-1.08532,1,0.75,Walking,True,-2.56,0,0
1789903988191,190,313837,1,3040,-1.1314,1,0.75,Walking,True,-2.88,0,0
1789903988191,190,313837,1,3040,-1.1314,1,0.75,Walking,True,-2.88,0,0
1789903988191,190,313837,1,3040,-1.1314,1,0.75,Walking,True,-2.88,0,0
1789903988191,190,313837,1,3040,-1.1314,1,0.75,Walking,True,-2.88,0,0
1789903988191,190,313837,1,3040,-1.1314,1,0.75,Walking,True,-2.88,0,0
1789903988191,190,313837,1,3040,-1.1314,1,0.75,Walking,True,-2.88,0,0
1789903988191,190,313837,1,3040,-1.1314,1,0.75,Walking,True,-2.88,0,0
1789903988191,190,313837,1,3040,-1.1314,1,0.75,Walking,True,-2.88,0,0
1789903988207,191,315382,1,3056,-1.1826,1,0.75,Walking,True,-3.2,0,0
1789903988207,191,315382,1,3056,-1.1826,1,0.75,Walking,True,-3.2,0,0
1789903988207,191,315382,1,3056,-1.1826,1,0.75,Walking,True,-3.2,0,0
1789903988207,191,315382,1,3056,-1.1826,1,0.75,Walking,True,-3.2,0,0
1789903988207,191,315382,1,3056,-1.1826,1,0.75,Walking,True,-3.2,0,0
1789903988207,191,315382,1,3056,-1.1826,1,0.75,Walking,True,-3.2,0,0
1789903988207,191,315382,1,3056,-1.1826,1,0.75,Walking,True,-3.2,0,0
1789903988207,191,315382,1,3056,-1.1826,1,0.75,Walking,True,-3.2,0,0
1789903988222,192,316950,1,3072,-1.23892,1,0.75,Walking,True,-3.52,0,0
1789903988222,192,316950,1,3072,-1.23892,1,0.75,Walking,True,-3.52,0,0
1789903988222,192,316950,1,3072,-1.23892,1,0.75,Walking,True,-3.52,0,0
1789903988222,192,316950,1,3072,-1.23892,1,0.75,Walking,True,-3.52,0,0
1789903988222,192,316950,1,3072,-1.23892,1,0.75,Walking,True,-3.52,0,0
1789903988222,192,316950,1,3072,-1.23892,1,0.75,Walking,True,-3.52,0,0
1789903988222,192,316950,1,3072,-1.23892,1,0.75,Walking,True,-3.52,0,0
1789903988222,192,316950,1,3072,-1.23892,1,0.75,Walking,True,-3.52,0,0
1789903988237,193,318302,1,3088,-1.30036,1,0.75,Walking,True,-3.84,0,0
1789903988237,193,318302,1,3088,-1.30036,1,0.75,Walking,True,-3.84,0,0
1789903988238,193,318302,1,3088,-1.30036,1,0.75,Walking,True,-3.84,0,0
1789903988238,193,318302,1,3088,-1.30036,1,0.75,Walking,True,-3.84,0,0
1789903988238,193,318302,1,3088,-1.30036,1,0.75,Walking,True,-3.84,0,0
1789903988238,193,318302,1,3088,-1.30036,1,0.75,Walking,True,-3.84,0,0
1789903988238,193,318302,1,3088,-1.30036,1,0.75,Walking,True,-3.84,0,0
1789903988238,193,318302,1,3088,-1.30036,1,0.75,Walking,True,-3.84,0,0
1789903988253,194,319605,1,3104,-1.36276,1,0.75,Walking,True,-3.9,0,0
1789903988253,194,319605,1,3104,-1.36276,1,0.75,Walking,True,-3.9,0,0
1789903988253,194,319605,1,3104,-1.36276,1,0.75,Walking,True,-3.9,0,0
1789903988253,194,319605,1,3104,-1.36276,1,0.75,Walking,True,-3.9,0,0
1789903988253,194,319605,1,3104,-1.36276,1,0.75,Walking,True,-3.9,0,0
1789903988253,194,319605,1,3104,-1.36276,1,0.75,Walking,True,-3.9,0,0
1789903988253,194,319605,1,3104,-1.36276,1,0.75,Walking,True,-3.9,0,0
1789903988253,194,319605,1,3104,-1.36276,1,0.75,Walking,True,-3.9,0,0
1789903988269,195,320981,1,3120,-1.42516,1,0.75,Walking,True,-3.9,0,0
1789903988269,195,320981,1,3120,-1.42516,1,0.75,Walking,True,-3.9,0,0
1789903988269,195,320981,1,3120,-1.42516,1,0.75,Walking,True,-3.9,0,0
1789903988269,195,320981,1,3120,-1.42516,1,0.75,Walking,True,-3.9,0,0
1789903988269,195,320981,1,3120,-1.42516,1,0.75,Walking,True,-3.9,0,0
1789903988269,195,320981,1,3120,-1.42516,1,0.75,Walking,True,-3.9,0,0
1789903988269,195,320981,1,3120,-1.42516,1,0.75,Walking,True,-3.9,0,0
1789903988269,195,320981,1,3120,-1.42516,1,0.75,Walking,True,-3.9,0,0
1789903988284,196,322299,1,3136,-1.48756,1,0.75,Walking,True,-3.9,0,0
1789903988284,196,322299,1,3136,-1.48756,1,0.75,Walking,True,-3.9,0,0
1789903988284,196,322299,1,3136,-1.48756,1,0.75,Walking,True,-3.9,0,0
1789903988284,196,322299,1,3136,-1.48756,1,0.75,Walking,True,-3.9,0,0
1789903988284,196,322299,1,3136,-1.48756,1,0.75,Walking,True,-3.9,0,0
1789903988284,196,322299,1,3136,-1.48756,1,0.75,Walking,True,-3.9,0,0
1789903988284,196,322299,1,3136,-1.48756,1,0.75,Walking,True,-3.9,0,0
1789903988284,196,322299,1,3136,-1.48756,1,0.75,Walking,True,-3.9,0,0
1789903988299,197,323690,1,3152,-1.54996,1,0.75,Walking,True,-3.9,0,0
1789903988299,197,323690,1,3152,-1.54996,1,0.75,Walking,True,-3.9,0,0
1789903988299,197,323690,1,3152,-1.54996,1,0.75,Walking,True,-3.9,0,0
1789903988299,197,323690,1,3152,-1.54996,1,0.75,Walking,True,-3.9,0,0
1789903988299,197,323690,1,3152,-1.54996,1,0.75,Walking,True,-3.9,0,0
1789903988299,197,323690,1,3152,-1.54996,1,0.75,Walking,True,-3.9,0,0
1789903988299,197,323690,1,3152,-1.54996,1,0.75,Walking,True,-3.9,0,0
1789903988299,197,323690,1,3152,-1.54996,1,0.75,Walking,True,-3.9,0,0
1789903988315,198,325046,1,3168,-1.61236,1,0.75,Walking,True,-3.9,0,0
1789903988315,198,325046,1,3168,-1.61236,1,0.75,Walking,True,-3.9,0,0
1789903988315,198,325046,1,3168,-1.61236,1,0.75,Walking,True,-3.9,0,0
1789903988315,198,325046,1,3168,-1.61236,1,0.75,Walking,True,-3.9,0,0
1789903988315,198,325046,1,3168,-1.61236,1,0.75,Walking,True,-3.9,0,0
1789903988315,198,325046,1,3168,-1.61236,1,0.75,Walking,True,-3.9,0,0
1789903988315,198,325046,1,3168,-1.61236,1,0.75,Walking,True,-3.9,0,0
1789903988315,198,325046,1,3168,-1.61236,1,0.75,Walking,True,-3.9,0,0
1789903988330,199,326424,1,3184,-1.67476,1,0.75,Walking,True,-3.9,0,0
1789903988330,199,326424,1,3184,-1.67476,1,0.75,Walking,True,-3.9,0,0
1789903988330,199,326424,1,3184,-1.67476,1,0.75,Walking,True,-3.9,0,0
1789903988330,199,326424,1,3184,-1.67476,1,0.75,Walking,True,-3.9,0,0
1789903988330,199,326424,1,3184,-1.67476,1,0.75,Walking,True,-3.9,0,0
1789903988330,199,326424,1,3184,-1.67476,1,0.75,Walking,True,-3.9,0,0
1789903988330,199,326424,1,3184,-1.67476,1,0.75,Walking,True,-3.9,0,0
1789903988330,199,326424,1,3184,-1.67476,1,0.75,Walking,True,-3.9,0,0
1789903988346,200,327786,1,3200,-1.73716,1,0.75,Walking,True,-3.9,0,0
1789903988346,200,327786,1,3200,-1.73716,1,0.75,Walking,True,-3.9,0,0
1789903988346,200,327786,1,3200,-1.73716,1,0.75,Walking,True,-3.9,0,0
1789903988346,200,327786,1,3200,-1.73716,1,0.75,Walking,True,-3.9,0,0
1789903988346,200,327786,1,3200,-1.73716,1,0.75,Walking,True,-3.9,0,0
1789903988346,200,327786,1,3200,-1.73716,1,0.75,Walking,True,-3.9,0,0
1789903988346,200,327786,1,3200,-1.73716,1,0.75,Walking,True,-3.9,0,0
1789903988346,200,327786,1,3200,-1.73716,1,0.75,Walking,True,-3.9,0,0
1789903988361,201,329352,1,3216,-1.79956,1,0.75,Walking,True,-3.9,0,0
1789903988361,201,329352,1,3216,-1.79956,1,0.75,Walking,True,-3.9,0,0
1789903988361,201,329352,1,3216,-1.79956,1,0.75,Walking,True,-3.9,0,0
1789903988361,201,329352,1,3216,-1.79956,1,0.75,Walking,True,-3.9,0,0
1789903988361,201,329352,1,3216,-1.79956,1,0.75,Walking,True,-3.9,0,0
1789903988361,201,329352,1,3216,-1.79956,1,0.75,Walking,True,-3.9,0,0
1789903988361,201,329352,1,3216,-1.79956,1,0.75,Walking,True,-3.9,0,0
1789903988361,201,329352,1,3216,-1.79956,1,0.75,Walking,True,-3.9,0,0
1789903988376,202,330730,1,3232,-1.86196,1,0.75,Walking,True,-3.9,0,0
1789903988376,202,330730,1,3232,-1.86196,1,0.75,Walking,True,-3.9,0,0
1789903988376,202,330730,1,3232,-1.86196,1,0.75,Walking,True,-3.9,0,0
1789903988376,202,330730,1,3232,-1.86196,1,0.75,Walking,True,-3.9,0,0
1789903988376,202,330730,1,3232,-1.86196,1,0.75,Walking,True,-3.9,0,0
1789903988376,202,330730,1,3232,-1.86196,1,0.75,Walking,True,-3.9,0,0
1789903988376,202,330730,1,3232,-1.86196,1,0.75,Walking,True,-3.9,0,0
1789903988376,202,330730,1,3232,-1.86196,1,0.75,Walking,True,-3.9,0,0
1789903988392,203,332148,1,3248,-1.92436,1,0.75,Walking,True,-3.9,0,0
1789903988392,203,332148,1,3248,-1.92436,1,0.75,Walking,True,-3.9,0,0
1789903988392,203,332148,1,3248,-1.92436,1,0.75,Walking,True,-3.9,0,0
1789903988392,203,332148,1,3248,-1.92436,1,0.75,Walking,True,-3.9,0,0
1789903988392,203,332148,1,3248,-1.92436,1,0.75,Walking,True,-3.9,0,0
1789903988392,203,332148,1,3248,-1.92436,1,0.75,Walking,True,-3.9,0,0
1789903988392,203,332148,1,3248,-1.92436,1,0.75,Walking,True,-3.9,0,0
1789903988393,203,332148,1,3248,-1.92436,1,0.75,Walking,True,-3.9,0,0
1789903988407,204,333758,1,3264,-1.98676,1,0.75,Walking,True,-3.9,0,0
1789903988407,204,333758,1,3264,-1.98676,1,0.75,Walking,True,-3.9,0,0
1789903988407,204,333758,1,3264,-1.98676,1,0.75,Walking,True,-3.9,0,0
1789903988407,204,333758,1,3264,-1.98676,1,0.75,Walking,True,-3.9,0,0
1789903988407,204,333758,1,3264,-1.98676,1,0.75,Walking,True,-3.9,0,0
1789903988407,204,333758,1,3264,-1.98676,1,0.75,Walking,True,-3.9,0,0
1789903988407,204,333758,1,3264,-1.98676,1,0.75,Walking,True,-3.9,0,0
1789903988407,204,333758,1,3264,-1.98676,1,0.75,Walking,True,-3.9,0,0
1789903988422,205,335016,1,3280,-2.04916,1,0.75,Walking,True,-3.9,0,0
1789903988422,205,335016,1,3280,-2.04916,1,0.75,Walking,True,-3.9,0,0
1789903988422,205,335016,1,3280,-2.04916,1,0.75,Walking,True,-3.9,0,0
1789903988422,205,335016,1,3280,-2.04916,1,0.75,Walking,True,-3.9,0,0
1789903988422,205,335016,1,3280,-2.04916,1,0.75,Walking,True,-3.9,0,0
1789903988422,205,335016,1,3280,-2.04916,1,0.75,Walking,True,-3.9,0,0
1789903988422,205,335016,1,3280,-2.04916,1,0.75,Walking,True,-3.9,0,0
1789903988422,205,335016,1,3280,-2.04916,1,0.75,Walking,True,-3.9,0,0
1789903988437,206,336506,1,3296,-2.11156,1,0.75,Walking,True,-3.9,0,0
1789903988437,206,336506,1,3296,-2.11156,1,0.75,Walking,True,-3.9,0,0
1789903988437,206,336506,1,3296,-2.11156,1,0.75,Walking,True,-3.9,0,0
1789903988437,206,336506,1,3296,-2.11156,1,0.75,Walking,True,-3.9,0,0
1789903988437,206,336506,1,3296,-2.11156,1,0.75,Walking,True,-3.9,0,0
1789903988437,206,336506,1,3296,-2.11156,1,0.75,Walking,True,-3.9,0,0
1789903988437,206,336506,1,3296,-2.11156,1,0.75,Walking,True,-3.9,0,0
1789903988437,206,336506,1,3296,-2.11156,1,0.75,Walking,True,-3.9,0,0
1789903988453,207,337927,1,3312,-2.17396,1,0.75,Walking,True,-3.9,0,0
1789903988453,207,337927,1,3312,-2.17396,1,0.75,Walking,True,-3.9,0,0
1789903988453,207,337927,1,3312,-2.17396,1,0.75,Walking,True,-3.9,0,0
1789903988453,207,337927,1,3312,-2.17396,1,0.75,Walking,True,-3.9,0,0
1789903988453,207,337927,1,3312,-2.17396,1,0.75,Walking,True,-3.9,0,0
1789903988453,207,337927,1,3312,-2.17396,1,0.75,Walking,True,-3.9,0,0
1789903988453,207,337927,1,3312,-2.17396,1,0.75,Walking,True,-3.9,0,0
1789903988453,207,337927,1,3312,-2.17396,1,0.75,Walking,True,-3.9,0,0
1789903988484,208,339380,1,3328,-2.23636,1,0.75,Walking,True,-3.9,0,0
1789903988484,208,339380,1,3328,-2.23636,1,0.75,Walking,True,-3.9,0,0
1789903988484,208,339380,1,3328,-2.23636,1,0.75,Walking,True,-3.9,0,0
1789903988484,208,339380,1,3328,-2.23636,1,0.75,Walking,True,-3.9,0,0
1789903988484,208,339380,1,3328,-2.23636,1,0.75,Walking,True,-3.9,0,0
1789903988484,208,339380,1,3328,-2.23636,1,0.75,Walking,True,-3.9,0,0
1789903988484,208,339380,1,3328,-2.23636,1,0.75,Walking,True,-3.9,0,0
1789903988484,208,339380,1,3328,-2.23636,1,0.75,Walking,True,-3.9,0,0
1789903988499,209,342324,1,3344,-2.29876,1,0.75,Walking,True,-3.9,0,0
1789903988499,209,342324,1,3344,-2.29876,1,0.75,Walking,True,-3.9,0,0
1789903988499,209,342324,1,3344,-2.29876,1,0.75,Walking,True,-3.9,0,0
1789903988499,209,342324,1,3344,-2.29876,1,0.75,Walking,True,-3.9,0,0
1789903988499,209,342324,1,3344,-2.29876,1,0.75,Walking,True,-3.9,0,0
1789903988499,209,342324,1,3344,-2.29876,1,0.75,Walking,True,-3.9,0,0
1789903988499,209,342324,1,3344,-2.29876,1,0.75,Walking,True,-3.9,0,0
1789903988499,209,342324,1,3344,-2.29876,1,0.75,Walking,True,-3.9,0,0
1789903988514,210,343738,1,3360,-2.361161,1,0.75,Walking,True,-3.9,0,0
1789903988514,210,343738,1,3360,-2.361161,1,0.75,Walking,True,-3.9,0,0
1789903988514,210,343738,1,3360,-2.361161,1,0.75,Walking,True,-3.9,0,0
1789903988515,210,343738,1,3360,-2.361161,1,0.75,Walking,True,-3.9,0,0
1789903988515,210,343738,1,3360,-2.361161,1,0.75,Walking,True,-3.9,0,0
1789903988515,210,343738,1,3360,-2.361161,1,0.75,Walking,True,-3.9,0,0
1789903988515,210,343738,1,3360,-2.361161,1,0.75,Walking,True,-3.9,0,0
1789903988515,210,343738,1,3360,-2.361161,1,0.75,Walking,True,-3.9,0,0
1789903988529,211,345181,1,3376,-2.423561,1,0.75,Walking,True,-3.9,0,0
1789903988529,211,345181,1,3376,-2.423561,1,0.75,Walking,True,-3.9,0,0
1789903988529,211,345181,1,3376,-2.423561,1,0.75,Walking,True,-3.9,0,0
1789903988529,211,345181,1,3376,-2.423561,1,0.75,Walking,True,-3.9,0,0
1789903988529,211,345181,1,3376,-2.423561,1,0.75,Walking,True,-3.9,0,0
1789903988529,211,345181,1,3376,-2.423561,1,0.75,Walking,True,-3.9,0,0
1789903988529,211,345181,1,3376,-2.423561,1,0.75,Walking,True,-3.9,0,0
1789903988529,211,345181,1,3376,-2.423561,1,0.75,Walking,True,-3.9,0,0
1789903988545,212,346464,1,3392,-2.485961,1,0.75,Walking,True,-3.9,0,0
1789903988545,212,346464,1,3392,-2.485961,1,0.75,Walking,True,-3.9,0,0
1789903988545,212,346464,1,3392,-2.485961,1,0.75,Walking,True,-3.9,0,0
1789903988545,212,346464,1,3392,-2.485961,1,0.75,Walking,True,-3.9,0,0
1789903988545,212,346464,1,3392,-2.485961,1,0.75,Walking,True,-3.9,0,0
1789903988545,212,346464,1,3392,-2.485961,1,0.75,Walking,True,-3.9,0,0
1789903988545,212,346464,1,3392,-2.485961,1,0.75,Walking,True,-3.9,0,0
1789903988545,212,346464,1,3392,-2.485961,1,0.75,Walking,True,-3.9,0,0
1789903988561,213,347900,1,3408,-2.548361,1,0.75,Walking,True,-3.9,0,0
1789903988561,213,347900,1,3408,-2.548361,1,0.75,Walking,True,-3.9,0,0
1789903988561,213,347900,1,3408,-2.548361,1,0.75,Walking,True,-3.9,0,0
1789903988561,213,347900,1,3408,-2.548361,1,0.75,Walking,True,-3.9,0,0
1789903988561,213,347900,1,3408,-2.548361,1,0.75,Walking,True,-3.9,0,0
1789903988561,213,347900,1,3408,-2.548361,1,0.75,Walking,True,-3.9,0,0
1789903988561,213,347900,1,3408,-2.548361,1,0.75,Walking,True,-3.9,0,0
1789903988561,213,347900,1,3408,-2.548361,1,0.75,Walking,True,-3.9,0,0
1789903988577,214,349386,1,3424,-2.610761,1,0.75,Walking,True,-3.9,0,0
1789903988577,214,349386,1,3424,-2.610761,1,0.75,Walking,True,-3.9,0,0
1789903988577,214,349386,1,3424,-2.610761,1,0.75,Walking,True,-3.9,0,0
1789903988577,214,349386,1,3424,-2.610761,1,0.75,Walking,True,-3.9,0,0
1789903988577,214,349386,1,3424,-2.610761,1,0.75,Walking,True,-3.9,0,0
1789903988577,214,349386,1,3424,-2.610761,1,0.75,Walking,True,-3.9,0,0
1789903988577,214,349386,1,3424,-2.610761,1,0.75,Walking,True,-3.9,0,0
1789903988577,214,349386,1,3424,-2.610761,1,0.75,Walking,True,-3.9,0,0
1789903988593,215,350811,1,3440,-2.673161,1,0.75,Walking,True,-3.9,0,0
1789903988593,215,350811,1,3440,-2.673161,1,0.75,Walking,True,-3.9,0,0
1789903988593,215,350811,1,3440,-2.673161,1,0.75,Walking,True,-3.9,0,0
1789903988593,215,350811,1,3440,-2.673161,1,0.75,Walking,True,-3.9,0,0
1789903988593,215,350811,1,3440,-2.673161,1,0.75,Walking,True,-3.9,0,0
1789903988593,215,350811,1,3440,-2.673161,1,0.75,Walking,True,-3.9,0,0
1789903988593,215,350811,1,3440,-2.673161,1,0.75,Walking,True,-3.9,0,0
1789903988593,215,350811,1,3440,-2.673161,1,0.75,Walking,True,-3.9,0,0
1789903988608,216,352272,1,3456,-2.735561,1,0.75,Walking,True,-3.9,0,0
1789903988608,216,352272,1,3456,-2.735561,1,0.75,Walking,True,-3.9,0,0
1789903988608,216,352272,1,3456,-2.735561,1,0.75,Walking,True,-3.9,0,0
1789903988608,216,352272,1,3456,-2.735561,1,0.75,Walking,True,-3.9,0,0
1789903988608,216,352272,1,3456,-2.735561,1,0.75,Walking,True,-3.9,0,0
1789903988608,216,352272,1,3456,-2.735561,1,0.75,Walking,True,-3.9,0,0
1789903988608,216,352272,1,3456,-2.735561,1,0.75,Walking,True,-3.9,0,0
1789903988608,216,352272,1,3456,-2.735561,1,0.75,Walking,True,-3.9,0,0
1789903988624,217,353717,1,3472,-2.797961,1,0.75,Walking,True,-3.9,0,0
1789903988624,217,353717,1,3472,-2.797961,1,0.75,Walking,True,-3.9,0,0
1789903988624,217,353717,1,3472,-2.797961,1,0.75,Walking,True,-3.9,0,0
1789903988624,217,353717,1,3472,-2.797961,1,0.75,Walking,True,-3.9,0,0
1789903988624,217,353717,1,3472,-2.797961,1,0.75,Walking,True,-3.9,0,0
1789903988624,217,353717,1,3472,-2.797961,1,0.75,Walking,True,-3.9,0,0
1789903988624,217,353717,1,3472,-2.797961,1,0.75,Walking,True,-3.9,0,0
1789903988624,217,353717,1,3472,-2.797961,1,0.75,Walking,True,-3.9,0,0
1789903988639,218,355208,1,3488,-2.860361,1,0.75,Walking,True,-3.9,0,0
1789903988639,218,355208,1,3488,-2.860361,1,0.75,Walking,True,-3.9,0,0
1789903988639,218,355208,1,3488,-2.860361,1,0.75,Walking,True,-3.9,0,0
1789903988639,218,355208,1,3488,-2.860361,1,0.75,Walking,True,-3.9,0,0
1789903988639,218,355208,1,3488,-2.860361,1,0.75,Walking,True,-3.9,0,0
1789903988639,218,355208,1,3488,-2.860361,1,0.75,Walking,True,-3.9,0,0
1789903988640,218,355208,1,3488,-2.860361,1,0.75,Walking,True,-3.9,0,0
1789903988640,218,355208,1,3488,-2.860361,1,0.75,Walking,True,-3.9,0,0
1789903988655,219,356605,1,3504,-2.922761,1,0.75,Walking,True,-3.9,0,0
1789903988655,219,356605,1,3504,-2.922761,1,0.75,Walking,True,-3.9,0,0
1789903988655,219,356605,1,3504,-2.922761,1,0.75,Walking,True,-3.9,0,0
1789903988655,219,356605,1,3504,-2.922761,1,0.75,Walking,True,-3.9,0,0
1789903988655,219,356605,1,3504,-2.922761,1,0.75,Walking,True,-3.9,0,0
1789903988655,219,356605,1,3504,-2.922761,1,0.75,Walking,True,-3.9,0,0
1789903988655,219,356605,1,3504,-2.922761,1,0.75,Walking,True,-3.9,0,0
1789903988655,219,356605,1,3504,-2.922761,1,0.75,Walking,True,-3.9,0,0
1789903988670,220,358006,1,3520,-2.985162,1,0.75,Walking,True,-3.9,0,0
1789903988670,220,358006,1,3520,-2.985162,1,0.75,Walking,True,-3.9,0,0
1789903988670,220,358006,1,3520,-2.985162,1,0.75,Walking,True,-3.9,0,0
1789903988670,220,358006,1,3520,-2.985162,1,0.75,Walking,True,-3.9,0,0
1789903988670,220,358006,1,3520,-2.985162,1,0.75,Walking,True,-3.9,0,0
1789903988670,220,358006,1,3520,-2.985162,1,0.75,Walking,True,-3.9,0,0
1789903988670,220,358006,1,3520,-2.985162,1,0.75,Walking,True,-3.9,0,0
1789903988670,220,358006,1,3520,-2.985162,1,0.75,Walking,True,-3.9,0,0
1789903988686,221,359429,1,3536,-3.047562,1,0.75,Walking,True,-3.9,0,0
1789903988686,221,359429,1,3536,-3.047562,1,0.75,Walking,True,-3.9,0,0
1789903988686,221,359429,1,3536,-3.047562,1,0.75,Walking,True,-3.9,0,0
1789903988686,221,359429,1,3536,-3.047562,1,0.75,Walking,True,-3.9,0,0
1789903988686,221,359429,1,3536,-3.047562,1,0.75,Walking,True,-3.9,0,0
1789903988686,221,359429,1,3536,-3.047562,1,0.75,Walking,True,-3.9,0,0
1789903988686,221,359429,1,3536,-3.047562,1,0.75,Walking,True,-3.9,0,0
1789903988686,221,359429,1,3536,-3.047562,1,0.75,Walking,True,-3.9,0,0
1789903988701,222,360885,1,3552,-3.109962,1,0.75,Walking,True,-3.9,0,0
1789903988701,222,360885,1,3552,-3.109962,1,0.75,Walking,True,-3.9,0,0
1789903988701,222,360885,1,3552,-3.109962,1,0.75,Walking,True,-3.9,0,0
1789903988701,222,360885,1,3552,-3.109962,1,0.75,Walking,True,-3.9,0,0
1789903988701,222,360885,1,3552,-3.109962,1,0.75,Walking,True,-3.9,0,0
1789903988701,222,360885,1,3552,-3.109962,1,0.75,Walking,True,-3.9,0,0
1789903988702,222,360885,1,3552,-3.109962,1,0.75,Walking,True,-3.9,0,0
1789903988702,222,360885,1,3552,-3.109962,1,0.75,Walking,True,-3.9,0,0
1789903988718,223,362341,1,3568,-3.172362,1,0.75,Walking,True,-3.9,0,0
1789903988718,223,362341,1,3568,-3.172362,1,0.75,Walking,True,-3.9,0,0
1789903988718,223,362341,1,3568,-3.172362,1,0.75,Walking,True,-3.9,0,0
1789903988718,223,362341,1,3568,-3.172362,1,0.75,Walking,True,-3.9,0,0
1789903988718,223,362341,1,3568,-3.172362,1,0.75,Walking,True,-3.9,0,0
1789903988718,223,362341,1,3568,-3.172362,1,0.75,Walking,True,-3.9,0,0
1789903988718,223,362341,1,3568,-3.172362,1,0.75,Walking,True,-3.9,0,0
1789903988718,223,362341,1,3568,-3.172362,1,0.75,Walking,True,-3.9,0,0
1789903988734,224,363929,1,3584,-3.234762,1,0.75,Walking,True,-3.9,0,0
1789903988734,224,363929,1,3584,-3.234762,1,0.75,Walking,True,-3.9,0,0
1789903988734,224,363929,1,3584,-3.234762,1,0.75,Walking,True,-3.9,0,0
1789903988734,224,363929,1,3584,-3.234762,1,0.75,Walking,True,-3.9,0,0
1789903988734,224,363929,1,3584,-3.234762,1,0.75,Walking,True,-3.9,0,0
1789903988734,224,363929,1,3584,-3.234762,1,0.75,Walking,True,-3.9,0,0
1789903988734,224,363929,1,3584,-3.234762,1,0.75,Walking,True,-3.9,0,0
1789903988734,224,363929,1,3584,-3.234762,1,0.75,Walking,True,-3.9,0,0
1789903988749,225,365448,1,3600,-3.297162,1,0.75,Walking,True,-3.9,0,0
1789903988749,225,365448,1,3600,-3.297162,1,0.75,Walking,True,-3.9,0,0
1789903988749,225,365448,1,3600,-3.297162,1,0.75,Walking,True,-3.9,0,0
1789903988749,225,365448,1,3600,-3.297162,1,0.75,Walking,True,-3.9,0,0
1789903988749,225,365448,1,3600,-3.297162,1,0.75,Walking,True,-3.9,0,0
1789903988749,225,365448,1,3600,-3.297162,1,0.75,Walking,True,-3.9,0,0
1789903988749,225,365448,1,3600,-3.297162,1,0.75,Walking,True,-3.9,0,0
1789903988749,225,365448,1,3600,-3.297162,1,0.75,Walking,True,-3.9,0,0
1789903988765,226,366925,1,3616,-3.359562,1,0.75,Walking,True,-3.9,0,0
1789903988765,226,366925,1,3616,-3.359562,1,0.75,Walking,True,-3.9,0,0
1789903988765,226,366925,1,3616,-3.359562,1,0.75,Walking,True,-3.9,0,0
1789903988765,226,366925,1,3616,-3.359562,1,0.75,Walking,True,-3.9,0,0
1789903988765,226,366925,1,3616,-3.359562,1,0.75,Walking,True,-3.9,0,0
1789903988765,226,366925,1,3616,-3.359562,1,0.75,Walking,True,-3.9,0,0
1789903988765,226,366925,1,3616,-3.359562,1,0.75,Walking,True,-3.9,0,0
1789903988765,226,366925,1,3616,-3.359562,1,0.75,Walking,True,-3.9,0,0
1789903988780,227,368343,1,3632,-3.421962,1,0.75,Walking,True,-3.9,0,0
1789903988780,227,368343,1,3632,-3.421962,1,0.75,Walking,True,-3.9,0,0
1789903988780,227,368343,1,3632,-3.421962,1,0.75,Walking,True,-3.9,0,0
1789903988780,227,368343,1,3632,-3.421962,1,0.75,Walking,True,-3.9,0,0
1789903988780,227,368343,1,3632,-3.421962,1,0.75,Walking,True,-3.9,0,0
1789903988780,227,368343,1,3632,-3.421962,1,0.75,Walking,True,-3.9,0,0
1789903988780,227,368343,1,3632,-3.421962,1,0.75,Walking,True,-3.9,0,0
1789903988780,227,368343,1,3632,-3.421962,1,0.75,Walking,True,-3.9,0,0
1789903988797,228,369850,1,3648,-3.484362,1,0.75,Walking,True,-3.9,0,0
1789903988797,228,369850,1,3648,-3.484362,1,0.75,Walking,True,-3.9,0,0
1789903988797,228,369850,1,3648,-3.484362,1,0.75,Walking,True,-3.9,0,0
1789903988797,228,369850,1,3648,-3.484362,1,0.75,Walking,True,-3.9,0,0
1789903988797,228,369850,1,3648,-3.484362,1,0.75,Walking,True,-3.9,0,0
1789903988797,228,369850,1,3648,-3.484362,1,0.75,Walking,True,-3.9,0,0
1789903988797,228,369850,1,3648,-3.484362,1,0.75,Walking,True,-3.9,0,0
1789903988797,228,369850,1,3648,-3.484362,1,0.75,Walking,True,-3.9,0,0
1789903988812,229,371452,1,3664,-3.546762,1,0.75,Walking,True,-3.9,0,0
1789903988812,229,371452,1,3664,-3.546762,1,0.75,Walking,True,-3.9,0,0
1789903988812,229,371452,1,3664,-3.546762,1,0.75,Walking,True,-3.9,0,0
1789903988812,229,371452,1,3664,-3.546762,1,0.75,Walking,True,-3.9,0,0
1789903988812,229,371452,1,3664,-3.546762,1,0.75,Walking,True,-3.9,0,0
1789903988812,229,371452,1,3664,-3.546762,1,0.75,Walking,True,-3.9,0,0
1789903988812,229,371452,1,3664,-3.546762,1,0.75,Walking,True,-3.9,0,0
1789903988812,229,371452,1,3664,-3.546762,1,0.75,Walking,True,-3.9,0,0
1789903988828,230,372994,1,3680,-3.609163,1,0.75,Walking,True,-3.9,0,0
1789903988828,230,372994,1,3680,-3.609163,1,0.75,Walking,True,-3.9,0,0
1789903988828,230,372994,1,3680,-3.609163,1,0.75,Walking,True,-3.9,0,0
1789903988828,230,372994,1,3680,-3.609163,1,0.75,Walking,True,-3.9,0,0
1789903988828,230,372994,1,3680,-3.609163,1,0.75,Walking,True,-3.9,0,0
1789903988828,230,372994,1,3680,-3.609163,1,0.75,Walking,True,-3.9,0,0
1789903988828,230,372994,1,3680,-3.609163,1,0.75,Walking,True,-3.9,0,0
1789903988828,230,372994,1,3680,-3.609163,1,0.75,Walking,True,-3.9,0,0
1789903988843,231,374400,1,3696,-3.671563,1,0.75,Walking,True,-3.9,0,0
1789903988843,231,374400,1,3696,-3.671563,1,0.75,Walking,True,-3.9,0,0
1789903988843,231,374400,1,3696,-3.671563,1,0.75,Walking,True,-3.9,0,0
1789903988843,231,374400,1,3696,-3.671563,1,0.75,Walking,True,-3.9,0,0
1789903988843,231,374400,1,3696,-3.671563,1,0.75,Walking,True,-3.9,0,0
1789903988844,231,374400,1,3696,-3.671563,1,0.75,Walking,True,-3.9,0,0
1789903988844,231,374400,1,3696,-3.671563,1,0.75,Walking,True,-3.9,0,0
1789903988844,231,374400,1,3696,-3.671563,1,0.75,Walking,True,-3.9,0,0
1789903988875,232,375945,1,3712,-3.728843,1,0.75,Walking,True,-3.58,0,0
1789903988875,232,375945,1,3712,-3.728843,1,0.75,Walking,True,-3.58,0,0
1789903988875,232,375945,1,3712,-3.728843,1,0.75,Walking,True,-3.58,0,0
1789903988875,232,375945,1,3712,-3.728843,1,0.75,Walking,True,-3.58,0,0
1789903988875,232,375945,1,3712,-3.728843,1,0.75,Walking,True,-3.58,0,0
1789903988875,232,375945,1,3712,-3.728843,1,0.75,Walking,True,-3.58,0,0
1789903988875,232,375945,1,3712,-3.728843,1,0.75,Walking,True,-3.58,0,0
1789903988875,232,375945,1,3712,-3.728843,1,0.75,Walking,True,-3.58,0,0
1789903988890,233,378859,1,3728,-3.781003,1,0.75,Walking,True,-3.26,0,0
1789903988890,233,378859,1,3728,-3.781003,1,0.75,Walking,True,-3.26,0,0
1789903988890,233,378859,1,3728,-3.781003,1,0.75,Walking,True,-3.26,0,0
1789903988890,233,378859,1,3728,-3.781003,1,0.75,Walking,True,-3.26,0,0
1789903988890,233,378859,1,3728,-3.781003,1,0.75,Walking,True,-3.26,0,0
1789903988890,233,378859,1,3728,-3.781003,1,0.75,Walking,True,-3.26,0,0
1789903988890,233,378859,1,3728,-3.781003,1,0.75,Walking,True,-3.26,0,0
1789903988890,233,378859,1,3728,-3.781003,1,0.75,Walking,True,-3.26,0,0
1789903988906,234,380351,1,3744,-3.828043,1,0.75,Walking,True,-2.94,0,0
1789903988906,234,380351,1,3744,-3.828043,1,0.75,Walking,True,-2.94,0,0
1789903988906,234,380351,1,3744,-3.828043,1,0.75,Walking,True,-2.94,0,0
1789903988906,234,380351,1,3744,-3.828043,1,0.75,Walking,True,-2.94,0,0
1789903988906,234,380351,1,3744,-3.828043,1,0.75,Walking,True,-2.94,0,0
1789903988906,234,380351,1,3744,-3.828043,1,0.75,Walking,True,-2.94,0,0
1789903988906,234,380351,1,3744,-3.828043,1,0.75,Walking,True,-2.94,0,0
1789903988906,234,380351,1,3744,-3.828043,1,0.75,Walking,True,-2.94,0,0
1789903988921,235,381833,1,3760,-3.869963,1,0.75,Walking,True,-2.62,0,0
1789903988921,235,381833,1,3760,-3.869963,1,0.75,Walking,True,-2.62,0,0
1789903988921,235,381833,1,3760,-3.869963,1,0.75,Walking,True,-2.62,0,0
1789903988921,235,381833,1,3760,-3.869963,1,0.75,Walking,True,-2.62,0,0
1789903988921,235,381833,1,3760,-3.869963,1,0.75,Walking,True,-2.62,0,0
1789903988921,235,381833,1,3760,-3.869963,1,0.75,Walking,True,-2.62,0,0
1789903988921,235,381833,1,3760,-3.869963,1,0.75,Walking,True,-2.62,0,0
1789903988921,235,381833,1,3760,-3.869963,1,0.75,Walking,True,-2.62,0,0
1789903988937,236,383382,1,3776,-3.906763,1,0.75,Walking,True,-2.3,0,0
1789903988937,236,383382,1,3776,-3.906763,1,0.75,Walking,True,-2.3,0,0
1789903988937,236,383382,1,3776,-3.906763,1,0.75,Walking,True,-2.3,0,0
1789903988937,236,383382,1,3776,-3.906763,1,0.75,Walking,True,-2.3,0,0
1789903988937,236,383382,1,3776,-3.906763,1,0.75,Walking,True,-2.3,0,0
1789903988937,236,383382,1,3776,-3.906763,1,0.75,Walking,True,-2.3,0,0
1789903988937,236,383382,1,3776,-3.906763,1,0.75,Walking,True,-2.3,0,0
1789903988937,236,383382,1,3776,-3.906763,1,0.75,Walking,True,-2.3,0,0
1789903988953,237,384949,1,3792,-3.938443,1,0.75,Walking,True,-1.98,0,0
1789903988953,237,384949,1,3792,-3.938443,1,0.75,Walking,True,-1.98,0,0
1789903988953,237,384949,1,3792,-3.938443,1,0.75,Walking,True,-1.98,0,0
1789903988953,237,384949,1,3792,-3.938443,1,0.75,Walking,True,-1.98,0,0
1789903988953,237,384949,1,3792,-3.938443,1,0.75,Walking,True,-1.98,0,0
1789903988953,237,384949,1,3792,-3.938443,1,0.75,Walking,True,-1.98,0,0
1789903988953,237,384949,1,3792,-3.938443,1,0.75,Walking,True,-1.98,0,0
1789903988953,237,384949,1,3792,-3.938443,1,0.75,Walking,True,-1.98,0,0
1789903988968,238,386460,1,3808,-3.965003,1,0.75,Walking,True,-1.66,0,0
1789903988968,238,386460,1,3808,-3.965003,1,0.75,Walking,True,-1.66,0,0
1789903988968,238,386460,1,3808,-3.965003,1,0.75,Walking,True,-1.66,0,0
1789903988968,238,386460,1,3808,-3.965003,1,0.75,Walking,True,-1.66,0,0
1789903988968,238,386460,1,3808,-3.965003,1,0.75,Walking,True,-1.66,0,0
1789903988968,238,386460,1,3808,-3.965003,1,0.75,Walking,True,-1.66,0,0
1789903988968,238,386460,1,3808,-3.965003,1,0.75,Walking,True,-1.66,0,0
1789903988968,238,386460,1,3808,-3.965003,1,0.75,Walking,True,-1.66,0,0
1789903988984,239,387975,1,3824,-3.986443,1,0.75,Walking,True,-1.34,0,0
1789903988984,239,387975,1,3824,-3.986443,1,0.75,Walking,True,-1.34,0,0
1789903988984,239,387975,1,3824,-3.986443,1,0.75,Walking,True,-1.34,0,0
1789903988984,239,387975,1,3824,-3.986443,1,0.75,Walking,True,-1.34,0,0
1789903988984,239,387975,1,3824,-3.986443,1,0.75,Walking,True,-1.34,0,0
1789903988984,239,387975,1,3824,-3.986443,1,0.75,Walking,True,-1.34,0,0
1789903988984,239,387975,1,3824,-3.986443,1,0.75,Walking,True,-1.34,0,0
1789903988984,239,387975,1,3824,-3.986443,1,0.75,Walking,True,-1.34,0,0
1789903988999,240,389468,1,3840,-4.002763,1,0.75,Walking,True,-1.02,0,0
1789903988999,240,389468,1,3840,-4.002763,1,0.75,Walking,True,-1.02,0,0
1789903988999,240,389468,1,3840,-4.002763,1,0.75,Walking,True,-1.02,0,0
1789903988999,240,389468,1,3840,-4.002763,1,0.75,Walking,True,-1.02,0,0
1789903988999,240,389468,1,3840,-4.002763,1,0.75,Walking,True,-1.02,0,0
1789903988999,240,389468,1,3840,-4.002763,1,0.75,Walking,True,-1.02,0,0
1789903988999,240,389468,1,3840,-4.002763,1,0.75,Walking,True,-1.02,0,0
1789903988999,240,389468,1,3840,-4.002763,1,0.75,Walking,True,-1.02,0,0
1789903989015,241,390909,1,3856,-4.013963,1,0.75,Walking,True,-0.7,0,0
1789903989015,241,390909,1,3856,-4.013963,1,0.75,Walking,True,-0.7,0,0
1789903989015,241,390909,1,3856,-4.013963,1,0.75,Walking,True,-0.7,0,0
1789903989015,241,390909,1,3856,-4.013963,1,0.75,Walking,True,-0.7,0,0
1789903989015,241,390909,1,3856,-4.013963,1,0.75,Walking,True,-0.7,0,0
1789903989015,241,390909,1,3856,-4.013963,1,0.75,Walking,True,-0.7,0,0
1789903989015,241,390909,1,3856,-4.013963,1,0.75,Walking,True,-0.7,0,0
1789903989015,241,390909,1,3856,-4.013963,1,0.75,Walking,True,-0.7,0,0
1789903989031,242,392434,1,3872,-4.020043,1,0.75,Walking,True,-0.38,0,0
1789903989031,242,392434,1,3872,-4.020043,1,0.75,Walking,True,-0.38,0,0
1789903989031,242,392434,1,3872,-4.020043,1,0.75,Walking,True,-0.38,0,0
1789903989031,242,392434,1,3872,-4.020043,1,0.75,Walking,True,-0.38,0,0
1789903989031,242,392434,1,3872,-4.020043,1,0.75,Walking,True,-0.38,0,0
1789903989031,242,392434,1,3872,-4.020043,1,0.75,Walking,True,-0.38,0,0
1789903989031,242,392434,1,3872,-4.020043,1,0.75,Walking,True,-0.38,0,0
1789903989031,242,392434,1,3872,-4.020043,1,0.75,Walking,True,-0.38,0,0
1789903989046,243,393981,1,3888,-4.020043,1,0.75,Walking,True,-0.06,0,0
1789903989046,243,393981,1,3888,-4.020043,1,0.75,Walking,True,-0.06,0,0
1789903989046,243,393981,1,3888,-4.020043,1,0.75,Walking,True,-0.06,0,0
1789903989046,243,393981,1,3888,-4.020043,1,0.75,Walking,True,-0.06,0,0
1789903989046,243,393981,1,3888,-4.020043,1,0.75,Walking,True,-0.06,0,0
1789903989046,243,393981,1,3888,-4.020043,1,0.75,Walking,True,-0.06,0,0
1789903989046,243,393981,1,3888,-4.020043,1,0.75,Walking,True,-0.06,0,0
1789903989046,243,393981,1,3888,-4.020043,1,0.75,Walking,True,-0.06,0,0
1789903989061,244,395555,1,3904,-4.020043,1,0.75,Walking,True,0,0,0
1789903989061,244,395555,1,3904,-4.020043,1,0.75,Walking,True,0,0,0
1789903989061,244,395555,1,3904,-4.020043,1,0.75,Walking,True,0,0,0
1789903989061,244,395555,1,3904,-4.020043,1,0.75,Walking,True,0,0,0
1789903989061,244,395555,1,3904,-4.020043,1,0.75,Walking,True,0,0,0
1789903989061,244,395555,1,3904,-4.020043,1,0.75,Walking,True,0,0,0
1789903989061,244,395555,1,3904,-4.020043,1,0.75,Walking,True,0,0,0
1789903989061,244,395555,1,3904,-4.020043,1,0.75,Walking,True,0,0,0
1789903989077,245,397027,1,3920,-4.020043,1,0.75,Walking,True,0,0,0
1789903989077,245,397027,1,3920,-4.020043,1,0.75,Walking,True,0,0,0
1789903989077,245,397027,1,3920,-4.020043,1,0.75,Walking,True,0,0,0
1789903989077,245,397027,1,3920,-4.020043,1,0.75,Walking,True,0,0,0
1789903989077,245,397027,1,3920,-4.020043,1,0.75,Walking,True,0,0,0
1789903989077,245,397027,1,3920,-4.020043,1,0.75,Walking,True,0,0,0
1789903989077,245,397027,1,3920,-4.020043,1,0.75,Walking,True,0,0,0
1789903989077,245,397027,1,3920,-4.020043,1,0.75,Walking,True,0,0,0
1789903989092,246,398578,1,3936,-4.020043,1,0.75,Walking,True,0,0,0
1789903989092,246,398578,1,3936,-4.020043,1,0.75,Walking,True,0,0,0
1789903989092,246,398578,1,3936,-4.020043,1,0.75,Walking,True,0,0,0
1789903989092,246,398578,1,3936,-4.020043,1,0.75,Walking,True,0,0,0
1789903989092,246,398578,1,3936,-4.020043,1,0.75,Walking,True,0,0,0
1789903989092,246,398578,1,3936,-4.020043,1,0.75,Walking,True,0,0,0
1789903989092,246,398578,1,3936,-4.020043,1,0.75,Walking,True,0,0,0
1789903989092,246,398578,1,3936,-4.020043,1,0.75,Walking,True,0,0,0
1789903989108,247,400058,1,3952,-4.020043,1,0.75,Walking,True,0,0,0
1789903989108,247,400058,1,3952,-4.020043,1,0.75,Walking,True,0,0,0
1789903989108,247,400058,1,3952,-4.020043,1,0.75,Walking,True,0,0,0
1789903989108,247,400058,1,3952,-4.020043,1,0.75,Walking,True,0,0,0
1789903989108,247,400058,1,3952,-4.020043,1,0.75,Walking,True,0,0,0
1789903989108,247,400058,1,3952,-4.020043,1,0.75,Walking,True,0,0,0
1789903989108,247,400058,1,3952,-4.020043,1,0.75,Walking,True,0,0,0
1789903989108,247,400058,1,3952,-4.020043,1,0.75,Walking,True,0,0,0
1789903989123,248,401569,1,3968,-4.020043,1,0.75,Walking,True,0,0,0
1789903989123,248,401569,1,3968,-4.020043,1,0.75,Walking,True,0,0,0
1789903989123,248,401569,1,3968,-4.020043,1,0.75,Walking,True,0,0,0
1789903989123,248,401569,1,3968,-4.020043,1,0.75,Walking,True,0,0,0
1789903989123,248,401569,1,3968,-4.020043,1,0.75,Walking,True,0,0,0
1789903989123,248,401569,1,3968,-4.020043,1,0.75,Walking,True,0,0,0
1789903989123,248,401569,1,3968,-4.020043,1,0.75,Walking,True,0,0,0
1789903989123,248,401569,1,3968,-4.020043,1,0.75,Walking,True,0,0,0
1789903989139,249,403053,1,3984,-4.020043,1,0.75,Walking,True,0,0,0
1789903989139,249,403053,1,3984,-4.020043,1,0.75,Walking,True,0,0,0
1789903989139,249,403053,1,3984,-4.020043,1,0.75,Walking,True,0,0,0
1789903989139,249,403053,1,3984,-4.020043,1,0.75,Walking,True,0,0,0
1789903989139,249,403053,1,3984,-4.020043,1,0.75,Walking,True,0,0,0
1789903989139,249,403053,1,3984,-4.020043,1,0.75,Walking,True,0,0,0
1789903989139,249,403053,1,3984,-4.020043,1,0.75,Walking,True,0,0,0
1789903989139,249,403053,1,3984,-4.020043,1,0.75,Walking,True,0,0,0
1789903989155,250,404446,1,4000,-4.020043,1,0.75,Walking,True,0,0,0
1789903989155,250,404446,1,4000,-4.020043,1,0.75,Walking,True,0,0,0
1789903989155,250,404446,1,4000,-4.020043,1,0.75,Walking,True,0,0,0
1789903989155,250,404446,1,4000,-4.020043,1,0.75,Walking,True,0,0,0
1789903989155,250,404446,1,4000,-4.020043,1,0.75,Walking,True,0,0,0
1789903989155,250,404446,1,4000,-4.020043,1,0.75,Walking,True,0,0,0
1789903989155,250,404446,1,4000,-4.020043,1,0.75,Walking,True,0,0,0
1789903989155,250,404446,1,4000,-4.020043,1,0.75,Walking,True,0,0,0
1789903989170,251,406053,1,4016,-4.020043,1,0.75,Walking,True,0,0,0
1789903989170,251,406053,1,4016,-4.020043,1,0.75,Walking,True,0,0,0
1789903989170,251,406053,1,4016,-4.020043,1,0.75,Walking,True,0,0,0
1789903989170,251,406053,1,4016,-4.020043,1,0.75,Walking,True,0,0,0
1789903989170,251,406053,1,4016,-4.020043,1,0.75,Walking,True,0,0,0
1789903989170,251,406053,1,4016,-4.020043,1,0.75,Walking,True,0,0,0
1789903989170,251,406053,1,4016,-4.020043,1,0.75,Walking,True,0,0,0
1789903989170,251,406053,1,4016,-4.020043,1,0.75,Walking,True,0,0,0
1789903989185,252,407546,1,4032,-4.020043,1,0.75,Walking,True,0,0,0
1789903989185,252,407546,1,4032,-4.020043,1,0.75,Walking,True,0,0,0
1789903989185,252,407546,1,4032,-4.020043,1,0.75,Walking,True,0,0,0
1789903989185,252,407546,1,4032,-4.020043,1,0.75,Walking,True,0,0,0
1789903989185,252,407546,1,4032,-4.020043,1,0.75,Walking,True,0,0,0
1789903989185,252,407546,1,4032,-4.020043,1,0.75,Walking,True,0,0,0
1789903989185,252,407546,1,4032,-4.020043,1,0.75,Walking,True,0,0,0
1789903989185,252,407546,1,4032,-4.020043,1,0.75,Walking,True,0,0,0
1789903989201,253,409103,1,4048,-4.020043,1,0.75,Walking,True,0,0,0
1789903989201,253,409103,1,4048,-4.020043,1,0.75,Walking,True,0,0,0
1789903989201,253,409103,1,4048,-4.020043,1,0.75,Walking,True,0,0,0
1789903989201,253,409103,1,4048,-4.020043,1,0.75,Walking,True,0,0,0
1789903989201,253,409103,1,4048,-4.020043,1,0.75,Walking,True,0,0,0
1789903989201,253,409103,1,4048,-4.020043,1,0.75,Walking,True,0,0,0
1789903989201,253,409103,1,4048,-4.020043,1,0.75,Walking,True,0,0,0
1789903989201,253,409103,1,4048,-4.020043,1,0.75,Walking,True,0,0,0
1789903989217,254,410570,1,4064,-4.020043,1,0.75,Walking,True,0,0,0
1789903989217,254,410570,1,4064,-4.020043,1,0.75,Walking,True,0,0,0
1789903989217,254,410570,1,4064,-4.020043,1,0.75,Walking,True,0,0,0
1789903989217,254,410570,1,4064,-4.020043,1,0.75,Walking,True,0,0,0
1789903989217,254,410570,1,4064,-4.020043,1,0.75,Walking,True,0,0,0
1789903989217,254,410570,1,4064,-4.020043,1,0.75,Walking,True,0,0,0
1789903989217,254,410570,1,4064,-4.020043,1,0.75,Walking,True,0,0,0
1789903989217,254,410570,1,4064,-4.020043,1,0.75,Walking,True,0,0,0
1789903989233,255,412165,1,4080,-4.020043,1,0.75,Walking,True,0,0,0
1789903989233,255,412165,1,4080,-4.020043,1,0.75,Walking,True,0,0,0
1789903989233,255,412165,1,4080,-4.020043,1,0.75,Walking,True,0,0,0
1789903989233,255,412165,1,4080,-4.020043,1,0.75,Walking,True,0,0,0
1789903989233,255,412165,1,4080,-4.020043,1,0.75,Walking,True,0,0,0
1789903989233,255,412165,1,4080,-4.020043,1,0.75,Walking,True,0,0,0
1789903989233,255,412165,1,4080,-4.020043,1,0.75,Walking,True,0,0,0
1789903989233,255,412165,1,4080,-4.020043,1,0.75,Walking,True,0,0,0
1789903989249,256,413813,1,4096,-4.020043,1,0.75,Walking,True,0,0,0
1789903989249,256,413813,1,4096,-4.020043,1,0.75,Walking,True,0,0,0
1789903989249,256,413813,1,4096,-4.020043,1,0.75,Walking,True,0,0,0
1789903989249,256,413813,1,4096,-4.020043,1,0.75,Walking,True,0,0,0
1789903989249,256,413813,1,4096,-4.020043,1,0.75,Walking,True,0,0,0
1789903989249,256,413813,1,4096,-4.020043,1,0.75,Walking,True,0,0,0
1789903989249,256,413813,1,4096,-4.020043,1,0.75,Walking,True,0,0,0
1789903989249,256,413813,1,4096,-4.020043,1,0.75,Walking,True,0,0,0
1789903989266,257,415362,1,4112,-4.020043,1,0.75,Walking,True,0,0,0
1789903989266,257,415362,1,4112,-4.020043,1,0.75,Walking,True,0,0,0
1789903989266,257,415362,1,4112,-4.020043,1,0.75,Walking,True,0,0,0
1789903989266,257,415362,1,4112,-4.020043,1,0.75,Walking,True,0,0,0
1789903989266,257,415362,1,4112,-4.020043,1,0.75,Walking,True,0,0,0
1789903989266,257,415362,1,4112,-4.020043,1,0.75,Walking,True,0,0,0
1789903989266,257,415362,1,4112,-4.020043,1,0.75,Walking,True,0,0,0
1789903989266,257,415362,1,4112,-4.020043,1,0.75,Walking,True,0,0,0
1789903989280,258,417054,1,4128,-4.020043,1,0.75,Walking,True,0,0,0
1789903989280,258,417054,1,4128,-4.020043,1,0.75,Walking,True,0,0,0
1789903989280,258,417054,1,4128,-4.020043,1,0.75,Walking,True,0,0,0
1789903989280,258,417054,1,4128,-4.020043,1,0.75,Walking,True,0,0,0
1789903989280,258,417054,1,4128,-4.020043,1,0.75,Walking,True,0,0,0
1789903989280,258,417054,1,4128,-4.020043,1,0.75,Walking,True,0,0,0
1789903989280,258,417054,1,4128,-4.020043,1,0.75,Walking,True,0,0,0
1789903989280,258,417054,1,4128,-4.020043,1,0.75,Walking,True,0,0,0
1789903989296,259,418461,1,4144,-4.020043,1,0.75,Walking,True,0,0,0
1789903989296,259,418461,1,4144,-4.020043,1,0.75,Walking,True,0,0,0
1789903989296,259,418461,1,4144,-4.020043,1,0.75,Walking,True,0,0,0
1789903989296,259,418461,1,4144,-4.020043,1,0.75,Walking,True,0,0,0
1789903989296,259,418461,1,4144,-4.020043,1,0.75,Walking,True,0,0,0
1789903989296,259,418461,1,4144,-4.020043,1,0.75,Walking,True,0,0,0
1789903989296,259,418461,1,4144,-4.020043,1,0.75,Walking,True,0,0,0
1789903989296,259,418461,1,4144,-4.020043,1,0.75,Walking,True,0,0,0
1789903989311,260,420041,1,4160,-4.020043,1,0.75,Walking,True,0,0,0
1789903989311,260,420041,1,4160,-4.020043,1,0.75,Walking,True,0,0,0
1789903989311,260,420041,1,4160,-4.020043,1,0.75,Walking,True,0,0,0
1789903989311,260,420041,1,4160,-4.020043,1,0.75,Walking,True,0,0,0
1789903989311,260,420041,1,4160,-4.020043,1,0.75,Walking,True,0,0,0
1789903989311,260,420041,1,4160,-4.020043,1,0.75,Walking,True,0,0,0
1789903989311,260,420041,1,4160,-4.020043,1,0.75,Walking,True,0,0,0
1789903989311,260,420041,1,4160,-4.020043,1,0.75,Walking,True,0,0,0
1789903989326,261,421515,1,4176,-4.020043,1,0.75,Walking,True,0,0,0
1789903989326,261,421515,1,4176,-4.020043,1,0.75,Walking,True,0,0,0
1789903989326,261,421515,1,4176,-4.020043,1,0.75,Walking,True,0,0,0
1789903989326,261,421515,1,4176,-4.020043,1,0.75,Walking,True,0,0,0
1789903989326,261,421515,1,4176,-4.020043,1,0.75,Walking,True,0,0,0
1789903989326,261,421515,1,4176,-4.020043,1,0.75,Walking,True,0,0,0
1789903989326,261,421515,1,4176,-4.020043,1,0.75,Walking,True,0,0,0
1789903989326,261,421515,1,4176,-4.020043,1,0.75,Walking,True,0,0,0
1789903989343,262,423009,1,4192,-4.020043,1,0.75,Walking,True,0,0,0
1789903989343,262,423009,1,4192,-4.020043,1,0.75,Walking,True,0,0,0
1789903989343,262,423009,1,4192,-4.020043,1,0.75,Walking,True,0,0,0
1789903989343,262,423009,1,4192,-4.020043,1,0.75,Walking,True,0,0,0
1789903989343,262,423009,1,4192,-4.020043,1,0.75,Walking,True,0,0,0
1789903989343,262,423009,1,4192,-4.020043,1,0.75,Walking,True,0,0,0
1789903989343,262,423009,1,4192,-4.020043,1,0.75,Walking,True,0,0,0
1789903989343,262,423009,1,4192,-4.020043,1,0.75,Walking,True,0,0,0
1789903989358,263,424669,1,4208,-4.020043,1,0.75,Walking,True,0,0,0
1789903989358,263,424669,1,4208,-4.020043,1,0.75,Walking,True,0,0,0
1789903989358,263,424669,1,4208,-4.020043,1,0.75,Walking,True,0,0,0
1789903989358,263,424669,1,4208,-4.020043,1,0.75,Walking,True,0,0,0
1789903989358,263,424669,1,4208,-4.020043,1,0.75,Walking,True,0,0,0
1789903989358,263,424669,1,4208,-4.020043,1,0.75,Walking,True,0,0,0
1789903989358,263,424669,1,4208,-4.020043,1,0.75,Walking,True,0,0,0
1789903989358,263,424669,1,4208,-4.020043,1,0.75,Walking,True,0,0,0
1789903989593,264,455778,1,4224,-4.020043,1.061489,0.75,Falling,False,0,3.84304,0
1789903989593,264,455778,1,4224,-4.020043,1.061489,0.75,Falling,False,0,3.84304,0
1789903989593,264,455778,1,4224,-4.020043,1.061489,0.75,Falling,False,0,3.84304,0
1789903989593,264,455778,1,4224,-4.020043,1.061489,0.75,Falling,False,0,3.84304,0
1789903989593,264,455778,1,4224,-4.020043,1.061489,0.75,Falling,False,0,3.84304,0
1789903989593,264,455778,1,4224,-4.020043,1.061489,0.75,Falling,False,0,3.84304,0
1789903989593,264,455778,1,4224,-4.020043,1.061489,0.75,Falling,False,0,3.84304,0
1789903989593,264,455778,1,4224,-4.020043,1.061489,0.75,Falling,False,0,3.84304,0
1789903989596,265,458690,1,4240,-4.020043,1.120466,0.75,Falling,False,0,3.68608,0
1789903989596,265,458690,1,4240,-4.020043,1.120466,0.75,Falling,False,0,3.68608,0
1789903989596,265,458690,1,4240,-4.020043,1.120466,0.75,Falling,False,0,3.68608,0
1789903989596,265,458690,1,4240,-4.020043,1.120466,0.75,Falling,False,0,3.68608,0
1789903989596,265,458690,1,4240,-4.020043,1.120466,0.75,Falling,False,0,3.68608,0
1789903989596,265,458690,1,4240,-4.020043,1.120466,0.75,Falling,False,0,3.68608,0
1789903989596,265,458690,1,4240,-4.020043,1.120466,0.75,Falling,False,0,3.68608,0
1789903989596,265,458690,1,4240,-4.020043,1.120466,0.75,Falling,False,0,3.68608,0
1789903989623,266,458916,1,4256,-4.020043,1.176932,0.75,Falling,False,0,3.52912,0
1789903989623,266,458916,1,4256,-4.020043,1.176932,0.75,Falling,False,0,3.52912,0
1789903989623,266,458916,1,4256,-4.020043,1.176932,0.75,Falling,False,0,3.52912,0
1789903989623,266,458916,1,4256,-4.020043,1.176932,0.75,Falling,False,0,3.52912,0
1789903989623,266,458916,1,4256,-4.020043,1.176932,0.75,Falling,False,0,3.52912,0
1789903989623,266,458916,1,4256,-4.020043,1.176932,0.75,Falling,False,0,3.52912,0
1789903989623,266,458916,1,4256,-4.020043,1.176932,0.75,Falling,False,0,3.52912,0
1789903989623,266,458916,1,4256,-4.020043,1.176932,0.75,Falling,False,0,3.52912,0
1789903989639,267,461512,1,4272,-4.020043,1.230886,0.75,Falling,False,0,3.37216,0
1789903989639,267,461512,1,4272,-4.020043,1.230886,0.75,Falling,False,0,3.37216,0
1789903989639,267,461512,1,4272,-4.020043,1.230886,0.75,Falling,False,0,3.37216,0
1789903989639,267,461512,1,4272,-4.020043,1.230886,0.75,Falling,False,0,3.37216,0
1789903989639,267,461512,1,4272,-4.020043,1.230886,0.75,Falling,False,0,3.37216,0
1789903989639,267,461512,1,4272,-4.020043,1.230886,0.75,Falling,False,0,3.37216,0
1789903989639,267,461512,1,4272,-4.020043,1.230886,0.75,Falling,False,0,3.37216,0
1789903989639,267,461512,1,4272,-4.020043,1.230886,0.75,Falling,False,0,3.37216,0
1789903989655,268,463083,1,4288,-4.020043,1.28233,0.75,Falling,False,0,3.2152,0
1789903989655,268,463083,1,4288,-4.020043,1.28233,0.75,Falling,False,0,3.2152,0
1789903989655,268,463083,1,4288,-4.020043,1.28233,0.75,Falling,False,0,3.2152,0
1789903989655,268,463083,1,4288,-4.020043,1.28233,0.75,Falling,False,0,3.2152,0
1789903989655,268,463083,1,4288,-4.020043,1.28233,0.75,Falling,False,0,3.2152,0
1789903989655,268,463083,1,4288,-4.020043,1.28233,0.75,Falling,False,0,3.2152,0
1789903989655,268,463083,1,4288,-4.020043,1.28233,0.75,Falling,False,0,3.2152,0
1789903989655,268,463083,1,4288,-4.020043,1.28233,0.75,Falling,False,0,3.2152,0
1789903989670,269,464495,1,4304,-4.020043,1.331262,0.75,Falling,False,0,3.05824,0
1789903989670,269,464495,1,4304,-4.020043,1.331262,0.75,Falling,False,0,3.05824,0
1789903989670,269,464495,1,4304,-4.020043,1.331262,0.75,Falling,False,0,3.05824,0
1789903989670,269,464495,1,4304,-4.020043,1.331262,0.75,Falling,False,0,3.05824,0
1789903989670,269,464495,1,4304,-4.020043,1.331262,0.75,Falling,False,0,3.05824,0
1789903989670,269,464495,1,4304,-4.020043,1.331262,0.75,Falling,False,0,3.05824,0
1789903989670,269,464495,1,4304,-4.020043,1.331262,0.75,Falling,False,0,3.05824,0
1789903989670,269,464495,1,4304,-4.020043,1.331262,0.75,Falling,False,0,3.05824,0
1789903989686,270,465915,1,4320,-4.020043,1.377682,0.75,Falling,False,0,2.90128,0
1789903989686,270,465915,1,4320,-4.020043,1.377682,0.75,Falling,False,0,2.90128,0
1789903989686,270,465915,1,4320,-4.020043,1.377682,0.75,Falling,False,0,2.90128,0
1789903989686,270,465915,1,4320,-4.020043,1.377682,0.75,Falling,False,0,2.90128,0
1789903989686,270,465915,1,4320,-4.020043,1.377682,0.75,Falling,False,0,2.90128,0
1789903989686,270,465915,1,4320,-4.020043,1.377682,0.75,Falling,False,0,2.90128,0
1789903989686,270,465915,1,4320,-4.020043,1.377682,0.75,Falling,False,0,2.90128,0
1789903989686,270,465915,1,4320,-4.020043,1.377682,0.75,Falling,False,0,2.90128,0
1789903989701,271,467357,1,4336,-4.020043,1.421591,0.75,Falling,False,0,2.74432,0
1789903989701,271,467357,1,4336,-4.020043,1.421591,0.75,Falling,False,0,2.74432,0
1789903989701,271,467357,1,4336,-4.020043,1.421591,0.75,Falling,False,0,2.74432,0
1789903989701,271,467357,1,4336,-4.020043,1.421591,0.75,Falling,False,0,2.74432,0
1789903989701,271,467357,1,4336,-4.020043,1.421591,0.75,Falling,False,0,2.74432,0
1789903989701,271,467357,1,4336,-4.020043,1.421591,0.75,Falling,False,0,2.74432,0
1789903989701,271,467357,1,4336,-4.020043,1.421591,0.75,Falling,False,0,2.74432,0
1789903989701,271,467357,1,4336,-4.020043,1.421591,0.75,Falling,False,0,2.74432,0
1789903989718,272,468763,1,4352,-4.020043,1.462989,0.75,Falling,False,0,2.58736,0
1789903989718,272,468763,1,4352,-4.020043,1.462989,0.75,Falling,False,0,2.58736,0
1789903989718,272,468763,1,4352,-4.020043,1.462989,0.75,Falling,False,0,2.58736,0
1789903989718,272,468763,1,4352,-4.020043,1.462989,0.75,Falling,False,0,2.58736,0
1789903989718,272,468763,1,4352,-4.020043,1.462989,0.75,Falling,False,0,2.58736,0
1789903989718,272,468763,1,4352,-4.020043,1.462989,0.75,Falling,False,0,2.58736,0
1789903989718,272,468763,1,4352,-4.020043,1.462989,0.75,Falling,False,0,2.58736,0
1789903989718,272,468763,1,4352,-4.020043,1.462989,0.75,Falling,False,0,2.58736,0
1789903989733,273,470286,1,4368,-4.020043,1.501875,0.75,Falling,False,0,2.4304,0
1789903989733,273,470286,1,4368,-4.020043,1.501875,0.75,Falling,False,0,2.4304,0
1789903989733,273,470286,1,4368,-4.020043,1.501875,0.75,Falling,False,0,2.4304,0
1789903989733,273,470286,1,4368,-4.020043,1.501875,0.75,Falling,False,0,2.4304,0
1789903989733,273,470286,1,4368,-4.020043,1.501875,0.75,Falling,False,0,2.4304,0
1789903989733,273,470286,1,4368,-4.020043,1.501875,0.75,Falling,False,0,2.4304,0
1789903989733,273,470286,1,4368,-4.020043,1.501875,0.75,Falling,False,0,2.4304,0
1789903989733,273,470286,1,4368,-4.020043,1.501875,0.75,Falling,False,0,2.4304,0
1789903989749,274,471668,1,4384,-4.020043,1.53825,0.75,Falling,False,0,2.27344,0
1789903989749,274,471668,1,4384,-4.020043,1.53825,0.75,Falling,False,0,2.27344,0
1789903989749,274,471668,1,4384,-4.020043,1.53825,0.75,Falling,False,0,2.27344,0
1789903989749,274,471668,1,4384,-4.020043,1.53825,0.75,Falling,False,0,2.27344,0
1789903989749,274,471668,1,4384,-4.020043,1.53825,0.75,Falling,False,0,2.27344,0
1789903989749,274,471668,1,4384,-4.020043,1.53825,0.75,Falling,False,0,2.27344,0
1789903989749,274,471668,1,4384,-4.020043,1.53825,0.75,Falling,False,0,2.27344,0
1789903989749,274,471668,1,4384,-4.020043,1.53825,0.75,Falling,False,0,2.27344,0
1789903989765,275,473164,1,4400,-4.020043,1.572114,0.75,Falling,False,0,2.11648,0
1789903989765,275,473164,1,4400,-4.020043,1.572114,0.75,Falling,False,0,2.11648,0
1789903989765,275,473164,1,4400,-4.020043,1.572114,0.75,Falling,False,0,2.11648,0
1789903989765,275,473164,1,4400,-4.020043,1.572114,0.75,Falling,False,0,2.11648,0
1789903989765,275,473164,1,4400,-4.020043,1.572114,0.75,Falling,False,0,2.11648,0
1789903989765,275,473164,1,4400,-4.020043,1.572114,0.75,Falling,False,0,2.11648,0
1789903989765,275,473164,1,4400,-4.020043,1.572114,0.75,Falling,False,0,2.11648,0
1789903989765,275,473164,1,4400,-4.020043,1.572114,0.75,Falling,False,0,2.11648,0
1789903989781,276,474648,1,4416,-4.020043,1.603466,0.75,Falling,False,0,1.95952,0
1789903989781,276,474648,1,4416,-4.020043,1.603466,0.75,Falling,False,0,1.95952,0
1789903989781,276,474648,1,4416,-4.020043,1.603466,0.75,Falling,False,0,1.95952,0
1789903989781,276,474648,1,4416,-4.020043,1.603466,0.75,Falling,False,0,1.95952,0
1789903989781,276,474648,1,4416,-4.020043,1.603466,0.75,Falling,False,0,1.95952,0
1789903989781,276,474648,1,4416,-4.020043,1.603466,0.75,Falling,False,0,1.95952,0
1789903989781,276,474648,1,4416,-4.020043,1.603466,0.75,Falling,False,0,1.95952,0
1789903989781,276,474648,1,4416,-4.020043,1.603466,0.75,Falling,False,0,1.95952,0
1789903989797,277,476102,1,4432,-4.020043,1.632307,0.75,Falling,False,0,1.80256,0
1789903989797,277,476102,1,4432,-4.020043,1.632307,0.75,Falling,False,0,1.80256,0
1789903989797,277,476102,1,4432,-4.020043,1.632307,0.75,Falling,False,0,1.80256,0
1789903989797,277,476102,1,4432,-4.020043,1.632307,0.75,Falling,False,0,1.80256,0
1789903989797,277,476102,1,4432,-4.020043,1.632307,0.75,Falling,False,0,1.80256,0
1789903989797,277,476102,1,4432,-4.020043,1.632307,0.75,Falling,False,0,1.80256,0
1789903989797,277,476102,1,4432,-4.020043,1.632307,0.75,Falling,False,0,1.80256,0
1789903989797,277,476102,1,4432,-4.020043,1.632307,0.75,Falling,False,0,1.80256,0
1789903989812,278,477587,1,4448,-4.020043,1.658637,0.75,Falling,False,0,1.6456,0
1789903989812,278,477587,1,4448,-4.020043,1.658637,0.75,Falling,False,0,1.6456,0
1789903989812,278,477587,1,4448,-4.020043,1.658637,0.75,Falling,False,0,1.6456,0
1789903989812,278,477587,1,4448,-4.020043,1.658637,0.75,Falling,False,0,1.6456,0
1789903989812,278,477587,1,4448,-4.020043,1.658637,0.75,Falling,False,0,1.6456,0
1789903989812,278,477587,1,4448,-4.020043,1.658637,0.75,Falling,False,0,1.6456,0
1789903989812,278,477587,1,4448,-4.020043,1.658637,0.75,Falling,False,0,1.6456,0
1789903989812,278,477587,1,4448,-4.020043,1.658637,0.75,Falling,False,0,1.6456,0
1789903989828,279,479037,1,4464,-4.020043,1.682455,0.75,Falling,False,0,1.48864,0
1789903989828,279,479037,1,4464,-4.020043,1.682455,0.75,Falling,False,0,1.48864,0
1789903989828,279,479037,1,4464,-4.020043,1.682455,0.75,Falling,False,0,1.48864,0
1789903989828,279,479037,1,4464,-4.020043,1.682455,0.75,Falling,False,0,1.48864,0
1789903989828,279,479037,1,4464,-4.020043,1.682455,0.75,Falling,False,0,1.48864,0
1789903989828,279,479037,1,4464,-4.020043,1.682455,0.75,Falling,False,0,1.48864,0
1789903989828,279,479037,1,4464,-4.020043,1.682455,0.75,Falling,False,0,1.48864,0
1789903989828,279,479037,1,4464,-4.020043,1.682455,0.75,Falling,False,0,1.48864,0
1789903989844,280,480530,1,4480,-4.020043,1.703762,0.75,Falling,False,0,1.33168,0
1789903989844,280,480530,1,4480,-4.020043,1.703762,0.75,Falling,False,0,1.33168,0
1789903989844,280,480530,1,4480,-4.020043,1.703762,0.75,Falling,False,0,1.33168,0
1789903989844,280,480530,1,4480,-4.020043,1.703762,0.75,Falling,False,0,1.33168,0
1789903989844,280,480530,1,4480,-4.020043,1.703762,0.75,Falling,False,0,1.33168,0
1789903989844,280,480530,1,4480,-4.020043,1.703762,0.75,Falling,False,0,1.33168,0
1789903989844,280,480530,1,4480,-4.020043,1.703762,0.75,Falling,False,0,1.33168,0
1789903989844,280,480530,1,4480,-4.020043,1.703762,0.75,Falling,False,0,1.33168,0
1789903989860,281,481992,1,4496,-4.020043,1.722558,0.75,Falling,False,0,1.17472,0
1789903989860,281,481992,1,4496,-4.020043,1.722558,0.75,Falling,False,0,1.17472,0
1789903989860,281,481992,1,4496,-4.020043,1.722558,0.75,Falling,False,0,1.17472,0
1789903989860,281,481992,1,4496,-4.020043,1.722558,0.75,Falling,False,0,1.17472,0
1789903989860,281,481992,1,4496,-4.020043,1.722558,0.75,Falling,False,0,1.17472,0
1789903989860,281,481992,1,4496,-4.020043,1.722558,0.75,Falling,False,0,1.17472,0
1789903989860,281,481992,1,4496,-4.020043,1.722558,0.75,Falling,False,0,1.17472,0
1789903989860,281,481992,1,4496,-4.020043,1.722558,0.75,Falling,False,0,1.17472,0
1789903989875,282,483492,1,4512,-4.020043,1.738842,0.75,Falling,False,0,1.01776,0
1789903989875,282,483492,1,4512,-4.020043,1.738842,0.75,Falling,False,0,1.01776,0
1789903989875,282,483492,1,4512,-4.020043,1.738842,0.75,Falling,False,0,1.01776,0
1789903989875,282,483492,1,4512,-4.020043,1.738842,0.75,Falling,False,0,1.01776,0
1789903989875,282,483492,1,4512,-4.020043,1.738842,0.75,Falling,False,0,1.01776,0
1789903989875,282,483492,1,4512,-4.020043,1.738842,0.75,Falling,False,0,1.01776,0
1789903989875,282,483492,1,4512,-4.020043,1.738842,0.75,Falling,False,0,1.01776,0
1789903989875,282,483492,1,4512,-4.020043,1.738842,0.75,Falling,False,0,1.01776,0
1789903989891,283,484944,1,4528,-4.020043,1.752614,0.75,Falling,False,0,0.8608,0
1789903989891,283,484944,1,4528,-4.020043,1.752614,0.75,Falling,False,0,0.8608,0
1789903989891,283,484944,1,4528,-4.020043,1.752614,0.75,Falling,False,0,0.8608,0
1789903989891,283,484944,1,4528,-4.020043,1.752614,0.75,Falling,False,0,0.8608,0
1789903989891,283,484944,1,4528,-4.020043,1.752614,0.75,Falling,False,0,0.8608,0
1789903989891,283,484944,1,4528,-4.020043,1.752614,0.75,Falling,False,0,0.8608,0
1789903989891,283,484944,1,4528,-4.020043,1.752614,0.75,Falling,False,0,0.8608,0
1789903989891,283,484944,1,4528,-4.020043,1.752614,0.75,Falling,False,0,0.8608,0
1789903989907,284,486494,1,4544,-4.020043,1.763876,0.75,Falling,False,0,0.70384,0
1789903989907,284,486494,1,4544,-4.020043,1.763876,0.75,Falling,False,0,0.70384,0
1789903989907,284,486494,1,4544,-4.020043,1.763876,0.75,Falling,False,0,0.70384,0
1789903989907,284,486494,1,4544,-4.020043,1.763876,0.75,Falling,False,0,0.70384,0
1789903989907,284,486494,1,4544,-4.020043,1.763876,0.75,Falling,False,0,0.70384,0
1789903989907,284,486494,1,4544,-4.020043,1.763876,0.75,Falling,False,0,0.70384,0
1789903989907,284,486494,1,4544,-4.020043,1.763876,0.75,Falling,False,0,0.70384,0
1789903989907,284,486494,1,4544,-4.020043,1.763876,0.75,Falling,False,0,0.70384,0
1789903989922,285,488009,1,4560,-4.020043,1.772626,0.75,Falling,False,0,0.54688,0
1789903989922,285,488009,1,4560,-4.020043,1.772626,0.75,Falling,False,0,0.54688,0
1789903989922,285,488009,1,4560,-4.020043,1.772626,0.75,Falling,False,0,0.54688,0
1789903989922,285,488009,1,4560,-4.020043,1.772626,0.75,Falling,False,0,0.54688,0
1789903989922,285,488009,1,4560,-4.020043,1.772626,0.75,Falling,False,0,0.54688,0
1789903989922,285,488009,1,4560,-4.020043,1.772626,0.75,Falling,False,0,0.54688,0
1789903989922,285,488009,1,4560,-4.020043,1.772626,0.75,Falling,False,0,0.54688,0
1789903989922,285,488009,1,4560,-4.020043,1.772626,0.75,Falling,False,0,0.54688,0
1789903989937,286,489405,1,4576,-4.020043,1.778865,0.75,Falling,False,0,0.38992,0
1789903989937,286,489405,1,4576,-4.020043,1.778865,0.75,Falling,False,0,0.38992,0
1789903989937,286,489405,1,4576,-4.020043,1.778865,0.75,Falling,False,0,0.38992,0
1789903989937,286,489405,1,4576,-4.020043,1.778865,0.75,Falling,False,0,0.38992,0
1789903989937,286,489405,1,4576,-4.020043,1.778865,0.75,Falling,False,0,0.38992,0
1789903989937,286,489405,1,4576,-4.020043,1.778865,0.75,Falling,False,0,0.38992,0
1789903989937,286,489405,1,4576,-4.020043,1.778865,0.75,Falling,False,0,0.38992,0
1789903989937,286,489405,1,4576,-4.020043,1.778865,0.75,Falling,False,0,0.38992,0
1789903989953,287,490814,1,4592,-4.020043,1.782592,0.75,Falling,False,0,0.23296,0
1789903989953,287,490814,1,4592,-4.020043,1.782592,0.75,Falling,False,0,0.23296,0
1789903989953,287,490814,1,4592,-4.020043,1.782592,0.75,Falling,False,0,0.23296,0
1789903989953,287,490814,1,4592,-4.020043,1.782592,0.75,Falling,False,0,0.23296,0
1789903989953,287,490814,1,4592,-4.020043,1.782592,0.75,Falling,False,0,0.23296,0
1789903989953,287,490814,1,4592,-4.020043,1.782592,0.75,Falling,False,0,0.23296,0
1789903989953,287,490814,1,4592,-4.020043,1.782592,0.75,Falling,False,0,0.23296,0
1789903989953,287,490814,1,4592,-4.020043,1.782592,0.75,Falling,False,0,0.23296,0
1789903989969,288,492325,1,4608,-4.020043,1.783808,0.75,Falling,False,0,0.076,0
1789903989969,288,492325,1,4608,-4.020043,1.783808,0.75,Falling,False,0,0.076,0
1789903989969,288,492325,1,4608,-4.020043,1.783808,0.75,Falling,False,0,0.076,0
1789903989969,288,492325,1,4608,-4.020043,1.783808,0.75,Falling,False,0,0.076,0
1789903989969,288,492325,1,4608,-4.020043,1.783808,0.75,Falling,False,0,0.076,0
1789903989969,288,492325,1,4608,-4.020043,1.783808,0.75,Falling,False,0,0.076,0
1789903989969,288,492325,1,4608,-4.020043,1.783808,0.75,Falling,False,0,0.076,0
1789903989969,288,492325,1,4608,-4.020043,1.783808,0.75,Falling,False,0,0.076,0
1789903989984,289,493752,1,4624,-4.020043,1.782513,0.75,Falling,False,0,-0.08096,0
1789903989984,289,493752,1,4624,-4.020043,1.782513,0.75,Falling,False,0,-0.08096,0
1789903989984,289,493752,1,4624,-4.020043,1.782513,0.75,Falling,False,0,-0.08096,0
1789903989984,289,493752,1,4624,-4.020043,1.782513,0.75,Falling,False,0,-0.08096,0
1789903989984,289,493752,1,4624,-4.020043,1.782513,0.75,Falling,False,0,-0.08096,0
1789903989984,289,493752,1,4624,-4.020043,1.782513,0.75,Falling,False,0,-0.08096,0
1789903989984,289,493752,1,4624,-4.020043,1.782513,0.75,Falling,False,0,-0.08096,0
1789903989984,289,493752,1,4624,-4.020043,1.782513,0.75,Falling,False,0,-0.08096,0
1789903989999,290,495105,1,4640,-4.020043,1.778706,0.75,Falling,False,0,-0.23792,0
1789903989999,290,495105,1,4640,-4.020043,1.778706,0.75,Falling,False,0,-0.23792,0
1789903989999,290,495105,1,4640,-4.020043,1.778706,0.75,Falling,False,0,-0.23792,0
1789903989999,290,495105,1,4640,-4.020043,1.778706,0.75,Falling,False,0,-0.23792,0
1789903989999,290,495105,1,4640,-4.020043,1.778706,0.75,Falling,False,0,-0.23792,0
1789903989999,290,495105,1,4640,-4.020043,1.778706,0.75,Falling,False,0,-0.23792,0
1789903989999,290,495105,1,4640,-4.020043,1.778706,0.75,Falling,False,0,-0.23792,0
1789903989999,290,495105,1,4640,-4.020043,1.778706,0.75,Falling,False,0,-0.23792,0
1789903990014,291,496624,1,4656,-4.020043,1.772388,0.75,Falling,False,0,-0.39488,0
1789903990014,291,496624,1,4656,-4.020043,1.772388,0.75,Falling,False,0,-0.39488,0
1789903990014,291,496624,1,4656,-4.020043,1.772388,0.75,Falling,False,0,-0.39488,0
1789903990014,291,496624,1,4656,-4.020043,1.772388,0.75,Falling,False,0,-0.39488,0
1789903990014,291,496624,1,4656,-4.020043,1.772388,0.75,Falling,False,0,-0.39488,0
1789903990014,291,496624,1,4656,-4.020043,1.772388,0.75,Falling,False,0,-0.39488,0
1789903990014,291,496624,1,4656,-4.020043,1.772388,0.75,Falling,False,0,-0.39488,0
1789903990014,291,496624,1,4656,-4.020043,1.772388,0.75,Falling,False,0,-0.39488,0
1789903990029,292,497993,1,4672,-4.020043,1.763559,0.75,Falling,False,0,-0.55184,0
1789903990029,292,497993,1,4672,-4.020043,1.763559,0.75,Falling,False,0,-0.55184,0
1789903990030,292,497993,1,4672,-4.020043,1.763559,0.75,Falling,False,0,-0.55184,0
1789903990030,292,497993,1,4672,-4.020043,1.763559,0.75,Falling,False,0,-0.55184,0
1789903990030,292,497993,1,4672,-4.020043,1.763559,0.75,Falling,False,0,-0.55184,0
1789903990030,292,497993,1,4672,-4.020043,1.763559,0.75,Falling,False,0,-0.55184,0
1789903990030,292,497993,1,4672,-4.020043,1.763559,0.75,Falling,False,0,-0.55184,0
1789903990030,292,497993,1,4672,-4.020043,1.763559,0.75,Falling,False,0,-0.55184,0
1789903990045,293,499377,1,4688,-4.020043,1.752218,0.75,Falling,False,0,-0.7088,0
1789903990045,293,499377,1,4688,-4.020043,1.752218,0.75,Falling,False,0,-0.7088,0
1789903990045,293,499377,1,4688,-4.020043,1.752218,0.75,Falling,False,0,-0.7088,0
1789903990045,293,499377,1,4688,-4.020043,1.752218,0.75,Falling,False,0,-0.7088,0
1789903990045,293,499377,1,4688,-4.020043,1.752218,0.75,Falling,False,0,-0.7088,0
1789903990045,293,499377,1,4688,-4.020043,1.752218,0.75,Falling,False,0,-0.7088,0
1789903990045,293,499377,1,4688,-4.020043,1.752218,0.75,Falling,False,0,-0.7088,0
1789903990045,293,499377,1,4688,-4.020043,1.752218,0.75,Falling,False,0,-0.7088,0
1789903990060,294,500769,1,4704,-4.020043,1.738366,0.75,Falling,False,0,-0.86576,0
1789903990060,294,500769,1,4704,-4.020043,1.738366,0.75,Falling,False,0,-0.86576,0
1789903990060,294,500769,1,4704,-4.020043,1.738366,0.75,Falling,False,0,-0.86576,0
1789903990061,294,500769,1,4704,-4.020043,1.738366,0.75,Falling,False,0,-0.86576,0
1789903990061,294,500769,1,4704,-4.020043,1.738366,0.75,Falling,False,0,-0.86576,0
1789903990061,294,500769,1,4704,-4.020043,1.738366,0.75,Falling,False,0,-0.86576,0
1789903990061,294,500769,1,4704,-4.020043,1.738366,0.75,Falling,False,0,-0.86576,0
1789903990061,294,500769,1,4704,-4.020043,1.738366,0.75,Falling,False,0,-0.86576,0
1789903990076,295,502226,1,4720,-4.020043,1.722002,0.75,Falling,False,0,-1.02272,0
1789903990076,295,502226,1,4720,-4.020043,1.722002,0.75,Falling,False,0,-1.02272,0
1789903990076,295,502226,1,4720,-4.020043,1.722002,0.75,Falling,False,0,-1.02272,0
1789903990076,295,502226,1,4720,-4.020043,1.722002,0.75,Falling,False,0,-1.02272,0
1789903990076,295,502226,1,4720,-4.020043,1.722002,0.75,Falling,False,0,-1.02272,0
1789903990076,295,502226,1,4720,-4.020043,1.722002,0.75,Falling,False,0,-1.02272,0
1789903990076,295,502226,1,4720,-4.020043,1.722002,0.75,Falling,False,0,-1.02272,0
1789903990076,295,502226,1,4720,-4.020043,1.722002,0.75,Falling,False,0,-1.02272,0
1789903990091,296,503742,1,4736,-4.020043,1.703127,0.75,Falling,False,0,-1.17968,0
1789903990091,296,503742,1,4736,-4.020043,1.703127,0.75,Falling,False,0,-1.17968,0
1789903990091,296,503742,1,4736,-4.020043,1.703127,0.75,Falling,False,0,-1.17968,0
1789903990091,296,503742,1,4736,-4.020043,1.703127,0.75,Falling,False,0,-1.17968,0
1789903990091,296,503742,1,4736,-4.020043,1.703127,0.75,Falling,False,0,-1.17968,0
1789903990091,296,503742,1,4736,-4.020043,1.703127,0.75,Falling,False,0,-1.17968,0
1789903990091,296,503742,1,4736,-4.020043,1.703127,0.75,Falling,False,0,-1.17968,0
1789903990091,296,503742,1,4736,-4.020043,1.703127,0.75,Falling,False,0,-1.17968,0
1789903990107,297,505254,1,4752,-4.020043,1.681741,0.75,Falling,False,0,-1.33664,0
1789903990107,297,505254,1,4752,-4.020043,1.681741,0.75,Falling,False,0,-1.33664,0
1789903990107,297,505254,1,4752,-4.020043,1.681741,0.75,Falling,False,0,-1.33664,0
1789903990107,297,505254,1,4752,-4.020043,1.681741,0.75,Falling,False,0,-1.33664,0
1789903990107,297,505254,1,4752,-4.020043,1.681741,0.75,Falling,False,0,-1.33664,0
1789903990107,297,505254,1,4752,-4.020043,1.681741,0.75,Falling,False,0,-1.33664,0
1789903990107,297,505254,1,4752,-4.020043,1.681741,0.75,Falling,False,0,-1.33664,0
1789903990107,297,505254,1,4752,-4.020043,1.681741,0.75,Falling,False,0,-1.33664,0
1789903990122,298,506661,1,4768,-4.020043,1.657843,0.75,Falling,False,0,-1.4936,0
1789903990122,298,506661,1,4768,-4.020043,1.657843,0.75,Falling,False,0,-1.4936,0
1789903990122,298,506661,1,4768,-4.020043,1.657843,0.75,Falling,False,0,-1.4936,0
1789903990122,298,506661,1,4768,-4.020043,1.657843,0.75,Falling,False,0,-1.4936,0
1789903990122,298,506661,1,4768,-4.020043,1.657843,0.75,Falling,False,0,-1.4936,0
1789903990122,298,506661,1,4768,-4.020043,1.657843,0.75,Falling,False,0,-1.4936,0
1789903990122,298,506661,1,4768,-4.020043,1.657843,0.75,Falling,False,0,-1.4936,0
1789903990122,298,506661,1,4768,-4.020043,1.657843,0.75,Falling,False,0,-1.4936,0
1789903990137,299,508043,1,4784,-4.020043,1.631434,0.75,Falling,False,0,-1.65056,0
1789903990137,299,508043,1,4784,-4.020043,1.631434,0.75,Falling,False,0,-1.65056,0
1789903990137,299,508043,1,4784,-4.020043,1.631434,0.75,Falling,False,0,-1.65056,0
1789903990137,299,508043,1,4784,-4.020043,1.631434,0.75,Falling,False,0,-1.65056,0
1789903990137,299,508043,1,4784,-4.020043,1.631434,0.75,Falling,False,0,-1.65056,0
1789903990137,299,508043,1,4784,-4.020043,1.631434,0.75,Falling,False,0,-1.65056,0
1789903990137,299,508043,1,4784,-4.020043,1.631434,0.75,Falling,False,0,-1.65056,0
1789903990137,299,508043,1,4784,-4.020043,1.631434,0.75,Falling,False,0,-1.65056,0
1789903990153,300,509474,1,4800,-4.020043,1.602514,0.75,Falling,False,0,-1.80752,0
1789903990153,300,509474,1,4800,-4.020043,1.602514,0.75,Falling,False,0,-1.80752,0
1789903990153,300,509474,1,4800,-4.020043,1.602514,0.75,Falling,False,0,-1.80752,0
1789903990153,300,509474,1,4800,-4.020043,1.602514,0.75,Falling,False,0,-1.80752,0
1789903990153,300,509474,1,4800,-4.020043,1.602514,0.75,Falling,False,0,-1.80752,0
1789903990153,300,509474,1,4800,-4.020043,1.602514,0.75,Falling,False,0,-1.80752,0
1789903990153,300,509474,1,4800,-4.020043,1.602514,0.75,Falling,False,0,-1.80752,0
1789903990153,300,509474,1,4800,-4.020043,1.602514,0.75,Falling,False,0,-1.80752,0
1789903990184,301,510982,1,4816,-4.020043,1.571082,0.75,Falling,False,0,-1.96448,0
1789903990184,301,510982,1,4816,-4.020043,1.571082,0.75,Falling,False,0,-1.96448,0
1789903990184,301,510982,1,4816,-4.020043,1.571082,0.75,Falling,False,0,-1.96448,0
1789903990184,301,510982,1,4816,-4.020043,1.571082,0.75,Falling,False,0,-1.96448,0
1789903990184,301,510982,1,4816,-4.020043,1.571082,0.75,Falling,False,0,-1.96448,0
1789903990184,301,510982,1,4816,-4.020043,1.571082,0.75,Falling,False,0,-1.96448,0
1789903990184,301,510982,1,4816,-4.020043,1.571082,0.75,Falling,False,0,-1.96448,0
1789903990184,301,510982,1,4816,-4.020043,1.571082,0.75,Falling,False,0,-1.96448,0
1789903990199,302,513976,1,4832,-4.020043,1.537139,0.75,Falling,False,0,-2.12144,0
1789903990199,302,513976,1,4832,-4.020043,1.537139,0.75,Falling,False,0,-2.12144,0
1789903990199,302,513976,1,4832,-4.020043,1.537139,0.75,Falling,False,0,-2.12144,0
1789903990199,302,513976,1,4832,-4.020043,1.537139,0.75,Falling,False,0,-2.12144,0
1789903990199,302,513976,1,4832,-4.020043,1.537139,0.75,Falling,False,0,-2.12144,0
1789903990199,302,513976,1,4832,-4.020043,1.537139,0.75,Falling,False,0,-2.12144,0
1789903990199,302,513976,1,4832,-4.020043,1.537139,0.75,Falling,False,0,-2.12144,0
1789903990199,302,513976,1,4832,-4.020043,1.537139,0.75,Falling,False,0,-2.12144,0
1789903990214,303,515414,1,4848,-4.020043,1.500685,0.75,Falling,False,0,-2.2784,0
1789903990214,303,515414,1,4848,-4.020043,1.500685,0.75,Falling,False,0,-2.2784,0
1789903990214,303,515414,1,4848,-4.020043,1.500685,0.75,Falling,False,0,-2.2784,0
1789903990214,303,515414,1,4848,-4.020043,1.500685,0.75,Falling,False,0,-2.2784,0
1789903990214,303,515414,1,4848,-4.020043,1.500685,0.75,Falling,False,0,-2.2784,0
1789903990214,303,515414,1,4848,-4.020043,1.500685,0.75,Falling,False,0,-2.2784,0
1789903990214,303,515414,1,4848,-4.020043,1.500685,0.75,Falling,False,0,-2.2784,0
1789903990214,303,515414,1,4848,-4.020043,1.500685,0.75,Falling,False,0,-2.2784,0
1789903990229,304,516865,1,4864,-4.020043,1.461719,0.75,Falling,False,0,-2.43536,0
1789903990229,304,516865,1,4864,-4.020043,1.461719,0.75,Falling,False,0,-2.43536,0
1789903990229,304,516865,1,4864,-4.020043,1.461719,0.75,Falling,False,0,-2.43536,0
1789903990229,304,516865,1,4864,-4.020043,1.461719,0.75,Falling,False,0,-2.43536,0
1789903990229,304,516865,1,4864,-4.020043,1.461719,0.75,Falling,False,0,-2.43536,0
1789903990229,304,516865,1,4864,-4.020043,1.461719,0.75,Falling,False,0,-2.43536,0
1789903990229,304,516865,1,4864,-4.020043,1.461719,0.75,Falling,False,0,-2.43536,0
1789903990229,304,516865,1,4864,-4.020043,1.461719,0.75,Falling,False,0,-2.43536,0
1789903990245,305,518333,1,4880,-4.020043,1.420242,0.75,Falling,False,0,-2.59232,0
1789903990245,305,518333,1,4880,-4.020043,1.420242,0.75,Falling,False,0,-2.59232,0
1789903990245,305,518333,1,4880,-4.020043,1.420242,0.75,Falling,False,0,-2.59232,0
1789903990245,305,518333,1,4880,-4.020043,1.420242,0.75,Falling,False,0,-2.59232,0
1789903990245,305,518333,1,4880,-4.020043,1.420242,0.75,Falling,False,0,-2.59232,0
1789903990245,305,518333,1,4880,-4.020043,1.420242,0.75,Falling,False,0,-2.59232,0
1789903990245,305,518333,1,4880,-4.020043,1.420242,0.75,Falling,False,0,-2.59232,0
1789903990245,305,518333,1,4880,-4.020043,1.420242,0.75,Falling,False,0,-2.59232,0
1789903990261,306,519837,1,4896,-4.020043,1.376253,0.75,Falling,False,0,-2.74928,0
1789903990261,306,519837,1,4896,-4.020043,1.376253,0.75,Falling,False,0,-2.74928,0
1789903990261,306,519837,1,4896,-4.020043,1.376253,0.75,Falling,False,0,-2.74928,0
1789903990261,306,519837,1,4896,-4.020043,1.376253,0.75,Falling,False,0,-2.74928,0
1789903990261,306,519837,1,4896,-4.020043,1.376253,0.75,Falling,False,0,-2.74928,0
1789903990261,306,519837,1,4896,-4.020043,1.376253,0.75,Falling,False,0,-2.74928,0
1789903990261,306,519837,1,4896,-4.020043,1.376253,0.75,Falling,False,0,-2.74928,0
1789903990261,306,519837,1,4896,-4.020043,1.376253,0.75,Falling,False,0,-2.74928,0
1789903990276,307,521349,1,4912,-4.020043,1.329754,0.75,Falling,False,0,-2.90624,0
1789903990276,307,521349,1,4912,-4.020043,1.329754,0.75,Falling,False,0,-2.90624,0
1789903990276,307,521349,1,4912,-4.020043,1.329754,0.75,Falling,False,0,-2.90624,0
1789903990276,307,521349,1,4912,-4.020043,1.329754,0.75,Falling,False,0,-2.90624,0
1789903990276,307,521349,1,4912,-4.020043,1.329754,0.75,Falling,False,0,-2.90624,0
1789903990276,307,521349,1,4912,-4.020043,1.329754,0.75,Falling,False,0,-2.90624,0
1789903990276,307,521349,1,4912,-4.020043,1.329754,0.75,Falling,False,0,-2.90624,0
1789903990276,307,521349,1,4912,-4.020043,1.329754,0.75,Falling,False,0,-2.90624,0
1789903990291,308,522852,1,4928,-4.020043,1.280742,0.75,Falling,False,0,-3.0632,0
1789903990291,308,522852,1,4928,-4.020043,1.280742,0.75,Falling,False,0,-3.0632,0
1789903990291,308,522852,1,4928,-4.020043,1.280742,0.75,Falling,False,0,-3.0632,0
1789903990291,308,522852,1,4928,-4.020043,1.280742,0.75,Falling,False,0,-3.0632,0
1789903990291,308,522852,1,4928,-4.020043,1.280742,0.75,Falling,False,0,-3.0632,0
1789903990291,308,522852,1,4928,-4.020043,1.280742,0.75,Falling,False,0,-3.0632,0
1789903990291,308,522852,1,4928,-4.020043,1.280742,0.75,Falling,False,0,-3.0632,0
1789903990291,308,522852,1,4928,-4.020043,1.280742,0.75,Falling,False,0,-3.0632,0
1789903990307,309,524361,1,4944,-4.020043,1.22922,0.75,Falling,False,0,-3.22016,0
1789903990307,309,524361,1,4944,-4.020043,1.22922,0.75,Falling,False,0,-3.22016,0
1789903990307,309,524361,1,4944,-4.020043,1.22922,0.75,Falling,False,0,-3.22016,0
1789903990307,309,524361,1,4944,-4.020043,1.22922,0.75,Falling,False,0,-3.22016,0
1789903990307,309,524361,1,4944,-4.020043,1.22922,0.75,Falling,False,0,-3.22016,0
1789903990307,309,524361,1,4944,-4.020043,1.22922,0.75,Falling,False,0,-3.22016,0
1789903990307,309,524361,1,4944,-4.020043,1.22922,0.75,Falling,False,0,-3.22016,0
1789903990307,309,524361,1,4944,-4.020043,1.22922,0.75,Falling,False,0,-3.22016,0
1789903990322,310,525934,1,4960,-4.020043,1.175186,0.75,Falling,False,0,-3.37712,0
1789903990322,310,525934,1,4960,-4.020043,1.175186,0.75,Falling,False,0,-3.37712,0
1789903990322,310,525934,1,4960,-4.020043,1.175186,0.75,Falling,False,0,-3.37712,0
1789903990322,310,525934,1,4960,-4.020043,1.175186,0.75,Falling,False,0,-3.37712,0
1789903990322,310,525934,1,4960,-4.020043,1.175186,0.75,Falling,False,0,-3.37712,0
1789903990322,310,525934,1,4960,-4.020043,1.175186,0.75,Falling,False,0,-3.37712,0
1789903990322,310,525934,1,4960,-4.020043,1.175186,0.75,Falling,False,0,-3.37712,0
1789903990322,310,525934,1,4960,-4.020043,1.175186,0.75,Falling,False,0,-3.37712,0
1789903990338,311,527341,1,4976,-4.020043,1.118641,0.75,Falling,False,0,-3.534081,0
1789903990338,311,527341,1,4976,-4.020043,1.118641,0.75,Falling,False,0,-3.534081,0
1789903990338,311,527341,1,4976,-4.020043,1.118641,0.75,Falling,False,0,-3.534081,0
1789903990338,311,527341,1,4976,-4.020043,1.118641,0.75,Falling,False,0,-3.534081,0
1789903990338,311,527341,1,4976,-4.020043,1.118641,0.75,Falling,False,0,-3.534081,0
1789903990338,311,527341,1,4976,-4.020043,1.118641,0.75,Falling,False,0,-3.534081,0
1789903990338,311,527341,1,4976,-4.020043,1.118641,0.75,Falling,False,0,-3.534081,0
1789903990338,311,527341,1,4976,-4.020043,1.118641,0.75,Falling,False,0,-3.534081,0
1789903990354,312,528785,1,4992,-4.020043,1.059584,0.75,Falling,False,0,-3.691041,0
1789903990354,312,528785,1,4992,-4.020043,1.059584,0.75,Falling,False,0,-3.691041,0
1789903990354,312,528785,1,4992,-4.020043,1.059584,0.75,Falling,False,0,-3.691041,0
1789903990354,312,528785,1,4992,-4.020043,1.059584,0.75,Falling,False,0,-3.691041,0
1789903990354,312,528785,1,4992,-4.020043,1.059584,0.75,Falling,False,0,-3.691041,0
1789903990354,312,528785,1,4992,-4.020043,1.059584,0.75,Falling,False,0,-3.691041,0
1789903990354,312,528785,1,4992,-4.020043,1.059584,0.75,Falling,False,0,-3.691041,0
1789903990354,312,528785,1,4992,-4.020043,1.059584,0.75,Falling,False,0,-3.691041,0
1789903990369,313,530268,1,5008,-4.020043,1,0.75,Walking,True,0,0,0
1789903990369,313,530268,1,5008,-4.020043,1,0.75,Walking,True,0,0,0
1789903990369,313,530268,1,5008,-4.020043,1,0.75,Walking,True,0,0,0
1789903990369,313,530268,1,5008,-4.020043,1,0.75,Walking,True,0,0,0
1789903990369,313,530268,1,5008,-4.020043,1,0.75,Walking,True,0,0,0
1789903990369,313,530268,1,5008,-4.020043,1,0.75,Walking,True,0,0,0
1789903990369,313,530268,1,5008,-4.020043,1,0.75,Walking,True,0,0,0
1789903990369,313,530268,1,5008,-4.020043,1,0.75,Walking,True,0,0,0
1789903990385,314,531635,1,5024,-4.020043,1,0.75,Walking,True,0,0,0
1789903990385,314,531635,1,5024,-4.020043,1,0.75,Walking,True,0,0,0
1789903990385,314,531635,1,5024,-4.020043,1,0.75,Walking,True,0,0,0
1789903990385,314,531635,1,5024,-4.020043,1,0.75,Walking,True,0,0,0
1789903990385,314,531635,1,5024,-4.020043,1,0.75,Walking,True,0,0,0
1789903990385,314,531635,1,5024,-4.020043,1,0.75,Walking,True,0,0,0
1789903990385,314,531635,1,5024,-4.020043,1,0.75,Walking,True,0,0,0
1789903990385,314,531635,1,5024,-4.020043,1,0.75,Walking,True,0,0,0
1789903990401,315,533146,1,5040,-4.020043,1,0.75,Walking,True,0,0,0
1789903990401,315,533146,1,5040,-4.020043,1,0.75,Walking,True,0,0,0
1789903990401,315,533146,1,5040,-4.020043,1,0.75,Walking,True,0,0,0
1789903990401,315,533146,1,5040,-4.020043,1,0.75,Walking,True,0,0,0
1789903990401,315,533146,1,5040,-4.020043,1,0.75,Walking,True,0,0,0
1789903990401,315,533146,1,5040,-4.020043,1,0.75,Walking,True,0,0,0
1789903990401,315,533146,1,5040,-4.020043,1,0.75,Walking,True,0,0,0
1789903990401,315,533146,1,5040,-4.020043,1,0.75,Walking,True,0,0,0
1789903990416,316,534733,1,5056,-4.020043,1,0.75,Walking,True,0,0,0
1789903990416,316,534733,1,5056,-4.020043,1,0.75,Walking,True,0,0,0
1789903990416,316,534733,1,5056,-4.020043,1,0.75,Walking,True,0,0,0
1789903990416,316,534733,1,5056,-4.020043,1,0.75,Walking,True,0,0,0
1789903990416,316,534733,1,5056,-4.020043,1,0.75,Walking,True,0,0,0
1789903990416,316,534733,1,5056,-4.020043,1,0.75,Walking,True,0,0,0
1789903990416,316,534733,1,5056,-4.020043,1,0.75,Walking,True,0,0,0
1789903990416,316,534733,1,5056,-4.020043,1,0.75,Walking,True,0,0,0
1789903990432,317,536260,1,5072,-4.020043,1,0.75,Walking,True,0,0,0
1789903990432,317,536260,1,5072,-4.020043,1,0.75,Walking,True,0,0,0
1789903990432,317,536260,1,5072,-4.020043,1,0.75,Walking,True,0,0,0
1789903990432,317,536260,1,5072,-4.020043,1,0.75,Walking,True,0,0,0
1789903990432,317,536260,1,5072,-4.020043,1,0.75,Walking,True,0,0,0
1789903990432,317,536260,1,5072,-4.020043,1,0.75,Walking,True,0,0,0
1789903990432,317,536260,1,5072,-4.020043,1,0.75,Walking,True,0,0,0
1789903990432,317,536260,1,5072,-4.020043,1,0.75,Walking,True,0,0,0
1789903990447,318,537727,1,5088,-4.020043,1,0.75,Walking,True,0,0,0
1789903990447,318,537727,1,5088,-4.020043,1,0.75,Walking,True,0,0,0
1789903990447,318,537727,1,5088,-4.020043,1,0.75,Walking,True,0,0,0
1789903990447,318,537727,1,5088,-4.020043,1,0.75,Walking,True,0,0,0
1789903990447,318,537727,1,5088,-4.020043,1,0.75,Walking,True,0,0,0
1789903990447,318,537727,1,5088,-4.020043,1,0.75,Walking,True,0,0,0
1789903990447,318,537727,1,5088,-4.020043,1,0.75,Walking,True,0,0,0
1789903990447,318,537727,1,5088,-4.020043,1,0.75,Walking,True,0,0,0
1789903990463,319,539226,1,5104,-4.020043,1,0.75,Walking,True,0,0,0
1789903990463,319,539226,1,5104,-4.020043,1,0.75,Walking,True,0,0,0
1789903990463,319,539226,1,5104,-4.020043,1,0.75,Walking,True,0,0,0
1789903990463,319,539226,1,5104,-4.020043,1,0.75,Walking,True,0,0,0
1789903990463,319,539226,1,5104,-4.020043,1,0.75,Walking,True,0,0,0
1789903990463,319,539226,1,5104,-4.020043,1,0.75,Walking,True,0,0,0
1789903990463,319,539226,1,5104,-4.020043,1,0.75,Walking,True,0,0,0
1789903990463,319,539226,1,5104,-4.020043,1,0.75,Walking,True,0,0,0
1789903990478,320,540677,1,5120,-4.020043,1,0.75,Walking,True,0,0,0
1789903990478,320,540677,1,5120,-4.020043,1,0.75,Walking,True,0,0,0
1789903990478,320,540677,1,5120,-4.020043,1,0.75,Walking,True,0,0,0
1789903990478,320,540677,1,5120,-4.020043,1,0.75,Walking,True,0,0,0
1789903990478,320,540677,1,5120,-4.020043,1,0.75,Walking,True,0,0,0
1789903990478,320,540677,1,5120,-4.020043,1,0.75,Walking,True,0,0,0
1789903990478,320,540677,1,5120,-4.020043,1,0.75,Walking,True,0,0,0
1789903990478,320,540677,1,5120,-4.020043,1,0.75,Walking,True,0,0,0
1789903990494,321,542147,1,5136,-4.020043,1,0.75,Walking,True,0,0,0
1789903990494,321,542147,1,5136,-4.020043,1,0.75,Walking,True,0,0,0
1789903990494,321,542147,1,5136,-4.020043,1,0.75,Walking,True,0,0,0
1789903990494,321,542147,1,5136,-4.020043,1,0.75,Walking,True,0,0,0
1789903990494,321,542147,1,5136,-4.020043,1,0.75,Walking,True,0,0,0
1789903990494,321,542147,1,5136,-4.020043,1,0.75,Walking,True,0,0,0
1789903990494,321,542147,1,5136,-4.020043,1,0.75,Walking,True,0,0,0
1789903990494,321,542147,1,5136,-4.020043,1,0.75,Walking,True,0,0,0
1789903990510,322,543695,1,5152,-4.020043,1,0.75,Walking,True,0,0,0
1789903990510,322,543695,1,5152,-4.020043,1,0.75,Walking,True,0,0,0
1789903990510,322,543695,1,5152,-4.020043,1,0.75,Walking,True,0,0,0
1789903990510,322,543695,1,5152,-4.020043,1,0.75,Walking,True,0,0,0
1789903990510,322,543695,1,5152,-4.020043,1,0.75,Walking,True,0,0,0
1789903990510,322,543695,1,5152,-4.020043,1,0.75,Walking,True,0,0,0
1789903990510,322,543695,1,5152,-4.020043,1,0.75,Walking,True,0,0,0
1789903990510,322,543695,1,5152,-4.020043,1,0.75,Walking,True,0,0,0
1789903990526,323,545080,1,5168,-4.020043,1,0.75,Walking,True,0,0,0
1789903990526,323,545080,1,5168,-4.020043,1,0.75,Walking,True,0,0,0
1789903990526,323,545080,1,5168,-4.020043,1,0.75,Walking,True,0,0,0
1789903990526,323,545080,1,5168,-4.020043,1,0.75,Walking,True,0,0,0
1789903990526,323,545080,1,5168,-4.020043,1,0.75,Walking,True,0,0,0
1789903990526,323,545080,1,5168,-4.020043,1,0.75,Walking,True,0,0,0
1789903990526,323,545080,1,5168,-4.020043,1,0.75,Walking,True,0,0,0
1789903990526,323,545080,1,5168,-4.020043,1,0.75,Walking,True,0,0,0
1789903990541,324,546651,1,5184,-4.020043,1,0.75,Walking,True,0,0,0
1789903990541,324,546651,1,5184,-4.020043,1,0.75,Walking,True,0,0,0
1789903990541,324,546651,1,5184,-4.020043,1,0.75,Walking,True,0,0,0
1789903990541,324,546651,1,5184,-4.020043,1,0.75,Walking,True,0,0,0
1789903990541,324,546651,1,5184,-4.020043,1,0.75,Walking,True,0,0,0
1789903990541,324,546651,1,5184,-4.020043,1,0.75,Walking,True,0,0,0
1789903990541,324,546651,1,5184,-4.020043,1,0.75,Walking,True,0,0,0
1789903990541,324,546651,1,5184,-4.020043,1,0.75,Walking,True,0,0,0
1789903990556,325,548108,1,5200,-4.020043,1,0.75,Walking,True,0,0,0
1789903990556,325,548108,1,5200,-4.020043,1,0.75,Walking,True,0,0,0
1789903990556,325,548108,1,5200,-4.020043,1,0.75,Walking,True,0,0,0
1789903990556,325,548108,1,5200,-4.020043,1,0.75,Walking,True,0,0,0
1789903990556,325,548108,1,5200,-4.020043,1,0.75,Walking,True,0,0,0
1789903990556,325,548108,1,5200,-4.020043,1,0.75,Walking,True,0,0,0
1789903990556,325,548108,1,5200,-4.020043,1,0.75,Walking,True,0,0,0
1789903990556,325,548108,1,5200,-4.020043,1,0.75,Walking,True,0,0,0
1789903990571,326,549533,1,5216,-4.020043,1,0.75,Walking,True,0,0,0
1789903990571,326,549533,1,5216,-4.020043,1,0.75,Walking,True,0,0,0
1789903990571,326,549533,1,5216,-4.020043,1,0.75,Walking,True,0,0,0
1789903990571,326,549533,1,5216,-4.020043,1,0.75,Walking,True,0,0,0
1789903990571,326,549533,1,5216,-4.020043,1,0.75,Walking,True,0,0,0
1789903990571,326,549533,1,5216,-4.020043,1,0.75,Walking,True,0,0,0
1789903990571,326,549533,1,5216,-4.020043,1,0.75,Walking,True,0,0,0
1789903990571,326,549533,1,5216,-4.020043,1,0.75,Walking,True,0,0,0
1789903990588,327,551086,1,5232,-4.020043,1,0.75,Walking,True,0,0,0
1789903990588,327,551086,1,5232,-4.020043,1,0.75,Walking,True,0,0,0
1789903990588,327,551086,1,5232,-4.020043,1,0.75,Walking,True,0,0,0
1789903990588,327,551086,1,5232,-4.020043,1,0.75,Walking,True,0,0,0
1789903990588,327,551086,1,5232,-4.020043,1,0.75,Walking,True,0,0,0
1789903990588,327,551086,1,5232,-4.020043,1,0.75,Walking,True,0,0,0
1789903990588,327,551086,1,5232,-4.020043,1,0.75,Walking,True,0,0,0
1789903990588,327,551086,1,5232,-4.020043,1,0.75,Walking,True,0,0,0
1789903990604,328,552574,1,5248,-4.020043,1,0.75,Walking,True,0,0,0
1789903990604,328,552574,1,5248,-4.020043,1,0.75,Walking,True,0,0,0
1789903990604,328,552574,1,5248,-4.020043,1,0.75,Walking,True,0,0,0
1789903990604,328,552574,1,5248,-4.020043,1,0.75,Walking,True,0,0,0
1789903990604,328,552574,1,5248,-4.020043,1,0.75,Walking,True,0,0,0
1789903990604,328,552574,1,5248,-4.020043,1,0.75,Walking,True,0,0,0
1789903990604,328,552574,1,5248,-4.020043,1,0.75,Walking,True,0,0,0
1789903990604,328,552574,1,5248,-4.020043,1,0.75,Walking,True,0,0,0
1789903990619,329,554031,1,5264,-4.020043,1,0.75,Walking,True,0,0,0
1789903990619,329,554031,1,5264,-4.020043,1,0.75,Walking,True,0,0,0
1789903990619,329,554031,1,5264,-4.020043,1,0.75,Walking,True,0,0,0
1789903990619,329,554031,1,5264,-4.020043,1,0.75,Walking,True,0,0,0
1789903990619,329,554031,1,5264,-4.020043,1,0.75,Walking,True,0,0,0
1789903990619,329,554031,1,5264,-4.020043,1,0.75,Walking,True,0,0,0
1789903990619,329,554031,1,5264,-4.020043,1,0.75,Walking,True,0,0,0
1789903990619,329,554031,1,5264,-4.020043,1,0.75,Walking,True,0,0,0
1789903990634,330,555440,1,5280,-4.020043,1,0.75,Walking,True,0,0,0
1789903990634,330,555440,1,5280,-4.020043,1,0.75,Walking,True,0,0,0
1789903990634,330,555440,1,5280,-4.020043,1,0.75,Walking,True,0,0,0
1789903990634,330,555440,1,5280,-4.020043,1,0.75,Walking,True,0,0,0
1789903990634,330,555440,1,5280,-4.020043,1,0.75,Walking,True,0,0,0
1789903990634,330,555440,1,5280,-4.020043,1,0.75,Walking,True,0,0,0
1789903990634,330,555440,1,5280,-4.020043,1,0.75,Walking,True,0,0,0
1789903990634,330,555440,1,5280,-4.020043,1,0.75,Walking,True,0,0,0
1789903990650,331,556837,1,5296,-4.020043,1,0.75,Walking,True,0,0,0
1789903990650,331,556837,1,5296,-4.020043,1,0.75,Walking,True,0,0,0
1789903990650,331,556837,1,5296,-4.020043,1,0.75,Walking,True,0,0,0
1789903990650,331,556837,1,5296,-4.020043,1,0.75,Walking,True,0,0,0
1789903990650,331,556837,1,5296,-4.020043,1,0.75,Walking,True,0,0,0
1789903990650,331,556837,1,5296,-4.020043,1,0.75,Walking,True,0,0,0
1789903990650,331,556837,1,5296,-4.020043,1,0.75,Walking,True,0,0,0
1789903990650,331,556837,1,5296,-4.020043,1,0.75,Walking,True,0,0,0
1789903990666,332,558294,1,5312,-4.020043,1,0.75,Walking,True,0,0,0
1789903990666,332,558294,1,5312,-4.020043,1,0.75,Walking,True,0,0,0
1789903990666,332,558294,1,5312,-4.020043,1,0.75,Walking,True,0,0,0
1789903990666,332,558294,1,5312,-4.020043,1,0.75,Walking,True,0,0,0
1789903990666,332,558294,1,5312,-4.020043,1,0.75,Walking,True,0,0,0
1789903990666,332,558294,1,5312,-4.020043,1,0.75,Walking,True,0,0,0
1789903990666,332,558294,1,5312,-4.020043,1,0.75,Walking,True,0,0,0
1789903990666,332,558294,1,5312,-4.020043,1,0.75,Walking,True,0,0,0
1789903990681,333,559776,1,5328,-4.020043,1,0.75,Walking,True,0,0,0
1789903990681,333,559776,1,5328,-4.020043,1,0.75,Walking,True,0,0,0
1789903990681,333,559776,1,5328,-4.020043,1,0.75,Walking,True,0,0,0
1789903990681,333,559776,1,5328,-4.020043,1,0.75,Walking,True,0,0,0
1789903990681,333,559776,1,5328,-4.020043,1,0.75,Walking,True,0,0,0
1789903990681,333,559776,1,5328,-4.020043,1,0.75,Walking,True,0,0,0
1789903990681,333,559776,1,5328,-4.020043,1,0.75,Walking,True,0,0,0
1789903990681,333,559776,1,5328,-4.020043,1,0.75,Walking,True,0,0,0
1789903990713,334,561173,1,5344,-4.020043,1,0.75,Walking,True,0,0,0
1789903990713,334,561173,1,5344,-4.020043,1,0.75,Walking,True,0,0,0
1789903990713,334,561173,1,5344,-4.020043,1,0.75,Walking,True,0,0,0
1789903990713,334,561173,1,5344,-4.020043,1,0.75,Walking,True,0,0,0
1789903990713,334,561173,1,5344,-4.020043,1,0.75,Walking,True,0,0,0
1789903990713,334,561173,1,5344,-4.020043,1,0.75,Walking,True,0,0,0
1789903990713,334,561173,1,5344,-4.020043,1,0.75,Walking,True,0,0,0
1789903990713,334,561173,1,5344,-4.020043,1,0.75,Walking,True,0,0,0
1789903990729,336,564206,1,5376,-4.020043,1,0.75,Walking,True,0,0,0
1789903990729,336,564206,1,5376,-4.020043,1,0.75,Walking,True,0,0,0
1789903990729,336,564206,1,5376,-4.020043,1,0.75,Walking,True,0,0,0
1789903990729,336,564206,1,5376,-4.020043,1,0.75,Walking,True,0,0,0
1789903990729,336,564206,1,5376,-4.020043,1,0.75,Walking,True,0,0,0
1789903990729,336,564206,1,5376,-4.020043,1,0.75,Walking,True,0,0,0
1789903990729,336,564206,1,5376,-4.020043,1,0.75,Walking,True,0,0,0
1789903990729,336,564206,1,5376,-4.020043,1,0.75,Walking,True,0,0,0
1789903990760,337,565718,1,5392,-4.020043,1,0.75,Walking,True,0,0,0
1789903990760,337,565718,1,5392,-4.020043,1,0.75,Walking,True,0,0,0
1789903990760,337,565718,1,5392,-4.020043,1,0.75,Walking,True,0,0,0
1789903990760,337,565718,1,5392,-4.020043,1,0.75,Walking,True,0,0,0
1789903990760,337,565718,1,5392,-4.020043,1,0.75,Walking,True,0,0,0
1789903990760,337,565718,1,5392,-4.020043,1,0.75,Walking,True,0,0,0
1789903990760,337,565718,1,5392,-4.020043,1,0.75,Walking,True,0,0,0
1789903990760,337,565718,1,5392,-4.020043,1,0.75,Walking,True,0,0,0
1789903990776,338,568721,1,5408,-4.020043,1,0.75,Walking,True,0,0,0
1789903990776,338,568721,1,5408,-4.020043,1,0.75,Walking,True,0,0,0
1789903990776,338,568721,1,5408,-4.020043,1,0.75,Walking,True,0,0,0
1789903990776,338,568721,1,5408,-4.020043,1,0.75,Walking,True,0,0,0
1789903990776,338,568721,1,5408,-4.020043,1,0.75,Walking,True,0,0,0
1789903990776,338,568721,1,5408,-4.020043,1,0.75,Walking,True,0,0,0
1789903990776,338,568721,1,5408,-4.020043,1,0.75,Walking,True,0,0,0
1789903990776,338,568721,1,5408,-4.020043,1,0.75,Walking,True,0,0,0
1789903990792,339,570271,1,5424,-4.020043,1,0.75,Walking,True,0,0,0
1789903990792,339,570271,1,5424,-4.020043,1,0.75,Walking,True,0,0,0
1789903990792,339,570271,1,5424,-4.020043,1,0.75,Walking,True,0,0,0
1789903990792,339,570271,1,5424,-4.020043,1,0.75,Walking,True,0,0,0
1789903990792,339,570271,1,5424,-4.020043,1,0.75,Walking,True,0,0,0
1789903990792,339,570271,1,5424,-4.020043,1,0.75,Walking,True,0,0,0
1789903990792,339,570271,1,5424,-4.020043,1,0.75,Walking,True,0,0,0
1789903990792,339,570271,1,5424,-4.020043,1,0.75,Walking,True,0,0,0
1789903990808,340,571773,1,5440,-4.020043,1,0.75,Walking,True,0,0,0
1789903990808,340,571773,1,5440,-4.020043,1,0.75,Walking,True,0,0,0
1789903990808,340,571773,1,5440,-4.020043,1,0.75,Walking,True,0,0,0
1789903990808,340,571773,1,5440,-4.020043,1,0.75,Walking,True,0,0,0
1789903990808,340,571773,1,5440,-4.020043,1,0.75,Walking,True,0,0,0
1789903990808,340,571773,1,5440,-4.020043,1,0.75,Walking,True,0,0,0
1789903990808,340,571773,1,5440,-4.020043,1,0.75,Walking,True,0,0,0
1789903990808,340,571773,1,5440,-4.020043,1,0.75,Walking,True,0,0,0
1789903990824,341,573320,1,5456,-4.020043,1,0.75,Walking,True,0,0,0
1789903990824,341,573320,1,5456,-4.020043,1,0.75,Walking,True,0,0,0
1789903990824,341,573320,1,5456,-4.020043,1,0.75,Walking,True,0,0,0
1789903990824,341,573320,1,5456,-4.020043,1,0.75,Walking,True,0,0,0
1789903990824,341,573320,1,5456,-4.020043,1,0.75,Walking,True,0,0,0
1789903990824,341,573320,1,5456,-4.020043,1,0.75,Walking,True,0,0,0
1789903990824,341,573320,1,5456,-4.020043,1,0.75,Walking,True,0,0,0
1789903990824,341,573320,1,5456,-4.020043,1,0.75,Walking,True,0,0,0
1789903990839,342,574787,1,5472,-4.020043,1,0.75,Walking,True,0,0,0
1789903990839,342,574787,1,5472,-4.020043,1,0.75,Walking,True,0,0,0
1789903990839,342,574787,1,5472,-4.020043,1,0.75,Walking,True,0,0,0
1789903990839,342,574787,1,5472,-4.020043,1,0.75,Walking,True,0,0,0
1789903990839,342,574787,1,5472,-4.020043,1,0.75,Walking,True,0,0,0
1789903990839,342,574787,1,5472,-4.020043,1,0.75,Walking,True,0,0,0
1789903990839,342,574787,1,5472,-4.020043,1,0.75,Walking,True,0,0,0
1789903990839,342,574787,1,5472,-4.020043,1,0.75,Walking,True,0,0,0
1789903990854,343,576230,1,5488,-4.020043,1,0.75,Walking,True,0,0,0
1789903990854,343,576230,1,5488,-4.020043,1,0.75,Walking,True,0,0,0
1789903990854,343,576230,1,5488,-4.020043,1,0.75,Walking,True,0,0,0
1789903990854,343,576230,1,5488,-4.020043,1,0.75,Walking,True,0,0,0
1789903990854,343,576230,1,5488,-4.020043,1,0.75,Walking,True,0,0,0
1789903990854,343,576230,1,5488,-4.020043,1,0.75,Walking,True,0,0,0
1789903990854,343,576230,1,5488,-4.020043,1,0.75,Walking,True,0,0,0
1789903990854,343,576230,1,5488,-4.020043,1,0.75,Walking,True,0,0,0
1789903990870,344,577647,1,5504,-4.020043,1,0.75,Walking,True,0,0,0
1789903990870,344,577647,1,5504,-4.020043,1,0.75,Walking,True,0,0,0
1789903990870,344,577647,1,5504,-4.020043,1,0.75,Walking,True,0,0,0
1789903990870,344,577647,1,5504,-4.020043,1,0.75,Walking,True,0,0,0
1789903990870,344,577647,1,5504,-4.020043,1,0.75,Walking,True,0,0,0
1789903990870,344,577647,1,5504,-4.020043,1,0.75,Walking,True,0,0,0
1789903990870,344,577647,1,5504,-4.020043,1,0.75,Walking,True,0,0,0
1789903990870,344,577647,1,5504,-4.020043,1,0.75,Walking,True,0,0,0
1789903990885,345,579142,1,5520,-4.020043,1,0.75,Walking,True,0,0,0
1789903990885,345,579142,1,5520,-4.020043,1,0.75,Walking,True,0,0,0
1789903990885,345,579142,1,5520,-4.020043,1,0.75,Walking,True,0,0,0
1789903990885,345,579142,1,5520,-4.020043,1,0.75,Walking,True,0,0,0
1789903990885,345,579142,1,5520,-4.020043,1,0.75,Walking,True,0,0,0
1789903990885,345,579142,1,5520,-4.020043,1,0.75,Walking,True,0,0,0
1789903990885,345,579142,1,5520,-4.020043,1,0.75,Walking,True,0,0,0
1789903990885,345,579142,1,5520,-4.020043,1,0.75,Walking,True,0,0,0
1789903990901,346,580610,1,5536,-4.020043,1,0.75,Walking,True,0,0,0
1789903990901,346,580610,1,5536,-4.020043,1,0.75,Walking,True,0,0,0
1789903990901,346,580610,1,5536,-4.020043,1,0.75,Walking,True,0,0,0
1789903990901,346,580610,1,5536,-4.020043,1,0.75,Walking,True,0,0,0
1789903990901,346,580610,1,5536,-4.020043,1,0.75,Walking,True,0,0,0
1789903990901,346,580610,1,5536,-4.020043,1,0.75,Walking,True,0,0,0
1789903990901,346,580610,1,5536,-4.020043,1,0.75,Walking,True,0,0,0
1789903990901,346,580610,1,5536,-4.020043,1,0.75,Walking,True,0,0,0
1789903990916,347,582110,1,5552,-4.020043,1,0.75,Walking,True,0,0,0
1789903990916,347,582110,1,5552,-4.020043,1,0.75,Walking,True,0,0,0
1789903990916,347,582110,1,5552,-4.020043,1,0.75,Walking,True,0,0,0
1789903990916,347,582110,1,5552,-4.020043,1,0.75,Walking,True,0,0,0
1789903990916,347,582110,1,5552,-4.020043,1,0.75,Walking,True,0,0,0
1789903990916,347,582110,1,5552,-4.020043,1,0.75,Walking,True,0,0,0
1789903990916,347,582110,1,5552,-4.020043,1,0.75,Walking,True,0,0,0
1789903990916,347,582110,1,5552,-4.020043,1,0.75,Walking,True,0,0,0
1789903990932,348,583594,1,5568,-4.020043,1,0.75,Walking,True,0,0,0
1789903990932,348,583594,1,5568,-4.020043,1,0.75,Walking,True,0,0,0
1789903990932,348,583594,1,5568,-4.020043,1,0.75,Walking,True,0,0,0
1789903990933,348,583594,1,5568,-4.020043,1,0.75,Walking,True,0,0,0
1789903990933,348,583594,1,5568,-4.020043,1,0.75,Walking,True,0,0,0
1789903990933,348,583594,1,5568,-4.020043,1,0.75,Walking,True,0,0,0
1789903990933,348,583594,1,5568,-4.020043,1,0.75,Walking,True,0,0,0
1789903990933,348,583594,1,5568,-4.020043,1,0.75,Walking,True,0,0,0
1789903990947,349,585098,1,5584,-4.020043,1,0.75,Walking,True,0,0,0
1789903990947,349,585098,1,5584,-4.020043,1,0.75,Walking,True,0,0,0
1789903990947,349,585098,1,5584,-4.020043,1,0.75,Walking,True,0,0,0
1789903990947,349,585098,1,5584,-4.020043,1,0.75,Walking,True,0,0,0
1789903990947,349,585098,1,5584,-4.020043,1,0.75,Walking,True,0,0,0
1789903990948,349,585098,1,5584,-4.020043,1,0.75,Walking,True,0,0,0
1789903990948,349,585098,1,5584,-4.020043,1,0.75,Walking,True,0,0,0
1789903990948,349,585098,1,5584,-4.020043,1,0.75,Walking,True,0,0,0
1789903990963,350,586489,1,5600,-4.020043,1,0.75,Walking,True,0,0,0
1789903990963,350,586489,1,5600,-4.020043,1,0.75,Walking,True,0,0,0
1789903990963,350,586489,1,5600,-4.020043,1,0.75,Walking,True,0,0,0
1789903990963,350,586489,1,5600,-4.020043,1,0.75,Walking,True,0,0,0
1789903990963,350,586489,1,5600,-4.020043,1,0.75,Walking,True,0,0,0
1789903990963,350,586489,1,5600,-4.020043,1,0.75,Walking,True,0,0,0
1789903990963,350,586489,1,5600,-4.020043,1,0.75,Walking,True,0,0,0
1789903990963,350,586489,1,5600,-4.020043,1,0.75,Walking,True,0,0,0
1789903990978,351,587983,1,5616,-4.020043,1,0.75,Walking,True,0,0,0
1789903990978,351,587983,1,5616,-4.020043,1,0.75,Walking,True,0,0,0
1789903990978,351,587983,1,5616,-4.020043,1,0.75,Walking,True,0,0,0
1789903990978,351,587983,1,5616,-4.020043,1,0.75,Walking,True,0,0,0
1789903990978,351,587983,1,5616,-4.020043,1,0.75,Walking,True,0,0,0
1789903990978,351,587983,1,5616,-4.020043,1,0.75,Walking,True,0,0,0
1789903990978,351,587983,1,5616,-4.020043,1,0.75,Walking,True,0,0,0
1789903990978,351,587983,1,5616,-4.020043,1,0.75,Walking,True,0,0,0
1789903990994,352,589433,1,5632,-4.020043,1,0.75,Walking,True,0,0,0
1789903990994,352,589433,1,5632,-4.020043,1,0.75,Walking,True,0,0,0
1789903990994,352,589433,1,5632,-4.020043,1,0.75,Walking,True,0,0,0
1789903990994,352,589433,1,5632,-4.020043,1,0.75,Walking,True,0,0,0
1789903990994,352,589433,1,5632,-4.020043,1,0.75,Walking,True,0,0,0
1789903990994,352,589433,1,5632,-4.020043,1,0.75,Walking,True,0,0,0
1789903990994,352,589433,1,5632,-4.020043,1,0.75,Walking,True,0,0,0
1789903990994,352,589433,1,5632,-4.020043,1,0.75,Walking,True,0,0,0
1789903991010,353,590692,1,5648,-4.020043,1,0.75,Walking,True,0,0,0
1789903991010,353,590692,1,5648,-4.020043,1,0.75,Walking,True,0,0,0
1789903991010,353,590692,1,5648,-4.020043,1,0.75,Walking,True,0,0,0
1789903991010,353,590692,1,5648,-4.020043,1,0.75,Walking,True,0,0,0
1789903991010,353,590692,1,5648,-4.020043,1,0.75,Walking,True,0,0,0
1789903991010,353,590692,1,5648,-4.020043,1,0.75,Walking,True,0,0,0
1789903991010,353,590692,1,5648,-4.020043,1,0.75,Walking,True,0,0,0
1789903991010,353,590692,1,5648,-4.020043,1,0.75,Walking,True,0,0,0
1789903991026,354,592206,1,5664,-4.020043,1,0.75,Walking,True,0,0,0
1789903991026,354,592206,1,5664,-4.020043,1,0.75,Walking,True,0,0,0
1789903991026,354,592206,1,5664,-4.020043,1,0.75,Walking,True,0,0,0
1789903991026,354,592206,1,5664,-4.020043,1,0.75,Walking,True,0,0,0
1789903991026,354,592206,1,5664,-4.020043,1,0.75,Walking,True,0,0,0
1789903991026,354,592206,1,5664,-4.020043,1,0.75,Walking,True,0,0,0
1789903991026,354,592206,1,5664,-4.020043,1,0.75,Walking,True,0,0,0
1789903991026,354,592206,1,5664,-4.020043,1,0.75,Walking,True,0,0,0
1789903991042,355,593648,1,5680,-4.020043,1,0.75,Walking,True,0,0,0
1789903991042,355,593648,1,5680,-4.020043,1,0.75,Walking,True,0,0,0
1789903991042,355,593648,1,5680,-4.020043,1,0.75,Walking,True,0,0,0
1789903991042,355,593648,1,5680,-4.020043,1,0.75,Walking,True,0,0,0
1789903991042,355,593648,1,5680,-4.020043,1,0.75,Walking,True,0,0,0
1789903991042,355,593648,1,5680,-4.020043,1,0.75,Walking,True,0,0,0
1789903991042,355,593648,1,5680,-4.020043,1,0.75,Walking,True,0,0,0
1789903991042,355,593648,1,5680,-4.020043,1,0.75,Walking,True,0,0,0
1789903991056,356,595168,1,5696,-4.020043,1,0.75,Walking,True,0,0,0
1789903991056,356,595168,1,5696,-4.020043,1,0.75,Walking,True,0,0,0
1789903991056,356,595168,1,5696,-4.020043,1,0.75,Walking,True,0,0,0
1789903991056,356,595168,1,5696,-4.020043,1,0.75,Walking,True,0,0,0
1789903991056,356,595168,1,5696,-4.020043,1,0.75,Walking,True,0,0,0
1789903991056,356,595168,1,5696,-4.020043,1,0.75,Walking,True,0,0,0
1789903991056,356,595168,1,5696,-4.020043,1,0.75,Walking,True,0,0,0
1789903991056,356,595168,1,5696,-4.020043,1,0.75,Walking,True,0,0,0
1789903991072,357,596566,1,5712,-4.020043,1,0.75,Walking,True,0,0,0
1789903991072,357,596566,1,5712,-4.020043,1,0.75,Walking,True,0,0,0
1789903991072,357,596566,1,5712,-4.020043,1,0.75,Walking,True,0,0,0
1789903991072,357,596566,1,5712,-4.020043,1,0.75,Walking,True,0,0,0
1789903991072,357,596566,1,5712,-4.020043,1,0.75,Walking,True,0,0,0
1789903991072,357,596566,1,5712,-4.020043,1,0.75,Walking,True,0,0,0
1789903991072,357,596566,1,5712,-4.020043,1,0.75,Walking,True,0,0,0
1789903991072,357,596566,1,5712,-4.020043,1,0.75,Walking,True,0,0,0
1789903991477,358,653278,1,5728,-4.020043,1,0.75,Walking,True,0,0,0
1789903991477,358,653278,1,5728,-4.020043,1,0.75,Walking,True,0,0,0
1789903991477,358,653278,1,5728,-4.020043,1,0.75,Walking,True,0,0,0
1789903991477,358,653278,1,5728,-4.020043,1,0.75,Walking,True,0,0,0
1789903991477,358,653278,1,5728,-4.020043,1,0.75,Walking,True,0,0,0
1789903991477,358,653278,1,5728,-4.020043,1,0.75,Walking,True,0,0,0
1789903991477,358,653278,1,5728,-4.020043,1,0.75,Walking,True,0,0,0
1789903991477,358,653278,1,5728,-4.020043,1,0.75,Walking,True,0,0,0
1789903991492,359,656209,1,5744,-4.020043,1,0.75,Walking,True,0,0,0
1789903991492,359,656209,1,5744,-4.020043,1,0.75,Walking,True,0,0,0
1789903991492,359,656209,1,5744,-4.020043,1,0.75,Walking,True,0,0,0
1789903991492,359,656209,1,5744,-4.020043,1,0.75,Walking,True,0,0,0
1789903991492,359,656209,1,5744,-4.020043,1,0.75,Walking,True,0,0,0
1789903991492,359,656209,1,5744,-4.020043,1,0.75,Walking,True,0,0,0
1789903991492,359,656209,1,5744,-4.020043,1,0.75,Walking,True,0,0,0
1789903991492,359,656209,1,5744,-4.020043,1,0.75,Walking,True,0,0,0
1789903991507,360,657623,1,5760,-4.020043,1,0.75,Walking,True,0,0,0
1789903991507,360,657623,1,5760,-4.020043,1,0.75,Walking,True,0,0,0
1789903991507,360,657623,1,5760,-4.020043,1,0.75,Walking,True,0,0,0
1789903991507,360,657623,1,5760,-4.020043,1,0.75,Walking,True,0,0,0
1789903991507,360,657623,1,5760,-4.020043,1,0.75,Walking,True,0,0,0
1789903991507,360,657623,1,5760,-4.020043,1,0.75,Walking,True,0,0,0
1789903991507,360,657623,1,5760,-4.020043,1,0.75,Walking,True,0,0,0
1789903991507,360,657623,1,5760,-4.020043,1,0.75,Walking,True,0,0,0
1789903991522,361,658964,1,5776,-4.020043,1,0.75,Walking,True,0,0,0
1789903991522,361,658964,1,5776,-4.020043,1,0.75,Walking,True,0,0,0
1789903991522,361,658964,1,5776,-4.020043,1,0.75,Walking,True,0,0,0
1789903991522,361,658964,1,5776,-4.020043,1,0.75,Walking,True,0,0,0
1789903991522,361,658964,1,5776,-4.020043,1,0.75,Walking,True,0,0,0
1789903991522,361,658964,1,5776,-4.020043,1,0.75,Walking,True,0,0,0
1789903991522,361,658964,1,5776,-4.020043,1,0.75,Walking,True,0,0,0
1789903991522,361,658964,1,5776,-4.020043,1,0.75,Walking,True,0,0,0
1789903991539,362,660288,1,5792,-4.020043,1,0.75,Walking,True,0,0,0
1789903991539,362,660288,1,5792,-4.020043,1,0.75,Walking,True,0,0,0
1789903991539,362,660288,1,5792,-4.020043,1,0.75,Walking,True,0,0,0
1789903991539,362,660288,1,5792,-4.020043,1,0.75,Walking,True,0,0,0
1789903991539,362,660288,1,5792,-4.020043,1,0.75,Walking,True,0,0,0
1789903991539,362,660288,1,5792,-4.020043,1,0.75,Walking,True,0,0,0
1789903991539,362,660288,1,5792,-4.020043,1,0.75,Walking,True,0,0,0
1789903991539,362,660288,1,5792,-4.020043,1,0.75,Walking,True,0,0,0
1789903991555,363,661694,1,5808,-4.020043,1,0.75,Walking,True,0,0,0
1789903991555,363,661694,1,5808,-4.020043,1,0.75,Walking,True,0,0,0
1789903991555,363,661694,1,5808,-4.020043,1,0.75,Walking,True,0,0,0
1789903991555,363,661694,1,5808,-4.020043,1,0.75,Walking,True,0,0,0
1789903991555,363,661694,1,5808,-4.020043,1,0.75,Walking,True,0,0,0
1789903991555,363,661694,1,5808,-4.020043,1,0.75,Walking,True,0,0,0
1789903991555,363,661694,1,5808,-4.020043,1,0.75,Walking,True,0,0,0
1789903991555,363,661694,1,5808,-4.020043,1,0.75,Walking,True,0,0,0
1789903991570,364,663120,1,5824,-4.020043,1,0.75,Walking,True,0,0,0
1789903991570,364,663120,1,5824,-4.020043,1,0.75,Walking,True,0,0,0
1789903991570,364,663120,1,5824,-4.020043,1,0.75,Walking,True,0,0,0
1789903991570,364,663120,1,5824,-4.020043,1,0.75,Walking,True,0,0,0
1789903991570,364,663120,1,5824,-4.020043,1,0.75,Walking,True,0,0,0
1789903991570,364,663120,1,5824,-4.020043,1,0.75,Walking,True,0,0,0
1789903991570,364,663120,1,5824,-4.020043,1,0.75,Walking,True,0,0,0
1789903991570,364,663120,1,5824,-4.020043,1,0.75,Walking,True,0,0,0
1789903991585,365,664591,1,5840,-4.020043,1,0.75,Walking,True,0,0,0
1789903991585,365,664591,1,5840,-4.020043,1,0.75,Walking,True,0,0,0
1789903991585,365,664591,1,5840,-4.020043,1,0.75,Walking,True,0,0,0
1789903991585,365,664591,1,5840,-4.020043,1,0.75,Walking,True,0,0,0
1789903991585,365,664591,1,5840,-4.020043,1,0.75,Walking,True,0,0,0
1789903991585,365,664591,1,5840,-4.020043,1,0.75,Walking,True,0,0,0
1789903991585,365,664591,1,5840,-4.020043,1,0.75,Walking,True,0,0,0
1789903991585,365,664591,1,5840,-4.020043,1,0.75,Walking,True,0,0,0
1789903991601,366,665982,1,5856,-4.020043,1,0.75,Walking,True,0,0,0
1789903991601,366,665982,1,5856,-4.020043,1,0.75,Walking,True,0,0,0
1789903991601,366,665982,1,5856,-4.020043,1,0.75,Walking,True,0,0,0
1789903991601,366,665982,1,5856,-4.020043,1,0.75,Walking,True,0,0,0
1789903991601,366,665982,1,5856,-4.020043,1,0.75,Walking,True,0,0,0
1789903991601,366,665982,1,5856,-4.020043,1,0.75,Walking,True,0,0,0
1789903991601,366,665982,1,5856,-4.020043,1,0.75,Walking,True,0,0,0
1789903991601,366,665982,1,5856,-4.020043,1,0.75,Walking,True,0,0,0
1789903991616,367,667531,1,5872,-4.020043,1,0.75,Walking,True,0,0,0
1789903991616,367,667531,1,5872,-4.020043,1,0.75,Walking,True,0,0,0
1789903991616,367,667531,1,5872,-4.020043,1,0.75,Walking,True,0,0,0
1789903991616,367,667531,1,5872,-4.020043,1,0.75,Walking,True,0,0,0
1789903991616,367,667531,1,5872,-4.020043,1,0.75,Walking,True,0,0,0
1789903991616,367,667531,1,5872,-4.020043,1,0.75,Walking,True,0,0,0
1789903991616,367,667531,1,5872,-4.020043,1,0.75,Walking,True,0,0,0
1789903991616,367,667531,1,5872,-4.020043,1,0.75,Walking,True,0,0,0
1789903991632,368,668996,1,5888,-4.020043,1,0.75,Walking,True,0,0,0
1789903991632,368,668996,1,5888,-4.020043,1,0.75,Walking,True,0,0,0
1789903991632,368,668996,1,5888,-4.020043,1,0.75,Walking,True,0,0,0
1789903991632,368,668996,1,5888,-4.020043,1,0.75,Walking,True,0,0,0
1789903991632,368,668996,1,5888,-4.020043,1,0.75,Walking,True,0,0,0
1789903991632,368,668996,1,5888,-4.020043,1,0.75,Walking,True,0,0,0
1789903991632,368,668996,1,5888,-4.020043,1,0.75,Walking,True,0,0,0
1789903991632,368,668996,1,5888,-4.020043,1,0.75,Walking,True,0,0,0
1789903991648,369,670478,1,5904,-4.020043,1,0.75,Walking,True,0,0,0
1789903991648,369,670478,1,5904,-4.020043,1,0.75,Walking,True,0,0,0
1789903991648,369,670478,1,5904,-4.020043,1,0.75,Walking,True,0,0,0
1789903991648,369,670478,1,5904,-4.020043,1,0.75,Walking,True,0,0,0
1789903991648,369,670478,1,5904,-4.020043,1,0.75,Walking,True,0,0,0
1789903991648,369,670478,1,5904,-4.020043,1,0.75,Walking,True,0,0,0
1789903991648,369,670478,1,5904,-4.020043,1,0.75,Walking,True,0,0,0
1789903991648,369,670478,1,5904,-4.020043,1,0.75,Walking,True,0,0,0
1789903991664,370,672064,1,5920,-4.020043,1,0.75,Walking,True,0,0,0
1789903991664,370,672064,1,5920,-4.020043,1,0.75,Walking,True,0,0,0
1789903991664,370,672064,1,5920,-4.020043,1,0.75,Walking,True,0,0,0
1789903991664,370,672064,1,5920,-4.020043,1,0.75,Walking,True,0,0,0
1789903991664,370,672064,1,5920,-4.020043,1,0.75,Walking,True,0,0,0
1789903991664,370,672064,1,5920,-4.020043,1,0.75,Walking,True,0,0,0
1789903991664,370,672064,1,5920,-4.020043,1,0.75,Walking,True,0,0,0
1789903991664,370,672064,1,5920,-4.020043,1,0.75,Walking,True,0,0,0
1789903991679,371,673598,1,5936,-4.020043,1,0.75,Walking,True,0,0,0
1789903991679,371,673598,1,5936,-4.020043,1,0.75,Walking,True,0,0,0
1789903991679,371,673598,1,5936,-4.020043,1,0.75,Walking,True,0,0,0
1789903991679,371,673598,1,5936,-4.020043,1,0.75,Walking,True,0,0,0
1789903991679,371,673598,1,5936,-4.020043,1,0.75,Walking,True,0,0,0
1789903991679,371,673598,1,5936,-4.020043,1,0.75,Walking,True,0,0,0
1789903991679,371,673598,1,5936,-4.020043,1,0.75,Walking,True,0,0,0
1789903991679,371,673598,1,5936,-4.020043,1,0.75,Walking,True,0,0,0
1789903991695,372,675038,1,5952,-4.020043,1,0.75,Walking,True,0,0,0
1789903991695,372,675038,1,5952,-4.020043,1,0.75,Walking,True,0,0,0
1789903991695,372,675038,1,5952,-4.020043,1,0.75,Walking,True,0,0,0
1789903991695,372,675038,1,5952,-4.020043,1,0.75,Walking,True,0,0,0
1789903991695,372,675038,1,5952,-4.020043,1,0.75,Walking,True,0,0,0
1789903991695,372,675038,1,5952,-4.020043,1,0.75,Walking,True,0,0,0
1789903991695,372,675038,1,5952,-4.020043,1,0.75,Walking,True,0,0,0
1789903991695,372,675038,1,5952,-4.020043,1,0.75,Walking,True,0,0,0
1789903991711,373,676566,1,5968,-4.020043,1,0.75,Walking,True,0,0,0
1789903991711,373,676566,1,5968,-4.020043,1,0.75,Walking,True,0,0,0
1789903991711,373,676566,1,5968,-4.020043,1,0.75,Walking,True,0,0,0
1789903991711,373,676566,1,5968,-4.020043,1,0.75,Walking,True,0,0,0
1789903991711,373,676566,1,5968,-4.020043,1,0.75,Walking,True,0,0,0
1789903991711,373,676566,1,5968,-4.020043,1,0.75,Walking,True,0,0,0
1789903991711,373,676566,1,5968,-4.020043,1,0.75,Walking,True,0,0,0
1789903991711,373,676566,1,5968,-4.020043,1,0.75,Walking,True,0,0,0
1789903991727,374,678036,1,5984,-4.020043,1,0.75,Walking,True,0,0,0
1789903991727,374,678036,1,5984,-4.020043,1,0.75,Walking,True,0,0,0
1789903991727,374,678036,1,5984,-4.020043,1,0.75,Walking,True,0,0,0
1789903991727,374,678036,1,5984,-4.020043,1,0.75,Walking,True,0,0,0
1789903991727,374,678036,1,5984,-4.020043,1,0.75,Walking,True,0,0,0
1789903991727,374,678036,1,5984,-4.020043,1,0.75,Walking,True,0,0,0
1789903991727,374,678036,1,5984,-4.020043,1,0.75,Walking,True,0,0,0
1789903991727,374,678036,1,5984,-4.020043,1,0.75,Walking,True,0,0,0
1789903991742,375,679521,1,6000,-4.020043,1,0.75,Walking,True,0,0,0
1789903991742,375,679521,1,6000,-4.020043,1,0.75,Walking,True,0,0,0
1789903991742,375,679521,1,6000,-4.020043,1,0.75,Walking,True,0,0,0
1789903991742,375,679521,1,6000,-4.020043,1,0.75,Walking,True,0,0,0
1789903991742,375,679521,1,6000,-4.020043,1,0.75,Walking,True,0,0,0
1789903991742,375,679521,1,6000,-4.020043,1,0.75,Walking,True,0,0,0
1789903991742,375,679521,1,6000,-4.020043,1,0.75,Walking,True,0,0,0
1789903991742,375,679521,1,6000,-4.020043,1,0.75,Walking,True,0,0,0
1789903991758,376,680928,1,6016,-4.020043,1,0.75,Walking,True,0,0,0
1789903991758,376,680928,1,6016,-4.020043,1,0.75,Walking,True,0,0,0
1789903991758,376,680928,1,6016,-4.020043,1,0.75,Walking,True,0,0,0
1789903991758,376,680928,1,6016,-4.020043,1,0.75,Walking,True,0,0,0
1789903991758,376,680928,1,6016,-4.020043,1,0.75,Walking,True,0,0,0
1789903991758,376,680928,1,6016,-4.020043,1,0.75,Walking,True,0,0,0
1789903991758,376,680928,1,6016,-4.020043,1,0.75,Walking,True,0,0,0
1789903991758,376,680928,1,6016,-4.020043,1,0.75,Walking,True,0,0,0
1789903991774,377,682413,1,6032,-4.020043,1,0.75,Walking,True,0,0,0
1789903991774,377,682413,1,6032,-4.020043,1,0.75,Walking,True,0,0,0
1789903991774,377,682413,1,6032,-4.020043,1,0.75,Walking,True,0,0,0
1789903991774,377,682413,1,6032,-4.020043,1,0.75,Walking,True,0,0,0
1789903991774,377,682413,1,6032,-4.020043,1,0.75,Walking,True,0,0,0
1789903991774,377,682413,1,6032,-4.020043,1,0.75,Walking,True,0,0,0
1789903991774,377,682413,1,6032,-4.020043,1,0.75,Walking,True,0,0,0
1789903991774,377,682413,1,6032,-4.020043,1,0.75,Walking,True,0,0,0
1789903991790,378,683762,1,6048,-4.020043,1,0.75,Walking,True,0,0,0
1789903991790,378,683762,1,6048,-4.020043,1,0.75,Walking,True,0,0,0
1789903991790,378,683762,1,6048,-4.020043,1,0.75,Walking,True,0,0,0
1789903991790,378,683762,1,6048,-4.020043,1,0.75,Walking,True,0,0,0
1789903991790,378,683762,1,6048,-4.020043,1,0.75,Walking,True,0,0,0
1789903991790,378,683762,1,6048,-4.020043,1,0.75,Walking,True,0,0,0
1789903991790,378,683762,1,6048,-4.020043,1,0.75,Walking,True,0,0,0
1789903991790,378,683762,1,6048,-4.020043,1,0.75,Walking,True,0,0,0
1789903991805,379,685333,1,6064,-4.020043,1,0.75,Walking,True,0,0,0
1789903991805,379,685333,1,6064,-4.020043,1,0.75,Walking,True,0,0,0
1789903991805,379,685333,1,6064,-4.020043,1,0.75,Walking,True,0,0,0
1789903991805,379,685333,1,6064,-4.020043,1,0.75,Walking,True,0,0,0
1789903991805,379,685333,1,6064,-4.020043,1,0.75,Walking,True,0,0,0
1789903991805,379,685333,1,6064,-4.020043,1,0.75,Walking,True,0,0,0
1789903991805,379,685333,1,6064,-4.020043,1,0.75,Walking,True,0,0,0
1789903991805,379,685333,1,6064,-4.020043,1,0.75,Walking,True,0,0,0
1789903991820,380,686805,1,6080,-4.020043,1,0.75,Walking,True,0,0,0
1789903991820,380,686805,1,6080,-4.020043,1,0.75,Walking,True,0,0,0
1789903991820,380,686805,1,6080,-4.020043,1,0.75,Walking,True,0,0,0
1789903991820,380,686805,1,6080,-4.020043,1,0.75,Walking,True,0,0,0
1789903991820,380,686805,1,6080,-4.020043,1,0.75,Walking,True,0,0,0
1789903991820,380,686805,1,6080,-4.020043,1,0.75,Walking,True,0,0,0
1789903991820,380,686805,1,6080,-4.020043,1,0.75,Walking,True,0,0,0
1789903991820,380,686805,1,6080,-4.020043,1,0.75,Walking,True,0,0,0
1789903991835,381,688345,1,6096,-4.020043,1,0.75,Walking,True,0,0,0
1789903991835,381,688345,1,6096,-4.020043,1,0.75,Walking,True,0,0,0
1789903991835,381,688345,1,6096,-4.020043,1,0.75,Walking,True,0,0,0
1789903991835,381,688345,1,6096,-4.020043,1,0.75,Walking,True,0,0,0
1789903991835,381,688345,1,6096,-4.020043,1,0.75,Walking,True,0,0,0
1789903991835,381,688345,1,6096,-4.020043,1,0.75,Walking,True,0,0,0
1789903991835,381,688345,1,6096,-4.020043,1,0.75,Walking,True,0,0,0
1789903991835,381,688345,1,6096,-4.020043,1,0.75,Walking,True,0,0,0
1789903991851,382,689622,1,6112,-4.020043,1,0.75,Walking,True,0,0,0
1789903991851,382,689622,1,6112,-4.020043,1,0.75,Walking,True,0,0,0
1789903991851,382,689622,1,6112,-4.020043,1,0.75,Walking,True,0,0,0
1789903991851,382,689622,1,6112,-4.020043,1,0.75,Walking,True,0,0,0
1789903991851,382,689622,1,6112,-4.020043,1,0.75,Walking,True,0,0,0
1789903991851,382,689622,1,6112,-4.020043,1,0.75,Walking,True,0,0,0
1789903991851,382,689622,1,6112,-4.020043,1,0.75,Walking,True,0,0,0
1789903991851,382,689622,1,6112,-4.020043,1,0.75,Walking,True,0,0,0
1789903991867,383,691012,1,6128,-4.020043,1,0.75,Walking,True,0,0,0
1789903991867,383,691012,1,6128,-4.020043,1,0.75,Walking,True,0,0,0
1789903991867,383,691012,1,6128,-4.020043,1,0.75,Walking,True,0,0,0
1789903991867,383,691012,1,6128,-4.020043,1,0.75,Walking,True,0,0,0
1789903991867,383,691012,1,6128,-4.020043,1,0.75,Walking,True,0,0,0
1789903991867,383,691012,1,6128,-4.020043,1,0.75,Walking,True,0,0,0
1789903991867,383,691012,1,6128,-4.020043,1,0.75,Walking,True,0,0,0
1789903991867,383,691012,1,6128,-4.020043,1,0.75,Walking,True,0,0,0
1789903991882,384,692409,1,6144,-4.020043,1,0.75,Walking,True,0,0,0
1789903991882,384,692409,1,6144,-4.020043,1,0.75,Walking,True,0,0,0
1789903991882,384,692409,1,6144,-4.020043,1,0.75,Walking,True,0,0,0
1789903991882,384,692409,1,6144,-4.020043,1,0.75,Walking,True,0,0,0
1789903991882,384,692409,1,6144,-4.020043,1,0.75,Walking,True,0,0,0
1789903991882,384,692409,1,6144,-4.020043,1,0.75,Walking,True,0,0,0
1789903991882,384,692409,1,6144,-4.020043,1,0.75,Walking,True,0,0,0
1789903991882,384,692409,1,6144,-4.020043,1,0.75,Walking,True,0,0,0
1789903991897,385,693838,1,6160,-4.020043,1,0.75,Walking,True,0,0,0
1789903991897,385,693838,1,6160,-4.020043,1,0.75,Walking,True,0,0,0
1789903991897,385,693838,1,6160,-4.020043,1,0.75,Walking,True,0,0,0
1789903991897,385,693838,1,6160,-4.020043,1,0.75,Walking,True,0,0,0
1789903991897,385,693838,1,6160,-4.020043,1,0.75,Walking,True,0,0,0
1789903991897,385,693838,1,6160,-4.020043,1,0.75,Walking,True,0,0,0
1789903991897,385,693838,1,6160,-4.020043,1,0.75,Walking,True,0,0,0
1789903991897,385,693838,1,6160,-4.020043,1,0.75,Walking,True,0,0,0
1789903991912,386,695292,1,6176,-4.020043,1,0.75,Walking,True,0,0,0
1789903991912,386,695292,1,6176,-4.020043,1,0.75,Walking,True,0,0,0
1789903991912,386,695292,1,6176,-4.020043,1,0.75,Walking,True,0,0,0
1789903991912,386,695292,1,6176,-4.020043,1,0.75,Walking,True,0,0,0
1789903991912,386,695292,1,6176,-4.020043,1,0.75,Walking,True,0,0,0
1789903991912,386,695292,1,6176,-4.020043,1,0.75,Walking,True,0,0,0
1789903991912,386,695292,1,6176,-4.020043,1,0.75,Walking,True,0,0,0
1789903991912,386,695292,1,6176,-4.020043,1,0.75,Walking,True,0,0,0
1789903991928,387,696802,1,6192,-4.020043,1,0.75,Walking,True,0,0,0
1789903991928,387,696802,1,6192,-4.020043,1,0.75,Walking,True,0,0,0
1789903991928,387,696802,1,6192,-4.020043,1,0.75,Walking,True,0,0,0
1789903991928,387,696802,1,6192,-4.020043,1,0.75,Walking,True,0,0,0
1789903991928,387,696802,1,6192,-4.020043,1,0.75,Walking,True,0,0,0
1789903991928,387,696802,1,6192,-4.020043,1,0.75,Walking,True,0,0,0
1789903991928,387,696802,1,6192,-4.020043,1,0.75,Walking,True,0,0,0
1789903991928,387,696802,1,6192,-4.020043,1,0.75,Walking,True,0,0,0
1789903991943,388,698301,1,6208,-4.020043,1,0.75,Walking,True,0,0,0
1789903991943,388,698301,1,6208,-4.020043,1,0.75,Walking,True,0,0,0
1789903991943,388,698301,1,6208,-4.020043,1,0.75,Walking,True,0,0,0
1789903991943,388,698301,1,6208,-4.020043,1,0.75,Walking,True,0,0,0
1789903991943,388,698301,1,6208,-4.020043,1,0.75,Walking,True,0,0,0
1789903991943,388,698301,1,6208,-4.020043,1,0.75,Walking,True,0,0,0
1789903991943,388,698301,1,6208,-4.020043,1,0.75,Walking,True,0,0,0
1789903991943,388,698301,1,6208,-4.020043,1,0.75,Walking,True,0,0,0
1789903991960,389,699859,1,6224,-4.020043,1,0.75,Walking,True,0,0,0
1789903991960,389,699859,1,6224,-4.020043,1,0.75,Walking,True,0,0,0
1789903991960,389,699859,1,6224,-4.020043,1,0.75,Walking,True,0,0,0
1789903991960,389,699859,1,6224,-4.020043,1,0.75,Walking,True,0,0,0
1789903991960,389,699859,1,6224,-4.020043,1,0.75,Walking,True,0,0,0
1789903991960,389,699859,1,6224,-4.020043,1,0.75,Walking,True,0,0,0
1789903991960,389,699859,1,6224,-4.020043,1,0.75,Walking,True,0,0,0
1789903991960,389,699859,1,6224,-4.020043,1,0.75,Walking,True,0,0,0
1789903991990,390,701489,1,6240,-4.020043,1,0.75,Walking,True,0,0,0
1789903991990,390,701489,1,6240,-4.020043,1,0.75,Walking,True,0,0,0
1789903991990,390,701489,1,6240,-4.020043,1,0.75,Walking,True,0,0,0
1789903991990,390,701489,1,6240,-4.020043,1,0.75,Walking,True,0,0,0
1789903991990,390,701489,1,6240,-4.020043,1,0.75,Walking,True,0,0,0
1789903991990,390,701489,1,6240,-4.020043,1,0.75,Walking,True,0,0,0
1789903991990,390,701489,1,6240,-4.020043,1,0.75,Walking,True,0,0,0
1789903991990,390,701489,1,6240,-4.020043,1,0.75,Walking,True,0,0,0
1789903992006,391,704528,1,6256,-4.020043,1,0.75,Walking,True,0,0,0
1789903992006,391,704528,1,6256,-4.020043,1,0.75,Walking,True,0,0,0
1789903992006,391,704528,1,6256,-4.020043,1,0.75,Walking,True,0,0,0
1789903992006,391,704528,1,6256,-4.020043,1,0.75,Walking,True,0,0,0
1789903992006,391,704528,1,6256,-4.020043,1,0.75,Walking,True,0,0,0
1789903992006,391,704528,1,6256,-4.020043,1,0.75,Walking,True,0,0,0
1789903992006,391,704528,1,6256,-4.020043,1,0.75,Walking,True,0,0,0
1789903992006,391,704528,1,6256,-4.020043,1,0.75,Walking,True,0,0,0
1789903992021,392,706022,1,6272,-4.020043,1,0.75,Walking,True,0,0,0
1789903992021,392,706022,1,6272,-4.020043,1,0.75,Walking,True,0,0,0
1789903992021,392,706022,1,6272,-4.020043,1,0.75,Walking,True,0,0,0
1789903992021,392,706022,1,6272,-4.020043,1,0.75,Walking,True,0,0,0
1789903992021,392,706022,1,6272,-4.020043,1,0.75,Walking,True,0,0,0
1789903992021,392,706022,1,6272,-4.020043,1,0.75,Walking,True,0,0,0
1789903992021,392,706022,1,6272,-4.020043,1,0.75,Walking,True,0,0,0
1789903992021,392,706022,1,6272,-4.020043,1,0.75,Walking,True,0,0,0
1789903992037,393,707562,1,6288,-4.020043,1,0.75,Walking,True,0,0,0
1789903992037,393,707562,1,6288,-4.020043,1,0.75,Walking,True,0,0,0
1789903992037,393,707562,1,6288,-4.020043,1,0.75,Walking,True,0,0,0
1789903992037,393,707562,1,6288,-4.020043,1,0.75,Walking,True,0,0,0
1789903992037,393,707562,1,6288,-4.020043,1,0.75,Walking,True,0,0,0
1789903992037,393,707562,1,6288,-4.020043,1,0.75,Walking,True,0,0,0
1789903992037,393,707562,1,6288,-4.020043,1,0.75,Walking,True,0,0,0
1789903992037,393,707562,1,6288,-4.020043,1,0.75,Walking,True,0,0,0
1789903992052,394,709086,1,6304,-4.020043,1,0.75,Walking,True,0,0,0
1789903992052,394,709086,1,6304,-4.020043,1,0.75,Walking,True,0,0,0
1789903992052,394,709086,1,6304,-4.020043,1,0.75,Walking,True,0,0,0
1789903992052,394,709086,1,6304,-4.020043,1,0.75,Walking,True,0,0,0
1789903992052,394,709086,1,6304,-4.020043,1,0.75,Walking,True,0,0,0
1789903992052,394,709086,1,6304,-4.020043,1,0.75,Walking,True,0,0,0
1789903992052,394,709086,1,6304,-4.020043,1,0.75,Walking,True,0,0,0
1789903992052,394,709086,1,6304,-4.020043,1,0.75,Walking,True,0,0,0
1789904000043,394,1868071,2,6304,-4.020043,1,0.75,Walking,True,0,0,0
1789904000043,394,1868071,2,6304,-4.020043,1,0.75,Walking,True,0,0,0
1789904000043,394,1868071,2,6304,-4.020043,1,0.75,Walking,True,0,0,0
1789904000043,394,1868071,2,6304,-4.020043,1,0.75,Walking,True,0,0,0
1789904000043,394,1868071,2,6304,-4.020043,1,0.75,Walking,True,0,0,0
1789904000043,394,1868071,2,6304,-4.020043,1,0.75,Walking,True,0,0,0
1789904000043,394,1868071,2,6304,-4.020043,1,0.75,Walking,True,0,0,0
1789904000043,394,1868071,2,6304,-4.020043,1,0.75,Walking,True,0,0,0
# 对手 SP 侧收到的真实 DS 权威快照轨迹
1789903984911,0,0,1,0,-3,1,-0.75,Walking,True,0,0,0
1789903984941,1,6960,1,16,-2.99488,1,-0.75,Walking,True,0.32,0,0
1789903984941,1,6960,1,16,-2.99488,1,-0.75,Walking,True,0.32,0,0
1789903984941,1,6960,1,16,-2.99488,1,-0.75,Walking,True,0.32,0,0
1789903984941,1,6960,1,16,-2.99488,1,-0.75,Walking,True,0.32,0,0
1789903984941,1,6960,1,16,-2.99488,1,-0.75,Walking,True,0.32,0,0
1789903984941,1,6960,1,16,-2.99488,1,-0.75,Walking,True,0.32,0,0
1789903984941,1,6960,1,16,-2.99488,1,-0.75,Walking,True,0.32,0,0
1789903984941,1,6960,1,16,-2.99488,1,-0.75,Walking,True,0.32,0,0
1789903984959,2,7354,1,32,-2.98464,1,-0.75,Walking,True,0.64,0,0
1789903984959,2,7354,1,32,-2.98464,1,-0.75,Walking,True,0.64,0,0
1789903984959,2,7354,1,32,-2.98464,1,-0.75,Walking,True,0.64,0,0
1789903984959,2,7354,1,32,-2.98464,1,-0.75,Walking,True,0.64,0,0
1789903984959,2,7354,1,32,-2.98464,1,-0.75,Walking,True,0.64,0,0
1789903984959,2,7354,1,32,-2.98464,1,-0.75,Walking,True,0.64,0,0
1789903984959,2,7354,1,32,-2.98464,1,-0.75,Walking,True,0.64,0,0
1789903984959,2,7354,1,32,-2.98464,1,-0.75,Walking,True,0.64,0,0
1789903984973,3,9047,1,48,-2.96928,1,-0.75,Walking,True,0.96,0,0
1789903984973,3,9047,1,48,-2.96928,1,-0.75,Walking,True,0.96,0,0
1789903984973,3,9047,1,48,-2.96928,1,-0.75,Walking,True,0.96,0,0
1789903984973,3,9047,1,48,-2.96928,1,-0.75,Walking,True,0.96,0,0
1789903984973,3,9047,1,48,-2.96928,1,-0.75,Walking,True,0.96,0,0
1789903984973,3,9047,1,48,-2.96928,1,-0.75,Walking,True,0.96,0,0
1789903984973,3,9047,1,48,-2.96928,1,-0.75,Walking,True,0.96,0,0
1789903984973,3,9047,1,48,-2.96928,1,-0.75,Walking,True,0.96,0,0
1789903984988,4,10260,1,64,-2.9488,1,-0.75,Walking,True,1.28,0,0
1789903984988,4,10260,1,64,-2.9488,1,-0.75,Walking,True,1.28,0,0
1789903984988,4,10260,1,64,-2.9488,1,-0.75,Walking,True,1.28,0,0
1789903984988,4,10260,1,64,-2.9488,1,-0.75,Walking,True,1.28,0,0
1789903984988,4,10260,1,64,-2.9488,1,-0.75,Walking,True,1.28,0,0
1789903984988,4,10260,1,64,-2.9488,1,-0.75,Walking,True,1.28,0,0
1789903984988,4,10260,1,64,-2.9488,1,-0.75,Walking,True,1.28,0,0
1789903984988,4,10260,1,64,-2.9488,1,-0.75,Walking,True,1.28,0,0
1789903985003,5,11593,1,80,-2.9232,1,-0.75,Walking,True,1.6,0,0
1789903985003,5,11593,1,80,-2.9232,1,-0.75,Walking,True,1.6,0,0
1789903985003,5,11593,1,80,-2.9232,1,-0.75,Walking,True,1.6,0,0
1789903985003,5,11593,1,80,-2.9232,1,-0.75,Walking,True,1.6,0,0
1789903985003,5,11593,1,80,-2.9232,1,-0.75,Walking,True,1.6,0,0
1789903985003,5,11593,1,80,-2.9232,1,-0.75,Walking,True,1.6,0,0
1789903985003,5,11593,1,80,-2.9232,1,-0.75,Walking,True,1.6,0,0
1789903985003,5,11593,1,80,-2.9232,1,-0.75,Walking,True,1.6,0,0
1789903985019,6,13041,1,96,-2.89248,1,-0.75,Walking,True,1.92,0,0
1789903985019,6,13041,1,96,-2.89248,1,-0.75,Walking,True,1.92,0,0
1789903985019,6,13041,1,96,-2.89248,1,-0.75,Walking,True,1.92,0,0
1789903985019,6,13041,1,96,-2.89248,1,-0.75,Walking,True,1.92,0,0
1789903985019,6,13041,1,96,-2.89248,1,-0.75,Walking,True,1.92,0,0
1789903985019,6,13041,1,96,-2.89248,1,-0.75,Walking,True,1.92,0,0
1789903985019,6,13041,1,96,-2.89248,1,-0.75,Walking,True,1.92,0,0
1789903985019,6,13041,1,96,-2.89248,1,-0.75,Walking,True,1.92,0,0
1789903985034,7,14533,1,112,-2.85664,1,-0.75,Walking,True,2.24,0,0
1789903985034,7,14533,1,112,-2.85664,1,-0.75,Walking,True,2.24,0,0
1789903985034,7,14533,1,112,-2.85664,1,-0.75,Walking,True,2.24,0,0
1789903985034,7,14533,1,112,-2.85664,1,-0.75,Walking,True,2.24,0,0
1789903985034,7,14533,1,112,-2.85664,1,-0.75,Walking,True,2.24,0,0
1789903985034,7,14533,1,112,-2.85664,1,-0.75,Walking,True,2.24,0,0
1789903985034,7,14533,1,112,-2.85664,1,-0.75,Walking,True,2.24,0,0
1789903985034,7,14533,1,112,-2.85664,1,-0.75,Walking,True,2.24,0,0
1789903985050,8,15934,1,128,-2.81568,1,-0.75,Walking,True,2.56,0,0
1789903985050,8,15934,1,128,-2.81568,1,-0.75,Walking,True,2.56,0,0
1789903985050,8,15934,1,128,-2.81568,1,-0.75,Walking,True,2.56,0,0
1789903985050,8,15934,1,128,-2.81568,1,-0.75,Walking,True,2.56,0,0
1789903985050,8,15934,1,128,-2.81568,1,-0.75,Walking,True,2.56,0,0
1789903985050,8,15934,1,128,-2.81568,1,-0.75,Walking,True,2.56,0,0
1789903985050,8,15934,1,128,-2.81568,1,-0.75,Walking,True,2.56,0,0
1789903985050,8,15934,1,128,-2.81568,1,-0.75,Walking,True,2.56,0,0
1789903985064,9,17387,1,144,-2.7696,1,-0.75,Walking,True,2.88,0,0
1789903985064,9,17387,1,144,-2.7696,1,-0.75,Walking,True,2.88,0,0
1789903985064,9,17387,1,144,-2.7696,1,-0.75,Walking,True,2.88,0,0
1789903985064,9,17387,1,144,-2.7696,1,-0.75,Walking,True,2.88,0,0
1789903985064,9,17387,1,144,-2.7696,1,-0.75,Walking,True,2.88,0,0
1789903985064,9,17387,1,144,-2.7696,1,-0.75,Walking,True,2.88,0,0
1789903985065,9,17387,1,144,-2.7696,1,-0.75,Walking,True,2.88,0,0
1789903985065,9,17387,1,144,-2.7696,1,-0.75,Walking,True,2.88,0,0
1789903985081,10,18695,1,160,-2.7184,1,-0.75,Walking,True,3.2,0,0
1789903985081,10,18695,1,160,-2.7184,1,-0.75,Walking,True,3.2,0,0
1789903985081,10,18695,1,160,-2.7184,1,-0.75,Walking,True,3.2,0,0
1789903985081,10,18695,1,160,-2.7184,1,-0.75,Walking,True,3.2,0,0
1789903985081,10,18695,1,160,-2.7184,1,-0.75,Walking,True,3.2,0,0
1789903985081,10,18695,1,160,-2.7184,1,-0.75,Walking,True,3.2,0,0
1789903985081,10,18695,1,160,-2.7184,1,-0.75,Walking,True,3.2,0,0
1789903985081,10,18695,1,160,-2.7184,1,-0.75,Walking,True,3.2,0,0
1789903985096,11,20363,1,176,-2.66208,1,-0.75,Walking,True,3.52,0,0
1789903985096,11,20363,1,176,-2.66208,1,-0.75,Walking,True,3.52,0,0
1789903985096,11,20363,1,176,-2.66208,1,-0.75,Walking,True,3.52,0,0
1789903985096,11,20363,1,176,-2.66208,1,-0.75,Walking,True,3.52,0,0
1789903985096,11,20363,1,176,-2.66208,1,-0.75,Walking,True,3.52,0,0
1789903985096,11,20363,1,176,-2.66208,1,-0.75,Walking,True,3.52,0,0
1789903985096,11,20363,1,176,-2.66208,1,-0.75,Walking,True,3.52,0,0
1789903985096,11,20363,1,176,-2.66208,1,-0.75,Walking,True,3.52,0,0
1789903985112,12,21830,1,192,-2.60064,1,-0.75,Walking,True,3.84,0,0
1789903985112,12,21830,1,192,-2.60064,1,-0.75,Walking,True,3.84,0,0
1789903985112,12,21830,1,192,-2.60064,1,-0.75,Walking,True,3.84,0,0
1789903985112,12,21830,1,192,-2.60064,1,-0.75,Walking,True,3.84,0,0
1789903985112,12,21830,1,192,-2.60064,1,-0.75,Walking,True,3.84,0,0
1789903985112,12,21830,1,192,-2.60064,1,-0.75,Walking,True,3.84,0,0
1789903985112,12,21830,1,192,-2.60064,1,-0.75,Walking,True,3.84,0,0
1789903985112,12,21830,1,192,-2.60064,1,-0.75,Walking,True,3.84,0,0
1789903985127,13,23089,1,208,-2.53824,1,-0.75,Walking,True,3.9,0,0
1789903985127,13,23089,1,208,-2.53824,1,-0.75,Walking,True,3.9,0,0
1789903985127,13,23089,1,208,-2.53824,1,-0.75,Walking,True,3.9,0,0
1789903985127,13,23089,1,208,-2.53824,1,-0.75,Walking,True,3.9,0,0
1789903985127,13,23089,1,208,-2.53824,1,-0.75,Walking,True,3.9,0,0
1789903985127,13,23089,1,208,-2.53824,1,-0.75,Walking,True,3.9,0,0
1789903985127,13,23089,1,208,-2.53824,1,-0.75,Walking,True,3.9,0,0
1789903985127,13,23089,1,208,-2.53824,1,-0.75,Walking,True,3.9,0,0
1789903985143,14,24459,1,224,-2.47584,1,-0.75,Walking,True,3.9,0,0
1789903985143,14,24459,1,224,-2.47584,1,-0.75,Walking,True,3.9,0,0
1789903985143,14,24459,1,224,-2.47584,1,-0.75,Walking,True,3.9,0,0
1789903985143,14,24459,1,224,-2.47584,1,-0.75,Walking,True,3.9,0,0
1789903985143,14,24459,1,224,-2.47584,1,-0.75,Walking,True,3.9,0,0
1789903985143,14,24459,1,224,-2.47584,1,-0.75,Walking,True,3.9,0,0
1789903985143,14,24459,1,224,-2.47584,1,-0.75,Walking,True,3.9,0,0
1789903985143,14,24459,1,224,-2.47584,1,-0.75,Walking,True,3.9,0,0
1789903985159,15,25455,1,240,-2.41344,1,-0.75,Walking,True,3.9,0,0
1789903985159,15,25455,1,240,-2.41344,1,-0.75,Walking,True,3.9,0,0
1789903985159,15,25455,1,240,-2.41344,1,-0.75,Walking,True,3.9,0,0
1789903985159,15,25455,1,240,-2.41344,1,-0.75,Walking,True,3.9,0,0
1789903985159,15,25455,1,240,-2.41344,1,-0.75,Walking,True,3.9,0,0
1789903985159,15,25455,1,240,-2.41344,1,-0.75,Walking,True,3.9,0,0
1789903985159,15,25455,1,240,-2.41344,1,-0.75,Walking,True,3.9,0,0
1789903985159,15,25455,1,240,-2.41344,1,-0.75,Walking,True,3.9,0,0
1789903985173,16,26796,1,256,-2.351039,1,-0.75,Walking,True,3.9,0,0
1789903985173,16,26796,1,256,-2.351039,1,-0.75,Walking,True,3.9,0,0
1789903985174,16,26796,1,256,-2.351039,1,-0.75,Walking,True,3.9,0,0
1789903985174,16,26796,1,256,-2.351039,1,-0.75,Walking,True,3.9,0,0
1789903985174,16,26796,1,256,-2.351039,1,-0.75,Walking,True,3.9,0,0
1789903985174,16,26796,1,256,-2.351039,1,-0.75,Walking,True,3.9,0,0
1789903985174,16,26796,1,256,-2.351039,1,-0.75,Walking,True,3.9,0,0
1789903985174,16,26796,1,256,-2.351039,1,-0.75,Walking,True,3.9,0,0
1789903985190,17,28130,1,272,-2.288639,1,-0.75,Walking,True,3.9,0,0
1789903985190,17,28130,1,272,-2.288639,1,-0.75,Walking,True,3.9,0,0
1789903985190,17,28130,1,272,-2.288639,1,-0.75,Walking,True,3.9,0,0
1789903985190,17,28130,1,272,-2.288639,1,-0.75,Walking,True,3.9,0,0
1789903985190,17,28130,1,272,-2.288639,1,-0.75,Walking,True,3.9,0,0
1789903985190,17,28130,1,272,-2.288639,1,-0.75,Walking,True,3.9,0,0
1789903985190,17,28130,1,272,-2.288639,1,-0.75,Walking,True,3.9,0,0
1789903985190,17,28130,1,272,-2.288639,1,-0.75,Walking,True,3.9,0,0
1789903985206,18,29352,1,288,-2.226239,1,-0.75,Walking,True,3.9,0,0
1789903985206,18,29352,1,288,-2.226239,1,-0.75,Walking,True,3.9,0,0
1789903985206,18,29352,1,288,-2.226239,1,-0.75,Walking,True,3.9,0,0
1789903985206,18,29352,1,288,-2.226239,1,-0.75,Walking,True,3.9,0,0
1789903985206,18,29352,1,288,-2.226239,1,-0.75,Walking,True,3.9,0,0
1789903985206,18,29352,1,288,-2.226239,1,-0.75,Walking,True,3.9,0,0
1789903985206,18,29352,1,288,-2.226239,1,-0.75,Walking,True,3.9,0,0
1789903985206,18,29352,1,288,-2.226239,1,-0.75,Walking,True,3.9,0,0
1789903985221,19,30811,1,304,-2.163839,1,-0.75,Walking,True,3.9,0,0
1789903985221,19,30811,1,304,-2.163839,1,-0.75,Walking,True,3.9,0,0
1789903985221,19,30811,1,304,-2.163839,1,-0.75,Walking,True,3.9,0,0
1789903985221,19,30811,1,304,-2.163839,1,-0.75,Walking,True,3.9,0,0
1789903985221,19,30811,1,304,-2.163839,1,-0.75,Walking,True,3.9,0,0
1789903985221,19,30811,1,304,-2.163839,1,-0.75,Walking,True,3.9,0,0
1789903985221,19,30811,1,304,-2.163839,1,-0.75,Walking,True,3.9,0,0
1789903985221,19,30811,1,304,-2.163839,1,-0.75,Walking,True,3.9,0,0
1789903985236,20,32169,1,320,-2.101439,1,-0.75,Walking,True,3.9,0,0
1789903985236,20,32169,1,320,-2.101439,1,-0.75,Walking,True,3.9,0,0
1789903985236,20,32169,1,320,-2.101439,1,-0.75,Walking,True,3.9,0,0
1789903985236,20,32169,1,320,-2.101439,1,-0.75,Walking,True,3.9,0,0
1789903985236,20,32169,1,320,-2.101439,1,-0.75,Walking,True,3.9,0,0
1789903985236,20,32169,1,320,-2.101439,1,-0.75,Walking,True,3.9,0,0
1789903985236,20,32169,1,320,-2.101439,1,-0.75,Walking,True,3.9,0,0
1789903985236,20,32169,1,320,-2.101439,1,-0.75,Walking,True,3.9,0,0
1789903985252,21,33538,1,336,-2.039039,1,-0.75,Walking,True,3.9,0,0
1789903985252,21,33538,1,336,-2.039039,1,-0.75,Walking,True,3.9,0,0
1789903985252,21,33538,1,336,-2.039039,1,-0.75,Walking,True,3.9,0,0
1789903985252,21,33538,1,336,-2.039039,1,-0.75,Walking,True,3.9,0,0
1789903985252,21,33538,1,336,-2.039039,1,-0.75,Walking,True,3.9,0,0
1789903985252,21,33538,1,336,-2.039039,1,-0.75,Walking,True,3.9,0,0
1789903985252,21,33538,1,336,-2.039039,1,-0.75,Walking,True,3.9,0,0
1789903985252,21,33538,1,336,-2.039039,1,-0.75,Walking,True,3.9,0,0
1789903985268,22,35082,1,352,-1.976639,1,-0.75,Walking,True,3.9,0,0
1789903985268,22,35082,1,352,-1.976639,1,-0.75,Walking,True,3.9,0,0
1789903985268,22,35082,1,352,-1.976639,1,-0.75,Walking,True,3.9,0,0
1789903985268,22,35082,1,352,-1.976639,1,-0.75,Walking,True,3.9,0,0
1789903985268,22,35082,1,352,-1.976639,1,-0.75,Walking,True,3.9,0,0
1789903985268,22,35082,1,352,-1.976639,1,-0.75,Walking,True,3.9,0,0
1789903985268,22,35082,1,352,-1.976639,1,-0.75,Walking,True,3.9,0,0
1789903985268,22,35082,1,352,-1.976639,1,-0.75,Walking,True,3.9,0,0
1789903985284,23,36610,1,368,-1.914239,1,-0.75,Walking,True,3.9,0,0
1789903985284,23,36610,1,368,-1.914239,1,-0.75,Walking,True,3.9,0,0
1789903985284,23,36610,1,368,-1.914239,1,-0.75,Walking,True,3.9,0,0
1789903985284,23,36610,1,368,-1.914239,1,-0.75,Walking,True,3.9,0,0
1789903985284,23,36610,1,368,-1.914239,1,-0.75,Walking,True,3.9,0,0
1789903985284,23,36610,1,368,-1.914239,1,-0.75,Walking,True,3.9,0,0
1789903985284,23,36610,1,368,-1.914239,1,-0.75,Walking,True,3.9,0,0
1789903985284,23,36610,1,368,-1.914239,1,-0.75,Walking,True,3.9,0,0
1789903985299,24,37986,1,384,-1.851839,1,-0.75,Walking,True,3.9,0,0
1789903985299,24,37986,1,384,-1.851839,1,-0.75,Walking,True,3.9,0,0
1789903985299,24,37986,1,384,-1.851839,1,-0.75,Walking,True,3.9,0,0
1789903985299,24,37986,1,384,-1.851839,1,-0.75,Walking,True,3.9,0,0
1789903985299,24,37986,1,384,-1.851839,1,-0.75,Walking,True,3.9,0,0
1789903985299,24,37986,1,384,-1.851839,1,-0.75,Walking,True,3.9,0,0
1789903985299,24,37986,1,384,-1.851839,1,-0.75,Walking,True,3.9,0,0
1789903985299,24,37986,1,384,-1.851839,1,-0.75,Walking,True,3.9,0,0
1789903985315,25,39214,1,400,-1.789439,1,-0.75,Walking,True,3.9,0,0
1789903985315,25,39214,1,400,-1.789439,1,-0.75,Walking,True,3.9,0,0
1789903985315,25,39214,1,400,-1.789439,1,-0.75,Walking,True,3.9,0,0
1789903985315,25,39214,1,400,-1.789439,1,-0.75,Walking,True,3.9,0,0
1789903985315,25,39214,1,400,-1.789439,1,-0.75,Walking,True,3.9,0,0
1789903985315,25,39214,1,400,-1.789439,1,-0.75,Walking,True,3.9,0,0
1789903985315,25,39214,1,400,-1.789439,1,-0.75,Walking,True,3.9,0,0
1789903985315,25,39214,1,400,-1.789439,1,-0.75,Walking,True,3.9,0,0
1789903985330,26,40610,1,416,-1.727039,1,-0.75,Walking,True,3.9,0,0
1789903985330,26,40610,1,416,-1.727039,1,-0.75,Walking,True,3.9,0,0
1789903985330,26,40610,1,416,-1.727039,1,-0.75,Walking,True,3.9,0,0
1789903985330,26,40610,1,416,-1.727039,1,-0.75,Walking,True,3.9,0,0
1789903985330,26,40610,1,416,-1.727039,1,-0.75,Walking,True,3.9,0,0
1789903985330,26,40610,1,416,-1.727039,1,-0.75,Walking,True,3.9,0,0
1789903985330,26,40610,1,416,-1.727039,1,-0.75,Walking,True,3.9,0,0
1789903985330,26,40610,1,416,-1.727039,1,-0.75,Walking,True,3.9,0,0
1789903985346,27,42006,1,432,-1.664639,1,-0.75,Walking,True,3.9,0,0
1789903985346,27,42006,1,432,-1.664639,1,-0.75,Walking,True,3.9,0,0
1789903985346,27,42006,1,432,-1.664639,1,-0.75,Walking,True,3.9,0,0
1789903985346,27,42006,1,432,-1.664639,1,-0.75,Walking,True,3.9,0,0
1789903985346,27,42006,1,432,-1.664639,1,-0.75,Walking,True,3.9,0,0
1789903985346,27,42006,1,432,-1.664639,1,-0.75,Walking,True,3.9,0,0
1789903985346,27,42006,1,432,-1.664639,1,-0.75,Walking,True,3.9,0,0
1789903985346,27,42006,1,432,-1.664639,1,-0.75,Walking,True,3.9,0,0
1789903985376,28,43269,1,448,-1.602239,1,-0.75,Walking,True,3.9,0,0
1789903985376,28,43269,1,448,-1.602239,1,-0.75,Walking,True,3.9,0,0
1789903985376,28,43269,1,448,-1.602239,1,-0.75,Walking,True,3.9,0,0
1789903985376,28,43269,1,448,-1.602239,1,-0.75,Walking,True,3.9,0,0
1789903985376,28,43269,1,448,-1.602239,1,-0.75,Walking,True,3.9,0,0
1789903985376,28,43269,1,448,-1.602239,1,-0.75,Walking,True,3.9,0,0
1789903985376,28,43269,1,448,-1.602239,1,-0.75,Walking,True,3.9,0,0
1789903985376,28,43269,1,448,-1.602239,1,-0.75,Walking,True,3.9,0,0
1789903985392,29,45855,1,464,-1.539839,1,-0.75,Walking,True,3.9,0,0
1789903985392,29,45855,1,464,-1.539839,1,-0.75,Walking,True,3.9,0,0
1789903985392,29,45855,1,464,-1.539839,1,-0.75,Walking,True,3.9,0,0
1789903985392,29,45855,1,464,-1.539839,1,-0.75,Walking,True,3.9,0,0
1789903985392,29,45855,1,464,-1.539839,1,-0.75,Walking,True,3.9,0,0
1789903985392,29,45855,1,464,-1.539839,1,-0.75,Walking,True,3.9,0,0
1789903985392,29,45855,1,464,-1.539839,1,-0.75,Walking,True,3.9,0,0
1789903985392,29,45855,1,464,-1.539839,1,-0.75,Walking,True,3.9,0,0
1789903985408,30,47189,1,480,-1.477439,1,-0.75,Walking,True,3.9,0,0
1789903985408,30,47189,1,480,-1.477439,1,-0.75,Walking,True,3.9,0,0
1789903985408,30,47189,1,480,-1.477439,1,-0.75,Walking,True,3.9,0,0
1789903985408,30,47189,1,480,-1.477439,1,-0.75,Walking,True,3.9,0,0
1789903985408,30,47189,1,480,-1.477439,1,-0.75,Walking,True,3.9,0,0
1789903985408,30,47189,1,480,-1.477439,1,-0.75,Walking,True,3.9,0,0
1789903985408,30,47189,1,480,-1.477439,1,-0.75,Walking,True,3.9,0,0
1789903985408,30,47189,1,480,-1.477439,1,-0.75,Walking,True,3.9,0,0
1789903985423,31,48503,1,496,-1.415039,1,-0.75,Walking,True,3.9,0,0
1789903985423,31,48503,1,496,-1.415039,1,-0.75,Walking,True,3.9,0,0
1789903985423,31,48503,1,496,-1.415039,1,-0.75,Walking,True,3.9,0,0
1789903985423,31,48503,1,496,-1.415039,1,-0.75,Walking,True,3.9,0,0
1789903985423,31,48503,1,496,-1.415039,1,-0.75,Walking,True,3.9,0,0
1789903985423,31,48503,1,496,-1.415039,1,-0.75,Walking,True,3.9,0,0
1789903985423,31,48503,1,496,-1.415039,1,-0.75,Walking,True,3.9,0,0
1789903985423,31,48503,1,496,-1.415039,1,-0.75,Walking,True,3.9,0,0
1789903985439,32,49892,1,512,-1.352639,1,-0.75,Walking,True,3.9,0,0
1789903985439,32,49892,1,512,-1.352639,1,-0.75,Walking,True,3.9,0,0
1789903985439,32,49892,1,512,-1.352639,1,-0.75,Walking,True,3.9,0,0
1789903985439,32,49892,1,512,-1.352639,1,-0.75,Walking,True,3.9,0,0
1789903985439,32,49892,1,512,-1.352639,1,-0.75,Walking,True,3.9,0,0
1789903985439,32,49892,1,512,-1.352639,1,-0.75,Walking,True,3.9,0,0
1789903985439,32,49892,1,512,-1.352639,1,-0.75,Walking,True,3.9,0,0
1789903985439,32,49892,1,512,-1.352639,1,-0.75,Walking,True,3.9,0,0
1789903985454,33,51253,1,528,-1.290239,1,-0.75,Walking,True,3.9,0,0
1789903985454,33,51253,1,528,-1.290239,1,-0.75,Walking,True,3.9,0,0
1789903985454,33,51253,1,528,-1.290239,1,-0.75,Walking,True,3.9,0,0
1789903985454,33,51253,1,528,-1.290239,1,-0.75,Walking,True,3.9,0,0
1789903985454,33,51253,1,528,-1.290239,1,-0.75,Walking,True,3.9,0,0
1789903985454,33,51253,1,528,-1.290239,1,-0.75,Walking,True,3.9,0,0
1789903985454,33,51253,1,528,-1.290239,1,-0.75,Walking,True,3.9,0,0
1789903985454,33,51253,1,528,-1.290239,1,-0.75,Walking,True,3.9,0,0
1789903985470,34,52707,1,544,-1.227839,1,-0.75,Walking,True,3.9,0,0
1789903985470,34,52707,1,544,-1.227839,1,-0.75,Walking,True,3.9,0,0
1789903985470,34,52707,1,544,-1.227839,1,-0.75,Walking,True,3.9,0,0
1789903985470,34,52707,1,544,-1.227839,1,-0.75,Walking,True,3.9,0,0
1789903985470,34,52707,1,544,-1.227839,1,-0.75,Walking,True,3.9,0,0
1789903985470,34,52707,1,544,-1.227839,1,-0.75,Walking,True,3.9,0,0
1789903985470,34,52707,1,544,-1.227839,1,-0.75,Walking,True,3.9,0,0
1789903985470,34,52707,1,544,-1.227839,1,-0.75,Walking,True,3.9,0,0
1789903985485,35,53994,1,560,-1.165439,1,-0.75,Walking,True,3.9,0,0
1789903985485,35,53994,1,560,-1.165439,1,-0.75,Walking,True,3.9,0,0
1789903985485,35,53994,1,560,-1.165439,1,-0.75,Walking,True,3.9,0,0
1789903985485,35,53994,1,560,-1.165439,1,-0.75,Walking,True,3.9,0,0
1789903985485,35,53994,1,560,-1.165439,1,-0.75,Walking,True,3.9,0,0
1789903985485,35,53994,1,560,-1.165439,1,-0.75,Walking,True,3.9,0,0
1789903985485,35,53994,1,560,-1.165439,1,-0.75,Walking,True,3.9,0,0
1789903985485,35,53994,1,560,-1.165439,1,-0.75,Walking,True,3.9,0,0
1789903985500,36,55378,1,576,-1.103039,1,-0.75,Walking,True,3.9,0,0
1789903985500,36,55378,1,576,-1.103039,1,-0.75,Walking,True,3.9,0,0
1789903985500,36,55378,1,576,-1.103039,1,-0.75,Walking,True,3.9,0,0
1789903985500,36,55378,1,576,-1.103039,1,-0.75,Walking,True,3.9,0,0
1789903985500,36,55378,1,576,-1.103039,1,-0.75,Walking,True,3.9,0,0
1789903985500,36,55378,1,576,-1.103039,1,-0.75,Walking,True,3.9,0,0
1789903985500,36,55378,1,576,-1.103039,1,-0.75,Walking,True,3.9,0,0
1789903985500,36,55378,1,576,-1.103039,1,-0.75,Walking,True,3.9,0,0
1789903985516,37,56810,1,592,-1.040639,1,-0.75,Walking,True,3.9,0,0
1789903985516,37,56810,1,592,-1.040639,1,-0.75,Walking,True,3.9,0,0
1789903985516,37,56810,1,592,-1.040639,1,-0.75,Walking,True,3.9,0,0
1789903985516,37,56810,1,592,-1.040639,1,-0.75,Walking,True,3.9,0,0
1789903985516,37,56810,1,592,-1.040639,1,-0.75,Walking,True,3.9,0,0
1789903985516,37,56810,1,592,-1.040639,1,-0.75,Walking,True,3.9,0,0
1789903985516,37,56810,1,592,-1.040639,1,-0.75,Walking,True,3.9,0,0
1789903985517,37,56810,1,592,-1.040639,1,-0.75,Walking,True,3.9,0,0
1789903985532,38,58279,1,608,-0.978239,1,-0.75,Walking,True,3.9,0,0
1789903985532,38,58279,1,608,-0.978239,1,-0.75,Walking,True,3.9,0,0
1789903985532,38,58279,1,608,-0.978239,1,-0.75,Walking,True,3.9,0,0
1789903985532,38,58279,1,608,-0.978239,1,-0.75,Walking,True,3.9,0,0
1789903985532,38,58279,1,608,-0.978239,1,-0.75,Walking,True,3.9,0,0
1789903985532,38,58279,1,608,-0.978239,1,-0.75,Walking,True,3.9,0,0
1789903985532,38,58279,1,608,-0.978239,1,-0.75,Walking,True,3.9,0,0
1789903985532,38,58279,1,608,-0.978239,1,-0.75,Walking,True,3.9,0,0
1789903985548,39,59725,1,624,-0.915839,1,-0.75,Walking,True,3.9,0,0
1789903985548,39,59725,1,624,-0.915839,1,-0.75,Walking,True,3.9,0,0
1789903985548,39,59725,1,624,-0.915839,1,-0.75,Walking,True,3.9,0,0
1789903985548,39,59725,1,624,-0.915839,1,-0.75,Walking,True,3.9,0,0
1789903985548,39,59725,1,624,-0.915839,1,-0.75,Walking,True,3.9,0,0
1789903985548,39,59725,1,624,-0.915839,1,-0.75,Walking,True,3.9,0,0
1789903985548,39,59725,1,624,-0.915839,1,-0.75,Walking,True,3.9,0,0
1789903985548,39,59725,1,624,-0.915839,1,-0.75,Walking,True,3.9,0,0
1789903985564,40,61076,1,640,-0.901,1,-0.75,Walking,True,3.9,0,0
1789903985564,40,61076,1,640,-0.901,1,-0.75,Walking,True,3.9,0,0
1789903985564,40,61076,1,640,-0.901,1,-0.75,Walking,True,3.9,0,0
1789903985564,40,61076,1,640,-0.901,1,-0.75,Walking,True,3.9,0,0
1789903985564,40,61076,1,640,-0.901,1,-0.75,Walking,True,3.9,0,0
1789903985564,40,61076,1,640,-0.901,1,-0.75,Walking,True,3.9,0,0
1789903985564,40,61076,1,640,-0.901,1,-0.75,Walking,True,3.9,0,0
1789903985564,40,61076,1,640,-0.901,1,-0.75,Walking,True,3.9,0,0
1789903985579,41,62352,1,656,-0.901,1,-0.75,Walking,True,3.9,0,0
1789903985579,41,62352,1,656,-0.901,1,-0.75,Walking,True,3.9,0,0
1789903985579,41,62352,1,656,-0.901,1,-0.75,Walking,True,3.9,0,0
1789903985579,41,62352,1,656,-0.901,1,-0.75,Walking,True,3.9,0,0
1789903985579,41,62352,1,656,-0.901,1,-0.75,Walking,True,3.9,0,0
1789903985579,41,62352,1,656,-0.901,1,-0.75,Walking,True,3.9,0,0
1789903985579,41,62352,1,656,-0.901,1,-0.75,Walking,True,3.9,0,0
1789903985579,41,62352,1,656,-0.901,1,-0.75,Walking,True,3.9,0,0
1789903985595,42,63735,1,672,-0.901,1,-0.75,Walking,True,3.9,0,0
1789903985595,42,63735,1,672,-0.901,1,-0.75,Walking,True,3.9,0,0
1789903985595,42,63735,1,672,-0.901,1,-0.75,Walking,True,3.9,0,0
1789903985595,42,63735,1,672,-0.901,1,-0.75,Walking,True,3.9,0,0
1789903985595,42,63735,1,672,-0.901,1,-0.75,Walking,True,3.9,0,0
1789903985595,42,63735,1,672,-0.901,1,-0.75,Walking,True,3.9,0,0
1789903985595,42,63735,1,672,-0.901,1,-0.75,Walking,True,3.9,0,0
1789903985595,42,63735,1,672,-0.901,1,-0.75,Walking,True,3.9,0,0
1789903985609,43,64658,1,688,-0.901,1,-0.75,Walking,True,3.9,0,0
1789903985609,43,64658,1,688,-0.901,1,-0.75,Walking,True,3.9,0,0
1789903985609,43,64658,1,688,-0.901,1,-0.75,Walking,True,3.9,0,0
1789903985609,43,64658,1,688,-0.901,1,-0.75,Walking,True,3.9,0,0
1789903985609,43,64658,1,688,-0.901,1,-0.75,Walking,True,3.9,0,0
1789903985609,43,64658,1,688,-0.901,1,-0.75,Walking,True,3.9,0,0
1789903985609,43,64658,1,688,-0.901,1,-0.75,Walking,True,3.9,0,0
1789903985609,43,64658,1,688,-0.901,1,-0.75,Walking,True,3.9,0,0
1789903985625,44,65990,1,704,-0.901,1,-0.75,Walking,True,3.9,0,0
1789903985625,44,65990,1,704,-0.901,1,-0.75,Walking,True,3.9,0,0
1789903985625,44,65990,1,704,-0.901,1,-0.75,Walking,True,3.9,0,0
1789903985625,44,65990,1,704,-0.901,1,-0.75,Walking,True,3.9,0,0
1789903985625,44,65990,1,704,-0.901,1,-0.75,Walking,True,3.9,0,0
1789903985625,44,65990,1,704,-0.901,1,-0.75,Walking,True,3.9,0,0
1789903985625,44,65990,1,704,-0.901,1,-0.75,Walking,True,3.9,0,0
1789903985625,44,65990,1,704,-0.901,1,-0.75,Walking,True,3.9,0,0
1789903985641,45,67134,1,720,-0.901,1,-0.75,Walking,True,3.9,0,0
1789903985641,45,67134,1,720,-0.901,1,-0.75,Walking,True,3.9,0,0
1789903985641,45,67134,1,720,-0.901,1,-0.75,Walking,True,3.9,0,0
1789903985641,45,67134,1,720,-0.901,1,-0.75,Walking,True,3.9,0,0
1789903985641,45,67134,1,720,-0.901,1,-0.75,Walking,True,3.9,0,0
1789903985641,45,67134,1,720,-0.901,1,-0.75,Walking,True,3.9,0,0
1789903985641,45,67134,1,720,-0.901,1,-0.75,Walking,True,3.9,0,0
1789903985641,45,67134,1,720,-0.901,1,-0.75,Walking,True,3.9,0,0
1789903985656,46,68632,1,736,-0.901,1,-0.75,Walking,True,3.9,0,0
1789903985656,46,68632,1,736,-0.901,1,-0.75,Walking,True,3.9,0,0
1789903985656,46,68632,1,736,-0.901,1,-0.75,Walking,True,3.9,0,0
1789903985656,46,68632,1,736,-0.901,1,-0.75,Walking,True,3.9,0,0
1789903985656,46,68632,1,736,-0.901,1,-0.75,Walking,True,3.9,0,0
1789903985656,46,68632,1,736,-0.901,1,-0.75,Walking,True,3.9,0,0
1789903985656,46,68632,1,736,-0.901,1,-0.75,Walking,True,3.9,0,0
1789903985656,46,68632,1,736,-0.901,1,-0.75,Walking,True,3.9,0,0
1789903985672,47,69814,1,752,-0.901,1,-0.75,Walking,True,3.9,0,0
1789903985672,47,69814,1,752,-0.901,1,-0.75,Walking,True,3.9,0,0
1789903985672,47,69814,1,752,-0.901,1,-0.75,Walking,True,3.9,0,0
1789903985672,47,69814,1,752,-0.901,1,-0.75,Walking,True,3.9,0,0
1789903985672,47,69814,1,752,-0.901,1,-0.75,Walking,True,3.9,0,0
1789903985672,47,69814,1,752,-0.901,1,-0.75,Walking,True,3.9,0,0
1789903985672,47,69814,1,752,-0.901,1,-0.75,Walking,True,3.9,0,0
1789903985672,47,69814,1,752,-0.901,1,-0.75,Walking,True,3.9,0,0
1789903985687,48,71111,1,768,-0.901,1,-0.75,Walking,True,3.9,0,0
1789903985687,48,71111,1,768,-0.901,1,-0.75,Walking,True,3.9,0,0
1789903985687,48,71111,1,768,-0.901,1,-0.75,Walking,True,3.9,0,0
1789903985687,48,71111,1,768,-0.901,1,-0.75,Walking,True,3.9,0,0
1789903985687,48,71111,1,768,-0.901,1,-0.75,Walking,True,3.9,0,0
1789903985687,48,71111,1,768,-0.901,1,-0.75,Walking,True,3.9,0,0
1789903985687,48,71111,1,768,-0.901,1,-0.75,Walking,True,3.9,0,0
1789903985687,48,71111,1,768,-0.901,1,-0.75,Walking,True,3.9,0,0
1789903985703,49,72437,1,784,-0.901,1,-0.75,Walking,True,3.9,0,0
1789903985703,49,72437,1,784,-0.901,1,-0.75,Walking,True,3.9,0,0
1789903985703,49,72437,1,784,-0.901,1,-0.75,Walking,True,3.9,0,0
1789903985703,49,72437,1,784,-0.901,1,-0.75,Walking,True,3.9,0,0
1789903985703,49,72437,1,784,-0.901,1,-0.75,Walking,True,3.9,0,0
1789903985703,49,72437,1,784,-0.901,1,-0.75,Walking,True,3.9,0,0
1789903985703,49,72437,1,784,-0.901,1,-0.75,Walking,True,3.9,0,0
1789903985703,49,72437,1,784,-0.901,1,-0.75,Walking,True,3.9,0,0
1789903985717,50,73782,1,800,-0.901,1,-0.75,Walking,True,3.9,0,0
1789903985717,50,73782,1,800,-0.901,1,-0.75,Walking,True,3.9,0,0
1789903985717,50,73782,1,800,-0.901,1,-0.75,Walking,True,3.9,0,0
1789903985717,50,73782,1,800,-0.901,1,-0.75,Walking,True,3.9,0,0
1789903985717,50,73782,1,800,-0.901,1,-0.75,Walking,True,3.9,0,0
1789903985717,50,73782,1,800,-0.901,1,-0.75,Walking,True,3.9,0,0
1789903985717,50,73782,1,800,-0.901,1,-0.75,Walking,True,3.9,0,0
1789903985717,50,73782,1,800,-0.901,1,-0.75,Walking,True,3.9,0,0
1789903985733,51,75042,1,816,-0.901,1,-0.75,Walking,True,3.9,0,0
1789903985733,51,75042,1,816,-0.901,1,-0.75,Walking,True,3.9,0,0
1789903985733,51,75042,1,816,-0.901,1,-0.75,Walking,True,3.9,0,0
1789903985733,51,75042,1,816,-0.901,1,-0.75,Walking,True,3.9,0,0
1789903985733,51,75042,1,816,-0.901,1,-0.75,Walking,True,3.9,0,0
1789903985733,51,75042,1,816,-0.901,1,-0.75,Walking,True,3.9,0,0
1789903985733,51,75042,1,816,-0.901,1,-0.75,Walking,True,3.9,0,0
1789903985733,51,75042,1,816,-0.901,1,-0.75,Walking,True,3.9,0,0
1789903985748,52,76468,1,832,-0.901,1,-0.75,Walking,True,3.9,0,0
1789903985748,52,76468,1,832,-0.901,1,-0.75,Walking,True,3.9,0,0
1789903985748,52,76468,1,832,-0.901,1,-0.75,Walking,True,3.9,0,0
1789903985748,52,76468,1,832,-0.901,1,-0.75,Walking,True,3.9,0,0
1789903985748,52,76468,1,832,-0.901,1,-0.75,Walking,True,3.9,0,0
1789903985748,52,76468,1,832,-0.901,1,-0.75,Walking,True,3.9,0,0
1789903985748,52,76468,1,832,-0.901,1,-0.75,Walking,True,3.9,0,0
1789903985748,52,76468,1,832,-0.901,1,-0.75,Walking,True,3.9,0,0
1789903985764,53,77966,1,848,-0.901,1,-0.75,Walking,True,3.9,0,0
1789903985764,53,77966,1,848,-0.901,1,-0.75,Walking,True,3.9,0,0
1789903985764,53,77966,1,848,-0.901,1,-0.75,Walking,True,3.9,0,0
1789903985764,53,77966,1,848,-0.901,1,-0.75,Walking,True,3.9,0,0
1789903985764,53,77966,1,848,-0.901,1,-0.75,Walking,True,3.9,0,0
1789903985764,53,77966,1,848,-0.901,1,-0.75,Walking,True,3.9,0,0
1789903985764,53,77966,1,848,-0.901,1,-0.75,Walking,True,3.9,0,0
1789903985764,53,77966,1,848,-0.901,1,-0.75,Walking,True,3.9,0,0
1789903985779,54,79447,1,864,-0.901,1,-0.75,Walking,True,3.9,0,0
1789903985779,54,79447,1,864,-0.901,1,-0.75,Walking,True,3.9,0,0
1789903985779,54,79447,1,864,-0.901,1,-0.75,Walking,True,3.9,0,0
1789903985779,54,79447,1,864,-0.901,1,-0.75,Walking,True,3.9,0,0
1789903985779,54,79447,1,864,-0.901,1,-0.75,Walking,True,3.9,0,0
1789903985779,54,79447,1,864,-0.901,1,-0.75,Walking,True,3.9,0,0
1789903985779,54,79447,1,864,-0.901,1,-0.75,Walking,True,3.9,0,0
1789903985779,54,79447,1,864,-0.901,1,-0.75,Walking,True,3.9,0,0
1789903985795,55,80876,1,880,-0.901,1,-0.75,Walking,True,3.9,0,0
1789903985795,55,80876,1,880,-0.901,1,-0.75,Walking,True,3.9,0,0
1789903985795,55,80876,1,880,-0.901,1,-0.75,Walking,True,3.9,0,0
1789903985795,55,80876,1,880,-0.901,1,-0.75,Walking,True,3.9,0,0
1789903985795,55,80876,1,880,-0.901,1,-0.75,Walking,True,3.9,0,0
1789903985795,55,80876,1,880,-0.901,1,-0.75,Walking,True,3.9,0,0
1789903985795,55,80876,1,880,-0.901,1,-0.75,Walking,True,3.9,0,0
1789903985795,55,80876,1,880,-0.901,1,-0.75,Walking,True,3.9,0,0
1789903985812,56,82268,1,896,-0.901,1,-0.75,Walking,True,3.9,0,0
1789903985812,56,82268,1,896,-0.901,1,-0.75,Walking,True,3.9,0,0
1789903985812,56,82268,1,896,-0.901,1,-0.75,Walking,True,3.9,0,0
1789903985812,56,82268,1,896,-0.901,1,-0.75,Walking,True,3.9,0,0
1789903985812,56,82268,1,896,-0.901,1,-0.75,Walking,True,3.9,0,0
1789903985812,56,82268,1,896,-0.901,1,-0.75,Walking,True,3.9,0,0
1789903985812,56,82268,1,896,-0.901,1,-0.75,Walking,True,3.9,0,0
1789903985812,56,82268,1,896,-0.901,1,-0.75,Walking,True,3.9,0,0
1789903985828,57,83667,1,912,-0.901,1,-0.75,Walking,True,3.9,0,0
1789903985828,57,83667,1,912,-0.901,1,-0.75,Walking,True,3.9,0,0
1789903985828,57,83667,1,912,-0.901,1,-0.75,Walking,True,3.9,0,0
1789903985828,57,83667,1,912,-0.901,1,-0.75,Walking,True,3.9,0,0
1789903985828,57,83667,1,912,-0.901,1,-0.75,Walking,True,3.9,0,0
1789903985828,57,83667,1,912,-0.901,1,-0.75,Walking,True,3.9,0,0
1789903985828,57,83667,1,912,-0.901,1,-0.75,Walking,True,3.9,0,0
1789903985828,57,83667,1,912,-0.901,1,-0.75,Walking,True,3.9,0,0
1789903985843,58,85215,1,928,-0.901,1,-0.75,Walking,True,3.9,0,0
1789903985843,58,85215,1,928,-0.901,1,-0.75,Walking,True,3.9,0,0
1789903985843,58,85215,1,928,-0.901,1,-0.75,Walking,True,3.9,0,0
1789903985843,58,85215,1,928,-0.901,1,-0.75,Walking,True,3.9,0,0
1789903985843,58,85215,1,928,-0.901,1,-0.75,Walking,True,3.9,0,0
1789903985843,58,85215,1,928,-0.901,1,-0.75,Walking,True,3.9,0,0
1789903985843,58,85215,1,928,-0.901,1,-0.75,Walking,True,3.9,0,0
1789903985843,58,85215,1,928,-0.901,1,-0.75,Walking,True,3.9,0,0
1789903985859,59,86671,1,944,-0.901,1,-0.75,Walking,True,3.9,0,0
1789903985859,59,86671,1,944,-0.901,1,-0.75,Walking,True,3.9,0,0
1789903985859,59,86671,1,944,-0.901,1,-0.75,Walking,True,3.9,0,0
1789903985859,59,86671,1,944,-0.901,1,-0.75,Walking,True,3.9,0,0
1789903985859,59,86671,1,944,-0.901,1,-0.75,Walking,True,3.9,0,0
1789903985859,59,86671,1,944,-0.901,1,-0.75,Walking,True,3.9,0,0
1789903985859,59,86671,1,944,-0.901,1,-0.75,Walking,True,3.9,0,0
1789903985859,59,86671,1,944,-0.901,1,-0.75,Walking,True,3.9,0,0
1789903985874,60,88095,1,960,-0.901,1,-0.75,Walking,True,3.9,0,0
1789903985874,60,88095,1,960,-0.901,1,-0.75,Walking,True,3.9,0,0
1789903985874,60,88095,1,960,-0.901,1,-0.75,Walking,True,3.9,0,0
1789903985874,60,88095,1,960,-0.901,1,-0.75,Walking,True,3.9,0,0
1789903985874,60,88095,1,960,-0.901,1,-0.75,Walking,True,3.9,0,0
1789903985874,60,88095,1,960,-0.901,1,-0.75,Walking,True,3.9,0,0
1789903985874,60,88095,1,960,-0.901,1,-0.75,Walking,True,3.9,0,0
1789903985874,60,88095,1,960,-0.901,1,-0.75,Walking,True,3.9,0,0
1789903985890,61,89310,1,976,-0.901,1,-0.75,Walking,True,3.9,0,0
1789903985890,61,89310,1,976,-0.901,1,-0.75,Walking,True,3.9,0,0
1789903985890,61,89310,1,976,-0.901,1,-0.75,Walking,True,3.9,0,0
1789903985890,61,89310,1,976,-0.901,1,-0.75,Walking,True,3.9,0,0
1789903985890,61,89310,1,976,-0.901,1,-0.75,Walking,True,3.9,0,0
1789903985890,61,89310,1,976,-0.901,1,-0.75,Walking,True,3.9,0,0
1789903985890,61,89310,1,976,-0.901,1,-0.75,Walking,True,3.9,0,0
1789903985890,61,89310,1,976,-0.901,1,-0.75,Walking,True,3.9,0,0
1789903985906,62,90805,1,992,-0.901,1,-0.75,Walking,True,3.9,0,0
1789903985906,62,90805,1,992,-0.901,1,-0.75,Walking,True,3.9,0,0
1789903985906,62,90805,1,992,-0.901,1,-0.75,Walking,True,3.9,0,0
1789903985906,62,90805,1,992,-0.901,1,-0.75,Walking,True,3.9,0,0
1789903985906,62,90805,1,992,-0.901,1,-0.75,Walking,True,3.9,0,0
1789903985906,62,90805,1,992,-0.901,1,-0.75,Walking,True,3.9,0,0
1789903985906,62,90805,1,992,-0.901,1,-0.75,Walking,True,3.9,0,0
1789903985906,62,90805,1,992,-0.901,1,-0.75,Walking,True,3.9,0,0
1789903985936,63,92221,1,1008,-0.901,1,-0.75,Walking,True,3.9,0,0
1789903985936,63,92221,1,1008,-0.901,1,-0.75,Walking,True,3.9,0,0
1789903985936,63,92221,1,1008,-0.901,1,-0.75,Walking,True,3.9,0,0
1789903985936,63,92221,1,1008,-0.901,1,-0.75,Walking,True,3.9,0,0
1789903985936,63,92221,1,1008,-0.901,1,-0.75,Walking,True,3.9,0,0
1789903985937,63,92221,1,1008,-0.901,1,-0.75,Walking,True,3.9,0,0
1789903985937,63,92221,1,1008,-0.901,1,-0.75,Walking,True,3.9,0,0
1789903985937,63,92221,1,1008,-0.901,1,-0.75,Walking,True,3.9,0,0
1789903985937,64,95095,1,1024,-0.901,1,-0.75,Walking,True,3.9,0,0
1789903985937,64,95095,1,1024,-0.901,1,-0.75,Walking,True,3.9,0,0
1789903985937,64,95095,1,1024,-0.901,1,-0.75,Walking,True,3.9,0,0
1789903985968,64,95095,1,1024,-0.901,1,-0.75,Walking,True,3.9,0,0
1789903985968,64,95095,1,1024,-0.901,1,-0.75,Walking,True,3.9,0,0
1789903985968,65,95101,1,1040,-0.901,1,-0.75,Walking,True,3.9,0,0
1789903985968,65,95101,1,1040,-0.901,1,-0.75,Walking,True,3.9,0,0
1789903985968,65,95101,1,1040,-0.901,1,-0.75,Walking,True,3.9,0,0
1789903985968,65,95101,1,1040,-0.901,1,-0.75,Walking,True,3.9,0,0
1789903985968,65,95101,1,1040,-0.901,1,-0.75,Walking,True,3.9,0,0
1789903985968,65,95101,1,1040,-0.901,1,-0.75,Walking,True,3.9,0,0
1789903985983,66,97940,1,1056,-0.901,1,-0.75,Walking,True,3.9,0,0
1789903985983,66,97940,1,1056,-0.901,1,-0.75,Walking,True,3.9,0,0
1789903985983,66,97940,1,1056,-0.901,1,-0.75,Walking,True,3.9,0,0
1789903985983,66,97940,1,1056,-0.901,1,-0.75,Walking,True,3.9,0,0
1789903985983,66,97940,1,1056,-0.901,1,-0.75,Walking,True,3.9,0,0
1789903985983,66,97940,1,1056,-0.901,1,-0.75,Walking,True,3.9,0,0
1789903985983,66,97940,1,1056,-0.901,1,-0.75,Walking,True,3.9,0,0
1789903985983,66,97940,1,1056,-0.901,1,-0.75,Walking,True,3.9,0,0
1789903985998,67,99190,1,1072,-0.901,1,-0.75,Walking,True,3.9,0,0
1789903985998,67,99190,1,1072,-0.901,1,-0.75,Walking,True,3.9,0,0
1789903985998,67,99190,1,1072,-0.901,1,-0.75,Walking,True,3.9,0,0
1789903985998,67,99190,1,1072,-0.901,1,-0.75,Walking,True,3.9,0,0
1789903985998,67,99190,1,1072,-0.901,1,-0.75,Walking,True,3.9,0,0
1789903985998,67,99190,1,1072,-0.901,1,-0.75,Walking,True,3.9,0,0
1789903985998,67,99190,1,1072,-0.901,1,-0.75,Walking,True,3.9,0,0
1789903985998,67,99190,1,1072,-0.901,1,-0.75,Walking,True,3.9,0,0
1789903986014,68,100405,1,1088,-0.901,1,-0.75,Walking,True,3.9,0,0
1789903986014,68,100405,1,1088,-0.901,1,-0.75,Walking,True,3.9,0,0
1789903986014,68,100405,1,1088,-0.901,1,-0.75,Walking,True,3.9,0,0
1789903986014,68,100405,1,1088,-0.901,1,-0.75,Walking,True,3.9,0,0
1789903986014,68,100405,1,1088,-0.901,1,-0.75,Walking,True,3.9,0,0
1789903986014,68,100405,1,1088,-0.901,1,-0.75,Walking,True,3.9,0,0
1789903986014,68,100405,1,1088,-0.901,1,-0.75,Walking,True,3.9,0,0
1789903986014,68,100405,1,1088,-0.901,1,-0.75,Walking,True,3.9,0,0
1789903986029,69,101841,1,1104,-0.901,1,-0.75,Walking,True,3.9,0,0
1789903986029,69,101841,1,1104,-0.901,1,-0.75,Walking,True,3.9,0,0
1789903986029,69,101841,1,1104,-0.901,1,-0.75,Walking,True,3.9,0,0
1789903986029,69,101841,1,1104,-0.901,1,-0.75,Walking,True,3.9,0,0
1789903986029,69,101841,1,1104,-0.901,1,-0.75,Walking,True,3.9,0,0
1789903986029,69,101841,1,1104,-0.901,1,-0.75,Walking,True,3.9,0,0
1789903986029,69,101841,1,1104,-0.901,1,-0.75,Walking,True,3.9,0,0
1789903986029,69,101841,1,1104,-0.901,1,-0.75,Walking,True,3.9,0,0
1789903986045,70,103249,1,1120,-0.901,1,-0.75,Walking,True,3.9,0,0
1789903986045,70,103249,1,1120,-0.901,1,-0.75,Walking,True,3.9,0,0
1789903986045,70,103249,1,1120,-0.901,1,-0.75,Walking,True,3.9,0,0
1789903986045,70,103249,1,1120,-0.901,1,-0.75,Walking,True,3.9,0,0
1789903986045,70,103249,1,1120,-0.901,1,-0.75,Walking,True,3.9,0,0
1789903986045,70,103249,1,1120,-0.901,1,-0.75,Walking,True,3.9,0,0
1789903986045,70,103249,1,1120,-0.901,1,-0.75,Walking,True,3.9,0,0
1789903986045,70,103249,1,1120,-0.901,1,-0.75,Walking,True,3.9,0,0
1789903986061,71,104764,1,1136,-0.901,1,-0.75,Walking,True,3.9,0,0
1789903986061,71,104764,1,1136,-0.901,1,-0.75,Walking,True,3.9,0,0
1789903986061,71,104764,1,1136,-0.901,1,-0.75,Walking,True,3.9,0,0
1789903986061,71,104764,1,1136,-0.901,1,-0.75,Walking,True,3.9,0,0
1789903986061,71,104764,1,1136,-0.901,1,-0.75,Walking,True,3.9,0,0
1789903986061,71,104764,1,1136,-0.901,1,-0.75,Walking,True,3.9,0,0
1789903986061,71,104764,1,1136,-0.901,1,-0.75,Walking,True,3.9,0,0
1789903986061,71,104764,1,1136,-0.901,1,-0.75,Walking,True,3.9,0,0
1789903986077,72,106239,1,1152,-0.901,1,-0.75,Walking,True,3.9,0,0
1789903986077,72,106239,1,1152,-0.901,1,-0.75,Walking,True,3.9,0,0
1789903986077,72,106239,1,1152,-0.901,1,-0.75,Walking,True,3.9,0,0
1789903986077,72,106239,1,1152,-0.901,1,-0.75,Walking,True,3.9,0,0
1789903986077,72,106239,1,1152,-0.901,1,-0.75,Walking,True,3.9,0,0
1789903986077,72,106239,1,1152,-0.901,1,-0.75,Walking,True,3.9,0,0
1789903986077,72,106239,1,1152,-0.901,1,-0.75,Walking,True,3.9,0,0
1789903986077,72,106239,1,1152,-0.901,1,-0.75,Walking,True,3.9,0,0
1789903986093,73,107751,1,1168,-0.901,1,-0.75,Walking,True,3.9,0,0
1789903986093,73,107751,1,1168,-0.901,1,-0.75,Walking,True,3.9,0,0
1789903986093,73,107751,1,1168,-0.901,1,-0.75,Walking,True,3.9,0,0
1789903986093,73,107751,1,1168,-0.901,1,-0.75,Walking,True,3.9,0,0
1789903986093,73,107751,1,1168,-0.901,1,-0.75,Walking,True,3.9,0,0
1789903986093,73,107751,1,1168,-0.901,1,-0.75,Walking,True,3.9,0,0
1789903986093,73,107751,1,1168,-0.901,1,-0.75,Walking,True,3.9,0,0
1789903986093,73,107751,1,1168,-0.901,1,-0.75,Walking,True,3.9,0,0
1789903986108,74,109155,1,1184,-0.901,1,-0.75,Walking,True,3.9,0,0
1789903986108,74,109155,1,1184,-0.901,1,-0.75,Walking,True,3.9,0,0
1789903986108,74,109155,1,1184,-0.901,1,-0.75,Walking,True,3.9,0,0
1789903986108,74,109155,1,1184,-0.901,1,-0.75,Walking,True,3.9,0,0
1789903986108,74,109155,1,1184,-0.901,1,-0.75,Walking,True,3.9,0,0
1789903986108,74,109155,1,1184,-0.901,1,-0.75,Walking,True,3.9,0,0
1789903986108,74,109155,1,1184,-0.901,1,-0.75,Walking,True,3.9,0,0
1789903986108,74,109155,1,1184,-0.901,1,-0.75,Walking,True,3.9,0,0
1789903986123,75,110538,1,1200,-0.901,1,-0.75,Walking,True,3.9,0,0
1789903986123,75,110538,1,1200,-0.901,1,-0.75,Walking,True,3.9,0,0
1789903986123,75,110538,1,1200,-0.901,1,-0.75,Walking,True,3.9,0,0
1789903986123,75,110538,1,1200,-0.901,1,-0.75,Walking,True,3.9,0,0
1789903986123,75,110538,1,1200,-0.901,1,-0.75,Walking,True,3.9,0,0
1789903986123,75,110538,1,1200,-0.901,1,-0.75,Walking,True,3.9,0,0
1789903986123,75,110538,1,1200,-0.901,1,-0.75,Walking,True,3.9,0,0
1789903986123,75,110538,1,1200,-0.901,1,-0.75,Walking,True,3.9,0,0
1789903986138,76,112040,1,1216,-0.901,1,-0.75,Walking,True,3.9,0,0
1789903986138,76,112040,1,1216,-0.901,1,-0.75,Walking,True,3.9,0,0
1789903986138,76,112040,1,1216,-0.901,1,-0.75,Walking,True,3.9,0,0
1789903986138,76,112040,1,1216,-0.901,1,-0.75,Walking,True,3.9,0,0
1789903986138,76,112040,1,1216,-0.901,1,-0.75,Walking,True,3.9,0,0
1789903986138,76,112040,1,1216,-0.901,1,-0.75,Walking,True,3.9,0,0
1789903986138,76,112040,1,1216,-0.901,1,-0.75,Walking,True,3.9,0,0
1789903986138,76,112040,1,1216,-0.901,1,-0.75,Walking,True,3.9,0,0
1789903986153,77,113496,1,1232,-0.901,1,-0.75,Walking,True,3.9,0,0
1789903986153,77,113496,1,1232,-0.901,1,-0.75,Walking,True,3.9,0,0
1789903986153,77,113496,1,1232,-0.901,1,-0.75,Walking,True,3.9,0,0
1789903986153,77,113496,1,1232,-0.901,1,-0.75,Walking,True,3.9,0,0
1789903986153,77,113496,1,1232,-0.901,1,-0.75,Walking,True,3.9,0,0
1789903986153,77,113496,1,1232,-0.901,1,-0.75,Walking,True,3.9,0,0
1789903986153,77,113496,1,1232,-0.901,1,-0.75,Walking,True,3.9,0,0
1789903986153,77,113496,1,1232,-0.901,1,-0.75,Walking,True,3.9,0,0
1789903986168,78,114846,1,1248,-0.901,1,-0.75,Walking,True,3.9,0,0
1789903986168,78,114846,1,1248,-0.901,1,-0.75,Walking,True,3.9,0,0
1789903986168,78,114846,1,1248,-0.901,1,-0.75,Walking,True,3.9,0,0
1789903986168,78,114846,1,1248,-0.901,1,-0.75,Walking,True,3.9,0,0
1789903986168,78,114846,1,1248,-0.901,1,-0.75,Walking,True,3.9,0,0
1789903986168,78,114846,1,1248,-0.901,1,-0.75,Walking,True,3.9,0,0
1789903986168,78,114846,1,1248,-0.901,1,-0.75,Walking,True,3.9,0,0
1789903986168,78,114846,1,1248,-0.901,1,-0.75,Walking,True,3.9,0,0
1789903986184,79,116264,1,1264,-0.901,1,-0.75,Walking,True,3.9,0,0
1789903986184,79,116264,1,1264,-0.901,1,-0.75,Walking,True,3.9,0,0
1789903986184,79,116264,1,1264,-0.901,1,-0.75,Walking,True,3.9,0,0
1789903986184,79,116264,1,1264,-0.901,1,-0.75,Walking,True,3.9,0,0
1789903986184,79,116264,1,1264,-0.901,1,-0.75,Walking,True,3.9,0,0
1789903986184,79,116264,1,1264,-0.901,1,-0.75,Walking,True,3.9,0,0
1789903986184,79,116264,1,1264,-0.901,1,-0.75,Walking,True,3.9,0,0
1789903986184,79,116264,1,1264,-0.901,1,-0.75,Walking,True,3.9,0,0
1789903986199,80,117764,1,1280,-0.901,1,-0.75,Walking,True,3.9,0,0
1789903986199,80,117764,1,1280,-0.901,1,-0.75,Walking,True,3.9,0,0
1789903986199,80,117764,1,1280,-0.901,1,-0.75,Walking,True,3.9,0,0
1789903986199,80,117764,1,1280,-0.901,1,-0.75,Walking,True,3.9,0,0
1789903986199,80,117764,1,1280,-0.901,1,-0.75,Walking,True,3.9,0,0
1789903986199,80,117764,1,1280,-0.901,1,-0.75,Walking,True,3.9,0,0
1789903986199,80,117764,1,1280,-0.901,1,-0.75,Walking,True,3.9,0,0
1789903986199,80,117764,1,1280,-0.901,1,-0.75,Walking,True,3.9,0,0
1789903986214,81,119157,1,1296,-0.901,1,-0.75,Walking,True,3.9,0,0
1789903986214,81,119157,1,1296,-0.901,1,-0.75,Walking,True,3.9,0,0
1789903986214,81,119157,1,1296,-0.901,1,-0.75,Walking,True,3.9,0,0
1789903986214,81,119157,1,1296,-0.901,1,-0.75,Walking,True,3.9,0,0
1789903986214,81,119157,1,1296,-0.901,1,-0.75,Walking,True,3.9,0,0
1789903986214,81,119157,1,1296,-0.901,1,-0.75,Walking,True,3.9,0,0
1789903986214,81,119157,1,1296,-0.901,1,-0.75,Walking,True,3.9,0,0
1789903986214,81,119157,1,1296,-0.901,1,-0.75,Walking,True,3.9,0,0
1789903986230,82,120650,1,1312,-0.901,1,-0.75,Walking,True,3.9,0,0
1789903986230,82,120650,1,1312,-0.901,1,-0.75,Walking,True,3.9,0,0
1789903986230,82,120650,1,1312,-0.901,1,-0.75,Walking,True,3.9,0,0
1789903986230,82,120650,1,1312,-0.901,1,-0.75,Walking,True,3.9,0,0
1789903986230,82,120650,1,1312,-0.901,1,-0.75,Walking,True,3.9,0,0
1789903986230,82,120650,1,1312,-0.901,1,-0.75,Walking,True,3.9,0,0
1789903986230,82,120650,1,1312,-0.901,1,-0.75,Walking,True,3.9,0,0
1789903986230,82,120650,1,1312,-0.901,1,-0.75,Walking,True,3.9,0,0
1789903986245,83,122080,1,1328,-0.901,1,-0.75,Walking,True,3.9,0,0
1789903986245,83,122080,1,1328,-0.901,1,-0.75,Walking,True,3.9,0,0
1789903986245,83,122080,1,1328,-0.901,1,-0.75,Walking,True,3.9,0,0
1789903986245,83,122080,1,1328,-0.901,1,-0.75,Walking,True,3.9,0,0
1789903986245,83,122080,1,1328,-0.901,1,-0.75,Walking,True,3.9,0,0
1789903986245,83,122080,1,1328,-0.901,1,-0.75,Walking,True,3.9,0,0
1789903986245,83,122080,1,1328,-0.901,1,-0.75,Walking,True,3.9,0,0
1789903986245,83,122080,1,1328,-0.901,1,-0.75,Walking,True,3.9,0,0
1789903986261,84,123574,1,1344,-0.901,1,-0.75,Walking,True,3.9,0,0
1789903986261,84,123574,1,1344,-0.901,1,-0.75,Walking,True,3.9,0,0
1789903986261,84,123574,1,1344,-0.901,1,-0.75,Walking,True,3.9,0,0
1789903986261,84,123574,1,1344,-0.901,1,-0.75,Walking,True,3.9,0,0
1789903986261,84,123574,1,1344,-0.901,1,-0.75,Walking,True,3.9,0,0
1789903986261,84,123574,1,1344,-0.901,1,-0.75,Walking,True,3.9,0,0
1789903986261,84,123574,1,1344,-0.901,1,-0.75,Walking,True,3.9,0,0
1789903986261,84,123574,1,1344,-0.901,1,-0.75,Walking,True,3.9,0,0
1789903986276,85,125077,1,1360,-0.901,1,-0.75,Walking,True,3.9,0,0
1789903986276,85,125077,1,1360,-0.901,1,-0.75,Walking,True,3.9,0,0
1789903986276,85,125077,1,1360,-0.901,1,-0.75,Walking,True,3.9,0,0
1789903986276,85,125077,1,1360,-0.901,1,-0.75,Walking,True,3.9,0,0
1789903986276,85,125077,1,1360,-0.901,1,-0.75,Walking,True,3.9,0,0
1789903986276,85,125077,1,1360,-0.901,1,-0.75,Walking,True,3.9,0,0
1789903986276,85,125077,1,1360,-0.901,1,-0.75,Walking,True,3.9,0,0
1789903986276,85,125077,1,1360,-0.901,1,-0.75,Walking,True,3.9,0,0
1789903986291,86,126402,1,1376,-0.901,1,-0.75,Walking,True,3.9,0,0
1789903986291,86,126402,1,1376,-0.901,1,-0.75,Walking,True,3.9,0,0
1789903986291,86,126402,1,1376,-0.901,1,-0.75,Walking,True,3.9,0,0
1789903986291,86,126402,1,1376,-0.901,1,-0.75,Walking,True,3.9,0,0
1789903986291,86,126402,1,1376,-0.901,1,-0.75,Walking,True,3.9,0,0
1789903986291,86,126402,1,1376,-0.901,1,-0.75,Walking,True,3.9,0,0
1789903986291,86,126402,1,1376,-0.901,1,-0.75,Walking,True,3.9,0,0
1789903986291,86,126402,1,1376,-0.901,1,-0.75,Walking,True,3.9,0,0
1789903986306,87,127866,1,1392,-0.901,1,-0.75,Walking,True,3.9,0,0
1789903986306,87,127866,1,1392,-0.901,1,-0.75,Walking,True,3.9,0,0
1789903986306,87,127866,1,1392,-0.901,1,-0.75,Walking,True,3.9,0,0
1789903986306,87,127866,1,1392,-0.901,1,-0.75,Walking,True,3.9,0,0
1789903986306,87,127866,1,1392,-0.901,1,-0.75,Walking,True,3.9,0,0
1789903986306,87,127866,1,1392,-0.901,1,-0.75,Walking,True,3.9,0,0
1789903986306,87,127866,1,1392,-0.901,1,-0.75,Walking,True,3.9,0,0
1789903986306,87,127866,1,1392,-0.901,1,-0.75,Walking,True,3.9,0,0
1789903986322,88,129420,1,1408,-0.901,1,-0.75,Walking,True,3.9,0,0
1789903986322,88,129420,1,1408,-0.901,1,-0.75,Walking,True,3.9,0,0
1789903986322,88,129420,1,1408,-0.901,1,-0.75,Walking,True,3.9,0,0
1789903986322,88,129420,1,1408,-0.901,1,-0.75,Walking,True,3.9,0,0
1789903986322,88,129420,1,1408,-0.901,1,-0.75,Walking,True,3.9,0,0
1789903986322,88,129420,1,1408,-0.901,1,-0.75,Walking,True,3.9,0,0
1789903986322,88,129420,1,1408,-0.901,1,-0.75,Walking,True,3.9,0,0
1789903986322,88,129420,1,1408,-0.901,1,-0.75,Walking,True,3.9,0,0
1789903986338,89,130847,1,1424,-0.901,1,-0.75,Walking,True,3.9,0,0
1789903986338,89,130847,1,1424,-0.901,1,-0.75,Walking,True,3.9,0,0
1789903986338,89,130847,1,1424,-0.901,1,-0.75,Walking,True,3.9,0,0
1789903986338,89,130847,1,1424,-0.901,1,-0.75,Walking,True,3.9,0,0
1789903986338,89,130847,1,1424,-0.901,1,-0.75,Walking,True,3.9,0,0
1789903986338,89,130847,1,1424,-0.901,1,-0.75,Walking,True,3.9,0,0
1789903986338,89,130847,1,1424,-0.901,1,-0.75,Walking,True,3.9,0,0
1789903986338,89,130847,1,1424,-0.901,1,-0.75,Walking,True,3.9,0,0
1789903986368,90,132413,1,1440,-0.901,1,-0.75,Walking,True,3.9,0,0
1789903986368,90,132413,1,1440,-0.901,1,-0.75,Walking,True,3.9,0,0
1789903986368,90,132413,1,1440,-0.901,1,-0.75,Walking,True,3.9,0,0
1789903986368,90,132413,1,1440,-0.901,1,-0.75,Walking,True,3.9,0,0
1789903986368,90,132413,1,1440,-0.901,1,-0.75,Walking,True,3.9,0,0
1789903986368,90,132413,1,1440,-0.901,1,-0.75,Walking,True,3.9,0,0
1789903986368,90,132413,1,1440,-0.901,1,-0.75,Walking,True,3.9,0,0
1789903986368,90,132413,1,1440,-0.901,1,-0.75,Walking,True,3.9,0,0
1789903986384,91,135239,1,1456,-0.901,1,-0.75,Walking,True,3.9,0,0
1789903986384,91,135239,1,1456,-0.901,1,-0.75,Walking,True,3.9,0,0
1789903986384,91,135239,1,1456,-0.901,1,-0.75,Walking,True,3.9,0,0
1789903986384,91,135239,1,1456,-0.901,1,-0.75,Walking,True,3.9,0,0
1789903986384,91,135239,1,1456,-0.901,1,-0.75,Walking,True,3.9,0,0
1789903986384,91,135239,1,1456,-0.901,1,-0.75,Walking,True,3.9,0,0
1789903986384,91,135239,1,1456,-0.901,1,-0.75,Walking,True,3.9,0,0
1789903986384,91,135239,1,1456,-0.901,1,-0.75,Walking,True,3.9,0,0
1789903986400,92,136578,1,1472,-0.901,1,-0.75,Walking,True,3.9,0,0
1789903986400,92,136578,1,1472,-0.901,1,-0.75,Walking,True,3.9,0,0
1789903986400,92,136578,1,1472,-0.901,1,-0.75,Walking,True,3.9,0,0
1789903986400,92,136578,1,1472,-0.901,1,-0.75,Walking,True,3.9,0,0
1789903986400,92,136578,1,1472,-0.901,1,-0.75,Walking,True,3.9,0,0
1789903986400,92,136578,1,1472,-0.901,1,-0.75,Walking,True,3.9,0,0
1789903986400,92,136578,1,1472,-0.901,1,-0.75,Walking,True,3.9,0,0
1789903986400,92,136578,1,1472,-0.901,1,-0.75,Walking,True,3.9,0,0
1789903986414,93,138101,1,1488,-0.901,1,-0.75,Walking,True,3.9,0,0
1789903986414,93,138101,1,1488,-0.901,1,-0.75,Walking,True,3.9,0,0
1789903986414,93,138101,1,1488,-0.901,1,-0.75,Walking,True,3.9,0,0
1789903986414,93,138101,1,1488,-0.901,1,-0.75,Walking,True,3.9,0,0
1789903986414,93,138101,1,1488,-0.901,1,-0.75,Walking,True,3.9,0,0
1789903986414,93,138101,1,1488,-0.901,1,-0.75,Walking,True,3.9,0,0
1789903986414,93,138101,1,1488,-0.901,1,-0.75,Walking,True,3.9,0,0
1789903986414,93,138101,1,1488,-0.901,1,-0.75,Walking,True,3.9,0,0
1789903986430,94,139500,1,1504,-0.901,1,-0.75,Walking,True,3.9,0,0
1789903986430,94,139500,1,1504,-0.901,1,-0.75,Walking,True,3.9,0,0
1789903986430,94,139500,1,1504,-0.901,1,-0.75,Walking,True,3.9,0,0
1789903986430,94,139500,1,1504,-0.901,1,-0.75,Walking,True,3.9,0,0
1789903986430,94,139500,1,1504,-0.901,1,-0.75,Walking,True,3.9,0,0
1789903986430,94,139500,1,1504,-0.901,1,-0.75,Walking,True,3.9,0,0
1789903986430,94,139500,1,1504,-0.901,1,-0.75,Walking,True,3.9,0,0
1789903986430,94,139500,1,1504,-0.901,1,-0.75,Walking,True,3.9,0,0
1789903986445,95,140995,1,1520,-0.901,1,-0.75,Walking,True,3.9,0,0
1789903986445,95,140995,1,1520,-0.901,1,-0.75,Walking,True,3.9,0,0
1789903986445,95,140995,1,1520,-0.901,1,-0.75,Walking,True,3.9,0,0
1789903986445,95,140995,1,1520,-0.901,1,-0.75,Walking,True,3.9,0,0
1789903986445,95,140995,1,1520,-0.901,1,-0.75,Walking,True,3.9,0,0
1789903986445,95,140995,1,1520,-0.901,1,-0.75,Walking,True,3.9,0,0
1789903986445,95,140995,1,1520,-0.901,1,-0.75,Walking,True,3.9,0,0
1789903986445,95,140995,1,1520,-0.901,1,-0.75,Walking,True,3.9,0,0
1789903986461,96,142491,1,1536,-0.901,1,-0.75,Walking,True,3.9,0,0
1789903986461,96,142491,1,1536,-0.901,1,-0.75,Walking,True,3.9,0,0
1789903986461,96,142491,1,1536,-0.901,1,-0.75,Walking,True,3.9,0,0
1789903986461,96,142491,1,1536,-0.901,1,-0.75,Walking,True,3.9,0,0
1789903986461,96,142491,1,1536,-0.901,1,-0.75,Walking,True,3.9,0,0
1789903986461,96,142491,1,1536,-0.901,1,-0.75,Walking,True,3.9,0,0
1789903986461,96,142491,1,1536,-0.901,1,-0.75,Walking,True,3.9,0,0
1789903986461,96,142491,1,1536,-0.901,1,-0.75,Walking,True,3.9,0,0
1789903986476,97,143934,1,1552,-0.901,1,-0.75,Walking,True,3.9,0,0
1789903986476,97,143934,1,1552,-0.901,1,-0.75,Walking,True,3.9,0,0
1789903986476,97,143934,1,1552,-0.901,1,-0.75,Walking,True,3.9,0,0
1789903986476,97,143934,1,1552,-0.901,1,-0.75,Walking,True,3.9,0,0
1789903986476,97,143934,1,1552,-0.901,1,-0.75,Walking,True,3.9,0,0
1789903986476,97,143934,1,1552,-0.901,1,-0.75,Walking,True,3.9,0,0
1789903986476,97,143934,1,1552,-0.901,1,-0.75,Walking,True,3.9,0,0
1789903986476,97,143934,1,1552,-0.901,1,-0.75,Walking,True,3.9,0,0
1789903986492,98,145328,1,1568,-0.901,1,-0.75,Walking,True,3.9,0,0
1789903986492,98,145328,1,1568,-0.901,1,-0.75,Walking,True,3.9,0,0
1789903986492,98,145328,1,1568,-0.901,1,-0.75,Walking,True,3.9,0,0
1789903986492,98,145328,1,1568,-0.901,1,-0.75,Walking,True,3.9,0,0
1789903986492,98,145328,1,1568,-0.901,1,-0.75,Walking,True,3.9,0,0
1789903986492,98,145328,1,1568,-0.901,1,-0.75,Walking,True,3.9,0,0
1789903986492,98,145328,1,1568,-0.901,1,-0.75,Walking,True,3.9,0,0
1789903986492,98,145328,1,1568,-0.901,1,-0.75,Walking,True,3.9,0,0
1789903986508,99,146761,1,1584,-0.901,1,-0.75,Walking,True,3.9,0,0
1789903986508,99,146761,1,1584,-0.901,1,-0.75,Walking,True,3.9,0,0
1789903986508,99,146761,1,1584,-0.901,1,-0.75,Walking,True,3.9,0,0
1789903986508,99,146761,1,1584,-0.901,1,-0.75,Walking,True,3.9,0,0
1789903986508,99,146761,1,1584,-0.901,1,-0.75,Walking,True,3.9,0,0
1789903986508,99,146761,1,1584,-0.901,1,-0.75,Walking,True,3.9,0,0
1789903986508,99,146761,1,1584,-0.901,1,-0.75,Walking,True,3.9,0,0
1789903986508,99,146761,1,1584,-0.901,1,-0.75,Walking,True,3.9,0,0
1789903986524,100,148308,1,1600,-0.901,1,-0.75,Walking,True,3.9,0,0
1789903986524,100,148308,1,1600,-0.901,1,-0.75,Walking,True,3.9,0,0
1789903986524,100,148308,1,1600,-0.901,1,-0.75,Walking,True,3.9,0,0
1789903986524,100,148308,1,1600,-0.901,1,-0.75,Walking,True,3.9,0,0
1789903986524,100,148308,1,1600,-0.901,1,-0.75,Walking,True,3.9,0,0
1789903986524,100,148308,1,1600,-0.901,1,-0.75,Walking,True,3.9,0,0
1789903986524,100,148308,1,1600,-0.901,1,-0.75,Walking,True,3.9,0,0
1789903986524,100,148308,1,1600,-0.901,1,-0.75,Walking,True,3.9,0,0
1789903986540,101,149796,1,1616,-0.901,1,-0.75,Walking,True,3.9,0,0
1789903986540,101,149796,1,1616,-0.901,1,-0.75,Walking,True,3.9,0,0
1789903986540,101,149796,1,1616,-0.901,1,-0.75,Walking,True,3.9,0,0
1789903986540,101,149796,1,1616,-0.901,1,-0.75,Walking,True,3.9,0,0
1789903986540,101,149796,1,1616,-0.901,1,-0.75,Walking,True,3.9,0,0
1789903986540,101,149796,1,1616,-0.901,1,-0.75,Walking,True,3.9,0,0
1789903986540,101,149796,1,1616,-0.901,1,-0.75,Walking,True,3.9,0,0
1789903986540,101,149796,1,1616,-0.901,1,-0.75,Walking,True,3.9,0,0
1789903986555,102,151264,1,1632,-0.901,1,-0.75,Walking,True,3.9,0,0
1789903986555,102,151264,1,1632,-0.901,1,-0.75,Walking,True,3.9,0,0
1789903986555,102,151264,1,1632,-0.901,1,-0.75,Walking,True,3.9,0,0
1789903986555,102,151264,1,1632,-0.901,1,-0.75,Walking,True,3.9,0,0
1789903986555,102,151264,1,1632,-0.901,1,-0.75,Walking,True,3.9,0,0
1789903986555,102,151264,1,1632,-0.901,1,-0.75,Walking,True,3.9,0,0
1789903986555,102,151264,1,1632,-0.901,1,-0.75,Walking,True,3.9,0,0
1789903986555,102,151264,1,1632,-0.901,1,-0.75,Walking,True,3.9,0,0
1789903986571,103,152674,1,1648,-0.901,1,-0.75,Walking,True,3.9,0,0
1789903986571,103,152674,1,1648,-0.901,1,-0.75,Walking,True,3.9,0,0
1789903986571,103,152674,1,1648,-0.901,1,-0.75,Walking,True,3.9,0,0
1789903986571,103,152674,1,1648,-0.901,1,-0.75,Walking,True,3.9,0,0
1789903986571,103,152674,1,1648,-0.901,1,-0.75,Walking,True,3.9,0,0
1789903986571,103,152674,1,1648,-0.901,1,-0.75,Walking,True,3.9,0,0
1789903986571,103,152674,1,1648,-0.901,1,-0.75,Walking,True,3.9,0,0
1789903986571,103,152674,1,1648,-0.901,1,-0.75,Walking,True,3.9,0,0
1789903986586,104,154064,1,1664,-0.901,1,-0.75,Walking,True,3.9,0,0
1789903986586,104,154064,1,1664,-0.901,1,-0.75,Walking,True,3.9,0,0
1789903986586,104,154064,1,1664,-0.901,1,-0.75,Walking,True,3.9,0,0
1789903986586,104,154064,1,1664,-0.901,1,-0.75,Walking,True,3.9,0,0
1789903986586,104,154064,1,1664,-0.901,1,-0.75,Walking,True,3.9,0,0
1789903986586,104,154064,1,1664,-0.901,1,-0.75,Walking,True,3.9,0,0
1789903986586,104,154064,1,1664,-0.901,1,-0.75,Walking,True,3.9,0,0
1789903986586,104,154064,1,1664,-0.901,1,-0.75,Walking,True,3.9,0,0
1789903986603,105,155468,1,1680,-0.901,1,-0.75,Walking,True,3.9,0,0
1789903986603,105,155468,1,1680,-0.901,1,-0.75,Walking,True,3.9,0,0
1789903986603,105,155468,1,1680,-0.901,1,-0.75,Walking,True,3.9,0,0
1789903986603,105,155468,1,1680,-0.901,1,-0.75,Walking,True,3.9,0,0
1789903986603,105,155468,1,1680,-0.901,1,-0.75,Walking,True,3.9,0,0
1789903986603,105,155468,1,1680,-0.901,1,-0.75,Walking,True,3.9,0,0
1789903986603,105,155468,1,1680,-0.901,1,-0.75,Walking,True,3.9,0,0
1789903986603,105,155468,1,1680,-0.901,1,-0.75,Walking,True,3.9,0,0
1789903986618,106,156989,1,1696,-0.901,1,-0.75,Walking,True,3.9,0,0
1789903986618,106,156989,1,1696,-0.901,1,-0.75,Walking,True,3.9,0,0
1789903986618,106,156989,1,1696,-0.901,1,-0.75,Walking,True,3.9,0,0
1789903986618,106,156989,1,1696,-0.901,1,-0.75,Walking,True,3.9,0,0
1789903986618,106,156989,1,1696,-0.901,1,-0.75,Walking,True,3.9,0,0
1789903986618,106,156989,1,1696,-0.901,1,-0.75,Walking,True,3.9,0,0
1789903986618,106,156989,1,1696,-0.901,1,-0.75,Walking,True,3.9,0,0
1789903986618,106,156989,1,1696,-0.901,1,-0.75,Walking,True,3.9,0,0
1789903986633,107,158394,1,1712,-0.901,1,-0.75,Walking,True,3.9,0,0
1789903986633,107,158394,1,1712,-0.901,1,-0.75,Walking,True,3.9,0,0
1789903986633,107,158394,1,1712,-0.901,1,-0.75,Walking,True,3.9,0,0
1789903986633,107,158394,1,1712,-0.901,1,-0.75,Walking,True,3.9,0,0
1789903986633,107,158394,1,1712,-0.901,1,-0.75,Walking,True,3.9,0,0
1789903986633,107,158394,1,1712,-0.901,1,-0.75,Walking,True,3.9,0,0
1789903986633,107,158394,1,1712,-0.901,1,-0.75,Walking,True,3.9,0,0
1789903986633,107,158394,1,1712,-0.901,1,-0.75,Walking,True,3.9,0,0
1789903986648,108,159799,1,1728,-0.901,1,-0.75,Walking,True,3.9,0,0
1789903986648,108,159799,1,1728,-0.901,1,-0.75,Walking,True,3.9,0,0
1789903986648,108,159799,1,1728,-0.901,1,-0.75,Walking,True,3.9,0,0
1789903986648,108,159799,1,1728,-0.901,1,-0.75,Walking,True,3.9,0,0
1789903986648,108,159799,1,1728,-0.901,1,-0.75,Walking,True,3.9,0,0
1789903986648,108,159799,1,1728,-0.901,1,-0.75,Walking,True,3.9,0,0
1789903986648,108,159799,1,1728,-0.901,1,-0.75,Walking,True,3.9,0,0
1789903986648,108,159799,1,1728,-0.901,1,-0.75,Walking,True,3.9,0,0
1789903986664,109,161237,1,1744,-0.901,1,-0.75,Walking,True,3.9,0,0
1789903986664,109,161237,1,1744,-0.901,1,-0.75,Walking,True,3.9,0,0
1789903986664,109,161237,1,1744,-0.901,1,-0.75,Walking,True,3.9,0,0
1789903986664,109,161237,1,1744,-0.901,1,-0.75,Walking,True,3.9,0,0
1789903986664,109,161237,1,1744,-0.901,1,-0.75,Walking,True,3.9,0,0
1789903986664,109,161237,1,1744,-0.901,1,-0.75,Walking,True,3.9,0,0
1789903986664,109,161237,1,1744,-0.901,1,-0.75,Walking,True,3.9,0,0
1789903986664,109,161237,1,1744,-0.901,1,-0.75,Walking,True,3.9,0,0
1789903986679,110,162660,1,1760,-0.901,1,-0.75,Walking,True,3.9,0,0
1789903986679,110,162660,1,1760,-0.901,1,-0.75,Walking,True,3.9,0,0
1789903986679,110,162660,1,1760,-0.901,1,-0.75,Walking,True,3.9,0,0
1789903986679,110,162660,1,1760,-0.901,1,-0.75,Walking,True,3.9,0,0
1789903986679,110,162660,1,1760,-0.901,1,-0.75,Walking,True,3.9,0,0
1789903986679,110,162660,1,1760,-0.901,1,-0.75,Walking,True,3.9,0,0
1789903986679,110,162660,1,1760,-0.901,1,-0.75,Walking,True,3.9,0,0
1789903986679,110,162660,1,1760,-0.901,1,-0.75,Walking,True,3.9,0,0
1789903986695,111,164076,1,1776,-0.901,1,-0.75,Walking,True,3.9,0,0
1789903986695,111,164076,1,1776,-0.901,1,-0.75,Walking,True,3.9,0,0
1789903986695,111,164076,1,1776,-0.901,1,-0.75,Walking,True,3.9,0,0
1789903986695,111,164076,1,1776,-0.901,1,-0.75,Walking,True,3.9,0,0
1789903986695,111,164076,1,1776,-0.901,1,-0.75,Walking,True,3.9,0,0
1789903986695,111,164076,1,1776,-0.901,1,-0.75,Walking,True,3.9,0,0
1789903986695,111,164076,1,1776,-0.901,1,-0.75,Walking,True,3.9,0,0
1789903986695,111,164076,1,1776,-0.901,1,-0.75,Walking,True,3.9,0,0
1789903986710,112,165568,1,1792,-0.901,1,-0.75,Walking,True,3.9,0,0
1789903986710,112,165568,1,1792,-0.901,1,-0.75,Walking,True,3.9,0,0
1789903986710,112,165568,1,1792,-0.901,1,-0.75,Walking,True,3.9,0,0
1789903986710,112,165568,1,1792,-0.901,1,-0.75,Walking,True,3.9,0,0
1789903986710,112,165568,1,1792,-0.901,1,-0.75,Walking,True,3.9,0,0
1789903986710,112,165568,1,1792,-0.901,1,-0.75,Walking,True,3.9,0,0
1789903986710,112,165568,1,1792,-0.901,1,-0.75,Walking,True,3.9,0,0
1789903986710,112,165568,1,1792,-0.901,1,-0.75,Walking,True,3.9,0,0
1789903986726,113,167046,1,1808,-0.901,1,-0.75,Walking,True,3.9,0,0
1789903986726,113,167046,1,1808,-0.901,1,-0.75,Walking,True,3.9,0,0
1789903986726,113,167046,1,1808,-0.901,1,-0.75,Walking,True,3.9,0,0
1789903986726,113,167046,1,1808,-0.901,1,-0.75,Walking,True,3.9,0,0
1789903986726,113,167046,1,1808,-0.901,1,-0.75,Walking,True,3.9,0,0
1789903986726,113,167046,1,1808,-0.901,1,-0.75,Walking,True,3.9,0,0
1789903986726,113,167046,1,1808,-0.901,1,-0.75,Walking,True,3.9,0,0
1789903986726,113,167046,1,1808,-0.901,1,-0.75,Walking,True,3.9,0,0
1789903986742,114,168508,1,1824,-0.901,1,-0.75,Walking,True,3.9,0,0
1789903986742,114,168508,1,1824,-0.901,1,-0.75,Walking,True,3.9,0,0
1789903986742,114,168508,1,1824,-0.901,1,-0.75,Walking,True,3.9,0,0
1789903986742,114,168508,1,1824,-0.901,1,-0.75,Walking,True,3.9,0,0
1789903986743,114,168508,1,1824,-0.901,1,-0.75,Walking,True,3.9,0,0
1789903986743,114,168508,1,1824,-0.901,1,-0.75,Walking,True,3.9,0,0
1789903986743,114,168508,1,1824,-0.901,1,-0.75,Walking,True,3.9,0,0
1789903986743,114,168508,1,1824,-0.901,1,-0.75,Walking,True,3.9,0,0
1789903986758,115,169998,1,1840,-0.901,1,-0.75,Walking,True,3.9,0,0
1789903986758,115,169998,1,1840,-0.901,1,-0.75,Walking,True,3.9,0,0
1789903986758,115,169998,1,1840,-0.901,1,-0.75,Walking,True,3.9,0,0
1789903986758,115,169998,1,1840,-0.901,1,-0.75,Walking,True,3.9,0,0
1789903986758,115,169998,1,1840,-0.901,1,-0.75,Walking,True,3.9,0,0
1789903986758,115,169998,1,1840,-0.901,1,-0.75,Walking,True,3.9,0,0
1789903986758,115,169998,1,1840,-0.901,1,-0.75,Walking,True,3.9,0,0
1789903986758,115,169998,1,1840,-0.901,1,-0.75,Walking,True,3.9,0,0
1789903986774,116,171441,1,1856,-0.901,1,-0.75,Walking,True,3.9,0,0
1789903986774,116,171441,1,1856,-0.901,1,-0.75,Walking,True,3.9,0,0
1789903986774,116,171441,1,1856,-0.901,1,-0.75,Walking,True,3.9,0,0
1789903986774,116,171441,1,1856,-0.901,1,-0.75,Walking,True,3.9,0,0
1789903986774,116,171441,1,1856,-0.901,1,-0.75,Walking,True,3.9,0,0
1789903986774,116,171441,1,1856,-0.901,1,-0.75,Walking,True,3.9,0,0
1789903986774,116,171441,1,1856,-0.901,1,-0.75,Walking,True,3.9,0,0
1789903986774,116,171441,1,1856,-0.901,1,-0.75,Walking,True,3.9,0,0
1789903986790,117,172889,1,1872,-0.901,1,-0.75,Walking,True,3.9,0,0
1789903986790,117,172889,1,1872,-0.901,1,-0.75,Walking,True,3.9,0,0
1789903986790,117,172889,1,1872,-0.901,1,-0.75,Walking,True,3.9,0,0
1789903986790,117,172889,1,1872,-0.901,1,-0.75,Walking,True,3.9,0,0
1789903986790,117,172889,1,1872,-0.901,1,-0.75,Walking,True,3.9,0,0
1789903986790,117,172889,1,1872,-0.901,1,-0.75,Walking,True,3.9,0,0
1789903986790,117,172889,1,1872,-0.901,1,-0.75,Walking,True,3.9,0,0
1789903986790,117,172889,1,1872,-0.901,1,-0.75,Walking,True,3.9,0,0
1789903986805,118,174387,1,1888,-0.901,1,-0.75,Walking,True,3.9,0,0
1789903986805,118,174387,1,1888,-0.901,1,-0.75,Walking,True,3.9,0,0
1789903986805,118,174387,1,1888,-0.901,1,-0.75,Walking,True,3.9,0,0
1789903986805,118,174387,1,1888,-0.901,1,-0.75,Walking,True,3.9,0,0
1789903986805,118,174387,1,1888,-0.901,1,-0.75,Walking,True,3.9,0,0
1789903986805,118,174387,1,1888,-0.901,1,-0.75,Walking,True,3.9,0,0
1789903986805,118,174387,1,1888,-0.901,1,-0.75,Walking,True,3.9,0,0
1789903986805,118,174387,1,1888,-0.901,1,-0.75,Walking,True,3.9,0,0
1789903986821,119,175787,1,1904,-0.901,1,-0.75,Walking,True,3.9,0,0
1789903986821,119,175787,1,1904,-0.901,1,-0.75,Walking,True,3.9,0,0
1789903986821,119,175787,1,1904,-0.901,1,-0.75,Walking,True,3.9,0,0
1789903986821,119,175787,1,1904,-0.901,1,-0.75,Walking,True,3.9,0,0
1789903986821,119,175787,1,1904,-0.901,1,-0.75,Walking,True,3.9,0,0
1789903986821,119,175787,1,1904,-0.901,1,-0.75,Walking,True,3.9,0,0
1789903986821,119,175787,1,1904,-0.901,1,-0.75,Walking,True,3.9,0,0
1789903986821,119,175787,1,1904,-0.901,1,-0.75,Walking,True,3.9,0,0
1789903986836,120,177411,1,1920,-0.901,1,-0.75,Walking,True,3.9,0,0
1789903986836,120,177411,1,1920,-0.901,1,-0.75,Walking,True,3.9,0,0
1789903986836,120,177411,1,1920,-0.901,1,-0.75,Walking,True,3.9,0,0
1789903986836,120,177411,1,1920,-0.901,1,-0.75,Walking,True,3.9,0,0
1789903986836,120,177411,1,1920,-0.901,1,-0.75,Walking,True,3.9,0,0
1789903986836,120,177411,1,1920,-0.901,1,-0.75,Walking,True,3.9,0,0
1789903986836,120,177411,1,1920,-0.901,1,-0.75,Walking,True,3.9,0,0
1789903986836,120,177411,1,1920,-0.901,1,-0.75,Walking,True,3.9,0,0
1789903986852,121,178828,1,1936,-0.901,1,-0.75,Walking,True,3.9,0,0
1789903986852,121,178828,1,1936,-0.901,1,-0.75,Walking,True,3.9,0,0
1789903986852,121,178828,1,1936,-0.901,1,-0.75,Walking,True,3.9,0,0
1789903986852,121,178828,1,1936,-0.901,1,-0.75,Walking,True,3.9,0,0
1789903986852,121,178828,1,1936,-0.901,1,-0.75,Walking,True,3.9,0,0
1789903986852,121,178828,1,1936,-0.901,1,-0.75,Walking,True,3.9,0,0
1789903986852,121,178828,1,1936,-0.901,1,-0.75,Walking,True,3.9,0,0
1789903986852,121,178828,1,1936,-0.901,1,-0.75,Walking,True,3.9,0,0
1789903986867,122,180348,1,1952,-0.901,1,-0.75,Walking,True,3.9,0,0
1789903986867,122,180348,1,1952,-0.901,1,-0.75,Walking,True,3.9,0,0
1789903986867,122,180348,1,1952,-0.901,1,-0.75,Walking,True,3.9,0,0
1789903986867,122,180348,1,1952,-0.901,1,-0.75,Walking,True,3.9,0,0
1789903986867,122,180348,1,1952,-0.901,1,-0.75,Walking,True,3.9,0,0
1789903986867,122,180348,1,1952,-0.901,1,-0.75,Walking,True,3.9,0,0
1789903986867,122,180348,1,1952,-0.901,1,-0.75,Walking,True,3.9,0,0
1789903986867,122,180348,1,1952,-0.901,1,-0.75,Walking,True,3.9,0,0
1789903986882,123,181789,1,1968,-0.901,1,-0.75,Walking,True,3.9,0,0
1789903986882,123,181789,1,1968,-0.901,1,-0.75,Walking,True,3.9,0,0
1789903986882,123,181789,1,1968,-0.901,1,-0.75,Walking,True,3.9,0,0
1789903986882,123,181789,1,1968,-0.901,1,-0.75,Walking,True,3.9,0,0
1789903986882,123,181789,1,1968,-0.901,1,-0.75,Walking,True,3.9,0,0
1789903986882,123,181789,1,1968,-0.901,1,-0.75,Walking,True,3.9,0,0
1789903986882,123,181789,1,1968,-0.901,1,-0.75,Walking,True,3.9,0,0
1789903986882,123,181789,1,1968,-0.901,1,-0.75,Walking,True,3.9,0,0
1789903986897,124,183259,1,1984,-0.901,1,-0.75,Walking,True,3.9,0,0
1789903986897,124,183259,1,1984,-0.901,1,-0.75,Walking,True,3.9,0,0
1789903986897,124,183259,1,1984,-0.901,1,-0.75,Walking,True,3.9,0,0
1789903986897,124,183259,1,1984,-0.901,1,-0.75,Walking,True,3.9,0,0
1789903986897,124,183259,1,1984,-0.901,1,-0.75,Walking,True,3.9,0,0
1789903986897,124,183259,1,1984,-0.901,1,-0.75,Walking,True,3.9,0,0
1789903986897,124,183259,1,1984,-0.901,1,-0.75,Walking,True,3.9,0,0
1789903986897,124,183259,1,1984,-0.901,1,-0.75,Walking,True,3.9,0,0
1789903986913,125,184601,1,2000,-0.901,1,-0.75,Walking,True,3.9,0,0
1789903986913,125,184601,1,2000,-0.901,1,-0.75,Walking,True,3.9,0,0
1789903986913,125,184601,1,2000,-0.901,1,-0.75,Walking,True,3.9,0,0
1789903986913,125,184601,1,2000,-0.901,1,-0.75,Walking,True,3.9,0,0
1789903986913,125,184601,1,2000,-0.901,1,-0.75,Walking,True,3.9,0,0
1789903986913,125,184601,1,2000,-0.901,1,-0.75,Walking,True,3.9,0,0
1789903986913,125,184601,1,2000,-0.901,1,-0.75,Walking,True,3.9,0,0
1789903986913,125,184601,1,2000,-0.901,1,-0.75,Walking,True,3.9,0,0
1789903986929,126,186082,1,2016,-0.901,1,-0.75,Walking,True,3.9,0,0
1789903986929,126,186082,1,2016,-0.901,1,-0.75,Walking,True,3.9,0,0
1789903986929,126,186082,1,2016,-0.901,1,-0.75,Walking,True,3.9,0,0
1789903986929,126,186082,1,2016,-0.901,1,-0.75,Walking,True,3.9,0,0
1789903986929,126,186082,1,2016,-0.901,1,-0.75,Walking,True,3.9,0,0
1789903986929,126,186082,1,2016,-0.901,1,-0.75,Walking,True,3.9,0,0
1789903986929,126,186082,1,2016,-0.901,1,-0.75,Walking,True,3.9,0,0
1789903986929,126,186082,1,2016,-0.901,1,-0.75,Walking,True,3.9,0,0
1789903986960,127,187610,1,2032,-0.901,1,-0.75,Walking,True,3.9,0,0
1789903986960,127,187610,1,2032,-0.901,1,-0.75,Walking,True,3.9,0,0
1789903986960,127,187610,1,2032,-0.901,1,-0.75,Walking,True,3.9,0,0
1789903986960,127,187610,1,2032,-0.901,1,-0.75,Walking,True,3.9,0,0
1789903986960,127,187610,1,2032,-0.901,1,-0.75,Walking,True,3.9,0,0
1789903986960,127,187610,1,2032,-0.901,1,-0.75,Walking,True,3.9,0,0
1789903986960,127,187610,1,2032,-0.901,1,-0.75,Walking,True,3.9,0,0
1789903986960,127,187610,1,2032,-0.901,1,-0.75,Walking,True,3.9,0,0
1789903986975,128,190527,1,2048,-0.901,1,-0.75,Walking,True,3.9,0,0
1789903986975,128,190527,1,2048,-0.901,1,-0.75,Walking,True,3.9,0,0
1789903986975,128,190527,1,2048,-0.901,1,-0.75,Walking,True,3.9,0,0
1789903986975,128,190527,1,2048,-0.901,1,-0.75,Walking,True,3.9,0,0
1789903986975,128,190527,1,2048,-0.901,1,-0.75,Walking,True,3.9,0,0
1789903986975,128,190527,1,2048,-0.901,1,-0.75,Walking,True,3.9,0,0
1789903986975,128,190527,1,2048,-0.901,1,-0.75,Walking,True,3.9,0,0
1789903986975,128,190527,1,2048,-0.901,1,-0.75,Walking,True,3.9,0,0
1789903986991,129,191997,1,2064,-0.901,1,-0.75,Walking,True,3.9,0,0
1789903986991,129,191997,1,2064,-0.901,1,-0.75,Walking,True,3.9,0,0
1789903986991,129,191997,1,2064,-0.901,1,-0.75,Walking,True,3.9,0,0
1789903986991,129,191997,1,2064,-0.901,1,-0.75,Walking,True,3.9,0,0
1789903986991,129,191997,1,2064,-0.901,1,-0.75,Walking,True,3.9,0,0
1789903986991,129,191997,1,2064,-0.901,1,-0.75,Walking,True,3.9,0,0
1789903986991,129,191997,1,2064,-0.901,1,-0.75,Walking,True,3.9,0,0
1789903986991,129,191997,1,2064,-0.901,1,-0.75,Walking,True,3.9,0,0
1789903987006,130,193354,1,2080,-0.901,1,-0.75,Walking,True,3.9,0,0
1789903987006,130,193354,1,2080,-0.901,1,-0.75,Walking,True,3.9,0,0
1789903987006,130,193354,1,2080,-0.901,1,-0.75,Walking,True,3.9,0,0
1789903987006,130,193354,1,2080,-0.901,1,-0.75,Walking,True,3.9,0,0
1789903987006,130,193354,1,2080,-0.901,1,-0.75,Walking,True,3.9,0,0
1789903987006,130,193354,1,2080,-0.901,1,-0.75,Walking,True,3.9,0,0
1789903987006,130,193354,1,2080,-0.901,1,-0.75,Walking,True,3.9,0,0
1789903987006,130,193354,1,2080,-0.901,1,-0.75,Walking,True,3.9,0,0
1789903987022,131,194788,1,2096,-0.901,1,-0.75,Walking,True,3.9,0,0
1789903987022,131,194788,1,2096,-0.901,1,-0.75,Walking,True,3.9,0,0
1789903987022,131,194788,1,2096,-0.901,1,-0.75,Walking,True,3.9,0,0
1789903987022,131,194788,1,2096,-0.901,1,-0.75,Walking,True,3.9,0,0
1789903987022,131,194788,1,2096,-0.901,1,-0.75,Walking,True,3.9,0,0
1789903987022,131,194788,1,2096,-0.901,1,-0.75,Walking,True,3.9,0,0
1789903987022,131,194788,1,2096,-0.901,1,-0.75,Walking,True,3.9,0,0
1789903987022,131,194788,1,2096,-0.901,1,-0.75,Walking,True,3.9,0,0
1789903987037,132,196200,1,2112,-0.901,1,-0.75,Walking,True,3.9,0,0
1789903987037,132,196200,1,2112,-0.901,1,-0.75,Walking,True,3.9,0,0
1789903987037,132,196200,1,2112,-0.901,1,-0.75,Walking,True,3.9,0,0
1789903987037,132,196200,1,2112,-0.901,1,-0.75,Walking,True,3.9,0,0
1789903987037,132,196200,1,2112,-0.901,1,-0.75,Walking,True,3.9,0,0
1789903987037,132,196200,1,2112,-0.901,1,-0.75,Walking,True,3.9,0,0
1789903987037,132,196200,1,2112,-0.901,1,-0.75,Walking,True,3.9,0,0
1789903987037,132,196200,1,2112,-0.901,1,-0.75,Walking,True,3.9,0,0
1789903987053,133,197713,1,2128,-0.901,1,-0.75,Walking,True,3.9,0,0
1789903987053,133,197713,1,2128,-0.901,1,-0.75,Walking,True,3.9,0,0
1789903987053,133,197713,1,2128,-0.901,1,-0.75,Walking,True,3.9,0,0
1789903987053,133,197713,1,2128,-0.901,1,-0.75,Walking,True,3.9,0,0
1789903987053,133,197713,1,2128,-0.901,1,-0.75,Walking,True,3.9,0,0
1789903987053,133,197713,1,2128,-0.901,1,-0.75,Walking,True,3.9,0,0
1789903987053,133,197713,1,2128,-0.901,1,-0.75,Walking,True,3.9,0,0
1789903987053,133,197713,1,2128,-0.901,1,-0.75,Walking,True,3.9,0,0
1789903987069,134,199298,1,2144,-0.901,1,-0.75,Walking,True,3.9,0,0
1789903987069,134,199298,1,2144,-0.901,1,-0.75,Walking,True,3.9,0,0
1789903987069,134,199298,1,2144,-0.901,1,-0.75,Walking,True,3.9,0,0
1789903987069,134,199298,1,2144,-0.901,1,-0.75,Walking,True,3.9,0,0
1789903987069,134,199298,1,2144,-0.901,1,-0.75,Walking,True,3.9,0,0
1789903987069,134,199298,1,2144,-0.901,1,-0.75,Walking,True,3.9,0,0
1789903987069,134,199298,1,2144,-0.901,1,-0.75,Walking,True,3.9,0,0
1789903987069,134,199298,1,2144,-0.901,1,-0.75,Walking,True,3.9,0,0
1789903987085,135,200847,1,2160,-0.901,1,-0.75,Walking,True,3.9,0,0
1789903987085,135,200847,1,2160,-0.901,1,-0.75,Walking,True,3.9,0,0
1789903987085,135,200847,1,2160,-0.901,1,-0.75,Walking,True,3.9,0,0
1789903987085,135,200847,1,2160,-0.901,1,-0.75,Walking,True,3.9,0,0
1789903987085,135,200847,1,2160,-0.901,1,-0.75,Walking,True,3.9,0,0
1789903987085,135,200847,1,2160,-0.901,1,-0.75,Walking,True,3.9,0,0
1789903987085,135,200847,1,2160,-0.901,1,-0.75,Walking,True,3.9,0,0
1789903987085,135,200847,1,2160,-0.901,1,-0.75,Walking,True,3.9,0,0
1789903987100,136,202447,1,2176,-0.901,1,-0.75,Walking,True,3.9,0,0
1789903987100,136,202447,1,2176,-0.901,1,-0.75,Walking,True,3.9,0,0
1789903987100,136,202447,1,2176,-0.901,1,-0.75,Walking,True,3.9,0,0
1789903987100,136,202447,1,2176,-0.901,1,-0.75,Walking,True,3.9,0,0
1789903987100,136,202447,1,2176,-0.901,1,-0.75,Walking,True,3.9,0,0
1789903987100,136,202447,1,2176,-0.901,1,-0.75,Walking,True,3.9,0,0
1789903987100,136,202447,1,2176,-0.901,1,-0.75,Walking,True,3.9,0,0
1789903987100,136,202447,1,2176,-0.901,1,-0.75,Walking,True,3.9,0,0
1789903987116,137,203904,1,2192,-0.901,1,-0.75,Walking,True,3.9,0,0
1789903987116,137,203904,1,2192,-0.901,1,-0.75,Walking,True,3.9,0,0
1789903987116,137,203904,1,2192,-0.901,1,-0.75,Walking,True,3.9,0,0
1789903987116,137,203904,1,2192,-0.901,1,-0.75,Walking,True,3.9,0,0
1789903987116,137,203904,1,2192,-0.901,1,-0.75,Walking,True,3.9,0,0
1789903987116,137,203904,1,2192,-0.901,1,-0.75,Walking,True,3.9,0,0
1789903987116,137,203904,1,2192,-0.901,1,-0.75,Walking,True,3.9,0,0
1789903987116,137,203904,1,2192,-0.901,1,-0.75,Walking,True,3.9,0,0
1789903987132,138,205344,1,2208,-0.901,1,-0.75,Walking,True,3.9,0,0
1789903987132,138,205344,1,2208,-0.901,1,-0.75,Walking,True,3.9,0,0
1789903987132,138,205344,1,2208,-0.901,1,-0.75,Walking,True,3.9,0,0
1789903987132,138,205344,1,2208,-0.901,1,-0.75,Walking,True,3.9,0,0
1789903987132,138,205344,1,2208,-0.901,1,-0.75,Walking,True,3.9,0,0
1789903987132,138,205344,1,2208,-0.901,1,-0.75,Walking,True,3.9,0,0
1789903987132,138,205344,1,2208,-0.901,1,-0.75,Walking,True,3.9,0,0
1789903987132,138,205344,1,2208,-0.901,1,-0.75,Walking,True,3.9,0,0
1789903987147,139,206883,1,2224,-0.901,1,-0.75,Walking,True,3.9,0,0
1789903987147,139,206883,1,2224,-0.901,1,-0.75,Walking,True,3.9,0,0
1789903987147,139,206883,1,2224,-0.901,1,-0.75,Walking,True,3.9,0,0
1789903987147,139,206883,1,2224,-0.901,1,-0.75,Walking,True,3.9,0,0
1789903987147,139,206883,1,2224,-0.901,1,-0.75,Walking,True,3.9,0,0
1789903987147,139,206883,1,2224,-0.901,1,-0.75,Walking,True,3.9,0,0
1789903987147,139,206883,1,2224,-0.901,1,-0.75,Walking,True,3.9,0,0
1789903987147,139,206883,1,2224,-0.901,1,-0.75,Walking,True,3.9,0,0
1789903987163,140,208317,1,2240,-0.901,1,-0.75,Walking,True,3.9,0,0
1789903987163,140,208317,1,2240,-0.901,1,-0.75,Walking,True,3.9,0,0
1789903987163,140,208317,1,2240,-0.901,1,-0.75,Walking,True,3.9,0,0
1789903987163,140,208317,1,2240,-0.901,1,-0.75,Walking,True,3.9,0,0
1789903987163,140,208317,1,2240,-0.901,1,-0.75,Walking,True,3.9,0,0
1789903987163,140,208317,1,2240,-0.901,1,-0.75,Walking,True,3.9,0,0
1789903987163,140,208317,1,2240,-0.901,1,-0.75,Walking,True,3.9,0,0
1789903987163,140,208317,1,2240,-0.901,1,-0.75,Walking,True,3.9,0,0
1789903987178,141,209773,1,2256,-0.901,1,-0.75,Walking,True,3.9,0,0
1789903987178,141,209773,1,2256,-0.901,1,-0.75,Walking,True,3.9,0,0
1789903987178,141,209773,1,2256,-0.901,1,-0.75,Walking,True,3.9,0,0
1789903987178,141,209773,1,2256,-0.901,1,-0.75,Walking,True,3.9,0,0
1789903987178,141,209773,1,2256,-0.901,1,-0.75,Walking,True,3.9,0,0
1789903987178,141,209773,1,2256,-0.901,1,-0.75,Walking,True,3.9,0,0
1789903987178,141,209773,1,2256,-0.901,1,-0.75,Walking,True,3.9,0,0
1789903987178,141,209773,1,2256,-0.901,1,-0.75,Walking,True,3.9,0,0
1789903987194,142,211181,1,2272,-0.901,1,-0.75,Walking,True,3.9,0,0
1789903987194,142,211181,1,2272,-0.901,1,-0.75,Walking,True,3.9,0,0
1789903987194,142,211181,1,2272,-0.901,1,-0.75,Walking,True,3.9,0,0
1789903987194,142,211181,1,2272,-0.901,1,-0.75,Walking,True,3.9,0,0
1789903987194,142,211181,1,2272,-0.901,1,-0.75,Walking,True,3.9,0,0
1789903987194,142,211181,1,2272,-0.901,1,-0.75,Walking,True,3.9,0,0
1789903987194,142,211181,1,2272,-0.901,1,-0.75,Walking,True,3.9,0,0
1789903987194,142,211181,1,2272,-0.901,1,-0.75,Walking,True,3.9,0,0
1789903987210,143,212680,1,2288,-0.901,1,-0.75,Walking,True,3.9,0,0
1789903987210,143,212680,1,2288,-0.901,1,-0.75,Walking,True,3.9,0,0
1789903987210,143,212680,1,2288,-0.901,1,-0.75,Walking,True,3.9,0,0
1789903987210,143,212680,1,2288,-0.901,1,-0.75,Walking,True,3.9,0,0
1789903987210,143,212680,1,2288,-0.901,1,-0.75,Walking,True,3.9,0,0
1789903987210,143,212680,1,2288,-0.901,1,-0.75,Walking,True,3.9,0,0
1789903987210,143,212680,1,2288,-0.901,1,-0.75,Walking,True,3.9,0,0
1789903987210,143,212680,1,2288,-0.901,1,-0.75,Walking,True,3.9,0,0
1789903987225,144,214187,1,2304,-0.901,1,-0.75,Walking,True,3.9,0,0
1789903987225,144,214187,1,2304,-0.901,1,-0.75,Walking,True,3.9,0,0
1789903987225,144,214187,1,2304,-0.901,1,-0.75,Walking,True,3.9,0,0
1789903987225,144,214187,1,2304,-0.901,1,-0.75,Walking,True,3.9,0,0
1789903987225,144,214187,1,2304,-0.901,1,-0.75,Walking,True,3.9,0,0
1789903987225,144,214187,1,2304,-0.901,1,-0.75,Walking,True,3.9,0,0
1789903987225,144,214187,1,2304,-0.901,1,-0.75,Walking,True,3.9,0,0
1789903987225,144,214187,1,2304,-0.901,1,-0.75,Walking,True,3.9,0,0
1789903987240,145,215536,1,2320,-0.901,1,-0.75,Walking,True,3.9,0,0
1789903987240,145,215536,1,2320,-0.901,1,-0.75,Walking,True,3.9,0,0
1789903987240,145,215536,1,2320,-0.901,1,-0.75,Walking,True,3.9,0,0
1789903987240,145,215536,1,2320,-0.901,1,-0.75,Walking,True,3.9,0,0
1789903987240,145,215536,1,2320,-0.901,1,-0.75,Walking,True,3.9,0,0
1789903987240,145,215536,1,2320,-0.901,1,-0.75,Walking,True,3.9,0,0
1789903987240,145,215536,1,2320,-0.901,1,-0.75,Walking,True,3.9,0,0
1789903987240,145,215536,1,2320,-0.901,1,-0.75,Walking,True,3.9,0,0
1789903987256,146,216959,1,2336,-0.901,1,-0.75,Walking,True,3.9,0,0
1789903987256,146,216959,1,2336,-0.901,1,-0.75,Walking,True,3.9,0,0
1789903987256,146,216959,1,2336,-0.901,1,-0.75,Walking,True,3.9,0,0
1789903987256,146,216959,1,2336,-0.901,1,-0.75,Walking,True,3.9,0,0
1789903987256,146,216959,1,2336,-0.901,1,-0.75,Walking,True,3.9,0,0
1789903987256,146,216959,1,2336,-0.901,1,-0.75,Walking,True,3.9,0,0
1789903987256,146,216959,1,2336,-0.901,1,-0.75,Walking,True,3.9,0,0
1789903987256,146,216959,1,2336,-0.901,1,-0.75,Walking,True,3.9,0,0
1789903987272,147,218439,1,2352,-0.901,1,-0.75,Walking,True,3.9,0,0
1789903987272,147,218439,1,2352,-0.901,1,-0.75,Walking,True,3.9,0,0
1789903987272,147,218439,1,2352,-0.901,1,-0.75,Walking,True,3.9,0,0
1789903987272,147,218439,1,2352,-0.901,1,-0.75,Walking,True,3.9,0,0
1789903987272,147,218439,1,2352,-0.901,1,-0.75,Walking,True,3.9,0,0
1789903987272,147,218439,1,2352,-0.901,1,-0.75,Walking,True,3.9,0,0
1789903987272,147,218439,1,2352,-0.901,1,-0.75,Walking,True,3.9,0,0
1789903987272,147,218439,1,2352,-0.901,1,-0.75,Walking,True,3.9,0,0
1789903987287,148,219983,1,2368,-0.901,1,-0.75,Walking,True,3.9,0,0
1789903987287,148,219983,1,2368,-0.901,1,-0.75,Walking,True,3.9,0,0
1789903987287,148,219983,1,2368,-0.901,1,-0.75,Walking,True,3.9,0,0
1789903987287,148,219983,1,2368,-0.901,1,-0.75,Walking,True,3.9,0,0
1789903987287,148,219983,1,2368,-0.901,1,-0.75,Walking,True,3.9,0,0
1789903987287,148,219983,1,2368,-0.901,1,-0.75,Walking,True,3.9,0,0
1789903987287,148,219983,1,2368,-0.901,1,-0.75,Walking,True,3.9,0,0
1789903987287,148,219983,1,2368,-0.901,1,-0.75,Walking,True,3.9,0,0
1789903987303,149,221373,1,2384,-0.901,1,-0.75,Walking,True,3.9,0,0
1789903987303,149,221373,1,2384,-0.901,1,-0.75,Walking,True,3.9,0,0
1789903987303,149,221373,1,2384,-0.901,1,-0.75,Walking,True,3.9,0,0
1789903987303,149,221373,1,2384,-0.901,1,-0.75,Walking,True,3.9,0,0
1789903987303,149,221373,1,2384,-0.901,1,-0.75,Walking,True,3.9,0,0
1789903987303,149,221373,1,2384,-0.901,1,-0.75,Walking,True,3.9,0,0
1789903987303,149,221373,1,2384,-0.901,1,-0.75,Walking,True,3.9,0,0
1789903987303,149,221373,1,2384,-0.901,1,-0.75,Walking,True,3.9,0,0
1789903987319,150,222945,1,2400,-0.901,1,-0.75,Walking,True,3.9,0,0
1789903987319,150,222945,1,2400,-0.901,1,-0.75,Walking,True,3.9,0,0
1789903987319,150,222945,1,2400,-0.901,1,-0.75,Walking,True,3.9,0,0
1789903987319,150,222945,1,2400,-0.901,1,-0.75,Walking,True,3.9,0,0
1789903987319,150,222945,1,2400,-0.901,1,-0.75,Walking,True,3.9,0,0
1789903987319,150,222945,1,2400,-0.901,1,-0.75,Walking,True,3.9,0,0
1789903987319,150,222945,1,2400,-0.901,1,-0.75,Walking,True,3.9,0,0
1789903987319,150,222945,1,2400,-0.901,1,-0.75,Walking,True,3.9,0,0
1789903987350,151,224485,1,2416,-0.901,1,-0.75,Walking,True,3.58,0,0
1789903987350,151,224485,1,2416,-0.901,1,-0.75,Walking,True,3.58,0,0
1789903987350,151,224485,1,2416,-0.901,1,-0.75,Walking,True,3.58,0,0
1789903987350,151,224485,1,2416,-0.901,1,-0.75,Walking,True,3.58,0,0
1789903987350,151,224485,1,2416,-0.901,1,-0.75,Walking,True,3.58,0,0
1789903987350,151,224485,1,2416,-0.901,1,-0.75,Walking,True,3.58,0,0
1789903987350,151,224485,1,2416,-0.901,1,-0.75,Walking,True,3.58,0,0
1789903987350,151,224485,1,2416,-0.901,1,-0.75,Walking,True,3.58,0,0
1789903987365,152,227315,1,2432,-0.901,1,-0.75,Walking,True,3.26,0,0
1789903987365,152,227315,1,2432,-0.901,1,-0.75,Walking,True,3.26,0,0
1789903987365,152,227315,1,2432,-0.901,1,-0.75,Walking,True,3.26,0,0
1789903987365,152,227315,1,2432,-0.901,1,-0.75,Walking,True,3.26,0,0
1789903987365,152,227315,1,2432,-0.901,1,-0.75,Walking,True,3.26,0,0
1789903987365,152,227315,1,2432,-0.901,1,-0.75,Walking,True,3.26,0,0
1789903987365,152,227315,1,2432,-0.901,1,-0.75,Walking,True,3.26,0,0
1789903987365,152,227315,1,2432,-0.901,1,-0.75,Walking,True,3.26,0,0
1789903987380,153,228721,1,2448,-0.901,1,-0.75,Walking,True,2.94,0,0
1789903987380,153,228721,1,2448,-0.901,1,-0.75,Walking,True,2.94,0,0
1789903987380,153,228721,1,2448,-0.901,1,-0.75,Walking,True,2.94,0,0
1789903987380,153,228721,1,2448,-0.901,1,-0.75,Walking,True,2.94,0,0
1789903987380,153,228721,1,2448,-0.901,1,-0.75,Walking,True,2.94,0,0
1789903987380,153,228721,1,2448,-0.901,1,-0.75,Walking,True,2.94,0,0
1789903987380,153,228721,1,2448,-0.901,1,-0.75,Walking,True,2.94,0,0
1789903987380,153,228721,1,2448,-0.901,1,-0.75,Walking,True,2.94,0,0
1789903987396,154,230078,1,2464,-0.901,1,-0.75,Walking,True,2.62,0,0
1789903987396,154,230078,1,2464,-0.901,1,-0.75,Walking,True,2.62,0,0
1789903987396,154,230078,1,2464,-0.901,1,-0.75,Walking,True,2.62,0,0
1789903987396,154,230078,1,2464,-0.901,1,-0.75,Walking,True,2.62,0,0
1789903987396,154,230078,1,2464,-0.901,1,-0.75,Walking,True,2.62,0,0
1789903987396,154,230078,1,2464,-0.901,1,-0.75,Walking,True,2.62,0,0
1789903987396,154,230078,1,2464,-0.901,1,-0.75,Walking,True,2.62,0,0
1789903987396,154,230078,1,2464,-0.901,1,-0.75,Walking,True,2.62,0,0
1789903987411,155,231449,1,2480,-0.901,1,-0.75,Walking,True,2.3,0,0
1789903987411,155,231449,1,2480,-0.901,1,-0.75,Walking,True,2.3,0,0
1789903987411,155,231449,1,2480,-0.901,1,-0.75,Walking,True,2.3,0,0
1789903987411,155,231449,1,2480,-0.901,1,-0.75,Walking,True,2.3,0,0
1789903987411,155,231449,1,2480,-0.901,1,-0.75,Walking,True,2.3,0,0
1789903987411,155,231449,1,2480,-0.901,1,-0.75,Walking,True,2.3,0,0
1789903987411,155,231449,1,2480,-0.901,1,-0.75,Walking,True,2.3,0,0
1789903987411,155,231449,1,2480,-0.901,1,-0.75,Walking,True,2.3,0,0
1789903987426,156,232859,1,2496,-0.901,1,-0.75,Walking,True,1.98,0,0
1789903987426,156,232859,1,2496,-0.901,1,-0.75,Walking,True,1.98,0,0
1789903987426,156,232859,1,2496,-0.901,1,-0.75,Walking,True,1.98,0,0
1789903987426,156,232859,1,2496,-0.901,1,-0.75,Walking,True,1.98,0,0
1789903987426,156,232859,1,2496,-0.901,1,-0.75,Walking,True,1.98,0,0
1789903987426,156,232859,1,2496,-0.901,1,-0.75,Walking,True,1.98,0,0
1789903987426,156,232859,1,2496,-0.901,1,-0.75,Walking,True,1.98,0,0
1789903987426,156,232859,1,2496,-0.901,1,-0.75,Walking,True,1.98,0,0
1789903987442,157,234238,1,2512,-0.901,1,-0.75,Walking,True,1.66,0,0
1789903987442,157,234238,1,2512,-0.901,1,-0.75,Walking,True,1.66,0,0
1789903987442,157,234238,1,2512,-0.901,1,-0.75,Walking,True,1.66,0,0
1789903987442,157,234238,1,2512,-0.901,1,-0.75,Walking,True,1.66,0,0
1789903987442,157,234238,1,2512,-0.901,1,-0.75,Walking,True,1.66,0,0
1789903987442,157,234238,1,2512,-0.901,1,-0.75,Walking,True,1.66,0,0
1789903987442,157,234238,1,2512,-0.901,1,-0.75,Walking,True,1.66,0,0
1789903987442,157,234238,1,2512,-0.901,1,-0.75,Walking,True,1.66,0,0
1789903987458,158,235678,1,2528,-0.901,1,-0.75,Walking,True,1.34,0,0
1789903987458,158,235678,1,2528,-0.901,1,-0.75,Walking,True,1.34,0,0
1789903987458,158,235678,1,2528,-0.901,1,-0.75,Walking,True,1.34,0,0
1789903987458,158,235678,1,2528,-0.901,1,-0.75,Walking,True,1.34,0,0
1789903987458,158,235678,1,2528,-0.901,1,-0.75,Walking,True,1.34,0,0
1789903987458,158,235678,1,2528,-0.901,1,-0.75,Walking,True,1.34,0,0
1789903987458,158,235678,1,2528,-0.901,1,-0.75,Walking,True,1.34,0,0
1789903987458,158,235678,1,2528,-0.901,1,-0.75,Walking,True,1.34,0,0
1789903987474,159,237215,1,2544,-0.901,1,-0.75,Walking,True,1.02,0,0
1789903987474,159,237215,1,2544,-0.901,1,-0.75,Walking,True,1.02,0,0
1789903987474,159,237215,1,2544,-0.901,1,-0.75,Walking,True,1.02,0,0
1789903987474,159,237215,1,2544,-0.901,1,-0.75,Walking,True,1.02,0,0
1789903987474,159,237215,1,2544,-0.901,1,-0.75,Walking,True,1.02,0,0
1789903987474,159,237215,1,2544,-0.901,1,-0.75,Walking,True,1.02,0,0
1789903987474,159,237215,1,2544,-0.901,1,-0.75,Walking,True,1.02,0,0
1789903987474,159,237215,1,2544,-0.901,1,-0.75,Walking,True,1.02,0,0
1789903987490,160,238713,1,2560,-0.901,1,-0.75,Walking,True,0.7,0,0
1789903987490,160,238713,1,2560,-0.901,1,-0.75,Walking,True,0.7,0,0
1789903987490,160,238713,1,2560,-0.901,1,-0.75,Walking,True,0.7,0,0
1789903987490,160,238713,1,2560,-0.901,1,-0.75,Walking,True,0.7,0,0
1789903987490,160,238713,1,2560,-0.901,1,-0.75,Walking,True,0.7,0,0
1789903987490,160,238713,1,2560,-0.901,1,-0.75,Walking,True,0.7,0,0
1789903987490,160,238713,1,2560,-0.901,1,-0.75,Walking,True,0.7,0,0
1789903987490,160,238713,1,2560,-0.901,1,-0.75,Walking,True,0.7,0,0
1789903987505,161,240173,1,2576,-0.901,1,-0.75,Walking,True,0.38,0,0
1789903987505,161,240173,1,2576,-0.901,1,-0.75,Walking,True,0.38,0,0
1789903987505,161,240173,1,2576,-0.901,1,-0.75,Walking,True,0.38,0,0
1789903987505,161,240173,1,2576,-0.901,1,-0.75,Walking,True,0.38,0,0
1789903987505,161,240173,1,2576,-0.901,1,-0.75,Walking,True,0.38,0,0
1789903987505,161,240173,1,2576,-0.901,1,-0.75,Walking,True,0.38,0,0
1789903987505,161,240173,1,2576,-0.901,1,-0.75,Walking,True,0.38,0,0
1789903987505,161,240173,1,2576,-0.901,1,-0.75,Walking,True,0.38,0,0
1789903987520,162,241574,1,2592,-0.901,1,-0.75,Walking,True,0.06,0,0
1789903987520,162,241574,1,2592,-0.901,1,-0.75,Walking,True,0.06,0,0
1789903987520,162,241574,1,2592,-0.901,1,-0.75,Walking,True,0.06,0,0
1789903987520,162,241574,1,2592,-0.901,1,-0.75,Walking,True,0.06,0,0
1789903987520,162,241574,1,2592,-0.901,1,-0.75,Walking,True,0.06,0,0
1789903987520,162,241574,1,2592,-0.901,1,-0.75,Walking,True,0.06,0,0
1789903987520,162,241574,1,2592,-0.901,1,-0.75,Walking,True,0.06,0,0
1789903987520,162,241574,1,2592,-0.901,1,-0.75,Walking,True,0.06,0,0
1789903987536,163,243019,1,2608,-0.901,1,-0.75,Walking,True,0,0,0
1789903987536,163,243019,1,2608,-0.901,1,-0.75,Walking,True,0,0,0
1789903987536,163,243019,1,2608,-0.901,1,-0.75,Walking,True,0,0,0
1789903987536,163,243019,1,2608,-0.901,1,-0.75,Walking,True,0,0,0
1789903987536,163,243019,1,2608,-0.901,1,-0.75,Walking,True,0,0,0
1789903987536,163,243019,1,2608,-0.901,1,-0.75,Walking,True,0,0,0
1789903987536,163,243019,1,2608,-0.901,1,-0.75,Walking,True,0,0,0
1789903987536,163,243019,1,2608,-0.901,1,-0.75,Walking,True,0,0,0
1789903987552,164,244454,1,2624,-0.901,1,-0.75,Walking,True,0,0,0
1789903987552,164,244454,1,2624,-0.901,1,-0.75,Walking,True,0,0,0
1789903987552,164,244454,1,2624,-0.901,1,-0.75,Walking,True,0,0,0
1789903987552,164,244454,1,2624,-0.901,1,-0.75,Walking,True,0,0,0
1789903987552,164,244454,1,2624,-0.901,1,-0.75,Walking,True,0,0,0
1789903987552,164,244454,1,2624,-0.901,1,-0.75,Walking,True,0,0,0
1789903987552,164,244454,1,2624,-0.901,1,-0.75,Walking,True,0,0,0
1789903987552,164,244454,1,2624,-0.901,1,-0.75,Walking,True,0,0,0
1789903987568,165,245860,1,2640,-0.901,1,-0.75,Walking,True,0,0,0
1789903987568,165,245860,1,2640,-0.901,1,-0.75,Walking,True,0,0,0
1789903987568,165,245860,1,2640,-0.901,1,-0.75,Walking,True,0,0,0
1789903987568,165,245860,1,2640,-0.901,1,-0.75,Walking,True,0,0,0
1789903987568,165,245860,1,2640,-0.901,1,-0.75,Walking,True,0,0,0
1789903987568,165,245860,1,2640,-0.901,1,-0.75,Walking,True,0,0,0
1789903987568,165,245860,1,2640,-0.901,1,-0.75,Walking,True,0,0,0
1789903987568,165,245860,1,2640,-0.901,1,-0.75,Walking,True,0,0,0
1789903987583,166,247308,1,2656,-0.901,1,-0.75,Walking,True,0,0,0
1789903987583,166,247308,1,2656,-0.901,1,-0.75,Walking,True,0,0,0
1789903987583,166,247308,1,2656,-0.901,1,-0.75,Walking,True,0,0,0
1789903987583,166,247308,1,2656,-0.901,1,-0.75,Walking,True,0,0,0
1789903987583,166,247308,1,2656,-0.901,1,-0.75,Walking,True,0,0,0
1789903987583,166,247308,1,2656,-0.901,1,-0.75,Walking,True,0,0,0
1789903987583,166,247308,1,2656,-0.901,1,-0.75,Walking,True,0,0,0
1789903987583,166,247308,1,2656,-0.901,1,-0.75,Walking,True,0,0,0
1789903987599,167,248768,1,2672,-0.901,1,-0.75,Walking,True,0,0,0
1789903987599,167,248768,1,2672,-0.901,1,-0.75,Walking,True,0,0,0
1789903987599,167,248768,1,2672,-0.901,1,-0.75,Walking,True,0,0,0
1789903987599,167,248768,1,2672,-0.901,1,-0.75,Walking,True,0,0,0
1789903987599,167,248768,1,2672,-0.901,1,-0.75,Walking,True,0,0,0
1789903987599,167,248768,1,2672,-0.901,1,-0.75,Walking,True,0,0,0
1789903987599,167,248768,1,2672,-0.901,1,-0.75,Walking,True,0,0,0
1789903987599,167,248768,1,2672,-0.901,1,-0.75,Walking,True,0,0,0
1789903987614,168,250138,1,2688,-0.901,1,-0.75,Walking,True,0,0,0
1789903987614,168,250138,1,2688,-0.901,1,-0.75,Walking,True,0,0,0
1789903987614,168,250138,1,2688,-0.901,1,-0.75,Walking,True,0,0,0
1789903987614,168,250138,1,2688,-0.901,1,-0.75,Walking,True,0,0,0
1789903987614,168,250138,1,2688,-0.901,1,-0.75,Walking,True,0,0,0
1789903987614,168,250138,1,2688,-0.901,1,-0.75,Walking,True,0,0,0
1789903987614,168,250138,1,2688,-0.901,1,-0.75,Walking,True,0,0,0
1789903987614,168,250138,1,2688,-0.901,1,-0.75,Walking,True,0,0,0
1789903987631,169,251494,1,2704,-0.901,1,-0.75,Walking,True,0,0,0
1789903987631,169,251494,1,2704,-0.901,1,-0.75,Walking,True,0,0,0
1789903987631,169,251494,1,2704,-0.901,1,-0.75,Walking,True,0,0,0
1789903987631,169,251494,1,2704,-0.901,1,-0.75,Walking,True,0,0,0
1789903987631,169,251494,1,2704,-0.901,1,-0.75,Walking,True,0,0,0
1789903987631,169,251494,1,2704,-0.901,1,-0.75,Walking,True,0,0,0
1789903987631,169,251494,1,2704,-0.901,1,-0.75,Walking,True,0,0,0
1789903987631,169,251494,1,2704,-0.901,1,-0.75,Walking,True,0,0,0
1789903987646,170,252982,1,2720,-0.901,1,-0.75,Walking,True,0,0,0
1789903987646,170,252982,1,2720,-0.901,1,-0.75,Walking,True,0,0,0
1789903987646,170,252982,1,2720,-0.901,1,-0.75,Walking,True,0,0,0
1789903987646,170,252982,1,2720,-0.901,1,-0.75,Walking,True,0,0,0
1789903987646,170,252982,1,2720,-0.901,1,-0.75,Walking,True,0,0,0
1789903987646,170,252982,1,2720,-0.901,1,-0.75,Walking,True,0,0,0
1789903987646,170,252982,1,2720,-0.901,1,-0.75,Walking,True,0,0,0
1789903987646,170,252982,1,2720,-0.901,1,-0.75,Walking,True,0,0,0
1789903987662,171,254535,1,2736,-0.901,1,-0.75,Walking,True,0,0,0
1789903987662,171,254535,1,2736,-0.901,1,-0.75,Walking,True,0,0,0
1789903987662,171,254535,1,2736,-0.901,1,-0.75,Walking,True,0,0,0
1789903987662,171,254535,1,2736,-0.901,1,-0.75,Walking,True,0,0,0
1789903987662,171,254535,1,2736,-0.901,1,-0.75,Walking,True,0,0,0
1789903987662,171,254535,1,2736,-0.901,1,-0.75,Walking,True,0,0,0
1789903987662,171,254535,1,2736,-0.901,1,-0.75,Walking,True,0,0,0
1789903987662,171,254535,1,2736,-0.901,1,-0.75,Walking,True,0,0,0
1789903987678,172,256081,1,2752,-0.901,1,-0.75,Walking,True,0,0,0
1789903987678,172,256081,1,2752,-0.901,1,-0.75,Walking,True,0,0,0
1789903987678,172,256081,1,2752,-0.901,1,-0.75,Walking,True,0,0,0
1789903987678,172,256081,1,2752,-0.901,1,-0.75,Walking,True,0,0,0
1789903987678,172,256081,1,2752,-0.901,1,-0.75,Walking,True,0,0,0
1789903987678,172,256081,1,2752,-0.901,1,-0.75,Walking,True,0,0,0
1789903987678,172,256081,1,2752,-0.901,1,-0.75,Walking,True,0,0,0
1789903987678,172,256081,1,2752,-0.901,1,-0.75,Walking,True,0,0,0
1789903987694,173,257570,1,2768,-0.901,1,-0.75,Walking,True,0,0,0
1789903987694,173,257570,1,2768,-0.901,1,-0.75,Walking,True,0,0,0
1789903987694,173,257570,1,2768,-0.901,1,-0.75,Walking,True,0,0,0
1789903987694,173,257570,1,2768,-0.901,1,-0.75,Walking,True,0,0,0
1789903987694,173,257570,1,2768,-0.901,1,-0.75,Walking,True,0,0,0
1789903987694,173,257570,1,2768,-0.901,1,-0.75,Walking,True,0,0,0
1789903987694,173,257570,1,2768,-0.901,1,-0.75,Walking,True,0,0,0
1789903987694,173,257570,1,2768,-0.901,1,-0.75,Walking,True,0,0,0
1789903987710,174,258972,1,2784,-0.901,1,-0.75,Walking,True,0,0,0
1789903987710,174,258972,1,2784,-0.901,1,-0.75,Walking,True,0,0,0
1789903987710,174,258972,1,2784,-0.901,1,-0.75,Walking,True,0,0,0
1789903987710,174,258972,1,2784,-0.901,1,-0.75,Walking,True,0,0,0
1789903987710,174,258972,1,2784,-0.901,1,-0.75,Walking,True,0,0,0
1789903987710,174,258972,1,2784,-0.901,1,-0.75,Walking,True,0,0,0
1789903987710,174,258972,1,2784,-0.901,1,-0.75,Walking,True,0,0,0
1789903987710,174,258972,1,2784,-0.901,1,-0.75,Walking,True,0,0,0
1789903987726,175,260494,1,2800,-0.901,1,-0.75,Walking,True,0,0,0
1789903987726,175,260494,1,2800,-0.901,1,-0.75,Walking,True,0,0,0
1789903987726,175,260494,1,2800,-0.901,1,-0.75,Walking,True,0,0,0
1789903987726,175,260494,1,2800,-0.901,1,-0.75,Walking,True,0,0,0
1789903987726,175,260494,1,2800,-0.901,1,-0.75,Walking,True,0,0,0
1789903987726,175,260494,1,2800,-0.901,1,-0.75,Walking,True,0,0,0
1789903987726,175,260494,1,2800,-0.901,1,-0.75,Walking,True,0,0,0
1789903987726,175,260494,1,2800,-0.901,1,-0.75,Walking,True,0,0,0
1789903987741,176,261892,1,2816,-0.901,1,-0.75,Walking,True,0,0,0
1789903987741,176,261892,1,2816,-0.901,1,-0.75,Walking,True,0,0,0
1789903987741,176,261892,1,2816,-0.901,1,-0.75,Walking,True,0,0,0
1789903987741,176,261892,1,2816,-0.901,1,-0.75,Walking,True,0,0,0
1789903987741,176,261892,1,2816,-0.901,1,-0.75,Walking,True,0,0,0
1789903987741,176,261892,1,2816,-0.901,1,-0.75,Walking,True,0,0,0
1789903987741,176,261892,1,2816,-0.901,1,-0.75,Walking,True,0,0,0
1789903987741,176,261892,1,2816,-0.901,1,-0.75,Walking,True,0,0,0
1789903987757,177,263272,1,2832,-0.901,1,-0.75,Walking,True,0,0,0
1789903987757,177,263272,1,2832,-0.901,1,-0.75,Walking,True,0,0,0
1789903987757,177,263272,1,2832,-0.901,1,-0.75,Walking,True,0,0,0
1789903987757,177,263272,1,2832,-0.901,1,-0.75,Walking,True,0,0,0
1789903987757,177,263272,1,2832,-0.901,1,-0.75,Walking,True,0,0,0
1789903987757,177,263272,1,2832,-0.901,1,-0.75,Walking,True,0,0,0
1789903987757,177,263272,1,2832,-0.901,1,-0.75,Walking,True,0,0,0
1789903987757,177,263272,1,2832,-0.901,1,-0.75,Walking,True,0,0,0
1789903987772,178,264740,1,2848,-0.901,1,-0.75,Walking,True,0,0,0
1789903987772,178,264740,1,2848,-0.901,1,-0.75,Walking,True,0,0,0
1789903987772,178,264740,1,2848,-0.901,1,-0.75,Walking,True,0,0,0
1789903987772,178,264740,1,2848,-0.901,1,-0.75,Walking,True,0,0,0
1789903987772,178,264740,1,2848,-0.901,1,-0.75,Walking,True,0,0,0
1789903987772,178,264740,1,2848,-0.901,1,-0.75,Walking,True,0,0,0
1789903987772,178,264740,1,2848,-0.901,1,-0.75,Walking,True,0,0,0
1789903987772,178,264740,1,2848,-0.901,1,-0.75,Walking,True,0,0,0
1789903987788,179,266200,1,2864,-0.901,1,-0.75,Walking,True,0,0,0
1789903987788,179,266200,1,2864,-0.901,1,-0.75,Walking,True,0,0,0
1789903987788,179,266200,1,2864,-0.901,1,-0.75,Walking,True,0,0,0
1789903987788,179,266200,1,2864,-0.901,1,-0.75,Walking,True,0,0,0
1789903987788,179,266200,1,2864,-0.901,1,-0.75,Walking,True,0,0,0
1789903987788,179,266200,1,2864,-0.901,1,-0.75,Walking,True,0,0,0
1789903987788,179,266200,1,2864,-0.901,1,-0.75,Walking,True,0,0,0
1789903987788,179,266200,1,2864,-0.901,1,-0.75,Walking,True,0,0,0
1789903987804,180,267585,1,2880,-0.901,1,-0.75,Walking,True,0,0,0
1789903987804,180,267585,1,2880,-0.901,1,-0.75,Walking,True,0,0,0
1789903987804,180,267585,1,2880,-0.901,1,-0.75,Walking,True,0,0,0
1789903987804,180,267585,1,2880,-0.901,1,-0.75,Walking,True,0,0,0
1789903987804,180,267585,1,2880,-0.901,1,-0.75,Walking,True,0,0,0
1789903987804,180,267585,1,2880,-0.901,1,-0.75,Walking,True,0,0,0
1789903987804,180,267585,1,2880,-0.901,1,-0.75,Walking,True,0,0,0
1789903987804,180,267585,1,2880,-0.901,1,-0.75,Walking,True,0,0,0
1789903987819,181,269115,1,2896,-0.901,1,-0.75,Walking,True,0,0,0
1789903987819,181,269115,1,2896,-0.901,1,-0.75,Walking,True,0,0,0
1789903987820,181,269115,1,2896,-0.901,1,-0.75,Walking,True,0,0,0
1789903987820,181,269115,1,2896,-0.901,1,-0.75,Walking,True,0,0,0
1789903987820,181,269115,1,2896,-0.901,1,-0.75,Walking,True,0,0,0
1789903987820,181,269115,1,2896,-0.901,1,-0.75,Walking,True,0,0,0
1789903987820,181,269115,1,2896,-0.901,1,-0.75,Walking,True,0,0,0
1789903987820,181,269115,1,2896,-0.901,1,-0.75,Walking,True,0,0,0
1789903988067,182,300946,1,2912,-0.90612,1,-0.75,Walking,True,-0.32,0,0
1789903988067,182,300946,1,2912,-0.90612,1,-0.75,Walking,True,-0.32,0,0
1789903988067,182,300946,1,2912,-0.90612,1,-0.75,Walking,True,-0.32,0,0
1789903988067,182,300946,1,2912,-0.90612,1,-0.75,Walking,True,-0.32,0,0
1789903988067,182,300946,1,2912,-0.90612,1,-0.75,Walking,True,-0.32,0,0
1789903988067,182,300946,1,2912,-0.90612,1,-0.75,Walking,True,-0.32,0,0
1789903988067,182,300946,1,2912,-0.90612,1,-0.75,Walking,True,-0.32,0,0
1789903988067,182,300946,1,2912,-0.90612,1,-0.75,Walking,True,-0.32,0,0
1789903988083,183,303693,1,2928,-0.91636,1,-0.75,Walking,True,-0.64,0,0
1789903988083,183,303693,1,2928,-0.91636,1,-0.75,Walking,True,-0.64,0,0
1789903988083,183,303693,1,2928,-0.91636,1,-0.75,Walking,True,-0.64,0,0
1789903988083,183,303693,1,2928,-0.91636,1,-0.75,Walking,True,-0.64,0,0
1789903988083,183,303693,1,2928,-0.91636,1,-0.75,Walking,True,-0.64,0,0
1789903988083,183,303693,1,2928,-0.91636,1,-0.75,Walking,True,-0.64,0,0
1789903988083,183,303693,1,2928,-0.91636,1,-0.75,Walking,True,-0.64,0,0
1789903988083,183,303693,1,2928,-0.91636,1,-0.75,Walking,True,-0.64,0,0
1789903988099,184,305346,1,2944,-0.93172,1,-0.75,Walking,True,-0.96,0,0
1789903988099,184,305346,1,2944,-0.93172,1,-0.75,Walking,True,-0.96,0,0
1789903988099,184,305346,1,2944,-0.93172,1,-0.75,Walking,True,-0.96,0,0
1789903988099,184,305346,1,2944,-0.93172,1,-0.75,Walking,True,-0.96,0,0
1789903988099,184,305346,1,2944,-0.93172,1,-0.75,Walking,True,-0.96,0,0
1789903988099,184,305346,1,2944,-0.93172,1,-0.75,Walking,True,-0.96,0,0
1789903988099,184,305346,1,2944,-0.93172,1,-0.75,Walking,True,-0.96,0,0
1789903988099,184,305346,1,2944,-0.93172,1,-0.75,Walking,True,-0.96,0,0
1789903988114,185,306749,1,2960,-0.9522,1,-0.75,Walking,True,-1.28,0,0
1789903988114,185,306749,1,2960,-0.9522,1,-0.75,Walking,True,-1.28,0,0
1789903988114,185,306749,1,2960,-0.9522,1,-0.75,Walking,True,-1.28,0,0
1789903988114,185,306749,1,2960,-0.9522,1,-0.75,Walking,True,-1.28,0,0
1789903988114,185,306749,1,2960,-0.9522,1,-0.75,Walking,True,-1.28,0,0
1789903988114,185,306749,1,2960,-0.9522,1,-0.75,Walking,True,-1.28,0,0
1789903988114,185,306749,1,2960,-0.9522,1,-0.75,Walking,True,-1.28,0,0
1789903988114,185,306749,1,2960,-0.9522,1,-0.75,Walking,True,-1.28,0,0
1789903988129,186,308079,1,2976,-0.9778,1,-0.75,Walking,True,-1.6,0,0
1789903988129,186,308079,1,2976,-0.9778,1,-0.75,Walking,True,-1.6,0,0
1789903988129,186,308079,1,2976,-0.9778,1,-0.75,Walking,True,-1.6,0,0
1789903988129,186,308079,1,2976,-0.9778,1,-0.75,Walking,True,-1.6,0,0
1789903988129,186,308079,1,2976,-0.9778,1,-0.75,Walking,True,-1.6,0,0
1789903988129,186,308079,1,2976,-0.9778,1,-0.75,Walking,True,-1.6,0,0
1789903988129,186,308079,1,2976,-0.9778,1,-0.75,Walking,True,-1.6,0,0
1789903988129,186,308079,1,2976,-0.9778,1,-0.75,Walking,True,-1.6,0,0
1789903988144,187,309493,1,2992,-1.00852,1,-0.75,Walking,True,-1.92,0,0
1789903988144,187,309493,1,2992,-1.00852,1,-0.75,Walking,True,-1.92,0,0
1789903988144,187,309493,1,2992,-1.00852,1,-0.75,Walking,True,-1.92,0,0
1789903988144,187,309493,1,2992,-1.00852,1,-0.75,Walking,True,-1.92,0,0
1789903988144,187,309493,1,2992,-1.00852,1,-0.75,Walking,True,-1.92,0,0
1789903988144,187,309493,1,2992,-1.00852,1,-0.75,Walking,True,-1.92,0,0
1789903988144,187,309493,1,2992,-1.00852,1,-0.75,Walking,True,-1.92,0,0
1789903988144,187,309493,1,2992,-1.00852,1,-0.75,Walking,True,-1.92,0,0
1789903988159,188,310882,1,3008,-1.04436,1,-0.75,Walking,True,-2.24,0,0
1789903988159,188,310882,1,3008,-1.04436,1,-0.75,Walking,True,-2.24,0,0
1789903988159,188,310882,1,3008,-1.04436,1,-0.75,Walking,True,-2.24,0,0
1789903988159,188,310882,1,3008,-1.04436,1,-0.75,Walking,True,-2.24,0,0
1789903988159,188,310882,1,3008,-1.04436,1,-0.75,Walking,True,-2.24,0,0
1789903988159,188,310882,1,3008,-1.04436,1,-0.75,Walking,True,-2.24,0,0
1789903988159,188,310882,1,3008,-1.04436,1,-0.75,Walking,True,-2.24,0,0
1789903988159,188,310882,1,3008,-1.04436,1,-0.75,Walking,True,-2.24,0,0
1789903988175,189,312314,1,3024,-1.08532,1,-0.75,Walking,True,-2.56,0,0
1789903988175,189,312314,1,3024,-1.08532,1,-0.75,Walking,True,-2.56,0,0
1789903988175,189,312314,1,3024,-1.08532,1,-0.75,Walking,True,-2.56,0,0
1789903988175,189,312314,1,3024,-1.08532,1,-0.75,Walking,True,-2.56,0,0
1789903988175,189,312314,1,3024,-1.08532,1,-0.75,Walking,True,-2.56,0,0
1789903988175,189,312314,1,3024,-1.08532,1,-0.75,Walking,True,-2.56,0,0
1789903988175,189,312314,1,3024,-1.08532,1,-0.75,Walking,True,-2.56,0,0
1789903988175,189,312314,1,3024,-1.08532,1,-0.75,Walking,True,-2.56,0,0
1789903988191,190,313830,1,3040,-1.1314,1,-0.75,Walking,True,-2.88,0,0
1789903988191,190,313830,1,3040,-1.1314,1,-0.75,Walking,True,-2.88,0,0
1789903988191,190,313830,1,3040,-1.1314,1,-0.75,Walking,True,-2.88,0,0
1789903988191,190,313830,1,3040,-1.1314,1,-0.75,Walking,True,-2.88,0,0
1789903988191,190,313830,1,3040,-1.1314,1,-0.75,Walking,True,-2.88,0,0
1789903988191,190,313830,1,3040,-1.1314,1,-0.75,Walking,True,-2.88,0,0
1789903988191,190,313830,1,3040,-1.1314,1,-0.75,Walking,True,-2.88,0,0
1789903988191,190,313830,1,3040,-1.1314,1,-0.75,Walking,True,-2.88,0,0
1789903988207,191,315381,1,3056,-1.1826,1,-0.75,Walking,True,-3.2,0,0
1789903988207,191,315381,1,3056,-1.1826,1,-0.75,Walking,True,-3.2,0,0
1789903988207,191,315381,1,3056,-1.1826,1,-0.75,Walking,True,-3.2,0,0
1789903988207,191,315381,1,3056,-1.1826,1,-0.75,Walking,True,-3.2,0,0
1789903988207,191,315381,1,3056,-1.1826,1,-0.75,Walking,True,-3.2,0,0
1789903988207,191,315381,1,3056,-1.1826,1,-0.75,Walking,True,-3.2,0,0
1789903988207,191,315381,1,3056,-1.1826,1,-0.75,Walking,True,-3.2,0,0
1789903988207,191,315381,1,3056,-1.1826,1,-0.75,Walking,True,-3.2,0,0
1789903988222,192,316948,1,3072,-1.23892,1,-0.75,Walking,True,-3.52,0,0
1789903988222,192,316948,1,3072,-1.23892,1,-0.75,Walking,True,-3.52,0,0
1789903988222,192,316948,1,3072,-1.23892,1,-0.75,Walking,True,-3.52,0,0
1789903988222,192,316948,1,3072,-1.23892,1,-0.75,Walking,True,-3.52,0,0
1789903988222,192,316948,1,3072,-1.23892,1,-0.75,Walking,True,-3.52,0,0
1789903988222,192,316948,1,3072,-1.23892,1,-0.75,Walking,True,-3.52,0,0
1789903988222,192,316948,1,3072,-1.23892,1,-0.75,Walking,True,-3.52,0,0
1789903988222,192,316948,1,3072,-1.23892,1,-0.75,Walking,True,-3.52,0,0
1789903988237,193,318302,1,3088,-1.30036,1,-0.75,Walking,True,-3.84,0,0
1789903988237,193,318302,1,3088,-1.30036,1,-0.75,Walking,True,-3.84,0,0
1789903988238,193,318302,1,3088,-1.30036,1,-0.75,Walking,True,-3.84,0,0
1789903988238,193,318302,1,3088,-1.30036,1,-0.75,Walking,True,-3.84,0,0
1789903988238,193,318302,1,3088,-1.30036,1,-0.75,Walking,True,-3.84,0,0
1789903988238,193,318302,1,3088,-1.30036,1,-0.75,Walking,True,-3.84,0,0
1789903988238,193,318302,1,3088,-1.30036,1,-0.75,Walking,True,-3.84,0,0
1789903988238,193,318302,1,3088,-1.30036,1,-0.75,Walking,True,-3.84,0,0
1789903988253,194,319605,1,3104,-1.36276,1,-0.75,Walking,True,-3.9,0,0
1789903988253,194,319605,1,3104,-1.36276,1,-0.75,Walking,True,-3.9,0,0
1789903988253,194,319605,1,3104,-1.36276,1,-0.75,Walking,True,-3.9,0,0
1789903988253,194,319605,1,3104,-1.36276,1,-0.75,Walking,True,-3.9,0,0
1789903988253,194,319605,1,3104,-1.36276,1,-0.75,Walking,True,-3.9,0,0
1789903988253,194,319605,1,3104,-1.36276,1,-0.75,Walking,True,-3.9,0,0
1789903988253,194,319605,1,3104,-1.36276,1,-0.75,Walking,True,-3.9,0,0
1789903988253,194,319605,1,3104,-1.36276,1,-0.75,Walking,True,-3.9,0,0
1789903988269,195,320979,1,3120,-1.42516,1,-0.75,Walking,True,-3.9,0,0
1789903988269,195,320979,1,3120,-1.42516,1,-0.75,Walking,True,-3.9,0,0
1789903988269,195,320979,1,3120,-1.42516,1,-0.75,Walking,True,-3.9,0,0
1789903988269,195,320979,1,3120,-1.42516,1,-0.75,Walking,True,-3.9,0,0
1789903988269,195,320979,1,3120,-1.42516,1,-0.75,Walking,True,-3.9,0,0
1789903988269,195,320979,1,3120,-1.42516,1,-0.75,Walking,True,-3.9,0,0
1789903988269,195,320979,1,3120,-1.42516,1,-0.75,Walking,True,-3.9,0,0
1789903988269,195,320979,1,3120,-1.42516,1,-0.75,Walking,True,-3.9,0,0
1789903988284,196,322298,1,3136,-1.48756,1,-0.75,Walking,True,-3.9,0,0
1789903988284,196,322298,1,3136,-1.48756,1,-0.75,Walking,True,-3.9,0,0
1789903988284,196,322298,1,3136,-1.48756,1,-0.75,Walking,True,-3.9,0,0
1789903988284,196,322298,1,3136,-1.48756,1,-0.75,Walking,True,-3.9,0,0
1789903988284,196,322298,1,3136,-1.48756,1,-0.75,Walking,True,-3.9,0,0
1789903988284,196,322298,1,3136,-1.48756,1,-0.75,Walking,True,-3.9,0,0
1789903988284,196,322298,1,3136,-1.48756,1,-0.75,Walking,True,-3.9,0,0
1789903988284,196,322298,1,3136,-1.48756,1,-0.75,Walking,True,-3.9,0,0
1789903988299,197,323689,1,3152,-1.54996,1,-0.75,Walking,True,-3.9,0,0
1789903988299,197,323689,1,3152,-1.54996,1,-0.75,Walking,True,-3.9,0,0
1789903988299,197,323689,1,3152,-1.54996,1,-0.75,Walking,True,-3.9,0,0
1789903988299,197,323689,1,3152,-1.54996,1,-0.75,Walking,True,-3.9,0,0
1789903988299,197,323689,1,3152,-1.54996,1,-0.75,Walking,True,-3.9,0,0
1789903988299,197,323689,1,3152,-1.54996,1,-0.75,Walking,True,-3.9,0,0
1789903988299,197,323689,1,3152,-1.54996,1,-0.75,Walking,True,-3.9,0,0
1789903988299,197,323689,1,3152,-1.54996,1,-0.75,Walking,True,-3.9,0,0
1789903988315,198,325045,1,3168,-1.61236,1,-0.75,Walking,True,-3.9,0,0
1789903988315,198,325045,1,3168,-1.61236,1,-0.75,Walking,True,-3.9,0,0
1789903988315,198,325045,1,3168,-1.61236,1,-0.75,Walking,True,-3.9,0,0
1789903988315,198,325045,1,3168,-1.61236,1,-0.75,Walking,True,-3.9,0,0
1789903988315,198,325045,1,3168,-1.61236,1,-0.75,Walking,True,-3.9,0,0
1789903988315,198,325045,1,3168,-1.61236,1,-0.75,Walking,True,-3.9,0,0
1789903988315,198,325045,1,3168,-1.61236,1,-0.75,Walking,True,-3.9,0,0
1789903988315,198,325045,1,3168,-1.61236,1,-0.75,Walking,True,-3.9,0,0
1789903988330,199,326422,1,3184,-1.67476,1,-0.75,Walking,True,-3.9,0,0
1789903988330,199,326422,1,3184,-1.67476,1,-0.75,Walking,True,-3.9,0,0
1789903988330,199,326422,1,3184,-1.67476,1,-0.75,Walking,True,-3.9,0,0
1789903988330,199,326422,1,3184,-1.67476,1,-0.75,Walking,True,-3.9,0,0
1789903988330,199,326422,1,3184,-1.67476,1,-0.75,Walking,True,-3.9,0,0
1789903988330,199,326422,1,3184,-1.67476,1,-0.75,Walking,True,-3.9,0,0
1789903988330,199,326422,1,3184,-1.67476,1,-0.75,Walking,True,-3.9,0,0
1789903988330,199,326422,1,3184,-1.67476,1,-0.75,Walking,True,-3.9,0,0
1789903988346,200,327785,1,3200,-1.73716,1,-0.75,Walking,True,-3.9,0,0
1789903988346,200,327785,1,3200,-1.73716,1,-0.75,Walking,True,-3.9,0,0
1789903988346,200,327785,1,3200,-1.73716,1,-0.75,Walking,True,-3.9,0,0
1789903988346,200,327785,1,3200,-1.73716,1,-0.75,Walking,True,-3.9,0,0
1789903988346,200,327785,1,3200,-1.73716,1,-0.75,Walking,True,-3.9,0,0
1789903988346,200,327785,1,3200,-1.73716,1,-0.75,Walking,True,-3.9,0,0
1789903988346,200,327785,1,3200,-1.73716,1,-0.75,Walking,True,-3.9,0,0
1789903988346,200,327785,1,3200,-1.73716,1,-0.75,Walking,True,-3.9,0,0
1789903988361,201,329351,1,3216,-1.79956,1,-0.75,Walking,True,-3.9,0,0
1789903988361,201,329351,1,3216,-1.79956,1,-0.75,Walking,True,-3.9,0,0
1789903988361,201,329351,1,3216,-1.79956,1,-0.75,Walking,True,-3.9,0,0
1789903988361,201,329351,1,3216,-1.79956,1,-0.75,Walking,True,-3.9,0,0
1789903988361,201,329351,1,3216,-1.79956,1,-0.75,Walking,True,-3.9,0,0
1789903988361,201,329351,1,3216,-1.79956,1,-0.75,Walking,True,-3.9,0,0
1789903988361,201,329351,1,3216,-1.79956,1,-0.75,Walking,True,-3.9,0,0
1789903988361,201,329351,1,3216,-1.79956,1,-0.75,Walking,True,-3.9,0,0
1789903988376,202,330729,1,3232,-1.86196,1,-0.75,Walking,True,-3.9,0,0
1789903988376,202,330729,1,3232,-1.86196,1,-0.75,Walking,True,-3.9,0,0
1789903988376,202,330729,1,3232,-1.86196,1,-0.75,Walking,True,-3.9,0,0
1789903988376,202,330729,1,3232,-1.86196,1,-0.75,Walking,True,-3.9,0,0
1789903988376,202,330729,1,3232,-1.86196,1,-0.75,Walking,True,-3.9,0,0
1789903988376,202,330729,1,3232,-1.86196,1,-0.75,Walking,True,-3.9,0,0
1789903988376,202,330729,1,3232,-1.86196,1,-0.75,Walking,True,-3.9,0,0
1789903988376,202,330729,1,3232,-1.86196,1,-0.75,Walking,True,-3.9,0,0
1789903988392,203,332147,1,3248,-1.92436,1,-0.75,Walking,True,-3.9,0,0
1789903988392,203,332147,1,3248,-1.92436,1,-0.75,Walking,True,-3.9,0,0
1789903988392,203,332147,1,3248,-1.92436,1,-0.75,Walking,True,-3.9,0,0
1789903988392,203,332147,1,3248,-1.92436,1,-0.75,Walking,True,-3.9,0,0
1789903988392,203,332147,1,3248,-1.92436,1,-0.75,Walking,True,-3.9,0,0
1789903988392,203,332147,1,3248,-1.92436,1,-0.75,Walking,True,-3.9,0,0
1789903988392,203,332147,1,3248,-1.92436,1,-0.75,Walking,True,-3.9,0,0
1789903988392,203,332147,1,3248,-1.92436,1,-0.75,Walking,True,-3.9,0,0
1789903988407,204,333662,1,3264,-1.98676,1,-0.75,Walking,True,-3.9,0,0
1789903988407,204,333662,1,3264,-1.98676,1,-0.75,Walking,True,-3.9,0,0
1789903988407,204,333662,1,3264,-1.98676,1,-0.75,Walking,True,-3.9,0,0
1789903988407,204,333662,1,3264,-1.98676,1,-0.75,Walking,True,-3.9,0,0
1789903988407,204,333662,1,3264,-1.98676,1,-0.75,Walking,True,-3.9,0,0
1789903988407,204,333662,1,3264,-1.98676,1,-0.75,Walking,True,-3.9,0,0
1789903988407,204,333662,1,3264,-1.98676,1,-0.75,Walking,True,-3.9,0,0
1789903988407,204,333662,1,3264,-1.98676,1,-0.75,Walking,True,-3.9,0,0
1789903988422,205,335015,1,3280,-2.04916,1,-0.75,Walking,True,-3.9,0,0
1789903988422,205,335015,1,3280,-2.04916,1,-0.75,Walking,True,-3.9,0,0
1789903988422,205,335015,1,3280,-2.04916,1,-0.75,Walking,True,-3.9,0,0
1789903988422,205,335015,1,3280,-2.04916,1,-0.75,Walking,True,-3.9,0,0
1789903988422,205,335015,1,3280,-2.04916,1,-0.75,Walking,True,-3.9,0,0
1789903988422,205,335015,1,3280,-2.04916,1,-0.75,Walking,True,-3.9,0,0
1789903988422,205,335015,1,3280,-2.04916,1,-0.75,Walking,True,-3.9,0,0
1789903988422,205,335015,1,3280,-2.04916,1,-0.75,Walking,True,-3.9,0,0
1789903988437,206,336504,1,3296,-2.11156,1,-0.75,Walking,True,-3.9,0,0
1789903988437,206,336504,1,3296,-2.11156,1,-0.75,Walking,True,-3.9,0,0
1789903988437,206,336504,1,3296,-2.11156,1,-0.75,Walking,True,-3.9,0,0
1789903988437,206,336504,1,3296,-2.11156,1,-0.75,Walking,True,-3.9,0,0
1789903988437,206,336504,1,3296,-2.11156,1,-0.75,Walking,True,-3.9,0,0
1789903988437,206,336504,1,3296,-2.11156,1,-0.75,Walking,True,-3.9,0,0
1789903988437,206,336504,1,3296,-2.11156,1,-0.75,Walking,True,-3.9,0,0
1789903988437,206,336504,1,3296,-2.11156,1,-0.75,Walking,True,-3.9,0,0
1789903988453,207,337926,1,3312,-2.17396,1,-0.75,Walking,True,-3.9,0,0
1789903988453,207,337926,1,3312,-2.17396,1,-0.75,Walking,True,-3.9,0,0
1789903988453,207,337926,1,3312,-2.17396,1,-0.75,Walking,True,-3.9,0,0
1789903988453,207,337926,1,3312,-2.17396,1,-0.75,Walking,True,-3.9,0,0
1789903988453,207,337926,1,3312,-2.17396,1,-0.75,Walking,True,-3.9,0,0
1789903988453,207,337926,1,3312,-2.17396,1,-0.75,Walking,True,-3.9,0,0
1789903988453,207,337926,1,3312,-2.17396,1,-0.75,Walking,True,-3.9,0,0
1789903988453,207,337926,1,3312,-2.17396,1,-0.75,Walking,True,-3.9,0,0
1789903988484,208,339379,1,3328,-2.23636,1,-0.75,Walking,True,-3.9,0,0
1789903988484,208,339379,1,3328,-2.23636,1,-0.75,Walking,True,-3.9,0,0
1789903988484,208,339379,1,3328,-2.23636,1,-0.75,Walking,True,-3.9,0,0
1789903988484,208,339379,1,3328,-2.23636,1,-0.75,Walking,True,-3.9,0,0
1789903988484,208,339379,1,3328,-2.23636,1,-0.75,Walking,True,-3.9,0,0
1789903988484,208,339379,1,3328,-2.23636,1,-0.75,Walking,True,-3.9,0,0
1789903988484,208,339379,1,3328,-2.23636,1,-0.75,Walking,True,-3.9,0,0
1789903988484,208,339379,1,3328,-2.23636,1,-0.75,Walking,True,-3.9,0,0
1789903988499,209,342323,1,3344,-2.29876,1,-0.75,Walking,True,-3.9,0,0
1789903988499,209,342323,1,3344,-2.29876,1,-0.75,Walking,True,-3.9,0,0
1789903988499,209,342323,1,3344,-2.29876,1,-0.75,Walking,True,-3.9,0,0
1789903988499,209,342323,1,3344,-2.29876,1,-0.75,Walking,True,-3.9,0,0
1789903988499,209,342323,1,3344,-2.29876,1,-0.75,Walking,True,-3.9,0,0
1789903988499,209,342323,1,3344,-2.29876,1,-0.75,Walking,True,-3.9,0,0
1789903988499,209,342323,1,3344,-2.29876,1,-0.75,Walking,True,-3.9,0,0
1789903988499,209,342323,1,3344,-2.29876,1,-0.75,Walking,True,-3.9,0,0
1789903988514,210,343737,1,3360,-2.361161,1,-0.75,Walking,True,-3.9,0,0
1789903988514,210,343737,1,3360,-2.361161,1,-0.75,Walking,True,-3.9,0,0
1789903988514,210,343737,1,3360,-2.361161,1,-0.75,Walking,True,-3.9,0,0
1789903988514,210,343737,1,3360,-2.361161,1,-0.75,Walking,True,-3.9,0,0
1789903988515,210,343737,1,3360,-2.361161,1,-0.75,Walking,True,-3.9,0,0
1789903988515,210,343737,1,3360,-2.361161,1,-0.75,Walking,True,-3.9,0,0
1789903988515,210,343737,1,3360,-2.361161,1,-0.75,Walking,True,-3.9,0,0
1789903988515,210,343737,1,3360,-2.361161,1,-0.75,Walking,True,-3.9,0,0
1789903988529,211,345181,1,3376,-2.423561,1,-0.75,Walking,True,-3.9,0,0
1789903988529,211,345181,1,3376,-2.423561,1,-0.75,Walking,True,-3.9,0,0
1789903988529,211,345181,1,3376,-2.423561,1,-0.75,Walking,True,-3.9,0,0
1789903988529,211,345181,1,3376,-2.423561,1,-0.75,Walking,True,-3.9,0,0
1789903988529,211,345181,1,3376,-2.423561,1,-0.75,Walking,True,-3.9,0,0
1789903988529,211,345181,1,3376,-2.423561,1,-0.75,Walking,True,-3.9,0,0
1789903988529,211,345181,1,3376,-2.423561,1,-0.75,Walking,True,-3.9,0,0
1789903988529,211,345181,1,3376,-2.423561,1,-0.75,Walking,True,-3.9,0,0
1789903988545,212,346463,1,3392,-2.485961,1,-0.75,Walking,True,-3.9,0,0
1789903988545,212,346463,1,3392,-2.485961,1,-0.75,Walking,True,-3.9,0,0
1789903988545,212,346463,1,3392,-2.485961,1,-0.75,Walking,True,-3.9,0,0
1789903988545,212,346463,1,3392,-2.485961,1,-0.75,Walking,True,-3.9,0,0
1789903988545,212,346463,1,3392,-2.485961,1,-0.75,Walking,True,-3.9,0,0
1789903988545,212,346463,1,3392,-2.485961,1,-0.75,Walking,True,-3.9,0,0
1789903988545,212,346463,1,3392,-2.485961,1,-0.75,Walking,True,-3.9,0,0
1789903988545,212,346463,1,3392,-2.485961,1,-0.75,Walking,True,-3.9,0,0
1789903988561,213,347899,1,3408,-2.548361,1,-0.75,Walking,True,-3.9,0,0
1789903988561,213,347899,1,3408,-2.548361,1,-0.75,Walking,True,-3.9,0,0
1789903988561,213,347899,1,3408,-2.548361,1,-0.75,Walking,True,-3.9,0,0
1789903988561,213,347899,1,3408,-2.548361,1,-0.75,Walking,True,-3.9,0,0
1789903988561,213,347899,1,3408,-2.548361,1,-0.75,Walking,True,-3.9,0,0
1789903988561,213,347899,1,3408,-2.548361,1,-0.75,Walking,True,-3.9,0,0
1789903988561,213,347899,1,3408,-2.548361,1,-0.75,Walking,True,-3.9,0,0
1789903988561,213,347899,1,3408,-2.548361,1,-0.75,Walking,True,-3.9,0,0
1789903988577,214,349385,1,3424,-2.610761,1,-0.75,Walking,True,-3.9,0,0
1789903988577,214,349385,1,3424,-2.610761,1,-0.75,Walking,True,-3.9,0,0
1789903988577,214,349385,1,3424,-2.610761,1,-0.75,Walking,True,-3.9,0,0
1789903988577,214,349385,1,3424,-2.610761,1,-0.75,Walking,True,-3.9,0,0
1789903988577,214,349385,1,3424,-2.610761,1,-0.75,Walking,True,-3.9,0,0
1789903988577,214,349385,1,3424,-2.610761,1,-0.75,Walking,True,-3.9,0,0
1789903988577,214,349385,1,3424,-2.610761,1,-0.75,Walking,True,-3.9,0,0
1789903988577,214,349385,1,3424,-2.610761,1,-0.75,Walking,True,-3.9,0,0
1789903988593,215,350810,1,3440,-2.673161,1,-0.75,Walking,True,-3.9,0,0
1789903988593,215,350810,1,3440,-2.673161,1,-0.75,Walking,True,-3.9,0,0
1789903988593,215,350810,1,3440,-2.673161,1,-0.75,Walking,True,-3.9,0,0
1789903988593,215,350810,1,3440,-2.673161,1,-0.75,Walking,True,-3.9,0,0
1789903988593,215,350810,1,3440,-2.673161,1,-0.75,Walking,True,-3.9,0,0
1789903988593,215,350810,1,3440,-2.673161,1,-0.75,Walking,True,-3.9,0,0
1789903988593,215,350810,1,3440,-2.673161,1,-0.75,Walking,True,-3.9,0,0
1789903988593,215,350810,1,3440,-2.673161,1,-0.75,Walking,True,-3.9,0,0
1789903988608,216,352271,1,3456,-2.735561,1,-0.75,Walking,True,-3.9,0,0
1789903988608,216,352271,1,3456,-2.735561,1,-0.75,Walking,True,-3.9,0,0
1789903988608,216,352271,1,3456,-2.735561,1,-0.75,Walking,True,-3.9,0,0
1789903988608,216,352271,1,3456,-2.735561,1,-0.75,Walking,True,-3.9,0,0
1789903988608,216,352271,1,3456,-2.735561,1,-0.75,Walking,True,-3.9,0,0
1789903988608,216,352271,1,3456,-2.735561,1,-0.75,Walking,True,-3.9,0,0
1789903988608,216,352271,1,3456,-2.735561,1,-0.75,Walking,True,-3.9,0,0
1789903988608,216,352271,1,3456,-2.735561,1,-0.75,Walking,True,-3.9,0,0
1789903988624,217,353716,1,3472,-2.797961,1,-0.75,Walking,True,-3.9,0,0
1789903988624,217,353716,1,3472,-2.797961,1,-0.75,Walking,True,-3.9,0,0
1789903988624,217,353716,1,3472,-2.797961,1,-0.75,Walking,True,-3.9,0,0
1789903988624,217,353716,1,3472,-2.797961,1,-0.75,Walking,True,-3.9,0,0
1789903988624,217,353716,1,3472,-2.797961,1,-0.75,Walking,True,-3.9,0,0
1789903988624,217,353716,1,3472,-2.797961,1,-0.75,Walking,True,-3.9,0,0
1789903988624,217,353716,1,3472,-2.797961,1,-0.75,Walking,True,-3.9,0,0
1789903988624,217,353716,1,3472,-2.797961,1,-0.75,Walking,True,-3.9,0,0
1789903988639,218,355207,1,3488,-2.860361,1,-0.75,Walking,True,-3.9,0,0
1789903988639,218,355207,1,3488,-2.860361,1,-0.75,Walking,True,-3.9,0,0
1789903988639,218,355207,1,3488,-2.860361,1,-0.75,Walking,True,-3.9,0,0
1789903988639,218,355207,1,3488,-2.860361,1,-0.75,Walking,True,-3.9,0,0
1789903988639,218,355207,1,3488,-2.860361,1,-0.75,Walking,True,-3.9,0,0
1789903988639,218,355207,1,3488,-2.860361,1,-0.75,Walking,True,-3.9,0,0
1789903988639,218,355207,1,3488,-2.860361,1,-0.75,Walking,True,-3.9,0,0
1789903988640,218,355207,1,3488,-2.860361,1,-0.75,Walking,True,-3.9,0,0
1789903988655,219,356603,1,3504,-2.922761,1,-0.75,Walking,True,-3.9,0,0
1789903988655,219,356603,1,3504,-2.922761,1,-0.75,Walking,True,-3.9,0,0
1789903988655,219,356603,1,3504,-2.922761,1,-0.75,Walking,True,-3.9,0,0
1789903988655,219,356603,1,3504,-2.922761,1,-0.75,Walking,True,-3.9,0,0
1789903988655,219,356603,1,3504,-2.922761,1,-0.75,Walking,True,-3.9,0,0
1789903988655,219,356603,1,3504,-2.922761,1,-0.75,Walking,True,-3.9,0,0
1789903988655,219,356603,1,3504,-2.922761,1,-0.75,Walking,True,-3.9,0,0
1789903988655,219,356603,1,3504,-2.922761,1,-0.75,Walking,True,-3.9,0,0
1789903988670,220,358005,1,3520,-2.985162,1,-0.75,Walking,True,-3.9,0,0
1789903988670,220,358005,1,3520,-2.985162,1,-0.75,Walking,True,-3.9,0,0
1789903988670,220,358005,1,3520,-2.985162,1,-0.75,Walking,True,-3.9,0,0
1789903988670,220,358005,1,3520,-2.985162,1,-0.75,Walking,True,-3.9,0,0
1789903988670,220,358005,1,3520,-2.985162,1,-0.75,Walking,True,-3.9,0,0
1789903988670,220,358005,1,3520,-2.985162,1,-0.75,Walking,True,-3.9,0,0
1789903988670,220,358005,1,3520,-2.985162,1,-0.75,Walking,True,-3.9,0,0
1789903988670,220,358005,1,3520,-2.985162,1,-0.75,Walking,True,-3.9,0,0
1789903988686,221,359429,1,3536,-3.047562,1,-0.75,Walking,True,-3.9,0,0
1789903988686,221,359429,1,3536,-3.047562,1,-0.75,Walking,True,-3.9,0,0
1789903988686,221,359429,1,3536,-3.047562,1,-0.75,Walking,True,-3.9,0,0
1789903988686,221,359429,1,3536,-3.047562,1,-0.75,Walking,True,-3.9,0,0
1789903988686,221,359429,1,3536,-3.047562,1,-0.75,Walking,True,-3.9,0,0
1789903988686,221,359429,1,3536,-3.047562,1,-0.75,Walking,True,-3.9,0,0
1789903988686,221,359429,1,3536,-3.047562,1,-0.75,Walking,True,-3.9,0,0
1789903988686,221,359429,1,3536,-3.047562,1,-0.75,Walking,True,-3.9,0,0
1789903988701,222,360885,1,3552,-3.109962,1,-0.75,Walking,True,-3.9,0,0
1789903988701,222,360885,1,3552,-3.109962,1,-0.75,Walking,True,-3.9,0,0
1789903988701,222,360885,1,3552,-3.109962,1,-0.75,Walking,True,-3.9,0,0
1789903988701,222,360885,1,3552,-3.109962,1,-0.75,Walking,True,-3.9,0,0
1789903988701,222,360885,1,3552,-3.109962,1,-0.75,Walking,True,-3.9,0,0
1789903988701,222,360885,1,3552,-3.109962,1,-0.75,Walking,True,-3.9,0,0
1789903988702,222,360885,1,3552,-3.109962,1,-0.75,Walking,True,-3.9,0,0
1789903988702,222,360885,1,3552,-3.109962,1,-0.75,Walking,True,-3.9,0,0
1789903988718,223,362341,1,3568,-3.172362,1,-0.75,Walking,True,-3.9,0,0
1789903988718,223,362341,1,3568,-3.172362,1,-0.75,Walking,True,-3.9,0,0
1789903988718,223,362341,1,3568,-3.172362,1,-0.75,Walking,True,-3.9,0,0
1789903988718,223,362341,1,3568,-3.172362,1,-0.75,Walking,True,-3.9,0,0
1789903988718,223,362341,1,3568,-3.172362,1,-0.75,Walking,True,-3.9,0,0
1789903988718,223,362341,1,3568,-3.172362,1,-0.75,Walking,True,-3.9,0,0
1789903988718,223,362341,1,3568,-3.172362,1,-0.75,Walking,True,-3.9,0,0
1789903988718,223,362341,1,3568,-3.172362,1,-0.75,Walking,True,-3.9,0,0
1789903988734,224,363928,1,3584,-3.234762,1,-0.75,Walking,True,-3.9,0,0
1789903988734,224,363928,1,3584,-3.234762,1,-0.75,Walking,True,-3.9,0,0
1789903988734,224,363928,1,3584,-3.234762,1,-0.75,Walking,True,-3.9,0,0
1789903988734,224,363928,1,3584,-3.234762,1,-0.75,Walking,True,-3.9,0,0
1789903988734,224,363928,1,3584,-3.234762,1,-0.75,Walking,True,-3.9,0,0
1789903988734,224,363928,1,3584,-3.234762,1,-0.75,Walking,True,-3.9,0,0
1789903988734,224,363928,1,3584,-3.234762,1,-0.75,Walking,True,-3.9,0,0
1789903988734,224,363928,1,3584,-3.234762,1,-0.75,Walking,True,-3.9,0,0
1789903988749,225,365446,1,3600,-3.297162,1,-0.75,Walking,True,-3.9,0,0
1789903988749,225,365446,1,3600,-3.297162,1,-0.75,Walking,True,-3.9,0,0
1789903988749,225,365446,1,3600,-3.297162,1,-0.75,Walking,True,-3.9,0,0
1789903988749,225,365446,1,3600,-3.297162,1,-0.75,Walking,True,-3.9,0,0
1789903988749,225,365446,1,3600,-3.297162,1,-0.75,Walking,True,-3.9,0,0
1789903988749,225,365446,1,3600,-3.297162,1,-0.75,Walking,True,-3.9,0,0
1789903988749,225,365446,1,3600,-3.297162,1,-0.75,Walking,True,-3.9,0,0
1789903988749,225,365446,1,3600,-3.297162,1,-0.75,Walking,True,-3.9,0,0
1789903988765,226,366924,1,3616,-3.359562,1,-0.75,Walking,True,-3.9,0,0
1789903988765,226,366924,1,3616,-3.359562,1,-0.75,Walking,True,-3.9,0,0
1789903988765,226,366924,1,3616,-3.359562,1,-0.75,Walking,True,-3.9,0,0
1789903988765,226,366924,1,3616,-3.359562,1,-0.75,Walking,True,-3.9,0,0
1789903988765,226,366924,1,3616,-3.359562,1,-0.75,Walking,True,-3.9,0,0
1789903988765,226,366924,1,3616,-3.359562,1,-0.75,Walking,True,-3.9,0,0
1789903988765,226,366924,1,3616,-3.359562,1,-0.75,Walking,True,-3.9,0,0
1789903988765,226,366924,1,3616,-3.359562,1,-0.75,Walking,True,-3.9,0,0
1789903988780,227,368342,1,3632,-3.421962,1,-0.75,Walking,True,-3.9,0,0
1789903988780,227,368342,1,3632,-3.421962,1,-0.75,Walking,True,-3.9,0,0
1789903988780,227,368342,1,3632,-3.421962,1,-0.75,Walking,True,-3.9,0,0
1789903988780,227,368342,1,3632,-3.421962,1,-0.75,Walking,True,-3.9,0,0
1789903988780,227,368342,1,3632,-3.421962,1,-0.75,Walking,True,-3.9,0,0
1789903988780,227,368342,1,3632,-3.421962,1,-0.75,Walking,True,-3.9,0,0
1789903988780,227,368342,1,3632,-3.421962,1,-0.75,Walking,True,-3.9,0,0
1789903988780,227,368342,1,3632,-3.421962,1,-0.75,Walking,True,-3.9,0,0
1789903988797,228,369849,1,3648,-3.484362,1,-0.75,Walking,True,-3.9,0,0
1789903988797,228,369849,1,3648,-3.484362,1,-0.75,Walking,True,-3.9,0,0
1789903988797,228,369849,1,3648,-3.484362,1,-0.75,Walking,True,-3.9,0,0
1789903988797,228,369849,1,3648,-3.484362,1,-0.75,Walking,True,-3.9,0,0
1789903988797,228,369849,1,3648,-3.484362,1,-0.75,Walking,True,-3.9,0,0
1789903988797,228,369849,1,3648,-3.484362,1,-0.75,Walking,True,-3.9,0,0
1789903988797,228,369849,1,3648,-3.484362,1,-0.75,Walking,True,-3.9,0,0
1789903988797,228,369849,1,3648,-3.484362,1,-0.75,Walking,True,-3.9,0,0
1789903988812,229,371451,1,3664,-3.546762,1,-0.75,Walking,True,-3.9,0,0
1789903988812,229,371451,1,3664,-3.546762,1,-0.75,Walking,True,-3.9,0,0
1789903988812,229,371451,1,3664,-3.546762,1,-0.75,Walking,True,-3.9,0,0
1789903988812,229,371451,1,3664,-3.546762,1,-0.75,Walking,True,-3.9,0,0
1789903988812,229,371451,1,3664,-3.546762,1,-0.75,Walking,True,-3.9,0,0
1789903988812,229,371451,1,3664,-3.546762,1,-0.75,Walking,True,-3.9,0,0
1789903988812,229,371451,1,3664,-3.546762,1,-0.75,Walking,True,-3.9,0,0
1789903988812,229,371451,1,3664,-3.546762,1,-0.75,Walking,True,-3.9,0,0
1789903988828,230,372993,1,3680,-3.609163,1,-0.75,Walking,True,-3.9,0,0
1789903988828,230,372993,1,3680,-3.609163,1,-0.75,Walking,True,-3.9,0,0
1789903988828,230,372993,1,3680,-3.609163,1,-0.75,Walking,True,-3.9,0,0
1789903988828,230,372993,1,3680,-3.609163,1,-0.75,Walking,True,-3.9,0,0
1789903988828,230,372993,1,3680,-3.609163,1,-0.75,Walking,True,-3.9,0,0
1789903988828,230,372993,1,3680,-3.609163,1,-0.75,Walking,True,-3.9,0,0
1789903988828,230,372993,1,3680,-3.609163,1,-0.75,Walking,True,-3.9,0,0
1789903988828,230,372993,1,3680,-3.609163,1,-0.75,Walking,True,-3.9,0,0
1789903988843,231,374399,1,3696,-3.671563,1,-0.75,Walking,True,-3.9,0,0
1789903988843,231,374399,1,3696,-3.671563,1,-0.75,Walking,True,-3.9,0,0
1789903988843,231,374399,1,3696,-3.671563,1,-0.75,Walking,True,-3.9,0,0
1789903988843,231,374399,1,3696,-3.671563,1,-0.75,Walking,True,-3.9,0,0
1789903988843,231,374399,1,3696,-3.671563,1,-0.75,Walking,True,-3.9,0,0
1789903988843,231,374399,1,3696,-3.671563,1,-0.75,Walking,True,-3.9,0,0
1789903988843,231,374399,1,3696,-3.671563,1,-0.75,Walking,True,-3.9,0,0
1789903988844,231,374399,1,3696,-3.671563,1,-0.75,Walking,True,-3.9,0,0
1789903988875,232,375944,1,3712,-3.728843,1,-0.75,Walking,True,-3.58,0,0
1789903988875,232,375944,1,3712,-3.728843,1,-0.75,Walking,True,-3.58,0,0
1789903988875,232,375944,1,3712,-3.728843,1,-0.75,Walking,True,-3.58,0,0
1789903988875,232,375944,1,3712,-3.728843,1,-0.75,Walking,True,-3.58,0,0
1789903988875,232,375944,1,3712,-3.728843,1,-0.75,Walking,True,-3.58,0,0
1789903988875,232,375944,1,3712,-3.728843,1,-0.75,Walking,True,-3.58,0,0
1789903988875,232,375944,1,3712,-3.728843,1,-0.75,Walking,True,-3.58,0,0
1789903988875,232,375944,1,3712,-3.728843,1,-0.75,Walking,True,-3.58,0,0
1789903988890,233,378857,1,3728,-3.781003,1,-0.75,Walking,True,-3.26,0,0
1789903988890,233,378857,1,3728,-3.781003,1,-0.75,Walking,True,-3.26,0,0
1789903988890,233,378857,1,3728,-3.781003,1,-0.75,Walking,True,-3.26,0,0
1789903988890,233,378857,1,3728,-3.781003,1,-0.75,Walking,True,-3.26,0,0
1789903988890,233,378857,1,3728,-3.781003,1,-0.75,Walking,True,-3.26,0,0
1789903988890,233,378857,1,3728,-3.781003,1,-0.75,Walking,True,-3.26,0,0
1789903988890,233,378857,1,3728,-3.781003,1,-0.75,Walking,True,-3.26,0,0
1789903988890,233,378857,1,3728,-3.781003,1,-0.75,Walking,True,-3.26,0,0
1789903988906,234,380350,1,3744,-3.828043,1,-0.75,Walking,True,-2.94,0,0
1789903988906,234,380350,1,3744,-3.828043,1,-0.75,Walking,True,-2.94,0,0
1789903988906,234,380350,1,3744,-3.828043,1,-0.75,Walking,True,-2.94,0,0
1789903988906,234,380350,1,3744,-3.828043,1,-0.75,Walking,True,-2.94,0,0
1789903988906,234,380350,1,3744,-3.828043,1,-0.75,Walking,True,-2.94,0,0
1789903988906,234,380350,1,3744,-3.828043,1,-0.75,Walking,True,-2.94,0,0
1789903988906,234,380350,1,3744,-3.828043,1,-0.75,Walking,True,-2.94,0,0
1789903988906,234,380350,1,3744,-3.828043,1,-0.75,Walking,True,-2.94,0,0
1789903988921,235,381832,1,3760,-3.869963,1,-0.75,Walking,True,-2.62,0,0
1789903988921,235,381832,1,3760,-3.869963,1,-0.75,Walking,True,-2.62,0,0
1789903988921,235,381832,1,3760,-3.869963,1,-0.75,Walking,True,-2.62,0,0
1789903988921,235,381832,1,3760,-3.869963,1,-0.75,Walking,True,-2.62,0,0
1789903988921,235,381832,1,3760,-3.869963,1,-0.75,Walking,True,-2.62,0,0
1789903988921,235,381832,1,3760,-3.869963,1,-0.75,Walking,True,-2.62,0,0
1789903988921,235,381832,1,3760,-3.869963,1,-0.75,Walking,True,-2.62,0,0
1789903988921,235,381832,1,3760,-3.869963,1,-0.75,Walking,True,-2.62,0,0
1789903988937,236,383380,1,3776,-3.906763,1,-0.75,Walking,True,-2.3,0,0
1789903988937,236,383380,1,3776,-3.906763,1,-0.75,Walking,True,-2.3,0,0
1789903988937,236,383380,1,3776,-3.906763,1,-0.75,Walking,True,-2.3,0,0
1789903988937,236,383380,1,3776,-3.906763,1,-0.75,Walking,True,-2.3,0,0
1789903988937,236,383380,1,3776,-3.906763,1,-0.75,Walking,True,-2.3,0,0
1789903988937,236,383380,1,3776,-3.906763,1,-0.75,Walking,True,-2.3,0,0
1789903988937,236,383380,1,3776,-3.906763,1,-0.75,Walking,True,-2.3,0,0
1789903988937,236,383380,1,3776,-3.906763,1,-0.75,Walking,True,-2.3,0,0
1789903988953,237,384948,1,3792,-3.938443,1,-0.75,Walking,True,-1.98,0,0
1789903988953,237,384948,1,3792,-3.938443,1,-0.75,Walking,True,-1.98,0,0
1789903988953,237,384948,1,3792,-3.938443,1,-0.75,Walking,True,-1.98,0,0
1789903988953,237,384948,1,3792,-3.938443,1,-0.75,Walking,True,-1.98,0,0
1789903988953,237,384948,1,3792,-3.938443,1,-0.75,Walking,True,-1.98,0,0
1789903988953,237,384948,1,3792,-3.938443,1,-0.75,Walking,True,-1.98,0,0
1789903988953,237,384948,1,3792,-3.938443,1,-0.75,Walking,True,-1.98,0,0
1789903988953,237,384948,1,3792,-3.938443,1,-0.75,Walking,True,-1.98,0,0
1789903988968,238,386459,1,3808,-3.965003,1,-0.75,Walking,True,-1.66,0,0
1789903988968,238,386459,1,3808,-3.965003,1,-0.75,Walking,True,-1.66,0,0
1789903988968,238,386459,1,3808,-3.965003,1,-0.75,Walking,True,-1.66,0,0
1789903988968,238,386459,1,3808,-3.965003,1,-0.75,Walking,True,-1.66,0,0
1789903988968,238,386459,1,3808,-3.965003,1,-0.75,Walking,True,-1.66,0,0
1789903988968,238,386459,1,3808,-3.965003,1,-0.75,Walking,True,-1.66,0,0
1789903988968,238,386459,1,3808,-3.965003,1,-0.75,Walking,True,-1.66,0,0
1789903988968,238,386459,1,3808,-3.965003,1,-0.75,Walking,True,-1.66,0,0
1789903988984,239,387971,1,3824,-3.986443,1,-0.75,Walking,True,-1.34,0,0
1789903988984,239,387971,1,3824,-3.986443,1,-0.75,Walking,True,-1.34,0,0
1789903988984,239,387971,1,3824,-3.986443,1,-0.75,Walking,True,-1.34,0,0
1789903988984,239,387971,1,3824,-3.986443,1,-0.75,Walking,True,-1.34,0,0
1789903988984,239,387971,1,3824,-3.986443,1,-0.75,Walking,True,-1.34,0,0
1789903988984,239,387971,1,3824,-3.986443,1,-0.75,Walking,True,-1.34,0,0
1789903988984,239,387971,1,3824,-3.986443,1,-0.75,Walking,True,-1.34,0,0
1789903988984,239,387971,1,3824,-3.986443,1,-0.75,Walking,True,-1.34,0,0
1789903988999,240,389467,1,3840,-4.002763,1,-0.75,Walking,True,-1.02,0,0
1789903988999,240,389467,1,3840,-4.002763,1,-0.75,Walking,True,-1.02,0,0
1789903988999,240,389467,1,3840,-4.002763,1,-0.75,Walking,True,-1.02,0,0
1789903988999,240,389467,1,3840,-4.002763,1,-0.75,Walking,True,-1.02,0,0
1789903988999,240,389467,1,3840,-4.002763,1,-0.75,Walking,True,-1.02,0,0
1789903988999,240,389467,1,3840,-4.002763,1,-0.75,Walking,True,-1.02,0,0
1789903988999,240,389467,1,3840,-4.002763,1,-0.75,Walking,True,-1.02,0,0
1789903988999,240,389467,1,3840,-4.002763,1,-0.75,Walking,True,-1.02,0,0
1789903989015,241,390908,1,3856,-4.013963,1,-0.75,Walking,True,-0.7,0,0
1789903989015,241,390908,1,3856,-4.013963,1,-0.75,Walking,True,-0.7,0,0
1789903989015,241,390908,1,3856,-4.013963,1,-0.75,Walking,True,-0.7,0,0
1789903989015,241,390908,1,3856,-4.013963,1,-0.75,Walking,True,-0.7,0,0
1789903989015,241,390908,1,3856,-4.013963,1,-0.75,Walking,True,-0.7,0,0
1789903989015,241,390908,1,3856,-4.013963,1,-0.75,Walking,True,-0.7,0,0
1789903989015,241,390908,1,3856,-4.013963,1,-0.75,Walking,True,-0.7,0,0
1789903989015,241,390908,1,3856,-4.013963,1,-0.75,Walking,True,-0.7,0,0
1789903989031,242,392432,1,3872,-4.020043,1,-0.75,Walking,True,-0.38,0,0
1789903989031,242,392432,1,3872,-4.020043,1,-0.75,Walking,True,-0.38,0,0
1789903989031,242,392432,1,3872,-4.020043,1,-0.75,Walking,True,-0.38,0,0
1789903989031,242,392432,1,3872,-4.020043,1,-0.75,Walking,True,-0.38,0,0
1789903989031,242,392432,1,3872,-4.020043,1,-0.75,Walking,True,-0.38,0,0
1789903989031,242,392432,1,3872,-4.020043,1,-0.75,Walking,True,-0.38,0,0
1789903989031,242,392432,1,3872,-4.020043,1,-0.75,Walking,True,-0.38,0,0
1789903989031,242,392432,1,3872,-4.020043,1,-0.75,Walking,True,-0.38,0,0
1789903989046,243,393980,1,3888,-4.020043,1,-0.75,Walking,True,-0.06,0,0
1789903989046,243,393980,1,3888,-4.020043,1,-0.75,Walking,True,-0.06,0,0
1789903989046,243,393980,1,3888,-4.020043,1,-0.75,Walking,True,-0.06,0,0
1789903989046,243,393980,1,3888,-4.020043,1,-0.75,Walking,True,-0.06,0,0
1789903989046,243,393980,1,3888,-4.020043,1,-0.75,Walking,True,-0.06,0,0
1789903989046,243,393980,1,3888,-4.020043,1,-0.75,Walking,True,-0.06,0,0
1789903989046,243,393980,1,3888,-4.020043,1,-0.75,Walking,True,-0.06,0,0
1789903989046,243,393980,1,3888,-4.020043,1,-0.75,Walking,True,-0.06,0,0
1789903989061,244,395555,1,3904,-4.020043,1,-0.75,Walking,True,0,0,0
1789903989061,244,395555,1,3904,-4.020043,1,-0.75,Walking,True,0,0,0
1789903989061,244,395555,1,3904,-4.020043,1,-0.75,Walking,True,0,0,0
1789903989061,244,395555,1,3904,-4.020043,1,-0.75,Walking,True,0,0,0
1789903989061,244,395555,1,3904,-4.020043,1,-0.75,Walking,True,0,0,0
1789903989061,244,395555,1,3904,-4.020043,1,-0.75,Walking,True,0,0,0
1789903989061,244,395555,1,3904,-4.020043,1,-0.75,Walking,True,0,0,0
1789903989061,244,395555,1,3904,-4.020043,1,-0.75,Walking,True,0,0,0
1789903989077,245,397026,1,3920,-4.020043,1,-0.75,Walking,True,0,0,0
1789903989077,245,397026,1,3920,-4.020043,1,-0.75,Walking,True,0,0,0
1789903989077,245,397026,1,3920,-4.020043,1,-0.75,Walking,True,0,0,0
1789903989077,245,397026,1,3920,-4.020043,1,-0.75,Walking,True,0,0,0
1789903989077,245,397026,1,3920,-4.020043,1,-0.75,Walking,True,0,0,0
1789903989077,245,397026,1,3920,-4.020043,1,-0.75,Walking,True,0,0,0
1789903989077,245,397026,1,3920,-4.020043,1,-0.75,Walking,True,0,0,0
1789903989077,245,397026,1,3920,-4.020043,1,-0.75,Walking,True,0,0,0
1789903989092,246,398577,1,3936,-4.020043,1,-0.75,Walking,True,0,0,0
1789903989092,246,398577,1,3936,-4.020043,1,-0.75,Walking,True,0,0,0
1789903989092,246,398577,1,3936,-4.020043,1,-0.75,Walking,True,0,0,0
1789903989092,246,398577,1,3936,-4.020043,1,-0.75,Walking,True,0,0,0
1789903989092,246,398577,1,3936,-4.020043,1,-0.75,Walking,True,0,0,0
1789903989092,246,398577,1,3936,-4.020043,1,-0.75,Walking,True,0,0,0
1789903989092,246,398577,1,3936,-4.020043,1,-0.75,Walking,True,0,0,0
1789903989092,246,398577,1,3936,-4.020043,1,-0.75,Walking,True,0,0,0
1789903989108,247,400056,1,3952,-4.020043,1,-0.75,Walking,True,0,0,0
1789903989108,247,400056,1,3952,-4.020043,1,-0.75,Walking,True,0,0,0
1789903989108,247,400056,1,3952,-4.020043,1,-0.75,Walking,True,0,0,0
1789903989108,247,400056,1,3952,-4.020043,1,-0.75,Walking,True,0,0,0
1789903989108,247,400056,1,3952,-4.020043,1,-0.75,Walking,True,0,0,0
1789903989108,247,400056,1,3952,-4.020043,1,-0.75,Walking,True,0,0,0
1789903989108,247,400056,1,3952,-4.020043,1,-0.75,Walking,True,0,0,0
1789903989108,247,400056,1,3952,-4.020043,1,-0.75,Walking,True,0,0,0
1789903989123,248,401567,1,3968,-4.020043,1,-0.75,Walking,True,0,0,0
1789903989123,248,401567,1,3968,-4.020043,1,-0.75,Walking,True,0,0,0
1789903989123,248,401567,1,3968,-4.020043,1,-0.75,Walking,True,0,0,0
1789903989123,248,401567,1,3968,-4.020043,1,-0.75,Walking,True,0,0,0
1789903989123,248,401567,1,3968,-4.020043,1,-0.75,Walking,True,0,0,0
1789903989123,248,401567,1,3968,-4.020043,1,-0.75,Walking,True,0,0,0
1789903989123,248,401567,1,3968,-4.020043,1,-0.75,Walking,True,0,0,0
1789903989123,248,401567,1,3968,-4.020043,1,-0.75,Walking,True,0,0,0
1789903989139,249,403052,1,3984,-4.020043,1,-0.75,Walking,True,0,0,0
1789903989139,249,403052,1,3984,-4.020043,1,-0.75,Walking,True,0,0,0
1789903989139,249,403052,1,3984,-4.020043,1,-0.75,Walking,True,0,0,0
1789903989139,249,403052,1,3984,-4.020043,1,-0.75,Walking,True,0,0,0
1789903989139,249,403052,1,3984,-4.020043,1,-0.75,Walking,True,0,0,0
1789903989139,249,403052,1,3984,-4.020043,1,-0.75,Walking,True,0,0,0
1789903989139,249,403052,1,3984,-4.020043,1,-0.75,Walking,True,0,0,0
1789903989139,249,403052,1,3984,-4.020043,1,-0.75,Walking,True,0,0,0
1789903989155,250,404443,1,4000,-4.020043,1,-0.75,Walking,True,0,0,0
1789903989155,250,404443,1,4000,-4.020043,1,-0.75,Walking,True,0,0,0
1789903989155,250,404443,1,4000,-4.020043,1,-0.75,Walking,True,0,0,0
1789903989155,250,404443,1,4000,-4.020043,1,-0.75,Walking,True,0,0,0
1789903989155,250,404443,1,4000,-4.020043,1,-0.75,Walking,True,0,0,0
1789903989155,250,404443,1,4000,-4.020043,1,-0.75,Walking,True,0,0,0
1789903989155,250,404443,1,4000,-4.020043,1,-0.75,Walking,True,0,0,0
1789903989155,250,404443,1,4000,-4.020043,1,-0.75,Walking,True,0,0,0
1789903989170,251,406053,1,4016,-4.020043,1,-0.75,Walking,True,0,0,0
1789903989170,251,406053,1,4016,-4.020043,1,-0.75,Walking,True,0,0,0
1789903989170,251,406053,1,4016,-4.020043,1,-0.75,Walking,True,0,0,0
1789903989170,251,406053,1,4016,-4.020043,1,-0.75,Walking,True,0,0,0
1789903989170,251,406053,1,4016,-4.020043,1,-0.75,Walking,True,0,0,0
1789903989170,251,406053,1,4016,-4.020043,1,-0.75,Walking,True,0,0,0
1789903989170,251,406053,1,4016,-4.020043,1,-0.75,Walking,True,0,0,0
1789903989170,251,406053,1,4016,-4.020043,1,-0.75,Walking,True,0,0,0
1789903989185,252,407545,1,4032,-4.020043,1,-0.75,Walking,True,0,0,0
1789903989185,252,407545,1,4032,-4.020043,1,-0.75,Walking,True,0,0,0
1789903989185,252,407545,1,4032,-4.020043,1,-0.75,Walking,True,0,0,0
1789903989185,252,407545,1,4032,-4.020043,1,-0.75,Walking,True,0,0,0
1789903989185,252,407545,1,4032,-4.020043,1,-0.75,Walking,True,0,0,0
1789903989185,252,407545,1,4032,-4.020043,1,-0.75,Walking,True,0,0,0
1789903989185,252,407545,1,4032,-4.020043,1,-0.75,Walking,True,0,0,0
1789903989185,252,407545,1,4032,-4.020043,1,-0.75,Walking,True,0,0,0
1789903989201,253,409101,1,4048,-4.020043,1,-0.75,Walking,True,0,0,0
1789903989201,253,409101,1,4048,-4.020043,1,-0.75,Walking,True,0,0,0
1789903989201,253,409101,1,4048,-4.020043,1,-0.75,Walking,True,0,0,0
1789903989201,253,409101,1,4048,-4.020043,1,-0.75,Walking,True,0,0,0
1789903989201,253,409101,1,4048,-4.020043,1,-0.75,Walking,True,0,0,0
1789903989201,253,409101,1,4048,-4.020043,1,-0.75,Walking,True,0,0,0
1789903989201,253,409101,1,4048,-4.020043,1,-0.75,Walking,True,0,0,0
1789903989201,253,409101,1,4048,-4.020043,1,-0.75,Walking,True,0,0,0
1789903989217,254,410569,1,4064,-4.020043,1,-0.75,Walking,True,0,0,0
1789903989217,254,410569,1,4064,-4.020043,1,-0.75,Walking,True,0,0,0
1789903989217,254,410569,1,4064,-4.020043,1,-0.75,Walking,True,0,0,0
1789903989217,254,410569,1,4064,-4.020043,1,-0.75,Walking,True,0,0,0
1789903989217,254,410569,1,4064,-4.020043,1,-0.75,Walking,True,0,0,0
1789903989217,254,410569,1,4064,-4.020043,1,-0.75,Walking,True,0,0,0
1789903989217,254,410569,1,4064,-4.020043,1,-0.75,Walking,True,0,0,0
1789903989217,254,410569,1,4064,-4.020043,1,-0.75,Walking,True,0,0,0
1789903989233,255,412165,1,4080,-4.020043,1,-0.75,Walking,True,0,0,0
1789903989233,255,412165,1,4080,-4.020043,1,-0.75,Walking,True,0,0,0
1789903989233,255,412165,1,4080,-4.020043,1,-0.75,Walking,True,0,0,0
1789903989233,255,412165,1,4080,-4.020043,1,-0.75,Walking,True,0,0,0
1789903989233,255,412165,1,4080,-4.020043,1,-0.75,Walking,True,0,0,0
1789903989233,255,412165,1,4080,-4.020043,1,-0.75,Walking,True,0,0,0
1789903989233,255,412165,1,4080,-4.020043,1,-0.75,Walking,True,0,0,0
1789903989233,255,412165,1,4080,-4.020043,1,-0.75,Walking,True,0,0,0
1789903989249,256,413811,1,4096,-4.020043,1,-0.75,Walking,True,0,0,0
1789903989249,256,413811,1,4096,-4.020043,1,-0.75,Walking,True,0,0,0
1789903989249,256,413811,1,4096,-4.020043,1,-0.75,Walking,True,0,0,0
1789903989249,256,413811,1,4096,-4.020043,1,-0.75,Walking,True,0,0,0
1789903989249,256,413811,1,4096,-4.020043,1,-0.75,Walking,True,0,0,0
1789903989249,256,413811,1,4096,-4.020043,1,-0.75,Walking,True,0,0,0
1789903989249,256,413811,1,4096,-4.020043,1,-0.75,Walking,True,0,0,0
1789903989249,256,413811,1,4096,-4.020043,1,-0.75,Walking,True,0,0,0
1789903989266,257,415362,1,4112,-4.020043,1,-0.75,Walking,True,0,0,0
1789903989266,257,415362,1,4112,-4.020043,1,-0.75,Walking,True,0,0,0
1789903989266,257,415362,1,4112,-4.020043,1,-0.75,Walking,True,0,0,0
1789903989266,257,415362,1,4112,-4.020043,1,-0.75,Walking,True,0,0,0
1789903989266,257,415362,1,4112,-4.020043,1,-0.75,Walking,True,0,0,0
1789903989266,257,415362,1,4112,-4.020043,1,-0.75,Walking,True,0,0,0
1789903989266,257,415362,1,4112,-4.020043,1,-0.75,Walking,True,0,0,0
1789903989266,257,415362,1,4112,-4.020043,1,-0.75,Walking,True,0,0,0
1789903989280,258,417051,1,4128,-4.020043,1,-0.75,Walking,True,0,0,0
1789903989280,258,417051,1,4128,-4.020043,1,-0.75,Walking,True,0,0,0
1789903989280,258,417051,1,4128,-4.020043,1,-0.75,Walking,True,0,0,0
1789903989280,258,417051,1,4128,-4.020043,1,-0.75,Walking,True,0,0,0
1789903989280,258,417051,1,4128,-4.020043,1,-0.75,Walking,True,0,0,0
1789903989280,258,417051,1,4128,-4.020043,1,-0.75,Walking,True,0,0,0
1789903989280,258,417051,1,4128,-4.020043,1,-0.75,Walking,True,0,0,0
1789903989280,258,417051,1,4128,-4.020043,1,-0.75,Walking,True,0,0,0
1789903989296,259,418460,1,4144,-4.020043,1,-0.75,Walking,True,0,0,0
1789903989296,259,418460,1,4144,-4.020043,1,-0.75,Walking,True,0,0,0
1789903989296,259,418460,1,4144,-4.020043,1,-0.75,Walking,True,0,0,0
1789903989296,259,418460,1,4144,-4.020043,1,-0.75,Walking,True,0,0,0
1789903989296,259,418460,1,4144,-4.020043,1,-0.75,Walking,True,0,0,0
1789903989296,259,418460,1,4144,-4.020043,1,-0.75,Walking,True,0,0,0
1789903989296,259,418460,1,4144,-4.020043,1,-0.75,Walking,True,0,0,0
1789903989296,259,418460,1,4144,-4.020043,1,-0.75,Walking,True,0,0,0
1789903989311,260,420032,1,4160,-4.020043,1,-0.75,Walking,True,0,0,0
1789903989311,260,420032,1,4160,-4.020043,1,-0.75,Walking,True,0,0,0
1789903989311,260,420032,1,4160,-4.020043,1,-0.75,Walking,True,0,0,0
1789903989311,260,420032,1,4160,-4.020043,1,-0.75,Walking,True,0,0,0
1789903989311,260,420032,1,4160,-4.020043,1,-0.75,Walking,True,0,0,0
1789903989311,260,420032,1,4160,-4.020043,1,-0.75,Walking,True,0,0,0
1789903989311,260,420032,1,4160,-4.020043,1,-0.75,Walking,True,0,0,0
1789903989311,260,420032,1,4160,-4.020043,1,-0.75,Walking,True,0,0,0
1789903989326,261,421514,1,4176,-4.020043,1,-0.75,Walking,True,0,0,0
1789903989326,261,421514,1,4176,-4.020043,1,-0.75,Walking,True,0,0,0
1789903989326,261,421514,1,4176,-4.020043,1,-0.75,Walking,True,0,0,0
1789903989326,261,421514,1,4176,-4.020043,1,-0.75,Walking,True,0,0,0
1789903989326,261,421514,1,4176,-4.020043,1,-0.75,Walking,True,0,0,0
1789903989326,261,421514,1,4176,-4.020043,1,-0.75,Walking,True,0,0,0
1789903989326,261,421514,1,4176,-4.020043,1,-0.75,Walking,True,0,0,0
1789903989326,261,421514,1,4176,-4.020043,1,-0.75,Walking,True,0,0,0
1789903989343,262,423007,1,4192,-4.020043,1,-0.75,Walking,True,0,0,0
1789903989343,262,423007,1,4192,-4.020043,1,-0.75,Walking,True,0,0,0
1789903989343,262,423007,1,4192,-4.020043,1,-0.75,Walking,True,0,0,0
1789903989343,262,423007,1,4192,-4.020043,1,-0.75,Walking,True,0,0,0
1789903989343,262,423007,1,4192,-4.020043,1,-0.75,Walking,True,0,0,0
1789903989343,262,423007,1,4192,-4.020043,1,-0.75,Walking,True,0,0,0
1789903989343,262,423007,1,4192,-4.020043,1,-0.75,Walking,True,0,0,0
1789903989343,262,423007,1,4192,-4.020043,1,-0.75,Walking,True,0,0,0
1789903989358,263,424668,1,4208,-4.020043,1,-0.75,Walking,True,0,0,0
1789903989358,263,424668,1,4208,-4.020043,1,-0.75,Walking,True,0,0,0
1789903989358,263,424668,1,4208,-4.020043,1,-0.75,Walking,True,0,0,0
1789903989358,263,424668,1,4208,-4.020043,1,-0.75,Walking,True,0,0,0
1789903989358,263,424668,1,4208,-4.020043,1,-0.75,Walking,True,0,0,0
1789903989358,263,424668,1,4208,-4.020043,1,-0.75,Walking,True,0,0,0
1789903989358,263,424668,1,4208,-4.020043,1,-0.75,Walking,True,0,0,0
1789903989358,263,424668,1,4208,-4.020043,1,-0.75,Walking,True,0,0,0
1789903989593,264,455777,1,4224,-4.020043,1.061489,-0.75,Falling,False,0,3.84304,0
1789903989593,264,455777,1,4224,-4.020043,1.061489,-0.75,Falling,False,0,3.84304,0
1789903989593,264,455777,1,4224,-4.020043,1.061489,-0.75,Falling,False,0,3.84304,0
1789903989593,264,455777,1,4224,-4.020043,1.061489,-0.75,Falling,False,0,3.84304,0
1789903989593,264,455777,1,4224,-4.020043,1.061489,-0.75,Falling,False,0,3.84304,0
1789903989593,264,455777,1,4224,-4.020043,1.061489,-0.75,Falling,False,0,3.84304,0
1789903989593,264,455777,1,4224,-4.020043,1.061489,-0.75,Falling,False,0,3.84304,0
1789903989593,264,455777,1,4224,-4.020043,1.061489,-0.75,Falling,False,0,3.84304,0
1789903989596,265,458689,1,4240,-4.020043,1.120466,-0.75,Falling,False,0,3.68608,0
1789903989596,265,458689,1,4240,-4.020043,1.120466,-0.75,Falling,False,0,3.68608,0
1789903989596,265,458689,1,4240,-4.020043,1.120466,-0.75,Falling,False,0,3.68608,0
1789903989596,265,458689,1,4240,-4.020043,1.120466,-0.75,Falling,False,0,3.68608,0
1789903989596,265,458689,1,4240,-4.020043,1.120466,-0.75,Falling,False,0,3.68608,0
1789903989596,265,458689,1,4240,-4.020043,1.120466,-0.75,Falling,False,0,3.68608,0
1789903989596,265,458689,1,4240,-4.020043,1.120466,-0.75,Falling,False,0,3.68608,0
1789903989596,265,458689,1,4240,-4.020043,1.120466,-0.75,Falling,False,0,3.68608,0
1789903989623,266,458914,1,4256,-4.020043,1.176932,-0.75,Falling,False,0,3.52912,0
1789903989623,266,458914,1,4256,-4.020043,1.176932,-0.75,Falling,False,0,3.52912,0
1789903989623,266,458914,1,4256,-4.020043,1.176932,-0.75,Falling,False,0,3.52912,0
1789903989623,266,458914,1,4256,-4.020043,1.176932,-0.75,Falling,False,0,3.52912,0
1789903989623,266,458914,1,4256,-4.020043,1.176932,-0.75,Falling,False,0,3.52912,0
1789903989623,266,458914,1,4256,-4.020043,1.176932,-0.75,Falling,False,0,3.52912,0
1789903989623,266,458914,1,4256,-4.020043,1.176932,-0.75,Falling,False,0,3.52912,0
1789903989623,266,458914,1,4256,-4.020043,1.176932,-0.75,Falling,False,0,3.52912,0
1789903989639,267,461511,1,4272,-4.020043,1.230886,-0.75,Falling,False,0,3.37216,0
1789903989639,267,461511,1,4272,-4.020043,1.230886,-0.75,Falling,False,0,3.37216,0
1789903989639,267,461511,1,4272,-4.020043,1.230886,-0.75,Falling,False,0,3.37216,0
1789903989639,267,461511,1,4272,-4.020043,1.230886,-0.75,Falling,False,0,3.37216,0
1789903989639,267,461511,1,4272,-4.020043,1.230886,-0.75,Falling,False,0,3.37216,0
1789903989639,267,461511,1,4272,-4.020043,1.230886,-0.75,Falling,False,0,3.37216,0
1789903989639,267,461511,1,4272,-4.020043,1.230886,-0.75,Falling,False,0,3.37216,0
1789903989639,267,461511,1,4272,-4.020043,1.230886,-0.75,Falling,False,0,3.37216,0
1789903989655,268,463082,1,4288,-4.020043,1.28233,-0.75,Falling,False,0,3.2152,0
1789903989655,268,463082,1,4288,-4.020043,1.28233,-0.75,Falling,False,0,3.2152,0
1789903989655,268,463082,1,4288,-4.020043,1.28233,-0.75,Falling,False,0,3.2152,0
1789903989655,268,463082,1,4288,-4.020043,1.28233,-0.75,Falling,False,0,3.2152,0
1789903989655,268,463082,1,4288,-4.020043,1.28233,-0.75,Falling,False,0,3.2152,0
1789903989655,268,463082,1,4288,-4.020043,1.28233,-0.75,Falling,False,0,3.2152,0
1789903989655,268,463082,1,4288,-4.020043,1.28233,-0.75,Falling,False,0,3.2152,0
1789903989655,268,463082,1,4288,-4.020043,1.28233,-0.75,Falling,False,0,3.2152,0
1789903989670,269,464494,1,4304,-4.020043,1.331262,-0.75,Falling,False,0,3.05824,0
1789903989670,269,464494,1,4304,-4.020043,1.331262,-0.75,Falling,False,0,3.05824,0
1789903989670,269,464494,1,4304,-4.020043,1.331262,-0.75,Falling,False,0,3.05824,0
1789903989670,269,464494,1,4304,-4.020043,1.331262,-0.75,Falling,False,0,3.05824,0
1789903989670,269,464494,1,4304,-4.020043,1.331262,-0.75,Falling,False,0,3.05824,0
1789903989670,269,464494,1,4304,-4.020043,1.331262,-0.75,Falling,False,0,3.05824,0
1789903989670,269,464494,1,4304,-4.020043,1.331262,-0.75,Falling,False,0,3.05824,0
1789903989670,269,464494,1,4304,-4.020043,1.331262,-0.75,Falling,False,0,3.05824,0
1789903989686,270,465914,1,4320,-4.020043,1.377682,-0.75,Falling,False,0,2.90128,0
1789903989686,270,465914,1,4320,-4.020043,1.377682,-0.75,Falling,False,0,2.90128,0
1789903989686,270,465914,1,4320,-4.020043,1.377682,-0.75,Falling,False,0,2.90128,0
1789903989686,270,465914,1,4320,-4.020043,1.377682,-0.75,Falling,False,0,2.90128,0
1789903989686,270,465914,1,4320,-4.020043,1.377682,-0.75,Falling,False,0,2.90128,0
1789903989686,270,465914,1,4320,-4.020043,1.377682,-0.75,Falling,False,0,2.90128,0
1789903989686,270,465914,1,4320,-4.020043,1.377682,-0.75,Falling,False,0,2.90128,0
1789903989686,270,465914,1,4320,-4.020043,1.377682,-0.75,Falling,False,0,2.90128,0
1789903989701,271,467356,1,4336,-4.020043,1.421591,-0.75,Falling,False,0,2.74432,0
1789903989701,271,467356,1,4336,-4.020043,1.421591,-0.75,Falling,False,0,2.74432,0
1789903989701,271,467356,1,4336,-4.020043,1.421591,-0.75,Falling,False,0,2.74432,0
1789903989701,271,467356,1,4336,-4.020043,1.421591,-0.75,Falling,False,0,2.74432,0
1789903989701,271,467356,1,4336,-4.020043,1.421591,-0.75,Falling,False,0,2.74432,0
1789903989701,271,467356,1,4336,-4.020043,1.421591,-0.75,Falling,False,0,2.74432,0
1789903989701,271,467356,1,4336,-4.020043,1.421591,-0.75,Falling,False,0,2.74432,0
1789903989701,271,467356,1,4336,-4.020043,1.421591,-0.75,Falling,False,0,2.74432,0
1789903989718,272,468762,1,4352,-4.020043,1.462989,-0.75,Falling,False,0,2.58736,0
1789903989718,272,468762,1,4352,-4.020043,1.462989,-0.75,Falling,False,0,2.58736,0
1789903989718,272,468762,1,4352,-4.020043,1.462989,-0.75,Falling,False,0,2.58736,0
1789903989718,272,468762,1,4352,-4.020043,1.462989,-0.75,Falling,False,0,2.58736,0
1789903989718,272,468762,1,4352,-4.020043,1.462989,-0.75,Falling,False,0,2.58736,0
1789903989718,272,468762,1,4352,-4.020043,1.462989,-0.75,Falling,False,0,2.58736,0
1789903989718,272,468762,1,4352,-4.020043,1.462989,-0.75,Falling,False,0,2.58736,0
1789903989718,272,468762,1,4352,-4.020043,1.462989,-0.75,Falling,False,0,2.58736,0
1789903989733,273,470285,1,4368,-4.020043,1.501875,-0.75,Falling,False,0,2.4304,0
1789903989733,273,470285,1,4368,-4.020043,1.501875,-0.75,Falling,False,0,2.4304,0
1789903989733,273,470285,1,4368,-4.020043,1.501875,-0.75,Falling,False,0,2.4304,0
1789903989733,273,470285,1,4368,-4.020043,1.501875,-0.75,Falling,False,0,2.4304,0
1789903989733,273,470285,1,4368,-4.020043,1.501875,-0.75,Falling,False,0,2.4304,0
1789903989733,273,470285,1,4368,-4.020043,1.501875,-0.75,Falling,False,0,2.4304,0
1789903989733,273,470285,1,4368,-4.020043,1.501875,-0.75,Falling,False,0,2.4304,0
1789903989733,273,470285,1,4368,-4.020043,1.501875,-0.75,Falling,False,0,2.4304,0
1789903989749,274,471666,1,4384,-4.020043,1.53825,-0.75,Falling,False,0,2.27344,0
1789903989749,274,471666,1,4384,-4.020043,1.53825,-0.75,Falling,False,0,2.27344,0
1789903989749,274,471666,1,4384,-4.020043,1.53825,-0.75,Falling,False,0,2.27344,0
1789903989749,274,471666,1,4384,-4.020043,1.53825,-0.75,Falling,False,0,2.27344,0
1789903989749,274,471666,1,4384,-4.020043,1.53825,-0.75,Falling,False,0,2.27344,0
1789903989749,274,471666,1,4384,-4.020043,1.53825,-0.75,Falling,False,0,2.27344,0
1789903989749,274,471666,1,4384,-4.020043,1.53825,-0.75,Falling,False,0,2.27344,0
1789903989749,274,471666,1,4384,-4.020043,1.53825,-0.75,Falling,False,0,2.27344,0
1789903989765,275,473163,1,4400,-4.020043,1.572114,-0.75,Falling,False,0,2.11648,0
1789903989765,275,473163,1,4400,-4.020043,1.572114,-0.75,Falling,False,0,2.11648,0
1789903989765,275,473163,1,4400,-4.020043,1.572114,-0.75,Falling,False,0,2.11648,0
1789903989765,275,473163,1,4400,-4.020043,1.572114,-0.75,Falling,False,0,2.11648,0
1789903989765,275,473163,1,4400,-4.020043,1.572114,-0.75,Falling,False,0,2.11648,0
1789903989765,275,473163,1,4400,-4.020043,1.572114,-0.75,Falling,False,0,2.11648,0
1789903989765,275,473163,1,4400,-4.020043,1.572114,-0.75,Falling,False,0,2.11648,0
1789903989765,275,473163,1,4400,-4.020043,1.572114,-0.75,Falling,False,0,2.11648,0
1789903989781,276,474647,1,4416,-4.020043,1.603466,-0.75,Falling,False,0,1.95952,0
1789903989781,276,474647,1,4416,-4.020043,1.603466,-0.75,Falling,False,0,1.95952,0
1789903989781,276,474647,1,4416,-4.020043,1.603466,-0.75,Falling,False,0,1.95952,0
1789903989781,276,474647,1,4416,-4.020043,1.603466,-0.75,Falling,False,0,1.95952,0
1789903989781,276,474647,1,4416,-4.020043,1.603466,-0.75,Falling,False,0,1.95952,0
1789903989781,276,474647,1,4416,-4.020043,1.603466,-0.75,Falling,False,0,1.95952,0
1789903989781,276,474647,1,4416,-4.020043,1.603466,-0.75,Falling,False,0,1.95952,0
1789903989781,276,474647,1,4416,-4.020043,1.603466,-0.75,Falling,False,0,1.95952,0
1789903989797,277,476099,1,4432,-4.020043,1.632307,-0.75,Falling,False,0,1.80256,0
1789903989797,277,476099,1,4432,-4.020043,1.632307,-0.75,Falling,False,0,1.80256,0
1789903989797,277,476099,1,4432,-4.020043,1.632307,-0.75,Falling,False,0,1.80256,0
1789903989797,277,476099,1,4432,-4.020043,1.632307,-0.75,Falling,False,0,1.80256,0
1789903989797,277,476099,1,4432,-4.020043,1.632307,-0.75,Falling,False,0,1.80256,0
1789903989797,277,476099,1,4432,-4.020043,1.632307,-0.75,Falling,False,0,1.80256,0
1789903989797,277,476099,1,4432,-4.020043,1.632307,-0.75,Falling,False,0,1.80256,0
1789903989797,277,476099,1,4432,-4.020043,1.632307,-0.75,Falling,False,0,1.80256,0
1789903989812,278,477586,1,4448,-4.020043,1.658637,-0.75,Falling,False,0,1.6456,0
1789903989812,278,477586,1,4448,-4.020043,1.658637,-0.75,Falling,False,0,1.6456,0
1789903989812,278,477586,1,4448,-4.020043,1.658637,-0.75,Falling,False,0,1.6456,0
1789903989812,278,477586,1,4448,-4.020043,1.658637,-0.75,Falling,False,0,1.6456,0
1789903989812,278,477586,1,4448,-4.020043,1.658637,-0.75,Falling,False,0,1.6456,0
1789903989812,278,477586,1,4448,-4.020043,1.658637,-0.75,Falling,False,0,1.6456,0
1789903989812,278,477586,1,4448,-4.020043,1.658637,-0.75,Falling,False,0,1.6456,0
1789903989812,278,477586,1,4448,-4.020043,1.658637,-0.75,Falling,False,0,1.6456,0
1789903989828,279,479037,1,4464,-4.020043,1.682455,-0.75,Falling,False,0,1.48864,0
1789903989828,279,479037,1,4464,-4.020043,1.682455,-0.75,Falling,False,0,1.48864,0
1789903989828,279,479037,1,4464,-4.020043,1.682455,-0.75,Falling,False,0,1.48864,0
1789903989828,279,479037,1,4464,-4.020043,1.682455,-0.75,Falling,False,0,1.48864,0
1789903989828,279,479037,1,4464,-4.020043,1.682455,-0.75,Falling,False,0,1.48864,0
1789903989828,279,479037,1,4464,-4.020043,1.682455,-0.75,Falling,False,0,1.48864,0
1789903989828,279,479037,1,4464,-4.020043,1.682455,-0.75,Falling,False,0,1.48864,0
1789903989828,279,479037,1,4464,-4.020043,1.682455,-0.75,Falling,False,0,1.48864,0
1789903989844,280,480524,1,4480,-4.020043,1.703762,-0.75,Falling,False,0,1.33168,0
1789903989844,280,480524,1,4480,-4.020043,1.703762,-0.75,Falling,False,0,1.33168,0
1789903989844,280,480524,1,4480,-4.020043,1.703762,-0.75,Falling,False,0,1.33168,0
1789903989844,280,480524,1,4480,-4.020043,1.703762,-0.75,Falling,False,0,1.33168,0
1789903989844,280,480524,1,4480,-4.020043,1.703762,-0.75,Falling,False,0,1.33168,0
1789903989844,280,480524,1,4480,-4.020043,1.703762,-0.75,Falling,False,0,1.33168,0
1789903989844,280,480524,1,4480,-4.020043,1.703762,-0.75,Falling,False,0,1.33168,0
1789903989844,280,480524,1,4480,-4.020043,1.703762,-0.75,Falling,False,0,1.33168,0
1789903989860,281,481991,1,4496,-4.020043,1.722558,-0.75,Falling,False,0,1.17472,0
1789903989860,281,481991,1,4496,-4.020043,1.722558,-0.75,Falling,False,0,1.17472,0
1789903989860,281,481991,1,4496,-4.020043,1.722558,-0.75,Falling,False,0,1.17472,0
1789903989860,281,481991,1,4496,-4.020043,1.722558,-0.75,Falling,False,0,1.17472,0
1789903989860,281,481991,1,4496,-4.020043,1.722558,-0.75,Falling,False,0,1.17472,0
1789903989860,281,481991,1,4496,-4.020043,1.722558,-0.75,Falling,False,0,1.17472,0
1789903989860,281,481991,1,4496,-4.020043,1.722558,-0.75,Falling,False,0,1.17472,0
1789903989860,281,481991,1,4496,-4.020043,1.722558,-0.75,Falling,False,0,1.17472,0
1789903989875,282,483492,1,4512,-4.020043,1.738842,-0.75,Falling,False,0,1.01776,0
1789903989875,282,483492,1,4512,-4.020043,1.738842,-0.75,Falling,False,0,1.01776,0
1789903989875,282,483492,1,4512,-4.020043,1.738842,-0.75,Falling,False,0,1.01776,0
1789903989875,282,483492,1,4512,-4.020043,1.738842,-0.75,Falling,False,0,1.01776,0
1789903989875,282,483492,1,4512,-4.020043,1.738842,-0.75,Falling,False,0,1.01776,0
1789903989875,282,483492,1,4512,-4.020043,1.738842,-0.75,Falling,False,0,1.01776,0
1789903989875,282,483492,1,4512,-4.020043,1.738842,-0.75,Falling,False,0,1.01776,0
1789903989875,282,483492,1,4512,-4.020043,1.738842,-0.75,Falling,False,0,1.01776,0
1789903989891,283,484943,1,4528,-4.020043,1.752614,-0.75,Falling,False,0,0.8608,0
1789903989891,283,484943,1,4528,-4.020043,1.752614,-0.75,Falling,False,0,0.8608,0
1789903989891,283,484943,1,4528,-4.020043,1.752614,-0.75,Falling,False,0,0.8608,0
1789903989891,283,484943,1,4528,-4.020043,1.752614,-0.75,Falling,False,0,0.8608,0
1789903989891,283,484943,1,4528,-4.020043,1.752614,-0.75,Falling,False,0,0.8608,0
1789903989891,283,484943,1,4528,-4.020043,1.752614,-0.75,Falling,False,0,0.8608,0
1789903989891,283,484943,1,4528,-4.020043,1.752614,-0.75,Falling,False,0,0.8608,0
1789903989891,283,484943,1,4528,-4.020043,1.752614,-0.75,Falling,False,0,0.8608,0
1789903989907,284,486493,1,4544,-4.020043,1.763876,-0.75,Falling,False,0,0.70384,0
1789903989907,284,486493,1,4544,-4.020043,1.763876,-0.75,Falling,False,0,0.70384,0
1789903989907,284,486493,1,4544,-4.020043,1.763876,-0.75,Falling,False,0,0.70384,0
1789903989907,284,486493,1,4544,-4.020043,1.763876,-0.75,Falling,False,0,0.70384,0
1789903989907,284,486493,1,4544,-4.020043,1.763876,-0.75,Falling,False,0,0.70384,0
1789903989907,284,486493,1,4544,-4.020043,1.763876,-0.75,Falling,False,0,0.70384,0
1789903989907,284,486493,1,4544,-4.020043,1.763876,-0.75,Falling,False,0,0.70384,0
1789903989907,284,486493,1,4544,-4.020043,1.763876,-0.75,Falling,False,0,0.70384,0
1789903989922,285,488008,1,4560,-4.020043,1.772626,-0.75,Falling,False,0,0.54688,0
1789903989922,285,488008,1,4560,-4.020043,1.772626,-0.75,Falling,False,0,0.54688,0
1789903989922,285,488008,1,4560,-4.020043,1.772626,-0.75,Falling,False,0,0.54688,0
1789903989922,285,488008,1,4560,-4.020043,1.772626,-0.75,Falling,False,0,0.54688,0
1789903989922,285,488008,1,4560,-4.020043,1.772626,-0.75,Falling,False,0,0.54688,0
1789903989922,285,488008,1,4560,-4.020043,1.772626,-0.75,Falling,False,0,0.54688,0
1789903989922,285,488008,1,4560,-4.020043,1.772626,-0.75,Falling,False,0,0.54688,0
1789903989922,285,488008,1,4560,-4.020043,1.772626,-0.75,Falling,False,0,0.54688,0
1789903989937,286,489404,1,4576,-4.020043,1.778865,-0.75,Falling,False,0,0.38992,0
1789903989937,286,489404,1,4576,-4.020043,1.778865,-0.75,Falling,False,0,0.38992,0
1789903989937,286,489404,1,4576,-4.020043,1.778865,-0.75,Falling,False,0,0.38992,0
1789903989937,286,489404,1,4576,-4.020043,1.778865,-0.75,Falling,False,0,0.38992,0
1789903989937,286,489404,1,4576,-4.020043,1.778865,-0.75,Falling,False,0,0.38992,0
1789903989937,286,489404,1,4576,-4.020043,1.778865,-0.75,Falling,False,0,0.38992,0
1789903989937,286,489404,1,4576,-4.020043,1.778865,-0.75,Falling,False,0,0.38992,0
1789903989937,286,489404,1,4576,-4.020043,1.778865,-0.75,Falling,False,0,0.38992,0
1789903989953,287,490813,1,4592,-4.020043,1.782592,-0.75,Falling,False,0,0.23296,0
1789903989953,287,490813,1,4592,-4.020043,1.782592,-0.75,Falling,False,0,0.23296,0
1789903989953,287,490813,1,4592,-4.020043,1.782592,-0.75,Falling,False,0,0.23296,0
1789903989953,287,490813,1,4592,-4.020043,1.782592,-0.75,Falling,False,0,0.23296,0
1789903989953,287,490813,1,4592,-4.020043,1.782592,-0.75,Falling,False,0,0.23296,0
1789903989953,287,490813,1,4592,-4.020043,1.782592,-0.75,Falling,False,0,0.23296,0
1789903989953,287,490813,1,4592,-4.020043,1.782592,-0.75,Falling,False,0,0.23296,0
1789903989953,287,490813,1,4592,-4.020043,1.782592,-0.75,Falling,False,0,0.23296,0
1789903989969,288,492324,1,4608,-4.020043,1.783808,-0.75,Falling,False,0,0.076,0
1789903989969,288,492324,1,4608,-4.020043,1.783808,-0.75,Falling,False,0,0.076,0
1789903989969,288,492324,1,4608,-4.020043,1.783808,-0.75,Falling,False,0,0.076,0
1789903989969,288,492324,1,4608,-4.020043,1.783808,-0.75,Falling,False,0,0.076,0
1789903989969,288,492324,1,4608,-4.020043,1.783808,-0.75,Falling,False,0,0.076,0
1789903989969,288,492324,1,4608,-4.020043,1.783808,-0.75,Falling,False,0,0.076,0
1789903989969,288,492324,1,4608,-4.020043,1.783808,-0.75,Falling,False,0,0.076,0
1789903989969,288,492324,1,4608,-4.020043,1.783808,-0.75,Falling,False,0,0.076,0
1789903989984,289,493751,1,4624,-4.020043,1.782513,-0.75,Falling,False,0,-0.08096,0
1789903989984,289,493751,1,4624,-4.020043,1.782513,-0.75,Falling,False,0,-0.08096,0
1789903989984,289,493751,1,4624,-4.020043,1.782513,-0.75,Falling,False,0,-0.08096,0
1789903989984,289,493751,1,4624,-4.020043,1.782513,-0.75,Falling,False,0,-0.08096,0
1789903989984,289,493751,1,4624,-4.020043,1.782513,-0.75,Falling,False,0,-0.08096,0
1789903989984,289,493751,1,4624,-4.020043,1.782513,-0.75,Falling,False,0,-0.08096,0
1789903989984,289,493751,1,4624,-4.020043,1.782513,-0.75,Falling,False,0,-0.08096,0
1789903989984,289,493751,1,4624,-4.020043,1.782513,-0.75,Falling,False,0,-0.08096,0
1789903989999,290,495104,1,4640,-4.020043,1.778706,-0.75,Falling,False,0,-0.23792,0
1789903989999,290,495104,1,4640,-4.020043,1.778706,-0.75,Falling,False,0,-0.23792,0
1789903989999,290,495104,1,4640,-4.020043,1.778706,-0.75,Falling,False,0,-0.23792,0
1789903989999,290,495104,1,4640,-4.020043,1.778706,-0.75,Falling,False,0,-0.23792,0
1789903989999,290,495104,1,4640,-4.020043,1.778706,-0.75,Falling,False,0,-0.23792,0
1789903989999,290,495104,1,4640,-4.020043,1.778706,-0.75,Falling,False,0,-0.23792,0
1789903989999,290,495104,1,4640,-4.020043,1.778706,-0.75,Falling,False,0,-0.23792,0
1789903989999,290,495104,1,4640,-4.020043,1.778706,-0.75,Falling,False,0,-0.23792,0
1789903990014,291,496623,1,4656,-4.020043,1.772388,-0.75,Falling,False,0,-0.39488,0
1789903990014,291,496623,1,4656,-4.020043,1.772388,-0.75,Falling,False,0,-0.39488,0
1789903990014,291,496623,1,4656,-4.020043,1.772388,-0.75,Falling,False,0,-0.39488,0
1789903990014,291,496623,1,4656,-4.020043,1.772388,-0.75,Falling,False,0,-0.39488,0
1789903990014,291,496623,1,4656,-4.020043,1.772388,-0.75,Falling,False,0,-0.39488,0
1789903990014,291,496623,1,4656,-4.020043,1.772388,-0.75,Falling,False,0,-0.39488,0
1789903990014,291,496623,1,4656,-4.020043,1.772388,-0.75,Falling,False,0,-0.39488,0
1789903990014,291,496623,1,4656,-4.020043,1.772388,-0.75,Falling,False,0,-0.39488,0
1789903990029,292,497992,1,4672,-4.020043,1.763559,-0.75,Falling,False,0,-0.55184,0
1789903990029,292,497992,1,4672,-4.020043,1.763559,-0.75,Falling,False,0,-0.55184,0
1789903990029,292,497992,1,4672,-4.020043,1.763559,-0.75,Falling,False,0,-0.55184,0
1789903990029,292,497992,1,4672,-4.020043,1.763559,-0.75,Falling,False,0,-0.55184,0
1789903990030,292,497992,1,4672,-4.020043,1.763559,-0.75,Falling,False,0,-0.55184,0
1789903990030,292,497992,1,4672,-4.020043,1.763559,-0.75,Falling,False,0,-0.55184,0
1789903990030,292,497992,1,4672,-4.020043,1.763559,-0.75,Falling,False,0,-0.55184,0
1789903990030,292,497992,1,4672,-4.020043,1.763559,-0.75,Falling,False,0,-0.55184,0
1789903990045,293,499376,1,4688,-4.020043,1.752218,-0.75,Falling,False,0,-0.7088,0
1789903990045,293,499376,1,4688,-4.020043,1.752218,-0.75,Falling,False,0,-0.7088,0
1789903990045,293,499376,1,4688,-4.020043,1.752218,-0.75,Falling,False,0,-0.7088,0
1789903990045,293,499376,1,4688,-4.020043,1.752218,-0.75,Falling,False,0,-0.7088,0
1789903990045,293,499376,1,4688,-4.020043,1.752218,-0.75,Falling,False,0,-0.7088,0
1789903990045,293,499376,1,4688,-4.020043,1.752218,-0.75,Falling,False,0,-0.7088,0
1789903990045,293,499376,1,4688,-4.020043,1.752218,-0.75,Falling,False,0,-0.7088,0
1789903990045,293,499376,1,4688,-4.020043,1.752218,-0.75,Falling,False,0,-0.7088,0
1789903990060,294,500768,1,4704,-4.020043,1.738366,-0.75,Falling,False,0,-0.86576,0
1789903990060,294,500768,1,4704,-4.020043,1.738366,-0.75,Falling,False,0,-0.86576,0
1789903990060,294,500768,1,4704,-4.020043,1.738366,-0.75,Falling,False,0,-0.86576,0
1789903990060,294,500768,1,4704,-4.020043,1.738366,-0.75,Falling,False,0,-0.86576,0
1789903990060,294,500768,1,4704,-4.020043,1.738366,-0.75,Falling,False,0,-0.86576,0
1789903990061,294,500768,1,4704,-4.020043,1.738366,-0.75,Falling,False,0,-0.86576,0
1789903990061,294,500768,1,4704,-4.020043,1.738366,-0.75,Falling,False,0,-0.86576,0
1789903990061,294,500768,1,4704,-4.020043,1.738366,-0.75,Falling,False,0,-0.86576,0
1789903990076,295,502224,1,4720,-4.020043,1.722002,-0.75,Falling,False,0,-1.02272,0
1789903990076,295,502224,1,4720,-4.020043,1.722002,-0.75,Falling,False,0,-1.02272,0
1789903990076,295,502224,1,4720,-4.020043,1.722002,-0.75,Falling,False,0,-1.02272,0
1789903990076,295,502224,1,4720,-4.020043,1.722002,-0.75,Falling,False,0,-1.02272,0
1789903990076,295,502224,1,4720,-4.020043,1.722002,-0.75,Falling,False,0,-1.02272,0
1789903990076,295,502224,1,4720,-4.020043,1.722002,-0.75,Falling,False,0,-1.02272,0
1789903990076,295,502224,1,4720,-4.020043,1.722002,-0.75,Falling,False,0,-1.02272,0
1789903990076,295,502224,1,4720,-4.020043,1.722002,-0.75,Falling,False,0,-1.02272,0
1789903990091,296,503741,1,4736,-4.020043,1.703127,-0.75,Falling,False,0,-1.17968,0
1789903990091,296,503741,1,4736,-4.020043,1.703127,-0.75,Falling,False,0,-1.17968,0
1789903990091,296,503741,1,4736,-4.020043,1.703127,-0.75,Falling,False,0,-1.17968,0
1789903990091,296,503741,1,4736,-4.020043,1.703127,-0.75,Falling,False,0,-1.17968,0
1789903990091,296,503741,1,4736,-4.020043,1.703127,-0.75,Falling,False,0,-1.17968,0
1789903990091,296,503741,1,4736,-4.020043,1.703127,-0.75,Falling,False,0,-1.17968,0
1789903990091,296,503741,1,4736,-4.020043,1.703127,-0.75,Falling,False,0,-1.17968,0
1789903990091,296,503741,1,4736,-4.020043,1.703127,-0.75,Falling,False,0,-1.17968,0
1789903990107,297,505254,1,4752,-4.020043,1.681741,-0.75,Falling,False,0,-1.33664,0
1789903990107,297,505254,1,4752,-4.020043,1.681741,-0.75,Falling,False,0,-1.33664,0
1789903990107,297,505254,1,4752,-4.020043,1.681741,-0.75,Falling,False,0,-1.33664,0
1789903990107,297,505254,1,4752,-4.020043,1.681741,-0.75,Falling,False,0,-1.33664,0
1789903990107,297,505254,1,4752,-4.020043,1.681741,-0.75,Falling,False,0,-1.33664,0
1789903990107,297,505254,1,4752,-4.020043,1.681741,-0.75,Falling,False,0,-1.33664,0
1789903990107,297,505254,1,4752,-4.020043,1.681741,-0.75,Falling,False,0,-1.33664,0
1789903990107,297,505254,1,4752,-4.020043,1.681741,-0.75,Falling,False,0,-1.33664,0
1789903990122,298,506660,1,4768,-4.020043,1.657843,-0.75,Falling,False,0,-1.4936,0
1789903990122,298,506660,1,4768,-4.020043,1.657843,-0.75,Falling,False,0,-1.4936,0
1789903990122,298,506660,1,4768,-4.020043,1.657843,-0.75,Falling,False,0,-1.4936,0
1789903990122,298,506660,1,4768,-4.020043,1.657843,-0.75,Falling,False,0,-1.4936,0
1789903990122,298,506660,1,4768,-4.020043,1.657843,-0.75,Falling,False,0,-1.4936,0
1789903990122,298,506660,1,4768,-4.020043,1.657843,-0.75,Falling,False,0,-1.4936,0
1789903990122,298,506660,1,4768,-4.020043,1.657843,-0.75,Falling,False,0,-1.4936,0
1789903990122,298,506660,1,4768,-4.020043,1.657843,-0.75,Falling,False,0,-1.4936,0
1789903990137,299,508037,1,4784,-4.020043,1.631434,-0.75,Falling,False,0,-1.65056,0
1789903990137,299,508037,1,4784,-4.020043,1.631434,-0.75,Falling,False,0,-1.65056,0
1789903990137,299,508037,1,4784,-4.020043,1.631434,-0.75,Falling,False,0,-1.65056,0
1789903990137,299,508037,1,4784,-4.020043,1.631434,-0.75,Falling,False,0,-1.65056,0
1789903990137,299,508037,1,4784,-4.020043,1.631434,-0.75,Falling,False,0,-1.65056,0
1789903990137,299,508037,1,4784,-4.020043,1.631434,-0.75,Falling,False,0,-1.65056,0
1789903990137,299,508037,1,4784,-4.020043,1.631434,-0.75,Falling,False,0,-1.65056,0
1789903990137,299,508037,1,4784,-4.020043,1.631434,-0.75,Falling,False,0,-1.65056,0
1789903990153,300,509473,1,4800,-4.020043,1.602514,-0.75,Falling,False,0,-1.80752,0
1789903990153,300,509473,1,4800,-4.020043,1.602514,-0.75,Falling,False,0,-1.80752,0
1789903990153,300,509473,1,4800,-4.020043,1.602514,-0.75,Falling,False,0,-1.80752,0
1789903990153,300,509473,1,4800,-4.020043,1.602514,-0.75,Falling,False,0,-1.80752,0
1789903990153,300,509473,1,4800,-4.020043,1.602514,-0.75,Falling,False,0,-1.80752,0
1789903990153,300,509473,1,4800,-4.020043,1.602514,-0.75,Falling,False,0,-1.80752,0
1789903990153,300,509473,1,4800,-4.020043,1.602514,-0.75,Falling,False,0,-1.80752,0
1789903990153,300,509473,1,4800,-4.020043,1.602514,-0.75,Falling,False,0,-1.80752,0
1789903990184,301,510981,1,4816,-4.020043,1.571082,-0.75,Falling,False,0,-1.96448,0
1789903990184,301,510981,1,4816,-4.020043,1.571082,-0.75,Falling,False,0,-1.96448,0
1789903990184,301,510981,1,4816,-4.020043,1.571082,-0.75,Falling,False,0,-1.96448,0
1789903990184,301,510981,1,4816,-4.020043,1.571082,-0.75,Falling,False,0,-1.96448,0
1789903990184,301,510981,1,4816,-4.020043,1.571082,-0.75,Falling,False,0,-1.96448,0
1789903990184,301,510981,1,4816,-4.020043,1.571082,-0.75,Falling,False,0,-1.96448,0
1789903990184,301,510981,1,4816,-4.020043,1.571082,-0.75,Falling,False,0,-1.96448,0
1789903990184,301,510981,1,4816,-4.020043,1.571082,-0.75,Falling,False,0,-1.96448,0
1789903990199,302,513975,1,4832,-4.020043,1.537139,-0.75,Falling,False,0,-2.12144,0
1789903990199,302,513975,1,4832,-4.020043,1.537139,-0.75,Falling,False,0,-2.12144,0
1789903990199,302,513975,1,4832,-4.020043,1.537139,-0.75,Falling,False,0,-2.12144,0
1789903990199,302,513975,1,4832,-4.020043,1.537139,-0.75,Falling,False,0,-2.12144,0
1789903990199,302,513975,1,4832,-4.020043,1.537139,-0.75,Falling,False,0,-2.12144,0
1789903990199,302,513975,1,4832,-4.020043,1.537139,-0.75,Falling,False,0,-2.12144,0
1789903990199,302,513975,1,4832,-4.020043,1.537139,-0.75,Falling,False,0,-2.12144,0
1789903990199,302,513975,1,4832,-4.020043,1.537139,-0.75,Falling,False,0,-2.12144,0
1789903990214,303,515412,1,4848,-4.020043,1.500685,-0.75,Falling,False,0,-2.2784,0
1789903990214,303,515412,1,4848,-4.020043,1.500685,-0.75,Falling,False,0,-2.2784,0
1789903990214,303,515412,1,4848,-4.020043,1.500685,-0.75,Falling,False,0,-2.2784,0
1789903990214,303,515412,1,4848,-4.020043,1.500685,-0.75,Falling,False,0,-2.2784,0
1789903990214,303,515412,1,4848,-4.020043,1.500685,-0.75,Falling,False,0,-2.2784,0
1789903990214,303,515412,1,4848,-4.020043,1.500685,-0.75,Falling,False,0,-2.2784,0
1789903990214,303,515412,1,4848,-4.020043,1.500685,-0.75,Falling,False,0,-2.2784,0
1789903990214,303,515412,1,4848,-4.020043,1.500685,-0.75,Falling,False,0,-2.2784,0
1789903990229,304,516864,1,4864,-4.020043,1.461719,-0.75,Falling,False,0,-2.43536,0
1789903990229,304,516864,1,4864,-4.020043,1.461719,-0.75,Falling,False,0,-2.43536,0
1789903990229,304,516864,1,4864,-4.020043,1.461719,-0.75,Falling,False,0,-2.43536,0
1789903990229,304,516864,1,4864,-4.020043,1.461719,-0.75,Falling,False,0,-2.43536,0
1789903990229,304,516864,1,4864,-4.020043,1.461719,-0.75,Falling,False,0,-2.43536,0
1789903990229,304,516864,1,4864,-4.020043,1.461719,-0.75,Falling,False,0,-2.43536,0
1789903990229,304,516864,1,4864,-4.020043,1.461719,-0.75,Falling,False,0,-2.43536,0
1789903990229,304,516864,1,4864,-4.020043,1.461719,-0.75,Falling,False,0,-2.43536,0
1789903990245,305,518332,1,4880,-4.020043,1.420242,-0.75,Falling,False,0,-2.59232,0
1789903990245,305,518332,1,4880,-4.020043,1.420242,-0.75,Falling,False,0,-2.59232,0
1789903990245,305,518332,1,4880,-4.020043,1.420242,-0.75,Falling,False,0,-2.59232,0
1789903990245,305,518332,1,4880,-4.020043,1.420242,-0.75,Falling,False,0,-2.59232,0
1789903990245,305,518332,1,4880,-4.020043,1.420242,-0.75,Falling,False,0,-2.59232,0
1789903990245,305,518332,1,4880,-4.020043,1.420242,-0.75,Falling,False,0,-2.59232,0
1789903990245,305,518332,1,4880,-4.020043,1.420242,-0.75,Falling,False,0,-2.59232,0
1789903990245,305,518332,1,4880,-4.020043,1.420242,-0.75,Falling,False,0,-2.59232,0
1789903990261,306,519836,1,4896,-4.020043,1.376253,-0.75,Falling,False,0,-2.74928,0
1789903990261,306,519836,1,4896,-4.020043,1.376253,-0.75,Falling,False,0,-2.74928,0
1789903990261,306,519836,1,4896,-4.020043,1.376253,-0.75,Falling,False,0,-2.74928,0
1789903990261,306,519836,1,4896,-4.020043,1.376253,-0.75,Falling,False,0,-2.74928,0
1789903990261,306,519836,1,4896,-4.020043,1.376253,-0.75,Falling,False,0,-2.74928,0
1789903990261,306,519836,1,4896,-4.020043,1.376253,-0.75,Falling,False,0,-2.74928,0
1789903990261,306,519836,1,4896,-4.020043,1.376253,-0.75,Falling,False,0,-2.74928,0
1789903990261,306,519836,1,4896,-4.020043,1.376253,-0.75,Falling,False,0,-2.74928,0
1789903990276,307,521347,1,4912,-4.020043,1.329754,-0.75,Falling,False,0,-2.90624,0
1789903990276,307,521347,1,4912,-4.020043,1.329754,-0.75,Falling,False,0,-2.90624,0
1789903990276,307,521347,1,4912,-4.020043,1.329754,-0.75,Falling,False,0,-2.90624,0
1789903990276,307,521347,1,4912,-4.020043,1.329754,-0.75,Falling,False,0,-2.90624,0
1789903990276,307,521347,1,4912,-4.020043,1.329754,-0.75,Falling,False,0,-2.90624,0
1789903990276,307,521347,1,4912,-4.020043,1.329754,-0.75,Falling,False,0,-2.90624,0
1789903990276,307,521347,1,4912,-4.020043,1.329754,-0.75,Falling,False,0,-2.90624,0
1789903990276,307,521347,1,4912,-4.020043,1.329754,-0.75,Falling,False,0,-2.90624,0
1789903990291,308,522851,1,4928,-4.020043,1.280742,-0.75,Falling,False,0,-3.0632,0
1789903990291,308,522851,1,4928,-4.020043,1.280742,-0.75,Falling,False,0,-3.0632,0
1789903990291,308,522851,1,4928,-4.020043,1.280742,-0.75,Falling,False,0,-3.0632,0
1789903990291,308,522851,1,4928,-4.020043,1.280742,-0.75,Falling,False,0,-3.0632,0
1789903990291,308,522851,1,4928,-4.020043,1.280742,-0.75,Falling,False,0,-3.0632,0
1789903990291,308,522851,1,4928,-4.020043,1.280742,-0.75,Falling,False,0,-3.0632,0
1789903990291,308,522851,1,4928,-4.020043,1.280742,-0.75,Falling,False,0,-3.0632,0
1789903990291,308,522851,1,4928,-4.020043,1.280742,-0.75,Falling,False,0,-3.0632,0
1789903990307,309,524359,1,4944,-4.020043,1.22922,-0.75,Falling,False,0,-3.22016,0
1789903990307,309,524359,1,4944,-4.020043,1.22922,-0.75,Falling,False,0,-3.22016,0
1789903990307,309,524359,1,4944,-4.020043,1.22922,-0.75,Falling,False,0,-3.22016,0
1789903990307,309,524359,1,4944,-4.020043,1.22922,-0.75,Falling,False,0,-3.22016,0
1789903990307,309,524359,1,4944,-4.020043,1.22922,-0.75,Falling,False,0,-3.22016,0
1789903990307,309,524359,1,4944,-4.020043,1.22922,-0.75,Falling,False,0,-3.22016,0
1789903990307,309,524359,1,4944,-4.020043,1.22922,-0.75,Falling,False,0,-3.22016,0
1789903990307,309,524359,1,4944,-4.020043,1.22922,-0.75,Falling,False,0,-3.22016,0
1789903990322,310,525931,1,4960,-4.020043,1.175186,-0.75,Falling,False,0,-3.37712,0
1789903990322,310,525931,1,4960,-4.020043,1.175186,-0.75,Falling,False,0,-3.37712,0
1789903990322,310,525931,1,4960,-4.020043,1.175186,-0.75,Falling,False,0,-3.37712,0
1789903990322,310,525931,1,4960,-4.020043,1.175186,-0.75,Falling,False,0,-3.37712,0
1789903990322,310,525931,1,4960,-4.020043,1.175186,-0.75,Falling,False,0,-3.37712,0
1789903990322,310,525931,1,4960,-4.020043,1.175186,-0.75,Falling,False,0,-3.37712,0
1789903990322,310,525931,1,4960,-4.020043,1.175186,-0.75,Falling,False,0,-3.37712,0
1789903990322,310,525931,1,4960,-4.020043,1.175186,-0.75,Falling,False,0,-3.37712,0
1789903990338,311,527340,1,4976,-4.020043,1.118641,-0.75,Falling,False,0,-3.534081,0
1789903990338,311,527340,1,4976,-4.020043,1.118641,-0.75,Falling,False,0,-3.534081,0
1789903990338,311,527340,1,4976,-4.020043,1.118641,-0.75,Falling,False,0,-3.534081,0
1789903990338,311,527340,1,4976,-4.020043,1.118641,-0.75,Falling,False,0,-3.534081,0
1789903990338,311,527340,1,4976,-4.020043,1.118641,-0.75,Falling,False,0,-3.534081,0
1789903990338,311,527340,1,4976,-4.020043,1.118641,-0.75,Falling,False,0,-3.534081,0
1789903990338,311,527340,1,4976,-4.020043,1.118641,-0.75,Falling,False,0,-3.534081,0
1789903990338,311,527340,1,4976,-4.020043,1.118641,-0.75,Falling,False,0,-3.534081,0
1789903990354,312,528784,1,4992,-4.020043,1.059584,-0.75,Falling,False,0,-3.691041,0
1789903990354,312,528784,1,4992,-4.020043,1.059584,-0.75,Falling,False,0,-3.691041,0
1789903990354,312,528784,1,4992,-4.020043,1.059584,-0.75,Falling,False,0,-3.691041,0
1789903990354,312,528784,1,4992,-4.020043,1.059584,-0.75,Falling,False,0,-3.691041,0
1789903990354,312,528784,1,4992,-4.020043,1.059584,-0.75,Falling,False,0,-3.691041,0
1789903990354,312,528784,1,4992,-4.020043,1.059584,-0.75,Falling,False,0,-3.691041,0
1789903990354,312,528784,1,4992,-4.020043,1.059584,-0.75,Falling,False,0,-3.691041,0
1789903990354,312,528784,1,4992,-4.020043,1.059584,-0.75,Falling,False,0,-3.691041,0
1789903990369,313,530267,1,5008,-4.020043,1,-0.75,Walking,True,0,0,0
1789903990369,313,530267,1,5008,-4.020043,1,-0.75,Walking,True,0,0,0
1789903990369,313,530267,1,5008,-4.020043,1,-0.75,Walking,True,0,0,0
1789903990369,313,530267,1,5008,-4.020043,1,-0.75,Walking,True,0,0,0
1789903990369,313,530267,1,5008,-4.020043,1,-0.75,Walking,True,0,0,0
1789903990369,313,530267,1,5008,-4.020043,1,-0.75,Walking,True,0,0,0
1789903990369,313,530267,1,5008,-4.020043,1,-0.75,Walking,True,0,0,0
1789903990369,313,530267,1,5008,-4.020043,1,-0.75,Walking,True,0,0,0
1789903990385,314,531634,1,5024,-4.020043,1,-0.75,Walking,True,0,0,0
1789903990385,314,531634,1,5024,-4.020043,1,-0.75,Walking,True,0,0,0
1789903990385,314,531634,1,5024,-4.020043,1,-0.75,Walking,True,0,0,0
1789903990385,314,531634,1,5024,-4.020043,1,-0.75,Walking,True,0,0,0
1789903990385,314,531634,1,5024,-4.020043,1,-0.75,Walking,True,0,0,0
1789903990385,314,531634,1,5024,-4.020043,1,-0.75,Walking,True,0,0,0
1789903990385,314,531634,1,5024,-4.020043,1,-0.75,Walking,True,0,0,0
1789903990385,314,531634,1,5024,-4.020043,1,-0.75,Walking,True,0,0,0
1789903990401,315,533145,1,5040,-4.020043,1,-0.75,Walking,True,0,0,0
1789903990401,315,533145,1,5040,-4.020043,1,-0.75,Walking,True,0,0,0
1789903990401,315,533145,1,5040,-4.020043,1,-0.75,Walking,True,0,0,0
1789903990401,315,533145,1,5040,-4.020043,1,-0.75,Walking,True,0,0,0
1789903990401,315,533145,1,5040,-4.020043,1,-0.75,Walking,True,0,0,0
1789903990401,315,533145,1,5040,-4.020043,1,-0.75,Walking,True,0,0,0
1789903990401,315,533145,1,5040,-4.020043,1,-0.75,Walking,True,0,0,0
1789903990401,315,533145,1,5040,-4.020043,1,-0.75,Walking,True,0,0,0
1789903990416,316,534732,1,5056,-4.020043,1,-0.75,Walking,True,0,0,0
1789903990416,316,534732,1,5056,-4.020043,1,-0.75,Walking,True,0,0,0
1789903990416,316,534732,1,5056,-4.020043,1,-0.75,Walking,True,0,0,0
1789903990416,316,534732,1,5056,-4.020043,1,-0.75,Walking,True,0,0,0
1789903990416,316,534732,1,5056,-4.020043,1,-0.75,Walking,True,0,0,0
1789903990416,316,534732,1,5056,-4.020043,1,-0.75,Walking,True,0,0,0
1789903990416,316,534732,1,5056,-4.020043,1,-0.75,Walking,True,0,0,0
1789903990416,316,534732,1,5056,-4.020043,1,-0.75,Walking,True,0,0,0
1789903990432,317,536259,1,5072,-4.020043,1,-0.75,Walking,True,0,0,0
1789903990432,317,536259,1,5072,-4.020043,1,-0.75,Walking,True,0,0,0
1789903990432,317,536259,1,5072,-4.020043,1,-0.75,Walking,True,0,0,0
1789903990432,317,536259,1,5072,-4.020043,1,-0.75,Walking,True,0,0,0
1789903990432,317,536259,1,5072,-4.020043,1,-0.75,Walking,True,0,0,0
1789903990432,317,536259,1,5072,-4.020043,1,-0.75,Walking,True,0,0,0
1789903990432,317,536259,1,5072,-4.020043,1,-0.75,Walking,True,0,0,0
1789903990432,317,536259,1,5072,-4.020043,1,-0.75,Walking,True,0,0,0
1789903990447,318,537725,1,5088,-4.020043,1,-0.75,Walking,True,0,0,0
1789903990447,318,537725,1,5088,-4.020043,1,-0.75,Walking,True,0,0,0
1789903990447,318,537725,1,5088,-4.020043,1,-0.75,Walking,True,0,0,0
1789903990447,318,537725,1,5088,-4.020043,1,-0.75,Walking,True,0,0,0
1789903990447,318,537725,1,5088,-4.020043,1,-0.75,Walking,True,0,0,0
1789903990447,318,537725,1,5088,-4.020043,1,-0.75,Walking,True,0,0,0
1789903990447,318,537725,1,5088,-4.020043,1,-0.75,Walking,True,0,0,0
1789903990447,318,537725,1,5088,-4.020043,1,-0.75,Walking,True,0,0,0
1789903990463,319,539226,1,5104,-4.020043,1,-0.75,Walking,True,0,0,0
1789903990463,319,539226,1,5104,-4.020043,1,-0.75,Walking,True,0,0,0
1789903990463,319,539226,1,5104,-4.020043,1,-0.75,Walking,True,0,0,0
1789903990463,319,539226,1,5104,-4.020043,1,-0.75,Walking,True,0,0,0
1789903990463,319,539226,1,5104,-4.020043,1,-0.75,Walking,True,0,0,0
1789903990463,319,539226,1,5104,-4.020043,1,-0.75,Walking,True,0,0,0
1789903990463,319,539226,1,5104,-4.020043,1,-0.75,Walking,True,0,0,0
1789903990463,319,539226,1,5104,-4.020043,1,-0.75,Walking,True,0,0,0
1789903990478,320,540677,1,5120,-4.020043,1,-0.75,Walking,True,0,0,0
1789903990478,320,540677,1,5120,-4.020043,1,-0.75,Walking,True,0,0,0
1789903990478,320,540677,1,5120,-4.020043,1,-0.75,Walking,True,0,0,0
1789903990478,320,540677,1,5120,-4.020043,1,-0.75,Walking,True,0,0,0
1789903990478,320,540677,1,5120,-4.020043,1,-0.75,Walking,True,0,0,0
1789903990478,320,540677,1,5120,-4.020043,1,-0.75,Walking,True,0,0,0
1789903990478,320,540677,1,5120,-4.020043,1,-0.75,Walking,True,0,0,0
1789903990478,320,540677,1,5120,-4.020043,1,-0.75,Walking,True,0,0,0
1789903990494,321,542146,1,5136,-4.020043,1,-0.75,Walking,True,0,0,0
1789903990494,321,542146,1,5136,-4.020043,1,-0.75,Walking,True,0,0,0
1789903990494,321,542146,1,5136,-4.020043,1,-0.75,Walking,True,0,0,0
1789903990494,321,542146,1,5136,-4.020043,1,-0.75,Walking,True,0,0,0
1789903990494,321,542146,1,5136,-4.020043,1,-0.75,Walking,True,0,0,0
1789903990494,321,542146,1,5136,-4.020043,1,-0.75,Walking,True,0,0,0
1789903990494,321,542146,1,5136,-4.020043,1,-0.75,Walking,True,0,0,0
1789903990494,321,542146,1,5136,-4.020043,1,-0.75,Walking,True,0,0,0
1789903990510,322,543694,1,5152,-4.020043,1,-0.75,Walking,True,0,0,0
1789903990510,322,543694,1,5152,-4.020043,1,-0.75,Walking,True,0,0,0
1789903990510,322,543694,1,5152,-4.020043,1,-0.75,Walking,True,0,0,0
1789903990510,322,543694,1,5152,-4.020043,1,-0.75,Walking,True,0,0,0
1789903990510,322,543694,1,5152,-4.020043,1,-0.75,Walking,True,0,0,0
1789903990510,322,543694,1,5152,-4.020043,1,-0.75,Walking,True,0,0,0
1789903990510,322,543694,1,5152,-4.020043,1,-0.75,Walking,True,0,0,0
1789903990510,322,543694,1,5152,-4.020043,1,-0.75,Walking,True,0,0,0
1789903990526,323,545079,1,5168,-4.020043,1,-0.75,Walking,True,0,0,0
1789903990526,323,545079,1,5168,-4.020043,1,-0.75,Walking,True,0,0,0
1789903990526,323,545079,1,5168,-4.020043,1,-0.75,Walking,True,0,0,0
1789903990526,323,545079,1,5168,-4.020043,1,-0.75,Walking,True,0,0,0
1789903990526,323,545079,1,5168,-4.020043,1,-0.75,Walking,True,0,0,0
1789903990526,323,545079,1,5168,-4.020043,1,-0.75,Walking,True,0,0,0
1789903990526,323,545079,1,5168,-4.020043,1,-0.75,Walking,True,0,0,0
1789903990526,323,545079,1,5168,-4.020043,1,-0.75,Walking,True,0,0,0
1789903990541,324,546649,1,5184,-4.020043,1,-0.75,Walking,True,0,0,0
1789903990541,324,546649,1,5184,-4.020043,1,-0.75,Walking,True,0,0,0
1789903990541,324,546649,1,5184,-4.020043,1,-0.75,Walking,True,0,0,0
1789903990541,324,546649,1,5184,-4.020043,1,-0.75,Walking,True,0,0,0
1789903990541,324,546649,1,5184,-4.020043,1,-0.75,Walking,True,0,0,0
1789903990541,324,546649,1,5184,-4.020043,1,-0.75,Walking,True,0,0,0
1789903990541,324,546649,1,5184,-4.020043,1,-0.75,Walking,True,0,0,0
1789903990541,324,546649,1,5184,-4.020043,1,-0.75,Walking,True,0,0,0
1789903990556,325,548107,1,5200,-4.020043,1,-0.75,Walking,True,0,0,0
1789903990556,325,548107,1,5200,-4.020043,1,-0.75,Walking,True,0,0,0
1789903990556,325,548107,1,5200,-4.020043,1,-0.75,Walking,True,0,0,0
1789903990556,325,548107,1,5200,-4.020043,1,-0.75,Walking,True,0,0,0
1789903990556,325,548107,1,5200,-4.020043,1,-0.75,Walking,True,0,0,0
1789903990556,325,548107,1,5200,-4.020043,1,-0.75,Walking,True,0,0,0
1789903990556,325,548107,1,5200,-4.020043,1,-0.75,Walking,True,0,0,0
1789903990556,325,548107,1,5200,-4.020043,1,-0.75,Walking,True,0,0,0
1789903990571,326,549532,1,5216,-4.020043,1,-0.75,Walking,True,0,0,0
1789903990571,326,549532,1,5216,-4.020043,1,-0.75,Walking,True,0,0,0
1789903990571,326,549532,1,5216,-4.020043,1,-0.75,Walking,True,0,0,0
1789903990571,326,549532,1,5216,-4.020043,1,-0.75,Walking,True,0,0,0
1789903990571,326,549532,1,5216,-4.020043,1,-0.75,Walking,True,0,0,0
1789903990571,326,549532,1,5216,-4.020043,1,-0.75,Walking,True,0,0,0
1789903990571,326,549532,1,5216,-4.020043,1,-0.75,Walking,True,0,0,0
1789903990571,326,549532,1,5216,-4.020043,1,-0.75,Walking,True,0,0,0
1789903990588,327,551085,1,5232,-4.020043,1,-0.75,Walking,True,0,0,0
1789903990588,327,551085,1,5232,-4.020043,1,-0.75,Walking,True,0,0,0
1789903990588,327,551085,1,5232,-4.020043,1,-0.75,Walking,True,0,0,0
1789903990588,327,551085,1,5232,-4.020043,1,-0.75,Walking,True,0,0,0
1789903990588,327,551085,1,5232,-4.020043,1,-0.75,Walking,True,0,0,0
1789903990588,327,551085,1,5232,-4.020043,1,-0.75,Walking,True,0,0,0
1789903990588,327,551085,1,5232,-4.020043,1,-0.75,Walking,True,0,0,0
1789903990588,327,551085,1,5232,-4.020043,1,-0.75,Walking,True,0,0,0
1789903990604,328,552572,1,5248,-4.020043,1,-0.75,Walking,True,0,0,0
1789903990604,328,552572,1,5248,-4.020043,1,-0.75,Walking,True,0,0,0
1789903990604,328,552572,1,5248,-4.020043,1,-0.75,Walking,True,0,0,0
1789903990604,328,552572,1,5248,-4.020043,1,-0.75,Walking,True,0,0,0
1789903990604,328,552572,1,5248,-4.020043,1,-0.75,Walking,True,0,0,0
1789903990604,328,552572,1,5248,-4.020043,1,-0.75,Walking,True,0,0,0
1789903990604,328,552572,1,5248,-4.020043,1,-0.75,Walking,True,0,0,0
1789903990604,328,552572,1,5248,-4.020043,1,-0.75,Walking,True,0,0,0
1789903990619,329,554031,1,5264,-4.020043,1,-0.75,Walking,True,0,0,0
1789903990619,329,554031,1,5264,-4.020043,1,-0.75,Walking,True,0,0,0
1789903990619,329,554031,1,5264,-4.020043,1,-0.75,Walking,True,0,0,0
1789903990619,329,554031,1,5264,-4.020043,1,-0.75,Walking,True,0,0,0
1789903990619,329,554031,1,5264,-4.020043,1,-0.75,Walking,True,0,0,0
1789903990619,329,554031,1,5264,-4.020043,1,-0.75,Walking,True,0,0,0
1789903990619,329,554031,1,5264,-4.020043,1,-0.75,Walking,True,0,0,0
1789903990619,329,554031,1,5264,-4.020043,1,-0.75,Walking,True,0,0,0
1789903990634,330,555439,1,5280,-4.020043,1,-0.75,Walking,True,0,0,0
1789903990634,330,555439,1,5280,-4.020043,1,-0.75,Walking,True,0,0,0
1789903990634,330,555439,1,5280,-4.020043,1,-0.75,Walking,True,0,0,0
1789903990634,330,555439,1,5280,-4.020043,1,-0.75,Walking,True,0,0,0
1789903990634,330,555439,1,5280,-4.020043,1,-0.75,Walking,True,0,0,0
1789903990634,330,555439,1,5280,-4.020043,1,-0.75,Walking,True,0,0,0
1789903990634,330,555439,1,5280,-4.020043,1,-0.75,Walking,True,0,0,0
1789903990634,330,555439,1,5280,-4.020043,1,-0.75,Walking,True,0,0,0
1789903990650,331,556836,1,5296,-4.020043,1,-0.75,Walking,True,0,0,0
1789903990650,331,556836,1,5296,-4.020043,1,-0.75,Walking,True,0,0,0
1789903990650,331,556836,1,5296,-4.020043,1,-0.75,Walking,True,0,0,0
1789903990650,331,556836,1,5296,-4.020043,1,-0.75,Walking,True,0,0,0
1789903990650,331,556836,1,5296,-4.020043,1,-0.75,Walking,True,0,0,0
1789903990650,331,556836,1,5296,-4.020043,1,-0.75,Walking,True,0,0,0
1789903990650,331,556836,1,5296,-4.020043,1,-0.75,Walking,True,0,0,0
1789903990650,331,556836,1,5296,-4.020043,1,-0.75,Walking,True,0,0,0
1789903990666,332,558294,1,5312,-4.020043,1,-0.75,Walking,True,0,0,0
1789903990666,332,558294,1,5312,-4.020043,1,-0.75,Walking,True,0,0,0
1789903990666,332,558294,1,5312,-4.020043,1,-0.75,Walking,True,0,0,0
1789903990666,332,558294,1,5312,-4.020043,1,-0.75,Walking,True,0,0,0
1789903990666,332,558294,1,5312,-4.020043,1,-0.75,Walking,True,0,0,0
1789903990666,332,558294,1,5312,-4.020043,1,-0.75,Walking,True,0,0,0
1789903990666,332,558294,1,5312,-4.020043,1,-0.75,Walking,True,0,0,0
1789903990666,332,558294,1,5312,-4.020043,1,-0.75,Walking,True,0,0,0
1789903990681,333,559773,1,5328,-4.020043,1,-0.75,Walking,True,0,0,0
1789903990681,333,559773,1,5328,-4.020043,1,-0.75,Walking,True,0,0,0
1789903990681,333,559773,1,5328,-4.020043,1,-0.75,Walking,True,0,0,0
1789903990681,333,559773,1,5328,-4.020043,1,-0.75,Walking,True,0,0,0
1789903990681,333,559773,1,5328,-4.020043,1,-0.75,Walking,True,0,0,0
1789903990681,333,559773,1,5328,-4.020043,1,-0.75,Walking,True,0,0,0
1789903990681,333,559773,1,5328,-4.020043,1,-0.75,Walking,True,0,0,0
1789903990681,333,559773,1,5328,-4.020043,1,-0.75,Walking,True,0,0,0
1789903990713,334,561172,1,5344,-4.020043,1,-0.75,Walking,True,0,0,0
1789903990713,334,561172,1,5344,-4.020043,1,-0.75,Walking,True,0,0,0
1789903990713,334,561172,1,5344,-4.020043,1,-0.75,Walking,True,0,0,0
1789903990713,334,561172,1,5344,-4.020043,1,-0.75,Walking,True,0,0,0
1789903990713,334,561172,1,5344,-4.020043,1,-0.75,Walking,True,0,0,0
1789903990713,334,561172,1,5344,-4.020043,1,-0.75,Walking,True,0,0,0
1789903990713,334,561172,1,5344,-4.020043,1,-0.75,Walking,True,0,0,0
1789903990713,334,561172,1,5344,-4.020043,1,-0.75,Walking,True,0,0,0
1789903990729,336,564206,1,5376,-4.020043,1,-0.75,Walking,True,0,0,0
1789903990729,336,564206,1,5376,-4.020043,1,-0.75,Walking,True,0,0,0
1789903990729,336,564206,1,5376,-4.020043,1,-0.75,Walking,True,0,0,0
1789903990729,336,564206,1,5376,-4.020043,1,-0.75,Walking,True,0,0,0
1789903990729,336,564206,1,5376,-4.020043,1,-0.75,Walking,True,0,0,0
1789903990729,336,564206,1,5376,-4.020043,1,-0.75,Walking,True,0,0,0
1789903990729,336,564206,1,5376,-4.020043,1,-0.75,Walking,True,0,0,0
1789903990729,336,564206,1,5376,-4.020043,1,-0.75,Walking,True,0,0,0
1789903990760,337,565717,1,5392,-4.020043,1,-0.75,Walking,True,0,0,0
1789903990760,337,565717,1,5392,-4.020043,1,-0.75,Walking,True,0,0,0
1789903990760,337,565717,1,5392,-4.020043,1,-0.75,Walking,True,0,0,0
1789903990760,337,565717,1,5392,-4.020043,1,-0.75,Walking,True,0,0,0
1789903990760,337,565717,1,5392,-4.020043,1,-0.75,Walking,True,0,0,0
1789903990760,337,565717,1,5392,-4.020043,1,-0.75,Walking,True,0,0,0
1789903990760,337,565717,1,5392,-4.020043,1,-0.75,Walking,True,0,0,0
1789903990760,337,565717,1,5392,-4.020043,1,-0.75,Walking,True,0,0,0
1789903990776,338,568720,1,5408,-4.020043,1,-0.75,Walking,True,0,0,0
1789903990776,338,568720,1,5408,-4.020043,1,-0.75,Walking,True,0,0,0
1789903990776,338,568720,1,5408,-4.020043,1,-0.75,Walking,True,0,0,0
1789903990776,338,568720,1,5408,-4.020043,1,-0.75,Walking,True,0,0,0
1789903990776,338,568720,1,5408,-4.020043,1,-0.75,Walking,True,0,0,0
1789903990776,338,568720,1,5408,-4.020043,1,-0.75,Walking,True,0,0,0
1789903990776,338,568720,1,5408,-4.020043,1,-0.75,Walking,True,0,0,0
1789903990776,338,568720,1,5408,-4.020043,1,-0.75,Walking,True,0,0,0
1789903990792,339,570270,1,5424,-4.020043,1,-0.75,Walking,True,0,0,0
1789903990792,339,570270,1,5424,-4.020043,1,-0.75,Walking,True,0,0,0
1789903990792,339,570270,1,5424,-4.020043,1,-0.75,Walking,True,0,0,0
1789903990792,339,570270,1,5424,-4.020043,1,-0.75,Walking,True,0,0,0
1789903990792,339,570270,1,5424,-4.020043,1,-0.75,Walking,True,0,0,0
1789903990792,339,570270,1,5424,-4.020043,1,-0.75,Walking,True,0,0,0
1789903990792,339,570270,1,5424,-4.020043,1,-0.75,Walking,True,0,0,0
1789903990792,339,570270,1,5424,-4.020043,1,-0.75,Walking,True,0,0,0
1789903990808,340,571773,1,5440,-4.020043,1,-0.75,Walking,True,0,0,0
1789903990808,340,571773,1,5440,-4.020043,1,-0.75,Walking,True,0,0,0
1789903990808,340,571773,1,5440,-4.020043,1,-0.75,Walking,True,0,0,0
1789903990808,340,571773,1,5440,-4.020043,1,-0.75,Walking,True,0,0,0
1789903990808,340,571773,1,5440,-4.020043,1,-0.75,Walking,True,0,0,0
1789903990808,340,571773,1,5440,-4.020043,1,-0.75,Walking,True,0,0,0
1789903990808,340,571773,1,5440,-4.020043,1,-0.75,Walking,True,0,0,0
1789903990808,340,571773,1,5440,-4.020043,1,-0.75,Walking,True,0,0,0
1789903990824,341,573319,1,5456,-4.020043,1,-0.75,Walking,True,0,0,0
1789903990824,341,573319,1,5456,-4.020043,1,-0.75,Walking,True,0,0,0
1789903990824,341,573319,1,5456,-4.020043,1,-0.75,Walking,True,0,0,0
1789903990824,341,573319,1,5456,-4.020043,1,-0.75,Walking,True,0,0,0
1789903990824,341,573319,1,5456,-4.020043,1,-0.75,Walking,True,0,0,0
1789903990824,341,573319,1,5456,-4.020043,1,-0.75,Walking,True,0,0,0
1789903990824,341,573319,1,5456,-4.020043,1,-0.75,Walking,True,0,0,0
1789903990824,341,573319,1,5456,-4.020043,1,-0.75,Walking,True,0,0,0
1789903990839,342,574785,1,5472,-4.020043,1,-0.75,Walking,True,0,0,0
1789903990839,342,574785,1,5472,-4.020043,1,-0.75,Walking,True,0,0,0
1789903990839,342,574785,1,5472,-4.020043,1,-0.75,Walking,True,0,0,0
1789903990839,342,574785,1,5472,-4.020043,1,-0.75,Walking,True,0,0,0
1789903990839,342,574785,1,5472,-4.020043,1,-0.75,Walking,True,0,0,0
1789903990839,342,574785,1,5472,-4.020043,1,-0.75,Walking,True,0,0,0
1789903990839,342,574785,1,5472,-4.020043,1,-0.75,Walking,True,0,0,0
1789903990839,342,574785,1,5472,-4.020043,1,-0.75,Walking,True,0,0,0
1789903990854,343,576229,1,5488,-4.020043,1,-0.75,Walking,True,0,0,0
1789903990854,343,576229,1,5488,-4.020043,1,-0.75,Walking,True,0,0,0
1789903990854,343,576229,1,5488,-4.020043,1,-0.75,Walking,True,0,0,0
1789903990854,343,576229,1,5488,-4.020043,1,-0.75,Walking,True,0,0,0
1789903990854,343,576229,1,5488,-4.020043,1,-0.75,Walking,True,0,0,0
1789903990854,343,576229,1,5488,-4.020043,1,-0.75,Walking,True,0,0,0
1789903990854,343,576229,1,5488,-4.020043,1,-0.75,Walking,True,0,0,0
1789903990854,343,576229,1,5488,-4.020043,1,-0.75,Walking,True,0,0,0
1789903990870,344,577646,1,5504,-4.020043,1,-0.75,Walking,True,0,0,0
1789903990870,344,577646,1,5504,-4.020043,1,-0.75,Walking,True,0,0,0
1789903990870,344,577646,1,5504,-4.020043,1,-0.75,Walking,True,0,0,0
1789903990870,344,577646,1,5504,-4.020043,1,-0.75,Walking,True,0,0,0
1789903990870,344,577646,1,5504,-4.020043,1,-0.75,Walking,True,0,0,0
1789903990870,344,577646,1,5504,-4.020043,1,-0.75,Walking,True,0,0,0
1789903990870,344,577646,1,5504,-4.020043,1,-0.75,Walking,True,0,0,0
1789903990870,344,577646,1,5504,-4.020043,1,-0.75,Walking,True,0,0,0
1789903990885,345,579139,1,5520,-4.020043,1,-0.75,Walking,True,0,0,0
1789903990885,345,579139,1,5520,-4.020043,1,-0.75,Walking,True,0,0,0
1789903990885,345,579139,1,5520,-4.020043,1,-0.75,Walking,True,0,0,0
1789903990885,345,579139,1,5520,-4.020043,1,-0.75,Walking,True,0,0,0
1789903990885,345,579139,1,5520,-4.020043,1,-0.75,Walking,True,0,0,0
1789903990885,345,579139,1,5520,-4.020043,1,-0.75,Walking,True,0,0,0
1789903990885,345,579139,1,5520,-4.020043,1,-0.75,Walking,True,0,0,0
1789903990885,345,579139,1,5520,-4.020043,1,-0.75,Walking,True,0,0,0
1789903990901,346,580609,1,5536,-4.020043,1,-0.75,Walking,True,0,0,0
1789903990901,346,580609,1,5536,-4.020043,1,-0.75,Walking,True,0,0,0
1789903990901,346,580609,1,5536,-4.020043,1,-0.75,Walking,True,0,0,0
1789903990901,346,580609,1,5536,-4.020043,1,-0.75,Walking,True,0,0,0
1789903990901,346,580609,1,5536,-4.020043,1,-0.75,Walking,True,0,0,0
1789903990901,346,580609,1,5536,-4.020043,1,-0.75,Walking,True,0,0,0
1789903990901,346,580609,1,5536,-4.020043,1,-0.75,Walking,True,0,0,0
1789903990901,346,580609,1,5536,-4.020043,1,-0.75,Walking,True,0,0,0
1789903990916,347,582108,1,5552,-4.020043,1,-0.75,Walking,True,0,0,0
1789903990916,347,582108,1,5552,-4.020043,1,-0.75,Walking,True,0,0,0
1789903990916,347,582108,1,5552,-4.020043,1,-0.75,Walking,True,0,0,0
1789903990916,347,582108,1,5552,-4.020043,1,-0.75,Walking,True,0,0,0
1789903990916,347,582108,1,5552,-4.020043,1,-0.75,Walking,True,0,0,0
1789903990916,347,582108,1,5552,-4.020043,1,-0.75,Walking,True,0,0,0
1789903990916,347,582108,1,5552,-4.020043,1,-0.75,Walking,True,0,0,0
1789903990916,347,582108,1,5552,-4.020043,1,-0.75,Walking,True,0,0,0
1789903990932,348,583593,1,5568,-4.020043,1,-0.75,Walking,True,0,0,0
1789903990932,348,583593,1,5568,-4.020043,1,-0.75,Walking,True,0,0,0
1789903990932,348,583593,1,5568,-4.020043,1,-0.75,Walking,True,0,0,0
1789903990932,348,583593,1,5568,-4.020043,1,-0.75,Walking,True,0,0,0
1789903990933,348,583593,1,5568,-4.020043,1,-0.75,Walking,True,0,0,0
1789903990933,348,583593,1,5568,-4.020043,1,-0.75,Walking,True,0,0,0
1789903990933,348,583593,1,5568,-4.020043,1,-0.75,Walking,True,0,0,0
1789903990933,348,583593,1,5568,-4.020043,1,-0.75,Walking,True,0,0,0
1789903990947,349,585096,1,5584,-4.020043,1,-0.75,Walking,True,0,0,0
1789903990947,349,585096,1,5584,-4.020043,1,-0.75,Walking,True,0,0,0
1789903990947,349,585096,1,5584,-4.020043,1,-0.75,Walking,True,0,0,0
1789903990947,349,585096,1,5584,-4.020043,1,-0.75,Walking,True,0,0,0
1789903990947,349,585096,1,5584,-4.020043,1,-0.75,Walking,True,0,0,0
1789903990947,349,585096,1,5584,-4.020043,1,-0.75,Walking,True,0,0,0
1789903990948,349,585096,1,5584,-4.020043,1,-0.75,Walking,True,0,0,0
1789903990948,349,585096,1,5584,-4.020043,1,-0.75,Walking,True,0,0,0
1789903990963,350,586487,1,5600,-4.020043,1,-0.75,Walking,True,0,0,0
1789903990963,350,586487,1,5600,-4.020043,1,-0.75,Walking,True,0,0,0
1789903990963,350,586487,1,5600,-4.020043,1,-0.75,Walking,True,0,0,0
1789903990963,350,586487,1,5600,-4.020043,1,-0.75,Walking,True,0,0,0
1789903990963,350,586487,1,5600,-4.020043,1,-0.75,Walking,True,0,0,0
1789903990963,350,586487,1,5600,-4.020043,1,-0.75,Walking,True,0,0,0
1789903990963,350,586487,1,5600,-4.020043,1,-0.75,Walking,True,0,0,0
1789903990963,350,586487,1,5600,-4.020043,1,-0.75,Walking,True,0,0,0
1789903990978,351,587982,1,5616,-4.020043,1,-0.75,Walking,True,0,0,0
1789903990978,351,587982,1,5616,-4.020043,1,-0.75,Walking,True,0,0,0
1789903990978,351,587982,1,5616,-4.020043,1,-0.75,Walking,True,0,0,0
1789903990978,351,587982,1,5616,-4.020043,1,-0.75,Walking,True,0,0,0
1789903990978,351,587982,1,5616,-4.020043,1,-0.75,Walking,True,0,0,0
1789903990978,351,587982,1,5616,-4.020043,1,-0.75,Walking,True,0,0,0
1789903990978,351,587982,1,5616,-4.020043,1,-0.75,Walking,True,0,0,0
1789903990978,351,587982,1,5616,-4.020043,1,-0.75,Walking,True,0,0,0
1789903990994,352,589432,1,5632,-4.020043,1,-0.75,Walking,True,0,0,0
1789903990994,352,589432,1,5632,-4.020043,1,-0.75,Walking,True,0,0,0
1789903990994,352,589432,1,5632,-4.020043,1,-0.75,Walking,True,0,0,0
1789903990994,352,589432,1,5632,-4.020043,1,-0.75,Walking,True,0,0,0
1789903990994,352,589432,1,5632,-4.020043,1,-0.75,Walking,True,0,0,0
1789903990994,352,589432,1,5632,-4.020043,1,-0.75,Walking,True,0,0,0
1789903990994,352,589432,1,5632,-4.020043,1,-0.75,Walking,True,0,0,0
1789903990994,352,589432,1,5632,-4.020043,1,-0.75,Walking,True,0,0,0
1789903991010,353,590691,1,5648,-4.020043,1,-0.75,Walking,True,0,0,0
1789903991010,353,590691,1,5648,-4.020043,1,-0.75,Walking,True,0,0,0
1789903991010,353,590691,1,5648,-4.020043,1,-0.75,Walking,True,0,0,0
1789903991010,353,590691,1,5648,-4.020043,1,-0.75,Walking,True,0,0,0
1789903991010,353,590691,1,5648,-4.020043,1,-0.75,Walking,True,0,0,0
1789903991010,353,590691,1,5648,-4.020043,1,-0.75,Walking,True,0,0,0
1789903991010,353,590691,1,5648,-4.020043,1,-0.75,Walking,True,0,0,0
1789903991010,353,590691,1,5648,-4.020043,1,-0.75,Walking,True,0,0,0
1789903991026,354,592205,1,5664,-4.020043,1,-0.75,Walking,True,0,0,0
1789903991026,354,592205,1,5664,-4.020043,1,-0.75,Walking,True,0,0,0
1789903991026,354,592205,1,5664,-4.020043,1,-0.75,Walking,True,0,0,0
1789903991026,354,592205,1,5664,-4.020043,1,-0.75,Walking,True,0,0,0
1789903991026,354,592205,1,5664,-4.020043,1,-0.75,Walking,True,0,0,0
1789903991026,354,592205,1,5664,-4.020043,1,-0.75,Walking,True,0,0,0
1789903991026,354,592205,1,5664,-4.020043,1,-0.75,Walking,True,0,0,0
1789903991026,354,592205,1,5664,-4.020043,1,-0.75,Walking,True,0,0,0
1789903991042,355,593646,1,5680,-4.020043,1,-0.75,Walking,True,0,0,0
1789903991042,355,593646,1,5680,-4.020043,1,-0.75,Walking,True,0,0,0
1789903991042,355,593646,1,5680,-4.020043,1,-0.75,Walking,True,0,0,0
1789903991042,355,593646,1,5680,-4.020043,1,-0.75,Walking,True,0,0,0
1789903991042,355,593646,1,5680,-4.020043,1,-0.75,Walking,True,0,0,0
1789903991042,355,593646,1,5680,-4.020043,1,-0.75,Walking,True,0,0,0
1789903991042,355,593646,1,5680,-4.020043,1,-0.75,Walking,True,0,0,0
1789903991042,355,593646,1,5680,-4.020043,1,-0.75,Walking,True,0,0,0
1789903991056,356,595161,1,5696,-4.020043,1,-0.75,Walking,True,0,0,0
1789903991056,356,595161,1,5696,-4.020043,1,-0.75,Walking,True,0,0,0
1789903991056,356,595161,1,5696,-4.020043,1,-0.75,Walking,True,0,0,0
1789903991056,356,595161,1,5696,-4.020043,1,-0.75,Walking,True,0,0,0
1789903991056,356,595161,1,5696,-4.020043,1,-0.75,Walking,True,0,0,0
1789903991056,356,595161,1,5696,-4.020043,1,-0.75,Walking,True,0,0,0
1789903991056,356,595161,1,5696,-4.020043,1,-0.75,Walking,True,0,0,0
1789903991056,356,595161,1,5696,-4.020043,1,-0.75,Walking,True,0,0,0
1789903991072,357,596565,1,5712,-4.020043,1,-0.75,Walking,True,0,0,0
1789903991072,357,596565,1,5712,-4.020043,1,-0.75,Walking,True,0,0,0
1789903991072,357,596565,1,5712,-4.020043,1,-0.75,Walking,True,0,0,0
1789903991072,357,596565,1,5712,-4.020043,1,-0.75,Walking,True,0,0,0
1789903991072,357,596565,1,5712,-4.020043,1,-0.75,Walking,True,0,0,0
1789903991072,357,596565,1,5712,-4.020043,1,-0.75,Walking,True,0,0,0
1789903991072,357,596565,1,5712,-4.020043,1,-0.75,Walking,True,0,0,0
1789903991072,357,596565,1,5712,-4.020043,1,-0.75,Walking,True,0,0,0
1789903991477,358,653278,1,5728,-4.020043,1,-0.75,Walking,True,0,0,0
1789903991477,358,653278,1,5728,-4.020043,1,-0.75,Walking,True,0,0,0
1789903991477,358,653278,1,5728,-4.020043,1,-0.75,Walking,True,0,0,0
1789903991477,358,653278,1,5728,-4.020043,1,-0.75,Walking,True,0,0,0
1789903991477,358,653278,1,5728,-4.020043,1,-0.75,Walking,True,0,0,0
1789903991477,358,653278,1,5728,-4.020043,1,-0.75,Walking,True,0,0,0
1789903991477,358,653278,1,5728,-4.020043,1,-0.75,Walking,True,0,0,0
1789903991477,358,653278,1,5728,-4.020043,1,-0.75,Walking,True,0,0,0
1789903991492,359,656208,1,5744,-4.020043,1,-0.75,Walking,True,0,0,0
1789903991492,359,656208,1,5744,-4.020043,1,-0.75,Walking,True,0,0,0
1789903991492,359,656208,1,5744,-4.020043,1,-0.75,Walking,True,0,0,0
1789903991492,359,656208,1,5744,-4.020043,1,-0.75,Walking,True,0,0,0
1789903991492,359,656208,1,5744,-4.020043,1,-0.75,Walking,True,0,0,0
1789903991492,359,656208,1,5744,-4.020043,1,-0.75,Walking,True,0,0,0
1789903991492,359,656208,1,5744,-4.020043,1,-0.75,Walking,True,0,0,0
1789903991492,359,656208,1,5744,-4.020043,1,-0.75,Walking,True,0,0,0
1789903991507,360,657622,1,5760,-4.020043,1,-0.75,Walking,True,0,0,0
1789903991507,360,657622,1,5760,-4.020043,1,-0.75,Walking,True,0,0,0
1789903991507,360,657622,1,5760,-4.020043,1,-0.75,Walking,True,0,0,0
1789903991507,360,657622,1,5760,-4.020043,1,-0.75,Walking,True,0,0,0
1789903991507,360,657622,1,5760,-4.020043,1,-0.75,Walking,True,0,0,0
1789903991507,360,657622,1,5760,-4.020043,1,-0.75,Walking,True,0,0,0
1789903991507,360,657622,1,5760,-4.020043,1,-0.75,Walking,True,0,0,0
1789903991507,360,657622,1,5760,-4.020043,1,-0.75,Walking,True,0,0,0
1789903991522,361,658962,1,5776,-4.020043,1,-0.75,Walking,True,0,0,0
1789903991522,361,658962,1,5776,-4.020043,1,-0.75,Walking,True,0,0,0
1789903991522,361,658962,1,5776,-4.020043,1,-0.75,Walking,True,0,0,0
1789903991522,361,658962,1,5776,-4.020043,1,-0.75,Walking,True,0,0,0
1789903991522,361,658962,1,5776,-4.020043,1,-0.75,Walking,True,0,0,0
1789903991522,361,658962,1,5776,-4.020043,1,-0.75,Walking,True,0,0,0
1789903991522,361,658962,1,5776,-4.020043,1,-0.75,Walking,True,0,0,0
1789903991522,361,658962,1,5776,-4.020043,1,-0.75,Walking,True,0,0,0
1789903991538,362,660286,1,5792,-4.020043,1,-0.75,Walking,True,0,0,0
1789903991539,362,660286,1,5792,-4.020043,1,-0.75,Walking,True,0,0,0
1789903991539,362,660286,1,5792,-4.020043,1,-0.75,Walking,True,0,0,0
1789903991539,362,660286,1,5792,-4.020043,1,-0.75,Walking,True,0,0,0
1789903991539,362,660286,1,5792,-4.020043,1,-0.75,Walking,True,0,0,0
1789903991539,362,660286,1,5792,-4.020043,1,-0.75,Walking,True,0,0,0
1789903991539,362,660286,1,5792,-4.020043,1,-0.75,Walking,True,0,0,0
1789903991539,362,660286,1,5792,-4.020043,1,-0.75,Walking,True,0,0,0
1789903991555,363,661688,1,5808,-4.020043,1,-0.75,Walking,True,0,0,0
1789903991555,363,661688,1,5808,-4.020043,1,-0.75,Walking,True,0,0,0
1789903991555,363,661688,1,5808,-4.020043,1,-0.75,Walking,True,0,0,0
1789903991555,363,661688,1,5808,-4.020043,1,-0.75,Walking,True,0,0,0
1789903991555,363,661688,1,5808,-4.020043,1,-0.75,Walking,True,0,0,0
1789903991555,363,661688,1,5808,-4.020043,1,-0.75,Walking,True,0,0,0
1789903991555,363,661688,1,5808,-4.020043,1,-0.75,Walking,True,0,0,0
1789903991555,363,661688,1,5808,-4.020043,1,-0.75,Walking,True,0,0,0
1789903991570,364,663119,1,5824,-4.020043,1,-0.75,Walking,True,0,0,0
1789903991570,364,663119,1,5824,-4.020043,1,-0.75,Walking,True,0,0,0
1789903991570,364,663119,1,5824,-4.020043,1,-0.75,Walking,True,0,0,0
1789903991570,364,663119,1,5824,-4.020043,1,-0.75,Walking,True,0,0,0
1789903991570,364,663119,1,5824,-4.020043,1,-0.75,Walking,True,0,0,0
1789903991570,364,663119,1,5824,-4.020043,1,-0.75,Walking,True,0,0,0
1789903991570,364,663119,1,5824,-4.020043,1,-0.75,Walking,True,0,0,0
1789903991570,364,663119,1,5824,-4.020043,1,-0.75,Walking,True,0,0,0
1789903991585,365,664591,1,5840,-4.020043,1,-0.75,Walking,True,0,0,0
1789903991585,365,664591,1,5840,-4.020043,1,-0.75,Walking,True,0,0,0
1789903991585,365,664591,1,5840,-4.020043,1,-0.75,Walking,True,0,0,0
1789903991585,365,664591,1,5840,-4.020043,1,-0.75,Walking,True,0,0,0
1789903991585,365,664591,1,5840,-4.020043,1,-0.75,Walking,True,0,0,0
1789903991585,365,664591,1,5840,-4.020043,1,-0.75,Walking,True,0,0,0
1789903991585,365,664591,1,5840,-4.020043,1,-0.75,Walking,True,0,0,0
1789903991585,365,664591,1,5840,-4.020043,1,-0.75,Walking,True,0,0,0
1789903991601,366,665979,1,5856,-4.020043,1,-0.75,Walking,True,0,0,0
1789903991601,366,665979,1,5856,-4.020043,1,-0.75,Walking,True,0,0,0
1789903991601,366,665979,1,5856,-4.020043,1,-0.75,Walking,True,0,0,0
1789903991601,366,665979,1,5856,-4.020043,1,-0.75,Walking,True,0,0,0
1789903991601,366,665979,1,5856,-4.020043,1,-0.75,Walking,True,0,0,0
1789903991601,366,665979,1,5856,-4.020043,1,-0.75,Walking,True,0,0,0
1789903991601,366,665979,1,5856,-4.020043,1,-0.75,Walking,True,0,0,0
1789903991601,366,665979,1,5856,-4.020043,1,-0.75,Walking,True,0,0,0
1789903991616,367,667530,1,5872,-4.020043,1,-0.75,Walking,True,0,0,0
1789903991616,367,667530,1,5872,-4.020043,1,-0.75,Walking,True,0,0,0
1789903991616,367,667530,1,5872,-4.020043,1,-0.75,Walking,True,0,0,0
1789903991616,367,667530,1,5872,-4.020043,1,-0.75,Walking,True,0,0,0
1789903991616,367,667530,1,5872,-4.020043,1,-0.75,Walking,True,0,0,0
1789903991616,367,667530,1,5872,-4.020043,1,-0.75,Walking,True,0,0,0
1789903991616,367,667530,1,5872,-4.020043,1,-0.75,Walking,True,0,0,0
1789903991616,367,667530,1,5872,-4.020043,1,-0.75,Walking,True,0,0,0
1789903991632,368,668995,1,5888,-4.020043,1,-0.75,Walking,True,0,0,0
1789903991632,368,668995,1,5888,-4.020043,1,-0.75,Walking,True,0,0,0
1789903991632,368,668995,1,5888,-4.020043,1,-0.75,Walking,True,0,0,0
1789903991632,368,668995,1,5888,-4.020043,1,-0.75,Walking,True,0,0,0
1789903991632,368,668995,1,5888,-4.020043,1,-0.75,Walking,True,0,0,0
1789903991632,368,668995,1,5888,-4.020043,1,-0.75,Walking,True,0,0,0
1789903991632,368,668995,1,5888,-4.020043,1,-0.75,Walking,True,0,0,0
1789903991632,368,668995,1,5888,-4.020043,1,-0.75,Walking,True,0,0,0
1789903991648,369,670478,1,5904,-4.020043,1,-0.75,Walking,True,0,0,0
1789903991648,369,670478,1,5904,-4.020043,1,-0.75,Walking,True,0,0,0
1789903991648,369,670478,1,5904,-4.020043,1,-0.75,Walking,True,0,0,0
1789903991648,369,670478,1,5904,-4.020043,1,-0.75,Walking,True,0,0,0
1789903991648,369,670478,1,5904,-4.020043,1,-0.75,Walking,True,0,0,0
1789903991648,369,670478,1,5904,-4.020043,1,-0.75,Walking,True,0,0,0
1789903991648,369,670478,1,5904,-4.020043,1,-0.75,Walking,True,0,0,0
1789903991648,369,670478,1,5904,-4.020043,1,-0.75,Walking,True,0,0,0
1789903991664,370,672063,1,5920,-4.020043,1,-0.75,Walking,True,0,0,0
1789903991664,370,672063,1,5920,-4.020043,1,-0.75,Walking,True,0,0,0
1789903991664,370,672063,1,5920,-4.020043,1,-0.75,Walking,True,0,0,0
1789903991664,370,672063,1,5920,-4.020043,1,-0.75,Walking,True,0,0,0
1789903991664,370,672063,1,5920,-4.020043,1,-0.75,Walking,True,0,0,0
1789903991664,370,672063,1,5920,-4.020043,1,-0.75,Walking,True,0,0,0
1789903991664,370,672063,1,5920,-4.020043,1,-0.75,Walking,True,0,0,0
1789903991664,370,672063,1,5920,-4.020043,1,-0.75,Walking,True,0,0,0
1789903991679,371,673596,1,5936,-4.020043,1,-0.75,Walking,True,0,0,0
1789903991679,371,673596,1,5936,-4.020043,1,-0.75,Walking,True,0,0,0
1789903991679,371,673596,1,5936,-4.020043,1,-0.75,Walking,True,0,0,0
1789903991679,371,673596,1,5936,-4.020043,1,-0.75,Walking,True,0,0,0
1789903991679,371,673596,1,5936,-4.020043,1,-0.75,Walking,True,0,0,0
1789903991679,371,673596,1,5936,-4.020043,1,-0.75,Walking,True,0,0,0
1789903991679,371,673596,1,5936,-4.020043,1,-0.75,Walking,True,0,0,0
1789903991679,371,673596,1,5936,-4.020043,1,-0.75,Walking,True,0,0,0
1789903991695,372,675038,1,5952,-4.020043,1,-0.75,Walking,True,0,0,0
1789903991695,372,675038,1,5952,-4.020043,1,-0.75,Walking,True,0,0,0
1789903991695,372,675038,1,5952,-4.020043,1,-0.75,Walking,True,0,0,0
1789903991695,372,675038,1,5952,-4.020043,1,-0.75,Walking,True,0,0,0
1789903991695,372,675038,1,5952,-4.020043,1,-0.75,Walking,True,0,0,0
1789903991695,372,675038,1,5952,-4.020043,1,-0.75,Walking,True,0,0,0
1789903991695,372,675038,1,5952,-4.020043,1,-0.75,Walking,True,0,0,0
1789903991695,372,675038,1,5952,-4.020043,1,-0.75,Walking,True,0,0,0
1789903991711,373,676565,1,5968,-4.020043,1,-0.75,Walking,True,0,0,0
1789903991711,373,676565,1,5968,-4.020043,1,-0.75,Walking,True,0,0,0
1789903991711,373,676565,1,5968,-4.020043,1,-0.75,Walking,True,0,0,0
1789903991711,373,676565,1,5968,-4.020043,1,-0.75,Walking,True,0,0,0
1789903991711,373,676565,1,5968,-4.020043,1,-0.75,Walking,True,0,0,0
1789903991711,373,676565,1,5968,-4.020043,1,-0.75,Walking,True,0,0,0
1789903991711,373,676565,1,5968,-4.020043,1,-0.75,Walking,True,0,0,0
1789903991711,373,676565,1,5968,-4.020043,1,-0.75,Walking,True,0,0,0
1789903991727,374,678035,1,5984,-4.020043,1,-0.75,Walking,True,0,0,0
1789903991727,374,678035,1,5984,-4.020043,1,-0.75,Walking,True,0,0,0
1789903991727,374,678035,1,5984,-4.020043,1,-0.75,Walking,True,0,0,0
1789903991727,374,678035,1,5984,-4.020043,1,-0.75,Walking,True,0,0,0
1789903991727,374,678035,1,5984,-4.020043,1,-0.75,Walking,True,0,0,0
1789903991727,374,678035,1,5984,-4.020043,1,-0.75,Walking,True,0,0,0
1789903991727,374,678035,1,5984,-4.020043,1,-0.75,Walking,True,0,0,0
1789903991727,374,678035,1,5984,-4.020043,1,-0.75,Walking,True,0,0,0
1789903991742,375,679520,1,6000,-4.020043,1,-0.75,Walking,True,0,0,0
1789903991742,375,679520,1,6000,-4.020043,1,-0.75,Walking,True,0,0,0
1789903991742,375,679520,1,6000,-4.020043,1,-0.75,Walking,True,0,0,0
1789903991742,375,679520,1,6000,-4.020043,1,-0.75,Walking,True,0,0,0
1789903991742,375,679520,1,6000,-4.020043,1,-0.75,Walking,True,0,0,0
1789903991742,375,679520,1,6000,-4.020043,1,-0.75,Walking,True,0,0,0
1789903991742,375,679520,1,6000,-4.020043,1,-0.75,Walking,True,0,0,0
1789903991742,375,679520,1,6000,-4.020043,1,-0.75,Walking,True,0,0,0
1789903991758,376,680922,1,6016,-4.020043,1,-0.75,Walking,True,0,0,0
1789903991758,376,680922,1,6016,-4.020043,1,-0.75,Walking,True,0,0,0
1789903991758,376,680922,1,6016,-4.020043,1,-0.75,Walking,True,0,0,0
1789903991758,376,680922,1,6016,-4.020043,1,-0.75,Walking,True,0,0,0
1789903991758,376,680922,1,6016,-4.020043,1,-0.75,Walking,True,0,0,0
1789903991758,376,680922,1,6016,-4.020043,1,-0.75,Walking,True,0,0,0
1789903991758,376,680922,1,6016,-4.020043,1,-0.75,Walking,True,0,0,0
1789903991758,376,680922,1,6016,-4.020043,1,-0.75,Walking,True,0,0,0
1789903991774,377,682412,1,6032,-4.020043,1,-0.75,Walking,True,0,0,0
1789903991774,377,682412,1,6032,-4.020043,1,-0.75,Walking,True,0,0,0
1789903991774,377,682412,1,6032,-4.020043,1,-0.75,Walking,True,0,0,0
1789903991774,377,682412,1,6032,-4.020043,1,-0.75,Walking,True,0,0,0
1789903991774,377,682412,1,6032,-4.020043,1,-0.75,Walking,True,0,0,0
1789903991774,377,682412,1,6032,-4.020043,1,-0.75,Walking,True,0,0,0
1789903991774,377,682412,1,6032,-4.020043,1,-0.75,Walking,True,0,0,0
1789903991774,377,682412,1,6032,-4.020043,1,-0.75,Walking,True,0,0,0
1789903991790,378,683761,1,6048,-4.020043,1,-0.75,Walking,True,0,0,0
1789903991790,378,683761,1,6048,-4.020043,1,-0.75,Walking,True,0,0,0
1789903991790,378,683761,1,6048,-4.020043,1,-0.75,Walking,True,0,0,0
1789903991790,378,683761,1,6048,-4.020043,1,-0.75,Walking,True,0,0,0
1789903991790,378,683761,1,6048,-4.020043,1,-0.75,Walking,True,0,0,0
1789903991790,378,683761,1,6048,-4.020043,1,-0.75,Walking,True,0,0,0
1789903991790,378,683761,1,6048,-4.020043,1,-0.75,Walking,True,0,0,0
1789903991790,378,683761,1,6048,-4.020043,1,-0.75,Walking,True,0,0,0
1789903991805,379,685332,1,6064,-4.020043,1,-0.75,Walking,True,0,0,0
1789903991805,379,685332,1,6064,-4.020043,1,-0.75,Walking,True,0,0,0
1789903991805,379,685332,1,6064,-4.020043,1,-0.75,Walking,True,0,0,0
1789903991805,379,685332,1,6064,-4.020043,1,-0.75,Walking,True,0,0,0
1789903991805,379,685332,1,6064,-4.020043,1,-0.75,Walking,True,0,0,0
1789903991805,379,685332,1,6064,-4.020043,1,-0.75,Walking,True,0,0,0
1789903991805,379,685332,1,6064,-4.020043,1,-0.75,Walking,True,0,0,0
1789903991805,379,685332,1,6064,-4.020043,1,-0.75,Walking,True,0,0,0
1789903991820,380,686804,1,6080,-4.020043,1,-0.75,Walking,True,0,0,0
1789903991820,380,686804,1,6080,-4.020043,1,-0.75,Walking,True,0,0,0
1789903991820,380,686804,1,6080,-4.020043,1,-0.75,Walking,True,0,0,0
1789903991820,380,686804,1,6080,-4.020043,1,-0.75,Walking,True,0,0,0
1789903991820,380,686804,1,6080,-4.020043,1,-0.75,Walking,True,0,0,0
1789903991820,380,686804,1,6080,-4.020043,1,-0.75,Walking,True,0,0,0
1789903991820,380,686804,1,6080,-4.020043,1,-0.75,Walking,True,0,0,0
1789903991820,380,686804,1,6080,-4.020043,1,-0.75,Walking,True,0,0,0
1789903991835,381,688344,1,6096,-4.020043,1,-0.75,Walking,True,0,0,0
1789903991835,381,688344,1,6096,-4.020043,1,-0.75,Walking,True,0,0,0
1789903991835,381,688344,1,6096,-4.020043,1,-0.75,Walking,True,0,0,0
1789903991835,381,688344,1,6096,-4.020043,1,-0.75,Walking,True,0,0,0
1789903991835,381,688344,1,6096,-4.020043,1,-0.75,Walking,True,0,0,0
1789903991835,381,688344,1,6096,-4.020043,1,-0.75,Walking,True,0,0,0
1789903991835,381,688344,1,6096,-4.020043,1,-0.75,Walking,True,0,0,0
1789903991835,381,688344,1,6096,-4.020043,1,-0.75,Walking,True,0,0,0
1789903991851,382,689621,1,6112,-4.020043,1,-0.75,Walking,True,0,0,0
1789903991851,382,689621,1,6112,-4.020043,1,-0.75,Walking,True,0,0,0
1789903991851,382,689621,1,6112,-4.020043,1,-0.75,Walking,True,0,0,0
1789903991851,382,689621,1,6112,-4.020043,1,-0.75,Walking,True,0,0,0
1789903991851,382,689621,1,6112,-4.020043,1,-0.75,Walking,True,0,0,0
1789903991851,382,689621,1,6112,-4.020043,1,-0.75,Walking,True,0,0,0
1789903991851,382,689621,1,6112,-4.020043,1,-0.75,Walking,True,0,0,0
1789903991851,382,689621,1,6112,-4.020043,1,-0.75,Walking,True,0,0,0
1789903991867,383,691011,1,6128,-4.020043,1,-0.75,Walking,True,0,0,0
1789903991867,383,691011,1,6128,-4.020043,1,-0.75,Walking,True,0,0,0
1789903991867,383,691011,1,6128,-4.020043,1,-0.75,Walking,True,0,0,0
1789903991867,383,691011,1,6128,-4.020043,1,-0.75,Walking,True,0,0,0
1789903991867,383,691011,1,6128,-4.020043,1,-0.75,Walking,True,0,0,0
1789903991867,383,691011,1,6128,-4.020043,1,-0.75,Walking,True,0,0,0
1789903991867,383,691011,1,6128,-4.020043,1,-0.75,Walking,True,0,0,0
1789903991867,383,691011,1,6128,-4.020043,1,-0.75,Walking,True,0,0,0
1789903991882,384,692408,1,6144,-4.020043,1,-0.75,Walking,True,0,0,0
1789903991882,384,692408,1,6144,-4.020043,1,-0.75,Walking,True,0,0,0
1789903991882,384,692408,1,6144,-4.020043,1,-0.75,Walking,True,0,0,0
1789903991882,384,692408,1,6144,-4.020043,1,-0.75,Walking,True,0,0,0
1789903991882,384,692408,1,6144,-4.020043,1,-0.75,Walking,True,0,0,0
1789903991882,384,692408,1,6144,-4.020043,1,-0.75,Walking,True,0,0,0
1789903991882,384,692408,1,6144,-4.020043,1,-0.75,Walking,True,0,0,0
1789903991882,384,692408,1,6144,-4.020043,1,-0.75,Walking,True,0,0,0
1789903991897,385,693835,1,6160,-4.020043,1,-0.75,Walking,True,0,0,0
1789903991897,385,693835,1,6160,-4.020043,1,-0.75,Walking,True,0,0,0
1789903991897,385,693835,1,6160,-4.020043,1,-0.75,Walking,True,0,0,0
1789903991897,385,693835,1,6160,-4.020043,1,-0.75,Walking,True,0,0,0
1789903991897,385,693835,1,6160,-4.020043,1,-0.75,Walking,True,0,0,0
1789903991897,385,693835,1,6160,-4.020043,1,-0.75,Walking,True,0,0,0
1789903991897,385,693835,1,6160,-4.020043,1,-0.75,Walking,True,0,0,0
1789903991897,385,693835,1,6160,-4.020043,1,-0.75,Walking,True,0,0,0
1789903991912,386,695288,1,6176,-4.020043,1,-0.75,Walking,True,0,0,0
1789903991912,386,695288,1,6176,-4.020043,1,-0.75,Walking,True,0,0,0
1789903991912,386,695288,1,6176,-4.020043,1,-0.75,Walking,True,0,0,0
1789903991912,386,695288,1,6176,-4.020043,1,-0.75,Walking,True,0,0,0
1789903991912,386,695288,1,6176,-4.020043,1,-0.75,Walking,True,0,0,0
1789903991912,386,695288,1,6176,-4.020043,1,-0.75,Walking,True,0,0,0
1789903991912,386,695288,1,6176,-4.020043,1,-0.75,Walking,True,0,0,0
1789903991912,386,695288,1,6176,-4.020043,1,-0.75,Walking,True,0,0,0
1789903991928,387,696802,1,6192,-4.020043,1,-0.75,Walking,True,0,0,0
1789903991928,387,696802,1,6192,-4.020043,1,-0.75,Walking,True,0,0,0
1789903991928,387,696802,1,6192,-4.020043,1,-0.75,Walking,True,0,0,0
1789903991928,387,696802,1,6192,-4.020043,1,-0.75,Walking,True,0,0,0
1789903991928,387,696802,1,6192,-4.020043,1,-0.75,Walking,True,0,0,0
1789903991928,387,696802,1,6192,-4.020043,1,-0.75,Walking,True,0,0,0
1789903991928,387,696802,1,6192,-4.020043,1,-0.75,Walking,True,0,0,0
1789903991928,387,696802,1,6192,-4.020043,1,-0.75,Walking,True,0,0,0
1789903991943,388,698300,1,6208,-4.020043,1,-0.75,Walking,True,0,0,0
1789903991943,388,698300,1,6208,-4.020043,1,-0.75,Walking,True,0,0,0
1789903991943,388,698300,1,6208,-4.020043,1,-0.75,Walking,True,0,0,0
1789903991943,388,698300,1,6208,-4.020043,1,-0.75,Walking,True,0,0,0
1789903991943,388,698300,1,6208,-4.020043,1,-0.75,Walking,True,0,0,0
1789903991943,388,698300,1,6208,-4.020043,1,-0.75,Walking,True,0,0,0
1789903991943,388,698300,1,6208,-4.020043,1,-0.75,Walking,True,0,0,0
1789903991943,388,698300,1,6208,-4.020043,1,-0.75,Walking,True,0,0,0
1789903991960,389,699858,1,6224,-4.020043,1,-0.75,Walking,True,0,0,0
1789903991960,389,699858,1,6224,-4.020043,1,-0.75,Walking,True,0,0,0
1789903991960,389,699858,1,6224,-4.020043,1,-0.75,Walking,True,0,0,0
1789903991960,389,699858,1,6224,-4.020043,1,-0.75,Walking,True,0,0,0
1789903991960,389,699858,1,6224,-4.020043,1,-0.75,Walking,True,0,0,0
1789903991960,389,699858,1,6224,-4.020043,1,-0.75,Walking,True,0,0,0
1789903991960,389,699858,1,6224,-4.020043,1,-0.75,Walking,True,0,0,0
1789903991960,389,699858,1,6224,-4.020043,1,-0.75,Walking,True,0,0,0
1789903991990,390,701488,1,6240,-4.020043,1,-0.75,Walking,True,0,0,0
1789903991990,390,701488,1,6240,-4.020043,1,-0.75,Walking,True,0,0,0
1789903991990,390,701488,1,6240,-4.020043,1,-0.75,Walking,True,0,0,0
1789903991990,390,701488,1,6240,-4.020043,1,-0.75,Walking,True,0,0,0
1789903991990,390,701488,1,6240,-4.020043,1,-0.75,Walking,True,0,0,0
1789903991990,390,701488,1,6240,-4.020043,1,-0.75,Walking,True,0,0,0
1789903991990,390,701488,1,6240,-4.020043,1,-0.75,Walking,True,0,0,0
1789903991990,390,701488,1,6240,-4.020043,1,-0.75,Walking,True,0,0,0
1789903992006,391,704527,1,6256,-4.020043,1,-0.75,Walking,True,0,0,0
1789903992006,391,704527,1,6256,-4.020043,1,-0.75,Walking,True,0,0,0
1789903992006,391,704527,1,6256,-4.020043,1,-0.75,Walking,True,0,0,0
1789903992006,391,704527,1,6256,-4.020043,1,-0.75,Walking,True,0,0,0
1789903992006,391,704527,1,6256,-4.020043,1,-0.75,Walking,True,0,0,0
1789903992006,391,704527,1,6256,-4.020043,1,-0.75,Walking,True,0,0,0
1789903992006,391,704527,1,6256,-4.020043,1,-0.75,Walking,True,0,0,0
1789903992006,391,704527,1,6256,-4.020043,1,-0.75,Walking,True,0,0,0
1789903992021,392,706021,1,6272,-4.020043,1,-0.75,Walking,True,0,0,0
1789903992021,392,706021,1,6272,-4.020043,1,-0.75,Walking,True,0,0,0
1789903992021,392,706021,1,6272,-4.020043,1,-0.75,Walking,True,0,0,0
1789903992021,392,706021,1,6272,-4.020043,1,-0.75,Walking,True,0,0,0
1789903992021,392,706021,1,6272,-4.020043,1,-0.75,Walking,True,0,0,0
1789903992021,392,706021,1,6272,-4.020043,1,-0.75,Walking,True,0,0,0
1789903992021,392,706021,1,6272,-4.020043,1,-0.75,Walking,True,0,0,0
1789903992021,392,706021,1,6272,-4.020043,1,-0.75,Walking,True,0,0,0
1789903992037,393,707562,1,6288,-4.020043,1,-0.75,Walking,True,0,0,0
1789903992037,393,707562,1,6288,-4.020043,1,-0.75,Walking,True,0,0,0
1789903992037,393,707562,1,6288,-4.020043,1,-0.75,Walking,True,0,0,0
1789903992037,393,707562,1,6288,-4.020043,1,-0.75,Walking,True,0,0,0
1789903992037,393,707562,1,6288,-4.020043,1,-0.75,Walking,True,0,0,0
1789903992037,393,707562,1,6288,-4.020043,1,-0.75,Walking,True,0,0,0
1789903992037,393,707562,1,6288,-4.020043,1,-0.75,Walking,True,0,0,0
1789903992037,393,707562,1,6288,-4.020043,1,-0.75,Walking,True,0,0,0
1789903992052,394,709085,1,6304,-4.020043,1,-0.75,Walking,True,0,0,0
1789903992052,394,709085,1,6304,-4.020043,1,-0.75,Walking,True,0,0,0
1789903992052,394,709085,1,6304,-4.020043,1,-0.75,Walking,True,0,0,0
1789903992052,394,709085,1,6304,-4.020043,1,-0.75,Walking,True,0,0,0
1789903992052,394,709085,1,6304,-4.020043,1,-0.75,Walking,True,0,0,0
1789903992052,394,709085,1,6304,-4.020043,1,-0.75,Walking,True,0,0,0
1789903992052,394,709085,1,6304,-4.020043,1,-0.75,Walking,True,0,0,0
1789903992052,394,709085,1,6304,-4.020043,1,-0.75,Walking,True,0,0,0
1789903992366,394,748195,2,6304,-4.020043,1,-0.75,Walking,True,0,0,0
1789903992366,394,748195,2,6304,-4.020043,1,-0.75,Walking,True,0,0,0
1789903992366,394,748195,2,6304,-4.020043,1,-0.75,Walking,True,0,0,0
1789903992366,394,748195,2,6304,-4.020043,1,-0.75,Walking,True,0,0,0
1789903992366,394,748195,2,6304,-4.020043,1,-0.75,Walking,True,0,0,0
1789903992366,394,748195,2,6304,-4.020043,1,-0.75,Walking,True,0,0,0
1789903992366,394,748195,2,6304,-4.020043,1,-0.75,Walking,True,0,0,0
1789903992366,394,748195,2,6304,-4.020043,1,-0.75,Walking,True,0,0,0

